<gpx xmlns:ns3="http://www.garmin.com/xmlschemas/TrackPointExtension/v1" xmlns="http://www.topografix.com/GPX/1/1" xmlns:xsi="http://www.w3.org/2001/XMLSchema-instance" xmlns:ns2="http://www.garmin.com/xmlschemas/GpxExtensions/v3" creator="Garmin Connect" version="1.1" xsi:schemaLocation="http://www.topografix.com/GPX/1/1 http://www.topografix.com/GPX/11.xsd">
  <extensions>
<distance>4010.95</distance>
<average_hr>133.0</average_hr>
<average_speed>2.552999973297119</average_speed>
<start_time>2026-08-01T11:41:38+00:00</start_time>
<end_time>2026-08-01T12:07:49.174000+00:00</end_time>
<moving_time>1508.756</moving_time>
<elapsed_time>1571.174</elapsed_time>
</extensions>
<metadata>
    <link href="connect.garmin.com">
      <text>Garmin Connect</text>
    </link>
    <time>2026-08-01T11:41:38.000Z</time>
  </metadata>
  <trk>
    <name>虹口区 跑步</name>
    <type>running</type>
    <trkseg>
      <trkpt lat="31.25880357809364795684814453125" lon="121.50902769528329372406005859375">
        <ele>7.400000095367431640625</ele>
        <time>2026-08-01T11:41:38.000Z</time>
        <extensions>
          <ns3:TrackPointExtension>
            <ns3:hr>83</ns3:hr>
            <ns3:cad>55</ns3:cad>
          </ns3:TrackPointExtension>
        </extensions>
      </trkpt>
      <trkpt lat="31.2588086910545825958251953125" lon="121.50902870111167430877685546875">
        <ele>7.400000095367431640625</ele>
        <time>2026-08-01T11:41:39.000Z</time>
        <extensions>
          <ns3:TrackPointExtension>
            <ns3:hr>83</ns3:hr>
            <ns3:cad>55</ns3:cad>
          </ns3:TrackPointExtension>
        </extensions>
      </trkpt>
      <trkpt lat="31.25883190892636775970458984375" lon="121.50926037691533565521240234375">
        <ele>8</ele>
        <time>2026-08-01T11:41:47.000Z</time>
        <extensions>
          <ns3:TrackPointExtension>
            <ns3:hr>83</ns3:hr>
            <ns3:cad>57</ns3:cad>
          </ns3:TrackPointExtension>
        </extensions>
      </trkpt>
      <trkpt lat="31.258788406848907470703125" lon="121.509496159851551055908203125">
        <ele>9.6000003814697265625</ele>
        <time>2026-08-01T11:41:55.000Z</time>
        <extensions>
          <ns3:TrackPointExtension>
            <ns3:hr>84</ns3:hr>
            <ns3:cad>56</ns3:cad>
          </ns3:TrackPointExtension>
        </extensions>
      </trkpt>
      <trkpt lat="31.25878597609698772430419921875" lon="121.509521305561065673828125">
        <ele>9.6000003814697265625</ele>
        <time>2026-08-01T11:41:56.000Z</time>
        <extensions>
          <ns3:TrackPointExtension>
            <ns3:hr>84</ns3:hr>
            <ns3:cad>56</ns3:cad>
          </ns3:TrackPointExtension>
        </extensions>
      </trkpt>
      <trkpt lat="31.25877943821251392364501953125" lon="121.5095536597073078155517578125">
        <ele>9.80000019073486328125</ele>
        <time>2026-08-01T11:41:58.000Z</time>
        <extensions>
          <ns3:TrackPointExtension>
            <ns3:hr>84</ns3:hr>
            <ns3:cad>56</ns3:cad>
          </ns3:TrackPointExtension>
        </extensions>
      </trkpt>
      <trkpt lat="31.2587602436542510986328125" lon="121.509612165391445159912109375">
        <ele>10.19999980926513671875</ele>
        <time>2026-08-01T11:42:02.000Z</time>
        <extensions>
          <ns3:TrackPointExtension>
            <ns3:hr>84</ns3:hr>
            <ns3:cad>57</ns3:cad>
          </ns3:TrackPointExtension>
        </extensions>
      </trkpt>
      <trkpt lat="31.25874524004757404327392578125" lon="121.509781815111637115478515625">
        <ele>10.3999996185302734375</ele>
        <time>2026-08-01T11:42:12.000Z</time>
        <extensions>
          <ns3:TrackPointExtension>
            <ns3:hr>85</ns3:hr>
            <ns3:cad>57</ns3:cad>
          </ns3:TrackPointExtension>
        </extensions>
      </trkpt>
      <trkpt lat="31.258743144571781158447265625" lon="121.50998138822615146636962890625">
        <ele>9.3999996185302734375</ele>
        <time>2026-08-01T11:42:24.000Z</time>
        <extensions>
          <ns3:TrackPointExtension>
            <ns3:hr>84</ns3:hr>
            <ns3:cad>57</ns3:cad>
          </ns3:TrackPointExtension>
        </extensions>
      </trkpt>
      <trkpt lat="31.2588408775627613067626953125" lon="121.51013125665485858917236328125">
        <ele>8.80000019073486328125</ele>
        <time>2026-08-01T11:42:33.000Z</time>
        <extensions>
          <ns3:TrackPointExtension>
            <ns3:hr>85</ns3:hr>
            <ns3:cad>55</ns3:cad>
          </ns3:TrackPointExtension>
        </extensions>
      </trkpt>
      <trkpt lat="31.258818916976451873779296875" lon="121.51028414256870746612548828125">
        <ele>8.80000019073486328125</ele>
        <time>2026-08-01T11:42:40.000Z</time>
        <extensions>
          <ns3:TrackPointExtension>
            <ns3:hr>87</ns3:hr>
            <ns3:cad>0</ns3:cad>
          </ns3:TrackPointExtension>
        </extensions>
      </trkpt>
      <trkpt lat="31.25885856337845325469970703125" lon="121.51037667877972126007080078125">
        <ele>9.19999980926513671875</ele>
        <time>2026-08-01T11:42:48.000Z</time>
        <extensions>
          <ns3:TrackPointExtension>
            <ns3:hr>88</ns3:hr>
            <ns3:cad>0</ns3:cad>
          </ns3:TrackPointExtension>
        </extensions>
      </trkpt>
      <trkpt lat="31.258926875889301300048828125" lon="121.5104646049439907073974609375">
        <ele>10.19999980926513671875</ele>
        <time>2026-08-01T11:42:53.000Z</time>
        <extensions>
          <ns3:TrackPointExtension>
            <ns3:hr>91</ns3:hr>
            <ns3:cad>82</ns3:cad>
          </ns3:TrackPointExtension>
        </extensions>
      </trkpt>
      <trkpt lat="31.258986555039882659912109375" lon="121.51054121553897857666015625">
        <ele>11</ele>
        <time>2026-08-01T11:42:56.000Z</time>
        <extensions>
          <ns3:TrackPointExtension>
            <ns3:hr>93</ns3:hr>
            <ns3:cad>81</ns3:cad>
          </ns3:TrackPointExtension>
        </extensions>
      </trkpt>
      <trkpt lat="31.2590145505964756011962890625" lon="121.51055328547954559326171875">
        <ele>11.19999980926513671875</ele>
        <time>2026-08-01T11:42:57.000Z</time>
        <extensions>
          <ns3:TrackPointExtension>
            <ns3:hr>93</ns3:hr>
            <ns3:cad>81</ns3:cad>
          </ns3:TrackPointExtension>
        </extensions>
      </trkpt>
      <trkpt lat="31.259092502295970916748046875" lon="121.51055018417537212371826171875">
        <ele>11.3999996185302734375</ele>
        <time>2026-08-01T11:43:00.000Z</time>
        <extensions>
          <ns3:TrackPointExtension>
            <ns3:hr>94</ns3:hr>
            <ns3:cad>82</ns3:cad>
          </ns3:TrackPointExtension>
        </extensions>
      </trkpt>
      <trkpt lat="31.25907984562218189239501953125" lon="121.51055705733597278594970703125">
        <ele>11.3999996185302734375</ele>
        <time>2026-08-01T11:43:04.000Z</time>
        <extensions>
          <ns3:TrackPointExtension>
            <ns3:hr>97</ns3:hr>
            <ns3:cad>83</ns3:cad>
          </ns3:TrackPointExtension>
        </extensions>
      </trkpt>
      <trkpt lat="31.25905117951333522796630859375" lon="121.5105856396257877349853515625">
        <ele>11.3999996185302734375</ele>
        <time>2026-08-01T11:43:05.000Z</time>
        <extensions>
          <ns3:TrackPointExtension>
            <ns3:hr>97</ns3:hr>
            <ns3:cad>82</ns3:cad>
          </ns3:TrackPointExtension>
        </extensions>
      </trkpt>
      <trkpt lat="31.2590284645557403564453125" lon="121.5105980448424816131591796875">
        <ele>11.3999996185302734375</ele>
        <time>2026-08-01T11:43:06.000Z</time>
        <extensions>
          <ns3:TrackPointExtension>
            <ns3:hr>99</ns3:hr>
            <ns3:cad>82</ns3:cad>
          </ns3:TrackPointExtension>
        </extensions>
      </trkpt>
      <trkpt lat="31.25898160971701145172119140625" lon="121.51063819415867328643798828125">
        <ele>11.3999996185302734375</ele>
        <time>2026-08-01T11:43:08.000Z</time>
        <extensions>
          <ns3:TrackPointExtension>
            <ns3:hr>102</ns3:hr>
            <ns3:cad>82</ns3:cad>
          </ns3:TrackPointExtension>
        </extensions>
      </trkpt>
      <trkpt lat="31.2589599005877971649169921875" lon="121.510691754519939422607421875">
        <ele>11.6000003814697265625</ele>
        <time>2026-08-01T11:43:10.000Z</time>
        <extensions>
          <ns3:TrackPointExtension>
            <ns3:hr>104</ns3:hr>
            <ns3:cad>82</ns3:cad>
          </ns3:TrackPointExtension>
        </extensions>
      </trkpt>
      <trkpt lat="31.25895629636943340301513671875" lon="121.51072687469422817230224609375">
        <ele>11.80000019073486328125</ele>
        <time>2026-08-01T11:43:12.000Z</time>
        <extensions>
          <ns3:TrackPointExtension>
            <ns3:hr>105</ns3:hr>
            <ns3:cad>82</ns3:cad>
          </ns3:TrackPointExtension>
        </extensions>
      </trkpt>
      <trkpt lat="31.25895914621651172637939453125" lon="121.51073307730257511138916015625">
        <ele>11.80000019073486328125</ele>
        <time>2026-08-01T11:43:13.000Z</time>
        <extensions>
          <ns3:TrackPointExtension>
            <ns3:hr>105</ns3:hr>
            <ns3:cad>82</ns3:cad>
          </ns3:TrackPointExtension>
        </extensions>
      </trkpt>
      <trkpt lat="31.25893986783921718597412109375" lon="121.5107403695583343505859375">
        <ele>11.80000019073486328125</ele>
        <time>2026-08-01T11:43:16.000Z</time>
        <extensions>
          <ns3:TrackPointExtension>
            <ns3:hr>105</ns3:hr>
            <ns3:cad>83</ns3:cad>
          </ns3:TrackPointExtension>
        </extensions>
      </trkpt>
      <trkpt lat="31.25892410986125469207763671875" lon="121.51073274202644824981689453125">
        <ele>11.6000003814697265625</ele>
        <time>2026-08-01T11:43:19.000Z</time>
        <extensions>
          <ns3:TrackPointExtension>
            <ns3:hr>105</ns3:hr>
            <ns3:cad>82</ns3:cad>
          </ns3:TrackPointExtension>
        </extensions>
      </trkpt>
      <trkpt lat="31.25892318785190582275390625" lon="121.51073760353028774261474609375">
        <ele>11.6000003814697265625</ele>
        <time>2026-08-01T11:43:20.000Z</time>
        <extensions>
          <ns3:TrackPointExtension>
            <ns3:hr>105</ns3:hr>
            <ns3:cad>82</ns3:cad>
          </ns3:TrackPointExtension>
        </extensions>
      </trkpt>
      <trkpt lat="31.2589052505791187286376953125" lon="121.5107747353613376617431640625">
        <ele>11.80000019073486328125</ele>
        <time>2026-08-01T11:43:24.000Z</time>
        <extensions>
          <ns3:TrackPointExtension>
            <ns3:hr>108</ns3:hr>
            <ns3:cad>82</ns3:cad>
          </ns3:TrackPointExtension>
        </extensions>
      </trkpt>
      <trkpt lat="31.25889628194272518157958984375" lon="121.51079577393829822540283203125">
        <ele>11.80000019073486328125</ele>
        <time>2026-08-01T11:43:25.000Z</time>
        <extensions>
          <ns3:TrackPointExtension>
            <ns3:hr>108</ns3:hr>
            <ns3:cad>82</ns3:cad>
          </ns3:TrackPointExtension>
        </extensions>
      </trkpt>
      <trkpt lat="31.25884003937244415283203125" lon="121.5109098516404628753662109375">
        <ele>12</ele>
        <time>2026-08-01T11:43:30.000Z</time>
        <extensions>
          <ns3:TrackPointExtension>
            <ns3:hr>110</ns3:hr>
            <ns3:cad>81</ns3:cad>
          </ns3:TrackPointExtension>
        </extensions>
      </trkpt>
      <trkpt lat="31.2588264606893062591552734375" lon="121.51092938147485256195068359375">
        <ele>12.19999980926513671875</ele>
        <time>2026-08-01T11:43:31.000Z</time>
        <extensions>
          <ns3:TrackPointExtension>
            <ns3:hr>110</ns3:hr>
            <ns3:cad>81</ns3:cad>
          </ns3:TrackPointExtension>
        </extensions>
      </trkpt>
      <trkpt lat="31.258828975260257720947265625" lon="121.510939188301563262939453125">
        <ele>12.19999980926513671875</ele>
        <time>2026-08-01T11:43:33.000Z</time>
        <extensions>
          <ns3:TrackPointExtension>
            <ns3:hr>110</ns3:hr>
            <ns3:cad>81</ns3:cad>
          </ns3:TrackPointExtension>
        </extensions>
      </trkpt>
      <trkpt lat="31.2588355131447315216064453125" lon="121.51097564958035945892333984375">
        <ele>12.3999996185302734375</ele>
        <time>2026-08-01T11:43:34.000Z</time>
        <extensions>
          <ns3:TrackPointExtension>
            <ns3:hr>110</ns3:hr>
            <ns3:cad>81</ns3:cad>
          </ns3:TrackPointExtension>
        </extensions>
      </trkpt>
      <trkpt lat="31.25886945985257625579833984375" lon="121.511053852736949920654296875">
        <ele>13.19999980926513671875</ele>
        <time>2026-08-01T11:43:36.000Z</time>
        <extensions>
          <ns3:TrackPointExtension>
            <ns3:hr>110</ns3:hr>
            <ns3:cad>81</ns3:cad>
          </ns3:TrackPointExtension>
        </extensions>
      </trkpt>
      <trkpt lat="31.25888974405825138092041015625" lon="121.5111227519810199737548828125">
        <ele>13.6000003814697265625</ele>
        <time>2026-08-01T11:43:38.000Z</time>
        <extensions>
          <ns3:TrackPointExtension>
            <ns3:hr>111</ns3:hr>
            <ns3:cad>81</ns3:cad>
          </ns3:TrackPointExtension>
        </extensions>
      </trkpt>
      <trkpt lat="31.25889359973371028900146484375" lon="121.51115267537534236907958984375">
        <ele>13.80000019073486328125</ele>
        <time>2026-08-01T11:43:39.000Z</time>
        <extensions>
          <ns3:TrackPointExtension>
            <ns3:hr>112</ns3:hr>
            <ns3:cad>80</ns3:cad>
          </ns3:TrackPointExtension>
        </extensions>
      </trkpt>
      <trkpt lat="31.2588945217430591583251953125" lon="121.51120640337467193603515625">
        <ele>14</ele>
        <time>2026-08-01T11:43:43.000Z</time>
        <extensions>
          <ns3:TrackPointExtension>
            <ns3:hr>115</ns3:hr>
            <ns3:cad>0</ns3:cad>
          </ns3:TrackPointExtension>
        </extensions>
      </trkpt>
      <trkpt lat="31.25892394222319126129150390625" lon="121.5112565271556377410888671875">
        <ele>14.19999980926513671875</ele>
        <time>2026-08-01T11:43:48.000Z</time>
        <extensions>
          <ns3:TrackPointExtension>
            <ns3:hr>115</ns3:hr>
            <ns3:cad>55</ns3:cad>
          </ns3:TrackPointExtension>
        </extensions>
      </trkpt>
      <trkpt lat="31.2589667737483978271484375" lon="121.51136959902942180633544921875">
        <ele>14.3999996185302734375</ele>
        <time>2026-08-01T11:43:52.000Z</time>
        <extensions>
          <ns3:TrackPointExtension>
            <ns3:hr>116</ns3:hr>
            <ns3:cad>0</ns3:cad>
          </ns3:TrackPointExtension>
        </extensions>
      </trkpt>
      <trkpt lat="31.25896635465323925018310546875" lon="121.51138418354094028472900390625">
        <ele>14.3999996185302734375</ele>
        <time>2026-08-01T11:43:53.000Z</time>
        <extensions>
          <ns3:TrackPointExtension>
            <ns3:hr>115</ns3:hr>
            <ns3:cad>0</ns3:cad>
          </ns3:TrackPointExtension>
        </extensions>
      </trkpt>
      <trkpt lat="31.25898378901183605194091796875" lon="121.5115530788898468017578125">
        <ele>15</ele>
        <time>2026-08-01T11:43:56.000Z</time>
        <extensions>
          <ns3:TrackPointExtension>
            <ns3:hr>114</ns3:hr>
            <ns3:cad>84</ns3:cad>
          </ns3:TrackPointExtension>
        </extensions>
      </trkpt>
      <trkpt lat="31.25901312567293643951416015625" lon="121.51169129647314548492431640625">
        <ele>14.6000003814697265625</ele>
        <time>2026-08-01T11:43:59.000Z</time>
        <extensions>
          <ns3:TrackPointExtension>
            <ns3:hr>114</ns3:hr>
            <ns3:cad>84</ns3:cad>
          </ns3:TrackPointExtension>
        </extensions>
      </trkpt>
      <trkpt lat="31.25906140543520450592041015625" lon="121.51175952516496181488037109375">
        <ele>14.3999996185302734375</ele>
        <time>2026-08-01T11:44:01.000Z</time>
        <extensions>
          <ns3:TrackPointExtension>
            <ns3:hr>113</ns3:hr>
            <ns3:cad>83</ns3:cad>
          </ns3:TrackPointExtension>
        </extensions>
      </trkpt>
      <trkpt lat="31.2590842880308628082275390625" lon="121.51183831505477428436279296875">
        <ele>14</ele>
        <time>2026-08-01T11:44:06.000Z</time>
        <extensions>
          <ns3:TrackPointExtension>
            <ns3:hr>110</ns3:hr>
            <ns3:cad>55</ns3:cad>
          </ns3:TrackPointExtension>
        </extensions>
      </trkpt>
      <trkpt lat="31.25908051617443561553955078125" lon="121.51185826398432254791259765625">
        <ele>13.80000019073486328125</ele>
        <time>2026-08-01T11:44:07.000Z</time>
        <extensions>
          <ns3:TrackPointExtension>
            <ns3:hr>109</ns3:hr>
            <ns3:cad>54</ns3:cad>
          </ns3:TrackPointExtension>
        </extensions>
      </trkpt>
      <trkpt lat="31.2590754032135009765625" lon="121.511877290904521942138671875">
        <ele>13.6000003814697265625</ele>
        <time>2026-08-01T11:44:08.000Z</time>
        <extensions>
          <ns3:TrackPointExtension>
            <ns3:hr>109</ns3:hr>
            <ns3:cad>54</ns3:cad>
          </ns3:TrackPointExtension>
        </extensions>
      </trkpt>
      <trkpt lat="31.259067356586456298828125" lon="121.5119954757392406463623046875">
        <ele>12.80000019073486328125</ele>
        <time>2026-08-01T11:44:12.000Z</time>
        <extensions>
          <ns3:TrackPointExtension>
            <ns3:hr>107</ns3:hr>
            <ns3:cad>82</ns3:cad>
          </ns3:TrackPointExtension>
        </extensions>
      </trkpt>
      <trkpt lat="31.2589428015053272247314453125" lon="121.512169651687145233154296875">
        <ele>9</ele>
        <time>2026-08-01T11:44:18.000Z</time>
        <extensions>
          <ns3:TrackPointExtension>
            <ns3:hr>105</ns3:hr>
            <ns3:cad>82</ns3:cad>
          </ns3:TrackPointExtension>
        </extensions>
      </trkpt>
      <trkpt lat="31.258908100426197052001953125" lon="121.51220695115625858306884765625">
        <ele>8.3999996185302734375</ele>
        <time>2026-08-01T11:44:19.000Z</time>
        <extensions>
          <ns3:TrackPointExtension>
            <ns3:hr>105</ns3:hr>
            <ns3:cad>82</ns3:cad>
          </ns3:TrackPointExtension>
        </extensions>
      </trkpt>
      <trkpt lat="31.258759237825870513916015625" lon="121.512319855391979217529296875">
        <ele>6.80000019073486328125</ele>
        <time>2026-08-01T11:44:25.000Z</time>
        <extensions>
          <ns3:TrackPointExtension>
            <ns3:hr>105</ns3:hr>
            <ns3:cad>83</ns3:cad>
          </ns3:TrackPointExtension>
        </extensions>
      </trkpt>
      <trkpt lat="31.25867231748998165130615234375" lon="121.5123968012630939483642578125">
        <ele>6.19999980926513671875</ele>
        <time>2026-08-01T11:44:29.000Z</time>
        <extensions>
          <ns3:TrackPointExtension>
            <ns3:hr>108</ns3:hr>
            <ns3:cad>84</ns3:cad>
          </ns3:TrackPointExtension>
        </extensions>
      </trkpt>
      <trkpt lat="31.25854725949466228485107421875" lon="121.51247701607644557952880859375">
        <ele>5.80000019073486328125</ele>
        <time>2026-08-01T11:44:35.000Z</time>
        <extensions>
          <ns3:TrackPointExtension>
            <ns3:hr>111</ns3:hr>
            <ns3:cad>84</ns3:cad>
          </ns3:TrackPointExtension>
        </extensions>
      </trkpt>
      <trkpt lat="31.25853016041219234466552734375" lon="121.51250132359564304351806640625">
        <ele>5.80000019073486328125</ele>
        <time>2026-08-01T11:44:36.000Z</time>
        <extensions>
          <ns3:TrackPointExtension>
            <ns3:hr>112</ns3:hr>
            <ns3:cad>84</ns3:cad>
          </ns3:TrackPointExtension>
        </extensions>
      </trkpt>
      <trkpt lat="31.25840057618916034698486328125" lon="121.51264683343470096588134765625">
        <ele>7.19999980926513671875</ele>
        <time>2026-08-01T11:44:42.000Z</time>
        <extensions>
          <ns3:TrackPointExtension>
            <ns3:hr>115</ns3:hr>
            <ns3:cad>84</ns3:cad>
          </ns3:TrackPointExtension>
        </extensions>
      </trkpt>
      <trkpt lat="31.258382387459278106689453125" lon="121.51266577653586864471435546875">
        <ele>7.400000095367431640625</ele>
        <time>2026-08-01T11:44:43.000Z</time>
        <extensions>
          <ns3:TrackPointExtension>
            <ns3:hr>116</ns3:hr>
            <ns3:cad>83</ns3:cad>
          </ns3:TrackPointExtension>
        </extensions>
      </trkpt>
      <trkpt lat="31.2582957185804843902587890625" lon="121.51282570324838161468505859375">
        <ele>8</ele>
        <time>2026-08-01T11:44:50.000Z</time>
        <extensions>
          <ns3:TrackPointExtension>
            <ns3:hr>118</ns3:hr>
            <ns3:cad>82</ns3:cad>
          </ns3:TrackPointExtension>
        </extensions>
      </trkpt>
      <trkpt lat="31.2583044357597827911376953125" lon="121.51284598745405673980712890625">
        <ele>8</ele>
        <time>2026-08-01T11:44:51.000Z</time>
        <extensions>
          <ns3:TrackPointExtension>
            <ns3:hr>118</ns3:hr>
            <ns3:cad>83</ns3:cad>
          </ns3:TrackPointExtension>
        </extensions>
      </trkpt>
      <trkpt lat="31.2583503685891628265380859375" lon="121.5129684470593929290771484375">
        <ele>7.80000019073486328125</ele>
        <time>2026-08-01T11:44:55.000Z</time>
        <extensions>
          <ns3:TrackPointExtension>
            <ns3:hr>118</ns3:hr>
            <ns3:cad>82</ns3:cad>
          </ns3:TrackPointExtension>
        </extensions>
      </trkpt>
      <trkpt lat="31.25853301025927066802978515625" lon="121.51309543289244174957275390625">
        <ele>6.400000095367431640625</ele>
        <time>2026-08-01T11:45:02.000Z</time>
        <extensions>
          <ns3:TrackPointExtension>
            <ns3:hr>119</ns3:hr>
            <ns3:cad>81</ns3:cad>
          </ns3:TrackPointExtension>
        </extensions>
      </trkpt>
      <trkpt lat="31.25865454785525798797607421875" lon="121.5132199041545391082763671875">
        <ele>6.19999980926513671875</ele>
        <time>2026-08-01T11:45:09.000Z</time>
        <extensions>
          <ns3:TrackPointExtension>
            <ns3:hr>122</ns3:hr>
            <ns3:cad>80</ns3:cad>
          </ns3:TrackPointExtension>
        </extensions>
      </trkpt>
      <trkpt lat="31.2586638517677783966064453125" lon="121.5132473967969417572021484375">
        <ele>6.19999980926513671875</ele>
        <time>2026-08-01T11:45:10.000Z</time>
        <extensions>
          <ns3:TrackPointExtension>
            <ns3:hr>122</ns3:hr>
            <ns3:cad>81</ns3:cad>
          </ns3:TrackPointExtension>
        </extensions>
      </trkpt>
      <trkpt lat="31.2587389536201953887939453125" lon="121.513361893594264984130859375">
        <ele>6.400000095367431640625</ele>
        <time>2026-08-01T11:45:15.000Z</time>
        <extensions>
          <ns3:TrackPointExtension>
            <ns3:hr>125</ns3:hr>
            <ns3:cad>82</ns3:cad>
          </ns3:TrackPointExtension>
        </extensions>
      </trkpt>
      <trkpt lat="31.258819587528705596923828125" lon="121.51346624828875064849853515625">
        <ele>6.19999980926513671875</ele>
        <time>2026-08-01T11:45:20.000Z</time>
        <extensions>
          <ns3:TrackPointExtension>
            <ns3:hr>127</ns3:hr>
            <ns3:cad>82</ns3:cad>
          </ns3:TrackPointExtension>
        </extensions>
      </trkpt>
      <trkpt lat="31.25891983509063720703125" lon="121.51366733014583587646484375">
        <ele>6.19999980926513671875</ele>
        <time>2026-08-01T11:45:28.000Z</time>
        <extensions>
          <ns3:TrackPointExtension>
            <ns3:hr>129</ns3:hr>
            <ns3:cad>83</ns3:cad>
          </ns3:TrackPointExtension>
        </extensions>
      </trkpt>
      <trkpt lat="31.2589989602565765380859375" lon="121.51383622549474239349365234375">
        <ele>7.599999904632568359375</ele>
        <time>2026-08-01T11:45:35.000Z</time>
        <extensions>
          <ns3:TrackPointExtension>
            <ns3:hr>130</ns3:hr>
            <ns3:cad>83</ns3:cad>
          </ns3:TrackPointExtension>
        </extensions>
      </trkpt>
      <trkpt lat="31.25910230912268161773681640625" lon="121.51399782858788967132568359375">
        <ele>8.6000003814697265625</ele>
        <time>2026-08-01T11:45:42.000Z</time>
        <extensions>
          <ns3:TrackPointExtension>
            <ns3:hr>130</ns3:hr>
            <ns3:cad>81</ns3:cad>
          </ns3:TrackPointExtension>
        </extensions>
      </trkpt>
      <trkpt lat="31.2591867148876190185546875" lon="121.51411735452711582183837890625">
        <ele>8.6000003814697265625</ele>
        <time>2026-08-01T11:45:48.000Z</time>
        <extensions>
          <ns3:TrackPointExtension>
            <ns3:hr>130</ns3:hr>
            <ns3:cad>82</ns3:cad>
          </ns3:TrackPointExtension>
        </extensions>
      </trkpt>
      <trkpt lat="31.2593270279467105865478515625" lon="121.51417368091642856597900390625">
        <ele>8.80000019073486328125</ele>
        <time>2026-08-01T11:45:53.000Z</time>
        <extensions>
          <ns3:TrackPointExtension>
            <ns3:hr>130</ns3:hr>
            <ns3:cad>81</ns3:cad>
          </ns3:TrackPointExtension>
        </extensions>
      </trkpt>
      <trkpt lat="31.25944579951465129852294921875" lon="121.51433394290506839752197265625">
        <ele>9.3999996185302734375</ele>
        <time>2026-08-01T11:46:01.000Z</time>
        <extensions>
          <ns3:TrackPointExtension>
            <ns3:hr>130</ns3:hr>
            <ns3:cad>82</ns3:cad>
          </ns3:TrackPointExtension>
        </extensions>
      </trkpt>
      <trkpt lat="31.25940523110330104827880859375" lon="121.51455036364495754241943359375">
        <ele>10.19999980926513671875</ele>
        <time>2026-08-01T11:46:07.000Z</time>
        <extensions>
          <ns3:TrackPointExtension>
            <ns3:hr>131</ns3:hr>
            <ns3:cad>82</ns3:cad>
          </ns3:TrackPointExtension>
        </extensions>
      </trkpt>
      <trkpt lat="31.25941336154937744140625" lon="121.51461373083293437957763671875">
        <ele>10.6000003814697265625</ele>
        <time>2026-08-01T11:46:09.000Z</time>
        <extensions>
          <ns3:TrackPointExtension>
            <ns3:hr>131</ns3:hr>
            <ns3:cad>82</ns3:cad>
          </ns3:TrackPointExtension>
        </extensions>
      </trkpt>
      <trkpt lat="31.2594772316515445709228515625" lon="121.51476611383259296417236328125">
        <ele>11.6000003814697265625</ele>
        <time>2026-08-01T11:46:15.000Z</time>
        <extensions>
          <ns3:TrackPointExtension>
            <ns3:hr>132</ns3:hr>
            <ns3:cad>82</ns3:cad>
          </ns3:TrackPointExtension>
        </extensions>
      </trkpt>
      <trkpt lat="31.25963305123150348663330078125" lon="121.51480718515813350677490234375">
        <ele>11.19999980926513671875</ele>
        <time>2026-08-01T11:46:20.000Z</time>
        <extensions>
          <ns3:TrackPointExtension>
            <ns3:hr>133</ns3:hr>
            <ns3:cad>81</ns3:cad>
          </ns3:TrackPointExtension>
        </extensions>
      </trkpt>
      <trkpt lat="31.259759031236171722412109375" lon="121.5149599872529506683349609375">
        <ele>11.19999980926513671875</ele>
        <time>2026-08-01T11:46:28.000Z</time>
        <extensions>
          <ns3:TrackPointExtension>
            <ns3:hr>133</ns3:hr>
            <ns3:cad>83</ns3:cad>
          </ns3:TrackPointExtension>
        </extensions>
      </trkpt>
      <trkpt lat="31.2598413415253162384033203125" lon="121.5150940977036952972412109375">
        <ele>11.6000003814697265625</ele>
        <time>2026-08-01T11:46:34.000Z</time>
        <extensions>
          <ns3:TrackPointExtension>
            <ns3:hr>132</ns3:hr>
            <ns3:cad>83</ns3:cad>
          </ns3:TrackPointExtension>
        </extensions>
      </trkpt>
      <trkpt lat="31.259909570217132568359375" lon="121.51529082097113132476806640625">
        <ele>12.3999996185302734375</ele>
        <time>2026-08-01T11:46:41.000Z</time>
        <extensions>
          <ns3:TrackPointExtension>
            <ns3:hr>131</ns3:hr>
            <ns3:cad>83</ns3:cad>
          </ns3:TrackPointExtension>
        </extensions>
      </trkpt>
      <trkpt lat="31.2599529884755611419677734375" lon="121.51550841517746448516845703125">
        <ele>13.19999980926513671875</ele>
        <time>2026-08-01T11:46:48.000Z</time>
        <extensions>
          <ns3:TrackPointExtension>
            <ns3:hr>133</ns3:hr>
            <ns3:cad>83</ns3:cad>
          </ns3:TrackPointExtension>
        </extensions>
      </trkpt>
      <trkpt lat="31.2599643878638744354248046875" lon="121.51567161083221435546875">
        <ele>13.3999996185302734375</ele>
        <time>2026-08-01T11:46:54.000Z</time>
        <extensions>
          <ns3:TrackPointExtension>
            <ns3:hr>133</ns3:hr>
            <ns3:cad>83</ns3:cad>
          </ns3:TrackPointExtension>
        </extensions>
      </trkpt>
      <trkpt lat="31.259952820837497711181640625" lon="121.5157609619200229644775390625">
        <ele>12.80000019073486328125</ele>
        <time>2026-08-01T11:47:00.000Z</time>
        <extensions>
          <ns3:TrackPointExtension>
            <ns3:hr>133</ns3:hr>
            <ns3:cad>79</ns3:cad>
          </ns3:TrackPointExtension>
        </extensions>
      </trkpt>
      <trkpt lat="31.260016523301601409912109375" lon="121.515885181725025177001953125">
        <ele>12</ele>
        <time>2026-08-01T11:47:05.000Z</time>
        <extensions>
          <ns3:TrackPointExtension>
            <ns3:hr>131</ns3:hr>
            <ns3:cad>82</ns3:cad>
          </ns3:TrackPointExtension>
        </extensions>
      </trkpt>
      <trkpt lat="31.26011668704450130462646484375" lon="121.5160452760756015777587890625">
        <ele>11</ele>
        <time>2026-08-01T11:47:12.000Z</time>
        <extensions>
          <ns3:TrackPointExtension>
            <ns3:hr>129</ns3:hr>
            <ns3:cad>84</ns3:cad>
          </ns3:TrackPointExtension>
        </extensions>
      </trkpt>
      <trkpt lat="31.26023872755467891693115234375" lon="121.51620562188327312469482421875">
        <ele>10</ele>
        <time>2026-08-01T11:47:19.000Z</time>
        <extensions>
          <ns3:TrackPointExtension>
            <ns3:hr>129</ns3:hr>
            <ns3:cad>84</ns3:cad>
          </ns3:TrackPointExtension>
        </extensions>
      </trkpt>
      <trkpt lat="31.2603051960468292236328125" lon="121.516353227198123931884765625">
        <ele>10.3999996185302734375</ele>
        <time>2026-08-01T11:47:24.000Z</time>
        <extensions>
          <ns3:TrackPointExtension>
            <ns3:hr>130</ns3:hr>
            <ns3:cad>84</ns3:cad>
          </ns3:TrackPointExtension>
        </extensions>
      </trkpt>
      <trkpt lat="31.26038893125951290130615234375" lon="121.51656118221580982208251953125">
        <ele>11</ele>
        <time>2026-08-01T11:47:32.000Z</time>
        <extensions>
          <ns3:TrackPointExtension>
            <ns3:hr>132</ns3:hr>
            <ns3:cad>83</ns3:cad>
          </ns3:TrackPointExtension>
        </extensions>
      </trkpt>
      <trkpt lat="31.26038205809891223907470703125" lon="121.51677039451897144317626953125">
        <ele>11.6000003814697265625</ele>
        <time>2026-08-01T11:47:39.000Z</time>
        <extensions>
          <ns3:TrackPointExtension>
            <ns3:hr>133</ns3:hr>
            <ns3:cad>82</ns3:cad>
          </ns3:TrackPointExtension>
        </extensions>
      </trkpt>
      <trkpt lat="31.260217688977718353271484375" lon="121.51692998595535755157470703125">
        <ele>11.6000003814697265625</ele>
        <time>2026-08-01T11:47:45.000Z</time>
        <extensions>
          <ns3:TrackPointExtension>
            <ns3:hr>134</ns3:hr>
            <ns3:cad>84</ns3:cad>
          </ns3:TrackPointExtension>
        </extensions>
      </trkpt>
      <trkpt lat="31.26006639562547206878662109375" lon="121.51708044111728668212890625">
        <ele>11.6000003814697265625</ele>
        <time>2026-08-01T11:47:51.000Z</time>
        <extensions>
          <ns3:TrackPointExtension>
            <ns3:hr>134</ns3:hr>
            <ns3:cad>83</ns3:cad>
          </ns3:TrackPointExtension>
        </extensions>
      </trkpt>
      <trkpt lat="31.25999447889626026153564453125" lon="121.51712545193731784820556640625">
        <ele>11.19999980926513671875</ele>
        <time>2026-08-01T11:47:54.000Z</time>
        <extensions>
          <ns3:TrackPointExtension>
            <ns3:hr>134</ns3:hr>
            <ns3:cad>82</ns3:cad>
          </ns3:TrackPointExtension>
        </extensions>
      </trkpt>
      <trkpt lat="31.2598161958158016204833984375" lon="121.51722720824182033538818359375">
        <ele>9.80000019073486328125</ele>
        <time>2026-08-01T11:48:01.000Z</time>
        <extensions>
          <ns3:TrackPointExtension>
            <ns3:hr>134</ns3:hr>
            <ns3:cad>83</ns3:cad>
          </ns3:TrackPointExtension>
        </extensions>
      </trkpt>
      <trkpt lat="31.259663812816143035888671875" lon="121.51734371669590473175048828125">
        <ele>8.19999980926513671875</ele>
        <time>2026-08-01T11:48:08.000Z</time>
        <extensions>
          <ns3:TrackPointExtension>
            <ns3:hr>136</ns3:hr>
            <ns3:cad>83</ns3:cad>
          </ns3:TrackPointExtension>
        </extensions>
      </trkpt>
      <trkpt lat="31.2596029601991176605224609375" lon="121.51739685796201229095458984375">
        <ele>7.400000095367431640625</ele>
        <time>2026-08-01T11:48:11.000Z</time>
        <extensions>
          <ns3:TrackPointExtension>
            <ns3:hr>136</ns3:hr>
            <ns3:cad>84</ns3:cad>
          </ns3:TrackPointExtension>
        </extensions>
      </trkpt>
      <trkpt lat="31.25951084308326244354248046875" lon="121.5174718759953975677490234375">
        <ele>6.599999904632568359375</ele>
        <time>2026-08-01T11:48:15.000Z</time>
        <extensions>
          <ns3:TrackPointExtension>
            <ns3:hr>137</ns3:hr>
            <ns3:cad>84</ns3:cad>
          </ns3:TrackPointExtension>
        </extensions>
      </trkpt>
      <trkpt lat="31.25937622971832752227783203125" lon="121.51751630008220672607421875">
        <ele>6</ele>
        <time>2026-08-01T11:48:20.000Z</time>
        <extensions>
          <ns3:TrackPointExtension>
            <ns3:hr>138</ns3:hr>
            <ns3:cad>83</ns3:cad>
          </ns3:TrackPointExtension>
        </extensions>
      </trkpt>
      <trkpt lat="31.25927849672734737396240234375" lon="121.51739216409623622894287109375">
        <ele>6</ele>
        <time>2026-08-01T11:48:24.000Z</time>
        <extensions>
          <ns3:TrackPointExtension>
            <ns3:hr>138</ns3:hr>
            <ns3:cad>84</ns3:cad>
          </ns3:TrackPointExtension>
        </extensions>
      </trkpt>
      <trkpt lat="31.2591872178018093109130859375" lon="121.5172016434371471405029296875">
        <ele>6.400000095367431640625</ele>
        <time>2026-08-01T11:48:30.000Z</time>
        <extensions>
          <ns3:TrackPointExtension>
            <ns3:hr>137</ns3:hr>
            <ns3:cad>82</ns3:cad>
          </ns3:TrackPointExtension>
        </extensions>
      </trkpt>
      <trkpt lat="31.2590896524488925933837890625" lon="121.5170246176421642303466796875">
        <ele>6.80000019073486328125</ele>
        <time>2026-08-01T11:48:37.000Z</time>
        <extensions>
          <ns3:TrackPointExtension>
            <ns3:hr>137</ns3:hr>
            <ns3:cad>83</ns3:cad>
          </ns3:TrackPointExtension>
        </extensions>
      </trkpt>
      <trkpt lat="31.25906073488295078277587890625" lon="121.5169749967753887176513671875">
        <ele>6.599999904632568359375</ele>
        <time>2026-08-01T11:48:39.000Z</time>
        <extensions>
          <ns3:TrackPointExtension>
            <ns3:hr>137</ns3:hr>
            <ns3:cad>83</ns3:cad>
          </ns3:TrackPointExtension>
        </extensions>
      </trkpt>
      <trkpt lat="31.25904615037143230438232421875" lon="121.51694926433265209197998046875">
        <ele>6.599999904632568359375</ele>
        <time>2026-08-01T11:48:40.000Z</time>
        <extensions>
          <ns3:TrackPointExtension>
            <ns3:hr>137</ns3:hr>
            <ns3:cad>83</ns3:cad>
          </ns3:TrackPointExtension>
        </extensions>
      </trkpt>
      <trkpt lat="31.2589384429156780242919921875" lon="121.51676218025386333465576171875">
        <ele>6.19999980926513671875</ele>
        <time>2026-08-01T11:48:47.000Z</time>
        <extensions>
          <ns3:TrackPointExtension>
            <ns3:hr>139</ns3:hr>
            <ns3:cad>83</ns3:cad>
          </ns3:TrackPointExtension>
        </extensions>
      </trkpt>
      <trkpt lat="31.2589126266539096832275390625" lon="121.51671658270061016082763671875">
        <ele>5.599999904632568359375</ele>
        <time>2026-08-01T11:48:49.000Z</time>
        <extensions>
          <ns3:TrackPointExtension>
            <ns3:hr>139</ns3:hr>
            <ns3:cad>83</ns3:cad>
          </ns3:TrackPointExtension>
        </extensions>
      </trkpt>
      <trkpt lat="31.2588968686759471893310546875" lon="121.51669696904718875885009765625">
        <ele>5.400000095367431640625</ele>
        <time>2026-08-01T11:48:50.000Z</time>
        <extensions>
          <ns3:TrackPointExtension>
            <ns3:hr>139</ns3:hr>
            <ns3:cad>83</ns3:cad>
          </ns3:TrackPointExtension>
        </extensions>
      </trkpt>
      <trkpt lat="31.258755885064601898193359375" lon="121.51654626242816448211669921875">
        <ele>4</ele>
        <time>2026-08-01T11:48:57.000Z</time>
        <extensions>
          <ns3:TrackPointExtension>
            <ns3:hr>140</ns3:hr>
            <ns3:cad>83</ns3:cad>
          </ns3:TrackPointExtension>
        </extensions>
      </trkpt>
      <trkpt lat="31.2587010674178600311279296875" lon="121.516481302678585052490234375">
        <ele>3.599999904632568359375</ele>
        <time>2026-08-01T11:49:00.000Z</time>
        <extensions>
          <ns3:TrackPointExtension>
            <ns3:hr>140</ns3:hr>
            <ns3:cad>84</ns3:cad>
          </ns3:TrackPointExtension>
        </extensions>
      </trkpt>
      <trkpt lat="31.25869394280016422271728515625" lon="121.51641164906322956085205078125">
        <ele>3.400000095367431640625</ele>
        <time>2026-08-01T11:49:02.000Z</time>
        <extensions>
          <ns3:TrackPointExtension>
            <ns3:hr>140</ns3:hr>
            <ns3:cad>84</ns3:cad>
          </ns3:TrackPointExtension>
        </extensions>
      </trkpt>
      <trkpt lat="31.25869880430400371551513671875" lon="121.5163795463740825653076171875">
        <ele>3.400000095367431640625</ele>
        <time>2026-08-01T11:49:03.000Z</time>
        <extensions>
          <ns3:TrackPointExtension>
            <ns3:hr>140</ns3:hr>
            <ns3:cad>84</ns3:cad>
          </ns3:TrackPointExtension>
        </extensions>
      </trkpt>
      <trkpt lat="31.2587838806211948394775390625" lon="121.51625557802617549896240234375">
        <ele>2.400000095367431640625</ele>
        <time>2026-08-01T11:49:08.000Z</time>
        <extensions>
          <ns3:TrackPointExtension>
            <ns3:hr>140</ns3:hr>
            <ns3:cad>83</ns3:cad>
          </ns3:TrackPointExtension>
        </extensions>
      </trkpt>
      <trkpt lat="31.2589545361697673797607421875" lon="121.51613957248628139495849609375">
        <ele>2.2000000476837158203125</ele>
        <time>2026-08-01T11:49:15.000Z</time>
        <extensions>
          <ns3:TrackPointExtension>
            <ns3:hr>140</ns3:hr>
            <ns3:cad>83</ns3:cad>
          </ns3:TrackPointExtension>
        </extensions>
      </trkpt>
      <trkpt lat="31.2590014748275279998779296875" lon="121.51611425913870334625244140625">
        <ele>3</ele>
        <time>2026-08-01T11:49:17.000Z</time>
        <extensions>
          <ns3:TrackPointExtension>
            <ns3:hr>140</ns3:hr>
            <ns3:cad>83</ns3:cad>
          </ns3:TrackPointExtension>
        </extensions>
      </trkpt>
      <trkpt lat="31.259178332984447479248046875" lon="121.51605784893035888671875">
        <ele>5.19999980926513671875</ele>
        <time>2026-08-01T11:49:24.000Z</time>
        <extensions>
          <ns3:TrackPointExtension>
            <ns3:hr>140</ns3:hr>
            <ns3:cad>83</ns3:cad>
          </ns3:TrackPointExtension>
        </extensions>
      </trkpt>
      <trkpt lat="31.25922954641282558441162109375" lon="121.51603966020047664642333984375">
        <ele>6.19999980926513671875</ele>
        <time>2026-08-01T11:49:26.000Z</time>
        <extensions>
          <ns3:TrackPointExtension>
            <ns3:hr>140</ns3:hr>
            <ns3:cad>83</ns3:cad>
          </ns3:TrackPointExtension>
        </extensions>
      </trkpt>
      <trkpt lat="31.25941210426390171051025390625" lon="121.51597662828862667083740234375">
        <ele>8.19999980926513671875</ele>
        <time>2026-08-01T11:49:33.000Z</time>
        <extensions>
          <ns3:TrackPointExtension>
            <ns3:hr>142</ns3:hr>
            <ns3:cad>83</ns3:cad>
          </ns3:TrackPointExtension>
        </extensions>
      </trkpt>
      <trkpt lat="31.25946365296840667724609375" lon="121.515957601368427276611328125">
        <ele>8.3999996185302734375</ele>
        <time>2026-08-01T11:49:35.000Z</time>
        <extensions>
          <ns3:TrackPointExtension>
            <ns3:hr>142</ns3:hr>
            <ns3:cad>83</ns3:cad>
          </ns3:TrackPointExtension>
        </extensions>
      </trkpt>
      <trkpt lat="31.25958703458309173583984375" lon="121.515906639397144317626953125">
        <ele>9.6000003814697265625</ele>
        <time>2026-08-01T11:49:41.000Z</time>
        <extensions>
          <ns3:TrackPointExtension>
            <ns3:hr>142</ns3:hr>
            <ns3:cad>83</ns3:cad>
          </ns3:TrackPointExtension>
        </extensions>
      </trkpt>
      <trkpt lat="31.25964411534368991851806640625" lon="121.51588090695440769195556640625">
        <ele>10.19999980926513671875</ele>
        <time>2026-08-01T11:49:43.000Z</time>
        <extensions>
          <ns3:TrackPointExtension>
            <ns3:hr>142</ns3:hr>
            <ns3:cad>83</ns3:cad>
          </ns3:TrackPointExtension>
        </extensions>
      </trkpt>
      <trkpt lat="31.25980789773166179656982421875" lon="121.51597428135573863983154296875">
        <ele>10.80000019073486328125</ele>
        <time>2026-08-01T11:49:49.000Z</time>
        <extensions>
          <ns3:TrackPointExtension>
            <ns3:hr>141</ns3:hr>
            <ns3:cad>83</ns3:cad>
          </ns3:TrackPointExtension>
        </extensions>
      </trkpt>
      <trkpt lat="31.25986472703516483306884765625" lon="121.5159996785223484039306640625">
        <ele>10.80000019073486328125</ele>
        <time>2026-08-01T11:49:56.000Z</time>
        <extensions>
          <ns3:TrackPointExtension>
            <ns3:hr>141</ns3:hr>
            <ns3:cad>0</ns3:cad>
          </ns3:TrackPointExtension>
        </extensions>
      </trkpt>
      <trkpt lat="31.259879730641841888427734375" lon="121.51598249562084674835205078125">
        <ele>11</ele>
        <time>2026-08-01T11:50:03.000Z</time>
        <extensions>
          <ns3:TrackPointExtension>
            <ns3:hr>138</ns3:hr>
            <ns3:cad>0</ns3:cad>
          </ns3:TrackPointExtension>
        </extensions>
      </trkpt>
      <trkpt lat="31.25992675311863422393798828125" lon="121.5159805677831172943115234375">
        <ele>11.19999980926513671875</ele>
        <time>2026-08-01T11:50:06.000Z</time>
        <extensions>
          <ns3:TrackPointExtension>
            <ns3:hr>135</ns3:hr>
            <ns3:cad>0</ns3:cad>
          </ns3:TrackPointExtension>
        </extensions>
      </trkpt>
      <trkpt lat="31.25998240895569324493408203125" lon="121.5159872733056545257568359375">
        <ele>11.3999996185302734375</ele>
        <time>2026-08-01T11:50:13.000Z</time>
        <extensions>
          <ns3:TrackPointExtension>
            <ns3:hr>133</ns3:hr>
            <ns3:cad>0</ns3:cad>
          </ns3:TrackPointExtension>
        </extensions>
      </trkpt>
      <trkpt lat="31.26008064486086368560791015625" lon="121.51588543318212032318115234375">
        <ele>11.6000003814697265625</ele>
        <time>2026-08-01T11:50:19.000Z</time>
        <extensions>
          <ns3:TrackPointExtension>
            <ns3:hr>132</ns3:hr>
            <ns3:cad>82</ns3:cad>
          </ns3:TrackPointExtension>
        </extensions>
      </trkpt>
      <trkpt lat="31.26018340699374675750732421875" lon="121.5157545916736125946044921875">
        <ele>11.80000019073486328125</ele>
        <time>2026-08-01T11:50:25.000Z</time>
        <extensions>
          <ns3:TrackPointExtension>
            <ns3:hr>130</ns3:hr>
            <ns3:cad>85</ns3:cad>
          </ns3:TrackPointExtension>
        </extensions>
      </trkpt>
      <trkpt lat="31.26023738645017147064208984375" lon="121.51570036076009273529052734375">
        <ele>11.80000019073486328125</ele>
        <time>2026-08-01T11:50:28.000Z</time>
        <extensions>
          <ns3:TrackPointExtension>
            <ns3:hr>126</ns3:hr>
            <ns3:cad>85</ns3:cad>
          </ns3:TrackPointExtension>
        </extensions>
      </trkpt>
      <trkpt lat="31.26028449274599552154541015625" lon="121.51566348038613796234130859375">
        <ele>11.80000019073486328125</ele>
        <time>2026-08-01T11:50:30.000Z</time>
        <extensions>
          <ns3:TrackPointExtension>
            <ns3:hr>123</ns3:hr>
            <ns3:cad>84</ns3:cad>
          </ns3:TrackPointExtension>
        </extensions>
      </trkpt>
      <trkpt lat="31.26035439781844615936279296875" lon="121.51561469770967960357666015625">
        <ele>11.19999980926513671875</ele>
        <time>2026-08-01T11:50:33.000Z</time>
        <extensions>
          <ns3:TrackPointExtension>
            <ns3:hr>122</ns3:hr>
            <ns3:cad>84</ns3:cad>
          </ns3:TrackPointExtension>
        </extensions>
      </trkpt>
      <trkpt lat="31.2604914419353008270263671875" lon="121.51553389616310596466064453125">
        <ele>10</ele>
        <time>2026-08-01T11:50:39.000Z</time>
        <extensions>
          <ns3:TrackPointExtension>
            <ns3:hr>125</ns3:hr>
            <ns3:cad>85</ns3:cad>
          </ns3:TrackPointExtension>
        </extensions>
      </trkpt>
      <trkpt lat="31.26051382161676883697509765625" lon="121.5155145339667797088623046875">
        <ele>10</ele>
        <time>2026-08-01T11:50:40.000Z</time>
        <extensions>
          <ns3:TrackPointExtension>
            <ns3:hr>125</ns3:hr>
            <ns3:cad>85</ns3:cad>
          </ns3:TrackPointExtension>
        </extensions>
      </trkpt>
      <trkpt lat="31.26068539917469024658203125" lon="121.5154367499053478240966796875">
        <ele>10.3999996185302734375</ele>
        <time>2026-08-01T11:50:47.000Z</time>
        <extensions>
          <ns3:TrackPointExtension>
            <ns3:hr>125</ns3:hr>
            <ns3:cad>84</ns3:cad>
          </ns3:TrackPointExtension>
        </extensions>
      </trkpt>
      <trkpt lat="31.26073963008821010589599609375" lon="121.51537321507930755615234375">
        <ele>9.80000019073486328125</ele>
        <time>2026-08-01T11:50:50.000Z</time>
        <extensions>
          <ns3:TrackPointExtension>
            <ns3:hr>126</ns3:hr>
            <ns3:cad>84</ns3:cad>
          </ns3:TrackPointExtension>
        </extensions>
      </trkpt>
      <trkpt lat="31.2607881613075733184814453125" lon="121.5153418667614459991455078125">
        <ele>9.19999980926513671875</ele>
        <time>2026-08-01T11:50:53.000Z</time>
        <extensions>
          <ns3:TrackPointExtension>
            <ns3:hr>129</ns3:hr>
            <ns3:cad>84</ns3:cad>
          </ns3:TrackPointExtension>
        </extensions>
      </trkpt>
      <trkpt lat="31.26095202751457691192626953125" lon="121.51536122895777225494384765625">
        <ele>9.3999996185302734375</ele>
        <time>2026-08-01T11:50:58.000Z</time>
        <extensions>
          <ns3:TrackPointExtension>
            <ns3:hr>130</ns3:hr>
            <ns3:cad>84</ns3:cad>
          </ns3:TrackPointExtension>
        </extensions>
      </trkpt>
      <trkpt lat="31.26111991703510284423828125" lon="121.5154736302793025970458984375">
        <ele>10</ele>
        <time>2026-08-01T11:51:04.000Z</time>
        <extensions>
          <ns3:TrackPointExtension>
            <ns3:hr>130</ns3:hr>
            <ns3:cad>85</ns3:cad>
          </ns3:TrackPointExtension>
        </extensions>
      </trkpt>
      <trkpt lat="31.26124757342040538787841796875" lon="121.51561503298580646514892578125">
        <ele>11</ele>
        <time>2026-08-01T11:51:10.000Z</time>
        <extensions>
          <ns3:TrackPointExtension>
            <ns3:hr>131</ns3:hr>
            <ns3:cad>84</ns3:cad>
          </ns3:TrackPointExtension>
        </extensions>
      </trkpt>
      <trkpt lat="31.2613641656935214996337890625" lon="121.51578283868730068206787109375">
        <ele>11.3999996185302734375</ele>
        <time>2026-08-01T11:51:17.000Z</time>
        <extensions>
          <ns3:TrackPointExtension>
            <ns3:hr>131</ns3:hr>
            <ns3:cad>84</ns3:cad>
          </ns3:TrackPointExtension>
        </extensions>
      </trkpt>
      <trkpt lat="31.26147589646279811859130859375" lon="121.51595651172101497650146484375">
        <ele>11.3999996185302734375</ele>
        <time>2026-08-01T11:51:24.000Z</time>
        <extensions>
          <ns3:TrackPointExtension>
            <ns3:hr>133</ns3:hr>
            <ns3:cad>83</ns3:cad>
          </ns3:TrackPointExtension>
        </extensions>
      </trkpt>
      <trkpt lat="31.2614888884127140045166015625" lon="121.51597847230732440948486328125">
        <ele>11.3999996185302734375</ele>
        <time>2026-08-01T11:51:25.000Z</time>
        <extensions>
          <ns3:TrackPointExtension>
            <ns3:hr>133</ns3:hr>
            <ns3:cad>83</ns3:cad>
          </ns3:TrackPointExtension>
        </extensions>
      </trkpt>
      <trkpt lat="31.2615975178778171539306640625" lon="121.51616270653903484344482421875">
        <ele>11.3999996185302734375</ele>
        <time>2026-08-01T11:51:33.000Z</time>
        <extensions>
          <ns3:TrackPointExtension>
            <ns3:hr>135</ns3:hr>
            <ns3:cad>84</ns3:cad>
          </ns3:TrackPointExtension>
        </extensions>
      </trkpt>
      <trkpt lat="31.26168762333691120147705078125" lon="121.51633788831532001495361328125">
        <ele>12.3999996185302734375</ele>
        <time>2026-08-01T11:51:40.000Z</time>
        <extensions>
          <ns3:TrackPointExtension>
            <ns3:hr>136</ns3:hr>
            <ns3:cad>84</ns3:cad>
          </ns3:TrackPointExtension>
        </extensions>
      </trkpt>
      <trkpt lat="31.26177596859633922576904296875" lon="121.51647484861314296722412109375">
        <ele>13.80000019073486328125</ele>
        <time>2026-08-01T11:51:46.000Z</time>
        <extensions>
          <ns3:TrackPointExtension>
            <ns3:hr>137</ns3:hr>
            <ns3:cad>84</ns3:cad>
          </ns3:TrackPointExtension>
        </extensions>
      </trkpt>
      <trkpt lat="31.2618462927639484405517578125" lon="121.51659269817173480987548828125">
        <ele>13.3999996185302734375</ele>
        <time>2026-08-01T11:51:51.000Z</time>
        <extensions>
          <ns3:TrackPointExtension>
            <ns3:hr>137</ns3:hr>
            <ns3:cad>83</ns3:cad>
          </ns3:TrackPointExtension>
        </extensions>
      </trkpt>
      <trkpt lat="31.26190404407680034637451171875" lon="121.5166863240301609039306640625">
        <ele>13.19999980926513671875</ele>
        <time>2026-08-01T11:51:55.000Z</time>
        <extensions>
          <ns3:TrackPointExtension>
            <ns3:hr>137</ns3:hr>
            <ns3:cad>83</ns3:cad>
          </ns3:TrackPointExtension>
        </extensions>
      </trkpt>
      <trkpt lat="31.2619743682444095611572265625" lon="121.51684029959142208099365234375">
        <ele>12.3999996185302734375</ele>
        <time>2026-08-01T11:52:01.000Z</time>
        <extensions>
          <ns3:TrackPointExtension>
            <ns3:hr>137</ns3:hr>
            <ns3:cad>83</ns3:cad>
          </ns3:TrackPointExtension>
        </extensions>
      </trkpt>
      <trkpt lat="31.26204938627779483795166015625" lon="121.5170262940227985382080078125">
        <ele>11</ele>
        <time>2026-08-01T11:52:08.000Z</time>
        <extensions>
          <ns3:TrackPointExtension>
            <ns3:hr>138</ns3:hr>
            <ns3:cad>83</ns3:cad>
          </ns3:TrackPointExtension>
        </extensions>
      </trkpt>
      <trkpt lat="31.26212482340633869171142578125" lon="121.51724380441009998321533203125">
        <ele>10</ele>
        <time>2026-08-01T11:52:16.000Z</time>
        <extensions>
          <ns3:TrackPointExtension>
            <ns3:hr>140</ns3:hr>
            <ns3:cad>84</ns3:cad>
          </ns3:TrackPointExtension>
        </extensions>
      </trkpt>
      <trkpt lat="31.262219287455081939697265625" lon="121.5174353308975696563720703125">
        <ele>10.3999996185302734375</ele>
        <time>2026-08-01T11:52:24.000Z</time>
        <extensions>
          <ns3:TrackPointExtension>
            <ns3:hr>141</ns3:hr>
            <ns3:cad>83</ns3:cad>
          </ns3:TrackPointExtension>
        </extensions>
      </trkpt>
      <trkpt lat="31.2623166851699352264404296875" lon="121.517610847949981689453125">
        <ele>10.3999996185302734375</ele>
        <time>2026-08-01T11:52:31.000Z</time>
        <extensions>
          <ns3:TrackPointExtension>
            <ns3:hr>140</ns3:hr>
            <ns3:cad>84</ns3:cad>
          </ns3:TrackPointExtension>
        </extensions>
      </trkpt>
      <trkpt lat="31.26241550780832767486572265625" lon="121.51774085126817226409912109375">
        <ele>9.6000003814697265625</ele>
        <time>2026-08-01T11:52:37.000Z</time>
        <extensions>
          <ns3:TrackPointExtension>
            <ns3:hr>140</ns3:hr>
            <ns3:cad>84</ns3:cad>
          </ns3:TrackPointExtension>
        </extensions>
      </trkpt>
      <trkpt lat="31.26249731518328189849853515625" lon="121.5177954174578189849853515625">
        <ele>9</ele>
        <time>2026-08-01T11:52:41.000Z</time>
        <extensions>
          <ns3:TrackPointExtension>
            <ns3:hr>140</ns3:hr>
            <ns3:cad>84</ns3:cad>
          </ns3:TrackPointExtension>
        </extensions>
      </trkpt>
      <trkpt lat="31.2625144980847835540771484375" lon="121.51778510771691799163818359375">
        <ele>9</ele>
        <time>2026-08-01T11:52:42.000Z</time>
        <extensions>
          <ns3:TrackPointExtension>
            <ns3:hr>141</ns3:hr>
            <ns3:cad>84</ns3:cad>
          </ns3:TrackPointExtension>
        </extensions>
      </trkpt>
      <trkpt lat="31.26253570429980754852294921875" lon="121.51777354069054126739501953125">
        <ele>8.80000019073486328125</ele>
        <time>2026-08-01T11:52:43.000Z</time>
        <extensions>
          <ns3:TrackPointExtension>
            <ns3:hr>141</ns3:hr>
            <ns3:cad>83</ns3:cad>
          </ns3:TrackPointExtension>
        </extensions>
      </trkpt>
      <trkpt lat="31.2626606784760951995849609375" lon="121.5177035517990589141845703125">
        <ele>8</ele>
        <time>2026-08-01T11:52:49.000Z</time>
        <extensions>
          <ns3:TrackPointExtension>
            <ns3:hr>140</ns3:hr>
            <ns3:cad>83</ns3:cad>
          </ns3:TrackPointExtension>
        </extensions>
      </trkpt>
      <trkpt lat="31.262812055647373199462890625" lon="121.51761864311993122100830078125">
        <ele>8</ele>
        <time>2026-08-01T11:52:56.000Z</time>
        <extensions>
          <ns3:TrackPointExtension>
            <ns3:hr>141</ns3:hr>
            <ns3:cad>82</ns3:cad>
          </ns3:TrackPointExtension>
        </extensions>
      </trkpt>
      <trkpt lat="31.26299838535487651824951171875" lon="121.51751487515866756439208984375">
        <ele>7.599999904632568359375</ele>
        <time>2026-08-01T11:53:05.000Z</time>
        <extensions>
          <ns3:TrackPointExtension>
            <ns3:hr>142</ns3:hr>
            <ns3:cad>83</ns3:cad>
          </ns3:TrackPointExtension>
        </extensions>
      </trkpt>
      <trkpt lat="31.26315244473516941070556640625" lon="121.51744279079139232635498046875">
        <ele>7.80000019073486328125</ele>
        <time>2026-08-01T11:53:12.000Z</time>
        <extensions>
          <ns3:TrackPointExtension>
            <ns3:hr>143</ns3:hr>
            <ns3:cad>84</ns3:cad>
          </ns3:TrackPointExtension>
        </extensions>
      </trkpt>
      <trkpt lat="31.26323676668107509613037109375" lon="121.5173961035907268524169921875">
        <ele>8.6000003814697265625</ele>
        <time>2026-08-01T11:53:18.000Z</time>
        <extensions>
          <ns3:TrackPointExtension>
            <ns3:hr>143</ns3:hr>
            <ns3:cad>85</ns3:cad>
          </ns3:TrackPointExtension>
        </extensions>
      </trkpt>
      <trkpt lat="31.26326157711446285247802734375" lon="121.51736416853964328765869140625">
        <ele>9</ele>
        <time>2026-08-01T11:53:25.000Z</time>
        <extensions>
          <ns3:TrackPointExtension>
            <ns3:hr>142</ns3:hr>
            <ns3:cad>0</ns3:cad>
          </ns3:TrackPointExtension>
        </extensions>
      </trkpt>
      <trkpt lat="31.2633010558784008026123046875" lon="121.517250426113605499267578125">
        <ele>9.80000019073486328125</ele>
        <time>2026-08-01T11:53:31.000Z</time>
        <extensions>
          <ns3:TrackPointExtension>
            <ns3:hr>140</ns3:hr>
            <ns3:cad>82</ns3:cad>
          </ns3:TrackPointExtension>
        </extensions>
      </trkpt>
      <trkpt lat="31.2632663547992706298828125" lon="121.51709510944783687591552734375">
        <ele>10</ele>
        <time>2026-08-01T11:53:37.000Z</time>
        <extensions>
          <ns3:TrackPointExtension>
            <ns3:hr>137</ns3:hr>
            <ns3:cad>85</ns3:cad>
          </ns3:TrackPointExtension>
        </extensions>
      </trkpt>
      <trkpt lat="31.2631823681294918060302734375" lon="121.5169521979987621307373046875">
        <ele>10.3999996185302734375</ele>
        <time>2026-08-01T11:53:43.000Z</time>
        <extensions>
          <ns3:TrackPointExtension>
            <ns3:hr>137</ns3:hr>
            <ns3:cad>84</ns3:cad>
          </ns3:TrackPointExtension>
        </extensions>
      </trkpt>
      <trkpt lat="31.26315127126872539520263671875" lon="121.51690534316003322601318359375">
        <ele>10.80000019073486328125</ele>
        <time>2026-08-01T11:53:44.000Z</time>
        <extensions>
          <ns3:TrackPointExtension>
            <ns3:hr>137</ns3:hr>
            <ns3:cad>84</ns3:cad>
          </ns3:TrackPointExtension>
        </extensions>
      </trkpt>
      <trkpt lat="31.2630415521562099456787109375" lon="121.5167074464261531829833984375">
        <ele>11.6000003814697265625</ele>
        <time>2026-08-01T11:53:53.000Z</time>
        <extensions>
          <ns3:TrackPointExtension>
            <ns3:hr>136</ns3:hr>
            <ns3:cad>84</ns3:cad>
          </ns3:TrackPointExtension>
        </extensions>
      </trkpt>
      <trkpt lat="31.26289017498493194580078125" lon="121.5165317617356777191162109375">
        <ele>10.80000019073486328125</ele>
        <time>2026-08-01T11:54:01.000Z</time>
        <extensions>
          <ns3:TrackPointExtension>
            <ns3:hr>136</ns3:hr>
            <ns3:cad>85</ns3:cad>
          </ns3:TrackPointExtension>
        </extensions>
      </trkpt>
      <trkpt lat="31.26286628656089305877685546875" lon="121.51648993603885173797607421875">
        <ele>10.6000003814697265625</ele>
        <time>2026-08-01T11:54:03.000Z</time>
        <extensions>
          <ns3:TrackPointExtension>
            <ns3:hr>136</ns3:hr>
            <ns3:cad>85</ns3:cad>
          </ns3:TrackPointExtension>
        </extensions>
      </trkpt>
      <trkpt lat="31.2627921067178249359130859375" lon="121.5162843279540538787841796875">
        <ele>12.19999980926513671875</ele>
        <time>2026-08-01T11:54:10.000Z</time>
        <extensions>
          <ns3:TrackPointExtension>
            <ns3:hr>136</ns3:hr>
            <ns3:cad>85</ns3:cad>
          </ns3:TrackPointExtension>
        </extensions>
      </trkpt>
      <trkpt lat="31.26278422772884368896484375" lon="121.516252644360065460205078125">
        <ele>12.3999996185302734375</ele>
        <time>2026-08-01T11:54:11.000Z</time>
        <extensions>
          <ns3:TrackPointExtension>
            <ns3:hr>137</ns3:hr>
            <ns3:cad>85</ns3:cad>
          </ns3:TrackPointExtension>
        </extensions>
      </trkpt>
      <trkpt lat="31.26268574036657810211181640625" lon="121.516076289117336273193359375">
        <ele>14.19999980926513671875</ele>
        <time>2026-08-01T11:54:18.000Z</time>
        <extensions>
          <ns3:TrackPointExtension>
            <ns3:hr>137</ns3:hr>
            <ns3:cad>85</ns3:cad>
          </ns3:TrackPointExtension>
        </extensions>
      </trkpt>
      <trkpt lat="31.26260661520063877105712890625" lon="121.5158659033477306365966796875">
        <ele>15</ele>
        <time>2026-08-01T11:54:26.000Z</time>
        <extensions>
          <ns3:TrackPointExtension>
            <ns3:hr>138</ns3:hr>
            <ns3:cad>85</ns3:cad>
          </ns3:TrackPointExtension>
        </extensions>
      </trkpt>
      <trkpt lat="31.262594126164913177490234375" lon="121.5158424340188503265380859375">
        <ele>14.6000003814697265625</ele>
        <time>2026-08-01T11:54:27.000Z</time>
        <extensions>
          <ns3:TrackPointExtension>
            <ns3:hr>138</ns3:hr>
            <ns3:cad>85</ns3:cad>
          </ns3:TrackPointExtension>
        </extensions>
      </trkpt>
      <trkpt lat="31.2625587545335292816162109375" lon="121.51573539711534976959228515625">
        <ele>13.19999980926513671875</ele>
        <time>2026-08-01T11:54:31.000Z</time>
        <extensions>
          <ns3:TrackPointExtension>
            <ns3:hr>138</ns3:hr>
            <ns3:cad>85</ns3:cad>
          </ns3:TrackPointExtension>
        </extensions>
      </trkpt>
      <trkpt lat="31.26253570429980754852294921875" lon="121.5156466327607631683349609375">
        <ele>12.19999980926513671875</ele>
        <time>2026-08-01T11:54:34.000Z</time>
        <extensions>
          <ns3:TrackPointExtension>
            <ns3:hr>138</ns3:hr>
            <ns3:cad>85</ns3:cad>
          </ns3:TrackPointExtension>
        </extensions>
      </trkpt>
      <trkpt lat="31.2624536454677581787109375" lon="121.515468098223209381103515625">
        <ele>9</ele>
        <time>2026-08-01T11:54:41.000Z</time>
        <extensions>
          <ns3:TrackPointExtension>
            <ns3:hr>137</ns3:hr>
            <ns3:cad>84</ns3:cad>
          </ns3:TrackPointExtension>
        </extensions>
      </trkpt>
      <trkpt lat="31.2623542360961437225341796875" lon="121.5153049863874912261962890625">
        <ele>7.19999980926513671875</ele>
        <time>2026-08-01T11:54:48.000Z</time>
        <extensions>
          <ns3:TrackPointExtension>
            <ns3:hr>137</ns3:hr>
            <ns3:cad>84</ns3:cad>
          </ns3:TrackPointExtension>
        </extensions>
      </trkpt>
      <trkpt lat="31.262262202799320220947265625" lon="121.51510792784392833709716796875">
        <ele>7.80000019073486328125</ele>
        <time>2026-08-01T11:54:56.000Z</time>
        <extensions>
          <ns3:TrackPointExtension>
            <ns3:hr>137</ns3:hr>
            <ns3:cad>83</ns3:cad>
          </ns3:TrackPointExtension>
        </extensions>
      </trkpt>
      <trkpt lat="31.2621869333088397979736328125" lon="121.5149031579494476318359375">
        <ele>9</ele>
        <time>2026-08-01T11:55:03.000Z</time>
        <extensions>
          <ns3:TrackPointExtension>
            <ns3:hr>140</ns3:hr>
            <ns3:cad>84</ns3:cad>
          </ns3:TrackPointExtension>
        </extensions>
      </trkpt>
      <trkpt lat="31.26218232326209545135498046875" lon="121.5148724801838397979736328125">
        <ele>9.19999980926513671875</ele>
        <time>2026-08-01T11:55:04.000Z</time>
        <extensions>
          <ns3:TrackPointExtension>
            <ns3:hr>140</ns3:hr>
            <ns3:cad>84</ns3:cad>
          </ns3:TrackPointExtension>
        </extensions>
      </trkpt>
      <trkpt lat="31.26218098215758800506591796875" lon="121.51468900032341480255126953125">
        <ele>10.19999980926513671875</ele>
        <time>2026-08-01T11:55:10.000Z</time>
        <extensions>
          <ns3:TrackPointExtension>
            <ns3:hr>142</ns3:hr>
            <ns3:cad>84</ns3:cad>
          </ns3:TrackPointExtension>
        </extensions>
      </trkpt>
      <trkpt lat="31.262328587472438812255859375" lon="121.51459629647433757781982421875">
        <ele>10.80000019073486328125</ele>
        <time>2026-08-01T11:55:16.000Z</time>
        <extensions>
          <ns3:TrackPointExtension>
            <ns3:hr>142</ns3:hr>
            <ns3:cad>83</ns3:cad>
          </ns3:TrackPointExtension>
        </extensions>
      </trkpt>
      <trkpt lat="31.262446939945220947265625" lon="121.51448096148669719696044921875">
        <ele>10.80000019073486328125</ele>
        <time>2026-08-01T11:55:21.000Z</time>
        <extensions>
          <ns3:TrackPointExtension>
            <ns3:hr>143</ns3:hr>
            <ns3:cad>84</ns3:cad>
          </ns3:TrackPointExtension>
        </extensions>
      </trkpt>
      <trkpt lat="31.2624871730804443359375" lon="121.514436788856983184814453125">
        <ele>10.80000019073486328125</ele>
        <time>2026-08-01T11:55:23.000Z</time>
        <extensions>
          <ns3:TrackPointExtension>
            <ns3:hr>143</ns3:hr>
            <ns3:cad>83</ns3:cad>
          </ns3:TrackPointExtension>
        </extensions>
      </trkpt>
      <trkpt lat="31.262574680149555206298828125" lon="121.5143881738185882568359375">
        <ele>10</ele>
        <time>2026-08-01T11:55:26.000Z</time>
        <extensions>
          <ns3:TrackPointExtension>
            <ns3:hr>143</ns3:hr>
            <ns3:cad>83</ns3:cad>
          </ns3:TrackPointExtension>
        </extensions>
      </trkpt>
      <trkpt lat="31.26268825493752956390380859375" lon="121.5143157541751861572265625">
        <ele>8.80000019073486328125</ele>
        <time>2026-08-01T11:55:31.000Z</time>
        <extensions>
          <ns3:TrackPointExtension>
            <ns3:hr>145</ns3:hr>
            <ns3:cad>83</ns3:cad>
          </ns3:TrackPointExtension>
        </extensions>
      </trkpt>
      <trkpt lat="31.26287600956857204437255859375" lon="121.51423151604831218719482421875">
        <ele>8.3999996185302734375</ele>
        <time>2026-08-01T11:55:38.000Z</time>
        <extensions>
          <ns3:TrackPointExtension>
            <ns3:hr>145</ns3:hr>
            <ns3:cad>83</ns3:cad>
          </ns3:TrackPointExtension>
        </extensions>
      </trkpt>
      <trkpt lat="31.26296016387641429901123046875" lon="121.51421223767101764678955078125">
        <ele>8.6000003814697265625</ele>
        <time>2026-08-01T11:55:41.000Z</time>
        <extensions>
          <ns3:TrackPointExtension>
            <ns3:hr>145</ns3:hr>
            <ns3:cad>84</ns3:cad>
          </ns3:TrackPointExtension>
        </extensions>
      </trkpt>
      <trkpt lat="31.263102404773235321044921875" lon="121.5143574960529804229736328125">
        <ele>8.80000019073486328125</ele>
        <time>2026-08-01T11:55:47.000Z</time>
        <extensions>
          <ns3:TrackPointExtension>
            <ns3:hr>145</ns3:hr>
            <ns3:cad>83</ns3:cad>
          </ns3:TrackPointExtension>
        </extensions>
      </trkpt>
      <trkpt lat="31.26324011944234371185302734375" lon="121.51452563703060150146484375">
        <ele>8.6000003814697265625</ele>
        <time>2026-08-01T11:55:54.000Z</time>
        <extensions>
          <ns3:TrackPointExtension>
            <ns3:hr>145</ns3:hr>
            <ns3:cad>83</ns3:cad>
          </ns3:TrackPointExtension>
        </extensions>
      </trkpt>
      <trkpt lat="31.263250596821308135986328125" lon="121.514555476605892181396484375">
        <ele>8.6000003814697265625</ele>
        <time>2026-08-01T11:55:55.000Z</time>
        <extensions>
          <ns3:TrackPointExtension>
            <ns3:hr>145</ns3:hr>
            <ns3:cad>84</ns3:cad>
          </ns3:TrackPointExtension>
        </extensions>
      </trkpt>
      <trkpt lat="31.26332125626504421234130859375" lon="121.5147561393678188323974609375">
        <ele>8.19999980926513671875</ele>
        <time>2026-08-01T11:56:02.000Z</time>
        <extensions>
          <ns3:TrackPointExtension>
            <ns3:hr>145</ns3:hr>
            <ns3:cad>82</ns3:cad>
          </ns3:TrackPointExtension>
        </extensions>
      </trkpt>
      <trkpt lat="31.26336433924734592437744140625" lon="121.51487071998417377471923828125">
        <ele>8.6000003814697265625</ele>
        <time>2026-08-01T11:56:06.000Z</time>
        <extensions>
          <ns3:TrackPointExtension>
            <ns3:hr>145</ns3:hr>
            <ns3:cad>84</ns3:cad>
          </ns3:TrackPointExtension>
        </extensions>
      </trkpt>
      <trkpt lat="31.2634073384106159210205078125" lon="121.51508797891438007354736328125">
        <ele>9.80000019073486328125</ele>
        <time>2026-08-01T11:56:13.000Z</time>
        <extensions>
          <ns3:TrackPointExtension>
            <ns3:hr>145</ns3:hr>
            <ns3:cad>84</ns3:cad>
          </ns3:TrackPointExtension>
        </extensions>
      </trkpt>
      <trkpt lat="31.26341052353382110595703125" lon="121.51511915959417819976806640625">
        <ele>9.80000019073486328125</ele>
        <time>2026-08-01T11:56:14.000Z</time>
        <extensions>
          <ns3:TrackPointExtension>
            <ns3:hr>145</ns3:hr>
            <ns3:cad>84</ns3:cad>
          </ns3:TrackPointExtension>
        </extensions>
      </trkpt>
      <trkpt lat="31.26350481994450092315673828125" lon="121.51525813154876232147216796875">
        <ele>10.19999980926513671875</ele>
        <time>2026-08-01T11:56:20.000Z</time>
        <extensions>
          <ns3:TrackPointExtension>
            <ns3:hr>145</ns3:hr>
            <ns3:cad>84</ns3:cad>
          </ns3:TrackPointExtension>
        </extensions>
      </trkpt>
      <trkpt lat="31.26358143053948879241943359375" lon="121.51545099914073944091796875">
        <ele>10.3999996185302734375</ele>
        <time>2026-08-01T11:56:27.000Z</time>
        <extensions>
          <ns3:TrackPointExtension>
            <ns3:hr>146</ns3:hr>
            <ns3:cad>85</ns3:cad>
          </ns3:TrackPointExtension>
        </extensions>
      </trkpt>
      <trkpt lat="31.26363893039524555206298828125" lon="121.5155540965497493743896484375">
        <ele>10.80000019073486328125</ele>
        <time>2026-08-01T11:56:31.000Z</time>
        <extensions>
          <ns3:TrackPointExtension>
            <ns3:hr>147</ns3:hr>
            <ns3:cad>84</ns3:cad>
          </ns3:TrackPointExtension>
        </extensions>
      </trkpt>
      <trkpt lat="31.26373465172946453094482421875" lon="121.515691392123699188232421875">
        <ele>11.19999980926513671875</ele>
        <time>2026-08-01T11:56:37.000Z</time>
        <extensions>
          <ns3:TrackPointExtension>
            <ns3:hr>148</ns3:hr>
            <ns3:cad>84</ns3:cad>
          </ns3:TrackPointExtension>
        </extensions>
      </trkpt>
      <trkpt lat="31.26383364200592041015625" lon="121.51586716063320636749267578125">
        <ele>10.80000019073486328125</ele>
        <time>2026-08-01T11:56:44.000Z</time>
        <extensions>
          <ns3:TrackPointExtension>
            <ns3:hr>148</ns3:hr>
            <ns3:cad>83</ns3:cad>
          </ns3:TrackPointExtension>
        </extensions>
      </trkpt>
      <trkpt lat="31.26392860896885395050048828125" lon="121.516076624393463134765625">
        <ele>11</ele>
        <time>2026-08-01T11:56:52.000Z</time>
        <extensions>
          <ns3:TrackPointExtension>
            <ns3:hr>147</ns3:hr>
            <ns3:cad>84</ns3:cad>
          </ns3:TrackPointExtension>
        </extensions>
      </trkpt>
      <trkpt lat="31.26393917016685009002685546875" lon="121.51610336266458034515380859375">
        <ele>11</ele>
        <time>2026-08-01T11:56:53.000Z</time>
        <extensions>
          <ns3:TrackPointExtension>
            <ns3:hr>146</ns3:hr>
            <ns3:cad>84</ns3:cad>
          </ns3:TrackPointExtension>
        </extensions>
      </trkpt>
      <trkpt lat="31.264033801853656768798828125" lon="121.51628809981048107147216796875">
        <ele>12.19999980926513671875</ele>
        <time>2026-08-01T11:57:00.000Z</time>
        <extensions>
          <ns3:TrackPointExtension>
            <ns3:hr>146</ns3:hr>
            <ns3:cad>84</ns3:cad>
          </ns3:TrackPointExtension>
        </extensions>
      </trkpt>
      <trkpt lat="31.26415081322193145751953125" lon="121.51647292077541351318359375">
        <ele>13.80000019073486328125</ele>
        <time>2026-08-01T11:57:07.000Z</time>
        <extensions>
          <ns3:TrackPointExtension>
            <ns3:hr>147</ns3:hr>
            <ns3:cad>84</ns3:cad>
          </ns3:TrackPointExtension>
        </extensions>
      </trkpt>
      <trkpt lat="31.2641620449721813201904296875" lon="121.51665304787456989288330078125">
        <ele>12.6000003814697265625</ele>
        <time>2026-08-01T11:57:13.000Z</time>
        <extensions>
          <ns3:TrackPointExtension>
            <ns3:hr>148</ns3:hr>
            <ns3:cad>84</ns3:cad>
          </ns3:TrackPointExtension>
        </extensions>
      </trkpt>
      <trkpt lat="31.26402609050273895263671875" lon="121.51684331707656383514404296875">
        <ele>10</ele>
        <time>2026-08-01T11:57:18.000Z</time>
        <extensions>
          <ns3:TrackPointExtension>
            <ns3:hr>149</ns3:hr>
            <ns3:cad>84</ns3:cad>
          </ns3:TrackPointExtension>
        </extensions>
      </trkpt>
      <trkpt lat="31.26386222429573535919189453125" lon="121.51700274087488651275634765625">
        <ele>9</ele>
        <time>2026-08-01T11:57:25.000Z</time>
        <extensions>
          <ns3:TrackPointExtension>
            <ns3:hr>149</ns3:hr>
            <ns3:cad>83</ns3:cad>
          </ns3:TrackPointExtension>
        </extensions>
      </trkpt>
      <trkpt lat="31.26383992843329906463623046875" lon="121.51703727431595325469970703125">
        <ele>9.3999996185302734375</ele>
        <time>2026-08-01T11:57:26.000Z</time>
        <extensions>
          <ns3:TrackPointExtension>
            <ns3:hr>149</ns3:hr>
            <ns3:cad>83</ns3:cad>
          </ns3:TrackPointExtension>
        </extensions>
      </trkpt>
      <trkpt lat="31.26369575969874858856201171875" lon="121.51720742695033550262451171875">
        <ele>10</ele>
        <time>2026-08-01T11:57:33.000Z</time>
        <extensions>
          <ns3:TrackPointExtension>
            <ns3:hr>149</ns3:hr>
            <ns3:cad>84</ns3:cad>
          </ns3:TrackPointExtension>
        </extensions>
      </trkpt>
      <trkpt lat="31.26358713023364543914794921875" lon="121.51732292957603931427001953125">
        <ele>10</ele>
        <time>2026-08-01T11:57:37.000Z</time>
        <extensions>
          <ns3:TrackPointExtension>
            <ns3:hr>149</ns3:hr>
            <ns3:cad>83</ns3:cad>
          </ns3:TrackPointExtension>
        </extensions>
      </trkpt>
      <trkpt lat="31.26345301978290081024169921875" lon="121.51738822460174560546875">
        <ele>10</ele>
        <time>2026-08-01T11:57:43.000Z</time>
        <extensions>
          <ns3:TrackPointExtension>
            <ns3:hr>149</ns3:hr>
            <ns3:cad>84</ns3:cad>
          </ns3:TrackPointExtension>
        </extensions>
      </trkpt>
      <trkpt lat="31.26337590627372264862060546875" lon="121.5173608995974063873291015625">
        <ele>10</ele>
        <time>2026-08-01T11:57:46.000Z</time>
        <extensions>
          <ns3:TrackPointExtension>
            <ns3:hr>149</ns3:hr>
            <ns3:cad>84</ns3:cad>
          </ns3:TrackPointExtension>
        </extensions>
      </trkpt>
      <trkpt lat="31.2633510120213031768798828125" lon="121.51730306446552276611328125">
        <ele>10</ele>
        <time>2026-08-01T11:57:48.000Z</time>
        <extensions>
          <ns3:TrackPointExtension>
            <ns3:hr>149</ns3:hr>
            <ns3:cad>83</ns3:cad>
          </ns3:TrackPointExtension>
        </extensions>
      </trkpt>
      <trkpt lat="31.26327180303633213043212890625" lon="121.5171138010919094085693359375">
        <ele>10</ele>
        <time>2026-08-01T11:57:53.000Z</time>
        <extensions>
          <ns3:TrackPointExtension>
            <ns3:hr>149</ns3:hr>
            <ns3:cad>84</ns3:cad>
          </ns3:TrackPointExtension>
        </extensions>
      </trkpt>
      <trkpt lat="31.2632507644593715667724609375" lon="121.5170863084495067596435546875">
        <ele>9.80000019073486328125</ele>
        <time>2026-08-01T11:57:54.000Z</time>
        <extensions>
          <ns3:TrackPointExtension>
            <ns3:hr>149</ns3:hr>
            <ns3:cad>84</ns3:cad>
          </ns3:TrackPointExtension>
        </extensions>
      </trkpt>
      <trkpt lat="31.26310835592448711395263671875" lon="121.5169156529009342193603515625">
        <ele>10.19999980926513671875</ele>
        <time>2026-08-01T11:58:01.000Z</time>
        <extensions>
          <ns3:TrackPointExtension>
            <ns3:hr>149</ns3:hr>
            <ns3:cad>84</ns3:cad>
          </ns3:TrackPointExtension>
        </extensions>
      </trkpt>
      <trkpt lat="31.2630200944840908050537109375" lon="121.51672831736505031585693359375">
        <ele>11.80000019073486328125</ele>
        <time>2026-08-01T11:58:08.000Z</time>
        <extensions>
          <ns3:TrackPointExtension>
            <ns3:hr>151</ns3:hr>
            <ns3:cad>84</ns3:cad>
          </ns3:TrackPointExtension>
        </extensions>
      </trkpt>
      <trkpt lat="31.26300626434385776519775390625" lon="121.51669814251363277435302734375">
        <ele>11.80000019073486328125</ele>
        <time>2026-08-01T11:58:09.000Z</time>
        <extensions>
          <ns3:TrackPointExtension>
            <ns3:hr>151</ns3:hr>
            <ns3:cad>84</ns3:cad>
          </ns3:TrackPointExtension>
        </extensions>
      </trkpt>
      <trkpt lat="31.2629057653248310089111328125" lon="121.5165143273770809173583984375">
        <ele>10.6000003814697265625</ele>
        <time>2026-08-01T11:58:16.000Z</time>
        <extensions>
          <ns3:TrackPointExtension>
            <ns3:hr>151</ns3:hr>
            <ns3:cad>84</ns3:cad>
          </ns3:TrackPointExtension>
        </extensions>
      </trkpt>
      <trkpt lat="31.2628333456814289093017578125" lon="121.5163728408515453338623046875">
        <ele>11.19999980926513671875</ele>
        <time>2026-08-01T11:58:21.000Z</time>
        <extensions>
          <ns3:TrackPointExtension>
            <ns3:hr>150</ns3:hr>
            <ns3:cad>84</ns3:cad>
          </ns3:TrackPointExtension>
        </extensions>
      </trkpt>
      <trkpt lat="31.26274122856557369232177734375" lon="121.51618936099112033843994140625">
        <ele>13.3999996185302734375</ele>
        <time>2026-08-01T11:58:28.000Z</time>
        <extensions>
          <ns3:TrackPointExtension>
            <ns3:hr>151</ns3:hr>
            <ns3:cad>84</ns3:cad>
          </ns3:TrackPointExtension>
        </extensions>
      </trkpt>
      <trkpt lat="31.262666881084442138671875" lon="121.51602842845022678375244140625">
        <ele>14.6000003814697265625</ele>
        <time>2026-08-01T11:58:34.000Z</time>
        <extensions>
          <ns3:TrackPointExtension>
            <ns3:hr>151</ns3:hr>
            <ns3:cad>84</ns3:cad>
          </ns3:TrackPointExtension>
        </extensions>
      </trkpt>
      <trkpt lat="31.26259638927876949310302734375" lon="121.515808068215847015380859375">
        <ele>14.19999980926513671875</ele>
        <time>2026-08-01T11:58:42.000Z</time>
        <extensions>
          <ns3:TrackPointExtension>
            <ns3:hr>150</ns3:hr>
            <ns3:cad>84</ns3:cad>
          </ns3:TrackPointExtension>
        </extensions>
      </trkpt>
      <trkpt lat="31.26252262853085994720458984375" lon="121.5156550146639347076416015625">
        <ele>12.19999980926513671875</ele>
        <time>2026-08-01T11:58:48.000Z</time>
        <extensions>
          <ns3:TrackPointExtension>
            <ns3:hr>149</ns3:hr>
            <ns3:cad>84</ns3:cad>
          </ns3:TrackPointExtension>
        </extensions>
      </trkpt>
      <trkpt lat="31.262468397617340087890625" lon="121.51552618481218814849853515625">
        <ele>10.19999980926513671875</ele>
        <time>2026-08-01T11:58:53.000Z</time>
        <extensions>
          <ns3:TrackPointExtension>
            <ns3:hr>149</ns3:hr>
            <ns3:cad>84</ns3:cad>
          </ns3:TrackPointExtension>
        </extensions>
      </trkpt>
      <trkpt lat="31.262386925518512725830078125" lon="121.51530020870268344879150390625">
        <ele>7.19999980926513671875</ele>
        <time>2026-08-01T11:59:01.000Z</time>
        <extensions>
          <ns3:TrackPointExtension>
            <ns3:hr>149</ns3:hr>
            <ns3:cad>84</ns3:cad>
          </ns3:TrackPointExtension>
        </extensions>
      </trkpt>
      <trkpt lat="31.26231073401868343353271484375" lon="121.51517741382122039794921875">
        <ele>7.599999904632568359375</ele>
        <time>2026-08-01T11:59:06.000Z</time>
        <extensions>
          <ns3:TrackPointExtension>
            <ns3:hr>149</ns3:hr>
            <ns3:cad>85</ns3:cad>
          </ns3:TrackPointExtension>
        </extensions>
      </trkpt>
      <trkpt lat="31.26225440762937068939208984375" lon="121.51507892645895481109619140625">
        <ele>8</ele>
        <time>2026-08-01T11:59:10.000Z</time>
        <extensions>
          <ns3:TrackPointExtension>
            <ns3:hr>149</ns3:hr>
            <ns3:cad>84</ns3:cad>
          </ns3:TrackPointExtension>
        </extensions>
      </trkpt>
      <trkpt lat="31.26215751282870769500732421875" lon="121.51488865725696086883544921875">
        <ele>9</ele>
        <time>2026-08-01T11:59:18.000Z</time>
        <extensions>
          <ns3:TrackPointExtension>
            <ns3:hr>150</ns3:hr>
            <ns3:cad>84</ns3:cad>
          </ns3:TrackPointExtension>
        </extensions>
      </trkpt>
      <trkpt lat="31.26213379204273223876953125" lon="121.51486200280487537384033203125">
        <ele>9</ele>
        <time>2026-08-01T11:59:22.000Z</time>
        <extensions>
          <ns3:TrackPointExtension>
            <ns3:hr>150</ns3:hr>
            <ns3:cad>80</ns3:cad>
          </ns3:TrackPointExtension>
        </extensions>
      </trkpt>
      <trkpt lat="31.26206464134156703948974609375" lon="121.5148027427494525909423828125">
        <ele>8.80000019073486328125</ele>
        <time>2026-08-01T11:59:30.000Z</time>
        <extensions>
          <ns3:TrackPointExtension>
            <ns3:hr>147</ns3:hr>
            <ns3:cad>0</ns3:cad>
          </ns3:TrackPointExtension>
        </extensions>
      </trkpt>
      <trkpt lat="31.26197151839733123779296875" lon="121.51476678438484668731689453125">
        <ele>8.3999996185302734375</ele>
        <time>2026-08-01T11:59:38.000Z</time>
        <extensions>
          <ns3:TrackPointExtension>
            <ns3:hr>146</ns3:hr>
            <ns3:cad>50</ns3:cad>
          </ns3:TrackPointExtension>
        </extensions>
      </trkpt>
      <trkpt lat="31.26195936463773250579833984375" lon="121.51472403667867183685302734375">
        <ele>8.3999996185302734375</ele>
        <time>2026-08-01T11:59:41.000Z</time>
        <extensions>
          <ns3:TrackPointExtension>
            <ns3:hr>143</ns3:hr>
            <ns3:cad>53</ns3:cad>
          </ns3:TrackPointExtension>
        </extensions>
      </trkpt>
      <trkpt lat="31.2619498930871486663818359375" lon="121.51470710523426532745361328125">
        <ele>8.3999996185302734375</ele>
        <time>2026-08-01T11:59:44.000Z</time>
        <extensions>
          <ns3:TrackPointExtension>
            <ns3:hr>140</ns3:hr>
            <ns3:cad>0</ns3:cad>
          </ns3:TrackPointExtension>
        </extensions>
      </trkpt>
      <trkpt lat="31.2619431875646114349365234375" lon="121.51470576412975788116455078125">
        <ele>8.3999996185302734375</ele>
        <time>2026-08-01T11:59:46.000Z</time>
        <extensions>
          <ns3:TrackPointExtension>
            <ns3:hr>137</ns3:hr>
            <ns3:cad>51</ns3:cad>
          </ns3:TrackPointExtension>
        </extensions>
      </trkpt>
      <trkpt lat="31.261926256120204925537109375" lon="121.51475387625396251678466796875">
        <ele>8.19999980926513671875</ele>
        <time>2026-08-01T11:59:49.000Z</time>
        <extensions>
          <ns3:TrackPointExtension>
            <ns3:hr>135</ns3:hr>
            <ns3:cad>51</ns3:cad>
          </ns3:TrackPointExtension>
        </extensions>
      </trkpt>
      <trkpt lat="31.26189365051686763763427734375" lon="121.51480995118618011474609375">
        <ele>8.19999980926513671875</ele>
        <time>2026-08-01T11:59:51.000Z</time>
        <extensions>
          <ns3:TrackPointExtension>
            <ns3:hr>133</ns3:hr>
            <ns3:cad>51</ns3:cad>
          </ns3:TrackPointExtension>
        </extensions>
      </trkpt>
      <trkpt lat="31.2617785669863224029541015625" lon="121.51494531892240047454833984375">
        <ele>9</ele>
        <time>2026-08-01T11:59:57.000Z</time>
        <extensions>
          <ns3:TrackPointExtension>
            <ns3:hr>132</ns3:hr>
            <ns3:cad>85</ns3:cad>
          </ns3:TrackPointExtension>
        </extensions>
      </trkpt>
      <trkpt lat="31.26160933636128902435302734375" lon="121.515073142945766448974609375">
        <ele>12.6000003814697265625</ele>
        <time>2026-08-01T12:00:04.000Z</time>
        <extensions>
          <ns3:TrackPointExtension>
            <ns3:hr>130</ns3:hr>
            <ns3:cad>85</ns3:cad>
          </ns3:TrackPointExtension>
        </extensions>
      </trkpt>
      <trkpt lat="31.2615566141903400421142578125" lon="121.515103988349437713623046875">
        <ele>13.19999980926513671875</ele>
        <time>2026-08-01T12:00:06.000Z</time>
        <extensions>
          <ns3:TrackPointExtension>
            <ns3:hr>129</ns3:hr>
            <ns3:cad>85</ns3:cad>
          </ns3:TrackPointExtension>
        </extensions>
      </trkpt>
      <trkpt lat="31.26140465028584003448486328125" lon="121.5151504240930080413818359375">
        <ele>14.80000019073486328125</ele>
        <time>2026-08-01T12:00:12.000Z</time>
        <extensions>
          <ns3:TrackPointExtension>
            <ns3:hr>131</ns3:hr>
            <ns3:cad>83</ns3:cad>
          </ns3:TrackPointExtension>
        </extensions>
      </trkpt>
      <trkpt lat="31.26125964336097240447998046875" lon="121.51521588675677776336669921875">
        <ele>13.19999980926513671875</ele>
        <time>2026-08-01T12:00:19.000Z</time>
        <extensions>
          <ns3:TrackPointExtension>
            <ns3:hr>133</ns3:hr>
            <ns3:cad>85</ns3:cad>
          </ns3:TrackPointExtension>
        </extensions>
      </trkpt>
      <trkpt lat="31.26121236942708492279052734375" lon="121.5152667649090290069580078125">
        <ele>12.19999980926513671875</ele>
        <time>2026-08-01T12:00:21.000Z</time>
        <extensions>
          <ns3:TrackPointExtension>
            <ns3:hr>133</ns3:hr>
            <ns3:cad>85</ns3:cad>
          </ns3:TrackPointExtension>
        </extensions>
      </trkpt>
      <trkpt lat="31.26108370721340179443359375" lon="121.51538050733506679534912109375">
        <ele>10</ele>
        <time>2026-08-01T12:00:27.000Z</time>
        <extensions>
          <ns3:TrackPointExtension>
            <ns3:hr>133</ns3:hr>
            <ns3:cad>84</ns3:cad>
          </ns3:TrackPointExtension>
        </extensions>
      </trkpt>
      <trkpt lat="31.260902993381023406982421875" lon="121.515463404357433319091796875">
        <ele>9.3999996185302734375</ele>
        <time>2026-08-01T12:00:35.000Z</time>
        <extensions>
          <ns3:TrackPointExtension>
            <ns3:hr>134</ns3:hr>
            <ns3:cad>83</ns3:cad>
          </ns3:TrackPointExtension>
        </extensions>
      </trkpt>
      <trkpt lat="31.26074767671525478363037109375" lon="121.51558301411569118499755859375">
        <ele>10</ele>
        <time>2026-08-01T12:00:42.000Z</time>
        <extensions>
          <ns3:TrackPointExtension>
            <ns3:hr>135</ns3:hr>
            <ns3:cad>83</ns3:cad>
          </ns3:TrackPointExtension>
        </extensions>
      </trkpt>
      <trkpt lat="31.26068665646016597747802734375" lon="121.51563481427729129791259765625">
        <ele>9.3999996185302734375</ele>
        <time>2026-08-01T12:00:45.000Z</time>
        <extensions>
          <ns3:TrackPointExtension>
            <ns3:hr>136</ns3:hr>
            <ns3:cad>83</ns3:cad>
          </ns3:TrackPointExtension>
        </extensions>
      </trkpt>
      <trkpt lat="31.26051415689289569854736328125" lon="121.515741012990474700927734375">
        <ele>9.3999996185302734375</ele>
        <time>2026-08-01T12:00:53.000Z</time>
        <extensions>
          <ns3:TrackPointExtension>
            <ns3:hr>137</ns3:hr>
            <ns3:cad>82</ns3:cad>
          </ns3:TrackPointExtension>
        </extensions>
      </trkpt>
      <trkpt lat="31.26049093902111053466796875" lon="121.51575299911201000213623046875">
        <ele>9.6000003814697265625</ele>
        <time>2026-08-01T12:00:54.000Z</time>
        <extensions>
          <ns3:TrackPointExtension>
            <ns3:hr>137</ns3:hr>
            <ns3:cad>82</ns3:cad>
          </ns3:TrackPointExtension>
        </extensions>
      </trkpt>
      <trkpt lat="31.26031718216836452484130859375" lon="121.51582575403153896331787109375">
        <ele>10.3999996185302734375</ele>
        <time>2026-08-01T12:01:01.000Z</time>
        <extensions>
          <ns3:TrackPointExtension>
            <ns3:hr>137</ns3:hr>
            <ns3:cad>83</ns3:cad>
          </ns3:TrackPointExtension>
        </extensions>
      </trkpt>
      <trkpt lat="31.26029287464916706085205078125" lon="121.5158367343246936798095703125">
        <ele>10.3999996185302734375</ele>
        <time>2026-08-01T12:01:02.000Z</time>
        <extensions>
          <ns3:TrackPointExtension>
            <ns3:hr>137</ns3:hr>
            <ns3:cad>84</ns3:cad>
          </ns3:TrackPointExtension>
        </extensions>
      </trkpt>
      <trkpt lat="31.26014417968690395355224609375" lon="121.51590295135974884033203125">
        <ele>11</ele>
        <time>2026-08-01T12:01:08.000Z</time>
        <extensions>
          <ns3:TrackPointExtension>
            <ns3:hr>138</ns3:hr>
            <ns3:cad>82</ns3:cad>
          </ns3:TrackPointExtension>
        </extensions>
      </trkpt>
      <trkpt lat="31.26006580889225006103515625" lon="121.51588878594338893890380859375">
        <ele>11.6000003814697265625</ele>
        <time>2026-08-01T12:01:13.000Z</time>
        <extensions>
          <ns3:TrackPointExtension>
            <ns3:hr>138</ns3:hr>
            <ns3:cad>83</ns3:cad>
          </ns3:TrackPointExtension>
        </extensions>
      </trkpt>
      <trkpt lat="31.259995065629482269287109375" lon="121.5158783085644245147705078125">
        <ele>12.19999980926513671875</ele>
        <time>2026-08-01T12:01:20.000Z</time>
        <extensions>
          <ns3:TrackPointExtension>
            <ns3:hr>137</ns3:hr>
            <ns3:cad>0</ns3:cad>
          </ns3:TrackPointExtension>
        </extensions>
      </trkpt>
      <trkpt lat="31.259970255196094512939453125" lon="121.51588442735373973846435546875">
        <ele>12</ele>
        <time>2026-08-01T12:01:28.000Z</time>
        <extensions>
          <ns3:TrackPointExtension>
            <ns3:hr>137</ns3:hr>
            <ns3:cad>50</ns3:cad>
          </ns3:TrackPointExtension>
        </extensions>
      </trkpt>
      <trkpt lat="31.259959526360034942626953125" lon="121.5158789791166782379150390625">
        <ele>12</ele>
        <time>2026-08-01T12:01:33.000Z</time>
        <extensions>
          <ns3:TrackPointExtension>
            <ns3:hr>136</ns3:hr>
            <ns3:cad>0</ns3:cad>
          </ns3:TrackPointExtension>
        </extensions>
      </trkpt>
      <trkpt lat="31.2599355541169643402099609375" lon="121.5158732794225215911865234375">
        <ele>12</ele>
        <time>2026-08-01T12:01:36.000Z</time>
        <extensions>
          <ns3:TrackPointExtension>
            <ns3:hr>132</ns3:hr>
            <ns3:cad>47</ns3:cad>
          </ns3:TrackPointExtension>
        </extensions>
      </trkpt>
      <trkpt lat="31.25992633402347564697265625" lon="121.515879817306995391845703125">
        <ele>11.80000019073486328125</ele>
        <time>2026-08-01T12:01:37.000Z</time>
        <extensions>
          <ns3:TrackPointExtension>
            <ns3:hr>129</ns3:hr>
            <ns3:cad>53</ns3:cad>
          </ns3:TrackPointExtension>
        </extensions>
      </trkpt>
      <trkpt lat="31.2598889507353305816650390625" lon="121.51592516340315341949462890625">
        <ele>11.3999996185302734375</ele>
        <time>2026-08-01T12:01:40.000Z</time>
        <extensions>
          <ns3:TrackPointExtension>
            <ns3:hr>128</ns3:hr>
            <ns3:cad>53</ns3:cad>
          </ns3:TrackPointExtension>
        </extensions>
      </trkpt>
      <trkpt lat="31.25977403484284877777099609375" lon="121.5159829147160053253173828125">
        <ele>10.80000019073486328125</ele>
        <time>2026-08-01T12:01:46.000Z</time>
        <extensions>
          <ns3:TrackPointExtension>
            <ns3:hr>127</ns3:hr>
            <ns3:cad>84</ns3:cad>
          </ns3:TrackPointExtension>
        </extensions>
      </trkpt>
      <trkpt lat="31.259631626307964324951171875" lon="121.51603379286825656890869140625">
        <ele>10</ele>
        <time>2026-08-01T12:01:52.000Z</time>
        <extensions>
          <ns3:TrackPointExtension>
            <ns3:hr>124</ns3:hr>
            <ns3:cad>85</ns3:cad>
          </ns3:TrackPointExtension>
        </extensions>
      </trkpt>
      <trkpt lat="31.2595657445490360260009765625" lon="121.51605575345456600189208984375">
        <ele>9.3999996185302734375</ele>
        <time>2026-08-01T12:01:55.000Z</time>
        <extensions>
          <ns3:TrackPointExtension>
            <ns3:hr>122</ns3:hr>
            <ns3:cad>84</ns3:cad>
          </ns3:TrackPointExtension>
        </extensions>
      </trkpt>
      <trkpt lat="31.25940690748393535614013671875" lon="121.5160942263901233673095703125">
        <ele>9</ele>
        <time>2026-08-01T12:02:02.000Z</time>
        <extensions>
          <ns3:TrackPointExtension>
            <ns3:hr>124</ns3:hr>
            <ns3:cad>84</ns3:cad>
          </ns3:TrackPointExtension>
        </extensions>
      </trkpt>
      <trkpt lat="31.259212531149387359619140625" lon="121.516129933297634124755859375">
        <ele>5.80000019073486328125</ele>
        <time>2026-08-01T12:02:10.000Z</time>
        <extensions>
          <ns3:TrackPointExtension>
            <ns3:hr>126</ns3:hr>
            <ns3:cad>85</ns3:cad>
          </ns3:TrackPointExtension>
        </extensions>
      </trkpt>
      <trkpt lat="31.2591644190251827239990234375" lon="121.5161378122866153717041015625">
        <ele>5</ele>
        <time>2026-08-01T12:02:12.000Z</time>
        <extensions>
          <ns3:TrackPointExtension>
            <ns3:hr>126</ns3:hr>
            <ns3:cad>85</ns3:cad>
          </ns3:TrackPointExtension>
        </extensions>
      </trkpt>
      <trkpt lat="31.25897356308996677398681640625" lon="121.51618617586791515350341796875">
        <ele>2.2000000476837158203125</ele>
        <time>2026-08-01T12:02:20.000Z</time>
        <extensions>
          <ns3:TrackPointExtension>
            <ns3:hr>128</ns3:hr>
            <ns3:cad>84</ns3:cad>
          </ns3:TrackPointExtension>
        </extensions>
      </trkpt>
      <trkpt lat="31.25895269215106964111328125" lon="121.51619355194270610809326171875">
        <ele>2</ele>
        <time>2026-08-01T12:02:21.000Z</time>
        <extensions>
          <ns3:TrackPointExtension>
            <ns3:hr>128</ns3:hr>
            <ns3:cad>84</ns3:cad>
          </ns3:TrackPointExtension>
        </extensions>
      </trkpt>
      <trkpt lat="31.258767284452915191650390625" lon="121.5162843279540538787841796875">
        <ele>2.599999904632568359375</ele>
        <time>2026-08-01T12:02:29.000Z</time>
        <extensions>
          <ns3:TrackPointExtension>
            <ns3:hr>130</ns3:hr>
            <ns3:cad>84</ns3:cad>
          </ns3:TrackPointExtension>
        </extensions>
      </trkpt>
      <trkpt lat="31.2587500177323818206787109375" lon="121.51629924774169921875">
        <ele>2.7999999523162841796875</ele>
        <time>2026-08-01T12:02:30.000Z</time>
        <extensions>
          <ns3:TrackPointExtension>
            <ns3:hr>131</ns3:hr>
            <ns3:cad>84</ns3:cad>
          </ns3:TrackPointExtension>
        </extensions>
      </trkpt>
      <trkpt lat="31.2585934437811374664306640625" lon="121.516312323510646820068359375">
        <ele>4.19999980926513671875</ele>
        <time>2026-08-01T12:02:36.000Z</time>
        <extensions>
          <ns3:TrackPointExtension>
            <ns3:hr>133</ns3:hr>
            <ns3:cad>83</ns3:cad>
          </ns3:TrackPointExtension>
        </extensions>
      </trkpt>
      <trkpt lat="31.2585304118692874908447265625" lon="121.51615231297910213470458984375">
        <ele>4.80000019073486328125</ele>
        <time>2026-08-01T12:02:41.000Z</time>
        <extensions>
          <ns3:TrackPointExtension>
            <ns3:hr>133</ns3:hr>
            <ns3:cad>82</ns3:cad>
          </ns3:TrackPointExtension>
        </extensions>
      </trkpt>
      <trkpt lat="31.25846813432872295379638671875" lon="121.515934132039546966552734375">
        <ele>4.19999980926513671875</ele>
        <time>2026-08-01T12:02:48.000Z</time>
        <extensions>
          <ns3:TrackPointExtension>
            <ns3:hr>134</ns3:hr>
            <ns3:cad>83</ns3:cad>
          </ns3:TrackPointExtension>
        </extensions>
      </trkpt>
      <trkpt lat="31.2584576569497585296630859375" lon="121.51577956974506378173828125">
        <ele>3.2000000476837158203125</ele>
        <time>2026-08-01T12:02:53.000Z</time>
        <extensions>
          <ns3:TrackPointExtension>
            <ns3:hr>137</ns3:hr>
            <ns3:cad>83</ns3:cad>
          </ns3:TrackPointExtension>
        </extensions>
      </trkpt>
      <trkpt lat="31.25840929336845874786376953125" lon="121.5157046355307102203369140625">
        <ele>3.400000095367431640625</ele>
        <time>2026-08-01T12:02:56.000Z</time>
        <extensions>
          <ns3:TrackPointExtension>
            <ns3:hr>138</ns3:hr>
            <ns3:cad>83</ns3:cad>
          </ns3:TrackPointExtension>
        </extensions>
      </trkpt>
      <trkpt lat="31.25828884541988372802734375" lon="121.51552266441285610198974609375">
        <ele>3.400000095367431640625</ele>
        <time>2026-08-01T12:03:04.000Z</time>
        <extensions>
          <ns3:TrackPointExtension>
            <ns3:hr>139</ns3:hr>
            <ns3:cad>83</ns3:cad>
          </ns3:TrackPointExtension>
        </extensions>
      </trkpt>
      <trkpt lat="31.2582524679601192474365234375" lon="121.515446640551090240478515625">
        <ele>3.2000000476837158203125</ele>
        <time>2026-08-01T12:03:07.000Z</time>
        <extensions>
          <ns3:TrackPointExtension>
            <ns3:hr>140</ns3:hr>
            <ns3:cad>83</ns3:cad>
          </ns3:TrackPointExtension>
        </extensions>
      </trkpt>
      <trkpt lat="31.25816068612039089202880859375" lon="121.5152657590806484222412109375">
        <ele>3.400000095367431640625</ele>
        <time>2026-08-01T12:03:14.000Z</time>
        <extensions>
          <ns3:TrackPointExtension>
            <ns3:hr>139</ns3:hr>
            <ns3:cad>83</ns3:cad>
          </ns3:TrackPointExtension>
        </extensions>
      </trkpt>
      <trkpt lat="31.25809078104794025421142578125" lon="121.515179760754108428955078125">
        <ele>4.400000095367431640625</ele>
        <time>2026-08-01T12:03:18.000Z</time>
        <extensions>
          <ns3:TrackPointExtension>
            <ns3:hr>140</ns3:hr>
            <ns3:cad>82</ns3:cad>
          </ns3:TrackPointExtension>
        </extensions>
      </trkpt>
      <trkpt lat="31.25795080326497554779052734375" lon="121.5150065906345844268798828125">
        <ele>5.19999980926513671875</ele>
        <time>2026-08-01T12:03:26.000Z</time>
        <extensions>
          <ns3:TrackPointExtension>
            <ns3:hr>140</ns3:hr>
            <ns3:cad>82</ns3:cad>
          </ns3:TrackPointExtension>
        </extensions>
      </trkpt>
      <trkpt lat="31.2579373084008693695068359375" lon="121.5149836242198944091796875">
        <ele>5</ele>
        <time>2026-08-01T12:03:27.000Z</time>
        <extensions>
          <ns3:TrackPointExtension>
            <ns3:hr>140</ns3:hr>
            <ns3:cad>82</ns3:cad>
          </ns3:TrackPointExtension>
        </extensions>
      </trkpt>
      <trkpt lat="31.25783563591539859771728515625" lon="121.51482562534511089324951171875">
        <ele>5</ele>
        <time>2026-08-01T12:03:34.000Z</time>
        <extensions>
          <ns3:TrackPointExtension>
            <ns3:hr>143</ns3:hr>
            <ns3:cad>83</ns3:cad>
          </ns3:TrackPointExtension>
        </extensions>
      </trkpt>
      <trkpt lat="31.2577904574573040008544921875" lon="121.51475337333977222442626953125">
        <ele>5</ele>
        <time>2026-08-01T12:03:37.000Z</time>
        <extensions>
          <ns3:TrackPointExtension>
            <ns3:hr>144</ns3:hr>
            <ns3:cad>83</ns3:cad>
          </ns3:TrackPointExtension>
        </extensions>
      </trkpt>
      <trkpt lat="31.2576905451714992523193359375" lon="121.5145506151020526885986328125">
        <ele>5</ele>
        <time>2026-08-01T12:03:45.000Z</time>
        <extensions>
          <ns3:TrackPointExtension>
            <ns3:hr>145</ns3:hr>
            <ns3:cad>83</ns3:cad>
          </ns3:TrackPointExtension>
        </extensions>
      </trkpt>
      <trkpt lat="31.2576721049845218658447265625" lon="121.5144879184663295745849609375">
        <ele>5</ele>
        <time>2026-08-01T12:03:47.000Z</time>
        <extensions>
          <ns3:TrackPointExtension>
            <ns3:hr>145</ns3:hr>
            <ns3:cad>83</ns3:cad>
          </ns3:TrackPointExtension>
        </extensions>
      </trkpt>
      <trkpt lat="31.25754897482693195343017578125" lon="121.5142991580069065093994140625">
        <ele>5.80000019073486328125</ele>
        <time>2026-08-01T12:03:55.000Z</time>
        <extensions>
          <ns3:TrackPointExtension>
            <ns3:hr>147</ns3:hr>
            <ns3:cad>83</ns3:cad>
          </ns3:TrackPointExtension>
        </extensions>
      </trkpt>
      <trkpt lat="31.25743783079087734222412109375" lon="121.514109559357166290283203125">
        <ele>6.19999980926513671875</ele>
        <time>2026-08-01T12:04:02.000Z</time>
        <extensions>
          <ns3:TrackPointExtension>
            <ns3:hr>147</ns3:hr>
            <ns3:cad>84</ns3:cad>
          </ns3:TrackPointExtension>
        </extensions>
      </trkpt>
      <trkpt lat="31.257366500794887542724609375" lon="121.5140180289745330810546875">
        <ele>6.400000095367431640625</ele>
        <time>2026-08-01T12:04:06.000Z</time>
        <extensions>
          <ns3:TrackPointExtension>
            <ns3:hr>147</ns3:hr>
            <ns3:cad>83</ns3:cad>
          </ns3:TrackPointExtension>
        </extensions>
      </trkpt>
      <trkpt lat="31.2572473101317882537841796875" lon="121.5138381533324718475341796875">
        <ele>7.400000095367431640625</ele>
        <time>2026-08-01T12:04:13.000Z</time>
        <extensions>
          <ns3:TrackPointExtension>
            <ns3:hr>148</ns3:hr>
            <ns3:cad>83</ns3:cad>
          </ns3:TrackPointExtension>
        </extensions>
      </trkpt>
      <trkpt lat="31.2572027184069156646728515625" lon="121.513766907155513763427734375">
        <ele>8</ele>
        <time>2026-08-01T12:04:16.000Z</time>
        <extensions>
          <ns3:TrackPointExtension>
            <ns3:hr>149</ns3:hr>
            <ns3:cad>82</ns3:cad>
          </ns3:TrackPointExtension>
        </extensions>
      </trkpt>
      <trkpt lat="31.257135160267353057861328125" lon="121.51356004178524017333984375">
        <ele>9.3999996185302734375</ele>
        <time>2026-08-01T12:04:23.000Z</time>
        <extensions>
          <ns3:TrackPointExtension>
            <ns3:hr>150</ns3:hr>
            <ns3:cad>84</ns3:cad>
          </ns3:TrackPointExtension>
        </extensions>
      </trkpt>
      <trkpt lat="31.2571235932409763336181640625" lon="121.51350279338657855987548828125">
        <ele>9.6000003814697265625</ele>
        <time>2026-08-01T12:04:25.000Z</time>
        <extensions>
          <ns3:TrackPointExtension>
            <ns3:hr>151</ns3:hr>
            <ns3:cad>84</ns3:cad>
          </ns3:TrackPointExtension>
        </extensions>
      </trkpt>
      <trkpt lat="31.25705595128238201141357421875" lon="121.51330045424401760101318359375">
        <ele>9.6000003814697265625</ele>
        <time>2026-08-01T12:04:32.000Z</time>
        <extensions>
          <ns3:TrackPointExtension>
            <ns3:hr>151</ns3:hr>
            <ns3:cad>83</ns3:cad>
          </ns3:TrackPointExtension>
        </extensions>
      </trkpt>
      <trkpt lat="31.2569700367748737335205078125" lon="121.51310515590012073516845703125">
        <ele>9.19999980926513671875</ele>
        <time>2026-08-01T12:04:39.000Z</time>
        <extensions>
          <ns3:TrackPointExtension>
            <ns3:hr>152</ns3:hr>
            <ns3:cad>83</ns3:cad>
          </ns3:TrackPointExtension>
        </extensions>
      </trkpt>
      <trkpt lat="31.2568396143615245819091796875" lon="121.51294053532183170318603515625">
        <ele>9.3999996185302734375</ele>
        <time>2026-08-01T12:04:46.000Z</time>
        <extensions>
          <ns3:TrackPointExtension>
            <ns3:hr>152</ns3:hr>
            <ns3:cad>83</ns3:cad>
          </ns3:TrackPointExtension>
        </extensions>
      </trkpt>
      <trkpt lat="31.25682477839291095733642578125" lon="121.51291941292583942413330078125">
        <ele>9.3999996185302734375</ele>
        <time>2026-08-01T12:04:47.000Z</time>
        <extensions>
          <ns3:TrackPointExtension>
            <ns3:hr>153</ns3:hr>
            <ns3:cad>83</ns3:cad>
          </ns3:TrackPointExtension>
        </extensions>
      </trkpt>
      <trkpt lat="31.25671514309942722320556640625" lon="121.51274238713085651397705078125">
        <ele>9</ele>
        <time>2026-08-01T12:04:54.000Z</time>
        <extensions>
          <ns3:TrackPointExtension>
            <ns3:hr>153</ns3:hr>
            <ns3:cad>83</ns3:cad>
          </ns3:TrackPointExtension>
        </extensions>
      </trkpt>
      <trkpt lat="31.2566936016082763671875" lon="121.51271590031683444976806640625">
        <ele>9</ele>
        <time>2026-08-01T12:04:55.000Z</time>
        <extensions>
          <ns3:TrackPointExtension>
            <ns3:hr>153</ns3:hr>
            <ns3:cad>83</ns3:cad>
          </ns3:TrackPointExtension>
        </extensions>
      </trkpt>
      <trkpt lat="31.25658354721963405609130859375" lon="121.512519679963588714599609375">
        <ele>7.400000095367431640625</ele>
        <time>2026-08-01T12:05:03.000Z</time>
        <extensions>
          <ns3:TrackPointExtension>
            <ns3:hr>154</ns3:hr>
            <ns3:cad>83</ns3:cad>
          </ns3:TrackPointExtension>
        </extensions>
      </trkpt>
      <trkpt lat="31.2565340101718902587890625" lon="121.51241767220199108123779296875">
        <ele>6</ele>
        <time>2026-08-01T12:05:07.000Z</time>
        <extensions>
          <ns3:TrackPointExtension>
            <ns3:hr>154</ns3:hr>
            <ns3:cad>84</ns3:cad>
          </ns3:TrackPointExtension>
        </extensions>
      </trkpt>
      <trkpt lat="31.25648480840027332305908203125" lon="121.5123656205832958221435546875">
        <ele>5.19999980926513671875</ele>
        <time>2026-08-01T12:05:10.000Z</time>
        <extensions>
          <ns3:TrackPointExtension>
            <ns3:hr>154</ns3:hr>
            <ns3:cad>84</ns3:cad>
          </ns3:TrackPointExtension>
        </extensions>
      </trkpt>
      <trkpt lat="31.25645555555820465087890625" lon="121.5123619325459003448486328125">
        <ele>5.19999980926513671875</ele>
        <time>2026-08-01T12:05:11.000Z</time>
        <extensions>
          <ns3:TrackPointExtension>
            <ns3:hr>154</ns3:hr>
            <ns3:cad>42</ns3:cad>
          </ns3:TrackPointExtension>
        </extensions>
      </trkpt>
      <trkpt lat="31.25637232325971126556396484375" lon="121.5123416483402252197265625">
        <ele>5</ele>
        <time>2026-08-01T12:05:17.000Z</time>
        <extensions>
          <ns3:TrackPointExtension>
            <ns3:hr>153</ns3:hr>
            <ns3:cad>0</ns3:cad>
          </ns3:TrackPointExtension>
        </extensions>
      </trkpt>
      <trkpt lat="31.25628800131380558013916015625" lon="121.5123143233358860015869140625">
        <ele>4.80000019073486328125</ele>
        <time>2026-08-01T12:05:26.000Z</time>
        <extensions>
          <ns3:TrackPointExtension>
            <ns3:hr>151</ns3:hr>
            <ns3:cad>0</ns3:cad>
          </ns3:TrackPointExtension>
        </extensions>
      </trkpt>
      <trkpt lat="31.25624374486505985260009765625" lon="121.51225774548947811126708984375">
        <ele>4.400000095367431640625</ele>
        <time>2026-08-01T12:05:33.000Z</time>
        <extensions>
          <ns3:TrackPointExtension>
            <ns3:hr>148</ns3:hr>
            <ns3:cad>69</ns3:cad>
          </ns3:TrackPointExtension>
        </extensions>
      </trkpt>
      <trkpt lat="31.25622765161097049713134765625" lon="121.51224064640700817108154296875">
        <ele>4.400000095367431640625</ele>
        <time>2026-08-01T12:05:36.000Z</time>
        <extensions>
          <ns3:TrackPointExtension>
            <ns3:hr>147</ns3:hr>
            <ns3:cad>67</ns3:cad>
          </ns3:TrackPointExtension>
        </extensions>
      </trkpt>
      <trkpt lat="31.25621759332716464996337890625" lon="121.5122274868190288543701171875">
        <ele>4.400000095367431640625</ele>
        <time>2026-08-01T12:05:39.000Z</time>
        <extensions>
          <ns3:TrackPointExtension>
            <ns3:hr>144</ns3:hr>
            <ns3:cad>64</ns3:cad>
          </ns3:TrackPointExtension>
        </extensions>
      </trkpt>
      <trkpt lat="31.25622312538325786590576171875" lon="121.51221248321235179901123046875">
        <ele>4.19999980926513671875</ele>
        <time>2026-08-01T12:05:43.000Z</time>
        <extensions>
          <ns3:TrackPointExtension>
            <ns3:hr>141</ns3:hr>
            <ns3:cad>64</ns3:cad>
          </ns3:TrackPointExtension>
        </extensions>
      </trkpt>
      <trkpt lat="31.2562180124223232269287109375" lon="121.51221164502203464508056640625">
        <ele>4.400000095367431640625</ele>
        <time>2026-08-01T12:05:44.000Z</time>
        <extensions>
          <ns3:TrackPointExtension>
            <ns3:hr>139</ns3:hr>
            <ns3:cad>63</ns3:cad>
          </ns3:TrackPointExtension>
        </extensions>
      </trkpt>
      <trkpt lat="31.2562129832804203033447265625" lon="121.5121969766914844512939453125">
        <ele>4.19999980926513671875</ele>
        <time>2026-08-01T12:05:47.000Z</time>
        <extensions>
          <ns3:TrackPointExtension>
            <ns3:hr>136</ns3:hr>
            <ns3:cad>67</ns3:cad>
          </ns3:TrackPointExtension>
        </extensions>
      </trkpt>
      <trkpt lat="31.256211809813976287841796875" lon="121.51217074133455753326416015625">
        <ele>4.19999980926513671875</ele>
        <time>2026-08-01T12:05:52.000Z</time>
        <extensions>
          <ns3:TrackPointExtension>
            <ns3:hr>133</ns3:hr>
            <ns3:cad>69</ns3:cad>
          </ns3:TrackPointExtension>
        </extensions>
      </trkpt>
      <trkpt lat="31.25617660582065582275390625" lon="121.51211424730718135833740234375">
        <ele>4.19999980926513671875</ele>
        <time>2026-08-01T12:06:00.000Z</time>
        <extensions>
          <ns3:TrackPointExtension>
            <ns3:hr>135</ns3:hr>
            <ns3:cad>70</ns3:cad>
          </ns3:TrackPointExtension>
        </extensions>
      </trkpt>
      <trkpt lat="31.25607593916356563568115234375" lon="121.512038223445415496826171875">
        <ele>4.19999980926513671875</ele>
        <time>2026-08-01T12:06:10.000Z</time>
        <extensions>
          <ns3:TrackPointExtension>
            <ns3:hr>134</ns3:hr>
            <ns3:cad>78</ns3:cad>
          </ns3:TrackPointExtension>
        </extensions>
      </trkpt>
      <trkpt lat="31.255977451801300048828125" lon="121.51192666031420230865478515625">
        <ele>3.400000095367431640625</ele>
        <time>2026-08-01T12:06:17.000Z</time>
        <extensions>
          <ns3:TrackPointExtension>
            <ns3:hr>135</ns3:hr>
            <ns3:cad>82</ns3:cad>
          </ns3:TrackPointExtension>
        </extensions>
      </trkpt>
      <trkpt lat="31.25589338131248950958251953125" lon="121.51173412799835205078125">
        <ele>2.599999904632568359375</ele>
        <time>2026-08-01T12:06:26.000Z</time>
        <extensions>
          <ns3:TrackPointExtension>
            <ns3:hr>133</ns3:hr>
            <ns3:cad>83</ns3:cad>
          </ns3:TrackPointExtension>
        </extensions>
      </trkpt>
      <trkpt lat="31.2558512203395366668701171875" lon="121.51162608526647090911865234375">
        <ele>2.2000000476837158203125</ele>
        <time>2026-08-01T12:06:31.000Z</time>
        <extensions>
          <ns3:TrackPointExtension>
            <ns3:hr>133</ns3:hr>
            <ns3:cad>83</ns3:cad>
          </ns3:TrackPointExtension>
        </extensions>
      </trkpt>
      <trkpt lat="31.25584325753152370452880859375" lon="121.5114996023476123809814453125">
        <ele>2.2000000476837158203125</ele>
        <time>2026-08-01T12:06:36.000Z</time>
        <extensions>
          <ns3:TrackPointExtension>
            <ns3:hr>133</ns3:hr>
            <ns3:cad>83</ns3:cad>
          </ns3:TrackPointExtension>
        </extensions>
      </trkpt>
      <trkpt lat="31.2558612786233425140380859375" lon="121.5114737860858440399169921875">
        <ele>2.400000095367431640625</ele>
        <time>2026-08-01T12:06:37.000Z</time>
        <extensions>
          <ns3:TrackPointExtension>
            <ns3:hr>133</ns3:hr>
            <ns3:cad>83</ns3:cad>
          </ns3:TrackPointExtension>
        </extensions>
      </trkpt>
      <trkpt lat="31.25593696720898151397705078125" lon="121.51140027679502964019775390625">
        <ele>4</ele>
        <time>2026-08-01T12:06:43.000Z</time>
        <extensions>
          <ns3:TrackPointExtension>
            <ns3:hr>134</ns3:hr>
            <ns3:cad>81</ns3:cad>
          </ns3:TrackPointExtension>
        </extensions>
      </trkpt>
      <trkpt lat="31.25589572824537754058837890625" lon="121.51134319603443145751953125">
        <ele>3.7999999523162841796875</ele>
        <time>2026-08-01T12:06:51.000Z</time>
        <extensions>
          <ns3:TrackPointExtension>
            <ns3:hr>131</ns3:hr>
            <ns3:cad>47</ns3:cad>
          </ns3:TrackPointExtension>
        </extensions>
      </trkpt>
      <trkpt lat="31.25588952563703060150146484375" lon="121.51133355684578418731689453125">
        <ele>3.7999999523162841796875</ele>
        <time>2026-08-01T12:06:53.000Z</time>
        <extensions>
          <ns3:TrackPointExtension>
            <ns3:hr>132</ns3:hr>
            <ns3:cad>47</ns3:cad>
          </ns3:TrackPointExtension>
        </extensions>
      </trkpt>
      <trkpt lat="31.2558502145111560821533203125" lon="121.5112645737826824188232421875">
        <ele>3.7999999523162841796875</ele>
        <time>2026-08-01T12:07:01.000Z</time>
        <extensions>
          <ns3:TrackPointExtension>
            <ns3:hr>133</ns3:hr>
            <ns3:cad>49</ns3:cad>
          </ns3:TrackPointExtension>
        </extensions>
      </trkpt>
      <trkpt lat="31.25583336688578128814697265625" lon="121.511236913502216339111328125">
        <ele>3.7999999523162841796875</ele>
        <time>2026-08-01T12:07:04.000Z</time>
        <extensions>
          <ns3:TrackPointExtension>
            <ns3:hr>129</ns3:hr>
            <ns3:cad>51</ns3:cad>
          </ns3:TrackPointExtension>
        </extensions>
      </trkpt>
      <trkpt lat="31.2558103166520595550537109375" lon="121.51120782829821109771728515625">
        <ele>3.7999999523162841796875</ele>
        <time>2026-08-01T12:07:07.000Z</time>
        <extensions>
          <ns3:TrackPointExtension>
            <ns3:hr>126</ns3:hr>
            <ns3:cad>50</ns3:cad>
          </ns3:TrackPointExtension>
        </extensions>
      </trkpt>
      <trkpt lat="31.25580855645239353179931640625" lon="121.5112012065947055816650390625">
        <ele>3.7999999523162841796875</ele>
        <time>2026-08-01T12:07:08.000Z</time>
        <extensions>
          <ns3:TrackPointExtension>
            <ns3:hr>124</ns3:hr>
            <ns3:cad>49</ns3:cad>
          </ns3:TrackPointExtension>
        </extensions>
      </trkpt>
      <trkpt lat="31.25580285675823688507080078125" lon="121.511171199381351470947265625">
        <ele>4</ele>
        <time>2026-08-01T12:07:11.000Z</time>
        <extensions>
          <ns3:TrackPointExtension>
            <ns3:hr>121</ns3:hr>
            <ns3:cad>49</ns3:cad>
          </ns3:TrackPointExtension>
        </extensions>
      </trkpt>
      <trkpt lat="31.2557928822934627532958984375" lon="121.511150412261486053466796875">
        <ele>4</ele>
        <time>2026-08-01T12:07:13.000Z</time>
        <extensions>
          <ns3:TrackPointExtension>
            <ns3:hr>120</ns3:hr>
            <ns3:cad>49</ns3:cad>
          </ns3:TrackPointExtension>
        </extensions>
      </trkpt>
      <trkpt lat="31.25571685843169689178466796875" lon="121.511076986789703369140625">
        <ele>3.599999904632568359375</ele>
        <time>2026-08-01T12:07:19.000Z</time>
        <extensions>
          <ns3:TrackPointExtension>
            <ns3:hr>119</ns3:hr>
            <ns3:cad>82</ns3:cad>
          </ns3:TrackPointExtension>
        </extensions>
      </trkpt>
      <trkpt lat="31.2556450255215167999267578125" lon="121.51091261766850948333740234375">
        <ele>3</ele>
        <time>2026-08-01T12:07:26.000Z</time>
        <extensions>
          <ns3:TrackPointExtension>
            <ns3:hr>116</ns3:hr>
            <ns3:cad>85</ns3:cad>
          </ns3:TrackPointExtension>
        </extensions>
      </trkpt>
      <trkpt lat="31.25556263141334056854248046875" lon="121.5107033215463161468505859375">
        <ele>2.400000095367431640625</ele>
        <time>2026-08-01T12:07:35.000Z</time>
        <extensions>
          <ns3:TrackPointExtension>
            <ns3:hr>115</ns3:hr>
            <ns3:cad>83</ns3:cad>
          </ns3:TrackPointExtension>
        </extensions>
      </trkpt>
      <trkpt lat="31.2555414251983165740966796875" lon="121.51062243618071079254150390625">
        <ele>2</ele>
        <time>2026-08-01T12:07:38.000Z</time>
        <extensions>
          <ns3:TrackPointExtension>
            <ns3:hr>118</ns3:hr>
            <ns3:cad>83</ns3:cad>
          </ns3:TrackPointExtension>
        </extensions>
      </trkpt>
      <trkpt lat="31.25549398362636566162109375" lon="121.51052285917103290557861328125">
        <ele>3</ele>
        <time>2026-08-01T12:07:42.000Z</time>
        <extensions>
          <ns3:TrackPointExtension>
            <ns3:hr>121</ns3:hr>
            <ns3:cad>83</ns3:cad>
          </ns3:TrackPointExtension>
        </extensions>
      </trkpt>
      <trkpt lat="31.25548065640032291412353515625" lon="121.5105021558701992034912109375">
        <ele>3.400000095367431640625</ele>
        <time>2026-08-01T12:07:43.000Z</time>
        <extensions>
          <ns3:TrackPointExtension>
            <ns3:hr>121</ns3:hr>
            <ns3:cad>83</ns3:cad>
          </ns3:TrackPointExtension>
        </extensions>
      </trkpt>
      <trkpt lat="31.25544377602636814117431640625" lon="121.51043593883514404296875">
        <ele>4.400000095367431640625</ele>
        <time>2026-08-01T12:07:46.000Z</time>
        <extensions>
          <ns3:TrackPointExtension>
            <ns3:hr>122</ns3:hr>
            <ns3:cad>83</ns3:cad>
          </ns3:TrackPointExtension>
        </extensions>
      </trkpt>
      <trkpt lat="31.25539985485374927520751953125" lon="121.5103569813072681427001953125">
        <ele>5.400000095367431640625</ele>
        <time>2026-08-01T12:07:50.000Z</time>
        <extensions>
          <ns3:TrackPointExtension>
            <ns3:hr>123</ns3:hr>
            <ns3:cad>83</ns3:cad>
          </ns3:TrackPointExtension>
        </extensions>
      </trkpt>
    </trkseg>
  </trk>
</gpx>
