<gpx xmlns:ns3="http://www.garmin.com/xmlschemas/TrackPointExtension/v1" xmlns="http://www.topografix.com/GPX/1/1" xmlns:xsi="http://www.w3.org/2001/XMLSchema-instance" xmlns:ns2="http://www.garmin.com/xmlschemas/GpxExtensions/v3" creator="Garmin Connect" version="1.1" xsi:schemaLocation="http://www.topografix.com/GPX/1/1 http://www.topografix.com/GPX/11.xsd">
  <extensions>
<distance>3695.53</distance>
<average_hr>118.0</average_hr>
<average_speed>1.8700000047683718</average_speed>
<start_time>2026-08-07T07:02:21+00:00</start_time>
<end_time>2026-08-07T07:35:16.782000+00:00</end_time>
<moving_time>1738.834</moving_time>
<elapsed_time>1975.782</elapsed_time>
</extensions>
<metadata>
    <link href="connect.garmin.com">
      <text>Garmin Connect</text>
    </link>
    <time>2026-08-07T07:02:21.000Z</time>
  </metadata>
  <trk>
    <name>杨浦区 跑步</name>
    <type>running</type>
    <trkseg>
      <trkpt lat="31.30991860292851924896240234375" lon="121.49168260395526885986328125">
        <ele>4</ele>
        <time>2026-08-07T07:02:21.000Z</time>
        <extensions>
          <ns3:TrackPointExtension>
            <ns3:hr>75</ns3:hr>
            <ns3:cad>0</ns3:cad>
          </ns3:TrackPointExtension>
        </extensions>
      </trkpt>
      <trkpt lat="31.31000929512083530426025390625" lon="121.4916056580841541290283203125">
        <ele>4.400000095367431640625</ele>
        <time>2026-08-07T07:02:22.000Z</time>
        <extensions>
          <ns3:TrackPointExtension>
            <ns3:hr>75</ns3:hr>
            <ns3:cad>0</ns3:cad>
          </ns3:TrackPointExtension>
        </extensions>
      </trkpt>
      <trkpt lat="31.3100777752697467803955078125" lon="121.49154673330485820770263671875">
        <ele>4.599999904632568359375</ele>
        <time>2026-08-07T07:02:37.000Z</time>
        <extensions>
          <ns3:TrackPointExtension>
            <ns3:hr>78</ns3:hr>
            <ns3:cad>0</ns3:cad>
          </ns3:TrackPointExtension>
        </extensions>
      </trkpt>
      <trkpt lat="31.31007249467074871063232421875" lon="121.49154623039066791534423828125">
        <ele>4.599999904632568359375</ele>
        <time>2026-08-07T07:02:38.000Z</time>
        <extensions>
          <ns3:TrackPointExtension>
            <ns3:hr>79</ns3:hr>
            <ns3:cad>0</ns3:cad>
          </ns3:TrackPointExtension>
        </extensions>
      </trkpt>
      <trkpt lat="31.3100730814039707183837890625" lon="121.4915330708026885986328125">
        <ele>4.599999904632568359375</ele>
        <time>2026-08-07T07:02:46.000Z</time>
        <extensions>
          <ns3:TrackPointExtension>
            <ns3:hr>76</ns3:hr>
            <ns3:cad>0</ns3:cad>
          </ns3:TrackPointExtension>
        </extensions>
      </trkpt>
      <trkpt lat="31.31009395234286785125732421875" lon="121.49154606275260448455810546875">
        <ele>4.599999904632568359375</ele>
        <time>2026-08-07T07:03:17.000Z</time>
        <extensions>
          <ns3:TrackPointExtension>
            <ns3:hr>79</ns3:hr>
            <ns3:cad>0</ns3:cad>
          </ns3:TrackPointExtension>
        </extensions>
      </trkpt>
      <trkpt lat="31.3100521266460418701171875" lon="121.49157640524208545684814453125">
        <ele>4.400000095367431640625</ele>
        <time>2026-08-07T07:03:29.000Z</time>
        <extensions>
          <ns3:TrackPointExtension>
            <ns3:hr>80</ns3:hr>
            <ns3:cad>82</ns3:cad>
          </ns3:TrackPointExtension>
        </extensions>
      </trkpt>
      <trkpt lat="31.3098732568323612213134765625" lon="121.49158495478332042694091796875">
        <ele>3.599999904632568359375</ele>
        <time>2026-08-07T07:03:36.000Z</time>
        <extensions>
          <ns3:TrackPointExtension>
            <ns3:hr>84</ns3:hr>
            <ns3:cad>82</ns3:cad>
          </ns3:TrackPointExtension>
        </extensions>
      </trkpt>
      <trkpt lat="31.30981734953820705413818359375" lon="121.49159769527614116668701171875">
        <ele>3.400000095367431640625</ele>
        <time>2026-08-07T07:03:38.000Z</time>
        <extensions>
          <ns3:TrackPointExtension>
            <ns3:hr>88</ns3:hr>
            <ns3:cad>82</ns3:cad>
          </ns3:TrackPointExtension>
        </extensions>
      </trkpt>
      <trkpt lat="31.30977544002234935760498046875" lon="121.4915919117629528045654296875">
        <ele>3.2000000476837158203125</ele>
        <time>2026-08-07T07:03:40.000Z</time>
        <extensions>
          <ns3:TrackPointExtension>
            <ns3:hr>93</ns3:hr>
            <ns3:cad>81</ns3:cad>
          </ns3:TrackPointExtension>
        </extensions>
      </trkpt>
      <trkpt lat="31.309742666780948638916015625" lon="121.4915694482624530792236328125">
        <ele>3</ele>
        <time>2026-08-07T07:03:42.000Z</time>
        <extensions>
          <ns3:TrackPointExtension>
            <ns3:hr>96</ns3:hr>
            <ns3:cad>83</ns3:cad>
          </ns3:TrackPointExtension>
        </extensions>
      </trkpt>
      <trkpt lat="31.309737972915172576904296875" lon="121.4915550313889980316162109375">
        <ele>3</ele>
        <time>2026-08-07T07:03:43.000Z</time>
        <extensions>
          <ns3:TrackPointExtension>
            <ns3:hr>97</ns3:hr>
            <ns3:cad>83</ns3:cad>
          </ns3:TrackPointExtension>
        </extensions>
      </trkpt>
      <trkpt lat="31.30975968204438686370849609375" lon="121.49152435362339019775390625">
        <ele>3</ele>
        <time>2026-08-07T07:03:45.000Z</time>
        <extensions>
          <ns3:TrackPointExtension>
            <ns3:hr>98</ns3:hr>
            <ns3:cad>82</ns3:cad>
          </ns3:TrackPointExtension>
        </extensions>
      </trkpt>
      <trkpt lat="31.3098189420998096466064453125" lon="121.4913971163332462310791015625">
        <ele>3.2000000476837158203125</ele>
        <time>2026-08-07T07:03:50.000Z</time>
        <extensions>
          <ns3:TrackPointExtension>
            <ns3:hr>101</ns3:hr>
            <ns3:cad>83</ns3:cad>
          </ns3:TrackPointExtension>
        </extensions>
      </trkpt>
      <trkpt lat="31.30984098650515079498291015625" lon="121.491230316460132598876953125">
        <ele>3.2000000476837158203125</ele>
        <time>2026-08-07T07:03:56.000Z</time>
        <extensions>
          <ns3:TrackPointExtension>
            <ns3:hr>103</ns3:hr>
            <ns3:cad>83</ns3:cad>
          </ns3:TrackPointExtension>
        </extensions>
      </trkpt>
      <trkpt lat="31.30981869064271450042724609375" lon="121.491062007844448089599609375">
        <ele>2.599999904632568359375</ele>
        <time>2026-08-07T07:04:00.000Z</time>
        <extensions>
          <ns3:TrackPointExtension>
            <ns3:hr>107</ns3:hr>
            <ns3:cad>83</ns3:cad>
          </ns3:TrackPointExtension>
        </extensions>
      </trkpt>
      <trkpt lat="31.309807710349559783935546875" lon="121.49099905975162982940673828125">
        <ele>2.599999904632568359375</ele>
        <time>2026-08-07T07:04:03.000Z</time>
        <extensions>
          <ns3:TrackPointExtension>
            <ns3:hr>108</ns3:hr>
            <ns3:cad>83</ns3:cad>
          </ns3:TrackPointExtension>
        </extensions>
      </trkpt>
      <trkpt lat="31.30979237146675586700439453125" lon="121.49093887768685817718505859375">
        <ele>2.599999904632568359375</ele>
        <time>2026-08-07T07:04:05.000Z</time>
        <extensions>
          <ns3:TrackPointExtension>
            <ns3:hr>111</ns3:hr>
            <ns3:cad>83</ns3:cad>
          </ns3:TrackPointExtension>
        </extensions>
      </trkpt>
      <trkpt lat="31.30979253910481929779052734375" lon="121.49074827320873737335205078125">
        <ele>3.400000095367431640625</ele>
        <time>2026-08-07T07:04:11.000Z</time>
        <extensions>
          <ns3:TrackPointExtension>
            <ns3:hr>113</ns3:hr>
            <ns3:cad>85</ns3:cad>
          </ns3:TrackPointExtension>
        </extensions>
      </trkpt>
      <trkpt lat="31.30976990796625614166259765625" lon="121.49058667011559009552001953125">
        <ele>3.7999999523162841796875</ele>
        <time>2026-08-07T07:04:17.000Z</time>
        <extensions>
          <ns3:TrackPointExtension>
            <ns3:hr>115</ns3:hr>
            <ns3:cad>82</ns3:cad>
          </ns3:TrackPointExtension>
        </extensions>
      </trkpt>
      <trkpt lat="31.30979287438094615936279296875" lon="121.4904513023793697357177734375">
        <ele>4.400000095367431640625</ele>
        <time>2026-08-07T07:04:23.000Z</time>
        <extensions>
          <ns3:TrackPointExtension>
            <ns3:hr>117</ns3:hr>
            <ns3:cad>83</ns3:cad>
          </ns3:TrackPointExtension>
        </extensions>
      </trkpt>
      <trkpt lat="31.3098021782934665679931640625" lon="121.4902776293456554412841796875">
        <ele>4.599999904632568359375</ele>
        <time>2026-08-07T07:04:30.000Z</time>
        <extensions>
          <ns3:TrackPointExtension>
            <ns3:hr>118</ns3:hr>
            <ns3:cad>83</ns3:cad>
          </ns3:TrackPointExtension>
        </extensions>
      </trkpt>
      <trkpt lat="31.30979932844638824462890625" lon="121.49014209397137165069580078125">
        <ele>5.400000095367431640625</ele>
        <time>2026-08-07T07:04:36.000Z</time>
        <extensions>
          <ns3:TrackPointExtension>
            <ns3:hr>119</ns3:hr>
            <ns3:cad>83</ns3:cad>
          </ns3:TrackPointExtension>
        </extensions>
      </trkpt>
      <trkpt lat="31.30983763374388217926025390625" lon="121.48997914977371692657470703125">
        <ele>5.19999980926513671875</ele>
        <time>2026-08-07T07:04:43.000Z</time>
        <extensions>
          <ns3:TrackPointExtension>
            <ns3:hr>119</ns3:hr>
            <ns3:cad>83</ns3:cad>
          </ns3:TrackPointExtension>
        </extensions>
      </trkpt>
      <trkpt lat="31.30982656963169574737548828125" lon="121.48979625664651393890380859375">
        <ele>5.599999904632568359375</ele>
        <time>2026-08-07T07:04:50.000Z</time>
        <extensions>
          <ns3:TrackPointExtension>
            <ns3:hr>119</ns3:hr>
            <ns3:cad>83</ns3:cad>
          </ns3:TrackPointExtension>
        </extensions>
      </trkpt>
      <trkpt lat="31.30985372699797153472900390625" lon="121.48974713869392871856689453125">
        <ele>5.400000095367431640625</ele>
        <time>2026-08-07T07:04:54.000Z</time>
        <extensions>
          <ns3:TrackPointExtension>
            <ns3:hr>119</ns3:hr>
            <ns3:cad>83</ns3:cad>
          </ns3:TrackPointExtension>
        </extensions>
      </trkpt>
      <trkpt lat="31.3098725862801074981689453125" lon="121.48965510539710521697998046875">
        <ele>5.400000095367431640625</ele>
        <time>2026-08-07T07:05:00.000Z</time>
        <extensions>
          <ns3:TrackPointExtension>
            <ns3:hr>120</ns3:hr>
            <ns3:cad>0</ns3:cad>
          </ns3:TrackPointExtension>
        </extensions>
      </trkpt>
      <trkpt lat="31.3098779506981372833251953125" lon="121.48962895385921001434326171875">
        <ele>5.400000095367431640625</ele>
        <time>2026-08-07T07:05:01.000Z</time>
        <extensions>
          <ns3:TrackPointExtension>
            <ns3:hr>120</ns3:hr>
            <ns3:cad>0</ns3:cad>
          </ns3:TrackPointExtension>
        </extensions>
      </trkpt>
      <trkpt lat="31.3098836503922939300537109375" lon="121.489527784287929534912109375">
        <ele>5.400000095367431640625</ele>
        <time>2026-08-07T07:05:05.000Z</time>
        <extensions>
          <ns3:TrackPointExtension>
            <ns3:hr>122</ns3:hr>
            <ns3:cad>82</ns3:cad>
          </ns3:TrackPointExtension>
        </extensions>
      </trkpt>
      <trkpt lat="31.309899576008319854736328125" lon="121.48946483619511127471923828125">
        <ele>5.19999980926513671875</ele>
        <time>2026-08-07T07:05:08.000Z</time>
        <extensions>
          <ns3:TrackPointExtension>
            <ns3:hr>121</ns3:hr>
            <ns3:cad>84</ns3:cad>
          </ns3:TrackPointExtension>
        </extensions>
      </trkpt>
      <trkpt lat="31.30989898927509784698486328125" lon="121.489379592239856719970703125">
        <ele>5.19999980926513671875</ele>
        <time>2026-08-07T07:05:12.000Z</time>
        <extensions>
          <ns3:TrackPointExtension>
            <ns3:hr>118</ns3:hr>
            <ns3:cad>83</ns3:cad>
          </ns3:TrackPointExtension>
        </extensions>
      </trkpt>
      <trkpt lat="31.30988306365907192230224609375" lon="121.4893063344061374664306640625">
        <ele>5.599999904632568359375</ele>
        <time>2026-08-07T07:05:15.000Z</time>
        <extensions>
          <ns3:TrackPointExtension>
            <ns3:hr>115</ns3:hr>
            <ns3:cad>82</ns3:cad>
          </ns3:TrackPointExtension>
        </extensions>
      </trkpt>
      <trkpt lat="31.3098729215562343597412109375" lon="121.489244140684604644775390625">
        <ele>6</ele>
        <time>2026-08-07T07:05:18.000Z</time>
        <extensions>
          <ns3:TrackPointExtension>
            <ns3:hr>114</ns3:hr>
            <ns3:cad>81</ns3:cad>
          </ns3:TrackPointExtension>
        </extensions>
      </trkpt>
      <trkpt lat="31.30987585522234439849853515625" lon="121.489179767668247222900390625">
        <ele>6.19999980926513671875</ele>
        <time>2026-08-07T07:05:21.000Z</time>
        <extensions>
          <ns3:TrackPointExtension>
            <ns3:hr>113</ns3:hr>
            <ns3:cad>82</ns3:cad>
          </ns3:TrackPointExtension>
        </extensions>
      </trkpt>
      <trkpt lat="31.3098809681832790374755859375" lon="121.48906686343252658843994140625">
        <ele>6</ele>
        <time>2026-08-07T07:05:26.000Z</time>
        <extensions>
          <ns3:TrackPointExtension>
            <ns3:hr>114</ns3:hr>
            <ns3:cad>83</ns3:cad>
          </ns3:TrackPointExtension>
        </extensions>
      </trkpt>
      <trkpt lat="31.30988608114421367645263671875" lon="121.4890407957136631011962890625">
        <ele>6</ele>
        <time>2026-08-07T07:05:27.000Z</time>
        <extensions>
          <ns3:TrackPointExtension>
            <ns3:hr>114</ns3:hr>
            <ns3:cad>83</ns3:cad>
          </ns3:TrackPointExtension>
        </extensions>
      </trkpt>
      <trkpt lat="31.309913657605648040771484375" lon="121.48895186372101306915283203125">
        <ele>5.400000095367431640625</ele>
        <time>2026-08-07T07:05:31.000Z</time>
        <extensions>
          <ns3:TrackPointExtension>
            <ns3:hr>115</ns3:hr>
            <ns3:cad>82</ns3:cad>
          </ns3:TrackPointExtension>
        </extensions>
      </trkpt>
      <trkpt lat="31.30990770645439624786376953125" lon="121.488896794617176055908203125">
        <ele>5.19999980926513671875</ele>
        <time>2026-08-07T07:05:33.000Z</time>
        <extensions>
          <ns3:TrackPointExtension>
            <ns3:hr>116</ns3:hr>
            <ns3:cad>83</ns3:cad>
          </ns3:TrackPointExtension>
        </extensions>
      </trkpt>
      <trkpt lat="31.3099019229412078857421875" lon="121.48884843103587627410888671875">
        <ele>5</ele>
        <time>2026-08-07T07:05:35.000Z</time>
        <extensions>
          <ns3:TrackPointExtension>
            <ns3:hr>116</ns3:hr>
            <ns3:cad>82</ns3:cad>
          </ns3:TrackPointExtension>
        </extensions>
      </trkpt>
      <trkpt lat="31.30990116856992244720458984375" lon="121.488773413002490997314453125">
        <ele>4.80000019073486328125</ele>
        <time>2026-08-07T07:05:38.000Z</time>
        <extensions>
          <ns3:TrackPointExtension>
            <ns3:hr>116</ns3:hr>
            <ns3:cad>83</ns3:cad>
          </ns3:TrackPointExtension>
        </extensions>
      </trkpt>
      <trkpt lat="31.30990016274154186248779296875" lon="121.48868389427661895751953125">
        <ele>4.400000095367431640625</ele>
        <time>2026-08-07T07:05:42.000Z</time>
        <extensions>
          <ns3:TrackPointExtension>
            <ns3:hr>116</ns3:hr>
            <ns3:cad>83</ns3:cad>
          </ns3:TrackPointExtension>
        </extensions>
      </trkpt>
      <trkpt lat="31.30990066565573215484619140625" lon="121.48863921873271465301513671875">
        <ele>4.19999980926513671875</ele>
        <time>2026-08-07T07:05:44.000Z</time>
        <extensions>
          <ns3:TrackPointExtension>
            <ns3:hr>116</ns3:hr>
            <ns3:cad>82</ns3:cad>
          </ns3:TrackPointExtension>
        </extensions>
      </trkpt>
      <trkpt lat="31.3099165074527263641357421875" lon="121.48851047269999980926513671875">
        <ele>4.19999980926513671875</ele>
        <time>2026-08-07T07:05:49.000Z</time>
        <extensions>
          <ns3:TrackPointExtension>
            <ns3:hr>116</ns3:hr>
            <ns3:cad>82</ns3:cad>
          </ns3:TrackPointExtension>
        </extensions>
      </trkpt>
      <trkpt lat="31.30991323851048946380615234375" lon="121.4883008413016796112060546875">
        <ele>5</ele>
        <time>2026-08-07T07:05:57.000Z</time>
        <extensions>
          <ns3:TrackPointExtension>
            <ns3:hr>118</ns3:hr>
            <ns3:cad>82</ns3:cad>
          </ns3:TrackPointExtension>
        </extensions>
      </trkpt>
      <trkpt lat="31.3098943792283535003662109375" lon="121.48820252157747745513916015625">
        <ele>5</ele>
        <time>2026-08-07T07:06:01.000Z</time>
        <extensions>
          <ns3:TrackPointExtension>
            <ns3:hr>118</ns3:hr>
            <ns3:cad>83</ns3:cad>
          </ns3:TrackPointExtension>
        </extensions>
      </trkpt>
      <trkpt lat="31.3098970614373683929443359375" lon="121.48818098008632659912109375">
        <ele>5</ele>
        <time>2026-08-07T07:06:02.000Z</time>
        <extensions>
          <ns3:TrackPointExtension>
            <ns3:hr>118</ns3:hr>
            <ns3:cad>83</ns3:cad>
          </ns3:TrackPointExtension>
        </extensions>
      </trkpt>
      <trkpt lat="31.309904940426349639892578125" lon="121.4880373142659664154052734375">
        <ele>5</ele>
        <time>2026-08-07T07:06:08.000Z</time>
        <extensions>
          <ns3:TrackPointExtension>
            <ns3:hr>119</ns3:hr>
            <ns3:cad>82</ns3:cad>
          </ns3:TrackPointExtension>
        </extensions>
      </trkpt>
      <trkpt lat="31.30989915691316127777099609375" lon="121.4878589473664760589599609375">
        <ele>5.400000095367431640625</ele>
        <time>2026-08-07T07:06:15.000Z</time>
        <extensions>
          <ns3:TrackPointExtension>
            <ns3:hr>119</ns3:hr>
            <ns3:cad>83</ns3:cad>
          </ns3:TrackPointExtension>
        </extensions>
      </trkpt>
      <trkpt lat="31.3098916970193386077880859375" lon="121.48769692517817020416259765625">
        <ele>6.19999980926513671875</ele>
        <time>2026-08-07T07:06:21.000Z</time>
        <extensions>
          <ns3:TrackPointExtension>
            <ns3:hr>119</ns3:hr>
            <ns3:cad>83</ns3:cad>
          </ns3:TrackPointExtension>
        </extensions>
      </trkpt>
      <trkpt lat="31.30987015552818775177001953125" lon="121.487480588257312774658203125">
        <ele>7.400000095367431640625</ele>
        <time>2026-08-07T07:06:29.000Z</time>
        <extensions>
          <ns3:TrackPointExtension>
            <ns3:hr>119</ns3:hr>
            <ns3:cad>83</ns3:cad>
          </ns3:TrackPointExtension>
        </extensions>
      </trkpt>
      <trkpt lat="31.309889517724514007568359375" lon="121.4873966015875339508056640625">
        <ele>8.3999996185302734375</ele>
        <time>2026-08-07T07:06:33.000Z</time>
        <extensions>
          <ns3:TrackPointExtension>
            <ns3:hr>121</ns3:hr>
            <ns3:cad>84</ns3:cad>
          </ns3:TrackPointExtension>
        </extensions>
      </trkpt>
      <trkpt lat="31.30988406948745250701904296875" lon="121.48736584000289440155029296875">
        <ele>8.6000003814697265625</ele>
        <time>2026-08-07T07:06:34.000Z</time>
        <extensions>
          <ns3:TrackPointExtension>
            <ns3:hr>121</ns3:hr>
            <ns3:cad>84</ns3:cad>
          </ns3:TrackPointExtension>
        </extensions>
      </trkpt>
      <trkpt lat="31.30989161320030689239501953125" lon="121.4872158877551555633544921875">
        <ele>9.80000019073486328125</ele>
        <time>2026-08-07T07:06:40.000Z</time>
        <extensions>
          <ns3:TrackPointExtension>
            <ns3:hr>122</ns3:hr>
            <ns3:cad>84</ns3:cad>
          </ns3:TrackPointExtension>
        </extensions>
      </trkpt>
      <trkpt lat="31.30990049801766872406005859375" lon="121.4871910773217678070068359375">
        <ele>10</ele>
        <time>2026-08-07T07:06:41.000Z</time>
        <extensions>
          <ns3:TrackPointExtension>
            <ns3:hr>122</ns3:hr>
            <ns3:cad>83</ns3:cad>
          </ns3:TrackPointExtension>
        </extensions>
      </trkpt>
      <trkpt lat="31.30991139449179172515869140625" lon="121.4870220981538295745849609375">
        <ele>10</ele>
        <time>2026-08-07T07:06:48.000Z</time>
        <extensions>
          <ns3:TrackPointExtension>
            <ns3:hr>124</ns3:hr>
            <ns3:cad>83</ns3:cad>
          </ns3:TrackPointExtension>
        </extensions>
      </trkpt>
      <trkpt lat="31.30989546887576580047607421875" lon="121.48688681423664093017578125">
        <ele>10</ele>
        <time>2026-08-07T07:06:53.000Z</time>
        <extensions>
          <ns3:TrackPointExtension>
            <ns3:hr>124</ns3:hr>
            <ns3:cad>84</ns3:cad>
          </ns3:TrackPointExtension>
        </extensions>
      </trkpt>
      <trkpt lat="31.30990083329379558563232421875" lon="121.4868276380002498626708984375">
        <ele>9.80000019073486328125</ele>
        <time>2026-08-07T07:06:55.000Z</time>
        <extensions>
          <ns3:TrackPointExtension>
            <ns3:hr>124</ns3:hr>
            <ns3:cad>84</ns3:cad>
          </ns3:TrackPointExtension>
        </extensions>
      </trkpt>
      <trkpt lat="31.30990871228277683258056640625" lon="121.486616246402263641357421875">
        <ele>9</ele>
        <time>2026-08-07T07:07:02.000Z</time>
        <extensions>
          <ns3:TrackPointExtension>
            <ns3:hr>126</ns3:hr>
            <ns3:cad>83</ns3:cad>
          </ns3:TrackPointExtension>
        </extensions>
      </trkpt>
      <trkpt lat="31.3099071197211742401123046875" lon="121.48659688420593738555908203125">
        <ele>8.80000019073486328125</ele>
        <time>2026-08-07T07:07:03.000Z</time>
        <extensions>
          <ns3:TrackPointExtension>
            <ns3:hr>126</ns3:hr>
            <ns3:cad>83</ns3:cad>
          </ns3:TrackPointExtension>
        </extensions>
      </trkpt>
      <trkpt lat="31.30990385077893733978271484375" lon="121.48651809431612491607666015625">
        <ele>8.19999980926513671875</ele>
        <time>2026-08-07T07:07:08.000Z</time>
        <extensions>
          <ns3:TrackPointExtension>
            <ns3:hr>127</ns3:hr>
            <ns3:cad>57</ns3:cad>
          </ns3:TrackPointExtension>
        </extensions>
      </trkpt>
      <trkpt lat="31.30990586243569850921630859375" lon="121.48647903464734554290771484375">
        <ele>8</ele>
        <time>2026-08-07T07:07:11.000Z</time>
        <extensions>
          <ns3:TrackPointExtension>
            <ns3:hr>126</ns3:hr>
            <ns3:cad>57</ns3:cad>
          </ns3:TrackPointExtension>
        </extensions>
      </trkpt>
      <trkpt lat="31.3099017553031444549560546875" lon="121.486453302204608917236328125">
        <ele>7.80000019073486328125</ele>
        <time>2026-08-07T07:07:13.000Z</time>
        <extensions>
          <ns3:TrackPointExtension>
            <ns3:hr>126</ns3:hr>
            <ns3:cad>57</ns3:cad>
          </ns3:TrackPointExtension>
        </extensions>
      </trkpt>
      <trkpt lat="31.30990393459796905517578125" lon="121.486407034099102020263671875">
        <ele>7.400000095367431640625</ele>
        <time>2026-08-07T07:07:18.000Z</time>
        <extensions>
          <ns3:TrackPointExtension>
            <ns3:hr>128</ns3:hr>
            <ns3:cad>58</ns3:cad>
          </ns3:TrackPointExtension>
        </extensions>
      </trkpt>
      <trkpt lat="31.3099111430346965789794921875" lon="121.48627921007573604583740234375">
        <ele>6.19999980926513671875</ele>
        <time>2026-08-07T07:07:26.000Z</time>
        <extensions>
          <ns3:TrackPointExtension>
            <ns3:hr>128</ns3:hr>
            <ns3:cad>56</ns3:cad>
          </ns3:TrackPointExtension>
        </extensions>
      </trkpt>
      <trkpt lat="31.3099171780049800872802734375" lon="121.48626697249710559844970703125">
        <ele>6.19999980926513671875</ele>
        <time>2026-08-07T07:07:27.000Z</time>
        <extensions>
          <ns3:TrackPointExtension>
            <ns3:hr>128</ns3:hr>
            <ns3:cad>54</ns3:cad>
          </ns3:TrackPointExtension>
        </extensions>
      </trkpt>
      <trkpt lat="31.30992472171783447265625" lon="121.4862127415835857391357421875">
        <ele>5.599999904632568359375</ele>
        <time>2026-08-07T07:07:31.000Z</time>
        <extensions>
          <ns3:TrackPointExtension>
            <ns3:hr>125</ns3:hr>
            <ns3:cad>54</ns3:cad>
          </ns3:TrackPointExtension>
        </extensions>
      </trkpt>
      <trkpt lat="31.30992195568978786468505859375" lon="121.48617845959961414337158203125">
        <ele>5.19999980926513671875</ele>
        <time>2026-08-07T07:07:33.000Z</time>
        <extensions>
          <ns3:TrackPointExtension>
            <ns3:hr>124</ns3:hr>
            <ns3:cad>56</ns3:cad>
          </ns3:TrackPointExtension>
        </extensions>
      </trkpt>
      <trkpt lat="31.30992271006107330322265625" lon="121.48616370745003223419189453125">
        <ele>5</ele>
        <time>2026-08-07T07:07:34.000Z</time>
        <extensions>
          <ns3:TrackPointExtension>
            <ns3:hr>123</ns3:hr>
            <ns3:cad>56</ns3:cad>
          </ns3:TrackPointExtension>
        </extensions>
      </trkpt>
      <trkpt lat="31.309909634292125701904296875" lon="121.48613705299794673919677734375">
        <ele>4.80000019073486328125</ele>
        <time>2026-08-07T07:07:37.000Z</time>
        <extensions>
          <ns3:TrackPointExtension>
            <ns3:hr>123</ns3:hr>
            <ns3:cad>57</ns3:cad>
          </ns3:TrackPointExtension>
        </extensions>
      </trkpt>
      <trkpt lat="31.30988524295389652252197265625" lon="121.48606899194419384002685546875">
        <ele>4</ele>
        <time>2026-08-07T07:07:42.000Z</time>
        <extensions>
          <ns3:TrackPointExtension>
            <ns3:hr>120</ns3:hr>
            <ns3:cad>57</ns3:cad>
          </ns3:TrackPointExtension>
        </extensions>
      </trkpt>
      <trkpt lat="31.30987267009913921356201171875" lon="121.48604401387274265289306640625">
        <ele>4</ele>
        <time>2026-08-07T07:07:44.000Z</time>
        <extensions>
          <ns3:TrackPointExtension>
            <ns3:hr>119</ns3:hr>
            <ns3:cad>57</ns3:cad>
          </ns3:TrackPointExtension>
        </extensions>
      </trkpt>
      <trkpt lat="31.30982992239296436309814453125" lon="121.48599238134920597076416015625">
        <ele>4</ele>
        <time>2026-08-07T07:07:49.000Z</time>
        <extensions>
          <ns3:TrackPointExtension>
            <ns3:hr>117</ns3:hr>
            <ns3:cad>56</ns3:cad>
          </ns3:TrackPointExtension>
        </extensions>
      </trkpt>
      <trkpt lat="31.3098065368831157684326171875" lon="121.48597427643835544586181640625">
        <ele>4</ele>
        <time>2026-08-07T07:07:52.000Z</time>
        <extensions>
          <ns3:TrackPointExtension>
            <ns3:hr>115</ns3:hr>
            <ns3:cad>57</ns3:cad>
          </ns3:TrackPointExtension>
        </extensions>
      </trkpt>
      <trkpt lat="31.3097948022186756134033203125" lon="121.48597125895321369171142578125">
        <ele>4</ele>
        <time>2026-08-07T07:07:53.000Z</time>
        <extensions>
          <ns3:TrackPointExtension>
            <ns3:hr>115</ns3:hr>
            <ns3:cad>56</ns3:cad>
          </ns3:TrackPointExtension>
        </extensions>
      </trkpt>
      <trkpt lat="31.3097431696951389312744140625" lon="121.48596019484102725982666015625">
        <ele>4.19999980926513671875</ele>
        <time>2026-08-07T07:07:57.000Z</time>
        <extensions>
          <ns3:TrackPointExtension>
            <ns3:hr>114</ns3:hr>
            <ns3:cad>55</ns3:cad>
          </ns3:TrackPointExtension>
        </extensions>
      </trkpt>
      <trkpt lat="31.30959170870482921600341796875" lon="121.48591560311615467071533203125">
        <ele>4.599999904632568359375</ele>
        <time>2026-08-07T07:08:04.000Z</time>
        <extensions>
          <ns3:TrackPointExtension>
            <ns3:hr>113</ns3:hr>
            <ns3:cad>57</ns3:cad>
          </ns3:TrackPointExtension>
        </extensions>
      </trkpt>
      <trkpt lat="31.3095198757946491241455078125" lon="121.4858942292630672454833984375">
        <ele>4.80000019073486328125</ele>
        <time>2026-08-07T07:08:08.000Z</time>
        <extensions>
          <ns3:TrackPointExtension>
            <ns3:hr>113</ns3:hr>
            <ns3:cad>57</ns3:cad>
          </ns3:TrackPointExtension>
        </extensions>
      </trkpt>
      <trkpt lat="31.30948224104940891265869140625" lon="121.48586221039295196533203125">
        <ele>4.80000019073486328125</ele>
        <time>2026-08-07T07:08:10.000Z</time>
        <extensions>
          <ns3:TrackPointExtension>
            <ns3:hr>113</ns3:hr>
            <ns3:cad>57</ns3:cad>
          </ns3:TrackPointExtension>
        </extensions>
      </trkpt>
      <trkpt lat="31.30940512754023075103759765625" lon="121.48580714128911495208740234375">
        <ele>4.80000019073486328125</ele>
        <time>2026-08-07T07:08:14.000Z</time>
        <extensions>
          <ns3:TrackPointExtension>
            <ns3:hr>114</ns3:hr>
            <ns3:cad>0</ns3:cad>
          </ns3:TrackPointExtension>
        </extensions>
      </trkpt>
      <trkpt lat="31.30939791910350322723388671875" lon="121.48580186069011688232421875">
        <ele>4.80000019073486328125</ele>
        <time>2026-08-07T07:08:15.000Z</time>
        <extensions>
          <ns3:TrackPointExtension>
            <ns3:hr>113</ns3:hr>
            <ns3:cad>0</ns3:cad>
          </ns3:TrackPointExtension>
        </extensions>
      </trkpt>
      <trkpt lat="31.3093440234661102294921875" lon="121.48575735278427600860595703125">
        <ele>4.80000019073486328125</ele>
        <time>2026-08-07T07:08:20.000Z</time>
        <extensions>
          <ns3:TrackPointExtension>
            <ns3:hr>116</ns3:hr>
            <ns3:cad>82</ns3:cad>
          </ns3:TrackPointExtension>
        </extensions>
      </trkpt>
      <trkpt lat="31.30932181142270565032958984375" lon="121.4857554249465465545654296875">
        <ele>5</ele>
        <time>2026-08-07T07:08:21.000Z</time>
        <extensions>
          <ns3:TrackPointExtension>
            <ns3:hr>116</ns3:hr>
            <ns3:cad>82</ns3:cad>
          </ns3:TrackPointExtension>
        </extensions>
      </trkpt>
      <trkpt lat="31.3092018663883209228515625" lon="121.4857715182006359100341796875">
        <ele>5.599999904632568359375</ele>
        <time>2026-08-07T07:08:26.000Z</time>
        <extensions>
          <ns3:TrackPointExtension>
            <ns3:hr>119</ns3:hr>
            <ns3:cad>84</ns3:cad>
          </ns3:TrackPointExtension>
        </extensions>
      </trkpt>
      <trkpt lat="31.309153921902179718017578125" lon="121.48578065447509288787841796875">
        <ele>5.599999904632568359375</ele>
        <time>2026-08-07T07:08:28.000Z</time>
        <extensions>
          <ns3:TrackPointExtension>
            <ns3:hr>120</ns3:hr>
            <ns3:cad>84</ns3:cad>
          </ns3:TrackPointExtension>
        </extensions>
      </trkpt>
      <trkpt lat="31.308993995189666748046875" lon="121.48580110631883144378662109375">
        <ele>6</ele>
        <time>2026-08-07T07:08:34.000Z</time>
        <extensions>
          <ns3:TrackPointExtension>
            <ns3:hr>117</ns3:hr>
            <ns3:cad>83</ns3:cad>
          </ns3:TrackPointExtension>
        </extensions>
      </trkpt>
      <trkpt lat="31.3089727051556110382080078125" lon="121.48580378852784633636474609375">
        <ele>6</ele>
        <time>2026-08-07T07:08:35.000Z</time>
        <extensions>
          <ns3:TrackPointExtension>
            <ns3:hr>120</ns3:hr>
            <ns3:cad>83</ns3:cad>
          </ns3:TrackPointExtension>
        </extensions>
      </trkpt>
      <trkpt lat="31.3089492358267307281494140625" lon="121.4858070574700832366943359375">
        <ele>6</ele>
        <time>2026-08-07T07:08:36.000Z</time>
        <extensions>
          <ns3:TrackPointExtension>
            <ns3:hr>117</ns3:hr>
            <ns3:cad>83</ns3:cad>
          </ns3:TrackPointExtension>
        </extensions>
      </trkpt>
      <trkpt lat="31.3089255988597869873046875" lon="121.48580781184136867523193359375">
        <ele>6</ele>
        <time>2026-08-07T07:08:37.000Z</time>
        <extensions>
          <ns3:TrackPointExtension>
            <ns3:hr>112</ns3:hr>
            <ns3:cad>83</ns3:cad>
          </ns3:TrackPointExtension>
        </extensions>
      </trkpt>
      <trkpt lat="31.30890305154025554656982421875" lon="121.48580915294587612152099609375">
        <ele>6</ele>
        <time>2026-08-07T07:08:38.000Z</time>
        <extensions>
          <ns3:TrackPointExtension>
            <ns3:hr>108</ns3:hr>
            <ns3:cad>83</ns3:cad>
          </ns3:TrackPointExtension>
        </extensions>
      </trkpt>
      <trkpt lat="31.30870188586413860321044921875" lon="121.4858228154480457305908203125">
        <ele>6.19999980926513671875</ele>
        <time>2026-08-07T07:08:47.000Z</time>
        <extensions>
          <ns3:TrackPointExtension>
            <ns3:hr>109</ns3:hr>
            <ns3:cad>83</ns3:cad>
          </ns3:TrackPointExtension>
        </extensions>
      </trkpt>
      <trkpt lat="31.308608092367649078369140625" lon="121.48581485264003276824951171875">
        <ele>6</ele>
        <time>2026-08-07T07:08:51.000Z</time>
        <extensions>
          <ns3:TrackPointExtension>
            <ns3:hr>112</ns3:hr>
            <ns3:cad>83</ns3:cad>
          </ns3:TrackPointExtension>
        </extensions>
      </trkpt>
      <trkpt lat="31.3085586391389369964599609375" lon="121.485784761607646942138671875">
        <ele>6</ele>
        <time>2026-08-07T07:08:54.000Z</time>
        <extensions>
          <ns3:TrackPointExtension>
            <ns3:hr>113</ns3:hr>
            <ns3:cad>83</ns3:cad>
          </ns3:TrackPointExtension>
        </extensions>
      </trkpt>
      <trkpt lat="31.308451183140277862548828125" lon="121.48577780462801456451416015625">
        <ele>5.80000019073486328125</ele>
        <time>2026-08-07T07:09:00.000Z</time>
        <extensions>
          <ns3:TrackPointExtension>
            <ns3:hr>114</ns3:hr>
            <ns3:cad>82</ns3:cad>
          </ns3:TrackPointExtension>
        </extensions>
      </trkpt>
      <trkpt lat="31.30829066969454288482666015625" lon="121.4857735298573970794677734375">
        <ele>5.19999980926513671875</ele>
        <time>2026-08-07T07:09:08.000Z</time>
        <extensions>
          <ns3:TrackPointExtension>
            <ns3:hr>116</ns3:hr>
            <ns3:cad>83</ns3:cad>
          </ns3:TrackPointExtension>
        </extensions>
      </trkpt>
      <trkpt lat="31.30811381153762340545654296875" lon="121.48576422594487667083740234375">
        <ele>4.599999904632568359375</ele>
        <time>2026-08-07T07:09:17.000Z</time>
        <extensions>
          <ns3:TrackPointExtension>
            <ns3:hr>118</ns3:hr>
            <ns3:cad>82</ns3:cad>
          </ns3:TrackPointExtension>
        </extensions>
      </trkpt>
      <trkpt lat="31.30796209909021854400634765625" lon="121.4857530780136585235595703125">
        <ele>4</ele>
        <time>2026-08-07T07:09:25.000Z</time>
        <extensions>
          <ns3:TrackPointExtension>
            <ns3:hr>118</ns3:hr>
            <ns3:cad>82</ns3:cad>
          </ns3:TrackPointExtension>
        </extensions>
      </trkpt>
      <trkpt lat="31.30777786485850811004638671875" lon="121.48575735278427600860595703125">
        <ele>4.19999980926513671875</ele>
        <time>2026-08-07T07:09:33.000Z</time>
        <extensions>
          <ns3:TrackPointExtension>
            <ns3:hr>121</ns3:hr>
            <ns3:cad>83</ns3:cad>
          </ns3:TrackPointExtension>
        </extensions>
      </trkpt>
      <trkpt lat="31.3077543117105960845947265625" lon="121.48575919680297374725341796875">
        <ele>4.19999980926513671875</ele>
        <time>2026-08-07T07:09:34.000Z</time>
        <extensions>
          <ns3:TrackPointExtension>
            <ns3:hr>121</ns3:hr>
            <ns3:cad>83</ns3:cad>
          </ns3:TrackPointExtension>
        </extensions>
      </trkpt>
      <trkpt lat="31.30760486237704753875732421875" lon="121.4857892878353595733642578125">
        <ele>4.599999904632568359375</ele>
        <time>2026-08-07T07:09:40.000Z</time>
        <extensions>
          <ns3:TrackPointExtension>
            <ns3:hr>124</ns3:hr>
            <ns3:cad>83</ns3:cad>
          </ns3:TrackPointExtension>
        </extensions>
      </trkpt>
      <trkpt lat="31.3075430877506732940673828125" lon="121.4857825823128223419189453125">
        <ele>5</ele>
        <time>2026-08-07T07:09:43.000Z</time>
        <extensions>
          <ns3:TrackPointExtension>
            <ns3:hr>124</ns3:hr>
            <ns3:cad>82</ns3:cad>
          </ns3:TrackPointExtension>
        </extensions>
      </trkpt>
      <trkpt lat="31.30741140805184841156005859375" lon="121.485790126025676727294921875">
        <ele>6</ele>
        <time>2026-08-07T07:09:50.000Z</time>
        <extensions>
          <ns3:TrackPointExtension>
            <ns3:hr>125</ns3:hr>
            <ns3:cad>82</ns3:cad>
          </ns3:TrackPointExtension>
        </extensions>
      </trkpt>
      <trkpt lat="31.30721543915569782257080078125" lon="121.48579238913953304290771484375">
        <ele>6</ele>
        <time>2026-08-07T07:09:59.000Z</time>
        <extensions>
          <ns3:TrackPointExtension>
            <ns3:hr>126</ns3:hr>
            <ns3:cad>82</ns3:cad>
          </ns3:TrackPointExtension>
        </extensions>
      </trkpt>
      <trkpt lat="31.3070733658969402313232421875" lon="121.4857946522533893585205078125">
        <ele>6</ele>
        <time>2026-08-07T07:10:07.000Z</time>
        <extensions>
          <ns3:TrackPointExtension>
            <ns3:hr>128</ns3:hr>
            <ns3:cad>0</ns3:cad>
          </ns3:TrackPointExtension>
        </extensions>
      </trkpt>
      <trkpt lat="31.307008154690265655517578125" lon="121.48579909466207027435302734375">
        <ele>6</ele>
        <time>2026-08-07T07:10:14.000Z</time>
        <extensions>
          <ns3:TrackPointExtension>
            <ns3:hr>127</ns3:hr>
            <ns3:cad>53</ns3:cad>
          </ns3:TrackPointExtension>
        </extensions>
      </trkpt>
      <trkpt lat="31.30699776113033294677734375" lon="121.48580026812851428985595703125">
        <ele>6</ele>
        <time>2026-08-07T07:10:15.000Z</time>
        <extensions>
          <ns3:TrackPointExtension>
            <ns3:hr>127</ns3:hr>
            <ns3:cad>53</ns3:cad>
          </ns3:TrackPointExtension>
        </extensions>
      </trkpt>
      <trkpt lat="31.306943781673908233642578125" lon="121.48578844964504241943359375">
        <ele>6</ele>
        <time>2026-08-07T07:10:21.000Z</time>
        <extensions>
          <ns3:TrackPointExtension>
            <ns3:hr>128</ns3:hr>
            <ns3:cad>55</ns3:cad>
          </ns3:TrackPointExtension>
        </extensions>
      </trkpt>
      <trkpt lat="31.3068608008325099945068359375" lon="121.48577277548611164093017578125">
        <ele>6</ele>
        <time>2026-08-07T07:10:30.000Z</time>
        <extensions>
          <ns3:TrackPointExtension>
            <ns3:hr>125</ns3:hr>
            <ns3:cad>55</ns3:cad>
          </ns3:TrackPointExtension>
        </extensions>
      </trkpt>
      <trkpt lat="31.3068319670855998992919921875" lon="121.48577948100864887237548828125">
        <ele>6</ele>
        <time>2026-08-07T07:10:33.000Z</time>
        <extensions>
          <ns3:TrackPointExtension>
            <ns3:hr>122</ns3:hr>
            <ns3:cad>55</ns3:cad>
          </ns3:TrackPointExtension>
        </extensions>
      </trkpt>
      <trkpt lat="31.30678184330463409423828125" lon="121.48577277548611164093017578125">
        <ele>5.80000019073486328125</ele>
        <time>2026-08-07T07:10:37.000Z</time>
        <extensions>
          <ns3:TrackPointExtension>
            <ns3:hr>119</ns3:hr>
            <ns3:cad>57</ns3:cad>
          </ns3:TrackPointExtension>
        </extensions>
      </trkpt>
      <trkpt lat="31.3067635707557201385498046875" lon="121.485748551785945892333984375">
        <ele>5.80000019073486328125</ele>
        <time>2026-08-07T07:10:38.000Z</time>
        <extensions>
          <ns3:TrackPointExtension>
            <ns3:hr>119</ns3:hr>
            <ns3:cad>55</ns3:cad>
          </ns3:TrackPointExtension>
        </extensions>
      </trkpt>
      <trkpt lat="31.3067276962101459503173828125" lon="121.4857312850654125213623046875">
        <ele>5.599999904632568359375</ele>
        <time>2026-08-07T07:10:41.000Z</time>
        <extensions>
          <ns3:TrackPointExtension>
            <ns3:hr>116</ns3:hr>
            <ns3:cad>0</ns3:cad>
          </ns3:TrackPointExtension>
        </extensions>
      </trkpt>
      <trkpt lat="31.30668151192367076873779296875" lon="121.4857287704944610595703125">
        <ele>5.400000095367431640625</ele>
        <time>2026-08-07T07:10:45.000Z</time>
        <extensions>
          <ns3:TrackPointExtension>
            <ns3:hr>113</ns3:hr>
            <ns3:cad>0</ns3:cad>
          </ns3:TrackPointExtension>
        </extensions>
      </trkpt>
      <trkpt lat="31.3066073320806026458740234375" lon="121.485684178769588470458984375">
        <ele>5.19999980926513671875</ele>
        <time>2026-08-07T07:10:54.000Z</time>
        <extensions>
          <ns3:TrackPointExtension>
            <ns3:hr>110</ns3:hr>
            <ns3:cad>0</ns3:cad>
          </ns3:TrackPointExtension>
        </extensions>
      </trkpt>
      <trkpt lat="31.3066033087670803070068359375" lon="121.4856742881238460540771484375">
        <ele>5.19999980926513671875</ele>
        <time>2026-08-07T07:10:56.000Z</time>
        <extensions>
          <ns3:TrackPointExtension>
            <ns3:hr>107</ns3:hr>
            <ns3:cad>0</ns3:cad>
          </ns3:TrackPointExtension>
        </extensions>
      </trkpt>
      <trkpt lat="31.30660490132868289947509765625" lon="121.485670097172260284423828125">
        <ele>5.19999980926513671875</ele>
        <time>2026-08-07T07:11:00.000Z</time>
        <extensions>
          <ns3:TrackPointExtension>
            <ns3:hr>104</ns3:hr>
            <ns3:cad>0</ns3:cad>
          </ns3:TrackPointExtension>
        </extensions>
      </trkpt>
      <trkpt lat="31.3066012971103191375732421875" lon="121.4856759645044803619384765625">
        <ele>5.19999980926513671875</ele>
        <time>2026-08-07T07:11:04.000Z</time>
        <extensions>
          <ns3:TrackPointExtension>
            <ns3:hr>103</ns3:hr>
            <ns3:cad>0</ns3:cad>
          </ns3:TrackPointExtension>
        </extensions>
      </trkpt>
      <trkpt lat="31.30660657770931720733642578125" lon="121.4856759645044803619384765625">
        <ele>5.19999980926513671875</ele>
        <time>2026-08-07T07:11:14.000Z</time>
        <extensions>
          <ns3:TrackPointExtension>
            <ns3:hr>106</ns3:hr>
            <ns3:cad>0</ns3:cad>
          </ns3:TrackPointExtension>
        </extensions>
      </trkpt>
      <trkpt lat="31.30660657770931720733642578125" lon="121.4856759645044803619384765625">
        <ele>5.19999980926513671875</ele>
        <time>2026-08-07T07:11:16.000Z</time>
        <extensions>
          <ns3:TrackPointExtension>
            <ns3:hr>106</ns3:hr>
            <ns3:cad>0</ns3:cad>
          </ns3:TrackPointExtension>
        </extensions>
      </trkpt>
      <trkpt lat="31.30660657770931720733642578125" lon="121.4856759645044803619384765625">
        <ele>5.19999980926513671875</ele>
        <time>2026-08-07T07:11:19.000Z</time>
        <extensions>
          <ns3:TrackPointExtension>
            <ns3:hr>109</ns3:hr>
            <ns3:cad>0</ns3:cad>
          </ns3:TrackPointExtension>
        </extensions>
      </trkpt>
      <trkpt lat="31.306601800024509429931640625" lon="121.48567705415189266204833984375">
        <ele>5.19999980926513671875</ele>
        <time>2026-08-07T07:11:24.000Z</time>
        <extensions>
          <ns3:TrackPointExtension>
            <ns3:hr>112</ns3:hr>
            <ns3:cad>0</ns3:cad>
          </ns3:TrackPointExtension>
        </extensions>
      </trkpt>
      <trkpt lat="31.30651320330798625946044921875" lon="121.4856900461018085479736328125">
        <ele>5</ele>
        <time>2026-08-07T07:11:27.000Z</time>
        <extensions>
          <ns3:TrackPointExtension>
            <ns3:hr>113</ns3:hr>
            <ns3:cad>85</ns3:cad>
          </ns3:TrackPointExtension>
        </extensions>
      </trkpt>
      <trkpt lat="31.3063595630228519439697265625" lon="121.48568744771182537078857421875">
        <ele>4.599999904632568359375</ele>
        <time>2026-08-07T07:11:32.000Z</time>
        <extensions>
          <ns3:TrackPointExtension>
            <ns3:hr>117</ns3:hr>
            <ns3:cad>85</ns3:cad>
          </ns3:TrackPointExtension>
        </extensions>
      </trkpt>
      <trkpt lat="31.3063136301934719085693359375" lon="121.4856990985572338104248046875">
        <ele>4.400000095367431640625</ele>
        <time>2026-08-07T07:11:34.000Z</time>
        <extensions>
          <ns3:TrackPointExtension>
            <ns3:hr>120</ns3:hr>
            <ns3:cad>85</ns3:cad>
          </ns3:TrackPointExtension>
        </extensions>
      </trkpt>
      <trkpt lat="31.30624615587294101715087890625" lon="121.48574243299663066864013671875">
        <ele>4.19999980926513671875</ele>
        <time>2026-08-07T07:11:37.000Z</time>
        <extensions>
          <ns3:TrackPointExtension>
            <ns3:hr>122</ns3:hr>
            <ns3:cad>83</ns3:cad>
          </ns3:TrackPointExtension>
        </extensions>
      </trkpt>
      <trkpt lat="31.30619904957711696624755859375" lon="121.48575802333652973175048828125">
        <ele>4.19999980926513671875</ele>
        <time>2026-08-07T07:11:39.000Z</time>
        <extensions>
          <ns3:TrackPointExtension>
            <ns3:hr>123</ns3:hr>
            <ns3:cad>84</ns3:cad>
          </ns3:TrackPointExtension>
        </extensions>
      </trkpt>
      <trkpt lat="31.30617558024823665618896484375" lon="121.48575098253786563873291015625">
        <ele>4.19999980926513671875</ele>
        <time>2026-08-07T07:11:40.000Z</time>
        <extensions>
          <ns3:TrackPointExtension>
            <ns3:hr>122</ns3:hr>
            <ns3:cad>84</ns3:cad>
          </ns3:TrackPointExtension>
        </extensions>
      </trkpt>
      <trkpt lat="31.30615697242319583892822265625" lon="121.48573807440698146820068359375">
        <ele>4.19999980926513671875</ele>
        <time>2026-08-07T07:11:41.000Z</time>
        <extensions>
          <ns3:TrackPointExtension>
            <ns3:hr>126</ns3:hr>
            <ns3:cad>84</ns3:cad>
          </ns3:TrackPointExtension>
        </extensions>
      </trkpt>
      <trkpt lat="31.30600676871836185455322265625" lon="121.4856632240116596221923828125">
        <ele>4.400000095367431640625</ele>
        <time>2026-08-07T07:11:48.000Z</time>
        <extensions>
          <ns3:TrackPointExtension>
            <ns3:hr>130</ns3:hr>
            <ns3:cad>83</ns3:cad>
          </ns3:TrackPointExtension>
        </extensions>
      </trkpt>
      <trkpt lat="31.30592596717178821563720703125" lon="121.485660038888454437255859375">
        <ele>4.400000095367431640625</ele>
        <time>2026-08-07T07:11:52.000Z</time>
        <extensions>
          <ns3:TrackPointExtension>
            <ns3:hr>133</ns3:hr>
            <ns3:cad>83</ns3:cad>
          </ns3:TrackPointExtension>
        </extensions>
      </trkpt>
      <trkpt lat="31.3058573193848133087158203125" lon="121.48565433919429779052734375">
        <ele>4.400000095367431640625</ele>
        <time>2026-08-07T07:11:55.000Z</time>
        <extensions>
          <ns3:TrackPointExtension>
            <ns3:hr>131</ns3:hr>
            <ns3:cad>82</ns3:cad>
          </ns3:TrackPointExtension>
        </extensions>
      </trkpt>
      <trkpt lat="31.30573335103690624237060546875" lon="121.485634557902812957763671875">
        <ele>4.599999904632568359375</ele>
        <time>2026-08-07T07:12:02.000Z</time>
        <extensions>
          <ns3:TrackPointExtension>
            <ns3:hr>132</ns3:hr>
            <ns3:cad>83</ns3:cad>
          </ns3:TrackPointExtension>
        </extensions>
      </trkpt>
      <trkpt lat="31.30566528998315334320068359375" lon="121.48565844632685184478759765625">
        <ele>4.400000095367431640625</ele>
        <time>2026-08-07T07:12:05.000Z</time>
        <extensions>
          <ns3:TrackPointExtension>
            <ns3:hr>128</ns3:hr>
            <ns3:cad>82</ns3:cad>
          </ns3:TrackPointExtension>
        </extensions>
      </trkpt>
      <trkpt lat="31.30562019534409046173095703125" lon="121.4856769703328609466552734375">
        <ele>4.400000095367431640625</ele>
        <time>2026-08-07T07:12:07.000Z</time>
        <extensions>
          <ns3:TrackPointExtension>
            <ns3:hr>125</ns3:hr>
            <ns3:cad>82</ns3:cad>
          </ns3:TrackPointExtension>
        </extensions>
      </trkpt>
      <trkpt lat="31.30559756420552730560302734375" lon="121.48569012992084026336669921875">
        <ele>4.400000095367431640625</ele>
        <time>2026-08-07T07:12:08.000Z</time>
        <extensions>
          <ns3:TrackPointExtension>
            <ns3:hr>122</ns3:hr>
            <ns3:cad>82</ns3:cad>
          </ns3:TrackPointExtension>
        </extensions>
      </trkpt>
      <trkpt lat="31.30554827861487865447998046875" lon="121.48573606275022029876708984375">
        <ele>4.19999980926513671875</ele>
        <time>2026-08-07T07:12:11.000Z</time>
        <extensions>
          <ns3:TrackPointExtension>
            <ns3:hr>119</ns3:hr>
            <ns3:cad>82</ns3:cad>
          </ns3:TrackPointExtension>
        </extensions>
      </trkpt>
      <trkpt lat="31.30550687201321125030517578125" lon="121.48578534834086894989013671875">
        <ele>4</ele>
        <time>2026-08-07T07:12:14.000Z</time>
        <extensions>
          <ns3:TrackPointExtension>
            <ns3:hr>118</ns3:hr>
            <ns3:cad>82</ns3:cad>
          </ns3:TrackPointExtension>
        </extensions>
      </trkpt>
      <trkpt lat="31.30539706908166408538818359375" lon="121.48584544658660888671875">
        <ele>4.19999980926513671875</ele>
        <time>2026-08-07T07:12:20.000Z</time>
        <extensions>
          <ns3:TrackPointExtension>
            <ns3:hr>120</ns3:hr>
            <ns3:cad>81</ns3:cad>
          </ns3:TrackPointExtension>
        </extensions>
      </trkpt>
      <trkpt lat="31.30537074990570545196533203125" lon="121.48584553040564060211181640625">
        <ele>4.400000095367431640625</ele>
        <time>2026-08-07T07:12:21.000Z</time>
        <extensions>
          <ns3:TrackPointExtension>
            <ns3:hr>120</ns3:hr>
            <ns3:cad>81</ns3:cad>
          </ns3:TrackPointExtension>
        </extensions>
      </trkpt>
      <trkpt lat="31.3051954843103885650634765625" lon="121.485878638923168182373046875">
        <ele>5</ele>
        <time>2026-08-07T07:12:29.000Z</time>
        <extensions>
          <ns3:TrackPointExtension>
            <ns3:hr>121</ns3:hr>
            <ns3:cad>82</ns3:cad>
          </ns3:TrackPointExtension>
        </extensions>
      </trkpt>
      <trkpt lat="31.3050315342843532562255859375" lon="121.4858737774193286895751953125">
        <ele>5.599999904632568359375</ele>
        <time>2026-08-07T07:12:37.000Z</time>
        <extensions>
          <ns3:TrackPointExtension>
            <ns3:hr>122</ns3:hr>
            <ns3:cad>82</ns3:cad>
          </ns3:TrackPointExtension>
        </extensions>
      </trkpt>
      <trkpt lat="31.30483162589371204376220703125" lon="121.48589347489178180694580078125">
        <ele>5.400000095367431640625</ele>
        <time>2026-08-07T07:12:46.000Z</time>
        <extensions>
          <ns3:TrackPointExtension>
            <ns3:hr>122</ns3:hr>
            <ns3:cad>82</ns3:cad>
          </ns3:TrackPointExtension>
        </extensions>
      </trkpt>
      <trkpt lat="31.30479189567267894744873046875" lon="121.48589682765305042266845703125">
        <ele>5.19999980926513671875</ele>
        <time>2026-08-07T07:12:48.000Z</time>
        <extensions>
          <ns3:TrackPointExtension>
            <ns3:hr>122</ns3:hr>
            <ns3:cad>83</ns3:cad>
          </ns3:TrackPointExtension>
        </extensions>
      </trkpt>
      <trkpt lat="31.30462878383696079254150390625" lon="121.48594460450112819671630859375">
        <ele>4.400000095367431640625</ele>
        <time>2026-08-07T07:12:54.000Z</time>
        <extensions>
          <ns3:TrackPointExtension>
            <ns3:hr>122</ns3:hr>
            <ns3:cad>84</ns3:cad>
          </ns3:TrackPointExtension>
        </extensions>
      </trkpt>
      <trkpt lat="31.30448277108371257781982421875" lon="121.485975868999958038330078125">
        <ele>4.599999904632568359375</ele>
        <time>2026-08-07T07:13:01.000Z</time>
        <extensions>
          <ns3:TrackPointExtension>
            <ns3:hr>124</ns3:hr>
            <ns3:cad>84</ns3:cad>
          </ns3:TrackPointExtension>
        </extensions>
      </trkpt>
      <trkpt lat="31.304321587085723876953125" lon="121.48599875159561634063720703125">
        <ele>4.400000095367431640625</ele>
        <time>2026-08-07T07:13:08.000Z</time>
        <extensions>
          <ns3:TrackPointExtension>
            <ns3:hr>127</ns3:hr>
            <ns3:cad>83</ns3:cad>
          </ns3:TrackPointExtension>
        </extensions>
      </trkpt>
      <trkpt lat="31.3042952679097652435302734375" lon="121.48600042797625064849853515625">
        <ele>4.400000095367431640625</ele>
        <time>2026-08-07T07:13:09.000Z</time>
        <extensions>
          <ns3:TrackPointExtension>
            <ns3:hr>127</ns3:hr>
            <ns3:cad>83</ns3:cad>
          </ns3:TrackPointExtension>
        </extensions>
      </trkpt>
      <trkpt lat="31.304132156074047088623046875" lon="121.4860377274453639984130859375">
        <ele>4.19999980926513671875</ele>
        <time>2026-08-07T07:13:16.000Z</time>
        <extensions>
          <ns3:TrackPointExtension>
            <ns3:hr>128</ns3:hr>
            <ns3:cad>83</ns3:cad>
          </ns3:TrackPointExtension>
        </extensions>
      </trkpt>
      <trkpt lat="31.3039489276707172393798828125" lon="121.48605038411915302276611328125">
        <ele>3.599999904632568359375</ele>
        <time>2026-08-07T07:13:24.000Z</time>
        <extensions>
          <ns3:TrackPointExtension>
            <ns3:hr>130</ns3:hr>
            <ns3:cad>82</ns3:cad>
          </ns3:TrackPointExtension>
        </extensions>
      </trkpt>
      <trkpt lat="31.30377131514251232147216796875" lon="121.4860613644123077392578125">
        <ele>3</ele>
        <time>2026-08-07T07:13:32.000Z</time>
        <extensions>
          <ns3:TrackPointExtension>
            <ns3:hr>129</ns3:hr>
            <ns3:cad>83</ns3:cad>
          </ns3:TrackPointExtension>
        </extensions>
      </trkpt>
      <trkpt lat="31.3035864941775798797607421875" lon="121.48608055897057056427001953125">
        <ele>3.7999999523162841796875</ele>
        <time>2026-08-07T07:13:40.000Z</time>
        <extensions>
          <ns3:TrackPointExtension>
            <ns3:hr>129</ns3:hr>
            <ns3:cad>83</ns3:cad>
          </ns3:TrackPointExtension>
        </extensions>
      </trkpt>
      <trkpt lat="31.30356478504836559295654296875" lon="121.48607703857123851776123046875">
        <ele>3.7999999523162841796875</ele>
        <time>2026-08-07T07:13:41.000Z</time>
        <extensions>
          <ns3:TrackPointExtension>
            <ns3:hr>129</ns3:hr>
            <ns3:cad>83</ns3:cad>
          </ns3:TrackPointExtension>
        </extensions>
      </trkpt>
      <trkpt lat="31.3033957220613956451416015625" lon="121.48614811711013317108154296875">
        <ele>4.400000095367431640625</ele>
        <time>2026-08-07T07:13:48.000Z</time>
        <extensions>
          <ns3:TrackPointExtension>
            <ns3:hr>132</ns3:hr>
            <ns3:cad>83</ns3:cad>
          </ns3:TrackPointExtension>
        </extensions>
      </trkpt>
      <trkpt lat="31.30326370708644390106201171875" lon="121.486189104616641998291015625">
        <ele>5.19999980926513671875</ele>
        <time>2026-08-07T07:13:54.000Z</time>
        <extensions>
          <ns3:TrackPointExtension>
            <ns3:hr>133</ns3:hr>
            <ns3:cad>82</ns3:cad>
          </ns3:TrackPointExtension>
        </extensions>
      </trkpt>
      <trkpt lat="31.30317955277860164642333984375" lon="121.48622321896255016326904296875">
        <ele>5.599999904632568359375</ele>
        <time>2026-08-07T07:13:57.000Z</time>
        <extensions>
          <ns3:TrackPointExtension>
            <ns3:hr>133</ns3:hr>
            <ns3:cad>83</ns3:cad>
          </ns3:TrackPointExtension>
        </extensions>
      </trkpt>
      <trkpt lat="31.30312205292284488677978515625" lon="121.4862526394426822662353515625">
        <ele>5.80000019073486328125</ele>
        <time>2026-08-07T07:13:59.000Z</time>
        <extensions>
          <ns3:TrackPointExtension>
            <ns3:hr>133</ns3:hr>
            <ns3:cad>83</ns3:cad>
          </ns3:TrackPointExtension>
        </extensions>
      </trkpt>
      <trkpt lat="31.30294737406075000762939453125" lon="121.48628993891179561614990234375">
        <ele>6.599999904632568359375</ele>
        <time>2026-08-07T07:14:06.000Z</time>
        <extensions>
          <ns3:TrackPointExtension>
            <ns3:hr>133</ns3:hr>
            <ns3:cad>83</ns3:cad>
          </ns3:TrackPointExtension>
        </extensions>
      </trkpt>
      <trkpt lat="31.3027751259505748748779296875" lon="121.48630343377590179443359375">
        <ele>6.19999980926513671875</ele>
        <time>2026-08-07T07:14:14.000Z</time>
        <extensions>
          <ns3:TrackPointExtension>
            <ns3:hr>133</ns3:hr>
            <ns3:cad>83</ns3:cad>
          </ns3:TrackPointExtension>
        </extensions>
      </trkpt>
      <trkpt lat="31.30262584425508975982666015625" lon="121.4863590896129608154296875">
        <ele>6.19999980926513671875</ele>
        <time>2026-08-07T07:14:21.000Z</time>
        <extensions>
          <ns3:TrackPointExtension>
            <ns3:hr>133</ns3:hr>
            <ns3:cad>82</ns3:cad>
          </ns3:TrackPointExtension>
        </extensions>
      </trkpt>
      <trkpt lat="31.302490644156932830810546875" lon="121.4864055253565311431884765625">
        <ele>6.599999904632568359375</ele>
        <time>2026-08-07T07:14:28.000Z</time>
        <extensions>
          <ns3:TrackPointExtension>
            <ns3:hr>134</ns3:hr>
            <ns3:cad>82</ns3:cad>
          </ns3:TrackPointExtension>
        </extensions>
      </trkpt>
      <trkpt lat="31.30229056812822818756103515625" lon="121.48645154200494289398193359375">
        <ele>5.599999904632568359375</ele>
        <time>2026-08-07T07:14:36.000Z</time>
        <extensions>
          <ns3:TrackPointExtension>
            <ns3:hr>132</ns3:hr>
            <ns3:cad>83</ns3:cad>
          </ns3:TrackPointExtension>
        </extensions>
      </trkpt>
      <trkpt lat="31.3021575473248958587646484375" lon="121.48644299246370792388916015625">
        <ele>4.80000019073486328125</ele>
        <time>2026-08-07T07:14:42.000Z</time>
        <extensions>
          <ns3:TrackPointExtension>
            <ns3:hr>133</ns3:hr>
            <ns3:cad>83</ns3:cad>
          </ns3:TrackPointExtension>
        </extensions>
      </trkpt>
      <trkpt lat="31.30208906717598438262939453125" lon="121.48649252951145172119140625">
        <ele>5</ele>
        <time>2026-08-07T07:14:47.000Z</time>
        <extensions>
          <ns3:TrackPointExtension>
            <ns3:hr>132</ns3:hr>
            <ns3:cad>82</ns3:cad>
          </ns3:TrackPointExtension>
        </extensions>
      </trkpt>
      <trkpt lat="31.3020671904087066650390625" lon="121.486492864787578582763671875">
        <ele>5</ele>
        <time>2026-08-07T07:14:49.000Z</time>
        <extensions>
          <ns3:TrackPointExtension>
            <ns3:hr>132</ns3:hr>
            <ns3:cad>82</ns3:cad>
          </ns3:TrackPointExtension>
        </extensions>
      </trkpt>
      <trkpt lat="31.30198127590119838714599609375" lon="121.4864880032837390899658203125">
        <ele>5</ele>
        <time>2026-08-07T07:14:53.000Z</time>
        <extensions>
          <ns3:TrackPointExtension>
            <ns3:hr>132</ns3:hr>
            <ns3:cad>82</ns3:cad>
          </ns3:TrackPointExtension>
        </extensions>
      </trkpt>
      <trkpt lat="31.3018708862364292144775390625" lon="121.48649395443499088287353515625">
        <ele>4.599999904632568359375</ele>
        <time>2026-08-07T07:14:59.000Z</time>
        <extensions>
          <ns3:TrackPointExtension>
            <ns3:hr>131</ns3:hr>
            <ns3:cad>81</ns3:cad>
          </ns3:TrackPointExtension>
        </extensions>
      </trkpt>
      <trkpt lat="31.30174490623176097869873046875" lon="121.48653871379792690277099609375">
        <ele>5.400000095367431640625</ele>
        <time>2026-08-07T07:15:06.000Z</time>
        <extensions>
          <ns3:TrackPointExtension>
            <ns3:hr>128</ns3:hr>
            <ns3:cad>83</ns3:cad>
          </ns3:TrackPointExtension>
        </extensions>
      </trkpt>
      <trkpt lat="31.30172529257833957672119140625" lon="121.4865426532924175262451171875">
        <ele>5.400000095367431640625</ele>
        <time>2026-08-07T07:15:07.000Z</time>
        <extensions>
          <ns3:TrackPointExtension>
            <ns3:hr>127</ns3:hr>
            <ns3:cad>84</ns3:cad>
          </ns3:TrackPointExtension>
        </extensions>
      </trkpt>
      <trkpt lat="31.3015414774417877197265625" lon="121.48656235076487064361572265625">
        <ele>6</ele>
        <time>2026-08-07T07:15:15.000Z</time>
        <extensions>
          <ns3:TrackPointExtension>
            <ns3:hr>126</ns3:hr>
            <ns3:cad>83</ns3:cad>
          </ns3:TrackPointExtension>
        </extensions>
      </trkpt>
      <trkpt lat="31.30137526430189609527587890625" lon="121.4866060204803943634033203125">
        <ele>4.80000019073486328125</ele>
        <time>2026-08-07T07:15:23.000Z</time>
        <extensions>
          <ns3:TrackPointExtension>
            <ns3:hr>126</ns3:hr>
            <ns3:cad>83</ns3:cad>
          </ns3:TrackPointExtension>
        </extensions>
      </trkpt>
      <trkpt lat="31.30135782994329929351806640625" lon="121.4866150729358196258544921875">
        <ele>4.599999904632568359375</ele>
        <time>2026-08-07T07:15:24.000Z</time>
        <extensions>
          <ns3:TrackPointExtension>
            <ns3:hr>126</ns3:hr>
            <ns3:cad>83</ns3:cad>
          </ns3:TrackPointExtension>
        </extensions>
      </trkpt>
      <trkpt lat="31.3012177683413028717041015625" lon="121.486643739044666290283203125">
        <ele>4</ele>
        <time>2026-08-07T07:15:30.000Z</time>
        <extensions>
          <ns3:TrackPointExtension>
            <ns3:hr>125</ns3:hr>
            <ns3:cad>83</ns3:cad>
          </ns3:TrackPointExtension>
        </extensions>
      </trkpt>
      <trkpt lat="31.30120611749589443206787109375" lon="121.48664415813982486724853515625">
        <ele>4</ele>
        <time>2026-08-07T07:15:31.000Z</time>
        <extensions>
          <ns3:TrackPointExtension>
            <ns3:hr>125</ns3:hr>
            <ns3:cad>83</ns3:cad>
          </ns3:TrackPointExtension>
        </extensions>
      </trkpt>
      <trkpt lat="31.30118281580507755279541015625" lon="121.48663963191211223602294921875">
        <ele>4</ele>
        <time>2026-08-07T07:15:33.000Z</time>
        <extensions>
          <ns3:TrackPointExtension>
            <ns3:hr>126</ns3:hr>
            <ns3:cad>83</ns3:cad>
          </ns3:TrackPointExtension>
        </extensions>
      </trkpt>
      <trkpt lat="31.301158927381038665771484375" lon="121.48665538989007472991943359375">
        <ele>4.19999980926513671875</ele>
        <time>2026-08-07T07:15:35.000Z</time>
        <extensions>
          <ns3:TrackPointExtension>
            <ns3:hr>126</ns3:hr>
            <ns3:cad>83</ns3:cad>
          </ns3:TrackPointExtension>
        </extensions>
      </trkpt>
      <trkpt lat="31.301093213260173797607421875" lon="121.4866656996309757232666015625">
        <ele>4.19999980926513671875</ele>
        <time>2026-08-07T07:15:41.000Z</time>
        <extensions>
          <ns3:TrackPointExtension>
            <ns3:hr>125</ns3:hr>
            <ns3:cad>57</ns3:cad>
          </ns3:TrackPointExtension>
        </extensions>
      </trkpt>
      <trkpt lat="31.3010286726057529449462890625" lon="121.486693359911441802978515625">
        <ele>4</ele>
        <time>2026-08-07T07:15:47.000Z</time>
        <extensions>
          <ns3:TrackPointExtension>
            <ns3:hr>125</ns3:hr>
            <ns3:cad>54</ns3:cad>
          </ns3:TrackPointExtension>
        </extensions>
      </trkpt>
      <trkpt lat="31.30097310058772563934326171875" lon="121.4866935275495052337646484375">
        <ele>4.19999980926513671875</ele>
        <time>2026-08-07T07:15:53.000Z</time>
        <extensions>
          <ns3:TrackPointExtension>
            <ns3:hr>124</ns3:hr>
            <ns3:cad>54</ns3:cad>
          </ns3:TrackPointExtension>
        </extensions>
      </trkpt>
      <trkpt lat="31.300881318747997283935546875" lon="121.48663778789341449737548828125">
        <ele>4.400000095367431640625</ele>
        <time>2026-08-07T07:16:00.000Z</time>
        <extensions>
          <ns3:TrackPointExtension>
            <ns3:hr>120</ns3:hr>
            <ns3:cad>56</ns3:cad>
          </ns3:TrackPointExtension>
        </extensions>
      </trkpt>
      <trkpt lat="31.30086380057036876678466796875" lon="121.48662622086703777313232421875">
        <ele>4.599999904632568359375</ele>
        <time>2026-08-07T07:16:01.000Z</time>
        <extensions>
          <ns3:TrackPointExtension>
            <ns3:hr>118</ns3:hr>
            <ns3:cad>56</ns3:cad>
          </ns3:TrackPointExtension>
        </extensions>
      </trkpt>
      <trkpt lat="31.30085256882011890411376953125" lon="121.4865996502339839935302734375">
        <ele>4.599999904632568359375</ele>
        <time>2026-08-07T07:16:03.000Z</time>
        <extensions>
          <ns3:TrackPointExtension>
            <ns3:hr>115</ns3:hr>
            <ns3:cad>55</ns3:cad>
          </ns3:TrackPointExtension>
        </extensions>
      </trkpt>
      <trkpt lat="31.300846450030803680419921875" lon="121.4865557290613651275634765625">
        <ele>4.80000019073486328125</ele>
        <time>2026-08-07T07:16:05.000Z</time>
        <extensions>
          <ns3:TrackPointExtension>
            <ns3:hr>114</ns3:hr>
            <ns3:cad>56</ns3:cad>
          </ns3:TrackPointExtension>
        </extensions>
      </trkpt>
      <trkpt lat="31.3008395768702030181884765625" lon="121.48651356808841228485107421875">
        <ele>5</ele>
        <time>2026-08-07T07:16:07.000Z</time>
        <extensions>
          <ns3:TrackPointExtension>
            <ns3:hr>113</ns3:hr>
            <ns3:cad>56</ns3:cad>
          </ns3:TrackPointExtension>
        </extensions>
      </trkpt>
      <trkpt lat="31.30080261267721652984619140625" lon="121.48634810931980609893798828125">
        <ele>5.80000019073486328125</ele>
        <time>2026-08-07T07:16:15.000Z</time>
        <extensions>
          <ns3:TrackPointExtension>
            <ns3:hr>111</ns3:hr>
            <ns3:cad>84</ns3:cad>
          </ns3:TrackPointExtension>
        </extensions>
      </trkpt>
      <trkpt lat="31.300764642655849456787109375" lon="121.48624316789209842681884765625">
        <ele>5.80000019073486328125</ele>
        <time>2026-08-07T07:16:20.000Z</time>
        <extensions>
          <ns3:TrackPointExtension>
            <ns3:hr>108</ns3:hr>
            <ns3:cad>84</ns3:cad>
          </ns3:TrackPointExtension>
        </extensions>
      </trkpt>
      <trkpt lat="31.30073010921478271484375" lon="121.48616932332515716552734375">
        <ele>6</ele>
        <time>2026-08-07T07:16:23.000Z</time>
        <extensions>
          <ns3:TrackPointExtension>
            <ns3:hr>107</ns3:hr>
            <ns3:cad>83</ns3:cad>
          </ns3:TrackPointExtension>
        </extensions>
      </trkpt>
      <trkpt lat="31.30068727768957614898681640625" lon="121.4860635437071323394775390625">
        <ele>6.19999980926513671875</ele>
        <time>2026-08-07T07:16:28.000Z</time>
        <extensions>
          <ns3:TrackPointExtension>
            <ns3:hr>107</ns3:hr>
            <ns3:cad>83</ns3:cad>
          </ns3:TrackPointExtension>
        </extensions>
      </trkpt>
      <trkpt lat="31.3006823323667049407958984375" lon="121.48603009991347789764404296875">
        <ele>6.19999980926513671875</ele>
        <time>2026-08-07T07:16:30.000Z</time>
        <extensions>
          <ns3:TrackPointExtension>
            <ns3:hr>108</ns3:hr>
            <ns3:cad>83</ns3:cad>
          </ns3:TrackPointExtension>
        </extensions>
      </trkpt>
      <trkpt lat="31.300650648772716522216796875" lon="121.4859421737492084503173828125">
        <ele>6.19999980926513671875</ele>
        <time>2026-08-07T07:16:34.000Z</time>
        <extensions>
          <ns3:TrackPointExtension>
            <ns3:hr>111</ns3:hr>
            <ns3:cad>83</ns3:cad>
          </ns3:TrackPointExtension>
        </extensions>
      </trkpt>
      <trkpt lat="31.30063095130026340484619140625" lon="121.4858915470540523529052734375">
        <ele>6.19999980926513671875</ele>
        <time>2026-08-07T07:16:36.000Z</time>
        <extensions>
          <ns3:TrackPointExtension>
            <ns3:hr>112</ns3:hr>
            <ns3:cad>83</ns3:cad>
          </ns3:TrackPointExtension>
        </extensions>
      </trkpt>
      <trkpt lat="31.3005777262151241302490234375" lon="121.48578132502734661102294921875">
        <ele>6.19999980926513671875</ele>
        <time>2026-08-07T07:16:41.000Z</time>
        <extensions>
          <ns3:TrackPointExtension>
            <ns3:hr>115</ns3:hr>
            <ns3:cad>82</ns3:cad>
          </ns3:TrackPointExtension>
        </extensions>
      </trkpt>
      <trkpt lat="31.3005706854164600372314453125" lon="121.48576053790748119354248046875">
        <ele>6.19999980926513671875</ele>
        <time>2026-08-07T07:16:42.000Z</time>
        <extensions>
          <ns3:TrackPointExtension>
            <ns3:hr>116</ns3:hr>
            <ns3:cad>83</ns3:cad>
          </ns3:TrackPointExtension>
        </extensions>
      </trkpt>
      <trkpt lat="31.30052953027188777923583984375" lon="121.485609747469425201416015625">
        <ele>6.400000095367431640625</ele>
        <time>2026-08-07T07:16:48.000Z</time>
        <extensions>
          <ns3:TrackPointExtension>
            <ns3:hr>119</ns3:hr>
            <ns3:cad>83</ns3:cad>
          </ns3:TrackPointExtension>
        </extensions>
      </trkpt>
      <trkpt lat="31.3005227409303188323974609375" lon="121.48555819876492023468017578125">
        <ele>6.599999904632568359375</ele>
        <time>2026-08-07T07:16:50.000Z</time>
        <extensions>
          <ns3:TrackPointExtension>
            <ns3:hr>121</ns3:hr>
            <ns3:cad>83</ns3:cad>
          </ns3:TrackPointExtension>
        </extensions>
      </trkpt>
      <trkpt lat="31.30051259882748126983642578125" lon="121.48545979522168636322021484375">
        <ele>7</ele>
        <time>2026-08-07T07:16:53.000Z</time>
        <extensions>
          <ns3:TrackPointExtension>
            <ns3:hr>124</ns3:hr>
            <ns3:cad>83</ns3:cad>
          </ns3:TrackPointExtension>
        </extensions>
      </trkpt>
      <trkpt lat="31.30043196491897106170654296875" lon="121.48526013828814029693603515625">
        <ele>7.80000019073486328125</ele>
        <time>2026-08-07T07:17:00.000Z</time>
        <extensions>
          <ns3:TrackPointExtension>
            <ns3:hr>124</ns3:hr>
            <ns3:cad>83</ns3:cad>
          </ns3:TrackPointExtension>
        </extensions>
      </trkpt>
      <trkpt lat="31.3004229962825775146484375" lon="121.485240273177623748779296875">
        <ele>7.80000019073486328125</ele>
        <time>2026-08-07T07:17:01.000Z</time>
        <extensions>
          <ns3:TrackPointExtension>
            <ns3:hr>125</ns3:hr>
            <ns3:cad>83</ns3:cad>
          </ns3:TrackPointExtension>
        </extensions>
      </trkpt>
      <trkpt lat="31.3003628142178058624267578125" lon="121.48507498204708099365234375">
        <ele>7.80000019073486328125</ele>
        <time>2026-08-07T07:17:09.000Z</time>
        <extensions>
          <ns3:TrackPointExtension>
            <ns3:hr>125</ns3:hr>
            <ns3:cad>83</ns3:cad>
          </ns3:TrackPointExtension>
        </extensions>
      </trkpt>
      <trkpt lat="31.3002967648208141326904296875" lon="121.484859399497509002685546875">
        <ele>7.599999904632568359375</ele>
        <time>2026-08-07T07:17:17.000Z</time>
        <extensions>
          <ns3:TrackPointExtension>
            <ns3:hr>127</ns3:hr>
            <ns3:cad>84</ns3:cad>
          </ns3:TrackPointExtension>
        </extensions>
      </trkpt>
      <trkpt lat="31.30024664103984832763671875" lon="121.48471816442906856536865234375">
        <ele>6.599999904632568359375</ele>
        <time>2026-08-07T07:17:24.000Z</time>
        <extensions>
          <ns3:TrackPointExtension>
            <ns3:hr>128</ns3:hr>
            <ns3:cad>82</ns3:cad>
          </ns3:TrackPointExtension>
        </extensions>
      </trkpt>
      <trkpt lat="31.300239264965057373046875" lon="121.48469888605177402496337890625">
        <ele>6.599999904632568359375</ele>
        <time>2026-08-07T07:17:26.000Z</time>
        <extensions>
          <ns3:TrackPointExtension>
            <ns3:hr>128</ns3:hr>
            <ns3:cad>80</ns3:cad>
          </ns3:TrackPointExtension>
        </extensions>
      </trkpt>
      <trkpt lat="31.30023130215704441070556640625" lon="121.484678350389003753662109375">
        <ele>6.400000095367431640625</ele>
        <time>2026-08-07T07:17:28.000Z</time>
        <extensions>
          <ns3:TrackPointExtension>
            <ns3:hr>129</ns3:hr>
            <ns3:cad>0</ns3:cad>
          </ns3:TrackPointExtension>
        </extensions>
      </trkpt>
      <trkpt lat="31.30022342316806316375732421875" lon="121.4846599102020263671875">
        <ele>6.400000095367431640625</ele>
        <time>2026-08-07T07:17:29.000Z</time>
        <extensions>
          <ns3:TrackPointExtension>
            <ns3:hr>130</ns3:hr>
            <ns3:cad>0</ns3:cad>
          </ns3:TrackPointExtension>
        </extensions>
      </trkpt>
      <trkpt lat="31.3002216629683971405029296875" lon="121.48463702760636806488037109375">
        <ele>6.400000095367431640625</ele>
        <time>2026-08-07T07:17:31.000Z</time>
        <extensions>
          <ns3:TrackPointExtension>
            <ns3:hr>129</ns3:hr>
            <ns3:cad>0</ns3:cad>
          </ns3:TrackPointExtension>
        </extensions>
      </trkpt>
      <trkpt lat="31.30021990276873111724853515625" lon="121.48461892269551753997802734375">
        <ele>6.400000095367431640625</ele>
        <time>2026-08-07T07:17:33.000Z</time>
        <extensions>
          <ns3:TrackPointExtension>
            <ns3:hr>129</ns3:hr>
            <ns3:cad>51</ns3:cad>
          </ns3:TrackPointExtension>
        </extensions>
      </trkpt>
      <trkpt lat="31.30020238459110260009765625" lon="121.48453719913959503173828125">
        <ele>6.19999980926513671875</ele>
        <time>2026-08-07T07:17:39.000Z</time>
        <extensions>
          <ns3:TrackPointExtension>
            <ns3:hr>129</ns3:hr>
            <ns3:cad>55</ns3:cad>
          </ns3:TrackPointExtension>
        </extensions>
      </trkpt>
      <trkpt lat="31.30018369294703006744384765625" lon="121.4844273962080478668212890625">
        <ele>6</ele>
        <time>2026-08-07T07:17:47.000Z</time>
        <extensions>
          <ns3:TrackPointExtension>
            <ns3:hr>128</ns3:hr>
            <ns3:cad>55</ns3:cad>
          </ns3:TrackPointExtension>
        </extensions>
      </trkpt>
      <trkpt lat="31.30015905015170574188232421875" lon="121.484370566904544830322265625">
        <ele>6.19999980926513671875</ele>
        <time>2026-08-07T07:17:52.000Z</time>
        <extensions>
          <ns3:TrackPointExtension>
            <ns3:hr>130</ns3:hr>
            <ns3:cad>55</ns3:cad>
          </ns3:TrackPointExtension>
        </extensions>
      </trkpt>
      <trkpt lat="31.30014413036406040191650390625" lon="121.484351120889186859130859375">
        <ele>6.19999980926513671875</ele>
        <time>2026-08-07T07:17:54.000Z</time>
        <extensions>
          <ns3:TrackPointExtension>
            <ns3:hr>130</ns3:hr>
            <ns3:cad>55</ns3:cad>
          </ns3:TrackPointExtension>
        </extensions>
      </trkpt>
      <trkpt lat="31.30011579953134059906005859375" lon="121.48426227271556854248046875">
        <ele>6.599999904632568359375</ele>
        <time>2026-08-07T07:18:01.000Z</time>
        <extensions>
          <ns3:TrackPointExtension>
            <ns3:hr>127</ns3:hr>
            <ns3:cad>55</ns3:cad>
          </ns3:TrackPointExtension>
        </extensions>
      </trkpt>
      <trkpt lat="31.300118900835514068603515625" lon="121.48425045423209667205810546875">
        <ele>6.80000019073486328125</ele>
        <time>2026-08-07T07:18:02.000Z</time>
        <extensions>
          <ns3:TrackPointExtension>
            <ns3:hr>126</ns3:hr>
            <ns3:cad>55</ns3:cad>
          </ns3:TrackPointExtension>
        </extensions>
      </trkpt>
      <trkpt lat="31.3001187331974506378173828125" lon="121.484221033751964569091796875">
        <ele>6.80000019073486328125</ele>
        <time>2026-08-07T07:18:04.000Z</time>
        <extensions>
          <ns3:TrackPointExtension>
            <ns3:hr>123</ns3:hr>
            <ns3:cad>55</ns3:cad>
          </ns3:TrackPointExtension>
        </extensions>
      </trkpt>
      <trkpt lat="31.300134323537349700927734375" lon="121.48409756831824779510498046875">
        <ele>7.19999980926513671875</ele>
        <time>2026-08-07T07:18:09.000Z</time>
        <extensions>
          <ns3:TrackPointExtension>
            <ns3:hr>120</ns3:hr>
            <ns3:cad>57</ns3:cad>
          </ns3:TrackPointExtension>
        </extensions>
      </trkpt>
      <trkpt lat="31.30013792775571346282958984375" lon="121.4840847440063953399658203125">
        <ele>7.400000095367431640625</ele>
        <time>2026-08-07T07:18:10.000Z</time>
        <extensions>
          <ns3:TrackPointExtension>
            <ns3:hr>119</ns3:hr>
            <ns3:cad>57</ns3:cad>
          </ns3:TrackPointExtension>
        </extensions>
      </trkpt>
      <trkpt lat="31.3001338206231594085693359375" lon="121.4840190298855304718017578125">
        <ele>7.599999904632568359375</ele>
        <time>2026-08-07T07:18:15.000Z</time>
        <extensions>
          <ns3:TrackPointExtension>
            <ns3:hr>116</ns3:hr>
            <ns3:cad>57</ns3:cad>
          </ns3:TrackPointExtension>
        </extensions>
      </trkpt>
      <trkpt lat="31.30013071931898593902587890625" lon="121.48398659192025661468505859375">
        <ele>7.80000019073486328125</ele>
        <time>2026-08-07T07:18:17.000Z</time>
        <extensions>
          <ns3:TrackPointExtension>
            <ns3:hr>115</ns3:hr>
            <ns3:cad>57</ns3:cad>
          </ns3:TrackPointExtension>
        </extensions>
      </trkpt>
      <trkpt lat="31.30013273097574710845947265625" lon="121.483970247209072113037109375">
        <ele>7.80000019073486328125</ele>
        <time>2026-08-07T07:18:18.000Z</time>
        <extensions>
          <ns3:TrackPointExtension>
            <ns3:hr>111</ns3:hr>
            <ns3:cad>57</ns3:cad>
          </ns3:TrackPointExtension>
        </extensions>
      </trkpt>
      <trkpt lat="31.3001321442425251007080078125" lon="121.483950130641460418701171875">
        <ele>8</ele>
        <time>2026-08-07T07:18:19.000Z</time>
        <extensions>
          <ns3:TrackPointExtension>
            <ns3:hr>107</ns3:hr>
            <ns3:cad>57</ns3:cad>
          </ns3:TrackPointExtension>
        </extensions>
      </trkpt>
      <trkpt lat="31.30012971349060535430908203125" lon="121.4838111586868762969970703125">
        <ele>8.3999996185302734375</ele>
        <time>2026-08-07T07:18:25.000Z</time>
        <extensions>
          <ns3:TrackPointExtension>
            <ns3:hr>104</ns3:hr>
            <ns3:cad>56</ns3:cad>
          </ns3:TrackPointExtension>
        </extensions>
      </trkpt>
      <trkpt lat="31.30010808818042278289794921875" lon="121.48374837823212146759033203125">
        <ele>8.6000003814697265625</ele>
        <time>2026-08-07T07:18:29.000Z</time>
        <extensions>
          <ns3:TrackPointExtension>
            <ns3:hr>103</ns3:hr>
            <ns3:cad>80</ns3:cad>
          </ns3:TrackPointExtension>
        </extensions>
      </trkpt>
      <trkpt lat="31.3001012988388538360595703125" lon="121.48374603129923343658447265625">
        <ele>8.6000003814697265625</ele>
        <time>2026-08-07T07:18:30.000Z</time>
        <extensions>
          <ns3:TrackPointExtension>
            <ns3:hr>103</ns3:hr>
            <ns3:cad>80</ns3:cad>
          </ns3:TrackPointExtension>
        </extensions>
      </trkpt>
      <trkpt lat="31.3000882230699062347412109375" lon="121.48373010568320751190185546875">
        <ele>8.80000019073486328125</ele>
        <time>2026-08-07T07:18:33.000Z</time>
        <extensions>
          <ns3:TrackPointExtension>
            <ns3:hr>106</ns3:hr>
            <ns3:cad>0</ns3:cad>
          </ns3:TrackPointExtension>
        </extensions>
      </trkpt>
      <trkpt lat="31.30008981563150882720947265625" lon="121.48371770046651363372802734375">
        <ele>8.80000019073486328125</ele>
        <time>2026-08-07T07:18:36.000Z</time>
        <extensions>
          <ns3:TrackPointExtension>
            <ns3:hr>107</ns3:hr>
            <ns3:cad>0</ns3:cad>
          </ns3:TrackPointExtension>
        </extensions>
      </trkpt>
      <trkpt lat="31.300089396536350250244140625" lon="121.48371971212327480316162109375">
        <ele>8.80000019073486328125</ele>
        <time>2026-08-07T07:18:39.000Z</time>
        <extensions>
          <ns3:TrackPointExtension>
            <ns3:hr>104</ns3:hr>
            <ns3:cad>0</ns3:cad>
          </ns3:TrackPointExtension>
        </extensions>
      </trkpt>
      <trkpt lat="31.30009065382182598114013671875" lon="121.48371887393295764923095703125">
        <ele>8.80000019073486328125</ele>
        <time>2026-08-07T07:18:41.000Z</time>
        <extensions>
          <ns3:TrackPointExtension>
            <ns3:hr>101</ns3:hr>
            <ns3:cad>0</ns3:cad>
          </ns3:TrackPointExtension>
        </extensions>
      </trkpt>
      <trkpt lat="31.30009149201214313507080078125" lon="121.48371803574264049530029296875">
        <ele>8.80000019073486328125</ele>
        <time>2026-08-07T07:18:46.000Z</time>
        <extensions>
          <ns3:TrackPointExtension>
            <ns3:hr>99</ns3:hr>
            <ns3:cad>0</ns3:cad>
          </ns3:TrackPointExtension>
        </extensions>
      </trkpt>
      <trkpt lat="31.30009149201214313507080078125" lon="121.48371803574264049530029296875">
        <ele>8.80000019073486328125</ele>
        <time>2026-08-07T07:18:51.000Z</time>
        <extensions>
          <ns3:TrackPointExtension>
            <ns3:hr>102</ns3:hr>
            <ns3:cad>0</ns3:cad>
          </ns3:TrackPointExtension>
        </extensions>
      </trkpt>
      <trkpt lat="31.30009149201214313507080078125" lon="121.48371803574264049530029296875">
        <ele>8.80000019073486328125</ele>
        <time>2026-08-07T07:18:55.000Z</time>
        <extensions>
          <ns3:TrackPointExtension>
            <ns3:hr>106</ns3:hr>
            <ns3:cad>0</ns3:cad>
          </ns3:TrackPointExtension>
        </extensions>
      </trkpt>
      <trkpt lat="31.30009149201214313507080078125" lon="121.48371887393295764923095703125">
        <ele>8.80000019073486328125</ele>
        <time>2026-08-07T07:18:58.000Z</time>
        <extensions>
          <ns3:TrackPointExtension>
            <ns3:hr>110</ns3:hr>
            <ns3:cad>0</ns3:cad>
          </ns3:TrackPointExtension>
        </extensions>
      </trkpt>
      <trkpt lat="31.30009098909795284271240234375" lon="121.4837199635803699493408203125">
        <ele>8.80000019073486328125</ele>
        <time>2026-08-07T07:19:02.000Z</time>
        <extensions>
          <ns3:TrackPointExtension>
            <ns3:hr>113</ns3:hr>
            <ns3:cad>0</ns3:cad>
          </ns3:TrackPointExtension>
        </extensions>
      </trkpt>
      <trkpt lat="31.30009065382182598114013671875" lon="121.4837216399610042572021484375">
        <ele>8.80000019073486328125</ele>
        <time>2026-08-07T07:19:11.000Z</time>
        <extensions>
          <ns3:TrackPointExtension>
            <ns3:hr>110</ns3:hr>
            <ns3:cad>0</ns3:cad>
          </ns3:TrackPointExtension>
        </extensions>
      </trkpt>
      <trkpt lat="31.30009015090763568878173828125" lon="121.483722142875194549560546875">
        <ele>8.80000019073486328125</ele>
        <time>2026-08-07T07:19:14.000Z</time>
        <extensions>
          <ns3:TrackPointExtension>
            <ns3:hr>107</ns3:hr>
            <ns3:cad>0</ns3:cad>
          </ns3:TrackPointExtension>
        </extensions>
      </trkpt>
      <trkpt lat="31.30008973181247711181640625" lon="121.483723819255828857421875">
        <ele>8.80000019073486328125</ele>
        <time>2026-08-07T07:19:22.000Z</time>
        <extensions>
          <ns3:TrackPointExtension>
            <ns3:hr>104</ns3:hr>
            <ns3:cad>0</ns3:cad>
          </ns3:TrackPointExtension>
        </extensions>
      </trkpt>
      <trkpt lat="31.30008973181247711181640625" lon="121.4837270043790340423583984375">
        <ele>8.80000019073486328125</ele>
        <time>2026-08-07T07:19:25.000Z</time>
        <extensions>
          <ns3:TrackPointExtension>
            <ns3:hr>100</ns3:hr>
            <ns3:cad>0</ns3:cad>
          </ns3:TrackPointExtension>
        </extensions>
      </trkpt>
      <trkpt lat="31.30008931271731853485107421875" lon="121.48372717201709747314453125">
        <ele>8.80000019073486328125</ele>
        <time>2026-08-07T07:19:28.000Z</time>
        <extensions>
          <ns3:TrackPointExtension>
            <ns3:hr>97</ns3:hr>
            <ns3:cad>0</ns3:cad>
          </ns3:TrackPointExtension>
        </extensions>
      </trkpt>
      <trkpt lat="31.300088725984096527099609375" lon="121.48372717201709747314453125">
        <ele>8.80000019073486328125</ele>
        <time>2026-08-07T07:19:34.000Z</time>
        <extensions>
          <ns3:TrackPointExtension>
            <ns3:hr>100</ns3:hr>
            <ns3:cad>0</ns3:cad>
          </ns3:TrackPointExtension>
        </extensions>
      </trkpt>
      <trkpt lat="31.30003047175705432891845703125" lon="121.4837493002414703369140625">
        <ele>9</ele>
        <time>2026-08-07T07:19:39.000Z</time>
        <extensions>
          <ns3:TrackPointExtension>
            <ns3:hr>101</ns3:hr>
            <ns3:cad>0</ns3:cad>
          </ns3:TrackPointExtension>
        </extensions>
      </trkpt>
      <trkpt lat="31.299883536994457244873046875" lon="121.4837850071489810943603515625">
        <ele>10.19999980926513671875</ele>
        <time>2026-08-07T07:19:44.000Z</time>
        <extensions>
          <ns3:TrackPointExtension>
            <ns3:hr>105</ns3:hr>
            <ns3:cad>85</ns3:cad>
          </ns3:TrackPointExtension>
        </extensions>
      </trkpt>
      <trkpt lat="31.29985830746591091156005859375" lon="121.48378861136734485626220703125">
        <ele>10.3999996185302734375</ele>
        <time>2026-08-07T07:19:45.000Z</time>
        <extensions>
          <ns3:TrackPointExtension>
            <ns3:hr>106</ns3:hr>
            <ns3:cad>85</ns3:cad>
          </ns3:TrackPointExtension>
        </extensions>
      </trkpt>
      <trkpt lat="31.29980147816240787506103515625" lon="121.4837910421192646026611328125">
        <ele>10.80000019073486328125</ele>
        <time>2026-08-07T07:19:48.000Z</time>
        <extensions>
          <ns3:TrackPointExtension>
            <ns3:hr>109</ns3:hr>
            <ns3:cad>83</ns3:cad>
          </ns3:TrackPointExtension>
        </extensions>
      </trkpt>
      <trkpt lat="31.2997837923467159271240234375" lon="121.4837997592985630035400390625">
        <ele>11</ele>
        <time>2026-08-07T07:19:49.000Z</time>
        <extensions>
          <ns3:TrackPointExtension>
            <ns3:hr>111</ns3:hr>
            <ns3:cad>83</ns3:cad>
          </ns3:TrackPointExtension>
        </extensions>
      </trkpt>
      <trkpt lat="31.29975982010364532470703125" lon="121.4838014356791973114013671875">
        <ele>11.19999980926513671875</ele>
        <time>2026-08-07T07:19:50.000Z</time>
        <extensions>
          <ns3:TrackPointExtension>
            <ns3:hr>112</ns3:hr>
            <ns3:cad>83</ns3:cad>
          </ns3:TrackPointExtension>
        </extensions>
      </trkpt>
      <trkpt lat="31.2996275536715984344482421875" lon="121.4837933890521526336669921875">
        <ele>12</ele>
        <time>2026-08-07T07:19:55.000Z</time>
        <extensions>
          <ns3:TrackPointExtension>
            <ns3:hr>114</ns3:hr>
            <ns3:cad>83</ns3:cad>
          </ns3:TrackPointExtension>
        </extensions>
      </trkpt>
      <trkpt lat="31.29960617981851100921630859375" lon="121.48380101658403873443603515625">
        <ele>12</ele>
        <time>2026-08-07T07:19:56.000Z</time>
        <extensions>
          <ns3:TrackPointExtension>
            <ns3:hr>117</ns3:hr>
            <ns3:cad>84</ns3:cad>
          </ns3:TrackPointExtension>
        </extensions>
      </trkpt>
      <trkpt lat="31.29948757588863372802734375" lon="121.48378727026283740997314453125">
        <ele>11.80000019073486328125</ele>
        <time>2026-08-07T07:20:01.000Z</time>
        <extensions>
          <ns3:TrackPointExtension>
            <ns3:hr>118</ns3:hr>
            <ns3:cad>82</ns3:cad>
          </ns3:TrackPointExtension>
        </extensions>
      </trkpt>
      <trkpt lat="31.29946167580783367156982421875" lon="121.483782827854156494140625">
        <ele>11.80000019073486328125</ele>
        <time>2026-08-07T07:20:02.000Z</time>
        <extensions>
          <ns3:TrackPointExtension>
            <ns3:hr>121</ns3:hr>
            <ns3:cad>83</ns3:cad>
          </ns3:TrackPointExtension>
        </extensions>
      </trkpt>
      <trkpt lat="31.29935924895107746124267578125" lon="121.48377142846584320068359375">
        <ele>11.80000019073486328125</ele>
        <time>2026-08-07T07:20:06.000Z</time>
        <extensions>
          <ns3:TrackPointExtension>
            <ns3:hr>123</ns3:hr>
            <ns3:cad>83</ns3:cad>
          </ns3:TrackPointExtension>
        </extensions>
      </trkpt>
      <trkpt lat="31.2992964684963226318359375" lon="121.48379431106150150299072265625">
        <ele>12.19999980926513671875</ele>
        <time>2026-08-07T07:20:09.000Z</time>
        <extensions>
          <ns3:TrackPointExtension>
            <ns3:hr>124</ns3:hr>
            <ns3:cad>84</ns3:cad>
          </ns3:TrackPointExtension>
        </extensions>
      </trkpt>
      <trkpt lat="31.29927442409098148345947265625" lon="121.483801268041133880615234375">
        <ele>12.19999980926513671875</ele>
        <time>2026-08-07T07:20:10.000Z</time>
        <extensions>
          <ns3:TrackPointExtension>
            <ns3:hr>124</ns3:hr>
            <ns3:cad>84</ns3:cad>
          </ns3:TrackPointExtension>
        </extensions>
      </trkpt>
      <trkpt lat="31.29924844019114971160888671875" lon="121.483799926936626434326171875">
        <ele>12.3999996185302734375</ele>
        <time>2026-08-07T07:20:11.000Z</time>
        <extensions>
          <ns3:TrackPointExtension>
            <ns3:hr>124</ns3:hr>
            <ns3:cad>84</ns3:cad>
          </ns3:TrackPointExtension>
        </extensions>
      </trkpt>
      <trkpt lat="31.2992017529904842376708984375" lon="121.4838002622127532958984375">
        <ele>12.3999996185302734375</ele>
        <time>2026-08-07T07:20:13.000Z</time>
        <extensions>
          <ns3:TrackPointExtension>
            <ns3:hr>124</ns3:hr>
            <ns3:cad>83</ns3:cad>
          </ns3:TrackPointExtension>
        </extensions>
      </trkpt>
      <trkpt lat="31.29916193895041942596435546875" lon="121.4838111586868762969970703125">
        <ele>12.6000003814697265625</ele>
        <time>2026-08-07T07:20:15.000Z</time>
        <extensions>
          <ns3:TrackPointExtension>
            <ns3:hr>124</ns3:hr>
            <ns3:cad>83</ns3:cad>
          </ns3:TrackPointExtension>
        </extensions>
      </trkpt>
      <trkpt lat="31.299101002514362335205078125" lon="121.4838527329266071319580078125">
        <ele>12.6000003814697265625</ele>
        <time>2026-08-07T07:20:18.000Z</time>
        <extensions>
          <ns3:TrackPointExtension>
            <ns3:hr>121</ns3:hr>
            <ns3:cad>83</ns3:cad>
          </ns3:TrackPointExtension>
        </extensions>
      </trkpt>
      <trkpt lat="31.29901223815977573394775390625" lon="121.48392406292259693145751953125">
        <ele>11.80000019073486328125</ele>
        <time>2026-08-07T07:20:23.000Z</time>
        <extensions>
          <ns3:TrackPointExtension>
            <ns3:hr>118</ns3:hr>
            <ns3:cad>81</ns3:cad>
          </ns3:TrackPointExtension>
        </extensions>
      </trkpt>
      <trkpt lat="31.29887913353741168975830078125" lon="121.48404392413794994354248046875">
        <ele>10.3999996185302734375</ele>
        <time>2026-08-07T07:20:31.000Z</time>
        <extensions>
          <ns3:TrackPointExtension>
            <ns3:hr>121</ns3:hr>
            <ns3:cad>83</ns3:cad>
          </ns3:TrackPointExtension>
        </extensions>
      </trkpt>
      <trkpt lat="31.29883370362222194671630859375" lon="121.4840854145586490631103515625">
        <ele>10.19999980926513671875</ele>
        <time>2026-08-07T07:20:34.000Z</time>
        <extensions>
          <ns3:TrackPointExtension>
            <ns3:hr>125</ns3:hr>
            <ns3:cad>83</ns3:cad>
          </ns3:TrackPointExtension>
        </extensions>
      </trkpt>
      <trkpt lat="31.2987809814512729644775390625" lon="121.48416311480104923248291015625">
        <ele>9.6000003814697265625</ele>
        <time>2026-08-07T07:20:38.000Z</time>
        <extensions>
          <ns3:TrackPointExtension>
            <ns3:hr>125</ns3:hr>
            <ns3:cad>82</ns3:cad>
          </ns3:TrackPointExtension>
        </extensions>
      </trkpt>
      <trkpt lat="31.298659779131412506103515625" lon="121.484266631305217742919921875">
        <ele>9.3999996185302734375</ele>
        <time>2026-08-07T07:20:45.000Z</time>
        <extensions>
          <ns3:TrackPointExtension>
            <ns3:hr>126</ns3:hr>
            <ns3:cad>83</ns3:cad>
          </ns3:TrackPointExtension>
        </extensions>
      </trkpt>
      <trkpt lat="31.29851452074944972991943359375" lon="121.48432840593159198760986328125">
        <ele>9.3999996185302734375</ele>
        <time>2026-08-07T07:20:52.000Z</time>
        <extensions>
          <ns3:TrackPointExtension>
            <ns3:hr>125</ns3:hr>
            <ns3:cad>82</ns3:cad>
          </ns3:TrackPointExtension>
        </extensions>
      </trkpt>
      <trkpt lat="31.2983337230980396270751953125" lon="121.484397388994693756103515625">
        <ele>12.80000019073486328125</ele>
        <time>2026-08-07T07:21:01.000Z</time>
        <extensions>
          <ns3:TrackPointExtension>
            <ns3:hr>123</ns3:hr>
            <ns3:cad>81</ns3:cad>
          </ns3:TrackPointExtension>
        </extensions>
      </trkpt>
      <trkpt lat="31.29819349385797977447509765625" lon="121.484401412308216094970703125">
        <ele>14.6000003814697265625</ele>
        <time>2026-08-07T07:21:07.000Z</time>
        <extensions>
          <ns3:TrackPointExtension>
            <ns3:hr>122</ns3:hr>
            <ns3:cad>82</ns3:cad>
          </ns3:TrackPointExtension>
        </extensions>
      </trkpt>
      <trkpt lat="31.29801881499588489532470703125" lon="121.48445539176464080810546875">
        <ele>12.19999980926513671875</ele>
        <time>2026-08-07T07:21:16.000Z</time>
        <extensions>
          <ns3:TrackPointExtension>
            <ns3:hr>124</ns3:hr>
            <ns3:cad>82</ns3:cad>
          </ns3:TrackPointExtension>
        </extensions>
      </trkpt>
      <trkpt lat="31.29789300262928009033203125" lon="121.48456410504877567291259765625">
        <ele>12.80000019073486328125</ele>
        <time>2026-08-07T07:21:23.000Z</time>
        <extensions>
          <ns3:TrackPointExtension>
            <ns3:hr>125</ns3:hr>
            <ns3:cad>82</ns3:cad>
          </ns3:TrackPointExtension>
        </extensions>
      </trkpt>
      <trkpt lat="31.2977406196296215057373046875" lon="121.48461825214326381683349609375">
        <ele>11.3999996185302734375</ele>
        <time>2026-08-07T07:21:31.000Z</time>
        <extensions>
          <ns3:TrackPointExtension>
            <ns3:hr>127</ns3:hr>
            <ns3:cad>81</ns3:cad>
          </ns3:TrackPointExtension>
        </extensions>
      </trkpt>
      <trkpt lat="31.29757918417453765869140625" lon="121.4846657775342464447021484375">
        <ele>11</ele>
        <time>2026-08-07T07:21:39.000Z</time>
        <extensions>
          <ns3:TrackPointExtension>
            <ns3:hr>128</ns3:hr>
            <ns3:cad>83</ns3:cad>
          </ns3:TrackPointExtension>
        </extensions>
      </trkpt>
      <trkpt lat="31.297493018209934234619140625" lon="121.48471246473491191864013671875">
        <ele>11.19999980926513671875</ele>
        <time>2026-08-07T07:21:44.000Z</time>
        <extensions>
          <ns3:TrackPointExtension>
            <ns3:hr>129</ns3:hr>
            <ns3:cad>83</ns3:cad>
          </ns3:TrackPointExtension>
        </extensions>
      </trkpt>
      <trkpt lat="31.29744264297187328338623046875" lon="121.48476040922105312347412109375">
        <ele>11.3999996185302734375</ele>
        <time>2026-08-07T07:21:47.000Z</time>
        <extensions>
          <ns3:TrackPointExtension>
            <ns3:hr>129</ns3:hr>
            <ns3:cad>81</ns3:cad>
          </ns3:TrackPointExtension>
        </extensions>
      </trkpt>
      <trkpt lat="31.297380365431308746337890625" lon="121.48478798568248748779296875">
        <ele>11.3999996185302734375</ele>
        <time>2026-08-07T07:21:50.000Z</time>
        <extensions>
          <ns3:TrackPointExtension>
            <ns3:hr>128</ns3:hr>
            <ns3:cad>83</ns3:cad>
          </ns3:TrackPointExtension>
        </extensions>
      </trkpt>
      <trkpt lat="31.2972913496196269989013671875" lon="121.484841294586658477783203125">
        <ele>12</ele>
        <time>2026-08-07T07:21:55.000Z</time>
        <extensions>
          <ns3:TrackPointExtension>
            <ns3:hr>128</ns3:hr>
            <ns3:cad>82</ns3:cad>
          </ns3:TrackPointExtension>
        </extensions>
      </trkpt>
      <trkpt lat="31.297263018786907196044921875" lon="121.4848689548671245574951171875">
        <ele>12.3999996185302734375</ele>
        <time>2026-08-07T07:21:57.000Z</time>
        <extensions>
          <ns3:TrackPointExtension>
            <ns3:hr>128</ns3:hr>
            <ns3:cad>83</ns3:cad>
          </ns3:TrackPointExtension>
        </extensions>
      </trkpt>
      <trkpt lat="31.297173835337162017822265625" lon="121.48491782136261463165283203125">
        <ele>13.3999996185302734375</ele>
        <time>2026-08-07T07:22:01.000Z</time>
        <extensions>
          <ns3:TrackPointExtension>
            <ns3:hr>128</ns3:hr>
            <ns3:cad>82</ns3:cad>
          </ns3:TrackPointExtension>
        </extensions>
      </trkpt>
      <trkpt lat="31.2970067001879215240478515625" lon="121.48497171700000762939453125">
        <ele>14.3999996185302734375</ele>
        <time>2026-08-07T07:22:09.000Z</time>
        <extensions>
          <ns3:TrackPointExtension>
            <ns3:hr>128</ns3:hr>
            <ns3:cad>82</ns3:cad>
          </ns3:TrackPointExtension>
        </extensions>
      </trkpt>
      <trkpt lat="31.29691533744335174560546875" lon="121.4850171469151973724365234375">
        <ele>14.80000019073486328125</ele>
        <time>2026-08-07T07:22:14.000Z</time>
        <extensions>
          <ns3:TrackPointExtension>
            <ns3:hr>128</ns3:hr>
            <ns3:cad>83</ns3:cad>
          </ns3:TrackPointExtension>
        </extensions>
      </trkpt>
      <trkpt lat="31.2967368029057979583740234375" lon="121.4850654266774654388427734375">
        <ele>13.80000019073486328125</ele>
        <time>2026-08-07T07:22:22.000Z</time>
        <extensions>
          <ns3:TrackPointExtension>
            <ns3:hr>128</ns3:hr>
            <ns3:cad>83</ns3:cad>
          </ns3:TrackPointExtension>
        </extensions>
      </trkpt>
      <trkpt lat="31.2967056222259998321533203125" lon="121.48507959209382534027099609375">
        <ele>13.6000003814697265625</ele>
        <time>2026-08-07T07:22:24.000Z</time>
        <extensions>
          <ns3:TrackPointExtension>
            <ns3:hr>128</ns3:hr>
            <ns3:cad>83</ns3:cad>
          </ns3:TrackPointExtension>
        </extensions>
      </trkpt>
      <trkpt lat="31.2966647185385227203369140625" lon="121.48509317077696323394775390625">
        <ele>13.19999980926513671875</ele>
        <time>2026-08-07T07:22:27.000Z</time>
        <extensions>
          <ns3:TrackPointExtension>
            <ns3:hr>128</ns3:hr>
            <ns3:cad>0</ns3:cad>
          </ns3:TrackPointExtension>
        </extensions>
      </trkpt>
      <trkpt lat="31.296652816236019134521484375" lon="121.48509400896728038787841796875">
        <ele>13.19999980926513671875</ele>
        <time>2026-08-07T07:22:28.000Z</time>
        <extensions>
          <ns3:TrackPointExtension>
            <ns3:hr>129</ns3:hr>
            <ns3:cad>0</ns3:cad>
          </ns3:TrackPointExtension>
        </extensions>
      </trkpt>
      <trkpt lat="31.2966167740523815155029296875" lon="121.48509643971920013427734375">
        <ele>12.80000019073486328125</ele>
        <time>2026-08-07T07:22:32.000Z</time>
        <extensions>
          <ns3:TrackPointExtension>
            <ns3:hr>128</ns3:hr>
            <ns3:cad>0</ns3:cad>
          </ns3:TrackPointExtension>
        </extensions>
      </trkpt>
      <trkpt lat="31.29658433608710765838623046875" lon="121.4850828610360622406005859375">
        <ele>12.6000003814697265625</ele>
        <time>2026-08-07T07:22:35.000Z</time>
        <extensions>
          <ns3:TrackPointExtension>
            <ns3:hr>128</ns3:hr>
            <ns3:cad>0</ns3:cad>
          </ns3:TrackPointExtension>
        </extensions>
      </trkpt>
      <trkpt lat="31.296551227569580078125" lon="121.48508579470217227935791015625">
        <ele>12.3999996185302734375</ele>
        <time>2026-08-07T07:22:39.000Z</time>
        <extensions>
          <ns3:TrackPointExtension>
            <ns3:hr>129</ns3:hr>
            <ns3:cad>50</ns3:cad>
          </ns3:TrackPointExtension>
        </extensions>
      </trkpt>
      <trkpt lat="31.29648744128644466400146484375" lon="121.485090069472789764404296875">
        <ele>11.3999996185302734375</ele>
        <time>2026-08-07T07:22:44.000Z</time>
        <extensions>
          <ns3:TrackPointExtension>
            <ns3:hr>129</ns3:hr>
            <ns3:cad>57</ns3:cad>
          </ns3:TrackPointExtension>
        </extensions>
      </trkpt>
      <trkpt lat="31.29647302441298961639404296875" lon="121.48509451188147068023681640625">
        <ele>11.19999980926513671875</ele>
        <time>2026-08-07T07:22:45.000Z</time>
        <extensions>
          <ns3:TrackPointExtension>
            <ns3:hr>129</ns3:hr>
            <ns3:cad>57</ns3:cad>
          </ns3:TrackPointExtension>
        </extensions>
      </trkpt>
      <trkpt lat="31.29645324312150478363037109375" lon="121.48511194624006748199462890625">
        <ele>10.80000019073486328125</ele>
        <time>2026-08-07T07:22:46.000Z</time>
        <extensions>
          <ns3:TrackPointExtension>
            <ns3:hr>128</ns3:hr>
            <ns3:cad>57</ns3:cad>
          </ns3:TrackPointExtension>
        </extensions>
      </trkpt>
      <trkpt lat="31.2963743694126605987548828125" lon="121.485156118869781494140625">
        <ele>10.80000019073486328125</ele>
        <time>2026-08-07T07:22:50.000Z</time>
        <extensions>
          <ns3:TrackPointExtension>
            <ns3:hr>125</ns3:hr>
            <ns3:cad>82</ns3:cad>
          </ns3:TrackPointExtension>
        </extensions>
      </trkpt>
      <trkpt lat="31.2963572703301906585693359375" lon="121.48516877554357051849365234375">
        <ele>10.80000019073486328125</ele>
        <time>2026-08-07T07:22:51.000Z</time>
        <extensions>
          <ns3:TrackPointExtension>
            <ns3:hr>125</ns3:hr>
            <ns3:cad>82</ns3:cad>
          </ns3:TrackPointExtension>
        </extensions>
      </trkpt>
      <trkpt lat="31.29623866640031337738037109375" lon="121.485217474400997161865234375">
        <ele>10.80000019073486328125</ele>
        <time>2026-08-07T07:22:56.000Z</time>
        <extensions>
          <ns3:TrackPointExtension>
            <ns3:hr>126</ns3:hr>
            <ns3:cad>83</ns3:cad>
          </ns3:TrackPointExtension>
        </extensions>
      </trkpt>
      <trkpt lat="31.29622877575457096099853515625" lon="121.4852178096771240234375">
        <ele>10.80000019073486328125</ele>
        <time>2026-08-07T07:22:57.000Z</time>
        <extensions>
          <ns3:TrackPointExtension>
            <ns3:hr>129</ns3:hr>
            <ns3:cad>83</ns3:cad>
          </ns3:TrackPointExtension>
        </extensions>
      </trkpt>
      <trkpt lat="31.2962198071181774139404296875" lon="121.485227532684803009033203125">
        <ele>10.80000019073486328125</ele>
        <time>2026-08-07T07:22:58.000Z</time>
        <extensions>
          <ns3:TrackPointExtension>
            <ns3:hr>127</ns3:hr>
            <ns3:cad>83</ns3:cad>
          </ns3:TrackPointExtension>
        </extensions>
      </trkpt>
      <trkpt lat="31.29616700112819671630859375" lon="121.485281847417354583740234375">
        <ele>10.3999996185302734375</ele>
        <time>2026-08-07T07:23:01.000Z</time>
        <extensions>
          <ns3:TrackPointExtension>
            <ns3:hr>127</ns3:hr>
            <ns3:cad>83</ns3:cad>
          </ns3:TrackPointExtension>
        </extensions>
      </trkpt>
      <trkpt lat="31.29604521207511425018310546875" lon="121.48535661399364471435546875">
        <ele>10</ele>
        <time>2026-08-07T07:23:08.000Z</time>
        <extensions>
          <ns3:TrackPointExtension>
            <ns3:hr>124</ns3:hr>
            <ns3:cad>84</ns3:cad>
          </ns3:TrackPointExtension>
        </extensions>
      </trkpt>
      <trkpt lat="31.29602559842169284820556640625" lon="121.4853661693632602691650390625">
        <ele>10</ele>
        <time>2026-08-07T07:23:09.000Z</time>
        <extensions>
          <ns3:TrackPointExtension>
            <ns3:hr>122</ns3:hr>
            <ns3:cad>84</ns3:cad>
          </ns3:TrackPointExtension>
        </extensions>
      </trkpt>
      <trkpt lat="31.29597245715558528900146484375" lon="121.48540623486042022705078125">
        <ele>9.80000019073486328125</ele>
        <time>2026-08-07T07:23:12.000Z</time>
        <extensions>
          <ns3:TrackPointExtension>
            <ns3:hr>119</ns3:hr>
            <ns3:cad>84</ns3:cad>
          </ns3:TrackPointExtension>
        </extensions>
      </trkpt>
      <trkpt lat="31.29593230783939361572265625" lon="121.48544403724372386932373046875">
        <ele>9.3999996185302734375</ele>
        <time>2026-08-07T07:23:15.000Z</time>
        <extensions>
          <ns3:TrackPointExtension>
            <ns3:hr>120</ns3:hr>
            <ns3:cad>84</ns3:cad>
          </ns3:TrackPointExtension>
        </extensions>
      </trkpt>
      <trkpt lat="31.29579911939799785614013671875" lon="121.485537998378276824951171875">
        <ele>9</ele>
        <time>2026-08-07T07:23:21.000Z</time>
        <extensions>
          <ns3:TrackPointExtension>
            <ns3:hr>120</ns3:hr>
            <ns3:cad>83</ns3:cad>
          </ns3:TrackPointExtension>
        </extensions>
      </trkpt>
      <trkpt lat="31.29573206417262554168701171875" lon="121.48560899309813976287841796875">
        <ele>8.19999980926513671875</ele>
        <time>2026-08-07T07:23:27.000Z</time>
        <extensions>
          <ns3:TrackPointExtension>
            <ns3:hr>122</ns3:hr>
            <ns3:cad>0</ns3:cad>
          </ns3:TrackPointExtension>
        </extensions>
      </trkpt>
      <trkpt lat="31.29570700228214263916015625" lon="121.48563615046441555023193359375">
        <ele>8</ele>
        <time>2026-08-07T07:23:31.000Z</time>
        <extensions>
          <ns3:TrackPointExtension>
            <ns3:hr>122</ns3:hr>
            <ns3:cad>74</ns3:cad>
          </ns3:TrackPointExtension>
        </extensions>
      </trkpt>
      <trkpt lat="31.29571412689983844757080078125" lon="121.48565928451716899871826171875">
        <ele>7.80000019073486328125</ele>
        <time>2026-08-07T07:23:34.000Z</time>
        <extensions>
          <ns3:TrackPointExtension>
            <ns3:hr>121</ns3:hr>
            <ns3:cad>74</ns3:cad>
          </ns3:TrackPointExtension>
        </extensions>
      </trkpt>
      <trkpt lat="31.2957232631742954254150390625" lon="121.48573824204504489898681640625">
        <ele>7.19999980926513671875</ele>
        <time>2026-08-07T07:23:41.000Z</time>
        <extensions>
          <ns3:TrackPointExtension>
            <ns3:hr>122</ns3:hr>
            <ns3:cad>0</ns3:cad>
          </ns3:TrackPointExtension>
        </extensions>
      </trkpt>
      <trkpt lat="31.2957222573459148406982421875" lon="121.48583832196891307830810546875">
        <ele>7</ele>
        <time>2026-08-07T07:23:48.000Z</time>
        <extensions>
          <ns3:TrackPointExtension>
            <ns3:hr>125</ns3:hr>
            <ns3:cad>0</ns3:cad>
          </ns3:TrackPointExtension>
        </extensions>
      </trkpt>
      <trkpt lat="31.29563718102872371673583984375" lon="121.485834382474422454833984375">
        <ele>6.599999904632568359375</ele>
        <time>2026-08-07T07:23:54.000Z</time>
        <extensions>
          <ns3:TrackPointExtension>
            <ns3:hr>123</ns3:hr>
            <ns3:cad>53</ns3:cad>
          </ns3:TrackPointExtension>
        </extensions>
      </trkpt>
      <trkpt lat="31.29562695510685443878173828125" lon="121.4858328737318515777587890625">
        <ele>6.599999904632568359375</ele>
        <time>2026-08-07T07:23:57.000Z</time>
        <extensions>
          <ns3:TrackPointExtension>
            <ns3:hr>120</ns3:hr>
            <ns3:cad>53</ns3:cad>
          </ns3:TrackPointExtension>
        </extensions>
      </trkpt>
      <trkpt lat="31.2956106103956699371337890625" lon="121.48584133945405483245849609375">
        <ele>6.599999904632568359375</ele>
        <time>2026-08-07T07:23:59.000Z</time>
        <extensions>
          <ns3:TrackPointExtension>
            <ns3:hr>118</ns3:hr>
            <ns3:cad>53</ns3:cad>
          </ns3:TrackPointExtension>
        </extensions>
      </trkpt>
      <trkpt lat="31.29559778608381748199462890625" lon="121.48584636859595775604248046875">
        <ele>6.599999904632568359375</ele>
        <time>2026-08-07T07:24:00.000Z</time>
        <extensions>
          <ns3:TrackPointExtension>
            <ns3:hr>116</ns3:hr>
            <ns3:cad>53</ns3:cad>
          </ns3:TrackPointExtension>
        </extensions>
      </trkpt>
      <trkpt lat="31.295575909316539764404296875" lon="121.485848464071750640869140625">
        <ele>6.400000095367431640625</ele>
        <time>2026-08-07T07:24:02.000Z</time>
        <extensions>
          <ns3:TrackPointExtension>
            <ns3:hr>114</ns3:hr>
            <ns3:cad>53</ns3:cad>
          </ns3:TrackPointExtension>
        </extensions>
      </trkpt>
      <trkpt lat="31.29556476138532161712646484375" lon="121.48585575632750988006591796875">
        <ele>6.400000095367431640625</ele>
        <time>2026-08-07T07:24:04.000Z</time>
        <extensions>
          <ns3:TrackPointExtension>
            <ns3:hr>111</ns3:hr>
            <ns3:cad>51</ns3:cad>
          </ns3:TrackPointExtension>
        </extensions>
      </trkpt>
      <trkpt lat="31.295553781092166900634765625" lon="121.48587428033351898193359375">
        <ele>6.400000095367431640625</ele>
        <time>2026-08-07T07:24:07.000Z</time>
        <extensions>
          <ns3:TrackPointExtension>
            <ns3:hr>107</ns3:hr>
            <ns3:cad>0</ns3:cad>
          </ns3:TrackPointExtension>
        </extensions>
      </trkpt>
      <trkpt lat="31.29553944803774356842041015625" lon="121.48587654344737529754638671875">
        <ele>6.19999980926513671875</ele>
        <time>2026-08-07T07:24:09.000Z</time>
        <extensions>
          <ns3:TrackPointExtension>
            <ns3:hr>106</ns3:hr>
            <ns3:cad>0</ns3:cad>
          </ns3:TrackPointExtension>
        </extensions>
      </trkpt>
      <trkpt lat="31.29553106613457202911376953125" lon="121.48585793562233448028564453125">
        <ele>6.19999980926513671875</ele>
        <time>2026-08-07T07:24:15.000Z</time>
        <extensions>
          <ns3:TrackPointExtension>
            <ns3:hr>105</ns3:hr>
            <ns3:cad>0</ns3:cad>
          </ns3:TrackPointExtension>
        </extensions>
      </trkpt>
      <trkpt lat="31.29552771337330341339111328125" lon="121.4858583547174930572509765625">
        <ele>6.19999980926513671875</ele>
        <time>2026-08-07T07:24:17.000Z</time>
        <extensions>
          <ns3:TrackPointExtension>
            <ns3:hr>102</ns3:hr>
            <ns3:cad>0</ns3:cad>
          </ns3:TrackPointExtension>
        </extensions>
      </trkpt>
      <trkpt lat="31.29552620463073253631591796875" lon="121.4858566783368587493896484375">
        <ele>6.19999980926513671875</ele>
        <time>2026-08-07T07:24:20.000Z</time>
        <extensions>
          <ns3:TrackPointExtension>
            <ns3:hr>103</ns3:hr>
            <ns3:cad>0</ns3:cad>
          </ns3:TrackPointExtension>
        </extensions>
      </trkpt>
      <trkpt lat="31.2954714708030223846435546875" lon="121.48582055233418941497802734375">
        <ele>6</ele>
        <time>2026-08-07T07:24:25.000Z</time>
        <extensions>
          <ns3:TrackPointExtension>
            <ns3:hr>106</ns3:hr>
            <ns3:cad>0</ns3:cad>
          </ns3:TrackPointExtension>
        </extensions>
      </trkpt>
      <trkpt lat="31.2954099476337432861328125" lon="121.48579356260597705841064453125">
        <ele>6</ele>
        <time>2026-08-07T07:24:27.000Z</time>
        <extensions>
          <ns3:TrackPointExtension>
            <ns3:hr>106</ns3:hr>
            <ns3:cad>0</ns3:cad>
          </ns3:TrackPointExtension>
        </extensions>
      </trkpt>
      <trkpt lat="31.29533241502940654754638671875" lon="121.48577772080898284912109375">
        <ele>6.400000095367431640625</ele>
        <time>2026-08-07T07:24:31.000Z</time>
        <extensions>
          <ns3:TrackPointExtension>
            <ns3:hr>109</ns3:hr>
            <ns3:cad>81</ns3:cad>
          </ns3:TrackPointExtension>
        </extensions>
      </trkpt>
      <trkpt lat="31.29531229846179485321044921875" lon="121.4857678301632404327392578125">
        <ele>6.599999904632568359375</ele>
        <time>2026-08-07T07:24:33.000Z</time>
        <extensions>
          <ns3:TrackPointExtension>
            <ns3:hr>110</ns3:hr>
            <ns3:cad>81</ns3:cad>
          </ns3:TrackPointExtension>
        </extensions>
      </trkpt>
      <trkpt lat="31.29519604146480560302734375" lon="121.48573748767375946044921875">
        <ele>7.400000095367431640625</ele>
        <time>2026-08-07T07:24:41.000Z</time>
        <extensions>
          <ns3:TrackPointExtension>
            <ns3:hr>108</ns3:hr>
            <ns3:cad>48</ns3:cad>
          </ns3:TrackPointExtension>
        </extensions>
      </trkpt>
      <trkpt lat="31.2951311655342578887939453125" lon="121.48572466336190700531005859375">
        <ele>8.3999996185302734375</ele>
        <time>2026-08-07T07:24:47.000Z</time>
        <extensions>
          <ns3:TrackPointExtension>
            <ns3:hr>105</ns3:hr>
            <ns3:cad>0</ns3:cad>
          </ns3:TrackPointExtension>
        </extensions>
      </trkpt>
      <trkpt lat="31.2951268069446086883544921875" lon="121.48571829311549663543701171875">
        <ele>8.6000003814697265625</ele>
        <time>2026-08-07T07:24:48.000Z</time>
        <extensions>
          <ns3:TrackPointExtension>
            <ns3:hr>105</ns3:hr>
            <ns3:cad>0</ns3:cad>
          </ns3:TrackPointExtension>
        </extensions>
      </trkpt>
      <trkpt lat="31.29512588493525981903076171875" lon="121.48571460507810115814208984375">
        <ele>8.6000003814697265625</ele>
        <time>2026-08-07T07:24:51.000Z</time>
        <extensions>
          <ns3:TrackPointExtension>
            <ns3:hr>101</ns3:hr>
            <ns3:cad>0</ns3:cad>
          </ns3:TrackPointExtension>
        </extensions>
      </trkpt>
      <trkpt lat="31.295129321515560150146484375" lon="121.485719718039035797119140625">
        <ele>8.3999996185302734375</ele>
        <time>2026-08-07T07:24:55.000Z</time>
        <extensions>
          <ns3:TrackPointExtension>
            <ns3:hr>99</ns3:hr>
            <ns3:cad>0</ns3:cad>
          </ns3:TrackPointExtension>
        </extensions>
      </trkpt>
      <trkpt lat="31.29513032734394073486328125" lon="121.485730111598968505859375">
        <ele>8.19999980926513671875</ele>
        <time>2026-08-07T07:25:01.000Z</time>
        <extensions>
          <ns3:TrackPointExtension>
            <ns3:hr>102</ns3:hr>
            <ns3:cad>0</ns3:cad>
          </ns3:TrackPointExtension>
        </extensions>
      </trkpt>
      <trkpt lat="31.295130662620067596435546875" lon="121.48572809994220733642578125">
        <ele>8.19999980926513671875</ele>
        <time>2026-08-07T07:25:03.000Z</time>
        <extensions>
          <ns3:TrackPointExtension>
            <ns3:hr>104</ns3:hr>
            <ns3:cad>0</ns3:cad>
          </ns3:TrackPointExtension>
        </extensions>
      </trkpt>
      <trkpt lat="31.295130662620067596435546875" lon="121.48572809994220733642578125">
        <ele>8.19999980926513671875</ele>
        <time>2026-08-07T07:25:06.000Z</time>
        <extensions>
          <ns3:TrackPointExtension>
            <ns3:hr>107</ns3:hr>
            <ns3:cad>0</ns3:cad>
          </ns3:TrackPointExtension>
        </extensions>
      </trkpt>
      <trkpt lat="31.295130662620067596435546875" lon="121.48572809994220733642578125">
        <ele>8.19999980926513671875</ele>
        <time>2026-08-07T07:25:08.000Z</time>
        <extensions>
          <ns3:TrackPointExtension>
            <ns3:hr>110</ns3:hr>
            <ns3:cad>0</ns3:cad>
          </ns3:TrackPointExtension>
        </extensions>
      </trkpt>
      <trkpt lat="31.29513912834227085113525390625" lon="121.48573421873152256011962890625">
        <ele>8</ele>
        <time>2026-08-07T07:25:34.000Z</time>
        <extensions>
          <ns3:TrackPointExtension>
            <ns3:hr>107</ns3:hr>
            <ns3:cad>0</ns3:cad>
          </ns3:TrackPointExtension>
        </extensions>
      </trkpt>
      <trkpt lat="31.29513996653258800506591796875" lon="121.48573480546474456787109375">
        <ele>8</ele>
        <time>2026-08-07T07:25:40.000Z</time>
        <extensions>
          <ns3:TrackPointExtension>
            <ns3:hr>104</ns3:hr>
            <ns3:cad>0</ns3:cad>
          </ns3:TrackPointExtension>
        </extensions>
      </trkpt>
      <trkpt lat="31.29513946361839771270751953125" lon="121.48573807440698146820068359375">
        <ele>7.80000019073486328125</ele>
        <time>2026-08-07T07:25:45.000Z</time>
        <extensions>
          <ns3:TrackPointExtension>
            <ns3:hr>101</ns3:hr>
            <ns3:cad>0</ns3:cad>
          </ns3:TrackPointExtension>
        </extensions>
      </trkpt>
      <trkpt lat="31.29513426683843135833740234375" lon="121.48573924787342548370361328125">
        <ele>8</ele>
        <time>2026-08-07T07:25:58.000Z</time>
        <extensions>
          <ns3:TrackPointExtension>
            <ns3:hr>98</ns3:hr>
            <ns3:cad>0</ns3:cad>
          </ns3:TrackPointExtension>
        </extensions>
      </trkpt>
      <trkpt lat="31.295103840529918670654296875" lon="121.48576355539262294769287109375">
        <ele>7.80000019073486328125</ele>
        <time>2026-08-07T07:26:18.000Z</time>
        <extensions>
          <ns3:TrackPointExtension>
            <ns3:hr>101</ns3:hr>
            <ns3:cad>0</ns3:cad>
          </ns3:TrackPointExtension>
        </extensions>
      </trkpt>
      <trkpt lat="31.29507559351623058319091796875" lon="121.48576942272484302520751953125">
        <ele>8</ele>
        <time>2026-08-07T07:26:19.000Z</time>
        <extensions>
          <ns3:TrackPointExtension>
            <ns3:hr>101</ns3:hr>
            <ns3:cad>82</ns3:cad>
          </ns3:TrackPointExtension>
        </extensions>
      </trkpt>
      <trkpt lat="31.2949973903596401214599609375" lon="121.4857939817011356353759765625">
        <ele>8.6000003814697265625</ele>
        <time>2026-08-07T07:26:22.000Z</time>
        <extensions>
          <ns3:TrackPointExtension>
            <ns3:hr>104</ns3:hr>
            <ns3:cad>82</ns3:cad>
          </ns3:TrackPointExtension>
        </extensions>
      </trkpt>
      <trkpt lat="31.2948626093566417694091796875" lon="121.48584083653986454010009765625">
        <ele>9.6000003814697265625</ele>
        <time>2026-08-07T07:26:27.000Z</time>
        <extensions>
          <ns3:TrackPointExtension>
            <ns3:hr>107</ns3:hr>
            <ns3:cad>85</ns3:cad>
          </ns3:TrackPointExtension>
        </extensions>
      </trkpt>
      <trkpt lat="31.29481852054595947265625" lon="121.4858536608517169952392578125">
        <ele>10</ele>
        <time>2026-08-07T07:26:29.000Z</time>
        <extensions>
          <ns3:TrackPointExtension>
            <ns3:hr>108</ns3:hr>
            <ns3:cad>84</ns3:cad>
          </ns3:TrackPointExtension>
        </extensions>
      </trkpt>
      <trkpt lat="31.2947098910808563232421875" lon="121.48587101139128208160400390625">
        <ele>11.3999996185302734375</ele>
        <time>2026-08-07T07:26:34.000Z</time>
        <extensions>
          <ns3:TrackPointExtension>
            <ns3:hr>108</ns3:hr>
            <ns3:cad>85</ns3:cad>
          </ns3:TrackPointExtension>
        </extensions>
      </trkpt>
      <trkpt lat="31.29469019360840320587158203125" lon="121.4858677424490451812744140625">
        <ele>12</ele>
        <time>2026-08-07T07:26:35.000Z</time>
        <extensions>
          <ns3:TrackPointExtension>
            <ns3:hr>102</ns3:hr>
            <ns3:cad>85</ns3:cad>
          </ns3:TrackPointExtension>
        </extensions>
      </trkpt>
      <trkpt lat="31.29466739483177661895751953125" lon="121.48586262948811054229736328125">
        <ele>12.80000019073486328125</ele>
        <time>2026-08-07T07:26:36.000Z</time>
        <extensions>
          <ns3:TrackPointExtension>
            <ns3:hr>97</ns3:hr>
            <ns3:cad>84</ns3:cad>
          </ns3:TrackPointExtension>
        </extensions>
      </trkpt>
      <trkpt lat="31.294640488922595977783203125" lon="121.485860534012317657470703125">
        <ele>13.6000003814697265625</ele>
        <time>2026-08-07T07:26:37.000Z</time>
        <extensions>
          <ns3:TrackPointExtension>
            <ns3:hr>97</ns3:hr>
            <ns3:cad>84</ns3:cad>
          </ns3:TrackPointExtension>
        </extensions>
      </trkpt>
      <trkpt lat="31.29460117779672145843505859375" lon="121.4858724363148212432861328125">
        <ele>14.6000003814697265625</ele>
        <time>2026-08-07T07:26:39.000Z</time>
        <extensions>
          <ns3:TrackPointExtension>
            <ns3:hr>97</ns3:hr>
            <ns3:cad>84</ns3:cad>
          </ns3:TrackPointExtension>
        </extensions>
      </trkpt>
      <trkpt lat="31.29457519389688968658447265625" lon="121.48588576354086399078369140625">
        <ele>14.80000019073486328125</ele>
        <time>2026-08-07T07:26:41.000Z</time>
        <extensions>
          <ns3:TrackPointExtension>
            <ns3:hr>100</ns3:hr>
            <ns3:cad>84</ns3:cad>
          </ns3:TrackPointExtension>
        </extensions>
      </trkpt>
      <trkpt lat="31.29456010647118091583251953125" lon="121.48588894866406917572021484375">
        <ele>15</ele>
        <time>2026-08-07T07:26:43.000Z</time>
        <extensions>
          <ns3:TrackPointExtension>
            <ns3:hr>101</ns3:hr>
            <ns3:cad>84</ns3:cad>
          </ns3:TrackPointExtension>
        </extensions>
      </trkpt>
      <trkpt lat="31.2945427559316158294677734375" lon="121.48591023869812488555908203125">
        <ele>15.3999996185302734375</ele>
        <time>2026-08-07T07:26:45.000Z</time>
        <extensions>
          <ns3:TrackPointExtension>
            <ns3:hr>102</ns3:hr>
            <ns3:cad>84</ns3:cad>
          </ns3:TrackPointExtension>
        </extensions>
      </trkpt>
      <trkpt lat="31.2944944761693477630615234375" lon="121.48591610603034496307373046875">
        <ele>15.80000019073486328125</ele>
        <time>2026-08-07T07:26:48.000Z</time>
        <extensions>
          <ns3:TrackPointExtension>
            <ns3:hr>104</ns3:hr>
            <ns3:cad>80</ns3:cad>
          </ns3:TrackPointExtension>
        </extensions>
      </trkpt>
      <trkpt lat="31.29448567517101764678955078125" lon="121.48591895587742328643798828125">
        <ele>16</ele>
        <time>2026-08-07T07:26:49.000Z</time>
        <extensions>
          <ns3:TrackPointExtension>
            <ns3:hr>105</ns3:hr>
            <ns3:cad>80</ns3:cad>
          </ns3:TrackPointExtension>
        </extensions>
      </trkpt>
      <trkpt lat="31.29450797103345394134521484375" lon="121.48593655787408351898193359375">
        <ele>15.80000019073486328125</ele>
        <time>2026-08-07T07:26:51.000Z</time>
        <extensions>
          <ns3:TrackPointExtension>
            <ns3:hr>106</ns3:hr>
            <ns3:cad>81</ns3:cad>
          </ns3:TrackPointExtension>
        </extensions>
      </trkpt>
      <trkpt lat="31.29454166628420352935791015625" lon="121.48596589453518390655517578125">
        <ele>15.6000003814697265625</ele>
        <time>2026-08-07T07:26:53.000Z</time>
        <extensions>
          <ns3:TrackPointExtension>
            <ns3:hr>107</ns3:hr>
            <ns3:cad>82</ns3:cad>
          </ns3:TrackPointExtension>
        </extensions>
      </trkpt>
      <trkpt lat="31.29456044174730777740478515625" lon="121.4860206283628940582275390625">
        <ele>15.6000003814697265625</ele>
        <time>2026-08-07T07:26:55.000Z</time>
        <extensions>
          <ns3:TrackPointExtension>
            <ns3:hr>111</ns3:hr>
            <ns3:cad>83</ns3:cad>
          </ns3:TrackPointExtension>
        </extensions>
      </trkpt>
      <trkpt lat="31.29456982947885990142822265625" lon="121.4860390685498714447021484375">
        <ele>15.6000003814697265625</ele>
        <time>2026-08-07T07:26:56.000Z</time>
        <extensions>
          <ns3:TrackPointExtension>
            <ns3:hr>111</ns3:hr>
            <ns3:cad>83</ns3:cad>
          </ns3:TrackPointExtension>
        </extensions>
      </trkpt>
      <trkpt lat="31.29460704512894153594970703125" lon="121.48611291311681270599365234375">
        <ele>15.80000019073486328125</ele>
        <time>2026-08-07T07:27:00.000Z</time>
        <extensions>
          <ns3:TrackPointExtension>
            <ns3:hr>113</ns3:hr>
            <ns3:cad>83</ns3:cad>
          </ns3:TrackPointExtension>
        </extensions>
      </trkpt>
      <trkpt lat="31.2946168519556522369384765625" lon="121.48613856174051761627197265625">
        <ele>16</ele>
        <time>2026-08-07T07:27:01.000Z</time>
        <extensions>
          <ns3:TrackPointExtension>
            <ns3:hr>113</ns3:hr>
            <ns3:cad>83</ns3:cad>
          </ns3:TrackPointExtension>
        </extensions>
      </trkpt>
      <trkpt lat="31.29465297795832157135009765625" lon="121.48624015040695667266845703125">
        <ele>15.80000019073486328125</ele>
        <time>2026-08-07T07:27:05.000Z</time>
        <extensions>
          <ns3:TrackPointExtension>
            <ns3:hr>114</ns3:hr>
            <ns3:cad>82</ns3:cad>
          </ns3:TrackPointExtension>
        </extensions>
      </trkpt>
      <trkpt lat="31.2947063706815242767333984375" lon="121.486383564770221710205078125">
        <ele>15.3999996185302734375</ele>
        <time>2026-08-07T07:27:10.000Z</time>
        <extensions>
          <ns3:TrackPointExtension>
            <ns3:hr>117</ns3:hr>
            <ns3:cad>84</ns3:cad>
          </ns3:TrackPointExtension>
        </extensions>
      </trkpt>
      <trkpt lat="31.29472707398235797882080078125" lon="121.48645036853849887847900390625">
        <ele>15.19999980926513671875</ele>
        <time>2026-08-07T07:27:12.000Z</time>
        <extensions>
          <ns3:TrackPointExtension>
            <ns3:hr>119</ns3:hr>
            <ns3:cad>84</ns3:cad>
          </ns3:TrackPointExtension>
        </extensions>
      </trkpt>
      <trkpt lat="31.29478692077100276947021484375" lon="121.4866636879742145538330078125">
        <ele>13.80000019073486328125</ele>
        <time>2026-08-07T07:27:18.000Z</time>
        <extensions>
          <ns3:TrackPointExtension>
            <ns3:hr>121</ns3:hr>
            <ns3:cad>84</ns3:cad>
          </ns3:TrackPointExtension>
        </extensions>
      </trkpt>
      <trkpt lat="31.29484601318836212158203125" lon="121.4868150651454925537109375">
        <ele>12</ele>
        <time>2026-08-07T07:27:21.000Z</time>
        <extensions>
          <ns3:TrackPointExtension>
            <ns3:hr>122</ns3:hr>
            <ns3:cad>84</ns3:cad>
          </ns3:TrackPointExtension>
        </extensions>
      </trkpt>
      <trkpt lat="31.294949948787689208984375" lon="121.48699703626334667205810546875">
        <ele>9.19999980926513671875</ele>
        <time>2026-08-07T07:27:28.000Z</time>
        <extensions>
          <ns3:TrackPointExtension>
            <ns3:hr>123</ns3:hr>
            <ns3:cad>83</ns3:cad>
          </ns3:TrackPointExtension>
        </extensions>
      </trkpt>
      <trkpt lat="31.29495020024478435516357421875" lon="121.4870167337357997894287109375">
        <ele>9.19999980926513671875</ele>
        <time>2026-08-07T07:27:29.000Z</time>
        <extensions>
          <ns3:TrackPointExtension>
            <ns3:hr>123</ns3:hr>
            <ns3:cad>83</ns3:cad>
          </ns3:TrackPointExtension>
        </extensions>
      </trkpt>
      <trkpt lat="31.29494315944612026214599609375" lon="121.48703911341726779937744140625">
        <ele>9.3999996185302734375</ele>
        <time>2026-08-07T07:27:31.000Z</time>
        <extensions>
          <ns3:TrackPointExtension>
            <ns3:hr>124</ns3:hr>
            <ns3:cad>84</ns3:cad>
          </ns3:TrackPointExtension>
        </extensions>
      </trkpt>
      <trkpt lat="31.29496143199503421783447265625" lon="121.4871262013912200927734375">
        <ele>9</ele>
        <time>2026-08-07T07:27:35.000Z</time>
        <extensions>
          <ns3:TrackPointExtension>
            <ns3:hr>125</ns3:hr>
            <ns3:cad>83</ns3:cad>
          </ns3:TrackPointExtension>
        </extensions>
      </trkpt>
      <trkpt lat="31.2950087897479534149169921875" lon="121.48717674426734447479248046875">
        <ele>8.19999980926513671875</ele>
        <time>2026-08-07T07:27:38.000Z</time>
        <extensions>
          <ns3:TrackPointExtension>
            <ns3:hr>125</ns3:hr>
            <ns3:cad>84</ns3:cad>
          </ns3:TrackPointExtension>
        </extensions>
      </trkpt>
      <trkpt lat="31.29503309726715087890625" lon="121.48717976175248622894287109375">
        <ele>7.80000019073486328125</ele>
        <time>2026-08-07T07:27:39.000Z</time>
        <extensions>
          <ns3:TrackPointExtension>
            <ns3:hr>125</ns3:hr>
            <ns3:cad>84</ns3:cad>
          </ns3:TrackPointExtension>
        </extensions>
      </trkpt>
      <trkpt lat="31.29504927434027194976806640625" lon="121.487187556922435760498046875">
        <ele>7.400000095367431640625</ele>
        <time>2026-08-07T07:27:40.000Z</time>
        <extensions>
          <ns3:TrackPointExtension>
            <ns3:hr>125</ns3:hr>
            <ns3:cad>84</ns3:cad>
          </ns3:TrackPointExtension>
        </extensions>
      </trkpt>
      <trkpt lat="31.29508648999035358428955078125" lon="121.48722703568637371063232421875">
        <ele>7</ele>
        <time>2026-08-07T07:27:43.000Z</time>
        <extensions>
          <ns3:TrackPointExtension>
            <ns3:hr>126</ns3:hr>
            <ns3:cad>84</ns3:cad>
          </ns3:TrackPointExtension>
        </extensions>
      </trkpt>
      <trkpt lat="31.29509168677031993865966796875" lon="121.48723240010440349578857421875">
        <ele>6.80000019073486328125</ele>
        <time>2026-08-07T07:27:44.000Z</time>
        <extensions>
          <ns3:TrackPointExtension>
            <ns3:hr>126</ns3:hr>
            <ns3:cad>84</ns3:cad>
          </ns3:TrackPointExtension>
        </extensions>
      </trkpt>
      <trkpt lat="31.29513359628617763519287109375" lon="121.48725100792944431304931640625">
        <ele>6.19999980926513671875</ele>
        <time>2026-08-07T07:27:46.000Z</time>
        <extensions>
          <ns3:TrackPointExtension>
            <ns3:hr>127</ns3:hr>
            <ns3:cad>84</ns3:cad>
          </ns3:TrackPointExtension>
        </extensions>
      </trkpt>
      <trkpt lat="31.295202076435089111328125" lon="121.48731688968837261199951171875">
        <ele>5.400000095367431640625</ele>
        <time>2026-08-07T07:27:49.000Z</time>
        <extensions>
          <ns3:TrackPointExtension>
            <ns3:hr>128</ns3:hr>
            <ns3:cad>85</ns3:cad>
          </ns3:TrackPointExtension>
        </extensions>
      </trkpt>
      <trkpt lat="31.29521070979535579681396484375" lon="121.48736936040222644805908203125">
        <ele>5.599999904632568359375</ele>
        <time>2026-08-07T07:27:50.000Z</time>
        <extensions>
          <ns3:TrackPointExtension>
            <ns3:hr>128</ns3:hr>
            <ns3:cad>84</ns3:cad>
          </ns3:TrackPointExtension>
        </extensions>
      </trkpt>
      <trkpt lat="31.295277178287506103515625" lon="121.4875488169491291046142578125">
        <ele>5.599999904632568359375</ele>
        <time>2026-08-07T07:27:56.000Z</time>
        <extensions>
          <ns3:TrackPointExtension>
            <ns3:hr>129</ns3:hr>
            <ns3:cad>83</ns3:cad>
          </ns3:TrackPointExtension>
        </extensions>
      </trkpt>
      <trkpt lat="31.2952867336571216583251953125" lon="121.48757454939186573028564453125">
        <ele>5.80000019073486328125</ele>
        <time>2026-08-07T07:27:57.000Z</time>
        <extensions>
          <ns3:TrackPointExtension>
            <ns3:hr>129</ns3:hr>
            <ns3:cad>83</ns3:cad>
          </ns3:TrackPointExtension>
        </extensions>
      </trkpt>
      <trkpt lat="31.2953081913292407989501953125" lon="121.4876795746386051177978515625">
        <ele>6.19999980926513671875</ele>
        <time>2026-08-07T07:28:01.000Z</time>
        <extensions>
          <ns3:TrackPointExtension>
            <ns3:hr>130</ns3:hr>
            <ns3:cad>84</ns3:cad>
          </ns3:TrackPointExtension>
        </extensions>
      </trkpt>
      <trkpt lat="31.2953125499188899993896484375" lon="121.4877077378332614898681640625">
        <ele>6.400000095367431640625</ele>
        <time>2026-08-07T07:28:02.000Z</time>
        <extensions>
          <ns3:TrackPointExtension>
            <ns3:hr>130</ns3:hr>
            <ns3:cad>84</ns3:cad>
          </ns3:TrackPointExtension>
        </extensions>
      </trkpt>
      <trkpt lat="31.29532210528850555419921875" lon="121.4877939037978649139404296875">
        <ele>6.80000019073486328125</ele>
        <time>2026-08-07T07:28:05.000Z</time>
        <extensions>
          <ns3:TrackPointExtension>
            <ns3:hr>131</ns3:hr>
            <ns3:cad>84</ns3:cad>
          </ns3:TrackPointExtension>
        </extensions>
      </trkpt>
      <trkpt lat="31.29532587714493274688720703125" lon="121.4878235757350921630859375">
        <ele>6.80000019073486328125</ele>
        <time>2026-08-07T07:28:06.000Z</time>
        <extensions>
          <ns3:TrackPointExtension>
            <ns3:hr>131</ns3:hr>
            <ns3:cad>84</ns3:cad>
          </ns3:TrackPointExtension>
        </extensions>
      </trkpt>
      <trkpt lat="31.295357979834079742431640625" lon="121.48788928985595703125">
        <ele>6.599999904632568359375</ele>
        <time>2026-08-07T07:28:09.000Z</time>
        <extensions>
          <ns3:TrackPointExtension>
            <ns3:hr>131</ns3:hr>
            <ns3:cad>83</ns3:cad>
          </ns3:TrackPointExtension>
        </extensions>
      </trkpt>
      <trkpt lat="31.295396871864795684814453125" lon="121.48791871033608913421630859375">
        <ele>6.400000095367431640625</ele>
        <time>2026-08-07T07:28:11.000Z</time>
        <extensions>
          <ns3:TrackPointExtension>
            <ns3:hr>131</ns3:hr>
            <ns3:cad>83</ns3:cad>
          </ns3:TrackPointExtension>
        </extensions>
      </trkpt>
      <trkpt lat="31.29543651826679706573486328125" lon="121.48806095123291015625">
        <ele>6.19999980926513671875</ele>
        <time>2026-08-07T07:28:15.000Z</time>
        <extensions>
          <ns3:TrackPointExtension>
            <ns3:hr>131</ns3:hr>
            <ns3:cad>84</ns3:cad>
          </ns3:TrackPointExtension>
        </extensions>
      </trkpt>
      <trkpt lat="31.29545009694993495941162109375" lon="121.4882515557110309600830078125">
        <ele>6.19999980926513671875</ele>
        <time>2026-08-07T07:28:22.000Z</time>
        <extensions>
          <ns3:TrackPointExtension>
            <ns3:hr>133</ns3:hr>
            <ns3:cad>84</ns3:cad>
          </ns3:TrackPointExtension>
        </extensions>
      </trkpt>
      <trkpt lat="31.295431740581989288330078125" lon="121.488291285932064056396484375">
        <ele>6.19999980926513671875</ele>
        <time>2026-08-07T07:28:24.000Z</time>
        <extensions>
          <ns3:TrackPointExtension>
            <ns3:hr>133</ns3:hr>
            <ns3:cad>84</ns3:cad>
          </ns3:TrackPointExtension>
        </extensions>
      </trkpt>
      <trkpt lat="31.29538857378065586090087890625" lon="121.48831919766962528228759765625">
        <ele>6.599999904632568359375</ele>
        <time>2026-08-07T07:28:26.000Z</time>
        <extensions>
          <ns3:TrackPointExtension>
            <ns3:hr>133</ns3:hr>
            <ns3:cad>83</ns3:cad>
          </ns3:TrackPointExtension>
        </extensions>
      </trkpt>
      <trkpt lat="31.29519679583609104156494140625" lon="121.4884067885577678680419921875">
        <ele>7.599999904632568359375</ele>
        <time>2026-08-07T07:28:32.000Z</time>
        <extensions>
          <ns3:TrackPointExtension>
            <ns3:hr>133</ns3:hr>
            <ns3:cad>83</ns3:cad>
          </ns3:TrackPointExtension>
        </extensions>
      </trkpt>
      <trkpt lat="31.2951154075562953948974609375" lon="121.48842447437345981597900390625">
        <ele>7.599999904632568359375</ele>
        <time>2026-08-07T07:28:35.000Z</time>
        <extensions>
          <ns3:TrackPointExtension>
            <ns3:hr>133</ns3:hr>
            <ns3:cad>82</ns3:cad>
          </ns3:TrackPointExtension>
        </extensions>
      </trkpt>
      <trkpt lat="31.2949350290000438690185546875" lon="121.48850376717746257781982421875">
        <ele>8</ele>
        <time>2026-08-07T07:28:42.000Z</time>
        <extensions>
          <ns3:TrackPointExtension>
            <ns3:hr>134</ns3:hr>
            <ns3:cad>82</ns3:cad>
          </ns3:TrackPointExtension>
        </extensions>
      </trkpt>
      <trkpt lat="31.29489756189286708831787109375" lon="121.4885264821350574493408203125">
        <ele>8</ele>
        <time>2026-08-07T07:28:44.000Z</time>
        <extensions>
          <ns3:TrackPointExtension>
            <ns3:hr>134</ns3:hr>
            <ns3:cad>82</ns3:cad>
          </ns3:TrackPointExtension>
        </extensions>
      </trkpt>
      <trkpt lat="31.29487417638301849365234375" lon="121.4885264821350574493408203125">
        <ele>8</ele>
        <time>2026-08-07T07:28:45.000Z</time>
        <extensions>
          <ns3:TrackPointExtension>
            <ns3:hr>134</ns3:hr>
            <ns3:cad>83</ns3:cad>
          </ns3:TrackPointExtension>
        </extensions>
      </trkpt>
      <trkpt lat="31.29478658549487590789794921875" lon="121.48853193037211894989013671875">
        <ele>8</ele>
        <time>2026-08-07T07:28:48.000Z</time>
        <extensions>
          <ns3:TrackPointExtension>
            <ns3:hr>134</ns3:hr>
            <ns3:cad>82</ns3:cad>
          </ns3:TrackPointExtension>
        </extensions>
      </trkpt>
      <trkpt lat="31.29463386721909046173095703125" lon="121.48858624510467052459716796875">
        <ele>8</ele>
        <time>2026-08-07T07:28:55.000Z</time>
        <extensions>
          <ns3:TrackPointExtension>
            <ns3:hr>133</ns3:hr>
            <ns3:cad>82</ns3:cad>
          </ns3:TrackPointExtension>
        </extensions>
      </trkpt>
      <trkpt lat="31.29447829909622669219970703125" lon="121.4886465109884738922119140625">
        <ele>8.19999980926513671875</ele>
        <time>2026-08-07T07:29:03.000Z</time>
        <extensions>
          <ns3:TrackPointExtension>
            <ns3:hr>133</ns3:hr>
            <ns3:cad>82</ns3:cad>
          </ns3:TrackPointExtension>
        </extensions>
      </trkpt>
      <trkpt lat="31.29430898465216159820556640625" lon="121.48867450654506683349609375">
        <ele>8.6000003814697265625</ele>
        <time>2026-08-07T07:29:10.000Z</time>
        <extensions>
          <ns3:TrackPointExtension>
            <ns3:hr>133</ns3:hr>
            <ns3:cad>81</ns3:cad>
          </ns3:TrackPointExtension>
        </extensions>
      </trkpt>
      <trkpt lat="31.294289119541645050048828125" lon="121.48867308162152767181396484375">
        <ele>8.6000003814697265625</ele>
        <time>2026-08-07T07:29:11.000Z</time>
        <extensions>
          <ns3:TrackPointExtension>
            <ns3:hr>133</ns3:hr>
            <ns3:cad>82</ns3:cad>
          </ns3:TrackPointExtension>
        </extensions>
      </trkpt>
      <trkpt lat="31.2941441126167774200439453125" lon="121.48868112824857234954833984375">
        <ele>8.80000019073486328125</ele>
        <time>2026-08-07T07:29:18.000Z</time>
        <extensions>
          <ns3:TrackPointExtension>
            <ns3:hr>133</ns3:hr>
            <ns3:cad>80</ns3:cad>
          </ns3:TrackPointExtension>
        </extensions>
      </trkpt>
      <trkpt lat="31.29409407265484333038330078125" lon="121.4886974729597568511962890625">
        <ele>8.6000003814697265625</ele>
        <time>2026-08-07T07:29:22.000Z</time>
        <extensions>
          <ns3:TrackPointExtension>
            <ns3:hr>133</ns3:hr>
            <ns3:cad>0</ns3:cad>
          </ns3:TrackPointExtension>
        </extensions>
      </trkpt>
      <trkpt lat="31.29407412372529506683349609375" lon="121.488698311150074005126953125">
        <ele>8.6000003814697265625</ele>
        <time>2026-08-07T07:29:24.000Z</time>
        <extensions>
          <ns3:TrackPointExtension>
            <ns3:hr>133</ns3:hr>
            <ns3:cad>0</ns3:cad>
          </ns3:TrackPointExtension>
        </extensions>
      </trkpt>
      <trkpt lat="31.293990723788738250732421875" lon="121.48872588761150836944580078125">
        <ele>8.3999996185302734375</ele>
        <time>2026-08-07T07:29:32.000Z</time>
        <extensions>
          <ns3:TrackPointExtension>
            <ns3:hr>132</ns3:hr>
            <ns3:cad>53</ns3:cad>
          </ns3:TrackPointExtension>
        </extensions>
      </trkpt>
      <trkpt lat="31.2939305417239665985107421875" lon="121.48874181322753429412841796875">
        <ele>8.3999996185302734375</ele>
        <time>2026-08-07T07:29:39.000Z</time>
        <extensions>
          <ns3:TrackPointExtension>
            <ns3:hr>132</ns3:hr>
            <ns3:cad>53</ns3:cad>
          </ns3:TrackPointExtension>
        </extensions>
      </trkpt>
      <trkpt lat="31.29388586618006229400634765625" lon="121.4887480996549129486083984375">
        <ele>8.3999996185302734375</ele>
        <time>2026-08-07T07:29:44.000Z</time>
        <extensions>
          <ns3:TrackPointExtension>
            <ns3:hr>129</ns3:hr>
            <ns3:cad>53</ns3:cad>
          </ns3:TrackPointExtension>
        </extensions>
      </trkpt>
      <trkpt lat="31.29387664608657360076904296875" lon="121.48875053040683269500732421875">
        <ele>8.3999996185302734375</ele>
        <time>2026-08-07T07:29:45.000Z</time>
        <extensions>
          <ns3:TrackPointExtension>
            <ns3:hr>128</ns3:hr>
            <ns3:cad>53</ns3:cad>
          </ns3:TrackPointExtension>
        </extensions>
      </trkpt>
      <trkpt lat="31.29387061111629009246826171875" lon="121.4887598343193531036376953125">
        <ele>8.3999996185302734375</ele>
        <time>2026-08-07T07:29:46.000Z</time>
        <extensions>
          <ns3:TrackPointExtension>
            <ns3:hr>127</ns3:hr>
            <ns3:cad>53</ns3:cad>
          </ns3:TrackPointExtension>
        </extensions>
      </trkpt>
      <trkpt lat="31.293855607509613037109375" lon="121.48877735249698162078857421875">
        <ele>8.19999980926513671875</ele>
        <time>2026-08-07T07:29:48.000Z</time>
        <extensions>
          <ns3:TrackPointExtension>
            <ns3:hr>125</ns3:hr>
            <ns3:cad>55</ns3:cad>
          </ns3:TrackPointExtension>
        </extensions>
      </trkpt>
      <trkpt lat="31.29383758641779422760009765625" lon="121.48878154344856739044189453125">
        <ele>8.19999980926513671875</ele>
        <time>2026-08-07T07:29:50.000Z</time>
        <extensions>
          <ns3:TrackPointExtension>
            <ns3:hr>125</ns3:hr>
            <ns3:cad>59</ns3:cad>
          </ns3:TrackPointExtension>
        </extensions>
      </trkpt>
      <trkpt lat="31.2938125245273113250732421875" lon="121.4887725748121738433837890625">
        <ele>8.3999996185302734375</ele>
        <time>2026-08-07T07:29:53.000Z</time>
        <extensions>
          <ns3:TrackPointExtension>
            <ns3:hr>125</ns3:hr>
            <ns3:cad>56</ns3:cad>
          </ns3:TrackPointExtension>
        </extensions>
      </trkpt>
      <trkpt lat="31.2937738001346588134765625" lon="121.48878104053437709808349609375">
        <ele>8</ele>
        <time>2026-08-07T07:29:56.000Z</time>
        <extensions>
          <ns3:TrackPointExtension>
            <ns3:hr>125</ns3:hr>
            <ns3:cad>55</ns3:cad>
          </ns3:TrackPointExtension>
        </extensions>
      </trkpt>
      <trkpt lat="31.29373113624751567840576171875" lon="121.488792188465595245361328125">
        <ele>7.80000019073486328125</ele>
        <time>2026-08-07T07:30:00.000Z</time>
        <extensions>
          <ns3:TrackPointExtension>
            <ns3:hr>121</ns3:hr>
            <ns3:cad>0</ns3:cad>
          </ns3:TrackPointExtension>
        </extensions>
      </trkpt>
      <trkpt lat="31.2937065772712230682373046875" lon="121.4887947030365467071533203125">
        <ele>7.599999904632568359375</ele>
        <time>2026-08-07T07:30:02.000Z</time>
        <extensions>
          <ns3:TrackPointExtension>
            <ns3:hr>118</ns3:hr>
            <ns3:cad>0</ns3:cad>
          </ns3:TrackPointExtension>
        </extensions>
      </trkpt>
      <trkpt lat="31.29369827918708324432373046875" lon="121.4887963794171810150146484375">
        <ele>7.599999904632568359375</ele>
        <time>2026-08-07T07:30:03.000Z</time>
        <extensions>
          <ns3:TrackPointExtension>
            <ns3:hr>121</ns3:hr>
            <ns3:cad>0</ns3:cad>
          </ns3:TrackPointExtension>
        </extensions>
      </trkpt>
      <trkpt lat="31.29366424866020679473876953125" lon="121.4888159930706024169921875">
        <ele>7.599999904632568359375</ele>
        <time>2026-08-07T07:30:06.000Z</time>
        <extensions>
          <ns3:TrackPointExtension>
            <ns3:hr>119</ns3:hr>
            <ns3:cad>0</ns3:cad>
          </ns3:TrackPointExtension>
        </extensions>
      </trkpt>
      <trkpt lat="31.2936180643737316131591796875" lon="121.4888292364776134490966796875">
        <ele>7.400000095367431640625</ele>
        <time>2026-08-07T07:30:10.000Z</time>
        <extensions>
          <ns3:TrackPointExtension>
            <ns3:hr>116</ns3:hr>
            <ns3:cad>54</ns3:cad>
          </ns3:TrackPointExtension>
        </extensions>
      </trkpt>
      <trkpt lat="31.29360280930995941162109375" lon="121.48883636109530925750732421875">
        <ele>7.19999980926513671875</ele>
        <time>2026-08-07T07:30:12.000Z</time>
        <extensions>
          <ns3:TrackPointExtension>
            <ns3:hr>113</ns3:hr>
            <ns3:cad>55</ns3:cad>
          </ns3:TrackPointExtension>
        </extensions>
      </trkpt>
      <trkpt lat="31.29357523284852504730224609375" lon="121.4888486824929714202880859375">
        <ele>7.19999980926513671875</ele>
        <time>2026-08-07T07:30:14.000Z</time>
        <extensions>
          <ns3:TrackPointExtension>
            <ns3:hr>108</ns3:hr>
            <ns3:cad>55</ns3:cad>
          </ns3:TrackPointExtension>
        </extensions>
      </trkpt>
      <trkpt lat="31.293560899794101715087890625" lon="121.488851197063922882080078125">
        <ele>7.19999980926513671875</ele>
        <time>2026-08-07T07:30:15.000Z</time>
        <extensions>
          <ns3:TrackPointExtension>
            <ns3:hr>106</ns3:hr>
            <ns3:cad>55</ns3:cad>
          </ns3:TrackPointExtension>
        </extensions>
      </trkpt>
      <trkpt lat="31.29348688758909702301025390625" lon="121.48887441493570804595947265625">
        <ele>7</ele>
        <time>2026-08-07T07:30:20.000Z</time>
        <extensions>
          <ns3:TrackPointExtension>
            <ns3:hr>103</ns3:hr>
            <ns3:cad>55</ns3:cad>
          </ns3:TrackPointExtension>
        </extensions>
      </trkpt>
      <trkpt lat="31.293382532894611358642578125" lon="121.48890710435807704925537109375">
        <ele>6.80000019073486328125</ele>
        <time>2026-08-07T07:30:29.000Z</time>
        <extensions>
          <ns3:TrackPointExtension>
            <ns3:hr>102</ns3:hr>
            <ns3:cad>54</ns3:cad>
          </ns3:TrackPointExtension>
        </extensions>
      </trkpt>
      <trkpt lat="31.293372809886932373046875" lon="121.48890785872936248779296875">
        <ele>6.80000019073486328125</ele>
        <time>2026-08-07T07:30:31.000Z</time>
        <extensions>
          <ns3:TrackPointExtension>
            <ns3:hr>101</ns3:hr>
            <ns3:cad>55</ns3:cad>
          </ns3:TrackPointExtension>
        </extensions>
      </trkpt>
      <trkpt lat="31.2933407910168170928955078125" lon="121.48890911601483821868896484375">
        <ele>6.80000019073486328125</ele>
        <time>2026-08-07T07:30:34.000Z</time>
        <extensions>
          <ns3:TrackPointExtension>
            <ns3:hr>99</ns3:hr>
            <ns3:cad>54</ns3:cad>
          </ns3:TrackPointExtension>
        </extensions>
      </trkpt>
      <trkpt lat="31.2933240272104740142822265625" lon="121.48890961892902851104736328125">
        <ele>6.80000019073486328125</ele>
        <time>2026-08-07T07:30:36.000Z</time>
        <extensions>
          <ns3:TrackPointExtension>
            <ns3:hr>97</ns3:hr>
            <ns3:cad>0</ns3:cad>
          </ns3:TrackPointExtension>
        </extensions>
      </trkpt>
      <trkpt lat="31.29330600611865520477294921875" lon="121.4889110438525676727294921875">
        <ele>6.80000019073486328125</ele>
        <time>2026-08-07T07:30:41.000Z</time>
        <extensions>
          <ns3:TrackPointExtension>
            <ns3:hr>95</ns3:hr>
            <ns3:cad>0</ns3:cad>
          </ns3:TrackPointExtension>
        </extensions>
      </trkpt>
      <trkpt lat="31.2932251207530498504638671875" lon="121.488943733274936676025390625">
        <ele>7.19999980926513671875</ele>
        <time>2026-08-07T07:30:45.000Z</time>
        <extensions>
          <ns3:TrackPointExtension>
            <ns3:hr>94</ns3:hr>
            <ns3:cad>82</ns3:cad>
          </ns3:TrackPointExtension>
        </extensions>
      </trkpt>
      <trkpt lat="31.29314574413001537322998046875" lon="121.48897047154605388641357421875">
        <ele>7.80000019073486328125</ele>
        <time>2026-08-07T07:30:49.000Z</time>
        <extensions>
          <ns3:TrackPointExtension>
            <ns3:hr>97</ns3:hr>
            <ns3:cad>84</ns3:cad>
          </ns3:TrackPointExtension>
        </extensions>
      </trkpt>
      <trkpt lat="31.2930923514068126678466796875" lon="121.48898807354271411895751953125">
        <ele>8.19999980926513671875</ele>
        <time>2026-08-07T07:30:52.000Z</time>
        <extensions>
          <ns3:TrackPointExtension>
            <ns3:hr>102</ns3:hr>
            <ns3:cad>84</ns3:cad>
          </ns3:TrackPointExtension>
        </extensions>
      </trkpt>
      <trkpt lat="31.29303686320781707763671875" lon="121.4890055917203426361083984375">
        <ele>8.6000003814697265625</ele>
        <time>2026-08-07T07:30:55.000Z</time>
        <extensions>
          <ns3:TrackPointExtension>
            <ns3:hr>105</ns3:hr>
            <ns3:cad>84</ns3:cad>
          </ns3:TrackPointExtension>
        </extensions>
      </trkpt>
      <trkpt lat="31.29296150989830493927001953125" lon="121.48903048597276210784912109375">
        <ele>9</ele>
        <time>2026-08-07T07:30:59.000Z</time>
        <extensions>
          <ns3:TrackPointExtension>
            <ns3:hr>105</ns3:hr>
            <ns3:cad>83</ns3:cad>
          </ns3:TrackPointExtension>
        </extensions>
      </trkpt>
      <trkpt lat="31.29285581409931182861328125" lon="121.48910944350063800811767578125">
        <ele>9.3999996185302734375</ele>
        <time>2026-08-07T07:31:05.000Z</time>
        <extensions>
          <ns3:TrackPointExtension>
            <ns3:hr>108</ns3:hr>
            <ns3:cad>83</ns3:cad>
          </ns3:TrackPointExtension>
        </extensions>
      </trkpt>
      <trkpt lat="31.292838715016841888427734375" lon="121.4891262911260128021240234375">
        <ele>9.3999996185302734375</ele>
        <time>2026-08-07T07:31:06.000Z</time>
        <extensions>
          <ns3:TrackPointExtension>
            <ns3:hr>109</ns3:hr>
            <ns3:cad>83</ns3:cad>
          </ns3:TrackPointExtension>
        </extensions>
      </trkpt>
      <trkpt lat="31.292716674506664276123046875" lon="121.4891966991126537322998046875">
        <ele>10</ele>
        <time>2026-08-07T07:31:12.000Z</time>
        <extensions>
          <ns3:TrackPointExtension>
            <ns3:hr>112</ns3:hr>
            <ns3:cad>83</ns3:cad>
          </ns3:TrackPointExtension>
        </extensions>
      </trkpt>
      <trkpt lat="31.29269999451935291290283203125" lon="121.48920550011098384857177734375">
        <ele>10</ele>
        <time>2026-08-07T07:31:13.000Z</time>
        <extensions>
          <ns3:TrackPointExtension>
            <ns3:hr>112</ns3:hr>
            <ns3:cad>82</ns3:cad>
          </ns3:TrackPointExtension>
        </extensions>
      </trkpt>
      <trkpt lat="31.2926514632999897003173828125" lon="121.489256210625171661376953125">
        <ele>9.6000003814697265625</ele>
        <time>2026-08-07T07:31:17.000Z</time>
        <extensions>
          <ns3:TrackPointExtension>
            <ns3:hr>115</ns3:hr>
            <ns3:cad>82</ns3:cad>
          </ns3:TrackPointExtension>
        </extensions>
      </trkpt>
      <trkpt lat="31.29261910915374755859375" lon="121.4893619902431964874267578125">
        <ele>9.19999980926513671875</ele>
        <time>2026-08-07T07:31:21.000Z</time>
        <extensions>
          <ns3:TrackPointExtension>
            <ns3:hr>117</ns3:hr>
            <ns3:cad>82</ns3:cad>
          </ns3:TrackPointExtension>
        </extensions>
      </trkpt>
      <trkpt lat="31.29256269894540309906005859375" lon="121.48953909985721111297607421875">
        <ele>9</ele>
        <time>2026-08-07T07:31:28.000Z</time>
        <extensions>
          <ns3:TrackPointExtension>
            <ns3:hr>120</ns3:hr>
            <ns3:cad>83</ns3:cad>
          </ns3:TrackPointExtension>
        </extensions>
      </trkpt>
      <trkpt lat="31.29255197010934352874755859375" lon="121.4896466396749019622802734375">
        <ele>9.3999996185302734375</ele>
        <time>2026-08-07T07:31:32.000Z</time>
        <extensions>
          <ns3:TrackPointExtension>
            <ns3:hr>123</ns3:hr>
            <ns3:cad>83</ns3:cad>
          </ns3:TrackPointExtension>
        </extensions>
      </trkpt>
      <trkpt lat="31.29254291765391826629638671875" lon="121.48971579037606716156005859375">
        <ele>9.3999996185302734375</ele>
        <time>2026-08-07T07:31:35.000Z</time>
        <extensions>
          <ns3:TrackPointExtension>
            <ns3:hr>125</ns3:hr>
            <ns3:cad>82</ns3:cad>
          </ns3:TrackPointExtension>
        </extensions>
      </trkpt>
      <trkpt lat="31.29242238588631153106689453125" lon="121.48974831216037273406982421875">
        <ele>9</ele>
        <time>2026-08-07T07:31:40.000Z</time>
        <extensions>
          <ns3:TrackPointExtension>
            <ns3:hr>125</ns3:hr>
            <ns3:cad>82</ns3:cad>
          </ns3:TrackPointExtension>
        </extensions>
      </trkpt>
      <trkpt lat="31.29235818050801753997802734375" lon="121.48976541124284267425537109375">
        <ele>8.80000019073486328125</ele>
        <time>2026-08-07T07:31:44.000Z</time>
        <extensions>
          <ns3:TrackPointExtension>
            <ns3:hr>126</ns3:hr>
            <ns3:cad>82</ns3:cad>
          </ns3:TrackPointExtension>
        </extensions>
      </trkpt>
      <trkpt lat="31.2923316098749637603759765625" lon="121.4897824265062808990478515625">
        <ele>8.80000019073486328125</ele>
        <time>2026-08-07T07:31:46.000Z</time>
        <extensions>
          <ns3:TrackPointExtension>
            <ns3:hr>127</ns3:hr>
            <ns3:cad>82</ns3:cad>
          </ns3:TrackPointExtension>
        </extensions>
      </trkpt>
      <trkpt lat="31.29219532012939453125" lon="121.48975317366421222686767578125">
        <ele>8.19999980926513671875</ele>
        <time>2026-08-07T07:31:51.000Z</time>
        <extensions>
          <ns3:TrackPointExtension>
            <ns3:hr>127</ns3:hr>
            <ns3:cad>81</ns3:cad>
          </ns3:TrackPointExtension>
        </extensions>
      </trkpt>
      <trkpt lat="31.29202357493340969085693359375" lon="121.48967907764017581939697265625">
        <ele>9.3999996185302734375</ele>
        <time>2026-08-07T07:31:57.000Z</time>
        <extensions>
          <ns3:TrackPointExtension>
            <ns3:hr>128</ns3:hr>
            <ns3:cad>82</ns3:cad>
          </ns3:TrackPointExtension>
        </extensions>
      </trkpt>
      <trkpt lat="31.29200479947030544281005859375" lon="121.489658541977405548095703125">
        <ele>9.6000003814697265625</ele>
        <time>2026-08-07T07:31:58.000Z</time>
        <extensions>
          <ns3:TrackPointExtension>
            <ns3:hr>129</ns3:hr>
            <ns3:cad>82</ns3:cad>
          </ns3:TrackPointExtension>
        </extensions>
      </trkpt>
      <trkpt lat="31.29181779921054840087890625" lon="121.4895467273890972137451171875">
        <ele>10.80000019073486328125</ele>
        <time>2026-08-07T07:32:05.000Z</time>
        <extensions>
          <ns3:TrackPointExtension>
            <ns3:hr>131</ns3:hr>
            <ns3:cad>82</ns3:cad>
          </ns3:TrackPointExtension>
        </extensions>
      </trkpt>
      <trkpt lat="31.29181779921054840087890625" lon="121.4895467273890972137451171875">
        <ele>10.80000019073486328125</ele>
        <time>2026-08-07T07:32:06.000Z</time>
        <extensions>
          <ns3:TrackPointExtension>
            <ns3:hr>131</ns3:hr>
            <ns3:cad>82</ns3:cad>
          </ns3:TrackPointExtension>
        </extensions>
      </trkpt>
      <trkpt lat="31.2916536815464496612548828125" lon="121.48946131579577922821044921875">
        <ele>11.80000019073486328125</ele>
        <time>2026-08-07T07:32:14.000Z</time>
        <extensions>
          <ns3:TrackPointExtension>
            <ns3:hr>133</ns3:hr>
            <ns3:cad>82</ns3:cad>
          </ns3:TrackPointExtension>
        </extensions>
      </trkpt>
      <trkpt lat="31.2915031425654888153076171875" lon="121.48937967605888843536376953125">
        <ele>11.3999996185302734375</ele>
        <time>2026-08-07T07:32:22.000Z</time>
        <extensions>
          <ns3:TrackPointExtension>
            <ns3:hr>134</ns3:hr>
            <ns3:cad>83</ns3:cad>
          </ns3:TrackPointExtension>
        </extensions>
      </trkpt>
      <trkpt lat="31.29132536239922046661376953125" lon="121.4893026463687419891357421875">
        <ele>9.80000019073486328125</ele>
        <time>2026-08-07T07:32:31.000Z</time>
        <extensions>
          <ns3:TrackPointExtension>
            <ns3:hr>136</ns3:hr>
            <ns3:cad>83</ns3:cad>
          </ns3:TrackPointExtension>
        </extensions>
      </trkpt>
      <trkpt lat="31.29115588031709194183349609375" lon="121.4892493374645709991455078125">
        <ele>9.3999996185302734375</ele>
        <time>2026-08-07T07:32:39.000Z</time>
        <extensions>
          <ns3:TrackPointExtension>
            <ns3:hr>136</ns3:hr>
            <ns3:cad>83</ns3:cad>
          </ns3:TrackPointExtension>
        </extensions>
      </trkpt>
      <trkpt lat="31.29099729470908641815185546875" lon="121.48921421729028224945068359375">
        <ele>8.80000019073486328125</ele>
        <time>2026-08-07T07:32:46.000Z</time>
        <extensions>
          <ns3:TrackPointExtension>
            <ns3:hr>135</ns3:hr>
            <ns3:cad>82</ns3:cad>
          </ns3:TrackPointExtension>
        </extensions>
      </trkpt>
      <trkpt lat="31.2908153235912322998046875" lon="121.48914615623652935028076171875">
        <ele>7.400000095367431640625</ele>
        <time>2026-08-07T07:32:54.000Z</time>
        <extensions>
          <ns3:TrackPointExtension>
            <ns3:hr>134</ns3:hr>
            <ns3:cad>83</ns3:cad>
          </ns3:TrackPointExtension>
        </extensions>
      </trkpt>
      <trkpt lat="31.29075489006936550140380859375" lon="121.489136181771755218505859375">
        <ele>7</ele>
        <time>2026-08-07T07:32:57.000Z</time>
        <extensions>
          <ns3:TrackPointExtension>
            <ns3:hr>134</ns3:hr>
            <ns3:cad>81</ns3:cad>
          </ns3:TrackPointExtension>
        </extensions>
      </trkpt>
      <trkpt lat="31.2906951270997524261474609375" lon="121.48910776712000370025634765625">
        <ele>6.599999904632568359375</ele>
        <time>2026-08-07T07:33:00.000Z</time>
        <extensions>
          <ns3:TrackPointExtension>
            <ns3:hr>134</ns3:hr>
            <ns3:cad>83</ns3:cad>
          </ns3:TrackPointExtension>
        </extensions>
      </trkpt>
      <trkpt lat="31.29054400138556957244873046875" lon="121.48904867470264434814453125">
        <ele>5.19999980926513671875</ele>
        <time>2026-08-07T07:33:07.000Z</time>
        <extensions>
          <ns3:TrackPointExtension>
            <ns3:hr>134</ns3:hr>
            <ns3:cad>83</ns3:cad>
          </ns3:TrackPointExtension>
        </extensions>
      </trkpt>
      <trkpt lat="31.2904064543545246124267578125" lon="121.4890059269964694976806640625">
        <ele>5.19999980926513671875</ele>
        <time>2026-08-07T07:33:13.000Z</time>
        <extensions>
          <ns3:TrackPointExtension>
            <ns3:hr>134</ns3:hr>
            <ns3:cad>83</ns3:cad>
          </ns3:TrackPointExtension>
        </extensions>
      </trkpt>
      <trkpt lat="31.29025130532681941986083984375" lon="121.48896225728094577789306640625">
        <ele>6.80000019073486328125</ele>
        <time>2026-08-07T07:33:20.000Z</time>
        <extensions>
          <ns3:TrackPointExtension>
            <ns3:hr>136</ns3:hr>
            <ns3:cad>84</ns3:cad>
          </ns3:TrackPointExtension>
        </extensions>
      </trkpt>
      <trkpt lat="31.290206797420978546142578125" lon="121.48895689286291599273681640625">
        <ele>7.19999980926513671875</ele>
        <time>2026-08-07T07:33:25.000Z</time>
        <extensions>
          <ns3:TrackPointExtension>
            <ns3:hr>137</ns3:hr>
            <ns3:cad>54</ns3:cad>
          </ns3:TrackPointExtension>
        </extensions>
      </trkpt>
      <trkpt lat="31.29019581712782382965087890625" lon="121.48895722813904285430908203125">
        <ele>7.19999980926513671875</ele>
        <time>2026-08-07T07:33:26.000Z</time>
        <extensions>
          <ns3:TrackPointExtension>
            <ns3:hr>137</ns3:hr>
            <ns3:cad>54</ns3:cad>
          </ns3:TrackPointExtension>
        </extensions>
      </trkpt>
      <trkpt lat="31.2901201285421848297119140625" lon="121.4888976328074932098388671875">
        <ele>9</ele>
        <time>2026-08-07T07:33:34.000Z</time>
        <extensions>
          <ns3:TrackPointExtension>
            <ns3:hr>138</ns3:hr>
            <ns3:cad>55</ns3:cad>
          </ns3:TrackPointExtension>
        </extensions>
      </trkpt>
      <trkpt lat="31.29007394425570964813232421875" lon="121.48885429836809635162353515625">
        <ele>10</ele>
        <time>2026-08-07T07:33:38.000Z</time>
        <extensions>
          <ns3:TrackPointExtension>
            <ns3:hr>137</ns3:hr>
            <ns3:cad>56</ns3:cad>
          </ns3:TrackPointExtension>
        </extensions>
      </trkpt>
      <trkpt lat="31.29005231894552707672119140625" lon="121.4888428151607513427734375">
        <ele>10.3999996185302734375</ele>
        <time>2026-08-07T07:33:40.000Z</time>
        <extensions>
          <ns3:TrackPointExtension>
            <ns3:hr>137</ns3:hr>
            <ns3:cad>57</ns3:cad>
          </ns3:TrackPointExtension>
        </extensions>
      </trkpt>
      <trkpt lat="31.28997352905571460723876953125" lon="121.48881238885223865509033203125">
        <ele>11.80000019073486328125</ele>
        <time>2026-08-07T07:33:45.000Z</time>
        <extensions>
          <ns3:TrackPointExtension>
            <ns3:hr>134</ns3:hr>
            <ns3:cad>82</ns3:cad>
          </ns3:TrackPointExtension>
        </extensions>
      </trkpt>
      <trkpt lat="31.28994402475655078887939453125" lon="121.4888097904622554779052734375">
        <ele>12.19999980926513671875</ele>
        <time>2026-08-07T07:33:46.000Z</time>
        <extensions>
          <ns3:TrackPointExtension>
            <ns3:hr>131</ns3:hr>
            <ns3:cad>82</ns3:cad>
          </ns3:TrackPointExtension>
        </extensions>
      </trkpt>
      <trkpt lat="31.28989105112850666046142578125" lon="121.48880727589130401611328125">
        <ele>13.19999980926513671875</ele>
        <time>2026-08-07T07:33:47.000Z</time>
        <extensions>
          <ns3:TrackPointExtension>
            <ns3:hr>129</ns3:hr>
            <ns3:cad>83</ns3:cad>
          </ns3:TrackPointExtension>
        </extensions>
      </trkpt>
      <trkpt lat="31.2897664122283458709716796875" lon="121.48881205357611179351806640625">
        <ele>13.80000019073486328125</ele>
        <time>2026-08-07T07:33:53.000Z</time>
        <extensions>
          <ns3:TrackPointExtension>
            <ns3:hr>124</ns3:hr>
            <ns3:cad>84</ns3:cad>
          </ns3:TrackPointExtension>
        </extensions>
      </trkpt>
      <trkpt lat="31.28971469588577747344970703125" lon="121.48880903609097003936767578125">
        <ele>14</ele>
        <time>2026-08-07T07:33:55.000Z</time>
        <extensions>
          <ns3:TrackPointExtension>
            <ns3:hr>121</ns3:hr>
            <ns3:cad>84</ns3:cad>
          </ns3:TrackPointExtension>
        </extensions>
      </trkpt>
      <trkpt lat="31.2896271049976348876953125" lon="121.488796211779117584228515625">
        <ele>14.3999996185302734375</ele>
        <time>2026-08-07T07:34:01.000Z</time>
        <extensions>
          <ns3:TrackPointExtension>
            <ns3:hr>122</ns3:hr>
            <ns3:cad>83</ns3:cad>
          </ns3:TrackPointExtension>
        </extensions>
      </trkpt>
      <trkpt lat="31.289566420018672943115234375" lon="121.48880995810031890869140625">
        <ele>14.19999980926513671875</ele>
        <time>2026-08-07T07:34:05.000Z</time>
        <extensions>
          <ns3:TrackPointExtension>
            <ns3:hr>121</ns3:hr>
            <ns3:cad>57</ns3:cad>
          </ns3:TrackPointExtension>
        </extensions>
      </trkpt>
      <trkpt lat="31.28953993320465087890625" lon="121.48880970664322376251220703125">
        <ele>14</ele>
        <time>2026-08-07T07:34:08.000Z</time>
        <extensions>
          <ns3:TrackPointExtension>
            <ns3:hr>121</ns3:hr>
            <ns3:cad>57</ns3:cad>
          </ns3:TrackPointExtension>
        </extensions>
      </trkpt>
      <trkpt lat="31.28950296901166439056396484375" lon="121.488808952271938323974609375">
        <ele>13.80000019073486328125</ele>
        <time>2026-08-07T07:34:11.000Z</time>
        <extensions>
          <ns3:TrackPointExtension>
            <ns3:hr>120</ns3:hr>
            <ns3:cad>57</ns3:cad>
          </ns3:TrackPointExtension>
        </extensions>
      </trkpt>
      <trkpt lat="31.28946541808545589447021484375" lon="121.48881272412836551666259765625">
        <ele>13.80000019073486328125</ele>
        <time>2026-08-07T07:34:14.000Z</time>
        <extensions>
          <ns3:TrackPointExtension>
            <ns3:hr>120</ns3:hr>
            <ns3:cad>57</ns3:cad>
          </ns3:TrackPointExtension>
        </extensions>
      </trkpt>
      <trkpt lat="31.28945267759263515472412109375" lon="121.48881926201283931732177734375">
        <ele>13.6000003814697265625</ele>
        <time>2026-08-07T07:34:16.000Z</time>
        <extensions>
          <ns3:TrackPointExtension>
            <ns3:hr>120</ns3:hr>
            <ns3:cad>57</ns3:cad>
          </ns3:TrackPointExtension>
        </extensions>
      </trkpt>
      <trkpt lat="31.2894150428473949432373046875" lon="121.48881792090833187103271484375">
        <ele>13.3999996185302734375</ele>
        <time>2026-08-07T07:34:19.000Z</time>
        <extensions>
          <ns3:TrackPointExtension>
            <ns3:hr>119</ns3:hr>
            <ns3:cad>57</ns3:cad>
          </ns3:TrackPointExtension>
        </extensions>
      </trkpt>
      <trkpt lat="31.28940322436392307281494140625" lon="121.48881942965090274810791015625">
        <ele>13.3999996185302734375</ele>
        <time>2026-08-07T07:34:20.000Z</time>
        <extensions>
          <ns3:TrackPointExtension>
            <ns3:hr>119</ns3:hr>
            <ns3:cad>57</ns3:cad>
          </ns3:TrackPointExtension>
        </extensions>
      </trkpt>
      <trkpt lat="31.2893915735185146331787109375" lon="121.4888188429176807403564453125">
        <ele>13.3999996185302734375</ele>
        <time>2026-08-07T07:34:21.000Z</time>
        <extensions>
          <ns3:TrackPointExtension>
            <ns3:hr>119</ns3:hr>
            <ns3:cad>56</ns3:cad>
          </ns3:TrackPointExtension>
        </extensions>
      </trkpt>
      <trkpt lat="31.2893030606210231781005859375" lon="121.48883652873337268829345703125">
        <ele>12.80000019073486328125</ele>
        <time>2026-08-07T07:34:26.000Z</time>
        <extensions>
          <ns3:TrackPointExtension>
            <ns3:hr>118</ns3:hr>
            <ns3:cad>56</ns3:cad>
          </ns3:TrackPointExtension>
        </extensions>
      </trkpt>
      <trkpt lat="31.28918227739632129669189453125" lon="121.48882177658379077911376953125">
        <ele>11.6000003814697265625</ele>
        <time>2026-08-07T07:34:34.000Z</time>
        <extensions>
          <ns3:TrackPointExtension>
            <ns3:hr>117</ns3:hr>
            <ns3:cad>57</ns3:cad>
          </ns3:TrackPointExtension>
        </extensions>
      </trkpt>
      <trkpt lat="31.289171464741230010986328125" lon="121.48881892673671245574951171875">
        <ele>11.6000003814697265625</ele>
        <time>2026-08-07T07:34:35.000Z</time>
        <extensions>
          <ns3:TrackPointExtension>
            <ns3:hr>117</ns3:hr>
            <ns3:cad>57</ns3:cad>
          </ns3:TrackPointExtension>
        </extensions>
      </trkpt>
      <trkpt lat="31.28913869149982929229736328125" lon="121.4888164959847927093505859375">
        <ele>11.19999980926513671875</ele>
        <time>2026-08-07T07:34:38.000Z</time>
        <extensions>
          <ns3:TrackPointExtension>
            <ns3:hr>114</ns3:hr>
            <ns3:cad>54</ns3:cad>
          </ns3:TrackPointExtension>
        </extensions>
      </trkpt>
      <trkpt lat="31.289122514426708221435546875" lon="121.48881607688963413238525390625">
        <ele>11</ele>
        <time>2026-08-07T07:34:40.000Z</time>
        <extensions>
          <ns3:TrackPointExtension>
            <ns3:hr>112</ns3:hr>
            <ns3:cad>55</ns3:cad>
          </ns3:TrackPointExtension>
        </extensions>
      </trkpt>
      <trkpt lat="31.2890757434070110321044921875" lon="121.48880434222519397735595703125">
        <ele>10.80000019073486328125</ele>
        <time>2026-08-07T07:34:46.000Z</time>
        <extensions>
          <ns3:TrackPointExtension>
            <ns3:hr>109</ns3:hr>
            <ns3:cad>55</ns3:cad>
          </ns3:TrackPointExtension>
        </extensions>
      </trkpt>
      <trkpt lat="31.289038695394992828369140625" lon="121.48881892673671245574951171875">
        <ele>11.19999980926513671875</ele>
        <time>2026-08-07T07:34:49.000Z</time>
        <extensions>
          <ns3:TrackPointExtension>
            <ns3:hr>109</ns3:hr>
            <ns3:cad>55</ns3:cad>
          </ns3:TrackPointExtension>
        </extensions>
      </trkpt>
      <trkpt lat="31.289017908275127410888671875" lon="121.48881641216576099395751953125">
        <ele>11.19999980926513671875</ele>
        <time>2026-08-07T07:34:51.000Z</time>
        <extensions>
          <ns3:TrackPointExtension>
            <ns3:hr>109</ns3:hr>
            <ns3:cad>57</ns3:cad>
          </ns3:TrackPointExtension>
        </extensions>
      </trkpt>
      <trkpt lat="31.288929395377635955810546875" lon="121.4887890033423900604248046875">
        <ele>12</ele>
        <time>2026-08-07T07:34:57.000Z</time>
        <extensions>
          <ns3:TrackPointExtension>
            <ns3:hr>106</ns3:hr>
            <ns3:cad>55</ns3:cad>
          </ns3:TrackPointExtension>
        </extensions>
      </trkpt>
      <trkpt lat="31.2889127992093563079833984375" lon="121.488786824047565460205078125">
        <ele>12</ele>
        <time>2026-08-07T07:34:59.000Z</time>
        <extensions>
          <ns3:TrackPointExtension>
            <ns3:hr>105</ns3:hr>
            <ns3:cad>55</ns3:cad>
          </ns3:TrackPointExtension>
        </extensions>
      </trkpt>
      <trkpt lat="31.28884465433657169342041015625" lon="121.48877081461250782012939453125">
        <ele>12.6000003814697265625</ele>
        <time>2026-08-07T07:35:05.000Z</time>
        <extensions>
          <ns3:TrackPointExtension>
            <ns3:hr>102</ns3:hr>
            <ns3:cad>57</ns3:cad>
          </ns3:TrackPointExtension>
        </extensions>
      </trkpt>
      <trkpt lat="31.28882923163473606109619140625" lon="121.4887655340135097503662109375">
        <ele>12.6000003814697265625</ele>
        <time>2026-08-07T07:35:06.000Z</time>
        <extensions>
          <ns3:TrackPointExtension>
            <ns3:hr>102</ns3:hr>
            <ns3:cad>0</ns3:cad>
          </ns3:TrackPointExtension>
        </extensions>
      </trkpt>
      <trkpt lat="31.288769133388996124267578125" lon="121.48875371553003787994384765625">
        <ele>12.6000003814697265625</ele>
        <time>2026-08-07T07:35:09.000Z</time>
        <extensions>
          <ns3:TrackPointExtension>
            <ns3:hr>99</ns3:hr>
            <ns3:cad>82</ns3:cad>
          </ns3:TrackPointExtension>
        </extensions>
      </trkpt>
      <trkpt lat="31.288677938282489776611328125" lon="121.488766707479953765869140625">
        <ele>11.3999996185302734375</ele>
        <time>2026-08-07T07:35:13.000Z</time>
        <extensions>
          <ns3:TrackPointExtension>
            <ns3:hr>99</ns3:hr>
            <ns3:cad>84</ns3:cad>
          </ns3:TrackPointExtension>
        </extensions>
      </trkpt>
      <trkpt lat="31.288640387356281280517578125" lon="121.488762013614177703857421875">
        <ele>11.3999996185302734375</ele>
        <time>2026-08-07T07:35:16.000Z</time>
        <extensions>
          <ns3:TrackPointExtension>
            <ns3:hr>102</ns3:hr>
            <ns3:cad>42</ns3:cad>
          </ns3:TrackPointExtension>
        </extensions>
      </trkpt>
      <trkpt lat="31.288631670176982879638671875" lon="121.48875975050032138824462890625">
        <ele>11.3999996185302734375</ele>
        <time>2026-08-07T07:35:17.000Z</time>
        <extensions>
          <ns3:TrackPointExtension>
            <ns3:hr>103</ns3:hr>
            <ns3:cad>42</ns3:cad>
          </ns3:TrackPointExtension>
        </extensions>
      </trkpt>
    </trkseg>
  </trk>
</gpx>
