<gpx xmlns:ns3="http://www.garmin.com/xmlschemas/TrackPointExtension/v1" xmlns="http://www.topografix.com/GPX/1/1" xmlns:xsi="http://www.w3.org/2001/XMLSchema-instance" xmlns:ns2="http://www.garmin.com/xmlschemas/GpxExtensions/v3" creator="Garmin Connect" version="1.1" xsi:schemaLocation="http://www.topografix.com/GPX/1/1 http://www.topografix.com/GPX/11.xsd">
  <extensions>
<distance>5001.54</distance>
<average_hr>107.0</average_hr>
<average_speed>1.7990000247955322</average_speed>
<start_time>2026-08-10T06:30:37+00:00</start_time>
<end_time>2026-08-10T07:16:57.399000+00:00</end_time>
<moving_time>2455.064</moving_time>
<elapsed_time>3030.697</elapsed_time>
</extensions>
<metadata>
    <link href="connect.garmin.com">
      <text>Garmin Connect</text>
    </link>
    <time>2026-08-10T06:30:37.000Z</time>
  </metadata>
  <trk>
    <name>杨浦区 跑步</name>
    <type>running</type>
    <trkseg>
      <trkpt lat="31.25903625972568988800048828125" lon="121.5100485272705554962158203125">
        <ele>9.6000003814697265625</ele>
        <time>2026-08-10T06:30:37.000Z</time>
        <extensions>
          <ns3:TrackPointExtension>
            <ns3:hr>72</ns3:hr>
            <ns3:cad>57</ns3:cad>
          </ns3:TrackPointExtension>
        </extensions>
      </trkpt>
      <trkpt lat="31.2590296380221843719482421875" lon="121.5100599266588687896728515625">
        <ele>9.6000003814697265625</ele>
        <time>2026-08-10T06:30:38.000Z</time>
        <extensions>
          <ns3:TrackPointExtension>
            <ns3:hr>72</ns3:hr>
            <ns3:cad>57</ns3:cad>
          </ns3:TrackPointExtension>
        </extensions>
      </trkpt>
      <trkpt lat="31.259016059339046478271484375" lon="121.510070823132991790771484375">
        <ele>9.6000003814697265625</ele>
        <time>2026-08-10T06:30:40.000Z</time>
        <extensions>
          <ns3:TrackPointExtension>
            <ns3:hr>73</ns3:hr>
            <ns3:cad>57</ns3:cad>
          </ns3:TrackPointExtension>
        </extensions>
      </trkpt>
      <trkpt lat="31.2590071745216846466064453125" lon="121.51008985005319118499755859375">
        <ele>9.6000003814697265625</ele>
        <time>2026-08-10T06:30:42.000Z</time>
        <extensions>
          <ns3:TrackPointExtension>
            <ns3:hr>73</ns3:hr>
            <ns3:cad>59</ns3:cad>
          </ns3:TrackPointExtension>
        </extensions>
      </trkpt>
      <trkpt lat="31.25901295803487300872802734375" lon="121.51013561524450778961181640625">
        <ele>9.80000019073486328125</ele>
        <time>2026-08-10T06:30:44.000Z</time>
        <extensions>
          <ns3:TrackPointExtension>
            <ns3:hr>74</ns3:hr>
            <ns3:cad>59</ns3:cad>
          </ns3:TrackPointExtension>
        </extensions>
      </trkpt>
      <trkpt lat="31.25902888365089893341064453125" lon="121.51016838848590850830078125">
        <ele>10</ele>
        <time>2026-08-10T06:30:46.000Z</time>
        <extensions>
          <ns3:TrackPointExtension>
            <ns3:hr>75</ns3:hr>
            <ns3:cad>59</ns3:cad>
          </ns3:TrackPointExtension>
        </extensions>
      </trkpt>
      <trkpt lat="31.259046234190464019775390625" lon="121.5102054364979267120361328125">
        <ele>10.19999980926513671875</ele>
        <time>2026-08-10T06:30:48.000Z</time>
        <extensions>
          <ns3:TrackPointExtension>
            <ns3:hr>77</ns3:hr>
            <ns3:cad>59</ns3:cad>
          </ns3:TrackPointExtension>
        </extensions>
      </trkpt>
      <trkpt lat="31.2590809352695941925048828125" lon="121.51028732769191265106201171875">
        <ele>10.6000003814697265625</ele>
        <time>2026-08-10T06:30:52.000Z</time>
        <extensions>
          <ns3:TrackPointExtension>
            <ns3:hr>80</ns3:hr>
            <ns3:cad>82</ns3:cad>
          </ns3:TrackPointExtension>
        </extensions>
      </trkpt>
      <trkpt lat="31.25909828580915927886962890625" lon="121.510324291884899139404296875">
        <ele>10.6000003814697265625</ele>
        <time>2026-08-10T06:30:54.000Z</time>
        <extensions>
          <ns3:TrackPointExtension>
            <ns3:hr>81</ns3:hr>
            <ns3:cad>82</ns3:cad>
          </ns3:TrackPointExtension>
        </extensions>
      </trkpt>
      <trkpt lat="31.25913667492568492889404296875" lon="121.51038556359708309173583984375">
        <ele>11.19999980926513671875</ele>
        <time>2026-08-10T06:30:57.000Z</time>
        <extensions>
          <ns3:TrackPointExtension>
            <ns3:hr>85</ns3:hr>
            <ns3:cad>82</ns3:cad>
          </ns3:TrackPointExtension>
        </extensions>
      </trkpt>
      <trkpt lat="31.25916919670999050140380859375" lon="121.510457061231136322021484375">
        <ele>11.3999996185302734375</ele>
        <time>2026-08-10T06:31:00.000Z</time>
        <extensions>
          <ns3:TrackPointExtension>
            <ns3:hr>91</ns3:hr>
            <ns3:cad>83</ns3:cad>
          </ns3:TrackPointExtension>
        </extensions>
      </trkpt>
      <trkpt lat="31.259179674088954925537109375" lon="121.510472483932971954345703125">
        <ele>11.3999996185302734375</ele>
        <time>2026-08-10T06:31:01.000Z</time>
        <extensions>
          <ns3:TrackPointExtension>
            <ns3:hr>93</ns3:hr>
            <ns3:cad>82</ns3:cad>
          </ns3:TrackPointExtension>
        </extensions>
      </trkpt>
      <trkpt lat="31.25919350422918796539306640625" lon="121.51048933155834674835205078125">
        <ele>11.3999996185302734375</ele>
        <time>2026-08-10T06:31:07.000Z</time>
        <extensions>
          <ns3:TrackPointExtension>
            <ns3:hr>96</ns3:hr>
            <ns3:cad>67</ns3:cad>
          </ns3:TrackPointExtension>
        </extensions>
      </trkpt>
      <trkpt lat="31.25927363522350788116455078125" lon="121.51059209369122982025146484375">
        <ele>11.3999996185302734375</ele>
        <time>2026-08-10T06:31:14.000Z</time>
        <extensions>
          <ns3:TrackPointExtension>
            <ns3:hr>98</ns3:hr>
            <ns3:cad>82</ns3:cad>
          </ns3:TrackPointExtension>
        </extensions>
      </trkpt>
      <trkpt lat="31.2593035586178302764892578125" lon="121.5106416307389736175537109375">
        <ele>11.6000003814697265625</ele>
        <time>2026-08-10T06:31:19.000Z</time>
        <extensions>
          <ns3:TrackPointExtension>
            <ns3:hr>98</ns3:hr>
            <ns3:cad>83</ns3:cad>
          </ns3:TrackPointExtension>
        </extensions>
      </trkpt>
      <trkpt lat="31.25930196605622768402099609375" lon="121.5106654353439807891845703125">
        <ele>11.6000003814697265625</ele>
        <time>2026-08-10T06:31:20.000Z</time>
        <extensions>
          <ns3:TrackPointExtension>
            <ns3:hr>99</ns3:hr>
            <ns3:cad>83</ns3:cad>
          </ns3:TrackPointExtension>
        </extensions>
      </trkpt>
      <trkpt lat="31.25930431298911571502685546875" lon="121.5106781758368015289306640625">
        <ele>11.6000003814697265625</ele>
        <time>2026-08-10T06:31:21.000Z</time>
        <extensions>
          <ns3:TrackPointExtension>
            <ns3:hr>99</ns3:hr>
            <ns3:cad>83</ns3:cad>
          </ns3:TrackPointExtension>
        </extensions>
      </trkpt>
      <trkpt lat="31.25932292081415653228759765625" lon="121.51069787330925464630126953125">
        <ele>11.6000003814697265625</ele>
        <time>2026-08-10T06:31:25.000Z</time>
        <extensions>
          <ns3:TrackPointExtension>
            <ns3:hr>98</ns3:hr>
            <ns3:cad>83</ns3:cad>
          </ns3:TrackPointExtension>
        </extensions>
      </trkpt>
      <trkpt lat="31.259383857250213623046875" lon="121.5108069218695163726806640625">
        <ele>11.80000019073486328125</ele>
        <time>2026-08-10T06:31:31.000Z</time>
        <extensions>
          <ns3:TrackPointExtension>
            <ns3:hr>97</ns3:hr>
            <ns3:cad>57</ns3:cad>
          </ns3:TrackPointExtension>
        </extensions>
      </trkpt>
      <trkpt lat="31.25940707512199878692626953125" lon="121.51085863821208477020263671875">
        <ele>12</ele>
        <time>2026-08-10T06:31:36.000Z</time>
        <extensions>
          <ns3:TrackPointExtension>
            <ns3:hr>98</ns3:hr>
            <ns3:cad>0</ns3:cad>
          </ns3:TrackPointExtension>
        </extensions>
      </trkpt>
      <trkpt lat="31.2594155408442020416259765625" lon="121.51087925769388675689697265625">
        <ele>12</ele>
        <time>2026-08-10T06:31:38.000Z</time>
        <extensions>
          <ns3:TrackPointExtension>
            <ns3:hr>97</ns3:hr>
            <ns3:cad>59</ns3:cad>
          </ns3:TrackPointExtension>
        </extensions>
      </trkpt>
      <trkpt lat="31.25942735932767391204833984375" lon="121.51091806590557098388671875">
        <ele>12</ele>
        <time>2026-08-10T06:31:41.000Z</time>
        <extensions>
          <ns3:TrackPointExtension>
            <ns3:hr>97</ns3:hr>
            <ns3:cad>57</ns3:cad>
          </ns3:TrackPointExtension>
        </extensions>
      </trkpt>
      <trkpt lat="31.2594480626285076141357421875" lon="121.51097112335264682769775390625">
        <ele>12</ele>
        <time>2026-08-10T06:31:45.000Z</time>
        <extensions>
          <ns3:TrackPointExtension>
            <ns3:hr>97</ns3:hr>
            <ns3:cad>58</ns3:cad>
          </ns3:TrackPointExtension>
        </extensions>
      </trkpt>
      <trkpt lat="31.259470023214817047119140625" lon="121.5110764838755130767822265625">
        <ele>12.19999980926513671875</ele>
        <time>2026-08-10T06:31:52.000Z</time>
        <extensions>
          <ns3:TrackPointExtension>
            <ns3:hr>95</ns3:hr>
            <ns3:cad>58</ns3:cad>
          </ns3:TrackPointExtension>
        </extensions>
      </trkpt>
      <trkpt lat="31.25949927605688571929931640625" lon="121.51108746416866779327392578125">
        <ele>12</ele>
        <time>2026-08-10T06:31:55.000Z</time>
        <extensions>
          <ns3:TrackPointExtension>
            <ns3:hr>94</ns3:hr>
            <ns3:cad>57</ns3:cad>
          </ns3:TrackPointExtension>
        </extensions>
      </trkpt>
      <trkpt lat="31.2595345638692378997802734375" lon="121.51117212139070034027099609375">
        <ele>11.80000019073486328125</ele>
        <time>2026-08-10T06:32:00.000Z</time>
        <extensions>
          <ns3:TrackPointExtension>
            <ns3:hr>92</ns3:hr>
            <ns3:cad>58</ns3:cad>
          </ns3:TrackPointExtension>
        </extensions>
      </trkpt>
      <trkpt lat="31.2596344761550426483154296875" lon="121.5112162940204143524169921875">
        <ele>10.80000019073486328125</ele>
        <time>2026-08-10T06:32:07.000Z</time>
        <extensions>
          <ns3:TrackPointExtension>
            <ns3:hr>91</ns3:hr>
            <ns3:cad>59</ns3:cad>
          </ns3:TrackPointExtension>
        </extensions>
      </trkpt>
      <trkpt lat="31.25963087193667888641357421875" lon="121.51120598427951335906982421875">
        <ele>10.80000019073486328125</ele>
        <time>2026-08-10T06:32:12.000Z</time>
        <extensions>
          <ns3:TrackPointExtension>
            <ns3:hr>90</ns3:hr>
            <ns3:cad>59</ns3:cad>
          </ns3:TrackPointExtension>
        </extensions>
      </trkpt>
      <trkpt lat="31.259655766189098358154296875" lon="121.51122040115296840667724609375">
        <ele>10.6000003814697265625</ele>
        <time>2026-08-10T06:32:18.000Z</time>
        <extensions>
          <ns3:TrackPointExtension>
            <ns3:hr>90</ns3:hr>
            <ns3:cad>59</ns3:cad>
          </ns3:TrackPointExtension>
        </extensions>
      </trkpt>
      <trkpt lat="31.2597296945750713348388671875" lon="121.51127974502742290496826171875">
        <ele>9.6000003814697265625</ele>
        <time>2026-08-10T06:32:25.000Z</time>
        <extensions>
          <ns3:TrackPointExtension>
            <ns3:hr>91</ns3:hr>
            <ns3:cad>58</ns3:cad>
          </ns3:TrackPointExtension>
        </extensions>
      </trkpt>
      <trkpt lat="31.2598091550171375274658203125" lon="121.51132919825613498687744140625">
        <ele>8.6000003814697265625</ele>
        <time>2026-08-10T06:32:30.000Z</time>
        <extensions>
          <ns3:TrackPointExtension>
            <ns3:hr>91</ns3:hr>
            <ns3:cad>58</ns3:cad>
          </ns3:TrackPointExtension>
        </extensions>
      </trkpt>
      <trkpt lat="31.2598510645329952239990234375" lon="121.51135719381272792816162109375">
        <ele>8</ele>
        <time>2026-08-10T06:32:32.000Z</time>
        <extensions>
          <ns3:TrackPointExtension>
            <ns3:hr>90</ns3:hr>
            <ns3:cad>58</ns3:cad>
          </ns3:TrackPointExtension>
        </extensions>
      </trkpt>
      <trkpt lat="31.25996732152998447418212890625" lon="121.511449478566646575927734375">
        <ele>6.19999980926513671875</ele>
        <time>2026-08-10T06:32:36.000Z</time>
        <extensions>
          <ns3:TrackPointExtension>
            <ns3:hr>87</ns3:hr>
            <ns3:cad>58</ns3:cad>
          </ns3:TrackPointExtension>
        </extensions>
      </trkpt>
      <trkpt lat="31.260024569928646087646484375" lon="121.5114784799516201019287109375">
        <ele>5.80000019073486328125</ele>
        <time>2026-08-10T06:32:38.000Z</time>
        <extensions>
          <ns3:TrackPointExtension>
            <ns3:hr>88</ns3:hr>
            <ns3:cad>58</ns3:cad>
          </ns3:TrackPointExtension>
        </extensions>
      </trkpt>
      <trkpt lat="31.26007058657705783843994140625" lon="121.51148661039769649505615234375">
        <ele>5.599999904632568359375</ele>
        <time>2026-08-10T06:32:40.000Z</time>
        <extensions>
          <ns3:TrackPointExtension>
            <ns3:hr>89</ns3:hr>
            <ns3:cad>59</ns3:cad>
          </ns3:TrackPointExtension>
        </extensions>
      </trkpt>
      <trkpt lat="31.26012674532830715179443359375" lon="121.511503793299198150634765625">
        <ele>5.19999980926513671875</ele>
        <time>2026-08-10T06:32:43.000Z</time>
        <extensions>
          <ns3:TrackPointExtension>
            <ns3:hr>89</ns3:hr>
            <ns3:cad>58</ns3:cad>
          </ns3:TrackPointExtension>
        </extensions>
      </trkpt>
      <trkpt lat="31.260252892971038818359375" lon="121.5116477943956851959228515625">
        <ele>4.80000019073486328125</ele>
        <time>2026-08-10T06:32:51.000Z</time>
        <extensions>
          <ns3:TrackPointExtension>
            <ns3:hr>88</ns3:hr>
            <ns3:cad>60</ns3:cad>
          </ns3:TrackPointExtension>
        </extensions>
      </trkpt>
      <trkpt lat="31.26033813692629337310791015625" lon="121.5117671526968479156494140625">
        <ele>4.80000019073486328125</ele>
        <time>2026-08-10T06:32:59.000Z</time>
        <extensions>
          <ns3:TrackPointExtension>
            <ns3:hr>89</ns3:hr>
            <ns3:cad>78</ns3:cad>
          </ns3:TrackPointExtension>
        </extensions>
      </trkpt>
      <trkpt lat="31.2603603489696979522705078125" lon="121.511796824634075164794921875">
        <ele>4.80000019073486328125</ele>
        <time>2026-08-10T06:33:01.000Z</time>
        <extensions>
          <ns3:TrackPointExtension>
            <ns3:hr>91</ns3:hr>
            <ns3:cad>78</ns3:cad>
          </ns3:TrackPointExtension>
        </extensions>
      </trkpt>
      <trkpt lat="31.260371245443820953369140625" lon="121.51181333698332309722900390625">
        <ele>5</ele>
        <time>2026-08-10T06:33:04.000Z</time>
        <extensions>
          <ns3:TrackPointExtension>
            <ns3:hr>91</ns3:hr>
            <ns3:cad>56</ns3:cad>
          </ns3:TrackPointExtension>
        </extensions>
      </trkpt>
      <trkpt lat="31.26045414246618747711181640625" lon="121.511928923428058624267578125">
        <ele>5.19999980926513671875</ele>
        <time>2026-08-10T06:33:09.000Z</time>
        <extensions>
          <ns3:TrackPointExtension>
            <ns3:hr>89</ns3:hr>
            <ns3:cad>56</ns3:cad>
          </ns3:TrackPointExtension>
        </extensions>
      </trkpt>
      <trkpt lat="31.26057408750057220458984375" lon="121.51202456094324588775634765625">
        <ele>5</ele>
        <time>2026-08-10T06:33:14.000Z</time>
        <extensions>
          <ns3:TrackPointExtension>
            <ns3:hr>92</ns3:hr>
            <ns3:cad>82</ns3:cad>
          </ns3:TrackPointExtension>
        </extensions>
      </trkpt>
      <trkpt lat="31.2606163322925567626953125" lon="121.512085832655429840087890625">
        <ele>5.400000095367431640625</ele>
        <time>2026-08-10T06:33:16.000Z</time>
        <extensions>
          <ns3:TrackPointExtension>
            <ns3:hr>95</ns3:hr>
            <ns3:cad>83</ns3:cad>
          </ns3:TrackPointExtension>
        </extensions>
      </trkpt>
      <trkpt lat="31.260626055300235748291015625" lon="121.5121121518313884735107421875">
        <ele>5.400000095367431640625</ele>
        <time>2026-08-10T06:33:17.000Z</time>
        <extensions>
          <ns3:TrackPointExtension>
            <ns3:hr>96</ns3:hr>
            <ns3:cad>83</ns3:cad>
          </ns3:TrackPointExtension>
        </extensions>
      </trkpt>
      <trkpt lat="31.26072965562343597412109375" lon="121.5122908540070056915283203125">
        <ele>6.400000095367431640625</ele>
        <time>2026-08-10T06:33:23.000Z</time>
        <extensions>
          <ns3:TrackPointExtension>
            <ns3:hr>98</ns3:hr>
            <ns3:cad>83</ns3:cad>
          </ns3:TrackPointExtension>
        </extensions>
      </trkpt>
      <trkpt lat="31.2607817910611629486083984375" lon="121.51235648430883884429931640625">
        <ele>6.19999980926513671875</ele>
        <time>2026-08-10T06:33:26.000Z</time>
        <extensions>
          <ns3:TrackPointExtension>
            <ns3:hr>99</ns3:hr>
            <ns3:cad>83</ns3:cad>
          </ns3:TrackPointExtension>
        </extensions>
      </trkpt>
      <trkpt lat="31.2608528696000576019287109375" lon="121.51244080625474452972412109375">
        <ele>6</ele>
        <time>2026-08-10T06:33:31.000Z</time>
        <extensions>
          <ns3:TrackPointExtension>
            <ns3:hr>103</ns3:hr>
            <ns3:cad>83</ns3:cad>
          </ns3:TrackPointExtension>
        </extensions>
      </trkpt>
      <trkpt lat="31.2608535401523113250732421875" lon="121.51246109046041965484619140625">
        <ele>6</ele>
        <time>2026-08-10T06:33:32.000Z</time>
        <extensions>
          <ns3:TrackPointExtension>
            <ns3:hr>104</ns3:hr>
            <ns3:cad>83</ns3:cad>
          </ns3:TrackPointExtension>
        </extensions>
      </trkpt>
      <trkpt lat="31.2609021551907062530517578125" lon="121.5125828795135021209716796875">
        <ele>6</ele>
        <time>2026-08-10T06:33:37.000Z</time>
        <extensions>
          <ns3:TrackPointExtension>
            <ns3:hr>107</ns3:hr>
            <ns3:cad>82</ns3:cad>
          </ns3:TrackPointExtension>
        </extensions>
      </trkpt>
      <trkpt lat="31.26098672859370708465576171875" lon="121.51268832385540008544921875">
        <ele>6.400000095367431640625</ele>
        <time>2026-08-10T06:33:41.000Z</time>
        <extensions>
          <ns3:TrackPointExtension>
            <ns3:hr>108</ns3:hr>
            <ns3:cad>83</ns3:cad>
          </ns3:TrackPointExtension>
        </extensions>
      </trkpt>
      <trkpt lat="31.2610490061342716217041015625" lon="121.51284799911081790924072265625">
        <ele>7.19999980926513671875</ele>
        <time>2026-08-10T06:33:47.000Z</time>
        <extensions>
          <ns3:TrackPointExtension>
            <ns3:hr>110</ns3:hr>
            <ns3:cad>82</ns3:cad>
          </ns3:TrackPointExtension>
        </extensions>
      </trkpt>
      <trkpt lat="31.261148415505886077880859375" lon="121.51291237212717533111572265625">
        <ele>7.80000019073486328125</ele>
        <time>2026-08-10T06:33:53.000Z</time>
        <extensions>
          <ns3:TrackPointExtension>
            <ns3:hr>112</ns3:hr>
            <ns3:cad>84</ns3:cad>
          </ns3:TrackPointExtension>
        </extensions>
      </trkpt>
      <trkpt lat="31.26120750792324542999267578125" lon="121.51291639544069766998291015625">
        <ele>7.599999904632568359375</ele>
        <time>2026-08-10T06:34:02.000Z</time>
        <extensions>
          <ns3:TrackPointExtension>
            <ns3:hr>112</ns3:hr>
            <ns3:cad>57</ns3:cad>
          </ns3:TrackPointExtension>
        </extensions>
      </trkpt>
      <trkpt lat="31.2612609006464481353759765625" lon="121.51291589252650737762451171875">
        <ele>7.400000095367431640625</ele>
        <time>2026-08-10T06:34:06.000Z</time>
        <extensions>
          <ns3:TrackPointExtension>
            <ns3:hr>111</ns3:hr>
            <ns3:cad>57</ns3:cad>
          </ns3:TrackPointExtension>
        </extensions>
      </trkpt>
      <trkpt lat="31.26128361560404300689697265625" lon="121.5128661878407001495361328125">
        <ele>6.599999904632568359375</ele>
        <time>2026-08-10T06:34:08.000Z</time>
        <extensions>
          <ns3:TrackPointExtension>
            <ns3:hr>111</ns3:hr>
            <ns3:cad>80</ns3:cad>
          </ns3:TrackPointExtension>
        </extensions>
      </trkpt>
      <trkpt lat="31.26130901277065277099609375" lon="121.51269963942468166351318359375">
        <ele>5.80000019073486328125</ele>
        <time>2026-08-10T06:34:13.000Z</time>
        <extensions>
          <ns3:TrackPointExtension>
            <ns3:hr>111</ns3:hr>
            <ns3:cad>82</ns3:cad>
          </ns3:TrackPointExtension>
        </extensions>
      </trkpt>
      <trkpt lat="31.26133323647081851959228515625" lon="121.5126640163362026214599609375">
        <ele>5.599999904632568359375</ele>
        <time>2026-08-10T06:34:15.000Z</time>
        <extensions>
          <ns3:TrackPointExtension>
            <ns3:hr>110</ns3:hr>
            <ns3:cad>83</ns3:cad>
          </ns3:TrackPointExtension>
        </extensions>
      </trkpt>
      <trkpt lat="31.26138411462306976318359375" lon="121.5126130543649196624755859375">
        <ele>5.19999980926513671875</ele>
        <time>2026-08-10T06:34:18.000Z</time>
        <extensions>
          <ns3:TrackPointExtension>
            <ns3:hr>109</ns3:hr>
            <ns3:cad>84</ns3:cad>
          </ns3:TrackPointExtension>
        </extensions>
      </trkpt>
      <trkpt lat="31.26149768941104412078857421875" lon="121.512544490396976470947265625">
        <ele>5.80000019073486328125</ele>
        <time>2026-08-10T06:34:24.000Z</time>
        <extensions>
          <ns3:TrackPointExtension>
            <ns3:hr>110</ns3:hr>
            <ns3:cad>84</ns3:cad>
          </ns3:TrackPointExtension>
        </extensions>
      </trkpt>
      <trkpt lat="31.26155921258032321929931640625" lon="121.512487493455410003662109375">
        <ele>6.80000019073486328125</ele>
        <time>2026-08-10T06:34:28.000Z</time>
        <extensions>
          <ns3:TrackPointExtension>
            <ns3:hr>113</ns3:hr>
            <ns3:cad>84</ns3:cad>
          </ns3:TrackPointExtension>
        </extensions>
      </trkpt>
      <trkpt lat="31.26159776933491230010986328125" lon="121.51245237328112125396728515625">
        <ele>7</ele>
        <time>2026-08-10T06:34:30.000Z</time>
        <extensions>
          <ns3:TrackPointExtension>
            <ns3:hr>113</ns3:hr>
            <ns3:cad>84</ns3:cad>
          </ns3:TrackPointExtension>
        </extensions>
      </trkpt>
      <trkpt lat="31.26166976988315582275390625" lon="121.51233402080833911895751953125">
        <ele>7.80000019073486328125</ele>
        <time>2026-08-10T06:34:36.000Z</time>
        <extensions>
          <ns3:TrackPointExtension>
            <ns3:hr>115</ns3:hr>
            <ns3:cad>84</ns3:cad>
          </ns3:TrackPointExtension>
        </extensions>
      </trkpt>
      <trkpt lat="31.26170321367681026458740234375" lon="121.51230049319565296173095703125">
        <ele>8.19999980926513671875</ele>
        <time>2026-08-10T06:34:38.000Z</time>
        <extensions>
          <ns3:TrackPointExtension>
            <ns3:hr>116</ns3:hr>
            <ns3:cad>85</ns3:cad>
          </ns3:TrackPointExtension>
        </extensions>
      </trkpt>
      <trkpt lat="31.2617723643779754638671875" lon="121.5122519619762897491455078125">
        <ele>9</ele>
        <time>2026-08-10T06:34:41.000Z</time>
        <extensions>
          <ns3:TrackPointExtension>
            <ns3:hr>116</ns3:hr>
            <ns3:cad>85</ns3:cad>
          </ns3:TrackPointExtension>
        </extensions>
      </trkpt>
      <trkpt lat="31.26195047982037067413330078125" lon="121.5121222101151943206787109375">
        <ele>9.3999996185302734375</ele>
        <time>2026-08-10T06:34:48.000Z</time>
        <extensions>
          <ns3:TrackPointExtension>
            <ns3:hr>118</ns3:hr>
            <ns3:cad>84</ns3:cad>
          </ns3:TrackPointExtension>
        </extensions>
      </trkpt>
      <trkpt lat="31.262088529765605926513671875" lon="121.51200461201369762420654296875">
        <ele>9</ele>
        <time>2026-08-10T06:34:56.000Z</time>
        <extensions>
          <ns3:TrackPointExtension>
            <ns3:hr>119</ns3:hr>
            <ns3:cad>83</ns3:cad>
          </ns3:TrackPointExtension>
        </extensions>
      </trkpt>
      <trkpt lat="31.26218701712787151336669921875" lon="121.51191576384007930755615234375">
        <ele>9</ele>
        <time>2026-08-10T06:35:04.000Z</time>
        <extensions>
          <ns3:TrackPointExtension>
            <ns3:hr>120</ns3:hr>
            <ns3:cad>84</ns3:cad>
          </ns3:TrackPointExtension>
        </extensions>
      </trkpt>
      <trkpt lat="31.26221165992319583892822265625" lon="121.51188340969383716583251953125">
        <ele>9</ele>
        <time>2026-08-10T06:35:07.000Z</time>
        <extensions>
          <ns3:TrackPointExtension>
            <ns3:hr>120</ns3:hr>
            <ns3:cad>84</ns3:cad>
          </ns3:TrackPointExtension>
        </extensions>
      </trkpt>
      <trkpt lat="31.26221367157995700836181640625" lon="121.51184988208115100860595703125">
        <ele>9</ele>
        <time>2026-08-10T06:35:10.000Z</time>
        <extensions>
          <ns3:TrackPointExtension>
            <ns3:hr>121</ns3:hr>
            <ns3:cad>84</ns3:cad>
          </ns3:TrackPointExtension>
        </extensions>
      </trkpt>
      <trkpt lat="31.26221769489347934722900390625" lon="121.51182289235293865203857421875">
        <ele>8.80000019073486328125</ele>
        <time>2026-08-10T06:35:12.000Z</time>
        <extensions>
          <ns3:TrackPointExtension>
            <ns3:hr>122</ns3:hr>
            <ns3:cad>0</ns3:cad>
          </ns3:TrackPointExtension>
        </extensions>
      </trkpt>
      <trkpt lat="31.26221694052219390869140625" lon="121.511805541813373565673828125">
        <ele>8.80000019073486328125</ele>
        <time>2026-08-10T06:35:15.000Z</time>
        <extensions>
          <ns3:TrackPointExtension>
            <ns3:hr>121</ns3:hr>
            <ns3:cad>54</ns3:cad>
          </ns3:TrackPointExtension>
        </extensions>
      </trkpt>
      <trkpt lat="31.2622546590864658355712890625" lon="121.5117738582193851470947265625">
        <ele>8.3999996185302734375</ele>
        <time>2026-08-10T06:35:19.000Z</time>
        <extensions>
          <ns3:TrackPointExtension>
            <ns3:hr>121</ns3:hr>
            <ns3:cad>55</ns3:cad>
          </ns3:TrackPointExtension>
        </extensions>
      </trkpt>
      <trkpt lat="31.2623911164700984954833984375" lon="121.51186714880168437957763671875">
        <ele>7.19999980926513671875</ele>
        <time>2026-08-10T06:35:22.000Z</time>
        <extensions>
          <ns3:TrackPointExtension>
            <ns3:hr>121</ns3:hr>
            <ns3:cad>55</ns3:cad>
          </ns3:TrackPointExtension>
        </extensions>
      </trkpt>
      <trkpt lat="31.26243461854755878448486328125" lon="121.51186731643974781036376953125">
        <ele>6.80000019073486328125</ele>
        <time>2026-08-10T06:35:25.000Z</time>
        <extensions>
          <ns3:TrackPointExtension>
            <ns3:hr>118</ns3:hr>
            <ns3:cad>54</ns3:cad>
          </ns3:TrackPointExtension>
        </extensions>
      </trkpt>
      <trkpt lat="31.26244970597326755523681640625" lon="121.51186865754425525665283203125">
        <ele>6.80000019073486328125</ele>
        <time>2026-08-10T06:35:26.000Z</time>
        <extensions>
          <ns3:TrackPointExtension>
            <ns3:hr>118</ns3:hr>
            <ns3:cad>54</ns3:cad>
          </ns3:TrackPointExtension>
        </extensions>
      </trkpt>
      <trkpt lat="31.2624548189342021942138671875" lon="121.5118643827736377716064453125">
        <ele>6.80000019073486328125</ele>
        <time>2026-08-10T06:35:27.000Z</time>
        <extensions>
          <ns3:TrackPointExtension>
            <ns3:hr>118</ns3:hr>
            <ns3:cad>54</ns3:cad>
          </ns3:TrackPointExtension>
        </extensions>
      </trkpt>
      <trkpt lat="31.26246680505573749542236328125" lon="121.51186211965978145599365234375">
        <ele>6.599999904632568359375</ele>
        <time>2026-08-10T06:35:28.000Z</time>
        <extensions>
          <ns3:TrackPointExtension>
            <ns3:hr>114</ns3:hr>
            <ns3:cad>54</ns3:cad>
          </ns3:TrackPointExtension>
        </extensions>
      </trkpt>
      <trkpt lat="31.262502260506153106689453125" lon="121.51186010800302028656005859375">
        <ele>6.599999904632568359375</ele>
        <time>2026-08-10T06:35:31.000Z</time>
        <extensions>
          <ns3:TrackPointExtension>
            <ns3:hr>114</ns3:hr>
            <ns3:cad>55</ns3:cad>
          </ns3:TrackPointExtension>
        </extensions>
      </trkpt>
      <trkpt lat="31.26251399517059326171875" lon="121.5118539892137050628662109375">
        <ele>6.599999904632568359375</ele>
        <time>2026-08-10T06:35:33.000Z</time>
        <extensions>
          <ns3:TrackPointExtension>
            <ns3:hr>114</ns3:hr>
            <ns3:cad>54</ns3:cad>
          </ns3:TrackPointExtension>
        </extensions>
      </trkpt>
      <trkpt lat="31.26251709647476673126220703125" lon="121.511857844889163970947265625">
        <ele>6.599999904632568359375</ele>
        <time>2026-08-10T06:35:39.000Z</time>
        <extensions>
          <ns3:TrackPointExtension>
            <ns3:hr>111</ns3:hr>
            <ns3:cad>0</ns3:cad>
          </ns3:TrackPointExtension>
        </extensions>
      </trkpt>
      <trkpt lat="31.262517683207988739013671875" lon="121.511856503784656524658203125">
        <ele>6.599999904632568359375</ele>
        <time>2026-08-10T06:35:42.000Z</time>
        <extensions>
          <ns3:TrackPointExtension>
            <ns3:hr>108</ns3:hr>
            <ns3:cad>0</ns3:cad>
          </ns3:TrackPointExtension>
        </extensions>
      </trkpt>
      <trkpt lat="31.2625175155699253082275390625" lon="121.51185289956629276275634765625">
        <ele>6.599999904632568359375</ele>
        <time>2026-08-10T06:35:45.000Z</time>
        <extensions>
          <ns3:TrackPointExtension>
            <ns3:hr>105</ns3:hr>
            <ns3:cad>0</ns3:cad>
          </ns3:TrackPointExtension>
        </extensions>
      </trkpt>
      <trkpt lat="31.2625175155699253082275390625" lon="121.51185306720435619354248046875">
        <ele>6.599999904632568359375</ele>
        <time>2026-08-10T06:35:46.000Z</time>
        <extensions>
          <ns3:TrackPointExtension>
            <ns3:hr>102</ns3:hr>
            <ns3:cad>0</ns3:cad>
          </ns3:TrackPointExtension>
        </extensions>
      </trkpt>
      <trkpt lat="31.2625175155699253082275390625" lon="121.51185306720435619354248046875">
        <ele>6.599999904632568359375</ele>
        <time>2026-08-10T06:35:47.000Z</time>
        <extensions>
          <ns3:TrackPointExtension>
            <ns3:hr>102</ns3:hr>
            <ns3:cad>0</ns3:cad>
          </ns3:TrackPointExtension>
        </extensions>
      </trkpt>
      <trkpt lat="31.2625175155699253082275390625" lon="121.51185306720435619354248046875">
        <ele>6.599999904632568359375</ele>
        <time>2026-08-10T06:35:48.000Z</time>
        <extensions>
          <ns3:TrackPointExtension>
            <ns3:hr>95</ns3:hr>
            <ns3:cad>0</ns3:cad>
          </ns3:TrackPointExtension>
        </extensions>
      </trkpt>
      <trkpt lat="31.2625175155699253082275390625" lon="121.51185306720435619354248046875">
        <ele>6.599999904632568359375</ele>
        <time>2026-08-10T06:35:51.000Z</time>
        <extensions>
          <ns3:TrackPointExtension>
            <ns3:hr>92</ns3:hr>
            <ns3:cad>0</ns3:cad>
          </ns3:TrackPointExtension>
        </extensions>
      </trkpt>
      <trkpt lat="31.2625175155699253082275390625" lon="121.51185776107013225555419921875">
        <ele>6.599999904632568359375</ele>
        <time>2026-08-10T06:36:01.000Z</time>
        <extensions>
          <ns3:TrackPointExtension>
            <ns3:hr>89</ns3:hr>
            <ns3:cad>0</ns3:cad>
          </ns3:TrackPointExtension>
        </extensions>
      </trkpt>
      <trkpt lat="31.2625175155699253082275390625" lon="121.5118596889078617095947265625">
        <ele>6.599999904632568359375</ele>
        <time>2026-08-10T06:36:05.000Z</time>
        <extensions>
          <ns3:TrackPointExtension>
            <ns3:hr>86</ns3:hr>
            <ns3:cad>0</ns3:cad>
          </ns3:TrackPointExtension>
        </extensions>
      </trkpt>
      <trkpt lat="31.2625171802937984466552734375" lon="121.5118606947362422943115234375">
        <ele>6.599999904632568359375</ele>
        <time>2026-08-10T06:36:09.000Z</time>
        <extensions>
          <ns3:TrackPointExtension>
            <ns3:hr>82</ns3:hr>
            <ns3:cad>0</ns3:cad>
          </ns3:TrackPointExtension>
        </extensions>
      </trkpt>
      <trkpt lat="31.2625171802937984466552734375" lon="121.51186530478298664093017578125">
        <ele>6.599999904632568359375</ele>
        <time>2026-08-10T06:36:11.000Z</time>
        <extensions>
          <ns3:TrackPointExtension>
            <ns3:hr>79</ns3:hr>
            <ns3:cad>0</ns3:cad>
          </ns3:TrackPointExtension>
        </extensions>
      </trkpt>
      <trkpt lat="31.26251592300832271575927734375" lon="121.511875949800014495849609375">
        <ele>6.400000095367431640625</ele>
        <time>2026-08-10T06:36:25.000Z</time>
        <extensions>
          <ns3:TrackPointExtension>
            <ns3:hr>76</ns3:hr>
            <ns3:cad>0</ns3:cad>
          </ns3:TrackPointExtension>
        </extensions>
      </trkpt>
      <trkpt lat="31.26260695047676563262939453125" lon="121.5118526481091976165771484375">
        <ele>6.599999904632568359375</ele>
        <time>2026-08-10T06:36:39.000Z</time>
        <extensions>
          <ns3:TrackPointExtension>
            <ns3:hr>74</ns3:hr>
            <ns3:cad>74</ns3:cad>
          </ns3:TrackPointExtension>
        </extensions>
      </trkpt>
      <trkpt lat="31.26269638538360595703125" lon="121.5118194557726383209228515625">
        <ele>7</ele>
        <time>2026-08-10T06:36:43.000Z</time>
        <extensions>
          <ns3:TrackPointExtension>
            <ns3:hr>78</ns3:hr>
            <ns3:cad>65</ns3:cad>
          </ns3:TrackPointExtension>
        </extensions>
      </trkpt>
      <trkpt lat="31.2627528794109821319580078125" lon="121.511796824634075164794921875">
        <ele>7.400000095367431640625</ele>
        <time>2026-08-10T06:36:46.000Z</time>
        <extensions>
          <ns3:TrackPointExtension>
            <ns3:hr>81</ns3:hr>
            <ns3:cad>65</ns3:cad>
          </ns3:TrackPointExtension>
        </extensions>
      </trkpt>
      <trkpt lat="31.26276888884603977203369140625" lon="121.5117909573018550872802734375">
        <ele>7.599999904632568359375</ele>
        <time>2026-08-10T06:36:47.000Z</time>
        <extensions>
          <ns3:TrackPointExtension>
            <ns3:hr>81</ns3:hr>
            <ns3:cad>65</ns3:cad>
          </ns3:TrackPointExtension>
        </extensions>
      </trkpt>
      <trkpt lat="31.26289880834519863128662109375" lon="121.51179959066212177276611328125">
        <ele>7.80000019073486328125</ele>
        <time>2026-08-10T06:36:53.000Z</time>
        <extensions>
          <ns3:TrackPointExtension>
            <ns3:hr>76</ns3:hr>
            <ns3:cad>58</ns3:cad>
          </ns3:TrackPointExtension>
        </extensions>
      </trkpt>
      <trkpt lat="31.2629391252994537353515625" lon="121.51177343912422657012939453125">
        <ele>8.19999980926513671875</ele>
        <time>2026-08-10T06:36:55.000Z</time>
        <extensions>
          <ns3:TrackPointExtension>
            <ns3:hr>73</ns3:hr>
            <ns3:cad>82</ns3:cad>
          </ns3:TrackPointExtension>
        </extensions>
      </trkpt>
      <trkpt lat="31.26308689825236797332763671875" lon="121.51164167560636997222900390625">
        <ele>9.19999980926513671875</ele>
        <time>2026-08-10T06:37:02.000Z</time>
        <extensions>
          <ns3:TrackPointExtension>
            <ns3:hr>74</ns3:hr>
            <ns3:cad>84</ns3:cad>
          </ns3:TrackPointExtension>
        </extensions>
      </trkpt>
      <trkpt lat="31.2631139717996120452880859375" lon="121.51163010857999324798583984375">
        <ele>9</ele>
        <time>2026-08-10T06:37:03.000Z</time>
        <extensions>
          <ns3:TrackPointExtension>
            <ns3:hr>77</ns3:hr>
            <ns3:cad>85</ns3:cad>
          </ns3:TrackPointExtension>
        </extensions>
      </trkpt>
      <trkpt lat="31.26317876391112804412841796875" lon="121.51158149354159832000732421875">
        <ele>9</ele>
        <time>2026-08-10T06:37:06.000Z</time>
        <extensions>
          <ns3:TrackPointExtension>
            <ns3:hr>82</ns3:hr>
            <ns3:cad>85</ns3:cad>
          </ns3:TrackPointExtension>
        </extensions>
      </trkpt>
      <trkpt lat="31.26324397511780261993408203125" lon="121.51153723709285259246826171875">
        <ele>9</ele>
        <time>2026-08-10T06:37:09.000Z</time>
        <extensions>
          <ns3:TrackPointExtension>
            <ns3:hr>92</ns3:hr>
            <ns3:cad>84</ns3:cad>
          </ns3:TrackPointExtension>
        </extensions>
      </trkpt>
      <trkpt lat="31.263267360627651214599609375" lon="121.51152231730520725250244140625">
        <ele>9</ele>
        <time>2026-08-10T06:37:10.000Z</time>
        <extensions>
          <ns3:TrackPointExtension>
            <ns3:hr>95</ns3:hr>
            <ns3:cad>84</ns3:cad>
          </ns3:TrackPointExtension>
        </extensions>
      </trkpt>
      <trkpt lat="31.26328705810010433197021484375" lon="121.5115106664597988128662109375">
        <ele>8.80000019073486328125</ele>
        <time>2026-08-10T06:37:11.000Z</time>
        <extensions>
          <ns3:TrackPointExtension>
            <ns3:hr>95</ns3:hr>
            <ns3:cad>84</ns3:cad>
          </ns3:TrackPointExtension>
        </extensions>
      </trkpt>
      <trkpt lat="31.26332712359726428985595703125" lon="121.5114821679890155792236328125">
        <ele>9</ele>
        <time>2026-08-10T06:37:13.000Z</time>
        <extensions>
          <ns3:TrackPointExtension>
            <ns3:hr>99</ns3:hr>
            <ns3:cad>83</ns3:cad>
          </ns3:TrackPointExtension>
        </extensions>
      </trkpt>
      <trkpt lat="31.2633991241455078125" lon="121.511413939297199249267578125">
        <ele>9</ele>
        <time>2026-08-10T06:37:16.000Z</time>
        <extensions>
          <ns3:TrackPointExtension>
            <ns3:hr>102</ns3:hr>
            <ns3:cad>84</ns3:cad>
          </ns3:TrackPointExtension>
        </extensions>
      </trkpt>
      <trkpt lat="31.26346693374216556549072265625" lon="121.51134076528251171112060546875">
        <ele>9</ele>
        <time>2026-08-10T06:37:21.000Z</time>
        <extensions>
          <ns3:TrackPointExtension>
            <ns3:hr>105</ns3:hr>
            <ns3:cad>83</ns3:cad>
          </ns3:TrackPointExtension>
        </extensions>
      </trkpt>
      <trkpt lat="31.263573803007602691650390625" lon="121.5112204849720001220703125">
        <ele>9.80000019073486328125</ele>
        <time>2026-08-10T06:37:27.000Z</time>
        <extensions>
          <ns3:TrackPointExtension>
            <ns3:hr>108</ns3:hr>
            <ns3:cad>84</ns3:cad>
          </ns3:TrackPointExtension>
        </extensions>
      </trkpt>
      <trkpt lat="31.26363490708172321319580078125" lon="121.5111861191689968109130859375">
        <ele>10</ele>
        <time>2026-08-10T06:37:30.000Z</time>
        <extensions>
          <ns3:TrackPointExtension>
            <ns3:hr>110</ns3:hr>
            <ns3:cad>84</ns3:cad>
          </ns3:TrackPointExtension>
        </extensions>
      </trkpt>
      <trkpt lat="31.26371855847537517547607421875" lon="121.51104119606316089630126953125">
        <ele>10</ele>
        <time>2026-08-10T06:37:37.000Z</time>
        <extensions>
          <ns3:TrackPointExtension>
            <ns3:hr>112</ns3:hr>
            <ns3:cad>83</ns3:cad>
          </ns3:TrackPointExtension>
        </extensions>
      </trkpt>
      <trkpt lat="31.26380321569740772247314453125" lon="121.51089602150022983551025390625">
        <ele>10</ele>
        <time>2026-08-10T06:37:43.000Z</time>
        <extensions>
          <ns3:TrackPointExtension>
            <ns3:hr>113</ns3:hr>
            <ns3:cad>83</ns3:cad>
          </ns3:TrackPointExtension>
        </extensions>
      </trkpt>
      <trkpt lat="31.2639417685568332672119140625" lon="121.5107653476297855377197265625">
        <ele>10.80000019073486328125</ele>
        <time>2026-08-10T06:37:51.000Z</time>
        <extensions>
          <ns3:TrackPointExtension>
            <ns3:hr>116</ns3:hr>
            <ns3:cad>83</ns3:cad>
          </ns3:TrackPointExtension>
        </extensions>
      </trkpt>
      <trkpt lat="31.264056600630283355712890625" lon="121.510697118937969207763671875">
        <ele>12</ele>
        <time>2026-08-10T06:37:57.000Z</time>
        <extensions>
          <ns3:TrackPointExtension>
            <ns3:hr>116</ns3:hr>
            <ns3:cad>83</ns3:cad>
          </ns3:TrackPointExtension>
        </extensions>
      </trkpt>
      <trkpt lat="31.26420152373611927032470703125" lon="121.51054984889924526214599609375">
        <ele>12.3999996185302734375</ele>
        <time>2026-08-10T06:38:04.000Z</time>
        <extensions>
          <ns3:TrackPointExtension>
            <ns3:hr>118</ns3:hr>
            <ns3:cad>84</ns3:cad>
          </ns3:TrackPointExtension>
        </extensions>
      </trkpt>
      <trkpt lat="31.2643370591104030609130859375" lon="121.51040802709758281707763671875">
        <ele>12</ele>
        <time>2026-08-10T06:38:12.000Z</time>
        <extensions>
          <ns3:TrackPointExtension>
            <ns3:hr>120</ns3:hr>
            <ns3:cad>85</ns3:cad>
          </ns3:TrackPointExtension>
        </extensions>
      </trkpt>
      <trkpt lat="31.26435139216482639312744140625" lon="121.5103831328451633453369140625">
        <ele>12.19999980926513671875</ele>
        <time>2026-08-10T06:38:13.000Z</time>
        <extensions>
          <ns3:TrackPointExtension>
            <ns3:hr>120</ns3:hr>
            <ns3:cad>84</ns3:cad>
          </ns3:TrackPointExtension>
        </extensions>
      </trkpt>
      <trkpt lat="31.2643806450068950653076171875" lon="121.5103623457252979278564453125">
        <ele>12.6000003814697265625</ele>
        <time>2026-08-10T06:38:15.000Z</time>
        <extensions>
          <ns3:TrackPointExtension>
            <ns3:hr>120</ns3:hr>
            <ns3:cad>84</ns3:cad>
          </ns3:TrackPointExtension>
        </extensions>
      </trkpt>
      <trkpt lat="31.264426745474338531494140625" lon="121.51042462326586246490478515625">
        <ele>12.6000003814697265625</ele>
        <time>2026-08-10T06:38:17.000Z</time>
        <extensions>
          <ns3:TrackPointExtension>
            <ns3:hr>120</ns3:hr>
            <ns3:cad>84</ns3:cad>
          </ns3:TrackPointExtension>
        </extensions>
      </trkpt>
      <trkpt lat="31.264456920325756072998046875" lon="121.51046343147754669189453125">
        <ele>12</ele>
        <time>2026-08-10T06:38:18.000Z</time>
        <extensions>
          <ns3:TrackPointExtension>
            <ns3:hr>120</ns3:hr>
            <ns3:cad>84</ns3:cad>
          </ns3:TrackPointExtension>
        </extensions>
      </trkpt>
      <trkpt lat="31.26451819203794002532958984375" lon="121.5105423890054225921630859375">
        <ele>11</ele>
        <time>2026-08-10T06:38:21.000Z</time>
        <extensions>
          <ns3:TrackPointExtension>
            <ns3:hr>120</ns3:hr>
            <ns3:cad>84</ns3:cad>
          </ns3:TrackPointExtension>
        </extensions>
      </trkpt>
      <trkpt lat="31.2646543979644775390625" lon="121.510697118937969207763671875">
        <ele>8</ele>
        <time>2026-08-10T06:38:28.000Z</time>
        <extensions>
          <ns3:TrackPointExtension>
            <ns3:hr>121</ns3:hr>
            <ns3:cad>84</ns3:cad>
          </ns3:TrackPointExtension>
        </extensions>
      </trkpt>
      <trkpt lat="31.26471851952373981475830078125" lon="121.51077314279973506927490234375">
        <ele>7</ele>
        <time>2026-08-10T06:38:31.000Z</time>
        <extensions>
          <ns3:TrackPointExtension>
            <ns3:hr>121</ns3:hr>
            <ns3:cad>85</ns3:cad>
          </ns3:TrackPointExtension>
        </extensions>
      </trkpt>
      <trkpt lat="31.26485195942223072052001953125" lon="121.510943211615085601806640625">
        <ele>6.599999904632568359375</ele>
        <time>2026-08-10T06:38:37.000Z</time>
        <extensions>
          <ns3:TrackPointExtension>
            <ns3:hr>122</ns3:hr>
            <ns3:cad>83</ns3:cad>
          </ns3:TrackPointExtension>
        </extensions>
      </trkpt>
      <trkpt lat="31.2648724950850009918212890625" lon="121.51096693240106105804443359375">
        <ele>6.599999904632568359375</ele>
        <time>2026-08-10T06:38:38.000Z</time>
        <extensions>
          <ns3:TrackPointExtension>
            <ns3:hr>122</ns3:hr>
            <ns3:cad>83</ns3:cad>
          </ns3:TrackPointExtension>
        </extensions>
      </trkpt>
      <trkpt lat="31.2650123052299022674560546875" lon="121.5111116878688335418701171875">
        <ele>6.80000019073486328125</ele>
        <time>2026-08-10T06:38:43.000Z</time>
        <extensions>
          <ns3:TrackPointExtension>
            <ns3:hr>124</ns3:hr>
            <ns3:cad>83</ns3:cad>
          </ns3:TrackPointExtension>
        </extensions>
      </trkpt>
      <trkpt lat="31.26507081091403961181640625" lon="121.51118050329387187957763671875">
        <ele>6.80000019073486328125</ele>
        <time>2026-08-10T06:38:46.000Z</time>
        <extensions>
          <ns3:TrackPointExtension>
            <ns3:hr>124</ns3:hr>
            <ns3:cad>83</ns3:cad>
          </ns3:TrackPointExtension>
        </extensions>
      </trkpt>
      <trkpt lat="31.26517005264759063720703125" lon="121.5113135240972042083740234375">
        <ele>7</ele>
        <time>2026-08-10T06:38:53.000Z</time>
        <extensions>
          <ns3:TrackPointExtension>
            <ns3:hr>123</ns3:hr>
            <ns3:cad>84</ns3:cad>
          </ns3:TrackPointExtension>
        </extensions>
      </trkpt>
      <trkpt lat="31.265334002673625946044921875" lon="121.51145777665078639984130859375">
        <ele>7.19999980926513671875</ele>
        <time>2026-08-10T06:39:01.000Z</time>
        <extensions>
          <ns3:TrackPointExtension>
            <ns3:hr>124</ns3:hr>
            <ns3:cad>84</ns3:cad>
          </ns3:TrackPointExtension>
        </extensions>
      </trkpt>
      <trkpt lat="31.26542109064757823944091796875" lon="121.511540003120899200439453125">
        <ele>7.599999904632568359375</ele>
        <time>2026-08-10T06:39:06.000Z</time>
        <extensions>
          <ns3:TrackPointExtension>
            <ns3:hr>125</ns3:hr>
            <ns3:cad>83</ns3:cad>
          </ns3:TrackPointExtension>
        </extensions>
      </trkpt>
      <trkpt lat="31.26545109786093235015869140625" lon="121.51154763065278530120849609375">
        <ele>7.599999904632568359375</ele>
        <time>2026-08-10T06:39:07.000Z</time>
        <extensions>
          <ns3:TrackPointExtension>
            <ns3:hr>125</ns3:hr>
            <ns3:cad>83</ns3:cad>
          </ns3:TrackPointExtension>
        </extensions>
      </trkpt>
      <trkpt lat="31.26548127271234989166259765625" lon="121.51155416853725910186767578125">
        <ele>7.80000019073486328125</ele>
        <time>2026-08-10T06:39:08.000Z</time>
        <extensions>
          <ns3:TrackPointExtension>
            <ns3:hr>125</ns3:hr>
            <ns3:cad>83</ns3:cad>
          </ns3:TrackPointExtension>
        </extensions>
      </trkpt>
      <trkpt lat="31.26554480753839015960693359375" lon="121.51157713495194911956787109375">
        <ele>8</ele>
        <time>2026-08-10T06:39:11.000Z</time>
        <extensions>
          <ns3:TrackPointExtension>
            <ns3:hr>125</ns3:hr>
            <ns3:cad>83</ns3:cad>
          </ns3:TrackPointExtension>
        </extensions>
      </trkpt>
      <trkpt lat="31.2655826099216938018798828125" lon="121.51159808970987796783447265625">
        <ele>8.3999996185302734375</ele>
        <time>2026-08-10T06:39:13.000Z</time>
        <extensions>
          <ns3:TrackPointExtension>
            <ns3:hr>125</ns3:hr>
            <ns3:cad>83</ns3:cad>
          </ns3:TrackPointExtension>
        </extensions>
      </trkpt>
      <trkpt lat="31.26563047058880329132080078125" lon="121.5116759575903415679931640625">
        <ele>9</ele>
        <time>2026-08-10T06:39:19.000Z</time>
        <extensions>
          <ns3:TrackPointExtension>
            <ns3:hr>126</ns3:hr>
            <ns3:cad>83</ns3:cad>
          </ns3:TrackPointExtension>
        </extensions>
      </trkpt>
      <trkpt lat="31.2656469829380512237548828125" lon="121.51179791428148746490478515625">
        <ele>9.19999980926513671875</ele>
        <time>2026-08-10T06:39:26.000Z</time>
        <extensions>
          <ns3:TrackPointExtension>
            <ns3:hr>125</ns3:hr>
            <ns3:cad>54</ns3:cad>
          </ns3:TrackPointExtension>
        </extensions>
      </trkpt>
      <trkpt lat="31.265659220516681671142578125" lon="121.5118285082280635833740234375">
        <ele>9.19999980926513671875</ele>
        <time>2026-08-10T06:39:28.000Z</time>
        <extensions>
          <ns3:TrackPointExtension>
            <ns3:hr>122</ns3:hr>
            <ns3:cad>53</ns3:cad>
          </ns3:TrackPointExtension>
        </extensions>
      </trkpt>
      <trkpt lat="31.265660226345062255859375" lon="121.5118358843028545379638671875">
        <ele>9.3999996185302734375</ele>
        <time>2026-08-10T06:39:31.000Z</time>
        <extensions>
          <ns3:TrackPointExtension>
            <ns3:hr>119</ns3:hr>
            <ns3:cad>46</ns3:cad>
          </ns3:TrackPointExtension>
        </extensions>
      </trkpt>
      <trkpt lat="31.26565687358379364013671875" lon="121.51183672249317169189453125">
        <ele>9.19999980926513671875</ele>
        <time>2026-08-10T06:39:32.000Z</time>
        <extensions>
          <ns3:TrackPointExtension>
            <ns3:hr>119</ns3:hr>
            <ns3:cad>46</ns3:cad>
          </ns3:TrackPointExtension>
        </extensions>
      </trkpt>
      <trkpt lat="31.265649162232875823974609375" lon="121.51182926259934902191162109375">
        <ele>9.19999980926513671875</ele>
        <time>2026-08-10T06:39:34.000Z</time>
        <extensions>
          <ns3:TrackPointExtension>
            <ns3:hr>117</ns3:hr>
            <ns3:cad>46</ns3:cad>
          </ns3:TrackPointExtension>
        </extensions>
      </trkpt>
      <trkpt lat="31.26565796323120594024658203125" lon="121.511814929544925689697265625">
        <ele>9.19999980926513671875</ele>
        <time>2026-08-10T06:39:37.000Z</time>
        <extensions>
          <ns3:TrackPointExtension>
            <ns3:hr>113</ns3:hr>
            <ns3:cad>54</ns3:cad>
          </ns3:TrackPointExtension>
        </extensions>
      </trkpt>
      <trkpt lat="31.26567338593304157257080078125" lon="121.51181082241237163543701171875">
        <ele>9.3999996185302734375</ele>
        <time>2026-08-10T06:39:39.000Z</time>
        <extensions>
          <ns3:TrackPointExtension>
            <ns3:hr>111</ns3:hr>
            <ns3:cad>54</ns3:cad>
          </ns3:TrackPointExtension>
        </extensions>
      </trkpt>
      <trkpt lat="31.2656935863196849822998046875" lon="121.5118078887462615966796875">
        <ele>9.6000003814697265625</ele>
        <time>2026-08-10T06:39:42.000Z</time>
        <extensions>
          <ns3:TrackPointExtension>
            <ns3:hr>109</ns3:hr>
            <ns3:cad>56</ns3:cad>
          </ns3:TrackPointExtension>
        </extensions>
      </trkpt>
      <trkpt lat="31.26572317443788051605224609375" lon="121.511803530156612396240234375">
        <ele>10</ele>
        <time>2026-08-10T06:39:46.000Z</time>
        <extensions>
          <ns3:TrackPointExtension>
            <ns3:hr>108</ns3:hr>
            <ns3:cad>0</ns3:cad>
          </ns3:TrackPointExtension>
        </extensions>
      </trkpt>
      <trkpt lat="31.26573440618813037872314453125" lon="121.5118025243282318115234375">
        <ele>10.19999980926513671875</ele>
        <time>2026-08-10T06:39:49.000Z</time>
        <extensions>
          <ns3:TrackPointExtension>
            <ns3:hr>102</ns3:hr>
            <ns3:cad>56</ns3:cad>
          </ns3:TrackPointExtension>
        </extensions>
      </trkpt>
      <trkpt lat="31.26574764959514141082763671875" lon="121.5117969922721385955810546875">
        <ele>10.19999980926513671875</ele>
        <time>2026-08-10T06:39:52.000Z</time>
        <extensions>
          <ns3:TrackPointExtension>
            <ns3:hr>97</ns3:hr>
            <ns3:cad>0</ns3:cad>
          </ns3:TrackPointExtension>
        </extensions>
      </trkpt>
      <trkpt lat="31.26575066708028316497802734375" lon="121.51179657317698001861572265625">
        <ele>10.19999980926513671875</ele>
        <time>2026-08-10T06:39:55.000Z</time>
        <extensions>
          <ns3:TrackPointExtension>
            <ns3:hr>94</ns3:hr>
            <ns3:cad>0</ns3:cad>
          </ns3:TrackPointExtension>
        </extensions>
      </trkpt>
      <trkpt lat="31.26574748195707798004150390625" lon="121.51179271750152111053466796875">
        <ele>10.19999980926513671875</ele>
        <time>2026-08-10T06:40:02.000Z</time>
        <extensions>
          <ns3:TrackPointExtension>
            <ns3:hr>95</ns3:hr>
            <ns3:cad>0</ns3:cad>
          </ns3:TrackPointExtension>
        </extensions>
      </trkpt>
      <trkpt lat="31.26575100235641002655029296875" lon="121.511799506843090057373046875">
        <ele>10.19999980926513671875</ele>
        <time>2026-08-10T06:40:34.000Z</time>
        <extensions>
          <ns3:TrackPointExtension>
            <ns3:hr>92</ns3:hr>
            <ns3:cad>60</ns3:cad>
          </ns3:TrackPointExtension>
        </extensions>
      </trkpt>
      <trkpt lat="31.265793330967426300048828125" lon="121.51187955401837825775146484375">
        <ele>10.80000019073486328125</ele>
        <time>2026-08-10T06:40:37.000Z</time>
        <extensions>
          <ns3:TrackPointExtension>
            <ns3:hr>91</ns3:hr>
            <ns3:cad>82</ns3:cad>
          </ns3:TrackPointExtension>
        </extensions>
      </trkpt>
      <trkpt lat="31.26581252552568912506103515625" lon="121.51193998754024505615234375">
        <ele>11</ele>
        <time>2026-08-10T06:40:40.000Z</time>
        <extensions>
          <ns3:TrackPointExtension>
            <ns3:hr>91</ns3:hr>
            <ns3:cad>82</ns3:cad>
          </ns3:TrackPointExtension>
        </extensions>
      </trkpt>
      <trkpt lat="31.265808083117008209228515625" lon="121.511973179876804351806640625">
        <ele>10.80000019073486328125</ele>
        <time>2026-08-10T06:40:42.000Z</time>
        <extensions>
          <ns3:TrackPointExtension>
            <ns3:hr>91</ns3:hr>
            <ns3:cad>84</ns3:cad>
          </ns3:TrackPointExtension>
        </extensions>
      </trkpt>
      <trkpt lat="31.26581084914505481719970703125" lon="121.51200712658464908599853515625">
        <ele>11</ele>
        <time>2026-08-10T06:40:43.000Z</time>
        <extensions>
          <ns3:TrackPointExtension>
            <ns3:hr>92</ns3:hr>
            <ns3:cad>84</ns3:cad>
          </ns3:TrackPointExtension>
        </extensions>
      </trkpt>
      <trkpt lat="31.26584135927259922027587890625" lon="121.5120970644056797027587890625">
        <ele>11.3999996185302734375</ele>
        <time>2026-08-10T06:40:47.000Z</time>
        <extensions>
          <ns3:TrackPointExtension>
            <ns3:hr>96</ns3:hr>
            <ns3:cad>83</ns3:cad>
          </ns3:TrackPointExtension>
        </extensions>
      </trkpt>
      <trkpt lat="31.26584420911967754364013671875" lon="121.512121371924877166748046875">
        <ele>11.6000003814697265625</ele>
        <time>2026-08-10T06:40:48.000Z</time>
        <extensions>
          <ns3:TrackPointExtension>
            <ns3:hr>96</ns3:hr>
            <ns3:cad>83</ns3:cad>
          </ns3:TrackPointExtension>
        </extensions>
      </trkpt>
      <trkpt lat="31.2658481486141681671142578125" lon="121.512141488492488861083984375">
        <ele>11.6000003814697265625</ele>
        <time>2026-08-10T06:40:49.000Z</time>
        <extensions>
          <ns3:TrackPointExtension>
            <ns3:hr>99</ns3:hr>
            <ns3:cad>83</ns3:cad>
          </ns3:TrackPointExtension>
        </extensions>
      </trkpt>
      <trkpt lat="31.26586952246725559234619140625" lon="121.51224575936794281005859375">
        <ele>12.19999980926513671875</ele>
        <time>2026-08-10T06:40:53.000Z</time>
        <extensions>
          <ns3:TrackPointExtension>
            <ns3:hr>96</ns3:hr>
            <ns3:cad>84</ns3:cad>
          </ns3:TrackPointExtension>
        </extensions>
      </trkpt>
      <trkpt lat="31.2658910639584064483642578125" lon="121.512301079928874969482421875">
        <ele>12.19999980926513671875</ele>
        <time>2026-08-10T06:40:55.000Z</time>
        <extensions>
          <ns3:TrackPointExtension>
            <ns3:hr>93</ns3:hr>
            <ns3:cad>83</ns3:cad>
          </ns3:TrackPointExtension>
        </extensions>
      </trkpt>
      <trkpt lat="31.265948899090290069580078125" lon="121.51244298554956912994384765625">
        <ele>12.6000003814697265625</ele>
        <time>2026-08-10T06:41:00.000Z</time>
        <extensions>
          <ns3:TrackPointExtension>
            <ns3:hr>94</ns3:hr>
            <ns3:cad>83</ns3:cad>
          </ns3:TrackPointExtension>
        </extensions>
      </trkpt>
      <trkpt lat="31.26599307172000408172607421875" lon="121.5124926902353763580322265625">
        <ele>12.3999996185302734375</ele>
        <time>2026-08-10T06:41:02.000Z</time>
        <extensions>
          <ns3:TrackPointExtension>
            <ns3:hr>97</ns3:hr>
            <ns3:cad>83</ns3:cad>
          </ns3:TrackPointExtension>
        </extensions>
      </trkpt>
      <trkpt lat="31.26605140976607799530029296875" lon="121.51259888894855976104736328125">
        <ele>12.6000003814697265625</ele>
        <time>2026-08-10T06:41:05.000Z</time>
        <extensions>
          <ns3:TrackPointExtension>
            <ns3:hr>99</ns3:hr>
            <ns3:cad>83</ns3:cad>
          </ns3:TrackPointExtension>
        </extensions>
      </trkpt>
      <trkpt lat="31.2661398388445377349853515625" lon="121.51271422393620014190673828125">
        <ele>12.19999980926513671875</ele>
        <time>2026-08-10T06:41:09.000Z</time>
        <extensions>
          <ns3:TrackPointExtension>
            <ns3:hr>102</ns3:hr>
            <ns3:cad>83</ns3:cad>
          </ns3:TrackPointExtension>
        </extensions>
      </trkpt>
      <trkpt lat="31.26615853048861026763916015625" lon="121.51276736520230770111083984375">
        <ele>12.3999996185302734375</ele>
        <time>2026-08-10T06:41:11.000Z</time>
        <extensions>
          <ns3:TrackPointExtension>
            <ns3:hr>102</ns3:hr>
            <ns3:cad>83</ns3:cad>
          </ns3:TrackPointExtension>
        </extensions>
      </trkpt>
      <trkpt lat="31.26613874919712543487548828125" lon="121.51278412900865077972412109375">
        <ele>13.19999980926513671875</ele>
        <time>2026-08-10T06:41:13.000Z</time>
        <extensions>
          <ns3:TrackPointExtension>
            <ns3:hr>103</ns3:hr>
            <ns3:cad>83</ns3:cad>
          </ns3:TrackPointExtension>
        </extensions>
      </trkpt>
      <trkpt lat="31.26612718217074871063232421875" lon="121.512782871723175048828125">
        <ele>13.3999996185302734375</ele>
        <time>2026-08-10T06:41:15.000Z</time>
        <extensions>
          <ns3:TrackPointExtension>
            <ns3:hr>104</ns3:hr>
            <ns3:cad>82</ns3:cad>
          </ns3:TrackPointExtension>
        </extensions>
      </trkpt>
      <trkpt lat="31.26614545471966266632080078125" lon="121.5127976238727569580078125">
        <ele>13.19999980926513671875</ele>
        <time>2026-08-10T06:41:17.000Z</time>
        <extensions>
          <ns3:TrackPointExtension>
            <ns3:hr>105</ns3:hr>
            <ns3:cad>82</ns3:cad>
          </ns3:TrackPointExtension>
        </extensions>
      </trkpt>
      <trkpt lat="31.26618769951164722442626953125" lon="121.51286090724170207977294921875">
        <ele>13</ele>
        <time>2026-08-10T06:41:21.000Z</time>
        <extensions>
          <ns3:TrackPointExtension>
            <ns3:hr>108</ns3:hr>
            <ns3:cad>83</ns3:cad>
          </ns3:TrackPointExtension>
        </extensions>
      </trkpt>
      <trkpt lat="31.26620463095605373382568359375" lon="121.51289946399629116058349609375">
        <ele>13</ele>
        <time>2026-08-10T06:41:23.000Z</time>
        <extensions>
          <ns3:TrackPointExtension>
            <ns3:hr>109</ns3:hr>
            <ns3:cad>83</ns3:cad>
          </ns3:TrackPointExtension>
        </extensions>
      </trkpt>
      <trkpt lat="31.26622055657207965850830078125" lon="121.51295579038560390472412109375">
        <ele>13.19999980926513671875</ele>
        <time>2026-08-10T06:41:25.000Z</time>
        <extensions>
          <ns3:TrackPointExtension>
            <ns3:hr>110</ns3:hr>
            <ns3:cad>83</ns3:cad>
          </ns3:TrackPointExtension>
        </extensions>
      </trkpt>
      <trkpt lat="31.266247965395450592041015625" lon="121.51303256861865520477294921875">
        <ele>13.6000003814697265625</ele>
        <time>2026-08-10T06:41:29.000Z</time>
        <extensions>
          <ns3:TrackPointExtension>
            <ns3:hr>111</ns3:hr>
            <ns3:cad>83</ns3:cad>
          </ns3:TrackPointExtension>
        </extensions>
      </trkpt>
      <trkpt lat="31.2662545032799243927001953125" lon="121.51304027996957302093505859375">
        <ele>13.6000003814697265625</ele>
        <time>2026-08-10T06:41:30.000Z</time>
        <extensions>
          <ns3:TrackPointExtension>
            <ns3:hr>112</ns3:hr>
            <ns3:cad>83</ns3:cad>
          </ns3:TrackPointExtension>
        </extensions>
      </trkpt>
      <trkpt lat="31.26628459431231021881103515625" lon="121.513076908886432647705078125">
        <ele>13.19999980926513671875</ele>
        <time>2026-08-10T06:41:35.000Z</time>
        <extensions>
          <ns3:TrackPointExtension>
            <ns3:hr>113</ns3:hr>
            <ns3:cad>83</ns3:cad>
          </ns3:TrackPointExtension>
        </extensions>
      </trkpt>
      <trkpt lat="31.26629716716706752777099609375" lon="121.51312896050512790679931640625">
        <ele>13.80000019073486328125</ele>
        <time>2026-08-10T06:41:38.000Z</time>
        <extensions>
          <ns3:TrackPointExtension>
            <ns3:hr>114</ns3:hr>
            <ns3:cad>57</ns3:cad>
          </ns3:TrackPointExtension>
        </extensions>
      </trkpt>
      <trkpt lat="31.26629968173801898956298828125" lon="121.5131800062954425811767578125">
        <ele>14.80000019073486328125</ele>
        <time>2026-08-10T06:41:41.000Z</time>
        <extensions>
          <ns3:TrackPointExtension>
            <ns3:hr>113</ns3:hr>
            <ns3:cad>56</ns3:cad>
          </ns3:TrackPointExtension>
        </extensions>
      </trkpt>
      <trkpt lat="31.26629716716706752777099609375" lon="121.5132735483348369598388671875">
        <ele>16.799999237060546875</ele>
        <time>2026-08-10T06:41:46.000Z</time>
        <extensions>
          <ns3:TrackPointExtension>
            <ns3:hr>112</ns3:hr>
            <ns3:cad>57</ns3:cad>
          </ns3:TrackPointExtension>
        </extensions>
      </trkpt>
      <trkpt lat="31.26625492237508296966552734375" lon="121.513530202209949493408203125">
        <ele>26</ele>
        <time>2026-08-10T06:41:53.000Z</time>
        <extensions>
          <ns3:TrackPointExtension>
            <ns3:hr>110</ns3:hr>
            <ns3:cad>58</ns3:cad>
          </ns3:TrackPointExtension>
        </extensions>
      </trkpt>
      <trkpt lat="31.26623849384486675262451171875" lon="121.5136909671127796173095703125">
        <ele>26.799999237060546875</ele>
        <time>2026-08-10T06:41:58.000Z</time>
        <extensions>
          <ns3:TrackPointExtension>
            <ns3:hr>108</ns3:hr>
            <ns3:cad>83</ns3:cad>
          </ns3:TrackPointExtension>
        </extensions>
      </trkpt>
      <trkpt lat="31.2662431038916110992431640625" lon="121.51371770538389682769775390625">
        <ele>26.3999996185302734375</ele>
        <time>2026-08-10T06:41:59.000Z</time>
        <extensions>
          <ns3:TrackPointExtension>
            <ns3:hr>107</ns3:hr>
            <ns3:cad>83</ns3:cad>
          </ns3:TrackPointExtension>
        </extensions>
      </trkpt>
      <trkpt lat="31.2662491388618946075439453125" lon="121.51374067179858684539794921875">
        <ele>26</ele>
        <time>2026-08-10T06:42:00.000Z</time>
        <extensions>
          <ns3:TrackPointExtension>
            <ns3:hr>107</ns3:hr>
            <ns3:cad>83</ns3:cad>
          </ns3:TrackPointExtension>
        </extensions>
      </trkpt>
      <trkpt lat="31.26627420075237751007080078125" lon="121.513805128633975982666015625">
        <ele>24.6000003814697265625</ele>
        <time>2026-08-10T06:42:02.000Z</time>
        <extensions>
          <ns3:TrackPointExtension>
            <ns3:hr>106</ns3:hr>
            <ns3:cad>84</ns3:cad>
          </ns3:TrackPointExtension>
        </extensions>
      </trkpt>
      <trkpt lat="31.26629314385354518890380859375" lon="121.51383186690509319305419921875">
        <ele>23.799999237060546875</ele>
        <time>2026-08-10T06:42:03.000Z</time>
        <extensions>
          <ns3:TrackPointExtension>
            <ns3:hr>106</ns3:hr>
            <ns3:cad>84</ns3:cad>
          </ns3:TrackPointExtension>
        </extensions>
      </trkpt>
      <trkpt lat="31.26630127429962158203125" lon="121.51386053301393985748291015625">
        <ele>23.200000762939453125</ele>
        <time>2026-08-10T06:42:04.000Z</time>
        <extensions>
          <ns3:TrackPointExtension>
            <ns3:hr>106</ns3:hr>
            <ns3:cad>84</ns3:cad>
          </ns3:TrackPointExtension>
        </extensions>
      </trkpt>
      <trkpt lat="31.26632533036172389984130859375" lon="121.513976119458675384521484375">
        <ele>22.3999996185302734375</ele>
        <time>2026-08-10T06:42:08.000Z</time>
        <extensions>
          <ns3:TrackPointExtension>
            <ns3:hr>106</ns3:hr>
            <ns3:cad>84</ns3:cad>
          </ns3:TrackPointExtension>
        </extensions>
      </trkpt>
      <trkpt lat="31.2663614563643932342529296875" lon="121.5140316076576709747314453125">
        <ele>21</ele>
        <time>2026-08-10T06:42:10.000Z</time>
        <extensions>
          <ns3:TrackPointExtension>
            <ns3:hr>107</ns3:hr>
            <ns3:cad>84</ns3:cad>
          </ns3:TrackPointExtension>
        </extensions>
      </trkpt>
      <trkpt lat="31.26641367562115192413330078125" lon="121.51410528458654880523681640625">
        <ele>19.6000003814697265625</ele>
        <time>2026-08-10T06:42:13.000Z</time>
        <extensions>
          <ns3:TrackPointExtension>
            <ns3:hr>107</ns3:hr>
            <ns3:cad>85</ns3:cad>
          </ns3:TrackPointExtension>
        </extensions>
      </trkpt>
      <trkpt lat="31.266589947044849395751953125" lon="121.514220535755157470703125">
        <ele>14.80000019073486328125</ele>
        <time>2026-08-10T06:42:18.000Z</time>
        <extensions>
          <ns3:TrackPointExtension>
            <ns3:hr>108</ns3:hr>
            <ns3:cad>84</ns3:cad>
          </ns3:TrackPointExtension>
        </extensions>
      </trkpt>
      <trkpt lat="31.26665758900344371795654296875" lon="121.51424492709338665008544921875">
        <ele>13.19999980926513671875</ele>
        <time>2026-08-10T06:42:20.000Z</time>
        <extensions>
          <ns3:TrackPointExtension>
            <ns3:hr>109</ns3:hr>
            <ns3:cad>83</ns3:cad>
          </ns3:TrackPointExtension>
        </extensions>
      </trkpt>
      <trkpt lat="31.26673570834100246429443359375" lon="121.51422791182994842529296875">
        <ele>12.6000003814697265625</ele>
        <time>2026-08-10T06:42:24.000Z</time>
        <extensions>
          <ns3:TrackPointExtension>
            <ns3:hr>109</ns3:hr>
            <ns3:cad>83</ns3:cad>
          </ns3:TrackPointExtension>
        </extensions>
      </trkpt>
      <trkpt lat="31.26675498671829700469970703125" lon="121.5142059512436389923095703125">
        <ele>12.3999996185302734375</ele>
        <time>2026-08-10T06:42:26.000Z</time>
        <extensions>
          <ns3:TrackPointExtension>
            <ns3:hr>110</ns3:hr>
            <ns3:cad>0</ns3:cad>
          </ns3:TrackPointExtension>
        </extensions>
      </trkpt>
      <trkpt lat="31.26679907552897930145263671875" lon="121.514188684523105621337890625">
        <ele>12.19999980926513671875</ele>
        <time>2026-08-10T06:42:31.000Z</time>
        <extensions>
          <ns3:TrackPointExtension>
            <ns3:hr>109</ns3:hr>
            <ns3:cad>0</ns3:cad>
          </ns3:TrackPointExtension>
        </extensions>
      </trkpt>
      <trkpt lat="31.26682631671428680419921875" lon="121.514156162738800048828125">
        <ele>11.80000019073486328125</ele>
        <time>2026-08-10T06:42:33.000Z</time>
        <extensions>
          <ns3:TrackPointExtension>
            <ns3:hr>108</ns3:hr>
            <ns3:cad>0</ns3:cad>
          </ns3:TrackPointExtension>
        </extensions>
      </trkpt>
      <trkpt lat="31.266878284513950347900390625" lon="121.514063961803913116455078125">
        <ele>9.80000019073486328125</ele>
        <time>2026-08-10T06:42:36.000Z</time>
        <extensions>
          <ns3:TrackPointExtension>
            <ns3:hr>109</ns3:hr>
            <ns3:cad>61</ns3:cad>
          </ns3:TrackPointExtension>
        </extensions>
      </trkpt>
      <trkpt lat="31.26694626174867153167724609375" lon="121.514002270996570587158203125">
        <ele>7.599999904632568359375</ele>
        <time>2026-08-10T06:42:39.000Z</time>
        <extensions>
          <ns3:TrackPointExtension>
            <ns3:hr>112</ns3:hr>
            <ns3:cad>82</ns3:cad>
          </ns3:TrackPointExtension>
        </extensions>
      </trkpt>
      <trkpt lat="31.266996972262859344482421875" lon="121.51393613778054714202880859375">
        <ele>6.599999904632568359375</ele>
        <time>2026-08-10T06:42:42.000Z</time>
        <extensions>
          <ns3:TrackPointExtension>
            <ns3:hr>115</ns3:hr>
            <ns3:cad>82</ns3:cad>
          </ns3:TrackPointExtension>
        </extensions>
      </trkpt>
      <trkpt lat="31.26702069304883480072021484375" lon="121.51391719467937946319580078125">
        <ele>6.400000095367431640625</ele>
        <time>2026-08-10T06:42:43.000Z</time>
        <extensions>
          <ns3:TrackPointExtension>
            <ns3:hr>115</ns3:hr>
            <ns3:cad>82</ns3:cad>
          </ns3:TrackPointExtension>
        </extensions>
      </trkpt>
      <trkpt lat="31.26709453761577606201171875" lon="121.51384427212178707122802734375">
        <ele>5.599999904632568359375</ele>
        <time>2026-08-10T06:42:47.000Z</time>
        <extensions>
          <ns3:TrackPointExtension>
            <ns3:hr>112</ns3:hr>
            <ns3:cad>85</ns3:cad>
          </ns3:TrackPointExtension>
        </extensions>
      </trkpt>
      <trkpt lat="31.26714575104415416717529296875" lon="121.5138009376823902130126953125">
        <ele>5.400000095367431640625</ele>
        <time>2026-08-10T06:42:50.000Z</time>
        <extensions>
          <ns3:TrackPointExtension>
            <ns3:hr>109</ns3:hr>
            <ns3:cad>84</ns3:cad>
          </ns3:TrackPointExtension>
        </extensions>
      </trkpt>
      <trkpt lat="31.2672133930027484893798828125" lon="121.51374754495918750762939453125">
        <ele>5.19999980926513671875</ele>
        <time>2026-08-10T06:42:54.000Z</time>
        <extensions>
          <ns3:TrackPointExtension>
            <ns3:hr>110</ns3:hr>
            <ns3:cad>83</ns3:cad>
          </ns3:TrackPointExtension>
        </extensions>
      </trkpt>
      <trkpt lat="31.2672321684658527374267578125" lon="121.51373061351478099822998046875">
        <ele>5.19999980926513671875</ele>
        <time>2026-08-10T06:42:55.000Z</time>
        <extensions>
          <ns3:TrackPointExtension>
            <ns3:hr>110</ns3:hr>
            <ns3:cad>83</ns3:cad>
          </ns3:TrackPointExtension>
        </extensions>
      </trkpt>
      <trkpt lat="31.26734666526317596435546875" lon="121.5136654861271381378173828125">
        <ele>6</ele>
        <time>2026-08-10T06:43:00.000Z</time>
        <extensions>
          <ns3:TrackPointExtension>
            <ns3:hr>110</ns3:hr>
            <ns3:cad>83</ns3:cad>
          </ns3:TrackPointExtension>
        </extensions>
      </trkpt>
      <trkpt lat="31.26738497056066989898681640625" lon="121.51363137178122997283935546875">
        <ele>6.599999904632568359375</ele>
        <time>2026-08-10T06:43:02.000Z</time>
        <extensions>
          <ns3:TrackPointExtension>
            <ns3:hr>111</ns3:hr>
            <ns3:cad>83</ns3:cad>
          </ns3:TrackPointExtension>
        </extensions>
      </trkpt>
      <trkpt lat="31.26748287118971347808837890625" lon="121.51351637206971645355224609375">
        <ele>8.19999980926513671875</ele>
        <time>2026-08-10T06:43:08.000Z</time>
        <extensions>
          <ns3:TrackPointExtension>
            <ns3:hr>112</ns3:hr>
            <ns3:cad>83</ns3:cad>
          </ns3:TrackPointExtension>
        </extensions>
      </trkpt>
      <trkpt lat="31.26765084452927112579345703125" lon="121.5134160406887531280517578125">
        <ele>10.19999980926513671875</ele>
        <time>2026-08-10T06:43:16.000Z</time>
        <extensions>
          <ns3:TrackPointExtension>
            <ns3:hr>114</ns3:hr>
            <ns3:cad>83</ns3:cad>
          </ns3:TrackPointExtension>
        </extensions>
      </trkpt>
      <trkpt lat="31.26777489669620990753173828125" lon="121.51333129964768886566162109375">
        <ele>11.19999980926513671875</ele>
        <time>2026-08-10T06:43:22.000Z</time>
        <extensions>
          <ns3:TrackPointExtension>
            <ns3:hr>117</ns3:hr>
            <ns3:cad>84</ns3:cad>
          </ns3:TrackPointExtension>
        </extensions>
      </trkpt>
      <trkpt lat="31.26785553060472011566162109375" lon="121.51318587362766265869140625">
        <ele>12</ele>
        <time>2026-08-10T06:43:29.000Z</time>
        <extensions>
          <ns3:TrackPointExtension>
            <ns3:hr>120</ns3:hr>
            <ns3:cad>83</ns3:cad>
          </ns3:TrackPointExtension>
        </extensions>
      </trkpt>
      <trkpt lat="31.2678608112037181854248046875" lon="121.51317958720028400421142578125">
        <ele>12.19999980926513671875</ele>
        <time>2026-08-10T06:43:30.000Z</time>
        <extensions>
          <ns3:TrackPointExtension>
            <ns3:hr>120</ns3:hr>
            <ns3:cad>83</ns3:cad>
          </ns3:TrackPointExtension>
        </extensions>
      </trkpt>
      <trkpt lat="31.267894841730594635009765625" lon="121.51312309317290782928466796875">
        <ele>12.3999996185302734375</ele>
        <time>2026-08-10T06:43:34.000Z</time>
        <extensions>
          <ns3:TrackPointExtension>
            <ns3:hr>121</ns3:hr>
            <ns3:cad>78</ns3:cad>
          </ns3:TrackPointExtension>
        </extensions>
      </trkpt>
      <trkpt lat="31.26792610622942447662353515625" lon="121.51308604516088962554931640625">
        <ele>12.6000003814697265625</ele>
        <time>2026-08-10T06:43:36.000Z</time>
        <extensions>
          <ns3:TrackPointExtension>
            <ns3:hr>121</ns3:hr>
            <ns3:cad>78</ns3:cad>
          </ns3:TrackPointExtension>
        </extensions>
      </trkpt>
      <trkpt lat="31.26804806292057037353515625" lon="121.5128852985799312591552734375">
        <ele>12.19999980926513671875</ele>
        <time>2026-08-10T06:43:45.000Z</time>
        <extensions>
          <ns3:TrackPointExtension>
            <ns3:hr>121</ns3:hr>
            <ns3:cad>83</ns3:cad>
          </ns3:TrackPointExtension>
        </extensions>
      </trkpt>
      <trkpt lat="31.26818887889385223388671875" lon="121.5127773396670818328857421875">
        <ele>10.19999980926513671875</ele>
        <time>2026-08-10T06:43:52.000Z</time>
        <extensions>
          <ns3:TrackPointExtension>
            <ns3:hr>121</ns3:hr>
            <ns3:cad>84</ns3:cad>
          </ns3:TrackPointExtension>
        </extensions>
      </trkpt>
      <trkpt lat="31.26828049309551715850830078125" lon="121.512717492878437042236328125">
        <ele>9.19999980926513671875</ele>
        <time>2026-08-10T06:43:57.000Z</time>
        <extensions>
          <ns3:TrackPointExtension>
            <ns3:hr>122</ns3:hr>
            <ns3:cad>84</ns3:cad>
          </ns3:TrackPointExtension>
        </extensions>
      </trkpt>
      <trkpt lat="31.26840806566178798675537109375" lon="121.51261246763169765472412109375">
        <ele>8</ele>
        <time>2026-08-10T06:44:04.000Z</time>
        <extensions>
          <ns3:TrackPointExtension>
            <ns3:hr>122</ns3:hr>
            <ns3:cad>84</ns3:cad>
          </ns3:TrackPointExtension>
        </extensions>
      </trkpt>
      <trkpt lat="31.2685088999569416046142578125" lon="121.512520350515842437744140625">
        <ele>8.3999996185302734375</ele>
        <time>2026-08-10T06:44:11.000Z</time>
        <extensions>
          <ns3:TrackPointExtension>
            <ns3:hr>123</ns3:hr>
            <ns3:cad>84</ns3:cad>
          </ns3:TrackPointExtension>
        </extensions>
      </trkpt>
      <trkpt lat="31.26854938454926013946533203125" lon="121.51248137466609477996826171875">
        <ele>8.3999996185302734375</ele>
        <time>2026-08-10T06:44:16.000Z</time>
        <extensions>
          <ns3:TrackPointExtension>
            <ns3:hr>124</ns3:hr>
            <ns3:cad>84</ns3:cad>
          </ns3:TrackPointExtension>
        </extensions>
      </trkpt>
      <trkpt lat="31.2685544975101947784423828125" lon="121.5124719031155109405517578125">
        <ele>8.3999996185302734375</ele>
        <time>2026-08-10T06:44:17.000Z</time>
        <extensions>
          <ns3:TrackPointExtension>
            <ns3:hr>123</ns3:hr>
            <ns3:cad>84</ns3:cad>
          </ns3:TrackPointExtension>
        </extensions>
      </trkpt>
      <trkpt lat="31.26857553608715534210205078125" lon="121.5124534629285335540771484375">
        <ele>8.19999980926513671875</ele>
        <time>2026-08-10T06:44:19.000Z</time>
        <extensions>
          <ns3:TrackPointExtension>
            <ns3:hr>122</ns3:hr>
            <ns3:cad>57</ns3:cad>
          </ns3:TrackPointExtension>
        </extensions>
      </trkpt>
      <trkpt lat="31.26859523355960845947265625" lon="121.512427143752574920654296875">
        <ele>8</ele>
        <time>2026-08-10T06:44:21.000Z</time>
        <extensions>
          <ns3:TrackPointExtension>
            <ns3:hr>122</ns3:hr>
            <ns3:cad>56</ns3:cad>
          </ns3:TrackPointExtension>
        </extensions>
      </trkpt>
      <trkpt lat="31.26861023716628551483154296875" lon="121.5124038420617580413818359375">
        <ele>8</ele>
        <time>2026-08-10T06:44:23.000Z</time>
        <extensions>
          <ns3:TrackPointExtension>
            <ns3:hr>122</ns3:hr>
            <ns3:cad>55</ns3:cad>
          </ns3:TrackPointExtension>
        </extensions>
      </trkpt>
      <trkpt lat="31.268631778657436370849609375" lon="121.512378193438053131103515625">
        <ele>8</ele>
        <time>2026-08-10T06:44:26.000Z</time>
        <extensions>
          <ns3:TrackPointExtension>
            <ns3:hr>120</ns3:hr>
            <ns3:cad>56</ns3:cad>
          </ns3:TrackPointExtension>
        </extensions>
      </trkpt>
      <trkpt lat="31.26866522245109081268310546875" lon="121.51236821897327899932861328125">
        <ele>8</ele>
        <time>2026-08-10T06:44:29.000Z</time>
        <extensions>
          <ns3:TrackPointExtension>
            <ns3:hr>117</ns3:hr>
            <ns3:cad>55</ns3:cad>
          </ns3:TrackPointExtension>
        </extensions>
      </trkpt>
      <trkpt lat="31.268683411180973052978515625" lon="121.51234894059598445892333984375">
        <ele>8</ele>
        <time>2026-08-10T06:44:31.000Z</time>
        <extensions>
          <ns3:TrackPointExtension>
            <ns3:hr>118</ns3:hr>
            <ns3:cad>55</ns3:cad>
          </ns3:TrackPointExtension>
        </extensions>
      </trkpt>
      <trkpt lat="31.268743760883808135986328125" lon="121.5123049356043338775634765625">
        <ele>8</ele>
        <time>2026-08-10T06:44:35.000Z</time>
        <extensions>
          <ns3:TrackPointExtension>
            <ns3:hr>118</ns3:hr>
            <ns3:cad>55</ns3:cad>
          </ns3:TrackPointExtension>
        </extensions>
      </trkpt>
      <trkpt lat="31.26875817775726318359375" lon="121.51228724978864192962646484375">
        <ele>8</ele>
        <time>2026-08-10T06:44:37.000Z</time>
        <extensions>
          <ns3:TrackPointExtension>
            <ns3:hr>117</ns3:hr>
            <ns3:cad>55</ns3:cad>
          </ns3:TrackPointExtension>
        </extensions>
      </trkpt>
      <trkpt lat="31.26878022216260433197021484375" lon="121.512273587286472320556640625">
        <ele>8</ele>
        <time>2026-08-10T06:44:39.000Z</time>
        <extensions>
          <ns3:TrackPointExtension>
            <ns3:hr>118</ns3:hr>
            <ns3:cad>56</ns3:cad>
          </ns3:TrackPointExtension>
        </extensions>
      </trkpt>
      <trkpt lat="31.26879899762570858001708984375" lon="121.51226193644106388092041015625">
        <ele>8</ele>
        <time>2026-08-10T06:44:41.000Z</time>
        <extensions>
          <ns3:TrackPointExtension>
            <ns3:hr>117</ns3:hr>
            <ns3:cad>54</ns3:cad>
          </ns3:TrackPointExtension>
        </extensions>
      </trkpt>
      <trkpt lat="31.2688140012323856353759765625" lon="121.51224651373922824859619140625">
        <ele>8</ele>
        <time>2026-08-10T06:44:43.000Z</time>
        <extensions>
          <ns3:TrackPointExtension>
            <ns3:hr>114</ns3:hr>
            <ns3:cad>54</ns3:cad>
          </ns3:TrackPointExtension>
        </extensions>
      </trkpt>
      <trkpt lat="31.2688533961772918701171875" lon="121.51222405023872852325439453125">
        <ele>7.80000019073486328125</ele>
        <time>2026-08-10T06:44:46.000Z</time>
        <extensions>
          <ns3:TrackPointExtension>
            <ns3:hr>110</ns3:hr>
            <ns3:cad>0</ns3:cad>
          </ns3:TrackPointExtension>
        </extensions>
      </trkpt>
      <trkpt lat="31.2688770331442356109619140625" lon="121.51219940744340419769287109375">
        <ele>7.599999904632568359375</ele>
        <time>2026-08-10T06:44:49.000Z</time>
        <extensions>
          <ns3:TrackPointExtension>
            <ns3:hr>107</ns3:hr>
            <ns3:cad>0</ns3:cad>
          </ns3:TrackPointExtension>
        </extensions>
      </trkpt>
      <trkpt lat="31.268907375633716583251953125" lon="121.51221265085041522979736328125">
        <ele>7.19999980926513671875</ele>
        <time>2026-08-10T06:44:52.000Z</time>
        <extensions>
          <ns3:TrackPointExtension>
            <ns3:hr>102</ns3:hr>
            <ns3:cad>51</ns3:cad>
          </ns3:TrackPointExtension>
        </extensions>
      </trkpt>
      <trkpt lat="31.2689474411308765411376953125" lon="121.5122180990874767303466796875">
        <ele>6.400000095367431640625</ele>
        <time>2026-08-10T06:44:54.000Z</time>
        <extensions>
          <ns3:TrackPointExtension>
            <ns3:hr>101</ns3:hr>
            <ns3:cad>51</ns3:cad>
          </ns3:TrackPointExtension>
        </extensions>
      </trkpt>
      <trkpt lat="31.2689705751836299896240234375" lon="121.51222405023872852325439453125">
        <ele>6</ele>
        <time>2026-08-10T06:44:55.000Z</time>
        <extensions>
          <ns3:TrackPointExtension>
            <ns3:hr>98</ns3:hr>
            <ns3:cad>51</ns3:cad>
          </ns3:TrackPointExtension>
        </extensions>
      </trkpt>
      <trkpt lat="31.26898574642837047576904296875" lon="121.512221954762935638427734375">
        <ele>5.80000019073486328125</ele>
        <time>2026-08-10T06:44:58.000Z</time>
        <extensions>
          <ns3:TrackPointExtension>
            <ns3:hr>96</ns3:hr>
            <ns3:cad>51</ns3:cad>
          </ns3:TrackPointExtension>
        </extensions>
      </trkpt>
      <trkpt lat="31.268995217978954315185546875" lon="121.51219840161502361297607421875">
        <ele>5.599999904632568359375</ele>
        <time>2026-08-10T06:45:01.000Z</time>
        <extensions>
          <ns3:TrackPointExtension>
            <ns3:hr>95</ns3:hr>
            <ns3:cad>58</ns3:cad>
          </ns3:TrackPointExtension>
        </extensions>
      </trkpt>
      <trkpt lat="31.2690087966620922088623046875" lon="121.51217476464807987213134765625">
        <ele>5.19999980926513671875</ele>
        <time>2026-08-10T06:45:04.000Z</time>
        <extensions>
          <ns3:TrackPointExtension>
            <ns3:hr>92</ns3:hr>
            <ns3:cad>54</ns3:cad>
          </ns3:TrackPointExtension>
        </extensions>
      </trkpt>
      <trkpt lat="31.2690258957445621490478515625" lon="121.5121440030634403228759765625">
        <ele>4.80000019073486328125</ele>
        <time>2026-08-10T06:45:07.000Z</time>
        <extensions>
          <ns3:TrackPointExtension>
            <ns3:hr>89</ns3:hr>
            <ns3:cad>0</ns3:cad>
          </ns3:TrackPointExtension>
        </extensions>
      </trkpt>
      <trkpt lat="31.26908632926642894744873046875" lon="121.51207200251519680023193359375">
        <ele>4</ele>
        <time>2026-08-10T06:45:14.000Z</time>
        <extensions>
          <ns3:TrackPointExtension>
            <ns3:hr>90</ns3:hr>
            <ns3:cad>55</ns3:cad>
          </ns3:TrackPointExtension>
        </extensions>
      </trkpt>
      <trkpt lat="31.26913242973387241363525390625" lon="121.51197276078164577484130859375">
        <ele>3.2000000476837158203125</ele>
        <time>2026-08-10T06:45:23.000Z</time>
        <extensions>
          <ns3:TrackPointExtension>
            <ns3:hr>88</ns3:hr>
            <ns3:cad>54</ns3:cad>
          </ns3:TrackPointExtension>
        </extensions>
      </trkpt>
      <trkpt lat="31.2691271491348743438720703125" lon="121.51194803416728973388671875">
        <ele>3.400000095367431640625</ele>
        <time>2026-08-10T06:45:25.000Z</time>
        <extensions>
          <ns3:TrackPointExtension>
            <ns3:hr>89</ns3:hr>
            <ns3:cad>53</ns3:cad>
          </ns3:TrackPointExtension>
        </extensions>
      </trkpt>
      <trkpt lat="31.26912639476358890533447265625" lon="121.5119200386106967926025390625">
        <ele>3.400000095367431640625</ele>
        <time>2026-08-10T06:45:27.000Z</time>
        <extensions>
          <ns3:TrackPointExtension>
            <ns3:hr>92</ns3:hr>
            <ns3:cad>0</ns3:cad>
          </ns3:TrackPointExtension>
        </extensions>
      </trkpt>
      <trkpt lat="31.26913863234221935272216796875" lon="121.5118811465799808502197265625">
        <ele>3.599999904632568359375</ele>
        <time>2026-08-10T06:45:31.000Z</time>
        <extensions>
          <ns3:TrackPointExtension>
            <ns3:hr>92</ns3:hr>
            <ns3:cad>0</ns3:cad>
          </ns3:TrackPointExtension>
        </extensions>
      </trkpt>
      <trkpt lat="31.269138716161251068115234375" lon="121.51187905110418796539306640625">
        <ele>3.599999904632568359375</ele>
        <time>2026-08-10T06:45:35.000Z</time>
        <extensions>
          <ns3:TrackPointExtension>
            <ns3:hr>89</ns3:hr>
            <ns3:cad>0</ns3:cad>
          </ns3:TrackPointExtension>
        </extensions>
      </trkpt>
      <trkpt lat="31.269139386713504791259765625" lon="121.51188173331320285797119140625">
        <ele>3.599999904632568359375</ele>
        <time>2026-08-10T06:45:42.000Z</time>
        <extensions>
          <ns3:TrackPointExtension>
            <ns3:hr>92</ns3:hr>
            <ns3:cad>0</ns3:cad>
          </ns3:TrackPointExtension>
        </extensions>
      </trkpt>
      <trkpt lat="31.269139386713504791259765625" lon="121.51188173331320285797119140625">
        <ele>3.599999904632568359375</ele>
        <time>2026-08-10T06:45:50.000Z</time>
        <extensions>
          <ns3:TrackPointExtension>
            <ns3:hr>89</ns3:hr>
            <ns3:cad>0</ns3:cad>
          </ns3:TrackPointExtension>
        </extensions>
      </trkpt>
      <trkpt lat="31.2691390514373779296875" lon="121.51188173331320285797119140625">
        <ele>3.599999904632568359375</ele>
        <time>2026-08-10T06:45:55.000Z</time>
        <extensions>
          <ns3:TrackPointExtension>
            <ns3:hr>86</ns3:hr>
            <ns3:cad>0</ns3:cad>
          </ns3:TrackPointExtension>
        </extensions>
      </trkpt>
      <trkpt lat="31.2691372074186801910400390625" lon="121.51187251321971416473388671875">
        <ele>3.599999904632568359375</ele>
        <time>2026-08-10T06:46:21.000Z</time>
        <extensions>
          <ns3:TrackPointExtension>
            <ns3:hr>86</ns3:hr>
            <ns3:cad>0</ns3:cad>
          </ns3:TrackPointExtension>
        </extensions>
      </trkpt>
      <trkpt lat="31.269137375056743621826171875" lon="121.51187234558165073394775390625">
        <ele>3.599999904632568359375</ele>
        <time>2026-08-10T06:46:28.000Z</time>
        <extensions>
          <ns3:TrackPointExtension>
            <ns3:hr>89</ns3:hr>
            <ns3:cad>0</ns3:cad>
          </ns3:TrackPointExtension>
        </extensions>
      </trkpt>
      <trkpt lat="31.269137375056743621826171875" lon="121.51187234558165073394775390625">
        <ele>3.599999904632568359375</ele>
        <time>2026-08-10T06:46:30.000Z</time>
        <extensions>
          <ns3:TrackPointExtension>
            <ns3:hr>92</ns3:hr>
            <ns3:cad>0</ns3:cad>
          </ns3:TrackPointExtension>
        </extensions>
      </trkpt>
      <trkpt lat="31.26913695596158504486083984375" lon="121.51187234558165073394775390625">
        <ele>3.599999904632568359375</ele>
        <time>2026-08-10T06:46:36.000Z</time>
        <extensions>
          <ns3:TrackPointExtension>
            <ns3:hr>89</ns3:hr>
            <ns3:cad>0</ns3:cad>
          </ns3:TrackPointExtension>
        </extensions>
      </trkpt>
      <trkpt lat="31.26913695596158504486083984375" lon="121.511872597038745880126953125">
        <ele>3.599999904632568359375</ele>
        <time>2026-08-10T06:46:39.000Z</time>
        <extensions>
          <ns3:TrackPointExtension>
            <ns3:hr>85</ns3:hr>
            <ns3:cad>0</ns3:cad>
          </ns3:TrackPointExtension>
        </extensions>
      </trkpt>
      <trkpt lat="31.2691362015902996063232421875" lon="121.51187335141003131866455078125">
        <ele>3.599999904632568359375</ele>
        <time>2026-08-10T06:46:47.000Z</time>
        <extensions>
          <ns3:TrackPointExtension>
            <ns3:hr>82</ns3:hr>
            <ns3:cad>0</ns3:cad>
          </ns3:TrackPointExtension>
        </extensions>
      </trkpt>
      <trkpt lat="31.26913561485707759857177734375" lon="121.5118757821619510650634765625">
        <ele>3.599999904632568359375</ele>
        <time>2026-08-10T06:47:01.000Z</time>
        <extensions>
          <ns3:TrackPointExtension>
            <ns3:hr>85</ns3:hr>
            <ns3:cad>0</ns3:cad>
          </ns3:TrackPointExtension>
        </extensions>
      </trkpt>
      <trkpt lat="31.26913025043904781341552734375" lon="121.511878632009029388427734375">
        <ele>3.599999904632568359375</ele>
        <time>2026-08-10T06:47:13.000Z</time>
        <extensions>
          <ns3:TrackPointExtension>
            <ns3:hr>82</ns3:hr>
            <ns3:cad>0</ns3:cad>
          </ns3:TrackPointExtension>
        </extensions>
      </trkpt>
      <trkpt lat="31.2691335193812847137451171875" lon="121.51187703944742679595947265625">
        <ele>3.599999904632568359375</ele>
        <time>2026-08-10T06:47:16.000Z</time>
        <extensions>
          <ns3:TrackPointExtension>
            <ns3:hr>79</ns3:hr>
            <ns3:cad>0</ns3:cad>
          </ns3:TrackPointExtension>
        </extensions>
      </trkpt>
      <trkpt lat="31.269179619848728179931640625" lon="121.51185625232756137847900390625">
        <ele>3.400000095367431640625</ele>
        <time>2026-08-10T06:47:19.000Z</time>
        <extensions>
          <ns3:TrackPointExtension>
            <ns3:hr>83</ns3:hr>
            <ns3:cad>0</ns3:cad>
          </ns3:TrackPointExtension>
        </extensions>
      </trkpt>
      <trkpt lat="31.2691952101886272430419921875" lon="121.5118513070046901702880859375">
        <ele>3.2000000476837158203125</ele>
        <time>2026-08-10T06:47:20.000Z</time>
        <extensions>
          <ns3:TrackPointExtension>
            <ns3:hr>83</ns3:hr>
            <ns3:cad>55</ns3:cad>
          </ns3:TrackPointExtension>
        </extensions>
      </trkpt>
      <trkpt lat="31.26926939003169536590576171875" lon="121.51182859204709529876708984375">
        <ele>2.7999999523162841796875</ele>
        <time>2026-08-10T06:47:25.000Z</time>
        <extensions>
          <ns3:TrackPointExtension>
            <ns3:hr>80</ns3:hr>
            <ns3:cad>57</ns3:cad>
          </ns3:TrackPointExtension>
        </extensions>
      </trkpt>
      <trkpt lat="31.26933292485773563385009765625" lon="121.51180696673691272735595703125">
        <ele>2.7999999523162841796875</ele>
        <time>2026-08-10T06:47:30.000Z</time>
        <extensions>
          <ns3:TrackPointExtension>
            <ns3:hr>76</ns3:hr>
            <ns3:cad>57</ns3:cad>
          </ns3:TrackPointExtension>
        </extensions>
      </trkpt>
      <trkpt lat="31.26941188238561153411865234375" lon="121.511774361133575439453125">
        <ele>2.7999999523162841796875</ele>
        <time>2026-08-10T06:47:36.000Z</time>
        <extensions>
          <ns3:TrackPointExtension>
            <ns3:hr>73</ns3:hr>
            <ns3:cad>59</ns3:cad>
          </ns3:TrackPointExtension>
        </extensions>
      </trkpt>
      <trkpt lat="31.26946150325238704681396484375" lon="121.51174418628215789794921875">
        <ele>3.2000000476837158203125</ele>
        <time>2026-08-10T06:47:40.000Z</time>
        <extensions>
          <ns3:TrackPointExtension>
            <ns3:hr>75</ns3:hr>
            <ns3:cad>59</ns3:cad>
          </ns3:TrackPointExtension>
        </extensions>
      </trkpt>
      <trkpt lat="31.2695844657719135284423828125" lon="121.51171468198299407958984375">
        <ele>4.19999980926513671875</ele>
        <time>2026-08-10T06:47:48.000Z</time>
        <extensions>
          <ns3:TrackPointExtension>
            <ns3:hr>77</ns3:hr>
            <ns3:cad>57</ns3:cad>
          </ns3:TrackPointExtension>
        </extensions>
      </trkpt>
      <trkpt lat="31.26963182352483272552490234375" lon="121.511701606214046478271484375">
        <ele>4.599999904632568359375</ele>
        <time>2026-08-10T06:47:51.000Z</time>
        <extensions>
          <ns3:TrackPointExtension>
            <ns3:hr>75</ns3:hr>
            <ns3:cad>57</ns3:cad>
          </ns3:TrackPointExtension>
        </extensions>
      </trkpt>
      <trkpt lat="31.27045844681560993194580078125" lon="121.51157160289585590362548828125">
        <ele>9.19999980926513671875</ele>
        <time>2026-08-10T06:48:57.000Z</time>
        <extensions>
          <ns3:TrackPointExtension>
            <ns3:hr>89</ns3:hr>
            <ns3:cad>58</ns3:cad>
          </ns3:TrackPointExtension>
        </extensions>
      </trkpt>
      <trkpt lat="31.2704742886126041412353515625" lon="121.5115733630955219268798828125">
        <ele>9.19999980926513671875</ele>
        <time>2026-08-10T06:48:58.000Z</time>
        <extensions>
          <ns3:TrackPointExtension>
            <ns3:hr>89</ns3:hr>
            <ns3:cad>58</ns3:cad>
          </ns3:TrackPointExtension>
        </extensions>
      </trkpt>
      <trkpt lat="31.270532123744487762451171875" lon="121.511526592075824737548828125">
        <ele>9</ele>
        <time>2026-08-10T06:49:01.000Z</time>
        <extensions>
          <ns3:TrackPointExtension>
            <ns3:hr>90</ns3:hr>
            <ns3:cad>59</ns3:cad>
          </ns3:TrackPointExtension>
        </extensions>
      </trkpt>
      <trkpt lat="31.2706318683922290802001953125" lon="121.5114164538681507110595703125">
        <ele>8.3999996185302734375</ele>
        <time>2026-08-10T06:49:07.000Z</time>
        <extensions>
          <ns3:TrackPointExtension>
            <ns3:hr>91</ns3:hr>
            <ns3:cad>84</ns3:cad>
          </ns3:TrackPointExtension>
        </extensions>
      </trkpt>
      <trkpt lat="31.27069649286568164825439453125" lon="121.5113366581499576568603515625">
        <ele>8.19999980926513671875</ele>
        <time>2026-08-10T06:49:11.000Z</time>
        <extensions>
          <ns3:TrackPointExtension>
            <ns3:hr>93</ns3:hr>
            <ns3:cad>85</ns3:cad>
          </ns3:TrackPointExtension>
        </extensions>
      </trkpt>
      <trkpt lat="31.270718537271022796630859375" lon="121.511307992041110992431640625">
        <ele>8</ele>
        <time>2026-08-10T06:49:13.000Z</time>
        <extensions>
          <ns3:TrackPointExtension>
            <ns3:hr>94</ns3:hr>
            <ns3:cad>85</ns3:cad>
          </ns3:TrackPointExtension>
        </extensions>
      </trkpt>
      <trkpt lat="31.2707287631928920745849609375" lon="121.51128091849386692047119140625">
        <ele>8</ele>
        <time>2026-08-10T06:49:15.000Z</time>
        <extensions>
          <ns3:TrackPointExtension>
            <ns3:hr>97</ns3:hr>
            <ns3:cad>83</ns3:cad>
          </ns3:TrackPointExtension>
        </extensions>
      </trkpt>
      <trkpt lat="31.27074091695249080657958984375" lon="121.51124923489987850189208984375">
        <ele>7.80000019073486328125</ele>
        <time>2026-08-10T06:49:17.000Z</time>
        <extensions>
          <ns3:TrackPointExtension>
            <ns3:hr>97</ns3:hr>
            <ns3:cad>83</ns3:cad>
          </ns3:TrackPointExtension>
        </extensions>
      </trkpt>
      <trkpt lat="31.27075147815048694610595703125" lon="121.5112312138080596923828125">
        <ele>7.599999904632568359375</ele>
        <time>2026-08-10T06:49:18.000Z</time>
        <extensions>
          <ns3:TrackPointExtension>
            <ns3:hr>98</ns3:hr>
            <ns3:cad>83</ns3:cad>
          </ns3:TrackPointExtension>
        </extensions>
      </trkpt>
      <trkpt lat="31.2708856724202632904052734375" lon="121.51116692461073398590087890625">
        <ele>6.80000019073486328125</ele>
        <time>2026-08-10T06:49:26.000Z</time>
        <extensions>
          <ns3:TrackPointExtension>
            <ns3:hr>100</ns3:hr>
            <ns3:cad>82</ns3:cad>
          </ns3:TrackPointExtension>
        </extensions>
      </trkpt>
      <trkpt lat="31.27096471376717090606689453125" lon="121.5111039765179157257080078125">
        <ele>6.599999904632568359375</ele>
        <time>2026-08-10T06:49:31.000Z</time>
        <extensions>
          <ns3:TrackPointExtension>
            <ns3:hr>100</ns3:hr>
            <ns3:cad>83</ns3:cad>
          </ns3:TrackPointExtension>
        </extensions>
      </trkpt>
      <trkpt lat="31.2709815613925457000732421875" lon="121.51108511723577976226806640625">
        <ele>6.599999904632568359375</ele>
        <time>2026-08-10T06:49:32.000Z</time>
        <extensions>
          <ns3:TrackPointExtension>
            <ns3:hr>100</ns3:hr>
            <ns3:cad>84</ns3:cad>
          </ns3:TrackPointExtension>
        </extensions>
      </trkpt>
      <trkpt lat="31.2710405699908733367919921875" lon="121.511018984019756317138671875">
        <ele>6.400000095367431640625</ele>
        <time>2026-08-10T06:49:35.000Z</time>
        <extensions>
          <ns3:TrackPointExtension>
            <ns3:hr>103</ns3:hr>
            <ns3:cad>84</ns3:cad>
          </ns3:TrackPointExtension>
        </extensions>
      </trkpt>
      <trkpt lat="31.271122209727764129638671875" lon="121.5109507553279399871826171875">
        <ele>6.400000095367431640625</ele>
        <time>2026-08-10T06:49:39.000Z</time>
        <extensions>
          <ns3:TrackPointExtension>
            <ns3:hr>105</ns3:hr>
            <ns3:cad>83</ns3:cad>
          </ns3:TrackPointExtension>
        </extensions>
      </trkpt>
      <trkpt lat="31.27120041288435459136962890625" lon="121.5108562074601650238037109375">
        <ele>6.400000095367431640625</ele>
        <time>2026-08-10T06:49:43.000Z</time>
        <extensions>
          <ns3:TrackPointExtension>
            <ns3:hr>108</ns3:hr>
            <ns3:cad>83</ns3:cad>
          </ns3:TrackPointExtension>
        </extensions>
      </trkpt>
      <trkpt lat="31.27125958912074565887451171875" lon="121.51078688912093639373779296875">
        <ele>6.599999904632568359375</ele>
        <time>2026-08-10T06:49:46.000Z</time>
        <extensions>
          <ns3:TrackPointExtension>
            <ns3:hr>112</ns3:hr>
            <ns3:cad>84</ns3:cad>
          </ns3:TrackPointExtension>
        </extensions>
      </trkpt>
      <trkpt lat="31.2713453359901905059814453125" lon="121.51075554080307483673095703125">
        <ele>6.599999904632568359375</ele>
        <time>2026-08-10T06:49:52.000Z</time>
        <extensions>
          <ns3:TrackPointExtension>
            <ns3:hr>112</ns3:hr>
            <ns3:cad>83</ns3:cad>
          </ns3:TrackPointExtension>
        </extensions>
      </trkpt>
      <trkpt lat="31.271375007927417755126953125" lon="121.5107512660324573516845703125">
        <ele>6.599999904632568359375</ele>
        <time>2026-08-10T06:49:55.000Z</time>
        <extensions>
          <ns3:TrackPointExtension>
            <ns3:hr>112</ns3:hr>
            <ns3:cad>0</ns3:cad>
          </ns3:TrackPointExtension>
        </extensions>
      </trkpt>
      <trkpt lat="31.271402835845947265625" lon="121.510762162506580352783203125">
        <ele>6.80000019073486328125</ele>
        <time>2026-08-10T06:49:57.000Z</time>
        <extensions>
          <ns3:TrackPointExtension>
            <ns3:hr>112</ns3:hr>
            <ns3:cad>57</ns3:cad>
          </ns3:TrackPointExtension>
        </extensions>
      </trkpt>
      <trkpt lat="31.2714271433651447296142578125" lon="121.51075889356434345245361328125">
        <ele>7</ele>
        <time>2026-08-10T06:49:59.000Z</time>
        <extensions>
          <ns3:TrackPointExtension>
            <ns3:hr>111</ns3:hr>
            <ns3:cad>57</ns3:cad>
          </ns3:TrackPointExtension>
        </extensions>
      </trkpt>
      <trkpt lat="31.2714623473584651947021484375" lon="121.5107479132711887359619140625">
        <ele>7.19999980926513671875</ele>
        <time>2026-08-10T06:50:02.000Z</time>
        <extensions>
          <ns3:TrackPointExtension>
            <ns3:hr>110</ns3:hr>
            <ns3:cad>55</ns3:cad>
          </ns3:TrackPointExtension>
        </extensions>
      </trkpt>
      <trkpt lat="31.27165965735912322998046875" lon="121.51066862046718597412109375">
        <ele>8.19999980926513671875</ele>
        <time>2026-08-10T06:50:10.000Z</time>
        <extensions>
          <ns3:TrackPointExtension>
            <ns3:hr>109</ns3:hr>
            <ns3:cad>82</ns3:cad>
          </ns3:TrackPointExtension>
        </extensions>
      </trkpt>
      <trkpt lat="31.2718117050826549530029296875" lon="121.51054062880575656890869140625">
        <ele>9.3999996185302734375</ele>
        <time>2026-08-10T06:50:18.000Z</time>
        <extensions>
          <ns3:TrackPointExtension>
            <ns3:hr>107</ns3:hr>
            <ns3:cad>84</ns3:cad>
          </ns3:TrackPointExtension>
        </extensions>
      </trkpt>
      <trkpt lat="31.27182922326028347015380859375" lon="121.51052067987620830535888671875">
        <ele>9.6000003814697265625</ele>
        <time>2026-08-10T06:50:19.000Z</time>
        <extensions>
          <ns3:TrackPointExtension>
            <ns3:hr>107</ns3:hr>
            <ns3:cad>84</ns3:cad>
          </ns3:TrackPointExtension>
        </extensions>
      </trkpt>
      <trkpt lat="31.27185537479817867279052734375" lon="121.51042780838906764984130859375">
        <ele>10.19999980926513671875</ele>
        <time>2026-08-10T06:50:24.000Z</time>
        <extensions>
          <ns3:TrackPointExtension>
            <ns3:hr>108</ns3:hr>
            <ns3:cad>82</ns3:cad>
          </ns3:TrackPointExtension>
        </extensions>
      </trkpt>
      <trkpt lat="31.27188705839216709136962890625" lon="121.5103811211884021759033203125">
        <ele>10.6000003814697265625</ele>
        <time>2026-08-10T06:50:29.000Z</time>
        <extensions>
          <ns3:TrackPointExtension>
            <ns3:hr>107</ns3:hr>
            <ns3:cad>61</ns3:cad>
          </ns3:TrackPointExtension>
        </extensions>
      </trkpt>
      <trkpt lat="31.27193232066929340362548828125" lon="121.51034331880509853363037109375">
        <ele>11</ele>
        <time>2026-08-10T06:50:35.000Z</time>
        <extensions>
          <ns3:TrackPointExtension>
            <ns3:hr>104</ns3:hr>
            <ns3:cad>58</ns3:cad>
          </ns3:TrackPointExtension>
        </extensions>
      </trkpt>
      <trkpt lat="31.27204245887696743011474609375" lon="121.510356478393077850341796875">
        <ele>10.80000019073486328125</ele>
        <time>2026-08-10T06:50:43.000Z</time>
        <extensions>
          <ns3:TrackPointExtension>
            <ns3:hr>102</ns3:hr>
            <ns3:cad>57</ns3:cad>
          </ns3:TrackPointExtension>
        </extensions>
      </trkpt>
      <trkpt lat="31.2720800936222076416015625" lon="121.51038053445518016815185546875">
        <ele>10.6000003814697265625</ele>
        <time>2026-08-10T06:50:46.000Z</time>
        <extensions>
          <ns3:TrackPointExtension>
            <ns3:hr>103</ns3:hr>
            <ns3:cad>57</ns3:cad>
          </ns3:TrackPointExtension>
        </extensions>
      </trkpt>
      <trkpt lat="31.27213935367763042449951171875" lon="121.51039847172796726226806640625">
        <ele>10.6000003814697265625</ele>
        <time>2026-08-10T06:50:49.000Z</time>
        <extensions>
          <ns3:TrackPointExtension>
            <ns3:hr>103</ns3:hr>
            <ns3:cad>82</ns3:cad>
          </ns3:TrackPointExtension>
        </extensions>
      </trkpt>
      <trkpt lat="31.27215796150267124176025390625" lon="121.5103941969573497772216796875">
        <ele>10.6000003814697265625</ele>
        <time>2026-08-10T06:50:50.000Z</time>
        <extensions>
          <ns3:TrackPointExtension>
            <ns3:hr>102</ns3:hr>
            <ns3:cad>81</ns3:cad>
          </ns3:TrackPointExtension>
        </extensions>
      </trkpt>
      <trkpt lat="31.27218679524958133697509765625" lon="121.5103566460311412811279296875">
        <ele>10.80000019073486328125</ele>
        <time>2026-08-10T06:50:52.000Z</time>
        <extensions>
          <ns3:TrackPointExtension>
            <ns3:hr>102</ns3:hr>
            <ns3:cad>81</ns3:cad>
          </ns3:TrackPointExtension>
        </extensions>
      </trkpt>
      <trkpt lat="31.27220188267529010772705078125" lon="121.5103241242468357086181640625">
        <ele>11</ele>
        <time>2026-08-10T06:50:53.000Z</time>
        <extensions>
          <ns3:TrackPointExtension>
            <ns3:hr>102</ns3:hr>
            <ns3:cad>81</ns3:cad>
          </ns3:TrackPointExtension>
        </extensions>
      </trkpt>
      <trkpt lat="31.2722941674292087554931640625" lon="121.51016302406787872314453125">
        <ele>10.6000003814697265625</ele>
        <time>2026-08-10T06:50:59.000Z</time>
        <extensions>
          <ns3:TrackPointExtension>
            <ns3:hr>100</ns3:hr>
            <ns3:cad>84</ns3:cad>
          </ns3:TrackPointExtension>
        </extensions>
      </trkpt>
      <trkpt lat="31.27240128815174102783203125" lon="121.510036289691925048828125">
        <ele>10.19999980926513671875</ele>
        <time>2026-08-10T06:51:04.000Z</time>
        <extensions>
          <ns3:TrackPointExtension>
            <ns3:hr>103</ns3:hr>
            <ns3:cad>85</ns3:cad>
          </ns3:TrackPointExtension>
        </extensions>
      </trkpt>
      <trkpt lat="31.27241671085357666015625" lon="121.5100149996578693389892578125">
        <ele>9.3999996185302734375</ele>
        <time>2026-08-10T06:51:06.000Z</time>
        <extensions>
          <ns3:TrackPointExtension>
            <ns3:hr>103</ns3:hr>
            <ns3:cad>85</ns3:cad>
          </ns3:TrackPointExtension>
        </extensions>
      </trkpt>
      <trkpt lat="31.2724426947534084320068359375" lon="121.50997501797974109649658203125">
        <ele>8.6000003814697265625</ele>
        <time>2026-08-10T06:51:08.000Z</time>
        <extensions>
          <ns3:TrackPointExtension>
            <ns3:hr>106</ns3:hr>
            <ns3:cad>85</ns3:cad>
          </ns3:TrackPointExtension>
        </extensions>
      </trkpt>
      <trkpt lat="31.27247999422252178192138671875" lon="121.5099157579243183135986328125">
        <ele>7.599999904632568359375</ele>
        <time>2026-08-10T06:51:11.000Z</time>
        <extensions>
          <ns3:TrackPointExtension>
            <ns3:hr>109</ns3:hr>
            <ns3:cad>84</ns3:cad>
          </ns3:TrackPointExtension>
        </extensions>
      </trkpt>
      <trkpt lat="31.27251201309263706207275390625" lon="121.5098715014755725860595703125">
        <ele>6.19999980926513671875</ele>
        <time>2026-08-10T06:51:13.000Z</time>
        <extensions>
          <ns3:TrackPointExtension>
            <ns3:hr>111</ns3:hr>
            <ns3:cad>83</ns3:cad>
          </ns3:TrackPointExtension>
        </extensions>
      </trkpt>
      <trkpt lat="31.27254738472402095794677734375" lon="121.509803272783756256103515625">
        <ele>4.80000019073486328125</ele>
        <time>2026-08-10T06:51:16.000Z</time>
        <extensions>
          <ns3:TrackPointExtension>
            <ns3:hr>114</ns3:hr>
            <ns3:cad>84</ns3:cad>
          </ns3:TrackPointExtension>
        </extensions>
      </trkpt>
      <trkpt lat="31.2726183794438838958740234375" lon="121.5096594393253326416015625">
        <ele>3.2000000476837158203125</ele>
        <time>2026-08-10T06:51:22.000Z</time>
        <extensions>
          <ns3:TrackPointExtension>
            <ns3:hr>115</ns3:hr>
            <ns3:cad>84</ns3:cad>
          </ns3:TrackPointExtension>
        </extensions>
      </trkpt>
      <trkpt lat="31.2727048806846141815185546875" lon="121.50955039076507091522216796875">
        <ele>2.400000095367431640625</ele>
        <time>2026-08-10T06:51:28.000Z</time>
        <extensions>
          <ns3:TrackPointExtension>
            <ns3:hr>116</ns3:hr>
            <ns3:cad>83</ns3:cad>
          </ns3:TrackPointExtension>
        </extensions>
      </trkpt>
      <trkpt lat="31.27276933752000331878662109375" lon="121.50939314626157283782958984375">
        <ele>2.7999999523162841796875</ele>
        <time>2026-08-10T06:51:34.000Z</time>
        <extensions>
          <ns3:TrackPointExtension>
            <ns3:hr>116</ns3:hr>
            <ns3:cad>84</ns3:cad>
          </ns3:TrackPointExtension>
        </extensions>
      </trkpt>
      <trkpt lat="31.27281728200614452362060546875" lon="121.5093102492392063140869140625">
        <ele>4</ele>
        <time>2026-08-10T06:51:38.000Z</time>
        <extensions>
          <ns3:TrackPointExtension>
            <ns3:hr>118</ns3:hr>
            <ns3:cad>83</ns3:cad>
          </ns3:TrackPointExtension>
        </extensions>
      </trkpt>
      <trkpt lat="31.27282641828060150146484375" lon="121.50927747599780559539794921875">
        <ele>4.400000095367431640625</ele>
        <time>2026-08-10T06:51:40.000Z</time>
        <extensions>
          <ns3:TrackPointExtension>
            <ns3:hr>118</ns3:hr>
            <ns3:cad>82</ns3:cad>
          </ns3:TrackPointExtension>
        </extensions>
      </trkpt>
      <trkpt lat="31.27457831986248493194580078125" lon="121.508049108088016510009765625">
        <ele>9.80000019073486328125</ele>
        <time>2026-08-10T06:54:45.000Z</time>
        <extensions>
          <ns3:TrackPointExtension>
            <ns3:hr>84</ns3:hr>
            <ns3:cad>57</ns3:cad>
          </ns3:TrackPointExtension>
        </extensions>
      </trkpt>
      <trkpt lat="31.27458469010889530181884765625" lon="121.50803678669035434722900390625">
        <ele>9.80000019073486328125</ele>
        <time>2026-08-10T06:54:46.000Z</time>
        <extensions>
          <ns3:TrackPointExtension>
            <ns3:hr>84</ns3:hr>
            <ns3:cad>57</ns3:cad>
          </ns3:TrackPointExtension>
        </extensions>
      </trkpt>
      <trkpt lat="31.27462056465446949005126953125" lon="121.508014239370822906494140625">
        <ele>10.3999996185302734375</ele>
        <time>2026-08-10T06:54:48.000Z</time>
        <extensions>
          <ns3:TrackPointExtension>
            <ns3:hr>83</ns3:hr>
            <ns3:cad>82</ns3:cad>
          </ns3:TrackPointExtension>
        </extensions>
      </trkpt>
      <trkpt lat="31.2746454589068889617919921875" lon="121.5080087073147296905517578125">
        <ele>10.6000003814697265625</ele>
        <time>2026-08-10T06:54:49.000Z</time>
        <extensions>
          <ns3:TrackPointExtension>
            <ns3:hr>82</ns3:hr>
            <ns3:cad>82</ns3:cad>
          </ns3:TrackPointExtension>
        </extensions>
      </trkpt>
      <trkpt lat="31.274747215211391448974609375" lon="121.50799688883125782012939453125">
        <ele>11</ele>
        <time>2026-08-10T06:54:54.000Z</time>
        <extensions>
          <ns3:TrackPointExtension>
            <ns3:hr>86</ns3:hr>
            <ns3:cad>81</ns3:cad>
          </ns3:TrackPointExtension>
        </extensions>
      </trkpt>
      <trkpt lat="31.274782083928585052490234375" lon="121.5079922787845134735107421875">
        <ele>11</ele>
        <time>2026-08-10T06:54:56.000Z</time>
        <extensions>
          <ns3:TrackPointExtension>
            <ns3:hr>88</ns3:hr>
            <ns3:cad>81</ns3:cad>
          </ns3:TrackPointExtension>
        </extensions>
      </trkpt>
      <trkpt lat="31.2748320400714874267578125" lon="121.507986746728420257568359375">
        <ele>10.6000003814697265625</ele>
        <time>2026-08-10T06:54:58.000Z</time>
        <extensions>
          <ns3:TrackPointExtension>
            <ns3:hr>91</ns3:hr>
            <ns3:cad>82</ns3:cad>
          </ns3:TrackPointExtension>
        </extensions>
      </trkpt>
      <trkpt lat="31.274899430572986602783203125" lon="121.50795363821089267730712890625">
        <ele>10.80000019073486328125</ele>
        <time>2026-08-10T06:55:01.000Z</time>
        <extensions>
          <ns3:TrackPointExtension>
            <ns3:hr>94</ns3:hr>
            <ns3:cad>83</ns3:cad>
          </ns3:TrackPointExtension>
        </extensions>
      </trkpt>
      <trkpt lat="31.274916864931583404541015625" lon="121.507948525249958038330078125">
        <ele>10.80000019073486328125</ele>
        <time>2026-08-10T06:55:02.000Z</time>
        <extensions>
          <ns3:TrackPointExtension>
            <ns3:hr>95</ns3:hr>
            <ns3:cad>83</ns3:cad>
          </ns3:TrackPointExtension>
        </extensions>
      </trkpt>
      <trkpt lat="31.27493706531822681427001953125" lon="121.50795154273509979248046875">
        <ele>10.80000019073486328125</ele>
        <time>2026-08-10T06:55:03.000Z</time>
        <extensions>
          <ns3:TrackPointExtension>
            <ns3:hr>97</ns3:hr>
            <ns3:cad>83</ns3:cad>
          </ns3:TrackPointExtension>
        </extensions>
      </trkpt>
      <trkpt lat="31.27500034868717193603515625" lon="121.50796227157115936279296875">
        <ele>10.6000003814697265625</ele>
        <time>2026-08-10T06:55:06.000Z</time>
        <extensions>
          <ns3:TrackPointExtension>
            <ns3:hr>100</ns3:hr>
            <ns3:cad>82</ns3:cad>
          </ns3:TrackPointExtension>
        </extensions>
      </trkpt>
      <trkpt lat="31.27511358819901943206787109375" lon="121.5079240500926971435546875">
        <ele>9</ele>
        <time>2026-08-10T06:55:11.000Z</time>
        <extensions>
          <ns3:TrackPointExtension>
            <ns3:hr>104</ns3:hr>
            <ns3:cad>83</ns3:cad>
          </ns3:TrackPointExtension>
        </extensions>
      </trkpt>
      <trkpt lat="31.275167651474475860595703125" lon="121.50790686719119548797607421875">
        <ele>8.19999980926513671875</ele>
        <time>2026-08-10T06:55:14.000Z</time>
        <extensions>
          <ns3:TrackPointExtension>
            <ns3:hr>108</ns3:hr>
            <ns3:cad>83</ns3:cad>
          </ns3:TrackPointExtension>
        </extensions>
      </trkpt>
      <trkpt lat="31.275232695043087005615234375" lon="121.50791340507566928863525390625">
        <ele>7.19999980926513671875</ele>
        <time>2026-08-10T06:55:19.000Z</time>
        <extensions>
          <ns3:TrackPointExtension>
            <ns3:hr>110</ns3:hr>
            <ns3:cad>82</ns3:cad>
          </ns3:TrackPointExtension>
        </extensions>
      </trkpt>
      <trkpt lat="31.2753304280340671539306640625" lon="121.50789379142224788665771484375">
        <ele>6.400000095367431640625</ele>
        <time>2026-08-10T06:55:27.000Z</time>
        <extensions>
          <ns3:TrackPointExtension>
            <ns3:hr>111</ns3:hr>
            <ns3:cad>54</ns3:cad>
          </ns3:TrackPointExtension>
        </extensions>
      </trkpt>
      <trkpt lat="31.2753686495125293731689453125" lon="121.507795639336109161376953125">
        <ele>6</ele>
        <time>2026-08-10T06:55:32.000Z</time>
        <extensions>
          <ns3:TrackPointExtension>
            <ns3:hr>112</ns3:hr>
            <ns3:cad>0</ns3:cad>
          </ns3:TrackPointExtension>
        </extensions>
      </trkpt>
      <trkpt lat="31.2753726728260517120361328125" lon="121.507797650992870330810546875">
        <ele>6</ele>
        <time>2026-08-10T06:55:37.000Z</time>
        <extensions>
          <ns3:TrackPointExtension>
            <ns3:hr>112</ns3:hr>
            <ns3:cad>0</ns3:cad>
          </ns3:TrackPointExtension>
        </extensions>
      </trkpt>
      <trkpt lat="31.27537074498832225799560546875" lon="121.50779865682125091552734375">
        <ele>6</ele>
        <time>2026-08-10T06:55:40.000Z</time>
        <extensions>
          <ns3:TrackPointExtension>
            <ns3:hr>109</ns3:hr>
            <ns3:cad>0</ns3:cad>
          </ns3:TrackPointExtension>
        </extensions>
      </trkpt>
      <trkpt lat="31.27536823041737079620361328125" lon="121.50779656134545803070068359375">
        <ele>6</ele>
        <time>2026-08-10T06:55:43.000Z</time>
        <extensions>
          <ns3:TrackPointExtension>
            <ns3:hr>104</ns3:hr>
            <ns3:cad>0</ns3:cad>
          </ns3:TrackPointExtension>
        </extensions>
      </trkpt>
      <trkpt lat="31.2753683142364025115966796875" lon="121.50779605843126773834228515625">
        <ele>6</ele>
        <time>2026-08-10T06:55:44.000Z</time>
        <extensions>
          <ns3:TrackPointExtension>
            <ns3:hr>104</ns3:hr>
            <ns3:cad>0</ns3:cad>
          </ns3:TrackPointExtension>
        </extensions>
      </trkpt>
      <trkpt lat="31.27536990679800510406494140625" lon="121.50778926908969879150390625">
        <ele>6</ele>
        <time>2026-08-10T06:55:51.000Z</time>
        <extensions>
          <ns3:TrackPointExtension>
            <ns3:hr>101</ns3:hr>
            <ns3:cad>0</ns3:cad>
          </ns3:TrackPointExtension>
        </extensions>
      </trkpt>
      <trkpt lat="31.27537024207413196563720703125" lon="121.5077897720038890838623046875">
        <ele>6</ele>
        <time>2026-08-10T06:56:00.000Z</time>
        <extensions>
          <ns3:TrackPointExtension>
            <ns3:hr>100</ns3:hr>
            <ns3:cad>0</ns3:cad>
          </ns3:TrackPointExtension>
        </extensions>
      </trkpt>
      <trkpt lat="31.27537024207413196563720703125" lon="121.5077897720038890838623046875">
        <ele>6</ele>
        <time>2026-08-10T06:56:04.000Z</time>
        <extensions>
          <ns3:TrackPointExtension>
            <ns3:hr>97</ns3:hr>
            <ns3:cad>0</ns3:cad>
          </ns3:TrackPointExtension>
        </extensions>
      </trkpt>
      <trkpt lat="31.27536990679800510406494140625" lon="121.50778918527066707611083984375">
        <ele>6</ele>
        <time>2026-08-10T06:56:08.000Z</time>
        <extensions>
          <ns3:TrackPointExtension>
            <ns3:hr>94</ns3:hr>
            <ns3:cad>0</ns3:cad>
          </ns3:TrackPointExtension>
        </extensions>
      </trkpt>
      <trkpt lat="31.2753696553409099578857421875" lon="121.50778851471841335296630859375">
        <ele>6</ele>
        <time>2026-08-10T06:56:11.000Z</time>
        <extensions>
          <ns3:TrackPointExtension>
            <ns3:hr>91</ns3:hr>
            <ns3:cad>0</ns3:cad>
          </ns3:TrackPointExtension>
        </extensions>
      </trkpt>
      <trkpt lat="31.275369822978973388671875" lon="121.5077840723097324371337890625">
        <ele>6</ele>
        <time>2026-08-10T06:56:19.000Z</time>
        <extensions>
          <ns3:TrackPointExtension>
            <ns3:hr>88</ns3:hr>
            <ns3:cad>0</ns3:cad>
          </ns3:TrackPointExtension>
        </extensions>
      </trkpt>
      <trkpt lat="31.2753706611692905426025390625" lon="121.507780887186527252197265625">
        <ele>6.19999980926513671875</ele>
        <time>2026-08-10T06:56:28.000Z</time>
        <extensions>
          <ns3:TrackPointExtension>
            <ns3:hr>83</ns3:hr>
            <ns3:cad>0</ns3:cad>
          </ns3:TrackPointExtension>
        </extensions>
      </trkpt>
      <trkpt lat="31.2753817252814769744873046875" lon="121.50777342729270458221435546875">
        <ele>6</ele>
        <time>2026-08-10T06:56:31.000Z</time>
        <extensions>
          <ns3:TrackPointExtension>
            <ns3:hr>80</ns3:hr>
            <ns3:cad>0</ns3:cad>
          </ns3:TrackPointExtension>
        </extensions>
      </trkpt>
      <trkpt lat="31.27540133893489837646484375" lon="121.50775331072509288787841796875">
        <ele>6</ele>
        <time>2026-08-10T06:56:43.000Z</time>
        <extensions>
          <ns3:TrackPointExtension>
            <ns3:hr>84</ns3:hr>
            <ns3:cad>0</ns3:cad>
          </ns3:TrackPointExtension>
        </extensions>
      </trkpt>
      <trkpt lat="31.275402009487152099609375" lon="121.50775305926799774169921875">
        <ele>6</ele>
        <time>2026-08-10T06:56:46.000Z</time>
        <extensions>
          <ns3:TrackPointExtension>
            <ns3:hr>87</ns3:hr>
            <ns3:cad>0</ns3:cad>
          </ns3:TrackPointExtension>
        </extensions>
      </trkpt>
      <trkpt lat="31.27549429424107074737548828125" lon="121.507727913558483123779296875">
        <ele>5.19999980926513671875</ele>
        <time>2026-08-10T06:57:03.000Z</time>
        <extensions>
          <ns3:TrackPointExtension>
            <ns3:hr>86</ns3:hr>
            <ns3:cad>59</ns3:cad>
          </ns3:TrackPointExtension>
        </extensions>
      </trkpt>
      <trkpt lat="31.27558238804340362548828125" lon="121.50767485611140727996826171875">
        <ele>5.400000095367431640625</ele>
        <time>2026-08-10T06:57:09.000Z</time>
        <extensions>
          <ns3:TrackPointExtension>
            <ns3:hr>87</ns3:hr>
            <ns3:cad>57</ns3:cad>
          </ns3:TrackPointExtension>
        </extensions>
      </trkpt>
      <trkpt lat="31.275597475469112396240234375" lon="121.50765440426766872406005859375">
        <ele>5.80000019073486328125</ele>
        <time>2026-08-10T06:57:12.000Z</time>
        <extensions>
          <ns3:TrackPointExtension>
            <ns3:hr>86</ns3:hr>
            <ns3:cad>57</ns3:cad>
          </ns3:TrackPointExtension>
        </extensions>
      </trkpt>
      <trkpt lat="31.27561298198997974395751953125" lon="121.5076558291912078857421875">
        <ele>5.80000019073486328125</ele>
        <time>2026-08-10T06:57:14.000Z</time>
        <extensions>
          <ns3:TrackPointExtension>
            <ns3:hr>86</ns3:hr>
            <ns3:cad>57</ns3:cad>
          </ns3:TrackPointExtension>
        </extensions>
      </trkpt>
      <trkpt lat="31.27566193230450153350830078125" lon="121.5076442621648311614990234375">
        <ele>6.19999980926513671875</ele>
        <time>2026-08-10T06:57:19.000Z</time>
        <extensions>
          <ns3:TrackPointExtension>
            <ns3:hr>83</ns3:hr>
            <ns3:cad>58</ns3:cad>
          </ns3:TrackPointExtension>
        </extensions>
      </trkpt>
      <trkpt lat="31.27567165531218051910400390625" lon="121.507632695138454437255859375">
        <ele>6.19999980926513671875</ele>
        <time>2026-08-10T06:57:21.000Z</time>
        <extensions>
          <ns3:TrackPointExtension>
            <ns3:hr>81</ns3:hr>
            <ns3:cad>58</ns3:cad>
          </ns3:TrackPointExtension>
        </extensions>
      </trkpt>
      <trkpt lat="31.2756784446537494659423828125" lon="121.5076335333287715911865234375">
        <ele>6.19999980926513671875</ele>
        <time>2026-08-10T06:57:23.000Z</time>
        <extensions>
          <ns3:TrackPointExtension>
            <ns3:hr>80</ns3:hr>
            <ns3:cad>58</ns3:cad>
          </ns3:TrackPointExtension>
        </extensions>
      </trkpt>
      <trkpt lat="31.27568942494690418243408203125" lon="121.50759707204997539520263671875">
        <ele>6.400000095367431640625</ele>
        <time>2026-08-10T06:57:26.000Z</time>
        <extensions>
          <ns3:TrackPointExtension>
            <ns3:hr>78</ns3:hr>
            <ns3:cad>58</ns3:cad>
          </ns3:TrackPointExtension>
        </extensions>
      </trkpt>
      <trkpt lat="31.275701411068439483642578125" lon="121.50756991468369960784912109375">
        <ele>6.599999904632568359375</ele>
        <time>2026-08-10T06:57:28.000Z</time>
        <extensions>
          <ns3:TrackPointExtension>
            <ns3:hr>78</ns3:hr>
            <ns3:cad>57</ns3:cad>
          </ns3:TrackPointExtension>
        </extensions>
      </trkpt>
      <trkpt lat="31.2756968848407268524169921875" lon="121.507483161985874176025390625">
        <ele>8.3999996185302734375</ele>
        <time>2026-08-10T06:57:33.000Z</time>
        <extensions>
          <ns3:TrackPointExtension>
            <ns3:hr>79</ns3:hr>
            <ns3:cad>59</ns3:cad>
          </ns3:TrackPointExtension>
        </extensions>
      </trkpt>
      <trkpt lat="31.27568623982369899749755859375" lon="121.507439911365509033203125">
        <ele>9.6000003814697265625</ele>
        <time>2026-08-10T06:57:35.000Z</time>
        <extensions>
          <ns3:TrackPointExtension>
            <ns3:hr>80</ns3:hr>
            <ns3:cad>59</ns3:cad>
          </ns3:TrackPointExtension>
        </extensions>
      </trkpt>
      <trkpt lat="31.275664865970611572265625" lon="121.50735164992511272430419921875">
        <ele>11</ele>
        <time>2026-08-10T06:57:38.000Z</time>
        <extensions>
          <ns3:TrackPointExtension>
            <ns3:hr>80</ns3:hr>
            <ns3:cad>80</ns3:cad>
          </ns3:TrackPointExtension>
        </extensions>
      </trkpt>
      <trkpt lat="31.275637038052082061767578125" lon="121.50718753226101398468017578125">
        <ele>12.6000003814697265625</ele>
        <time>2026-08-10T06:57:44.000Z</time>
        <extensions>
          <ns3:TrackPointExtension>
            <ns3:hr>82</ns3:hr>
            <ns3:cad>83</ns3:cad>
          </ns3:TrackPointExtension>
        </extensions>
      </trkpt>
      <trkpt lat="31.27563066780567169189453125" lon="121.5071296133100986480712890625">
        <ele>13</ele>
        <time>2026-08-10T06:57:46.000Z</time>
        <extensions>
          <ns3:TrackPointExtension>
            <ns3:hr>85</ns3:hr>
            <ns3:cad>82</ns3:cad>
          </ns3:TrackPointExtension>
        </extensions>
      </trkpt>
      <trkpt lat="31.2756130658090114593505859375" lon="121.50704135186970233917236328125">
        <ele>13.6000003814697265625</ele>
        <time>2026-08-10T06:57:49.000Z</time>
        <extensions>
          <ns3:TrackPointExtension>
            <ns3:hr>90</ns3:hr>
            <ns3:cad>82</ns3:cad>
          </ns3:TrackPointExtension>
        </extensions>
      </trkpt>
      <trkpt lat="31.27559135667979717254638671875" lon="121.5069894678890705108642578125">
        <ele>14</ele>
        <time>2026-08-10T06:57:51.000Z</time>
        <extensions>
          <ns3:TrackPointExtension>
            <ns3:hr>92</ns3:hr>
            <ns3:cad>82</ns3:cad>
          </ns3:TrackPointExtension>
        </extensions>
      </trkpt>
      <trkpt lat="31.27558012492954730987548828125" lon="121.50696423836052417755126953125">
        <ele>14</ele>
        <time>2026-08-10T06:57:52.000Z</time>
        <extensions>
          <ns3:TrackPointExtension>
            <ns3:hr>95</ns3:hr>
            <ns3:cad>82</ns3:cad>
          </ns3:TrackPointExtension>
        </extensions>
      </trkpt>
      <trkpt lat="31.2755548954010009765625" lon="121.5069143660366535186767578125">
        <ele>14</ele>
        <time>2026-08-10T06:57:54.000Z</time>
        <extensions>
          <ns3:TrackPointExtension>
            <ns3:hr>98</ns3:hr>
            <ns3:cad>82</ns3:cad>
          </ns3:TrackPointExtension>
        </extensions>
      </trkpt>
      <trkpt lat="31.27553385682404041290283203125" lon="121.5068349055945873260498046875">
        <ele>13.80000019073486328125</ele>
        <time>2026-08-10T06:57:57.000Z</time>
        <extensions>
          <ns3:TrackPointExtension>
            <ns3:hr>102</ns3:hr>
            <ns3:cad>83</ns3:cad>
          </ns3:TrackPointExtension>
        </extensions>
      </trkpt>
      <trkpt lat="31.27552606165409088134765625" lon="121.50680883787572383880615234375">
        <ele>13.6000003814697265625</ele>
        <time>2026-08-10T06:57:58.000Z</time>
        <extensions>
          <ns3:TrackPointExtension>
            <ns3:hr>104</ns3:hr>
            <ns3:cad>83</ns3:cad>
          </ns3:TrackPointExtension>
        </extensions>
      </trkpt>
      <trkpt lat="31.2755057774484157562255859375" lon="121.50672971270978450775146484375">
        <ele>13.19999980926513671875</ele>
        <time>2026-08-10T06:58:01.000Z</time>
        <extensions>
          <ns3:TrackPointExtension>
            <ns3:hr>107</ns3:hr>
            <ns3:cad>83</ns3:cad>
          </ns3:TrackPointExtension>
        </extensions>
      </trkpt>
      <trkpt lat="31.275479793548583984375" lon="121.506624519824981689453125">
        <ele>13</ele>
        <time>2026-08-10T06:58:05.000Z</time>
        <extensions>
          <ns3:TrackPointExtension>
            <ns3:hr>108</ns3:hr>
            <ns3:cad>82</ns3:cad>
          </ns3:TrackPointExtension>
        </extensions>
      </trkpt>
      <trkpt lat="31.27543495036661624908447265625" lon="121.50653525255620479583740234375">
        <ele>13</ele>
        <time>2026-08-10T06:58:09.000Z</time>
        <extensions>
          <ns3:TrackPointExtension>
            <ns3:hr>111</ns3:hr>
            <ns3:cad>82</ns3:cad>
          </ns3:TrackPointExtension>
        </extensions>
      </trkpt>
      <trkpt lat="31.27541718073189258575439453125" lon="121.5064852125942707061767578125">
        <ele>13</ele>
        <time>2026-08-10T06:58:11.000Z</time>
        <extensions>
          <ns3:TrackPointExtension>
            <ns3:hr>112</ns3:hr>
            <ns3:cad>82</ns3:cad>
          </ns3:TrackPointExtension>
        </extensions>
      </trkpt>
      <trkpt lat="31.27535029314458370208740234375" lon="121.50628320872783660888671875">
        <ele>12</ele>
        <time>2026-08-10T06:58:19.000Z</time>
        <extensions>
          <ns3:TrackPointExtension>
            <ns3:hr>114</ns3:hr>
            <ns3:cad>82</ns3:cad>
          </ns3:TrackPointExtension>
        </extensions>
      </trkpt>
      <trkpt lat="31.27528776414692401885986328125" lon="121.50608472526073455810546875">
        <ele>10.3999996185302734375</ele>
        <time>2026-08-10T06:58:27.000Z</time>
        <extensions>
          <ns3:TrackPointExtension>
            <ns3:hr>113</ns3:hr>
            <ns3:cad>81</ns3:cad>
          </ns3:TrackPointExtension>
        </extensions>
      </trkpt>
      <trkpt lat="31.275272257626056671142578125" lon="121.5060248784720897674560546875">
        <ele>9.6000003814697265625</ele>
        <time>2026-08-10T06:58:29.000Z</time>
        <extensions>
          <ns3:TrackPointExtension>
            <ns3:hr>114</ns3:hr>
            <ns3:cad>82</ns3:cad>
          </ns3:TrackPointExtension>
        </extensions>
      </trkpt>
      <trkpt lat="31.2752509675920009613037109375" lon="121.50595329701900482177734375">
        <ele>9</ele>
        <time>2026-08-10T06:58:32.000Z</time>
        <extensions>
          <ns3:TrackPointExtension>
            <ns3:hr>117</ns3:hr>
            <ns3:cad>82</ns3:cad>
          </ns3:TrackPointExtension>
        </extensions>
      </trkpt>
      <trkpt lat="31.27524116076529026031494140625" lon="121.50592111051082611083984375">
        <ele>8.6000003814697265625</ele>
        <time>2026-08-10T06:58:35.000Z</time>
        <extensions>
          <ns3:TrackPointExtension>
            <ns3:hr>119</ns3:hr>
            <ns3:cad>74</ns3:cad>
          </ns3:TrackPointExtension>
        </extensions>
      </trkpt>
      <trkpt lat="31.2752201221883296966552734375" lon="121.5058515407145023345947265625">
        <ele>7.80000019073486328125</ele>
        <time>2026-08-10T06:58:41.000Z</time>
        <extensions>
          <ns3:TrackPointExtension>
            <ns3:hr>120</ns3:hr>
            <ns3:cad>56</ns3:cad>
          </ns3:TrackPointExtension>
        </extensions>
      </trkpt>
      <trkpt lat="31.2751949764788150787353515625" lon="121.5057375468313694000244140625">
        <ele>7</ele>
        <time>2026-08-10T06:58:50.000Z</time>
        <extensions>
          <ns3:TrackPointExtension>
            <ns3:hr>118</ns3:hr>
            <ns3:cad>56</ns3:cad>
          </ns3:TrackPointExtension>
        </extensions>
      </trkpt>
      <trkpt lat="31.2751758657395839691162109375" lon="121.505669653415679931640625">
        <ele>6.599999904632568359375</ele>
        <time>2026-08-10T06:58:55.000Z</time>
        <extensions>
          <ns3:TrackPointExtension>
            <ns3:hr>115</ns3:hr>
            <ns3:cad>57</ns3:cad>
          </ns3:TrackPointExtension>
        </extensions>
      </trkpt>
      <trkpt lat="31.27516069449484348297119140625" lon="121.505642496049404144287109375">
        <ele>6.400000095367431640625</ele>
        <time>2026-08-10T06:58:58.000Z</time>
        <extensions>
          <ns3:TrackPointExtension>
            <ns3:hr>111</ns3:hr>
            <ns3:cad>57</ns3:cad>
          </ns3:TrackPointExtension>
        </extensions>
      </trkpt>
      <trkpt lat="31.27514476887881755828857421875" lon="121.50561802089214324951171875">
        <ele>6.19999980926513671875</ele>
        <time>2026-08-10T06:59:00.000Z</time>
        <extensions>
          <ns3:TrackPointExtension>
            <ns3:hr>110</ns3:hr>
            <ns3:cad>56</ns3:cad>
          </ns3:TrackPointExtension>
        </extensions>
      </trkpt>
      <trkpt lat="31.27513705752789974212646484375" lon="121.5056039392948150634765625">
        <ele>6</ele>
        <time>2026-08-10T06:59:01.000Z</time>
        <extensions>
          <ns3:TrackPointExtension>
            <ns3:hr>107</ns3:hr>
            <ns3:cad>56</ns3:cad>
          </ns3:TrackPointExtension>
        </extensions>
      </trkpt>
      <trkpt lat="31.27512431703507900238037109375" lon="121.50557200424373149871826171875">
        <ele>6</ele>
        <time>2026-08-10T06:59:03.000Z</time>
        <extensions>
          <ns3:TrackPointExtension>
            <ns3:hr>104</ns3:hr>
            <ns3:cad>56</ns3:cad>
          </ns3:TrackPointExtension>
        </extensions>
      </trkpt>
      <trkpt lat="31.2751041166484355926513671875" lon="121.50550670921802520751953125">
        <ele>6</ele>
        <time>2026-08-10T06:59:08.000Z</time>
        <extensions>
          <ns3:TrackPointExtension>
            <ns3:hr>105</ns3:hr>
            <ns3:cad>56</ns3:cad>
          </ns3:TrackPointExtension>
        </extensions>
      </trkpt>
      <trkpt lat="31.27510671503841876983642578125" lon="121.505459435284137725830078125">
        <ele>6</ele>
        <time>2026-08-10T06:59:12.000Z</time>
        <extensions>
          <ns3:TrackPointExtension>
            <ns3:hr>102</ns3:hr>
            <ns3:cad>57</ns3:cad>
          </ns3:TrackPointExtension>
        </extensions>
      </trkpt>
      <trkpt lat="31.27512800507247447967529296875" lon="121.50545080192387104034423828125">
        <ele>6.19999980926513671875</ele>
        <time>2026-08-10T06:59:14.000Z</time>
        <extensions>
          <ns3:TrackPointExtension>
            <ns3:hr>102</ns3:hr>
            <ns3:cad>57</ns3:cad>
          </ns3:TrackPointExtension>
        </extensions>
      </trkpt>
      <trkpt lat="31.275220625102519989013671875" lon="121.50540478527545928955078125">
        <ele>7.80000019073486328125</ele>
        <time>2026-08-10T06:59:21.000Z</time>
        <extensions>
          <ns3:TrackPointExtension>
            <ns3:hr>98</ns3:hr>
            <ns3:cad>56</ns3:cad>
          </ns3:TrackPointExtension>
        </extensions>
      </trkpt>
      <trkpt lat="31.27523730508983135223388671875" lon="121.505392380058765411376953125">
        <ele>8</ele>
        <time>2026-08-10T06:59:23.000Z</time>
        <extensions>
          <ns3:TrackPointExtension>
            <ns3:hr>97</ns3:hr>
            <ns3:cad>57</ns3:cad>
          </ns3:TrackPointExtension>
        </extensions>
      </trkpt>
      <trkpt lat="31.27524350769817829132080078125" lon="121.50538676418364048004150390625">
        <ele>8.19999980926513671875</ele>
        <time>2026-08-10T06:59:24.000Z</time>
        <extensions>
          <ns3:TrackPointExtension>
            <ns3:hr>95</ns3:hr>
            <ns3:cad>57</ns3:cad>
          </ns3:TrackPointExtension>
        </extensions>
      </trkpt>
      <trkpt lat="31.275262869894504547119140625" lon="121.5053451061248779296875">
        <ele>9</ele>
        <time>2026-08-10T06:59:28.000Z</time>
        <extensions>
          <ns3:TrackPointExtension>
            <ns3:hr>93</ns3:hr>
            <ns3:cad>56</ns3:cad>
          </ns3:TrackPointExtension>
        </extensions>
      </trkpt>
      <trkpt lat="31.27527871169149875640869140625" lon="121.50532725267112255096435546875">
        <ele>9.3999996185302734375</ele>
        <time>2026-08-10T06:59:30.000Z</time>
        <extensions>
          <ns3:TrackPointExtension>
            <ns3:hr>92</ns3:hr>
            <ns3:cad>56</ns3:cad>
          </ns3:TrackPointExtension>
        </extensions>
      </trkpt>
      <trkpt lat="31.27531508915126323699951171875" lon="121.50530713610351085662841796875">
        <ele>9.80000019073486328125</ele>
        <time>2026-08-10T06:59:33.000Z</time>
        <extensions>
          <ns3:TrackPointExtension>
            <ns3:hr>91</ns3:hr>
            <ns3:cad>56</ns3:cad>
          </ns3:TrackPointExtension>
        </extensions>
      </trkpt>
      <trkpt lat="31.27532782964408397674560546875" lon="121.5053053759038448333740234375">
        <ele>10</ele>
        <time>2026-08-10T06:59:34.000Z</time>
        <extensions>
          <ns3:TrackPointExtension>
            <ns3:hr>91</ns3:hr>
            <ns3:cad>57</ns3:cad>
          </ns3:TrackPointExtension>
        </extensions>
      </trkpt>
      <trkpt lat="31.27537175081670284271240234375" lon="121.5052896179258823394775390625">
        <ele>10.3999996185302734375</ele>
        <time>2026-08-10T06:59:38.000Z</time>
        <extensions>
          <ns3:TrackPointExtension>
            <ns3:hr>90</ns3:hr>
            <ns3:cad>57</ns3:cad>
          </ns3:TrackPointExtension>
        </extensions>
      </trkpt>
      <trkpt lat="31.27538968808948993682861328125" lon="121.5052859298884868621826171875">
        <ele>10.6000003814697265625</ele>
        <time>2026-08-10T06:59:40.000Z</time>
        <extensions>
          <ns3:TrackPointExtension>
            <ns3:hr>88</ns3:hr>
            <ns3:cad>57</ns3:cad>
          </ns3:TrackPointExtension>
        </extensions>
      </trkpt>
      <trkpt lat="31.2753845751285552978515625" lon="121.50527763180434703826904296875">
        <ele>10.6000003814697265625</ele>
        <time>2026-08-10T06:59:43.000Z</time>
        <extensions>
          <ns3:TrackPointExtension>
            <ns3:hr>87</ns3:hr>
            <ns3:cad>57</ns3:cad>
          </ns3:TrackPointExtension>
        </extensions>
      </trkpt>
      <trkpt lat="31.27537225373089313507080078125" lon="121.5052617900073528289794921875">
        <ele>10.6000003814697265625</ele>
        <time>2026-08-10T06:59:45.000Z</time>
        <extensions>
          <ns3:TrackPointExtension>
            <ns3:hr>85</ns3:hr>
            <ns3:cad>57</ns3:cad>
          </ns3:TrackPointExtension>
        </extensions>
      </trkpt>
      <trkpt lat="31.27536655403673648834228515625" lon="121.5051900409162044525146484375">
        <ele>10.80000019073486328125</ele>
        <time>2026-08-10T06:59:50.000Z</time>
        <extensions>
          <ns3:TrackPointExtension>
            <ns3:hr>83</ns3:hr>
            <ns3:cad>57</ns3:cad>
          </ns3:TrackPointExtension>
        </extensions>
      </trkpt>
      <trkpt lat="31.27536085434257984161376953125" lon="121.5051417611539363861083984375">
        <ele>10.80000019073486328125</ele>
        <time>2026-08-10T06:59:52.000Z</time>
        <extensions>
          <ns3:TrackPointExtension>
            <ns3:hr>82</ns3:hr>
            <ns3:cad>57</ns3:cad>
          </ns3:TrackPointExtension>
        </extensions>
      </trkpt>
      <trkpt lat="31.27533562481403350830078125" lon="121.505116783082485198974609375">
        <ele>10.6000003814697265625</ele>
        <time>2026-08-10T06:59:54.000Z</time>
        <extensions>
          <ns3:TrackPointExtension>
            <ns3:hr>82</ns3:hr>
            <ns3:cad>57</ns3:cad>
          </ns3:TrackPointExtension>
        </extensions>
      </trkpt>
      <trkpt lat="31.27532162703573703765869140625" lon="121.5051149390637874603271484375">
        <ele>10.6000003814697265625</ele>
        <time>2026-08-10T06:59:56.000Z</time>
        <extensions>
          <ns3:TrackPointExtension>
            <ns3:hr>82</ns3:hr>
            <ns3:cad>58</ns3:cad>
          </ns3:TrackPointExtension>
        </extensions>
      </trkpt>
      <trkpt lat="31.27530151046812534332275390625" lon="121.5051018632948398590087890625">
        <ele>10.3999996185302734375</ele>
        <time>2026-08-10T07:00:01.000Z</time>
        <extensions>
          <ns3:TrackPointExtension>
            <ns3:hr>80</ns3:hr>
            <ns3:cad>57</ns3:cad>
          </ns3:TrackPointExtension>
        </extensions>
      </trkpt>
      <trkpt lat="31.275289021432399749755859375" lon="121.50509205646812915802001953125">
        <ele>10.3999996185302734375</ele>
        <time>2026-08-10T07:00:07.000Z</time>
        <extensions>
          <ns3:TrackPointExtension>
            <ns3:hr>82</ns3:hr>
            <ns3:cad>57</ns3:cad>
          </ns3:TrackPointExtension>
        </extensions>
      </trkpt>
      <trkpt lat="31.275272928178310394287109375" lon="121.505110748112201690673828125">
        <ele>10</ele>
        <time>2026-08-10T07:00:13.000Z</time>
        <extensions>
          <ns3:TrackPointExtension>
            <ns3:hr>82</ns3:hr>
            <ns3:cad>56</ns3:cad>
          </ns3:TrackPointExtension>
        </extensions>
      </trkpt>
      <trkpt lat="31.275256834924221038818359375" lon="121.5051077306270599365234375">
        <ele>10</ele>
        <time>2026-08-10T07:00:17.000Z</time>
        <extensions>
          <ns3:TrackPointExtension>
            <ns3:hr>82</ns3:hr>
            <ns3:cad>56</ns3:cad>
          </ns3:TrackPointExtension>
        </extensions>
      </trkpt>
      <trkpt lat="31.27606258727610111236572265625" lon="121.50413299910724163055419921875">
        <ele>12.6000003814697265625</ele>
        <time>2026-08-10T07:01:10.000Z</time>
        <extensions>
          <ns3:TrackPointExtension>
            <ns3:hr>78</ns3:hr>
            <ns3:cad>57</ns3:cad>
          </ns3:TrackPointExtension>
        </extensions>
      </trkpt>
      <trkpt lat="31.27609041519463062286376953125" lon="121.50418731383979320526123046875">
        <ele>12.6000003814697265625</ele>
        <time>2026-08-10T07:01:14.000Z</time>
        <extensions>
          <ns3:TrackPointExtension>
            <ns3:hr>79</ns3:hr>
            <ns3:cad>59</ns3:cad>
          </ns3:TrackPointExtension>
        </extensions>
      </trkpt>
      <trkpt lat="31.27598664723336696624755859375" lon="121.5042650140821933746337890625">
        <ele>11.3999996185302734375</ele>
        <time>2026-08-10T07:01:18.000Z</time>
        <extensions>
          <ns3:TrackPointExtension>
            <ns3:hr>79</ns3:hr>
            <ns3:cad>59</ns3:cad>
          </ns3:TrackPointExtension>
        </extensions>
      </trkpt>
      <trkpt lat="31.2760398723185062408447265625" lon="121.50432075373828411102294921875">
        <ele>11.3999996185302734375</ele>
        <time>2026-08-10T07:01:21.000Z</time>
        <extensions>
          <ns3:TrackPointExtension>
            <ns3:hr>78</ns3:hr>
            <ns3:cad>57</ns3:cad>
          </ns3:TrackPointExtension>
        </extensions>
      </trkpt>
      <trkpt lat="31.276095695793628692626953125" lon="121.50433667935431003570556640625">
        <ele>11.3999996185302734375</ele>
        <time>2026-08-10T07:01:23.000Z</time>
        <extensions>
          <ns3:TrackPointExtension>
            <ns3:hr>78</ns3:hr>
            <ns3:cad>57</ns3:cad>
          </ns3:TrackPointExtension>
        </extensions>
      </trkpt>
      <trkpt lat="31.2761119566857814788818359375" lon="121.50435696355998516082763671875">
        <ele>11</ele>
        <time>2026-08-10T07:01:24.000Z</time>
        <extensions>
          <ns3:TrackPointExtension>
            <ns3:hr>78</ns3:hr>
            <ns3:cad>119</ns3:cad>
          </ns3:TrackPointExtension>
        </extensions>
      </trkpt>
      <trkpt lat="31.276137940585613250732421875" lon="121.50437909178435802459716796875">
        <ele>10.6000003814697265625</ele>
        <time>2026-08-10T07:01:26.000Z</time>
        <extensions>
          <ns3:TrackPointExtension>
            <ns3:hr>79</ns3:hr>
            <ns3:cad>78</ns3:cad>
          </ns3:TrackPointExtension>
        </extensions>
      </trkpt>
      <trkpt lat="31.2761474959552288055419921875" lon="121.50437842123210430145263671875">
        <ele>10.3999996185302734375</ele>
        <time>2026-08-10T07:01:27.000Z</time>
        <extensions>
          <ns3:TrackPointExtension>
            <ns3:hr>79</ns3:hr>
            <ns3:cad>78</ns3:cad>
          </ns3:TrackPointExtension>
        </extensions>
      </trkpt>
      <trkpt lat="31.2761012278497219085693359375" lon="121.50426895357668399810791015625">
        <ele>12</ele>
        <time>2026-08-10T07:01:33.000Z</time>
        <extensions>
          <ns3:TrackPointExtension>
            <ns3:hr>80</ns3:hr>
            <ns3:cad>83</ns3:cad>
          </ns3:TrackPointExtension>
        </extensions>
      </trkpt>
      <trkpt lat="31.2760953605175018310546875" lon="121.50425135158002376556396484375">
        <ele>12.19999980926513671875</ele>
        <time>2026-08-10T07:01:34.000Z</time>
        <extensions>
          <ns3:TrackPointExtension>
            <ns3:hr>83</ns3:hr>
            <ns3:cad>83</ns3:cad>
          </ns3:TrackPointExtension>
        </extensions>
      </trkpt>
      <trkpt lat="31.2760685384273529052734375" lon="121.5042207576334476470947265625">
        <ele>12.80000019073486328125</ele>
        <time>2026-08-10T07:01:38.000Z</time>
        <extensions>
          <ns3:TrackPointExtension>
            <ns3:hr>85</ns3:hr>
            <ns3:cad>83</ns3:cad>
          </ns3:TrackPointExtension>
        </extensions>
      </trkpt>
      <trkpt lat="31.2760586477816104888916015625" lon="121.50420877151191234588623046875">
        <ele>12.80000019073486328125</ele>
        <time>2026-08-10T07:01:39.000Z</time>
        <extensions>
          <ns3:TrackPointExtension>
            <ns3:hr>88</ns3:hr>
            <ns3:cad>82</ns3:cad>
          </ns3:TrackPointExtension>
        </extensions>
      </trkpt>
      <trkpt lat="31.27601413987576961517333984375" lon="121.50416837073862552642822265625">
        <ele>12.3999996185302734375</ele>
        <time>2026-08-10T07:01:42.000Z</time>
        <extensions>
          <ns3:TrackPointExtension>
            <ns3:hr>94</ns3:hr>
            <ns3:cad>83</ns3:cad>
          </ns3:TrackPointExtension>
        </extensions>
      </trkpt>
      <trkpt lat="31.27596594393253326416015625" lon="121.50413635186851024627685546875">
        <ele>12</ele>
        <time>2026-08-10T07:01:44.000Z</time>
        <extensions>
          <ns3:TrackPointExtension>
            <ns3:hr>96</ns3:hr>
            <ns3:cad>83</ns3:cad>
          </ns3:TrackPointExtension>
        </extensions>
      </trkpt>
      <trkpt lat="31.275950185954570770263671875" lon="121.50410047732293605804443359375">
        <ele>12</ele>
        <time>2026-08-10T07:01:45.000Z</time>
        <extensions>
          <ns3:TrackPointExtension>
            <ns3:hr>99</ns3:hr>
            <ns3:cad>83</ns3:cad>
          </ns3:TrackPointExtension>
        </extensions>
      </trkpt>
      <trkpt lat="31.275901235640048980712890625" lon="121.5040026605129241943359375">
        <ele>11.6000003814697265625</ele>
        <time>2026-08-10T07:01:48.000Z</time>
        <extensions>
          <ns3:TrackPointExtension>
            <ns3:hr>102</ns3:hr>
            <ns3:cad>82</ns3:cad>
          </ns3:TrackPointExtension>
        </extensions>
      </trkpt>
      <trkpt lat="31.27586477436125278472900390625" lon="121.50393032468855381011962890625">
        <ele>11</ele>
        <time>2026-08-10T07:01:51.000Z</time>
        <extensions>
          <ns3:TrackPointExtension>
            <ns3:hr>104</ns3:hr>
            <ns3:cad>83</ns3:cad>
          </ns3:TrackPointExtension>
        </extensions>
      </trkpt>
      <trkpt lat="31.275750361382961273193359375" lon="121.50376335717737674713134765625">
        <ele>11.80000019073486328125</ele>
        <time>2026-08-10T07:01:58.000Z</time>
        <extensions>
          <ns3:TrackPointExtension>
            <ns3:hr>105</ns3:hr>
            <ns3:cad>83</ns3:cad>
          </ns3:TrackPointExtension>
        </extensions>
      </trkpt>
      <trkpt lat="31.2756724096834659576416015625" lon="121.5036571584641933441162109375">
        <ele>12.80000019073486328125</ele>
        <time>2026-08-10T07:02:00.000Z</time>
        <extensions>
          <ns3:TrackPointExtension>
            <ns3:hr>107</ns3:hr>
            <ns3:cad>83</ns3:cad>
          </ns3:TrackPointExtension>
        </extensions>
      </trkpt>
      <trkpt lat="31.2755470164120197296142578125" lon="121.50349379517138004302978515625">
        <ele>13.19999980926513671875</ele>
        <time>2026-08-10T07:02:03.000Z</time>
        <extensions>
          <ns3:TrackPointExtension>
            <ns3:hr>109</ns3:hr>
            <ns3:cad>83</ns3:cad>
          </ns3:TrackPointExtension>
        </extensions>
      </trkpt>
      <trkpt lat="31.27547183074057102203369140625" lon="121.50340209715068340301513671875">
        <ele>12.80000019073486328125</ele>
        <time>2026-08-10T07:02:07.000Z</time>
        <extensions>
          <ns3:TrackPointExtension>
            <ns3:hr>113</ns3:hr>
            <ns3:cad>83</ns3:cad>
          </ns3:TrackPointExtension>
        </extensions>
      </trkpt>
      <trkpt lat="31.2754447571933269500732421875" lon="121.50335021317005157470703125">
        <ele>12.3999996185302734375</ele>
        <time>2026-08-10T07:02:09.000Z</time>
        <extensions>
          <ns3:TrackPointExtension>
            <ns3:hr>113</ns3:hr>
            <ns3:cad>83</ns3:cad>
          </ns3:TrackPointExtension>
        </extensions>
      </trkpt>
      <trkpt lat="31.27544333226978778839111328125" lon="121.50332213379442691802978515625">
        <ele>11.6000003814697265625</ele>
        <time>2026-08-10T07:02:10.000Z</time>
        <extensions>
          <ns3:TrackPointExtension>
            <ns3:hr>113</ns3:hr>
            <ns3:cad>83</ns3:cad>
          </ns3:TrackPointExtension>
        </extensions>
      </trkpt>
      <trkpt lat="31.27546395175158977508544921875" lon="121.5032819844782352447509765625">
        <ele>11.3999996185302734375</ele>
        <time>2026-08-10T07:02:12.000Z</time>
        <extensions>
          <ns3:TrackPointExtension>
            <ns3:hr>114</ns3:hr>
            <ns3:cad>83</ns3:cad>
          </ns3:TrackPointExtension>
        </extensions>
      </trkpt>
      <trkpt lat="31.27556771971285343170166015625" lon="121.50315097533166408538818359375">
        <ele>12</ele>
        <time>2026-08-10T07:02:18.000Z</time>
        <extensions>
          <ns3:TrackPointExtension>
            <ns3:hr>115</ns3:hr>
            <ns3:cad>82</ns3:cad>
          </ns3:TrackPointExtension>
        </extensions>
      </trkpt>
      <trkpt lat="31.27567358314990997314453125" lon="121.50293086655437946319580078125">
        <ele>9.80000019073486328125</ele>
        <time>2026-08-10T07:02:25.000Z</time>
        <extensions>
          <ns3:TrackPointExtension>
            <ns3:hr>116</ns3:hr>
            <ns3:cad>82</ns3:cad>
          </ns3:TrackPointExtension>
        </extensions>
      </trkpt>
      <trkpt lat="31.275690682232379913330078125" lon="121.50290018878877162933349609375">
        <ele>9.3999996185302734375</ele>
        <time>2026-08-10T07:02:26.000Z</time>
        <extensions>
          <ns3:TrackPointExtension>
            <ns3:hr>116</ns3:hr>
            <ns3:cad>82</ns3:cad>
          </ns3:TrackPointExtension>
        </extensions>
      </trkpt>
      <trkpt lat="31.27582378685474395751953125" lon="121.502759456634521484375">
        <ele>7.19999980926513671875</ele>
        <time>2026-08-10T07:02:33.000Z</time>
        <extensions>
          <ns3:TrackPointExtension>
            <ns3:hr>118</ns3:hr>
            <ns3:cad>83</ns3:cad>
          </ns3:TrackPointExtension>
        </extensions>
      </trkpt>
      <trkpt lat="31.27584817819297313690185546875" lon="121.50271595455706119537353515625">
        <ele>6.19999980926513671875</ele>
        <time>2026-08-10T07:02:35.000Z</time>
        <extensions>
          <ns3:TrackPointExtension>
            <ns3:hr>119</ns3:hr>
            <ns3:cad>82</ns3:cad>
          </ns3:TrackPointExtension>
        </extensions>
      </trkpt>
      <trkpt lat="31.2758869864046573638916015625" lon="121.50265040807425975799560546875">
        <ele>5</ele>
        <time>2026-08-10T07:02:38.000Z</time>
        <extensions>
          <ns3:TrackPointExtension>
            <ns3:hr>119</ns3:hr>
            <ns3:cad>81</ns3:cad>
          </ns3:TrackPointExtension>
        </extensions>
      </trkpt>
      <trkpt lat="31.27592998556792736053466796875" lon="121.50259709917008876800537109375">
        <ele>4.400000095367431640625</ele>
        <time>2026-08-10T07:02:42.000Z</time>
        <extensions>
          <ns3:TrackPointExtension>
            <ns3:hr>119</ns3:hr>
            <ns3:cad>80</ns3:cad>
          </ns3:TrackPointExtension>
        </extensions>
      </trkpt>
      <trkpt lat="31.27594809047877788543701171875" lon="121.50258854962885379791259765625">
        <ele>4.19999980926513671875</ele>
        <time>2026-08-10T07:02:43.000Z</time>
        <extensions>
          <ns3:TrackPointExtension>
            <ns3:hr>119</ns3:hr>
            <ns3:cad>81</ns3:cad>
          </ns3:TrackPointExtension>
        </extensions>
      </trkpt>
      <trkpt lat="31.27604364417493343353271484375" lon="121.50245376862585544586181640625">
        <ele>4</ele>
        <time>2026-08-10T07:02:51.000Z</time>
        <extensions>
          <ns3:TrackPointExtension>
            <ns3:hr>121</ns3:hr>
            <ns3:cad>81</ns3:cad>
          </ns3:TrackPointExtension>
        </extensions>
      </trkpt>
      <trkpt lat="31.276057474315166473388671875" lon="121.5024424530565738677978515625">
        <ele>4.19999980926513671875</ele>
        <time>2026-08-10T07:02:52.000Z</time>
        <extensions>
          <ns3:TrackPointExtension>
            <ns3:hr>121</ns3:hr>
            <ns3:cad>81</ns3:cad>
          </ns3:TrackPointExtension>
        </extensions>
      </trkpt>
      <trkpt lat="31.2761060893535614013671875" lon="121.50236408226191997528076171875">
        <ele>4.19999980926513671875</ele>
        <time>2026-08-10T07:02:55.000Z</time>
        <extensions>
          <ns3:TrackPointExtension>
            <ns3:hr>122</ns3:hr>
            <ns3:cad>81</ns3:cad>
          </ns3:TrackPointExtension>
        </extensions>
      </trkpt>
      <trkpt lat="31.27613282762467861175537109375" lon="121.5023016370832920074462890625">
        <ele>4.400000095367431640625</ele>
        <time>2026-08-10T07:02:57.000Z</time>
        <extensions>
          <ns3:TrackPointExtension>
            <ns3:hr>122</ns3:hr>
            <ns3:cad>81</ns3:cad>
          </ns3:TrackPointExtension>
        </extensions>
      </trkpt>
      <trkpt lat="31.27616736106574535369873046875" lon="121.50218655355274677276611328125">
        <ele>4.599999904632568359375</ele>
        <time>2026-08-10T07:03:02.000Z</time>
        <extensions>
          <ns3:TrackPointExtension>
            <ns3:hr>122</ns3:hr>
            <ns3:cad>81</ns3:cad>
          </ns3:TrackPointExtension>
        </extensions>
      </trkpt>
      <trkpt lat="31.27620692364871501922607421875" lon="121.50209502317011356353759765625">
        <ele>5</ele>
        <time>2026-08-10T07:03:08.000Z</time>
        <extensions>
          <ns3:TrackPointExtension>
            <ns3:hr>123</ns3:hr>
            <ns3:cad>0</ns3:cad>
          </ns3:TrackPointExtension>
        </extensions>
      </trkpt>
      <trkpt lat="31.2762165628373622894287109375" lon="121.50209099985659122467041015625">
        <ele>5</ele>
        <time>2026-08-10T07:03:09.000Z</time>
        <extensions>
          <ns3:TrackPointExtension>
            <ns3:hr>123</ns3:hr>
            <ns3:cad>55</ns3:cad>
          </ns3:TrackPointExtension>
        </extensions>
      </trkpt>
      <trkpt lat="31.27622318454086780548095703125" lon="121.5020840428769588470458984375">
        <ele>5</ele>
        <time>2026-08-10T07:03:10.000Z</time>
        <extensions>
          <ns3:TrackPointExtension>
            <ns3:hr>122</ns3:hr>
            <ns3:cad>55</ns3:cad>
          </ns3:TrackPointExtension>
        </extensions>
      </trkpt>
      <trkpt lat="31.27624698914587497711181640625" lon="121.5020714700222015380859375">
        <ele>5</ele>
        <time>2026-08-10T07:03:13.000Z</time>
        <extensions>
          <ns3:TrackPointExtension>
            <ns3:hr>122</ns3:hr>
            <ns3:cad>55</ns3:cad>
          </ns3:TrackPointExtension>
        </extensions>
      </trkpt>
      <trkpt lat="31.27629945985972881317138671875" lon="121.50193241424858570098876953125">
        <ele>5.599999904632568359375</ele>
        <time>2026-08-10T07:03:21.000Z</time>
        <extensions>
          <ns3:TrackPointExtension>
            <ns3:hr>123</ns3:hr>
            <ns3:cad>55</ns3:cad>
          </ns3:TrackPointExtension>
        </extensions>
      </trkpt>
      <trkpt lat="31.27635595388710498809814453125" lon="121.5018171630799770355224609375">
        <ele>5.400000095367431640625</ele>
        <time>2026-08-10T07:03:26.000Z</time>
        <extensions>
          <ns3:TrackPointExtension>
            <ns3:hr>122</ns3:hr>
            <ns3:cad>85</ns3:cad>
          </ns3:TrackPointExtension>
        </extensions>
      </trkpt>
      <trkpt lat="31.27643038518726825714111328125" lon="121.5017093718051910400390625">
        <ele>6.599999904632568359375</ele>
        <time>2026-08-10T07:03:32.000Z</time>
        <extensions>
          <ns3:TrackPointExtension>
            <ns3:hr>118</ns3:hr>
            <ns3:cad>85</ns3:cad>
          </ns3:TrackPointExtension>
        </extensions>
      </trkpt>
      <trkpt lat="31.27653096802532672882080078125" lon="121.5015248022973537445068359375">
        <ele>9.80000019073486328125</ele>
        <time>2026-08-10T07:03:40.000Z</time>
        <extensions>
          <ns3:TrackPointExtension>
            <ns3:hr>116</ns3:hr>
            <ns3:cad>85</ns3:cad>
          </ns3:TrackPointExtension>
        </extensions>
      </trkpt>
      <trkpt lat="31.27655644901096820831298828125" lon="121.50147694163024425506591796875">
        <ele>10.19999980926513671875</ele>
        <time>2026-08-10T07:03:42.000Z</time>
        <extensions>
          <ns3:TrackPointExtension>
            <ns3:hr>116</ns3:hr>
            <ns3:cad>84</ns3:cad>
          </ns3:TrackPointExtension>
        </extensions>
      </trkpt>
      <trkpt lat="31.27665317617356777191162109375" lon="121.50130209513008594512939453125">
        <ele>10.3999996185302734375</ele>
        <time>2026-08-10T07:03:49.000Z</time>
        <extensions>
          <ns3:TrackPointExtension>
            <ns3:hr>116</ns3:hr>
            <ns3:cad>83</ns3:cad>
          </ns3:TrackPointExtension>
        </extensions>
      </trkpt>
      <trkpt lat="31.2766990251839160919189453125" lon="121.5012512169778347015380859375">
        <ele>10.19999980926513671875</ele>
        <time>2026-08-10T07:03:52.000Z</time>
        <extensions>
          <ns3:TrackPointExtension>
            <ns3:hr>116</ns3:hr>
            <ns3:cad>84</ns3:cad>
          </ns3:TrackPointExtension>
        </extensions>
      </trkpt>
      <trkpt lat="31.27674520947039127349853515625" lon="121.50124727748334407806396484375">
        <ele>9.80000019073486328125</ele>
        <time>2026-08-10T07:03:54.000Z</time>
        <extensions>
          <ns3:TrackPointExtension>
            <ns3:hr>116</ns3:hr>
            <ns3:cad>84</ns3:cad>
          </ns3:TrackPointExtension>
        </extensions>
      </trkpt>
      <trkpt lat="31.276933886110782623291015625" lon="121.50129170157015323638916015625">
        <ele>8.6000003814697265625</ele>
        <time>2026-08-10T07:04:02.000Z</time>
        <extensions>
          <ns3:TrackPointExtension>
            <ns3:hr>116</ns3:hr>
            <ns3:cad>82</ns3:cad>
          </ns3:TrackPointExtension>
        </extensions>
      </trkpt>
      <trkpt lat="31.27698124386370182037353515625" lon="121.50129706598818302154541015625">
        <ele>8.6000003814697265625</ele>
        <time>2026-08-10T07:04:03.000Z</time>
        <extensions>
          <ns3:TrackPointExtension>
            <ns3:hr>116</ns3:hr>
            <ns3:cad>82</ns3:cad>
          </ns3:TrackPointExtension>
        </extensions>
      </trkpt>
      <trkpt lat="31.27708911895751953125" lon="121.50134501047432422637939453125">
        <ele>8.6000003814697265625</ele>
        <time>2026-08-10T07:04:09.000Z</time>
        <extensions>
          <ns3:TrackPointExtension>
            <ns3:hr>120</ns3:hr>
            <ns3:cad>83</ns3:cad>
          </ns3:TrackPointExtension>
        </extensions>
      </trkpt>
      <trkpt lat="31.27710998989641666412353515625" lon="121.5013539791107177734375">
        <ele>8.6000003814697265625</ele>
        <time>2026-08-10T07:04:10.000Z</time>
        <extensions>
          <ns3:TrackPointExtension>
            <ns3:hr>120</ns3:hr>
            <ns3:cad>83</ns3:cad>
          </ns3:TrackPointExtension>
        </extensions>
      </trkpt>
      <trkpt lat="31.277263797819614410400390625" lon="121.50139865465462207794189453125">
        <ele>8.6000003814697265625</ele>
        <time>2026-08-10T07:04:18.000Z</time>
        <extensions>
          <ns3:TrackPointExtension>
            <ns3:hr>122</ns3:hr>
            <ns3:cad>83</ns3:cad>
          </ns3:TrackPointExtension>
        </extensions>
      </trkpt>
      <trkpt lat="31.277450881898403167724609375" lon="121.50147534906864166259765625">
        <ele>8.19999980926513671875</ele>
        <time>2026-08-10T07:04:27.000Z</time>
        <extensions>
          <ns3:TrackPointExtension>
            <ns3:hr>124</ns3:hr>
            <ns3:cad>83</ns3:cad>
          </ns3:TrackPointExtension>
        </extensions>
      </trkpt>
      <trkpt lat="31.27746974118053913116455078125" lon="121.5014832280576229095458984375">
        <ele>8</ele>
        <time>2026-08-10T07:04:28.000Z</time>
        <extensions>
          <ns3:TrackPointExtension>
            <ns3:hr>124</ns3:hr>
            <ns3:cad>83</ns3:cad>
          </ns3:TrackPointExtension>
        </extensions>
      </trkpt>
      <trkpt lat="31.27763519994914531707763671875" lon="121.501574255526065826416015625">
        <ele>6</ele>
        <time>2026-08-10T07:04:36.000Z</time>
        <extensions>
          <ns3:TrackPointExtension>
            <ns3:hr>125</ns3:hr>
            <ns3:cad>82</ns3:cad>
          </ns3:TrackPointExtension>
        </extensions>
      </trkpt>
      <trkpt lat="31.27765380777418613433837890625" lon="121.5015831403434276580810546875">
        <ele>6</ele>
        <time>2026-08-10T07:04:37.000Z</time>
        <extensions>
          <ns3:TrackPointExtension>
            <ns3:hr>125</ns3:hr>
            <ns3:cad>82</ns3:cad>
          </ns3:TrackPointExtension>
        </extensions>
      </trkpt>
      <trkpt lat="31.27778037451207637786865234375" lon="121.501660086214542388916015625">
        <ele>4.599999904632568359375</ele>
        <time>2026-08-10T07:04:44.000Z</time>
        <extensions>
          <ns3:TrackPointExtension>
            <ns3:hr>125</ns3:hr>
            <ns3:cad>82</ns3:cad>
          </ns3:TrackPointExtension>
        </extensions>
      </trkpt>
      <trkpt lat="31.27784944139420986175537109375" lon="121.50173342786729335784912109375">
        <ele>3.7999999523162841796875</ele>
        <time>2026-08-10T07:04:52.000Z</time>
        <extensions>
          <ns3:TrackPointExtension>
            <ns3:hr>124</ns3:hr>
            <ns3:cad>55</ns3:cad>
          </ns3:TrackPointExtension>
        </extensions>
      </trkpt>
      <trkpt lat="31.2778629362583160400390625" lon="121.50172345340251922607421875">
        <ele>3.599999904632568359375</ele>
        <time>2026-08-10T07:04:53.000Z</time>
        <extensions>
          <ns3:TrackPointExtension>
            <ns3:hr>124</ns3:hr>
            <ns3:cad>56</ns3:cad>
          </ns3:TrackPointExtension>
        </extensions>
      </trkpt>
      <trkpt lat="31.2780354358255863189697265625" lon="121.50173309259116649627685546875">
        <ele>2.2000000476837158203125</ele>
        <time>2026-08-10T07:05:01.000Z</time>
        <extensions>
          <ns3:TrackPointExtension>
            <ns3:hr>122</ns3:hr>
            <ns3:cad>80</ns3:cad>
          </ns3:TrackPointExtension>
        </extensions>
      </trkpt>
      <trkpt lat="31.2782074324786663055419921875" lon="121.5018496848642826080322265625">
        <ele>3.599999904632568359375</ele>
        <time>2026-08-10T07:05:08.000Z</time>
        <extensions>
          <ns3:TrackPointExtension>
            <ns3:hr>120</ns3:hr>
            <ns3:cad>82</ns3:cad>
          </ns3:TrackPointExtension>
        </extensions>
      </trkpt>
      <trkpt lat="31.278231404721736907958984375" lon="121.50185731239616870880126953125">
        <ele>3.7999999523162841796875</ele>
        <time>2026-08-10T07:05:09.000Z</time>
        <extensions>
          <ns3:TrackPointExtension>
            <ns3:hr>119</ns3:hr>
            <ns3:cad>82</ns3:cad>
          </ns3:TrackPointExtension>
        </extensions>
      </trkpt>
      <trkpt lat="31.2783727236092090606689453125" lon="121.50192319415509700775146484375">
        <ele>4.80000019073486328125</ele>
        <time>2026-08-10T07:05:16.000Z</time>
        <extensions>
          <ns3:TrackPointExtension>
            <ns3:hr>119</ns3:hr>
            <ns3:cad>83</ns3:cad>
          </ns3:TrackPointExtension>
        </extensions>
      </trkpt>
      <trkpt lat="31.278507672250270843505859375" lon="121.501999385654926300048828125">
        <ele>5.599999904632568359375</ele>
        <time>2026-08-10T07:05:23.000Z</time>
        <extensions>
          <ns3:TrackPointExtension>
            <ns3:hr>120</ns3:hr>
            <ns3:cad>83</ns3:cad>
          </ns3:TrackPointExtension>
        </extensions>
      </trkpt>
      <trkpt lat="31.27852552570402622222900390625" lon="121.5020394511520862579345703125">
        <ele>5.80000019073486328125</ele>
        <time>2026-08-10T07:05:27.000Z</time>
        <extensions>
          <ns3:TrackPointExtension>
            <ns3:hr>122</ns3:hr>
            <ns3:cad>79</ns3:cad>
          </ns3:TrackPointExtension>
        </extensions>
      </trkpt>
      <trkpt lat="31.27854824066162109375" lon="121.50207758881151676177978515625">
        <ele>5.80000019073486328125</ele>
        <time>2026-08-10T07:05:31.000Z</time>
        <extensions>
          <ns3:TrackPointExtension>
            <ns3:hr>119</ns3:hr>
            <ns3:cad>56</ns3:cad>
          </ns3:TrackPointExtension>
        </extensions>
      </trkpt>
      <trkpt lat="31.27858889289200305938720703125" lon="121.50211094878613948822021484375">
        <ele>6.19999980926513671875</ele>
        <time>2026-08-10T07:05:34.000Z</time>
        <extensions>
          <ns3:TrackPointExtension>
            <ns3:hr>120</ns3:hr>
            <ns3:cad>0</ns3:cad>
          </ns3:TrackPointExtension>
        </extensions>
      </trkpt>
      <trkpt lat="31.27868545241653919219970703125" lon="121.5021222643554210662841796875">
        <ele>6.80000019073486328125</ele>
        <time>2026-08-10T07:05:42.000Z</time>
        <extensions>
          <ns3:TrackPointExtension>
            <ns3:hr>120</ns3:hr>
            <ns3:cad>57</ns3:cad>
          </ns3:TrackPointExtension>
        </extensions>
      </trkpt>
      <trkpt lat="31.27869240939617156982421875" lon="121.50211078114807605743408203125">
        <ele>7</ele>
        <time>2026-08-10T07:05:43.000Z</time>
        <extensions>
          <ns3:TrackPointExtension>
            <ns3:hr>119</ns3:hr>
            <ns3:cad>57</ns3:cad>
          </ns3:TrackPointExtension>
        </extensions>
      </trkpt>
      <trkpt lat="31.278722919523715972900390625" lon="121.502055712044239044189453125">
        <ele>7.599999904632568359375</ele>
        <time>2026-08-10T07:05:47.000Z</time>
        <extensions>
          <ns3:TrackPointExtension>
            <ns3:hr>116</ns3:hr>
            <ns3:cad>56</ns3:cad>
          </ns3:TrackPointExtension>
        </extensions>
      </trkpt>
      <trkpt lat="31.27873188816010951995849609375" lon="121.50204339064657688140869140625">
        <ele>7.80000019073486328125</ele>
        <time>2026-08-10T07:05:48.000Z</time>
        <extensions>
          <ns3:TrackPointExtension>
            <ns3:hr>116</ns3:hr>
            <ns3:cad>56</ns3:cad>
          </ns3:TrackPointExtension>
        </extensions>
      </trkpt>
      <trkpt lat="31.27874915488064289093017578125" lon="121.5020216815173625946044921875">
        <ele>8.19999980926513671875</ele>
        <time>2026-08-10T07:05:50.000Z</time>
        <extensions>
          <ns3:TrackPointExtension>
            <ns3:hr>117</ns3:hr>
            <ns3:cad>56</ns3:cad>
          </ns3:TrackPointExtension>
        </extensions>
      </trkpt>
      <trkpt lat="31.27876122482120990753173828125" lon="121.50200667791068553924560546875">
        <ele>8.6000003814697265625</ele>
        <time>2026-08-10T07:05:52.000Z</time>
        <extensions>
          <ns3:TrackPointExtension>
            <ns3:hr>117</ns3:hr>
            <ns3:cad>56</ns3:cad>
          </ns3:TrackPointExtension>
        </extensions>
      </trkpt>
      <trkpt lat="31.27877346239984035491943359375" lon="121.50199762545526027679443359375">
        <ele>8.80000019073486328125</ele>
        <time>2026-08-10T07:05:53.000Z</time>
        <extensions>
          <ns3:TrackPointExtension>
            <ns3:hr>117</ns3:hr>
            <ns3:cad>56</ns3:cad>
          </ns3:TrackPointExtension>
        </extensions>
      </trkpt>
      <trkpt lat="31.27881847321987152099609375" lon="121.50194163434207439422607421875">
        <ele>9.80000019073486328125</ele>
        <time>2026-08-10T07:05:56.000Z</time>
        <extensions>
          <ns3:TrackPointExtension>
            <ns3:hr>114</ns3:hr>
            <ns3:cad>82</ns3:cad>
          </ns3:TrackPointExtension>
        </extensions>
      </trkpt>
      <trkpt lat="31.2788625620305538177490234375" lon="121.5018319152295589447021484375">
        <ele>9.6000003814697265625</ele>
        <time>2026-08-10T07:06:00.000Z</time>
        <extensions>
          <ns3:TrackPointExtension>
            <ns3:hr>113</ns3:hr>
            <ns3:cad>83</ns3:cad>
          </ns3:TrackPointExtension>
        </extensions>
      </trkpt>
      <trkpt lat="31.2789041362702846527099609375" lon="121.5017252974212169647216796875">
        <ele>9.6000003814697265625</ele>
        <time>2026-08-10T07:06:04.000Z</time>
        <extensions>
          <ns3:TrackPointExtension>
            <ns3:hr>110</ns3:hr>
            <ns3:cad>83</ns3:cad>
          </ns3:TrackPointExtension>
        </extensions>
      </trkpt>
      <trkpt lat="31.2789279408752918243408203125" lon="121.50164994411170482635498046875">
        <ele>10</ele>
        <time>2026-08-10T07:06:07.000Z</time>
        <extensions>
          <ns3:TrackPointExtension>
            <ns3:hr>107</ns3:hr>
            <ns3:cad>83</ns3:cad>
          </ns3:TrackPointExtension>
        </extensions>
      </trkpt>
      <trkpt lat="31.27893204800784587860107421875" lon="121.5016166679561138153076171875">
        <ele>10.19999980926513671875</ele>
        <time>2026-08-10T07:06:08.000Z</time>
        <extensions>
          <ns3:TrackPointExtension>
            <ns3:hr>107</ns3:hr>
            <ns3:cad>83</ns3:cad>
          </ns3:TrackPointExtension>
        </extensions>
      </trkpt>
      <trkpt lat="31.2789849378168582916259765625" lon="121.50146168656647205352783203125">
        <ele>9.80000019073486328125</ele>
        <time>2026-08-10T07:06:14.000Z</time>
        <extensions>
          <ns3:TrackPointExtension>
            <ns3:hr>106</ns3:hr>
            <ns3:cad>83</ns3:cad>
          </ns3:TrackPointExtension>
        </extensions>
      </trkpt>
      <trkpt lat="31.27901938743889331817626953125" lon="121.50133092887699604034423828125">
        <ele>9</ele>
        <time>2026-08-10T07:06:19.000Z</time>
        <extensions>
          <ns3:TrackPointExtension>
            <ns3:hr>109</ns3:hr>
            <ns3:cad>83</ns3:cad>
          </ns3:TrackPointExtension>
        </extensions>
      </trkpt>
      <trkpt lat="31.2790726125240325927734375" lon="121.50125079788267612457275390625">
        <ele>9.6000003814697265625</ele>
        <time>2026-08-10T07:06:23.000Z</time>
        <extensions>
          <ns3:TrackPointExtension>
            <ns3:hr>110</ns3:hr>
            <ns3:cad>85</ns3:cad>
          </ns3:TrackPointExtension>
        </extensions>
      </trkpt>
      <trkpt lat="31.2791210599243640899658203125" lon="121.50115926750004291534423828125">
        <ele>10.80000019073486328125</ele>
        <time>2026-08-10T07:06:27.000Z</time>
        <extensions>
          <ns3:TrackPointExtension>
            <ns3:hr>113</ns3:hr>
            <ns3:cad>84</ns3:cad>
          </ns3:TrackPointExtension>
        </extensions>
      </trkpt>
      <trkpt lat="31.27917520701885223388671875" lon="121.50109355337917804718017578125">
        <ele>13</ele>
        <time>2026-08-10T07:06:30.000Z</time>
        <extensions>
          <ns3:TrackPointExtension>
            <ns3:hr>116</ns3:hr>
            <ns3:cad>84</ns3:cad>
          </ns3:TrackPointExtension>
        </extensions>
      </trkpt>
      <trkpt lat="31.27923496998846530914306640625" lon="121.5009342133998870849609375">
        <ele>15.6000003814697265625</ele>
        <time>2026-08-10T07:06:36.000Z</time>
        <extensions>
          <ns3:TrackPointExtension>
            <ns3:hr>119</ns3:hr>
            <ns3:cad>82</ns3:cad>
          </ns3:TrackPointExtension>
        </extensions>
      </trkpt>
      <trkpt lat="31.2792803160846233367919921875" lon="121.5008349716663360595703125">
        <ele>14.3999996185302734375</ele>
        <time>2026-08-10T07:06:40.000Z</time>
        <extensions>
          <ns3:TrackPointExtension>
            <ns3:hr>122</ns3:hr>
            <ns3:cad>83</ns3:cad>
          </ns3:TrackPointExtension>
        </extensions>
      </trkpt>
      <trkpt lat="31.2792960740625858306884765625" lon="121.500786356627941131591796875">
        <ele>14</ele>
        <time>2026-08-10T07:06:42.000Z</time>
        <extensions>
          <ns3:TrackPointExtension>
            <ns3:hr>125</ns3:hr>
            <ns3:cad>83</ns3:cad>
          </ns3:TrackPointExtension>
        </extensions>
      </trkpt>
      <trkpt lat="31.27930504269897937774658203125" lon="121.5007345564663410186767578125">
        <ele>13.6000003814697265625</ele>
        <time>2026-08-10T07:06:44.000Z</time>
        <extensions>
          <ns3:TrackPointExtension>
            <ns3:hr>126</ns3:hr>
            <ns3:cad>83</ns3:cad>
          </ns3:TrackPointExtension>
        </extensions>
      </trkpt>
      <trkpt lat="31.27933169715106487274169921875" lon="121.5006742067635059356689453125">
        <ele>13.80000019073486328125</ele>
        <time>2026-08-10T07:06:49.000Z</time>
        <extensions>
          <ns3:TrackPointExtension>
            <ns3:hr>126</ns3:hr>
            <ns3:cad>82</ns3:cad>
          </ns3:TrackPointExtension>
        </extensions>
      </trkpt>
      <trkpt lat="31.27936656586825847625732421875" lon="121.50061301887035369873046875">
        <ele>13.80000019073486328125</ele>
        <time>2026-08-10T07:06:55.000Z</time>
        <extensions>
          <ns3:TrackPointExtension>
            <ns3:hr>123</ns3:hr>
            <ns3:cad>0</ns3:cad>
          </ns3:TrackPointExtension>
        </extensions>
      </trkpt>
      <trkpt lat="31.27938299439847469329833984375" lon="121.5005612187087535858154296875">
        <ele>14</ele>
        <time>2026-08-10T07:07:00.000Z</time>
        <extensions>
          <ns3:TrackPointExtension>
            <ns3:hr>123</ns3:hr>
            <ns3:cad>54</ns3:cad>
          </ns3:TrackPointExtension>
        </extensions>
      </trkpt>
      <trkpt lat="31.2793869338929653167724609375" lon="121.50055023841559886932373046875">
        <ele>14</ele>
        <time>2026-08-10T07:07:01.000Z</time>
        <extensions>
          <ns3:TrackPointExtension>
            <ns3:hr>122</ns3:hr>
            <ns3:cad>54</ns3:cad>
          </ns3:TrackPointExtension>
        </extensions>
      </trkpt>
      <trkpt lat="31.2794067151844501495361328125" lon="121.50051939301192760467529296875">
        <ele>13.6000003814697265625</ele>
        <time>2026-08-10T07:07:04.000Z</time>
        <extensions>
          <ns3:TrackPointExtension>
            <ns3:hr>118</ns3:hr>
            <ns3:cad>55</ns3:cad>
          </ns3:TrackPointExtension>
        </extensions>
      </trkpt>
      <trkpt lat="31.27940579317510128021240234375" lon="121.5004512481391429901123046875">
        <ele>13.3999996185302734375</ele>
        <time>2026-08-10T07:07:07.000Z</time>
        <extensions>
          <ns3:TrackPointExtension>
            <ns3:hr>115</ns3:hr>
            <ns3:cad>57</ns3:cad>
          </ns3:TrackPointExtension>
        </extensions>
      </trkpt>
      <trkpt lat="31.2794513069093227386474609375" lon="121.50033063255250453948974609375">
        <ele>13</ele>
        <time>2026-08-10T07:07:12.000Z</time>
        <extensions>
          <ns3:TrackPointExtension>
            <ns3:hr>114</ns3:hr>
            <ns3:cad>83</ns3:cad>
          </ns3:TrackPointExtension>
        </extensions>
      </trkpt>
      <trkpt lat="31.27952666021883487701416015625" lon="121.50014220736920833587646484375">
        <ele>16</ele>
        <time>2026-08-10T07:07:19.000Z</time>
        <extensions>
          <ns3:TrackPointExtension>
            <ns3:hr>112</ns3:hr>
            <ns3:cad>85</ns3:cad>
          </ns3:TrackPointExtension>
        </extensions>
      </trkpt>
      <trkpt lat="31.27956856973469257354736328125" lon="121.50000558234751224517822265625">
        <ele>16.6000003814697265625</ele>
        <time>2026-08-10T07:07:26.000Z</time>
        <extensions>
          <ns3:TrackPointExtension>
            <ns3:hr>111</ns3:hr>
            <ns3:cad>84</ns3:cad>
          </ns3:TrackPointExtension>
        </extensions>
      </trkpt>
      <trkpt lat="31.27957745455205440521240234375" lon="121.49993182159960269927978515625">
        <ele>15.6000003814697265625</ele>
        <time>2026-08-10T07:07:31.000Z</time>
        <extensions>
          <ns3:TrackPointExtension>
            <ns3:hr>112</ns3:hr>
            <ns3:cad>55</ns3:cad>
          </ns3:TrackPointExtension>
        </extensions>
      </trkpt>
      <trkpt lat="31.27959354780614376068115234375" lon="121.49991388432681560516357421875">
        <ele>15.3999996185302734375</ele>
        <time>2026-08-10T07:07:33.000Z</time>
        <extensions>
          <ns3:TrackPointExtension>
            <ns3:hr>111</ns3:hr>
            <ns3:cad>0</ns3:cad>
          </ns3:TrackPointExtension>
        </extensions>
      </trkpt>
      <trkpt lat="31.27960528247058391571044921875" lon="121.49990650825202465057373046875">
        <ele>15.19999980926513671875</ele>
        <time>2026-08-10T07:07:38.000Z</time>
        <extensions>
          <ns3:TrackPointExtension>
            <ns3:hr>112</ns3:hr>
            <ns3:cad>0</ns3:cad>
          </ns3:TrackPointExtension>
        </extensions>
      </trkpt>
      <trkpt lat="31.27960343845188617706298828125" lon="121.49990265257656574249267578125">
        <ele>15.19999980926513671875</ele>
        <time>2026-08-10T07:08:02.000Z</time>
        <extensions>
          <ns3:TrackPointExtension>
            <ns3:hr>113</ns3:hr>
            <ns3:cad>0</ns3:cad>
          </ns3:TrackPointExtension>
        </extensions>
      </trkpt>
      <trkpt lat="31.279634535312652587890625" lon="121.49985772557556629180908203125">
        <ele>14.6000003814697265625</ele>
        <time>2026-08-10T07:08:16.000Z</time>
        <extensions>
          <ns3:TrackPointExtension>
            <ns3:hr>110</ns3:hr>
            <ns3:cad>57</ns3:cad>
          </ns3:TrackPointExtension>
        </extensions>
      </trkpt>
      <trkpt lat="31.27964057028293609619140625" lon="121.49985152296721935272216796875">
        <ele>14.6000003814697265625</ele>
        <time>2026-08-10T07:08:17.000Z</time>
        <extensions>
          <ns3:TrackPointExtension>
            <ns3:hr>110</ns3:hr>
            <ns3:cad>58</ns3:cad>
          </ns3:TrackPointExtension>
        </extensions>
      </trkpt>
      <trkpt lat="31.27967233769595623016357421875" lon="121.499798297882080078125">
        <ele>14</ele>
        <time>2026-08-10T07:08:21.000Z</time>
        <extensions>
          <ns3:TrackPointExtension>
            <ns3:hr>109</ns3:hr>
            <ns3:cad>54</ns3:cad>
          </ns3:TrackPointExtension>
        </extensions>
      </trkpt>
      <trkpt lat="31.27969496883451938629150390625" lon="121.49979150854051113128662109375">
        <ele>13.80000019073486328125</ele>
        <time>2026-08-10T07:08:24.000Z</time>
        <extensions>
          <ns3:TrackPointExtension>
            <ns3:hr>110</ns3:hr>
            <ns3:cad>54</ns3:cad>
          </ns3:TrackPointExtension>
        </extensions>
      </trkpt>
      <trkpt lat="31.279720030725002288818359375" lon="121.499781869351863861083984375">
        <ele>13.80000019073486328125</ele>
        <time>2026-08-10T07:08:28.000Z</time>
        <extensions>
          <ns3:TrackPointExtension>
            <ns3:hr>110</ns3:hr>
            <ns3:cad>57</ns3:cad>
          </ns3:TrackPointExtension>
        </extensions>
      </trkpt>
      <trkpt lat="31.27972279675304889678955078125" lon="121.49977616965770721435546875">
        <ele>13.80000019073486328125</ele>
        <time>2026-08-10T07:08:30.000Z</time>
        <extensions>
          <ns3:TrackPointExtension>
            <ns3:hr>110</ns3:hr>
            <ns3:cad>57</ns3:cad>
          </ns3:TrackPointExtension>
        </extensions>
      </trkpt>
      <trkpt lat="31.279795803129673004150390625" lon="121.49978446774184703826904296875">
        <ele>14.80000019073486328125</ele>
        <time>2026-08-10T07:08:35.000Z</time>
        <extensions>
          <ns3:TrackPointExtension>
            <ns3:hr>109</ns3:hr>
            <ns3:cad>0</ns3:cad>
          </ns3:TrackPointExtension>
        </extensions>
      </trkpt>
      <trkpt lat="31.2799186818301677703857421875" lon="121.49984062649309635162353515625">
        <ele>16.6000003814697265625</ele>
        <time>2026-08-10T07:08:41.000Z</time>
        <extensions>
          <ns3:TrackPointExtension>
            <ns3:hr>109</ns3:hr>
            <ns3:cad>84</ns3:cad>
          </ns3:TrackPointExtension>
        </extensions>
      </trkpt>
      <trkpt lat="31.27997257746756076812744140625" lon="121.49985806085169315338134765625">
        <ele>16.6000003814697265625</ele>
        <time>2026-08-10T07:08:43.000Z</time>
        <extensions>
          <ns3:TrackPointExtension>
            <ns3:hr>113</ns3:hr>
            <ns3:cad>84</ns3:cad>
          </ns3:TrackPointExtension>
        </extensions>
      </trkpt>
      <trkpt lat="31.2800350226461887359619140625" lon="121.49986803531646728515625">
        <ele>15.80000019073486328125</ele>
        <time>2026-08-10T07:08:46.000Z</time>
        <extensions>
          <ns3:TrackPointExtension>
            <ns3:hr>116</ns3:hr>
            <ns3:cad>83</ns3:cad>
          </ns3:TrackPointExtension>
        </extensions>
      </trkpt>
      <trkpt lat="31.28004424273967742919921875" lon="121.49985621683299541473388671875">
        <ele>15.6000003814697265625</ele>
        <time>2026-08-10T07:08:47.000Z</time>
        <extensions>
          <ns3:TrackPointExtension>
            <ns3:hr>116</ns3:hr>
            <ns3:cad>82</ns3:cad>
          </ns3:TrackPointExtension>
        </extensions>
      </trkpt>
      <trkpt lat="31.2801399640738964080810546875" lon="121.49985822848975658416748046875">
        <ele>15</ele>
        <time>2026-08-10T07:08:51.000Z</time>
        <extensions>
          <ns3:TrackPointExtension>
            <ns3:hr>122</ns3:hr>
            <ns3:cad>84</ns3:cad>
          </ns3:TrackPointExtension>
        </extensions>
      </trkpt>
      <trkpt lat="31.2802532874047756195068359375" lon="121.4999030716717243194580078125">
        <ele>13.80000019073486328125</ele>
        <time>2026-08-10T07:08:55.000Z</time>
        <extensions>
          <ns3:TrackPointExtension>
            <ns3:hr>120</ns3:hr>
            <ns3:cad>84</ns3:cad>
          </ns3:TrackPointExtension>
        </extensions>
      </trkpt>
      <trkpt lat="31.28031958825886249542236328125" lon="121.499950177967548370361328125">
        <ele>12.6000003814697265625</ele>
        <time>2026-08-10T07:08:58.000Z</time>
        <extensions>
          <ns3:TrackPointExtension>
            <ns3:hr>117</ns3:hr>
            <ns3:cad>84</ns3:cad>
          </ns3:TrackPointExtension>
        </extensions>
      </trkpt>
      <trkpt lat="31.2803521938621997833251953125" lon="121.49995998479425907135009765625">
        <ele>12.19999980926513671875</ele>
        <time>2026-08-10T07:09:00.000Z</time>
        <extensions>
          <ns3:TrackPointExtension>
            <ns3:hr>113</ns3:hr>
            <ns3:cad>84</ns3:cad>
          </ns3:TrackPointExtension>
        </extensions>
      </trkpt>
      <trkpt lat="31.2803595699369907379150390625" lon="121.4999647624790668487548828125">
        <ele>12</ele>
        <time>2026-08-10T07:09:01.000Z</time>
        <extensions>
          <ns3:TrackPointExtension>
            <ns3:hr>112</ns3:hr>
            <ns3:cad>84</ns3:cad>
          </ns3:TrackPointExtension>
        </extensions>
      </trkpt>
      <trkpt lat="31.28043442033231258392333984375" lon="121.49999133311212062835693359375">
        <ele>11</ele>
        <time>2026-08-10T07:09:08.000Z</time>
        <extensions>
          <ns3:TrackPointExtension>
            <ns3:hr>111</ns3:hr>
            <ns3:cad>55</ns3:cad>
          </ns3:TrackPointExtension>
        </extensions>
      </trkpt>
      <trkpt lat="31.28050080500543117523193359375" lon="121.5000224299728870391845703125">
        <ele>10</ele>
        <time>2026-08-10T07:09:16.000Z</time>
        <extensions>
          <ns3:TrackPointExtension>
            <ns3:hr>113</ns3:hr>
            <ns3:cad>53</ns3:cad>
          </ns3:TrackPointExtension>
        </extensions>
      </trkpt>
      <trkpt lat="31.28050633706152439117431640625" lon="121.50001354515552520751953125">
        <ele>10</ele>
        <time>2026-08-10T07:09:21.000Z</time>
        <extensions>
          <ns3:TrackPointExtension>
            <ns3:hr>113</ns3:hr>
            <ns3:cad>0</ns3:cad>
          </ns3:TrackPointExtension>
        </extensions>
      </trkpt>
      <trkpt lat="31.28050633706152439117431640625" lon="121.4999718032777309417724609375">
        <ele>11.19999980926513671875</ele>
        <time>2026-08-10T07:09:31.000Z</time>
        <extensions>
          <ns3:TrackPointExtension>
            <ns3:hr>113</ns3:hr>
            <ns3:cad>0</ns3:cad>
          </ns3:TrackPointExtension>
        </extensions>
      </trkpt>
      <trkpt lat="31.28050197847187519073486328125" lon="121.49994724430143833160400390625">
        <ele>11.80000019073486328125</ele>
        <time>2026-08-10T07:09:40.000Z</time>
        <extensions>
          <ns3:TrackPointExtension>
            <ns3:hr>109</ns3:hr>
            <ns3:cad>0</ns3:cad>
          </ns3:TrackPointExtension>
        </extensions>
      </trkpt>
      <trkpt lat="31.28050382249057292938232421875" lon="121.49994171224534511566162109375">
        <ele>12</ele>
        <time>2026-08-10T07:09:42.000Z</time>
        <extensions>
          <ns3:TrackPointExtension>
            <ns3:hr>108</ns3:hr>
            <ns3:cad>0</ns3:cad>
          </ns3:TrackPointExtension>
        </extensions>
      </trkpt>
      <trkpt lat="31.28054573200643062591552734375" lon="121.499942801892757415771484375">
        <ele>12.6000003814697265625</ele>
        <time>2026-08-10T07:09:48.000Z</time>
        <extensions>
          <ns3:TrackPointExtension>
            <ns3:hr>112</ns3:hr>
            <ns3:cad>56</ns3:cad>
          </ns3:TrackPointExtension>
        </extensions>
      </trkpt>
      <trkpt lat="31.28062150441110134124755859375" lon="121.499935090541839599609375">
        <ele>14</ele>
        <time>2026-08-10T07:09:54.000Z</time>
        <extensions>
          <ns3:TrackPointExtension>
            <ns3:hr>109</ns3:hr>
            <ns3:cad>55</ns3:cad>
          </ns3:TrackPointExtension>
        </extensions>
      </trkpt>
      <trkpt lat="31.28064832650125026702880859375" lon="121.49992377497255802154541015625">
        <ele>14.6000003814697265625</ele>
        <time>2026-08-10T07:09:58.000Z</time>
        <extensions>
          <ns3:TrackPointExtension>
            <ns3:hr>106</ns3:hr>
            <ns3:cad>55</ns3:cad>
          </ns3:TrackPointExtension>
        </extensions>
      </trkpt>
      <trkpt lat="31.2806626595556735992431640625" lon="121.49993039667606353759765625">
        <ele>14.6000003814697265625</ele>
        <time>2026-08-10T07:10:00.000Z</time>
        <extensions>
          <ns3:TrackPointExtension>
            <ns3:hr>107</ns3:hr>
            <ns3:cad>57</ns3:cad>
          </ns3:TrackPointExtension>
        </extensions>
      </trkpt>
      <trkpt lat="31.28067783080041408538818359375" lon="121.49993986822664737701416015625">
        <ele>14.6000003814697265625</ele>
        <time>2026-08-10T07:10:02.000Z</time>
        <extensions>
          <ns3:TrackPointExtension>
            <ns3:hr>106</ns3:hr>
            <ns3:cad>57</ns3:cad>
          </ns3:TrackPointExtension>
        </extensions>
      </trkpt>
      <trkpt lat="31.28070549108088016510009765625" lon="121.49995445273816585540771484375">
        <ele>14.6000003814697265625</ele>
        <time>2026-08-10T07:10:06.000Z</time>
        <extensions>
          <ns3:TrackPointExtension>
            <ns3:hr>104</ns3:hr>
            <ns3:cad>57</ns3:cad>
          </ns3:TrackPointExtension>
        </extensions>
      </trkpt>
      <trkpt lat="31.2807199917733669281005859375" lon="121.49994104169309139251708984375">
        <ele>15</ele>
        <time>2026-08-10T07:10:08.000Z</time>
        <extensions>
          <ns3:TrackPointExtension>
            <ns3:hr>104</ns3:hr>
            <ns3:cad>57</ns3:cad>
          </ns3:TrackPointExtension>
        </extensions>
      </trkpt>
      <trkpt lat="31.2807612307369709014892578125" lon="121.499911285936832427978515625">
        <ele>15.3999996185302734375</ele>
        <time>2026-08-10T07:10:12.000Z</time>
        <extensions>
          <ns3:TrackPointExtension>
            <ns3:hr>103</ns3:hr>
            <ns3:cad>57</ns3:cad>
          </ns3:TrackPointExtension>
        </extensions>
      </trkpt>
      <trkpt lat="31.280782856047153472900390625" lon="121.49991028010845184326171875">
        <ele>15.3999996185302734375</ele>
        <time>2026-08-10T07:10:14.000Z</time>
        <extensions>
          <ns3:TrackPointExtension>
            <ns3:hr>102</ns3:hr>
            <ns3:cad>57</ns3:cad>
          </ns3:TrackPointExtension>
        </extensions>
      </trkpt>
      <trkpt lat="31.2808172218501567840576171875" lon="121.499881781637668609619140625">
        <ele>15.3999996185302734375</ele>
        <time>2026-08-10T07:10:18.000Z</time>
        <extensions>
          <ns3:TrackPointExtension>
            <ns3:hr>102</ns3:hr>
            <ns3:cad>57</ns3:cad>
          </ns3:TrackPointExtension>
        </extensions>
      </trkpt>
      <trkpt lat="31.28083624877035617828369140625" lon="121.4998705498874187469482421875">
        <ele>15.3999996185302734375</ele>
        <time>2026-08-10T07:10:20.000Z</time>
        <extensions>
          <ns3:TrackPointExtension>
            <ns3:hr>100</ns3:hr>
            <ns3:cad>57</ns3:cad>
          </ns3:TrackPointExtension>
        </extensions>
      </trkpt>
      <trkpt lat="31.28085988573729991912841796875" lon="121.49984783492982387542724609375">
        <ele>15.3999996185302734375</ele>
        <time>2026-08-10T07:10:23.000Z</time>
        <extensions>
          <ns3:TrackPointExtension>
            <ns3:hr>101</ns3:hr>
            <ns3:cad>57</ns3:cad>
          </ns3:TrackPointExtension>
        </extensions>
      </trkpt>
      <trkpt lat="31.280888803303241729736328125" lon="121.49982755072414875030517578125">
        <ele>15.19999980926513671875</ele>
        <time>2026-08-10T07:10:26.000Z</time>
        <extensions>
          <ns3:TrackPointExtension>
            <ns3:hr>104</ns3:hr>
            <ns3:cad>57</ns3:cad>
          </ns3:TrackPointExtension>
        </extensions>
      </trkpt>
      <trkpt lat="31.28090581856667995452880859375" lon="121.49979754351079463958740234375">
        <ele>14.80000019073486328125</ele>
        <time>2026-08-10T07:10:28.000Z</time>
        <extensions>
          <ns3:TrackPointExtension>
            <ns3:hr>101</ns3:hr>
            <ns3:cad>57</ns3:cad>
          </ns3:TrackPointExtension>
        </extensions>
      </trkpt>
      <trkpt lat="31.2809275276958942413330078125" lon="121.49974641390144824981689453125">
        <ele>14.19999980926513671875</ele>
        <time>2026-08-10T07:10:31.000Z</time>
        <extensions>
          <ns3:TrackPointExtension>
            <ns3:hr>101</ns3:hr>
            <ns3:cad>57</ns3:cad>
          </ns3:TrackPointExtension>
        </extensions>
      </trkpt>
      <trkpt lat="31.28097555600106716156005859375" lon="121.4996499381959438323974609375">
        <ele>12.3999996185302734375</ele>
        <time>2026-08-10T07:10:36.000Z</time>
        <extensions>
          <ns3:TrackPointExtension>
            <ns3:hr>101</ns3:hr>
            <ns3:cad>57</ns3:cad>
          </ns3:TrackPointExtension>
        </extensions>
      </trkpt>
      <trkpt lat="31.28099215216934680938720703125" lon="121.49963895790278911590576171875">
        <ele>11.80000019073486328125</ele>
        <time>2026-08-10T07:10:37.000Z</time>
        <extensions>
          <ns3:TrackPointExtension>
            <ns3:hr>100</ns3:hr>
            <ns3:cad>58</ns3:cad>
          </ns3:TrackPointExtension>
        </extensions>
      </trkpt>
      <trkpt lat="31.28112173639237880706787109375" lon="121.49961532093584537506103515625">
        <ele>8.80000019073486328125</ele>
        <time>2026-08-10T07:10:44.000Z</time>
        <extensions>
          <ns3:TrackPointExtension>
            <ns3:hr>99</ns3:hr>
            <ns3:cad>80</ns3:cad>
          </ns3:TrackPointExtension>
        </extensions>
      </trkpt>
      <trkpt lat="31.281133554875850677490234375" lon="121.4996016584336757659912109375">
        <ele>8.3999996185302734375</ele>
        <time>2026-08-10T07:10:45.000Z</time>
        <extensions>
          <ns3:TrackPointExtension>
            <ns3:hr>100</ns3:hr>
            <ns3:cad>80</ns3:cad>
          </ns3:TrackPointExtension>
        </extensions>
      </trkpt>
      <trkpt lat="31.28114604391157627105712890625" lon="121.4995785243809223175048828125">
        <ele>8</ele>
        <time>2026-08-10T07:10:46.000Z</time>
        <extensions>
          <ns3:TrackPointExtension>
            <ns3:hr>105</ns3:hr>
            <ns3:cad>81</ns3:cad>
          </ns3:TrackPointExtension>
        </extensions>
      </trkpt>
      <trkpt lat="31.28115308471024036407470703125" lon="121.49955446831881999969482421875">
        <ele>7.599999904632568359375</ele>
        <time>2026-08-10T07:10:47.000Z</time>
        <extensions>
          <ns3:TrackPointExtension>
            <ns3:hr>105</ns3:hr>
            <ns3:cad>81</ns3:cad>
          </ns3:TrackPointExtension>
        </extensions>
      </trkpt>
      <trkpt lat="31.28116196952760219573974609375" lon="121.4995287358760833740234375">
        <ele>7.80000019073486328125</ele>
        <time>2026-08-10T07:10:48.000Z</time>
        <extensions>
          <ns3:TrackPointExtension>
            <ns3:hr>109</ns3:hr>
            <ns3:cad>82</ns3:cad>
          </ns3:TrackPointExtension>
        </extensions>
      </trkpt>
      <trkpt lat="31.281163059175014495849609375" lon="121.499484479427337646484375">
        <ele>7.80000019073486328125</ele>
        <time>2026-08-10T07:10:50.000Z</time>
        <extensions>
          <ns3:TrackPointExtension>
            <ns3:hr>110</ns3:hr>
            <ns3:cad>82</ns3:cad>
          </ns3:TrackPointExtension>
        </extensions>
      </trkpt>
      <trkpt lat="31.2811722792685031890869140625" lon="121.49946964345872402191162109375">
        <ele>8</ele>
        <time>2026-08-10T07:10:51.000Z</time>
        <extensions>
          <ns3:TrackPointExtension>
            <ns3:hr>113</ns3:hr>
            <ns3:cad>83</ns3:cad>
          </ns3:TrackPointExtension>
        </extensions>
      </trkpt>
      <trkpt lat="31.28118175081908702850341796875" lon="121.4994544722139835357666015625">
        <ele>8</ele>
        <time>2026-08-10T07:10:52.000Z</time>
        <extensions>
          <ns3:TrackPointExtension>
            <ns3:hr>116</ns3:hr>
            <ns3:cad>83</ns3:cad>
          </ns3:TrackPointExtension>
        </extensions>
      </trkpt>
      <trkpt lat="31.28119097091257572174072265625" lon="121.49943594820797443389892578125">
        <ele>8</ele>
        <time>2026-08-10T07:10:53.000Z</time>
        <extensions>
          <ns3:TrackPointExtension>
            <ns3:hr>116</ns3:hr>
            <ns3:cad>82</ns3:cad>
          </ns3:TrackPointExtension>
        </extensions>
      </trkpt>
      <trkpt lat="31.2811974249780178070068359375" lon="121.49941273033618927001953125">
        <ele>7.80000019073486328125</ele>
        <time>2026-08-10T07:10:54.000Z</time>
        <extensions>
          <ns3:TrackPointExtension>
            <ns3:hr>113</ns3:hr>
            <ns3:cad>82</ns3:cad>
          </ns3:TrackPointExtension>
        </extensions>
      </trkpt>
      <trkpt lat="31.28120522014796733856201171875" lon="121.499291360378265380859375">
        <ele>7.599999904632568359375</ele>
        <time>2026-08-10T07:10:58.000Z</time>
        <extensions>
          <ns3:TrackPointExtension>
            <ns3:hr>110</ns3:hr>
            <ns3:cad>82</ns3:cad>
          </ns3:TrackPointExtension>
        </extensions>
      </trkpt>
      <trkpt lat="31.28121729008853435516357421875" lon="121.49921684525907039642333984375">
        <ele>7.599999904632568359375</ele>
        <time>2026-08-10T07:11:00.000Z</time>
        <extensions>
          <ns3:TrackPointExtension>
            <ns3:hr>109</ns3:hr>
            <ns3:cad>83</ns3:cad>
          </ns3:TrackPointExtension>
        </extensions>
      </trkpt>
      <trkpt lat="31.28125282935798168182373046875" lon="121.4990404061973094940185546875">
        <ele>8.19999980926513671875</ele>
        <time>2026-08-10T07:11:06.000Z</time>
        <extensions>
          <ns3:TrackPointExtension>
            <ns3:hr>111</ns3:hr>
            <ns3:cad>83</ns3:cad>
          </ns3:TrackPointExtension>
        </extensions>
      </trkpt>
      <trkpt lat="31.28135542385280132293701171875" lon="121.49894627742469310760498046875">
        <ele>8.80000019073486328125</ele>
        <time>2026-08-10T07:11:13.000Z</time>
        <extensions>
          <ns3:TrackPointExtension>
            <ns3:hr>112</ns3:hr>
            <ns3:cad>82</ns3:cad>
          </ns3:TrackPointExtension>
        </extensions>
      </trkpt>
      <trkpt lat="31.2814247421920299530029296875" lon="121.4987926371395587921142578125">
        <ele>7.599999904632568359375</ele>
        <time>2026-08-10T07:11:20.000Z</time>
        <extensions>
          <ns3:TrackPointExtension>
            <ns3:hr>114</ns3:hr>
            <ns3:cad>83</ns3:cad>
          </ns3:TrackPointExtension>
        </extensions>
      </trkpt>
      <trkpt lat="31.28144661895930767059326171875" lon="121.498637907207012176513671875">
        <ele>7.599999904632568359375</ele>
        <time>2026-08-10T07:11:26.000Z</time>
        <extensions>
          <ns3:TrackPointExtension>
            <ns3:hr>115</ns3:hr>
            <ns3:cad>82</ns3:cad>
          </ns3:TrackPointExtension>
        </extensions>
      </trkpt>
      <trkpt lat="31.28148148767650127410888671875" lon="121.4985042996704578399658203125">
        <ele>7.400000095367431640625</ele>
        <time>2026-08-10T07:11:31.000Z</time>
        <extensions>
          <ns3:TrackPointExtension>
            <ns3:hr>117</ns3:hr>
            <ns3:cad>82</ns3:cad>
          </ns3:TrackPointExtension>
        </extensions>
      </trkpt>
      <trkpt lat="31.28150914795696735382080078125" lon="121.4984744600951671600341796875">
        <ele>7.400000095367431640625</ele>
        <time>2026-08-10T07:11:33.000Z</time>
        <extensions>
          <ns3:TrackPointExtension>
            <ns3:hr>118</ns3:hr>
            <ns3:cad>81</ns3:cad>
          </ns3:TrackPointExtension>
        </extensions>
      </trkpt>
      <trkpt lat="31.28151811659336090087890625" lon="121.49845652282238006591796875">
        <ele>7.400000095367431640625</ele>
        <time>2026-08-10T07:11:34.000Z</time>
        <extensions>
          <ns3:TrackPointExtension>
            <ns3:hr>119</ns3:hr>
            <ns3:cad>81</ns3:cad>
          </ns3:TrackPointExtension>
        </extensions>
      </trkpt>
      <trkpt lat="31.28155700862407684326171875" lon="121.49837446399033069610595703125">
        <ele>7.19999980926513671875</ele>
        <time>2026-08-10T07:11:38.000Z</time>
        <extensions>
          <ns3:TrackPointExtension>
            <ns3:hr>121</ns3:hr>
            <ns3:cad>82</ns3:cad>
          </ns3:TrackPointExtension>
        </extensions>
      </trkpt>
      <trkpt lat="31.281612999737262725830078125" lon="121.49819693528115749359130859375">
        <ele>7.400000095367431640625</ele>
        <time>2026-08-10T07:11:45.000Z</time>
        <extensions>
          <ns3:TrackPointExtension>
            <ns3:hr>122</ns3:hr>
            <ns3:cad>83</ns3:cad>
          </ns3:TrackPointExtension>
        </extensions>
      </trkpt>
      <trkpt lat="31.28162800334393978118896484375" lon="121.4981353282928466796875">
        <ele>7.599999904632568359375</ele>
        <time>2026-08-10T07:11:47.000Z</time>
        <extensions>
          <ns3:TrackPointExtension>
            <ns3:hr>123</ns3:hr>
            <ns3:cad>83</ns3:cad>
          </ns3:TrackPointExtension>
        </extensions>
      </trkpt>
      <trkpt lat="31.2816557474434375762939453125" lon="121.4980439655482769012451171875">
        <ele>7.400000095367431640625</ele>
        <time>2026-08-10T07:11:50.000Z</time>
        <extensions>
          <ns3:TrackPointExtension>
            <ns3:hr>123</ns3:hr>
            <ns3:cad>82</ns3:cad>
          </ns3:TrackPointExtension>
        </extensions>
      </trkpt>
      <trkpt lat="31.28170494921505451202392578125" lon="121.49780734442174434661865234375">
        <ele>7.80000019073486328125</ele>
        <time>2026-08-10T07:11:58.000Z</time>
        <extensions>
          <ns3:TrackPointExtension>
            <ns3:hr>124</ns3:hr>
            <ns3:cad>82</ns3:cad>
          </ns3:TrackPointExtension>
        </extensions>
      </trkpt>
      <trkpt lat="31.2817234732210636138916015625" lon="121.49775470606982707977294921875">
        <ele>8</ele>
        <time>2026-08-10T07:12:00.000Z</time>
        <extensions>
          <ns3:TrackPointExtension>
            <ns3:hr>125</ns3:hr>
            <ns3:cad>82</ns3:cad>
          </ns3:TrackPointExtension>
        </extensions>
      </trkpt>
      <trkpt lat="31.2817710824310779571533203125" lon="121.497577764093875885009765625">
        <ele>8</ele>
        <time>2026-08-10T07:12:07.000Z</time>
        <extensions>
          <ns3:TrackPointExtension>
            <ns3:hr>125</ns3:hr>
            <ns3:cad>82</ns3:cad>
          </ns3:TrackPointExtension>
        </extensions>
      </trkpt>
      <trkpt lat="31.28182464279234409332275390625" lon="121.49746787734329700469970703125">
        <ele>7.599999904632568359375</ele>
        <time>2026-08-10T07:12:12.000Z</time>
        <extensions>
          <ns3:TrackPointExtension>
            <ns3:hr>128</ns3:hr>
            <ns3:cad>82</ns3:cad>
          </ns3:TrackPointExtension>
        </extensions>
      </trkpt>
      <trkpt lat="31.28183922730386257171630859375" lon="121.4974102936685085296630859375">
        <ele>7.400000095367431640625</ele>
        <time>2026-08-10T07:12:14.000Z</time>
        <extensions>
          <ns3:TrackPointExtension>
            <ns3:hr>128</ns3:hr>
            <ns3:cad>82</ns3:cad>
          </ns3:TrackPointExtension>
        </extensions>
      </trkpt>
      <trkpt lat="31.2819707393646240234375" lon="121.4972574077546596527099609375">
        <ele>6.80000019073486328125</ele>
        <time>2026-08-10T07:12:22.000Z</time>
        <extensions>
          <ns3:TrackPointExtension>
            <ns3:hr>127</ns3:hr>
            <ns3:cad>83</ns3:cad>
          </ns3:TrackPointExtension>
        </extensions>
      </trkpt>
      <trkpt lat="31.28202932886779308319091796875" lon="121.49712078273296356201171875">
        <ele>5.80000019073486328125</ele>
        <time>2026-08-10T07:12:28.000Z</time>
        <extensions>
          <ns3:TrackPointExtension>
            <ns3:hr>128</ns3:hr>
            <ns3:cad>82</ns3:cad>
          </ns3:TrackPointExtension>
        </extensions>
      </trkpt>
      <trkpt lat="31.2820584140717983245849609375" lon="121.4969935454428195953369140625">
        <ele>6</ele>
        <time>2026-08-10T07:12:33.000Z</time>
        <extensions>
          <ns3:TrackPointExtension>
            <ns3:hr>128</ns3:hr>
            <ns3:cad>82</ns3:cad>
          </ns3:TrackPointExtension>
        </extensions>
      </trkpt>
      <trkpt lat="31.28206972964107990264892578125" lon="121.49697653017938137054443359375">
        <ele>6.19999980926513671875</ele>
        <time>2026-08-10T07:12:34.000Z</time>
        <extensions>
          <ns3:TrackPointExtension>
            <ns3:hr>128</ns3:hr>
            <ns3:cad>82</ns3:cad>
          </ns3:TrackPointExtension>
        </extensions>
      </trkpt>
      <trkpt lat="31.28211599774658679962158203125" lon="121.49682867340743541717529296875">
        <ele>6.80000019073486328125</ele>
        <time>2026-08-10T07:12:39.000Z</time>
        <extensions>
          <ns3:TrackPointExtension>
            <ns3:hr>128</ns3:hr>
            <ns3:cad>83</ns3:cad>
          </ns3:TrackPointExtension>
        </extensions>
      </trkpt>
      <trkpt lat="31.2821499444544315338134765625" lon="121.49668852798640727996826171875">
        <ele>7</ele>
        <time>2026-08-10T07:12:45.000Z</time>
        <extensions>
          <ns3:TrackPointExtension>
            <ns3:hr>128</ns3:hr>
            <ns3:cad>82</ns3:cad>
          </ns3:TrackPointExtension>
        </extensions>
      </trkpt>
      <trkpt lat="31.28218003548681735992431640625" lon="121.4965005218982696533203125">
        <ele>7</ele>
        <time>2026-08-10T07:12:51.000Z</time>
        <extensions>
          <ns3:TrackPointExtension>
            <ns3:hr>127</ns3:hr>
            <ns3:cad>82</ns3:cad>
          </ns3:TrackPointExtension>
        </extensions>
      </trkpt>
      <trkpt lat="31.2821853160858154296875" lon="121.4964762143790721893310546875">
        <ele>7</ele>
        <time>2026-08-10T07:12:52.000Z</time>
        <extensions>
          <ns3:TrackPointExtension>
            <ns3:hr>127</ns3:hr>
            <ns3:cad>82</ns3:cad>
          </ns3:TrackPointExtension>
        </extensions>
      </trkpt>
      <trkpt lat="31.28221859224140644073486328125" lon="121.4964470453560352325439453125">
        <ele>7.19999980926513671875</ele>
        <time>2026-08-10T07:12:54.000Z</time>
        <extensions>
          <ns3:TrackPointExtension>
            <ns3:hr>127</ns3:hr>
            <ns3:cad>82</ns3:cad>
          </ns3:TrackPointExtension>
        </extensions>
      </trkpt>
      <trkpt lat="31.28223694860935211181640625" lon="121.49639667011797428131103515625">
        <ele>7</ele>
        <time>2026-08-10T07:12:56.000Z</time>
        <extensions>
          <ns3:TrackPointExtension>
            <ns3:hr>127</ns3:hr>
            <ns3:cad>82</ns3:cad>
          </ns3:TrackPointExtension>
        </extensions>
      </trkpt>
      <trkpt lat="31.2822619266808032989501953125" lon="121.4963571913540363311767578125">
        <ele>7.400000095367431640625</ele>
        <time>2026-08-10T07:12:58.000Z</time>
        <extensions>
          <ns3:TrackPointExtension>
            <ns3:hr>127</ns3:hr>
            <ns3:cad>82</ns3:cad>
          </ns3:TrackPointExtension>
        </extensions>
      </trkpt>
      <trkpt lat="31.2823008187115192413330078125" lon="121.4963028766214847564697265625">
        <ele>8</ele>
        <time>2026-08-10T07:13:01.000Z</time>
        <extensions>
          <ns3:TrackPointExtension>
            <ns3:hr>127</ns3:hr>
            <ns3:cad>81</ns3:cad>
          </ns3:TrackPointExtension>
        </extensions>
      </trkpt>
      <trkpt lat="31.28232252784073352813720703125" lon="121.49629659019410610198974609375">
        <ele>8</ele>
        <time>2026-08-10T07:13:02.000Z</time>
        <extensions>
          <ns3:TrackPointExtension>
            <ns3:hr>127</ns3:hr>
            <ns3:cad>82</ns3:cad>
          </ns3:TrackPointExtension>
        </extensions>
      </trkpt>
      <trkpt lat="31.28235521726310253143310546875" lon="121.4962368272244930267333984375">
        <ele>7.80000019073486328125</ele>
        <time>2026-08-10T07:13:05.000Z</time>
        <extensions>
          <ns3:TrackPointExtension>
            <ns3:hr>128</ns3:hr>
            <ns3:cad>82</ns3:cad>
          </ns3:TrackPointExtension>
        </extensions>
      </trkpt>
      <trkpt lat="31.2823695503175258636474609375" lon="121.49613549001514911651611328125">
        <ele>7.80000019073486328125</ele>
        <time>2026-08-10T07:13:09.000Z</time>
        <extensions>
          <ns3:TrackPointExtension>
            <ns3:hr>128</ns3:hr>
            <ns3:cad>81</ns3:cad>
          </ns3:TrackPointExtension>
        </extensions>
      </trkpt>
      <trkpt lat="31.2823889963328838348388671875" lon="121.49600439704954624176025390625">
        <ele>8</ele>
        <time>2026-08-10T07:13:13.000Z</time>
        <extensions>
          <ns3:TrackPointExtension>
            <ns3:hr>128</ns3:hr>
            <ns3:cad>81</ns3:cad>
          </ns3:TrackPointExtension>
        </extensions>
      </trkpt>
      <trkpt lat="31.2824535369873046875" lon="121.495832316577434539794921875">
        <ele>9</ele>
        <time>2026-08-10T07:13:21.000Z</time>
        <extensions>
          <ns3:TrackPointExtension>
            <ns3:hr>129</ns3:hr>
            <ns3:cad>82</ns3:cad>
          </ns3:TrackPointExtension>
        </extensions>
      </trkpt>
      <trkpt lat="31.28249603323638439178466796875" lon="121.49575595743954181671142578125">
        <ele>9.6000003814697265625</ele>
        <time>2026-08-10T07:13:29.000Z</time>
        <extensions>
          <ns3:TrackPointExtension>
            <ns3:hr>129</ns3:hr>
            <ns3:cad>57</ns3:cad>
          </ns3:TrackPointExtension>
        </extensions>
      </trkpt>
      <trkpt lat="31.28252386115491390228271484375" lon="121.495714969933032989501953125">
        <ele>9.80000019073486328125</ele>
        <time>2026-08-10T07:13:33.000Z</time>
        <extensions>
          <ns3:TrackPointExtension>
            <ns3:hr>126</ns3:hr>
            <ns3:cad>57</ns3:cad>
          </ns3:TrackPointExtension>
        </extensions>
      </trkpt>
      <trkpt lat="31.28255487419664859771728515625" lon="121.49569208733737468719482421875">
        <ele>10</ele>
        <time>2026-08-10T07:13:36.000Z</time>
        <extensions>
          <ns3:TrackPointExtension>
            <ns3:hr>120</ns3:hr>
            <ns3:cad>55</ns3:cad>
          </ns3:TrackPointExtension>
        </extensions>
      </trkpt>
      <trkpt lat="31.2825861386954784393310546875" lon="121.495661325752735137939453125">
        <ele>10.19999980926513671875</ele>
        <time>2026-08-10T07:13:40.000Z</time>
        <extensions>
          <ns3:TrackPointExtension>
            <ns3:hr>120</ns3:hr>
            <ns3:cad>55</ns3:cad>
          </ns3:TrackPointExtension>
        </extensions>
      </trkpt>
      <trkpt lat="31.2826347537338733673095703125" lon="121.49562670849263668060302734375">
        <ele>10.3999996185302734375</ele>
        <time>2026-08-10T07:13:45.000Z</time>
        <extensions>
          <ns3:TrackPointExtension>
            <ns3:hr>117</ns3:hr>
            <ns3:cad>55</ns3:cad>
          </ns3:TrackPointExtension>
        </extensions>
      </trkpt>
      <trkpt lat="31.2826461531221866607666015625" lon="121.49561614729464054107666015625">
        <ele>10.6000003814697265625</ele>
        <time>2026-08-10T07:13:47.000Z</time>
        <extensions>
          <ns3:TrackPointExtension>
            <ns3:hr>116</ns3:hr>
            <ns3:cad>56</ns3:cad>
          </ns3:TrackPointExtension>
        </extensions>
      </trkpt>
      <trkpt lat="31.2826479971408843994140625" lon="121.49560868740081787109375">
        <ele>10.6000003814697265625</ele>
        <time>2026-08-10T07:13:49.000Z</time>
        <extensions>
          <ns3:TrackPointExtension>
            <ns3:hr>113</ns3:hr>
            <ns3:cad>56</ns3:cad>
          </ns3:TrackPointExtension>
        </extensions>
      </trkpt>
      <trkpt lat="31.28264707513153553009033203125" lon="121.49559753946959972381591796875">
        <ele>10.6000003814697265625</ele>
        <time>2026-08-10T07:13:50.000Z</time>
        <extensions>
          <ns3:TrackPointExtension>
            <ns3:hr>112</ns3:hr>
            <ns3:cad>56</ns3:cad>
          </ns3:TrackPointExtension>
        </extensions>
      </trkpt>
      <trkpt lat="31.2826694548130035400390625" lon="121.49558521807193756103515625">
        <ele>10.80000019073486328125</ele>
        <time>2026-08-10T07:13:52.000Z</time>
        <extensions>
          <ns3:TrackPointExtension>
            <ns3:hr>111</ns3:hr>
            <ns3:cad>56</ns3:cad>
          </ns3:TrackPointExtension>
        </extensions>
      </trkpt>
      <trkpt lat="31.2826940976083278656005859375" lon="121.49555579759180545806884765625">
        <ele>11</ele>
        <time>2026-08-10T07:13:55.000Z</time>
        <extensions>
          <ns3:TrackPointExtension>
            <ns3:hr>108</ns3:hr>
            <ns3:cad>57</ns3:cad>
          </ns3:TrackPointExtension>
        </extensions>
      </trkpt>
      <trkpt lat="31.28271446563303470611572265625" lon="121.49552562274038791656494140625">
        <ele>11</ele>
        <time>2026-08-10T07:13:57.000Z</time>
        <extensions>
          <ns3:TrackPointExtension>
            <ns3:hr>105</ns3:hr>
            <ns3:cad>57</ns3:cad>
          </ns3:TrackPointExtension>
        </extensions>
      </trkpt>
      <trkpt lat="31.2827296368777751922607421875" lon="121.4954958669841289520263671875">
        <ele>10.80000019073486328125</ele>
        <time>2026-08-10T07:13:59.000Z</time>
        <extensions>
          <ns3:TrackPointExtension>
            <ns3:hr>102</ns3:hr>
            <ns3:cad>82</ns3:cad>
          </ns3:TrackPointExtension>
        </extensions>
      </trkpt>
      <trkpt lat="31.28273106180131435394287109375" lon="121.49543811567127704620361328125">
        <ele>10.6000003814697265625</ele>
        <time>2026-08-10T07:14:01.000Z</time>
        <extensions>
          <ns3:TrackPointExtension>
            <ns3:hr>101</ns3:hr>
            <ns3:cad>83</ns3:cad>
          </ns3:TrackPointExtension>
        </extensions>
      </trkpt>
      <trkpt lat="31.282769702374935150146484375" lon="121.4953570626676082611083984375">
        <ele>10.6000003814697265625</ele>
        <time>2026-08-10T07:14:06.000Z</time>
        <extensions>
          <ns3:TrackPointExtension>
            <ns3:hr>101</ns3:hr>
            <ns3:cad>84</ns3:cad>
          </ns3:TrackPointExtension>
        </extensions>
      </trkpt>
      <trkpt lat="31.2827829457819461822509765625" lon="121.49533987976610660552978515625">
        <ele>10.6000003814697265625</ele>
        <time>2026-08-10T07:14:08.000Z</time>
        <extensions>
          <ns3:TrackPointExtension>
            <ns3:hr>100</ns3:hr>
            <ns3:cad>84</ns3:cad>
          </ns3:TrackPointExtension>
        </extensions>
      </trkpt>
      <trkpt lat="31.28283374011516571044921875" lon="121.495212055742740631103515625">
        <ele>10</ele>
        <time>2026-08-10T07:14:16.000Z</time>
        <extensions>
          <ns3:TrackPointExtension>
            <ns3:hr>101</ns3:hr>
            <ns3:cad>82</ns3:cad>
          </ns3:TrackPointExtension>
        </extensions>
      </trkpt>
      <trkpt lat="31.28284187056124210357666015625" lon="121.49518313817679882049560546875">
        <ele>9.80000019073486328125</ele>
        <time>2026-08-10T07:14:17.000Z</time>
        <extensions>
          <ns3:TrackPointExtension>
            <ns3:hr>101</ns3:hr>
            <ns3:cad>82</ns3:cad>
          </ns3:TrackPointExtension>
        </extensions>
      </trkpt>
      <trkpt lat="31.28286198712885379791259765625" lon="121.494999825954437255859375">
        <ele>8.6000003814697265625</ele>
        <time>2026-08-10T07:14:22.000Z</time>
        <extensions>
          <ns3:TrackPointExtension>
            <ns3:hr>104</ns3:hr>
            <ns3:cad>82</ns3:cad>
          </ns3:TrackPointExtension>
        </extensions>
      </trkpt>
      <trkpt lat="31.28293524496257305145263671875" lon="121.494833528995513916015625">
        <ele>7.80000019073486328125</ele>
        <time>2026-08-10T07:14:28.000Z</time>
        <extensions>
          <ns3:TrackPointExtension>
            <ns3:hr>106</ns3:hr>
            <ns3:cad>83</ns3:cad>
          </ns3:TrackPointExtension>
        </extensions>
      </trkpt>
      <trkpt lat="31.282965503633022308349609375" lon="121.49469229392707347869873046875">
        <ele>6.400000095367431640625</ele>
        <time>2026-08-10T07:14:33.000Z</time>
        <extensions>
          <ns3:TrackPointExtension>
            <ns3:hr>110</ns3:hr>
            <ns3:cad>82</ns3:cad>
          </ns3:TrackPointExtension>
        </extensions>
      </trkpt>
      <trkpt lat="31.28299509175121784210205078125" lon="121.49459590204060077667236328125">
        <ele>6.80000019073486328125</ele>
        <time>2026-08-10T07:14:36.000Z</time>
        <extensions>
          <ns3:TrackPointExtension>
            <ns3:hr>113</ns3:hr>
            <ns3:cad>84</ns3:cad>
          </ns3:TrackPointExtension>
        </extensions>
      </trkpt>
      <trkpt lat="31.28301705233752727508544921875" lon="121.4944727718830108642578125">
        <ele>7.80000019073486328125</ele>
        <time>2026-08-10T07:14:40.000Z</time>
        <extensions>
          <ns3:TrackPointExtension>
            <ns3:hr>117</ns3:hr>
            <ns3:cad>84</ns3:cad>
          </ns3:TrackPointExtension>
        </extensions>
      </trkpt>
      <trkpt lat="31.28305108286440372467041015625" lon="121.4943949878215789794921875">
        <ele>8.3999996185302734375</ele>
        <time>2026-08-10T07:14:43.000Z</time>
        <extensions>
          <ns3:TrackPointExtension>
            <ns3:hr>120</ns3:hr>
            <ns3:cad>84</ns3:cad>
          </ns3:TrackPointExtension>
        </extensions>
      </trkpt>
      <trkpt lat="31.28307840786874294281005859375" lon="121.49432516656816005706787109375">
        <ele>9.6000003814697265625</ele>
        <time>2026-08-10T07:14:46.000Z</time>
        <extensions>
          <ns3:TrackPointExtension>
            <ns3:hr>123</ns3:hr>
            <ns3:cad>84</ns3:cad>
          </ns3:TrackPointExtension>
        </extensions>
      </trkpt>
      <trkpt lat="31.28313146531581878662109375" lon="121.49427906610071659088134765625">
        <ele>10</ele>
        <time>2026-08-10T07:14:49.000Z</time>
        <extensions>
          <ns3:TrackPointExtension>
            <ns3:hr>125</ns3:hr>
            <ns3:cad>83</ns3:cad>
          </ns3:TrackPointExtension>
        </extensions>
      </trkpt>
      <trkpt lat="31.2831802479922771453857421875" lon="121.49415652267634868621826171875">
        <ele>10.19999980926513671875</ele>
        <time>2026-08-10T07:14:54.000Z</time>
        <extensions>
          <ns3:TrackPointExtension>
            <ns3:hr>127</ns3:hr>
            <ns3:cad>84</ns3:cad>
          </ns3:TrackPointExtension>
        </extensions>
      </trkpt>
      <trkpt lat="31.28324705176055431365966796875" lon="121.49398972280323505401611328125">
        <ele>8.6000003814697265625</ele>
        <time>2026-08-10T07:15:01.000Z</time>
        <extensions>
          <ns3:TrackPointExtension>
            <ns3:hr>128</ns3:hr>
            <ns3:cad>83</ns3:cad>
          </ns3:TrackPointExtension>
        </extensions>
      </trkpt>
      <trkpt lat="31.28332098014652729034423828125" lon="121.4937725476920604705810546875">
        <ele>6.400000095367431640625</ele>
        <time>2026-08-10T07:15:09.000Z</time>
        <extensions>
          <ns3:TrackPointExtension>
            <ns3:hr>128</ns3:hr>
            <ns3:cad>83</ns3:cad>
          </ns3:TrackPointExtension>
        </extensions>
      </trkpt>
      <trkpt lat="31.28335811197757720947265625" lon="121.4936337433755397796630859375">
        <ele>5.19999980926513671875</ele>
        <time>2026-08-10T07:15:14.000Z</time>
        <extensions>
          <ns3:TrackPointExtension>
            <ns3:hr>128</ns3:hr>
            <ns3:cad>83</ns3:cad>
          </ns3:TrackPointExtension>
        </extensions>
      </trkpt>
      <trkpt lat="31.28342106007039546966552734375" lon="121.49344339035451412200927734375">
        <ele>5.599999904632568359375</ele>
        <time>2026-08-10T07:15:23.000Z</time>
        <extensions>
          <ns3:TrackPointExtension>
            <ns3:hr>128</ns3:hr>
            <ns3:cad>83</ns3:cad>
          </ns3:TrackPointExtension>
        </extensions>
      </trkpt>
      <trkpt lat="31.28345391713082790374755859375" lon="121.49335353635251522064208984375">
        <ele>5.80000019073486328125</ele>
        <time>2026-08-10T07:15:27.000Z</time>
        <extensions>
          <ns3:TrackPointExtension>
            <ns3:hr>129</ns3:hr>
            <ns3:cad>83</ns3:cad>
          </ns3:TrackPointExtension>
        </extensions>
      </trkpt>
      <trkpt lat="31.28345492295920848846435546875" lon="121.4933346770703792572021484375">
        <ele>6</ele>
        <time>2026-08-10T07:15:28.000Z</time>
        <extensions>
          <ns3:TrackPointExtension>
            <ns3:hr>129</ns3:hr>
            <ns3:cad>82</ns3:cad>
          </ns3:TrackPointExtension>
        </extensions>
      </trkpt>
      <trkpt lat="31.28345458768308162689208984375" lon="121.49327524937689304351806640625">
        <ele>6.400000095367431640625</ele>
        <time>2026-08-10T07:15:30.000Z</time>
        <extensions>
          <ns3:TrackPointExtension>
            <ns3:hr>130</ns3:hr>
            <ns3:cad>82</ns3:cad>
          </ns3:TrackPointExtension>
        </extensions>
      </trkpt>
      <trkpt lat="31.28344788216054439544677734375" lon="121.4932173304259777069091796875">
        <ele>6.80000019073486328125</ele>
        <time>2026-08-10T07:15:34.000Z</time>
        <extensions>
          <ns3:TrackPointExtension>
            <ns3:hr>131</ns3:hr>
            <ns3:cad>0</ns3:cad>
          </ns3:TrackPointExtension>
        </extensions>
      </trkpt>
      <trkpt lat="31.2834615446627140045166015625" lon="121.49315857328474521636962890625">
        <ele>7.80000019073486328125</ele>
        <time>2026-08-10T07:15:40.000Z</time>
        <extensions>
          <ns3:TrackPointExtension>
            <ns3:hr>129</ns3:hr>
            <ns3:cad>56</ns3:cad>
          </ns3:TrackPointExtension>
        </extensions>
      </trkpt>
      <trkpt lat="31.28350806422531604766845703125" lon="121.49302848614752292633056640625">
        <ele>10</ele>
        <time>2026-08-10T07:15:46.000Z</time>
        <extensions>
          <ns3:TrackPointExtension>
            <ns3:hr>128</ns3:hr>
            <ns3:cad>83</ns3:cad>
          </ns3:TrackPointExtension>
        </extensions>
      </trkpt>
      <trkpt lat="31.28359012305736541748046875" lon="121.49287409149110317230224609375">
        <ele>12.19999980926513671875</ele>
        <time>2026-08-10T07:15:52.000Z</time>
        <extensions>
          <ns3:TrackPointExtension>
            <ns3:hr>125</ns3:hr>
            <ns3:cad>85</ns3:cad>
          </ns3:TrackPointExtension>
        </extensions>
      </trkpt>
      <trkpt lat="31.28366120159626007080078125" lon="121.49272338487207889556884765625">
        <ele>13.19999980926513671875</ele>
        <time>2026-08-10T07:15:58.000Z</time>
        <extensions>
          <ns3:TrackPointExtension>
            <ns3:hr>123</ns3:hr>
            <ns3:cad>83</ns3:cad>
          </ns3:TrackPointExtension>
        </extensions>
      </trkpt>
      <trkpt lat="31.28374896012246608734130859375" lon="121.492564380168914794921875">
        <ele>12</ele>
        <time>2026-08-10T07:16:06.000Z</time>
        <extensions>
          <ns3:TrackPointExtension>
            <ns3:hr>122</ns3:hr>
            <ns3:cad>84</ns3:cad>
          </ns3:TrackPointExtension>
        </extensions>
      </trkpt>
      <trkpt lat="31.2837917916476726531982421875" lon="121.4923476241528987884521484375">
        <ele>9.3999996185302734375</ele>
        <time>2026-08-10T07:16:13.000Z</time>
        <extensions>
          <ns3:TrackPointExtension>
            <ns3:hr>124</ns3:hr>
            <ns3:cad>83</ns3:cad>
          </ns3:TrackPointExtension>
        </extensions>
      </trkpt>
      <trkpt lat="31.28387016244232654571533203125" lon="121.49214905686676502227783203125">
        <ele>8</ele>
        <time>2026-08-10T07:16:19.000Z</time>
        <extensions>
          <ns3:TrackPointExtension>
            <ns3:hr>125</ns3:hr>
            <ns3:cad>84</ns3:cad>
          </ns3:TrackPointExtension>
        </extensions>
      </trkpt>
      <trkpt lat="31.2838920392096042633056640625" lon="121.49209700524806976318359375">
        <ele>8</ele>
        <time>2026-08-10T07:16:21.000Z</time>
        <extensions>
          <ns3:TrackPointExtension>
            <ns3:hr>125</ns3:hr>
            <ns3:cad>84</ns3:cad>
          </ns3:TrackPointExtension>
        </extensions>
      </trkpt>
      <trkpt lat="31.2839564122259616851806640625" lon="121.49198410101234912872314453125">
        <ele>8.3999996185302734375</ele>
        <time>2026-08-10T07:16:27.000Z</time>
        <extensions>
          <ns3:TrackPointExtension>
            <ns3:hr>126</ns3:hr>
            <ns3:cad>83</ns3:cad>
          </ns3:TrackPointExtension>
        </extensions>
      </trkpt>
      <trkpt lat="31.283974349498748779296875" lon="121.491953842341899871826171875">
        <ele>8.3999996185302734375</ele>
        <time>2026-08-10T07:16:29.000Z</time>
        <extensions>
          <ns3:TrackPointExtension>
            <ns3:hr>126</ns3:hr>
            <ns3:cad>84</ns3:cad>
          </ns3:TrackPointExtension>
        </extensions>
      </trkpt>
      <trkpt lat="31.2839986570179462432861328125" lon="121.491885446012020111083984375">
        <ele>9.19999980926513671875</ele>
        <time>2026-08-10T07:16:33.000Z</time>
        <extensions>
          <ns3:TrackPointExtension>
            <ns3:hr>129</ns3:hr>
            <ns3:cad>0</ns3:cad>
          </ns3:TrackPointExtension>
        </extensions>
      </trkpt>
      <trkpt lat="31.2839983217418193817138671875" lon="121.4918601326644420623779296875">
        <ele>9.6000003814697265625</ele>
        <time>2026-08-10T07:16:34.000Z</time>
        <extensions>
          <ns3:TrackPointExtension>
            <ns3:hr>130</ns3:hr>
            <ns3:cad>0</ns3:cad>
          </ns3:TrackPointExtension>
        </extensions>
      </trkpt>
      <trkpt lat="31.28405573777854442596435546875" lon="121.49181428365409374237060546875">
        <ele>9.6000003814697265625</ele>
        <time>2026-08-10T07:16:42.000Z</time>
        <extensions>
          <ns3:TrackPointExtension>
            <ns3:hr>129</ns3:hr>
            <ns3:cad>53</ns3:cad>
          </ns3:TrackPointExtension>
        </extensions>
      </trkpt>
      <trkpt lat="31.28406076692044734954833984375" lon="121.49177220650017261505126953125">
        <ele>9.80000019073486328125</ele>
        <time>2026-08-10T07:16:45.000Z</time>
        <extensions>
          <ns3:TrackPointExtension>
            <ns3:hr>130</ns3:hr>
            <ns3:cad>55</ns3:cad>
          </ns3:TrackPointExtension>
        </extensions>
      </trkpt>
      <trkpt lat="31.2840670533478260040283203125" lon="121.49175678379833698272705078125">
        <ele>9.80000019073486328125</ele>
        <time>2026-08-10T07:16:47.000Z</time>
        <extensions>
          <ns3:TrackPointExtension>
            <ns3:hr>129</ns3:hr>
            <ns3:cad>55</ns3:cad>
          </ns3:TrackPointExtension>
        </extensions>
      </trkpt>
      <trkpt lat="31.28409094177186489105224609375" lon="121.4917337335646152496337890625">
        <ele>9.6000003814697265625</ele>
        <time>2026-08-10T07:16:50.000Z</time>
        <extensions>
          <ns3:TrackPointExtension>
            <ns3:hr>126</ns3:hr>
            <ns3:cad>55</ns3:cad>
          </ns3:TrackPointExtension>
        </extensions>
      </trkpt>
      <trkpt lat="31.28410242497920989990234375" lon="121.49170883931219577789306640625">
        <ele>9.80000019073486328125</ele>
        <time>2026-08-10T07:16:52.000Z</time>
        <extensions>
          <ns3:TrackPointExtension>
            <ns3:hr>124</ns3:hr>
            <ns3:cad>55</ns3:cad>
          </ns3:TrackPointExtension>
        </extensions>
      </trkpt>
      <trkpt lat="31.28410820849239826202392578125" lon="121.49168637581169605255126953125">
        <ele>9.80000019073486328125</ele>
        <time>2026-08-10T07:16:53.000Z</time>
        <extensions>
          <ns3:TrackPointExtension>
            <ns3:hr>124</ns3:hr>
            <ns3:cad>55</ns3:cad>
          </ns3:TrackPointExtension>
        </extensions>
      </trkpt>
      <trkpt lat="31.28414223901927471160888671875" lon="121.49164513684809207916259765625">
        <ele>9.3999996185302734375</ele>
        <time>2026-08-10T07:16:56.000Z</time>
        <extensions>
          <ns3:TrackPointExtension>
            <ns3:hr>123</ns3:hr>
            <ns3:cad>57</ns3:cad>
          </ns3:TrackPointExtension>
        </extensions>
      </trkpt>
      <trkpt lat="31.28419068641960620880126953125" lon="121.49163373745977878570556640625">
        <ele>9</ele>
        <time>2026-08-10T07:17:01.000Z</time>
        <extensions>
          <ns3:TrackPointExtension>
            <ns3:hr>120</ns3:hr>
            <ns3:cad>0</ns3:cad>
          </ns3:TrackPointExtension>
        </extensions>
      </trkpt>
      <trkpt lat="31.28419437445700168609619140625" lon="121.49162971414625644683837890625">
        <ele>9</ele>
        <time>2026-08-10T07:17:02.000Z</time>
        <extensions>
          <ns3:TrackPointExtension>
            <ns3:hr>120</ns3:hr>
            <ns3:cad>0</ns3:cad>
          </ns3:TrackPointExtension>
        </extensions>
      </trkpt>
      <trkpt lat="31.28424189984798431396484375" lon="121.491594426333904266357421875">
        <ele>8.80000019073486328125</ele>
        <time>2026-08-10T07:17:07.000Z</time>
        <extensions>
          <ns3:TrackPointExtension>
            <ns3:hr>119</ns3:hr>
            <ns3:cad>56</ns3:cad>
          </ns3:TrackPointExtension>
        </extensions>
      </trkpt>
      <trkpt lat="31.2843349389731884002685546875" lon="121.491590403020381927490234375">
        <ele>7.80000019073486328125</ele>
        <time>2026-08-10T07:17:13.000Z</time>
        <extensions>
          <ns3:TrackPointExtension>
            <ns3:hr>121</ns3:hr>
            <ns3:cad>56</ns3:cad>
          </ns3:TrackPointExtension>
        </extensions>
      </trkpt>
      <trkpt lat="31.28437827341258525848388671875" lon="121.4916043169796466827392578125">
        <ele>7.19999980926513671875</ele>
        <time>2026-08-10T07:17:16.000Z</time>
        <extensions>
          <ns3:TrackPointExtension>
            <ns3:hr>117</ns3:hr>
            <ns3:cad>56</ns3:cad>
          </ns3:TrackPointExtension>
        </extensions>
      </trkpt>
      <trkpt lat="31.28439269028604030609130859375" lon="121.49161110632121562957763671875">
        <ele>7.19999980926513671875</ele>
        <time>2026-08-10T07:17:17.000Z</time>
        <extensions>
          <ns3:TrackPointExtension>
            <ns3:hr>117</ns3:hr>
            <ns3:cad>56</ns3:cad>
          </ns3:TrackPointExtension>
        </extensions>
      </trkpt>
      <trkpt lat="31.2844358570873737335205078125" lon="121.49160758592188358306884765625">
        <ele>7</ele>
        <time>2026-08-10T07:17:21.000Z</time>
        <extensions>
          <ns3:TrackPointExtension>
            <ns3:hr>117</ns3:hr>
            <ns3:cad>56</ns3:cad>
          </ns3:TrackPointExtension>
        </extensions>
      </trkpt>
      <trkpt lat="31.2844884954392910003662109375" lon="121.49160373024642467498779296875">
        <ele>6.80000019073486328125</ele>
        <time>2026-08-10T07:17:25.000Z</time>
        <extensions>
          <ns3:TrackPointExtension>
            <ns3:hr>114</ns3:hr>
            <ns3:cad>56</ns3:cad>
          </ns3:TrackPointExtension>
        </extensions>
      </trkpt>
      <trkpt lat="31.28455580212175846099853515625" lon="121.49162602610886096954345703125">
        <ele>6.400000095367431640625</ele>
        <time>2026-08-10T07:17:30.000Z</time>
        <extensions>
          <ns3:TrackPointExtension>
            <ns3:hr>116</ns3:hr>
            <ns3:cad>55</ns3:cad>
          </ns3:TrackPointExtension>
        </extensions>
      </trkpt>
      <trkpt lat="31.284590922296047210693359375" lon="121.49160884320735931396484375">
        <ele>6.400000095367431640625</ele>
        <time>2026-08-10T07:17:33.000Z</time>
        <extensions>
          <ns3:TrackPointExtension>
            <ns3:hr>117</ns3:hr>
            <ns3:cad>55</ns3:cad>
          </ns3:TrackPointExtension>
        </extensions>
      </trkpt>
      <trkpt lat="31.28463140688836574554443359375" lon="121.49159383960068225860595703125">
        <ele>6.599999904632568359375</ele>
        <time>2026-08-10T07:17:37.000Z</time>
        <extensions>
          <ns3:TrackPointExtension>
            <ns3:hr>116</ns3:hr>
            <ns3:cad>55</ns3:cad>
          </ns3:TrackPointExtension>
        </extensions>
      </trkpt>
      <trkpt lat="31.28464012406766414642333984375" lon="121.4915893971920013427734375">
        <ele>6.599999904632568359375</ele>
        <time>2026-08-10T07:17:39.000Z</time>
        <extensions>
          <ns3:TrackPointExtension>
            <ns3:hr>113</ns3:hr>
            <ns3:cad>55</ns3:cad>
          </ns3:TrackPointExtension>
        </extensions>
      </trkpt>
      <trkpt lat="31.2846832908689975738525390625" lon="121.4915570430457592010498046875">
        <ele>6.80000019073486328125</ele>
        <time>2026-08-10T07:17:44.000Z</time>
        <extensions>
          <ns3:TrackPointExtension>
            <ns3:hr>113</ns3:hr>
            <ns3:cad>55</ns3:cad>
          </ns3:TrackPointExtension>
        </extensions>
      </trkpt>
      <trkpt lat="31.28469980321824550628662109375" lon="121.4915493316948413848876953125">
        <ele>6.80000019073486328125</ele>
        <time>2026-08-10T07:17:45.000Z</time>
        <extensions>
          <ns3:TrackPointExtension>
            <ns3:hr>110</ns3:hr>
            <ns3:cad>55</ns3:cad>
          </ns3:TrackPointExtension>
        </extensions>
      </trkpt>
      <trkpt lat="31.28471656702458858489990234375" lon="121.49154639802873134613037109375">
        <ele>6.80000019073486328125</ele>
        <time>2026-08-10T07:17:46.000Z</time>
        <extensions>
          <ns3:TrackPointExtension>
            <ns3:hr>112</ns3:hr>
            <ns3:cad>55</ns3:cad>
          </ns3:TrackPointExtension>
        </extensions>
      </trkpt>
      <trkpt lat="31.284873224794864654541015625" lon="121.491562910377979278564453125">
        <ele>6</ele>
        <time>2026-08-10T07:17:52.000Z</time>
        <extensions>
          <ns3:TrackPointExtension>
            <ns3:hr>110</ns3:hr>
            <ns3:cad>84</ns3:cad>
          </ns3:TrackPointExtension>
        </extensions>
      </trkpt>
      <trkpt lat="31.28492661751806735992431640625" lon="121.4915530197322368621826171875">
        <ele>5.599999904632568359375</ele>
        <time>2026-08-10T07:17:54.000Z</time>
        <extensions>
          <ns3:TrackPointExtension>
            <ns3:hr>113</ns3:hr>
            <ns3:cad>84</ns3:cad>
          </ns3:TrackPointExtension>
        </extensions>
      </trkpt>
      <trkpt lat="31.2850125320255756378173828125" lon="121.49154120124876499176025390625">
        <ele>4.80000019073486328125</ele>
        <time>2026-08-10T07:17:57.000Z</time>
        <extensions>
          <ns3:TrackPointExtension>
            <ns3:hr>117</ns3:hr>
            <ns3:cad>84</ns3:cad>
          </ns3:TrackPointExtension>
        </extensions>
      </trkpt>
      <trkpt lat="31.2850688584148883819580078125" lon="121.49154069833457469940185546875">
        <ele>4.19999980926513671875</ele>
        <time>2026-08-10T07:17:59.000Z</time>
        <extensions>
          <ns3:TrackPointExtension>
            <ns3:hr>118</ns3:hr>
            <ns3:cad>84</ns3:cad>
          </ns3:TrackPointExtension>
        </extensions>
      </trkpt>
      <trkpt lat="31.285137422382831573486328125" lon="121.49153416045010089874267578125">
        <ele>3.400000095367431640625</ele>
        <time>2026-08-10T07:18:02.000Z</time>
        <extensions>
          <ns3:TrackPointExtension>
            <ns3:hr>120</ns3:hr>
            <ns3:cad>84</ns3:cad>
          </ns3:TrackPointExtension>
        </extensions>
      </trkpt>
      <trkpt lat="31.28519408404827117919921875" lon="121.49155385792255401611328125">
        <ele>2.7999999523162841796875</ele>
        <time>2026-08-10T07:18:04.000Z</time>
        <extensions>
          <ns3:TrackPointExtension>
            <ns3:hr>122</ns3:hr>
            <ns3:cad>84</ns3:cad>
          </ns3:TrackPointExtension>
        </extensions>
      </trkpt>
      <trkpt lat="31.285332553088665008544921875" lon="121.49157808162271976470947265625">
        <ele>2.400000095367431640625</ele>
        <time>2026-08-10T07:18:11.000Z</time>
        <extensions>
          <ns3:TrackPointExtension>
            <ns3:hr>122</ns3:hr>
            <ns3:cad>83</ns3:cad>
          </ns3:TrackPointExtension>
        </extensions>
      </trkpt>
      <trkpt lat="31.28538259305059909820556640625" lon="121.4915627427399158477783203125">
        <ele>2.599999904632568359375</ele>
        <time>2026-08-10T07:18:13.000Z</time>
        <extensions>
          <ns3:TrackPointExtension>
            <ns3:hr>116</ns3:hr>
            <ns3:cad>83</ns3:cad>
          </ns3:TrackPointExtension>
        </extensions>
      </trkpt>
      <trkpt lat="31.28549021668732166290283203125" lon="121.491574980318546295166015625">
        <ele>3</ele>
        <time>2026-08-10T07:18:17.000Z</time>
        <extensions>
          <ns3:TrackPointExtension>
            <ns3:hr>114</ns3:hr>
            <ns3:cad>83</ns3:cad>
          </ns3:TrackPointExtension>
        </extensions>
      </trkpt>
      <trkpt lat="31.2856462039053440093994140625" lon="121.4916549436748027801513671875">
        <ele>4.400000095367431640625</ele>
        <time>2026-08-10T07:18:23.000Z</time>
        <extensions>
          <ns3:TrackPointExtension>
            <ns3:hr>116</ns3:hr>
            <ns3:cad>83</ns3:cad>
          </ns3:TrackPointExtension>
        </extensions>
      </trkpt>
      <trkpt lat="31.2857736088335514068603515625" lon="121.49169241078197956085205078125">
        <ele>5.599999904632568359375</ele>
        <time>2026-08-10T07:18:29.000Z</time>
        <extensions>
          <ns3:TrackPointExtension>
            <ns3:hr>118</ns3:hr>
            <ns3:cad>83</ns3:cad>
          </ns3:TrackPointExtension>
        </extensions>
      </trkpt>
      <trkpt lat="31.285787858068943023681640625" lon="121.49170950986444950103759765625">
        <ele>5.599999904632568359375</ele>
        <time>2026-08-10T07:18:30.000Z</time>
        <extensions>
          <ns3:TrackPointExtension>
            <ns3:hr>118</ns3:hr>
            <ns3:cad>83</ns3:cad>
          </ns3:TrackPointExtension>
        </extensions>
      </trkpt>
      <trkpt lat="31.28588818944990634918212890625" lon="121.49179500527679920196533203125">
        <ele>5</ele>
        <time>2026-08-10T07:18:37.000Z</time>
        <extensions>
          <ns3:TrackPointExtension>
            <ns3:hr>121</ns3:hr>
            <ns3:cad>81</ns3:cad>
          </ns3:TrackPointExtension>
        </extensions>
      </trkpt>
      <trkpt lat="31.28590486943721771240234375" lon="121.491802297532558441162109375">
        <ele>4.80000019073486328125</ele>
        <time>2026-08-10T07:18:38.000Z</time>
        <extensions>
          <ns3:TrackPointExtension>
            <ns3:hr>121</ns3:hr>
            <ns3:cad>81</ns3:cad>
          </ns3:TrackPointExtension>
        </extensions>
      </trkpt>
      <trkpt lat="31.28600335679948329925537109375" lon="121.4918629825115203857421875">
        <ele>4.400000095367431640625</ele>
        <time>2026-08-10T07:18:43.000Z</time>
        <extensions>
          <ns3:TrackPointExtension>
            <ns3:hr>123</ns3:hr>
            <ns3:cad>83</ns3:cad>
          </ns3:TrackPointExtension>
        </extensions>
      </trkpt>
      <trkpt lat="31.2861933745443820953369140625" lon="121.49190179072320461273193359375">
        <ele>3.599999904632568359375</ele>
        <time>2026-08-10T07:18:49.000Z</time>
        <extensions>
          <ns3:TrackPointExtension>
            <ns3:hr>125</ns3:hr>
            <ns3:cad>83</ns3:cad>
          </ns3:TrackPointExtension>
        </extensions>
      </trkpt>
      <trkpt lat="31.28624073229730129241943359375" lon="121.49192894808948040008544921875">
        <ele>3.400000095367431640625</ele>
        <time>2026-08-10T07:18:51.000Z</time>
        <extensions>
          <ns3:TrackPointExtension>
            <ns3:hr>125</ns3:hr>
            <ns3:cad>83</ns3:cad>
          </ns3:TrackPointExtension>
        </extensions>
      </trkpt>
      <trkpt lat="31.286378614604473114013671875" lon="121.491946466267108917236328125">
        <ele>4.19999980926513671875</ele>
        <time>2026-08-10T07:18:58.000Z</time>
        <extensions>
          <ns3:TrackPointExtension>
            <ns3:hr>127</ns3:hr>
            <ns3:cad>82</ns3:cad>
          </ns3:TrackPointExtension>
        </extensions>
      </trkpt>
      <trkpt lat="31.28644994460046291351318359375" lon="121.491963565349578857421875">
        <ele>5.400000095367431640625</ele>
        <time>2026-08-10T07:19:02.000Z</time>
        <extensions>
          <ns3:TrackPointExtension>
            <ns3:hr>127</ns3:hr>
            <ns3:cad>82</ns3:cad>
          </ns3:TrackPointExtension>
        </extensions>
      </trkpt>
      <trkpt lat="31.2864620983600616455078125" lon="121.4919778145849704742431640625">
        <ele>5.80000019073486328125</ele>
        <time>2026-08-10T07:19:03.000Z</time>
        <extensions>
          <ns3:TrackPointExtension>
            <ns3:hr>127</ns3:hr>
            <ns3:cad>82</ns3:cad>
          </ns3:TrackPointExtension>
        </extensions>
      </trkpt>
      <trkpt lat="31.28648129291832447052001953125" lon="121.4919970929622650146484375">
        <ele>6.19999980926513671875</ele>
        <time>2026-08-10T07:19:05.000Z</time>
        <extensions>
          <ns3:TrackPointExtension>
            <ns3:hr>126</ns3:hr>
            <ns3:cad>82</ns3:cad>
          </ns3:TrackPointExtension>
        </extensions>
      </trkpt>
      <trkpt lat="31.2865152396261692047119140625" lon="121.49201159365475177764892578125">
        <ele>6.80000019073486328125</ele>
        <time>2026-08-10T07:19:07.000Z</time>
        <extensions>
          <ns3:TrackPointExtension>
            <ns3:hr>126</ns3:hr>
            <ns3:cad>82</ns3:cad>
          </ns3:TrackPointExtension>
        </extensions>
      </trkpt>
      <trkpt lat="31.28665379248559474945068359375" lon="121.49211133830249309539794921875">
        <ele>10</ele>
        <time>2026-08-10T07:19:13.000Z</time>
        <extensions>
          <ns3:TrackPointExtension>
            <ns3:hr>126</ns3:hr>
            <ns3:cad>83</ns3:cad>
          </ns3:TrackPointExtension>
        </extensions>
      </trkpt>
      <trkpt lat="31.2867732346057891845703125" lon="121.49217956699430942535400390625">
        <ele>12.3999996185302734375</ele>
        <time>2026-08-10T07:19:19.000Z</time>
        <extensions>
          <ns3:TrackPointExtension>
            <ns3:hr>127</ns3:hr>
            <ns3:cad>83</ns3:cad>
          </ns3:TrackPointExtension>
        </extensions>
      </trkpt>
      <trkpt lat="31.28681539557874202728271484375" lon="121.4922098256647586822509765625">
        <ele>13.19999980926513671875</ele>
        <time>2026-08-10T07:19:24.000Z</time>
        <extensions>
          <ns3:TrackPointExtension>
            <ns3:hr>127</ns3:hr>
            <ns3:cad>59</ns3:cad>
          </ns3:TrackPointExtension>
        </extensions>
      </trkpt>
      <trkpt lat="31.28688010387122631072998046875" lon="121.4922497235238552093505859375">
        <ele>14</ele>
        <time>2026-08-10T07:19:30.000Z</time>
        <extensions>
          <ns3:TrackPointExtension>
            <ns3:hr>128</ns3:hr>
            <ns3:cad>59</ns3:cad>
          </ns3:TrackPointExtension>
        </extensions>
      </trkpt>
      <trkpt lat="31.28694782964885234832763671875" lon="121.49230496026575565338134765625">
        <ele>13.80000019073486328125</ele>
        <time>2026-08-10T07:19:37.000Z</time>
        <extensions>
          <ns3:TrackPointExtension>
            <ns3:hr>127</ns3:hr>
            <ns3:cad>54</ns3:cad>
          </ns3:TrackPointExtension>
        </extensions>
      </trkpt>
      <trkpt lat="31.28701086156070232391357421875" lon="121.49237184785306453704833984375">
        <ele>13.6000003814697265625</ele>
        <time>2026-08-10T07:19:40.000Z</time>
        <extensions>
          <ns3:TrackPointExtension>
            <ns3:hr>123</ns3:hr>
            <ns3:cad>54</ns3:cad>
          </ns3:TrackPointExtension>
        </extensions>
      </trkpt>
      <trkpt lat="31.28703349269926548004150390625" lon="121.49239531718194484710693359375">
        <ele>13.3999996185302734375</ele>
        <time>2026-08-10T07:19:41.000Z</time>
        <extensions>
          <ns3:TrackPointExtension>
            <ns3:hr>121</ns3:hr>
            <ns3:cad>54</ns3:cad>
          </ns3:TrackPointExtension>
        </extensions>
      </trkpt>
      <trkpt lat="31.28704858012497425079345703125" lon="121.492411829531192779541015625">
        <ele>13.3999996185302734375</ele>
        <time>2026-08-10T07:19:43.000Z</time>
        <extensions>
          <ns3:TrackPointExtension>
            <ns3:hr>117</ns3:hr>
            <ns3:cad>53</ns3:cad>
          </ns3:TrackPointExtension>
        </extensions>
      </trkpt>
      <trkpt lat="31.287074983119964599609375" lon="121.49241878651082515716552734375">
        <ele>13.19999980926513671875</ele>
        <time>2026-08-10T07:19:45.000Z</time>
        <extensions>
          <ns3:TrackPointExtension>
            <ns3:hr>118</ns3:hr>
            <ns3:cad>70</ns3:cad>
          </ns3:TrackPointExtension>
        </extensions>
      </trkpt>
      <trkpt lat="31.287139691412448883056640625" lon="121.49245047010481357574462890625">
        <ele>13.19999980926513671875</ele>
        <time>2026-08-10T07:19:48.000Z</time>
        <extensions>
          <ns3:TrackPointExtension>
            <ns3:hr>119</ns3:hr>
            <ns3:cad>82</ns3:cad>
          </ns3:TrackPointExtension>
        </extensions>
      </trkpt>
      <trkpt lat="31.28716257400810718536376953125" lon="121.49246505461633205413818359375">
        <ele>13.19999980926513671875</ele>
        <time>2026-08-10T07:19:49.000Z</time>
        <extensions>
          <ns3:TrackPointExtension>
            <ns3:hr>119</ns3:hr>
            <ns3:cad>84</ns3:cad>
          </ns3:TrackPointExtension>
        </extensions>
      </trkpt>
      <trkpt lat="31.287184618413448333740234375" lon="121.4924964867532253265380859375">
        <ele>12.6000003814697265625</ele>
        <time>2026-08-10T07:19:50.000Z</time>
        <extensions>
          <ns3:TrackPointExtension>
            <ns3:hr>119</ns3:hr>
            <ns3:cad>85</ns3:cad>
          </ns3:TrackPointExtension>
        </extensions>
      </trkpt>
      <trkpt lat="31.2872411124408245086669921875" lon="121.49254904128611087799072265625">
        <ele>10.80000019073486328125</ele>
        <time>2026-08-10T07:19:53.000Z</time>
        <extensions>
          <ns3:TrackPointExtension>
            <ns3:hr>117</ns3:hr>
            <ns3:cad>85</ns3:cad>
          </ns3:TrackPointExtension>
        </extensions>
      </trkpt>
      <trkpt lat="31.28731814213097095489501953125" lon="121.4926121570169925689697265625">
        <ele>8.80000019073486328125</ele>
        <time>2026-08-10T07:19:58.000Z</time>
        <extensions>
          <ns3:TrackPointExtension>
            <ns3:hr>114</ns3:hr>
            <ns3:cad>85</ns3:cad>
          </ns3:TrackPointExtension>
        </extensions>
      </trkpt>
      <trkpt lat="31.28734965808689594268798828125" lon="121.49264090694487094879150390625">
        <ele>8</ele>
        <time>2026-08-10T07:20:00.000Z</time>
        <extensions>
          <ns3:TrackPointExtension>
            <ns3:hr>113</ns3:hr>
            <ns3:cad>84</ns3:cad>
          </ns3:TrackPointExtension>
        </extensions>
      </trkpt>
      <trkpt lat="31.28747262060642242431640625" lon="121.49274769239127635955810546875">
        <ele>5</ele>
        <time>2026-08-10T07:20:06.000Z</time>
        <extensions>
          <ns3:TrackPointExtension>
            <ns3:hr>113</ns3:hr>
            <ns3:cad>85</ns3:cad>
          </ns3:TrackPointExtension>
        </extensions>
      </trkpt>
      <trkpt lat="31.28758150152862071990966796875" lon="121.49276797659695148468017578125">
        <ele>5.599999904632568359375</ele>
        <time>2026-08-10T07:20:12.000Z</time>
        <extensions>
          <ns3:TrackPointExtension>
            <ns3:hr>114</ns3:hr>
            <ns3:cad>83</ns3:cad>
          </ns3:TrackPointExtension>
        </extensions>
      </trkpt>
      <trkpt lat="31.28761100582778453826904296875" lon="121.49273939430713653564453125">
        <ele>6.80000019073486328125</ele>
        <time>2026-08-10T07:20:14.000Z</time>
        <extensions>
          <ns3:TrackPointExtension>
            <ns3:hr>117</ns3:hr>
            <ns3:cad>82</ns3:cad>
          </ns3:TrackPointExtension>
        </extensions>
      </trkpt>
      <trkpt lat="31.28762475214898586273193359375" lon="121.492669992148876190185546875">
        <ele>9</ele>
        <time>2026-08-10T07:20:17.000Z</time>
        <extensions>
          <ns3:TrackPointExtension>
            <ns3:hr>119</ns3:hr>
            <ns3:cad>83</ns3:cad>
          </ns3:TrackPointExtension>
        </extensions>
      </trkpt>
      <trkpt lat="31.2875966727733612060546875" lon="121.4925199560821056365966796875">
        <ele>11.80000019073486328125</ele>
        <time>2026-08-10T07:20:23.000Z</time>
        <extensions>
          <ns3:TrackPointExtension>
            <ns3:hr>122</ns3:hr>
            <ns3:cad>83</ns3:cad>
          </ns3:TrackPointExtension>
        </extensions>
      </trkpt>
      <trkpt lat="31.28758720122277736663818359375" lon="121.49246371351182460784912109375">
        <ele>12.6000003814697265625</ele>
        <time>2026-08-10T07:20:25.000Z</time>
        <extensions>
          <ns3:TrackPointExtension>
            <ns3:hr>123</ns3:hr>
            <ns3:cad>83</ns3:cad>
          </ns3:TrackPointExtension>
        </extensions>
      </trkpt>
      <trkpt lat="31.287559457123279571533203125" lon="121.49227059446275234222412109375">
        <ele>14.6000003814697265625</ele>
        <time>2026-08-10T07:20:32.000Z</time>
        <extensions>
          <ns3:TrackPointExtension>
            <ns3:hr>125</ns3:hr>
            <ns3:cad>83</ns3:cad>
          </ns3:TrackPointExtension>
        </extensions>
      </trkpt>
      <trkpt lat="31.28754076547920703887939453125" lon="121.49207496084272861480712890625">
        <ele>13.80000019073486328125</ele>
        <time>2026-08-10T07:20:39.000Z</time>
        <extensions>
          <ns3:TrackPointExtension>
            <ns3:hr>127</ns3:hr>
            <ns3:cad>82</ns3:cad>
          </ns3:TrackPointExtension>
        </extensions>
      </trkpt>
      <trkpt lat="31.287528611719608306884765625" lon="121.4918437041342258453369140625">
        <ele>11.19999980926513671875</ele>
        <time>2026-08-10T07:20:47.000Z</time>
        <extensions>
          <ns3:TrackPointExtension>
            <ns3:hr>130</ns3:hr>
            <ns3:cad>82</ns3:cad>
          </ns3:TrackPointExtension>
        </extensions>
      </trkpt>
      <trkpt lat="31.28755669109523296356201171875" lon="121.49179257452487945556640625">
        <ele>10.6000003814697265625</ele>
        <time>2026-08-10T07:20:53.000Z</time>
        <extensions>
          <ns3:TrackPointExtension>
            <ns3:hr>130</ns3:hr>
            <ns3:cad>82</ns3:cad>
          </ns3:TrackPointExtension>
        </extensions>
      </trkpt>
      <trkpt lat="31.28754897974431514739990234375" lon="121.49168604053556919097900390625">
        <ele>9.80000019073486328125</ele>
        <time>2026-08-10T07:21:00.000Z</time>
        <extensions>
          <ns3:TrackPointExtension>
            <ns3:hr>128</ns3:hr>
            <ns3:cad>53</ns3:cad>
          </ns3:TrackPointExtension>
        </extensions>
      </trkpt>
      <trkpt lat="31.28755300305783748626708984375" lon="121.49157456122338771820068359375">
        <ele>9.80000019073486328125</ele>
        <time>2026-08-10T07:21:08.000Z</time>
        <extensions>
          <ns3:TrackPointExtension>
            <ns3:hr>125</ns3:hr>
            <ns3:cad>53</ns3:cad>
          </ns3:TrackPointExtension>
        </extensions>
      </trkpt>
      <trkpt lat="31.28755266778171062469482421875" lon="121.49155612103641033172607421875">
        <ele>9.80000019073486328125</ele>
        <time>2026-08-10T07:21:09.000Z</time>
        <extensions>
          <ns3:TrackPointExtension>
            <ns3:hr>125</ns3:hr>
            <ns3:cad>53</ns3:cad>
          </ns3:TrackPointExtension>
        </extensions>
      </trkpt>
    </trkseg>
  </trk>
</gpx>
