<gpx xmlns:ns3="http://www.garmin.com/xmlschemas/TrackPointExtension/v1" xmlns="http://www.topografix.com/GPX/1/1" xmlns:xsi="http://www.w3.org/2001/XMLSchema-instance" xmlns:ns2="http://www.garmin.com/xmlschemas/GpxExtensions/v3" creator="Garmin Connect" version="1.1" xsi:schemaLocation="http://www.topografix.com/GPX/1/1 http://www.topografix.com/GPX/11.xsd">
  <extensions>
<distance>6319.85</distance>
<average_hr>129.0</average_hr>
<average_speed>1.965000033378601</average_speed>
<start_time>2026-08-12T06:15:44+00:00</start_time>
<end_time>2026-08-12T07:09:20.062000+00:00</end_time>
<moving_time>2864.106</moving_time>
<elapsed_time>3216.062</elapsed_time>
</extensions>
<metadata>
    <link href="connect.garmin.com">
      <text>Garmin Connect</text>
    </link>
    <time>2026-08-12T06:15:44.000Z</time>
  </metadata>
  <trk>
    <name>虹口区 跑步</name>
    <type>running</type>
    <trkseg>
      <trkpt lat="31.25873652286827564239501953125" lon="121.50969766080379486083984375">
        <ele>10.3999996185302734375</ele>
        <time>2026-08-12T06:15:44.000Z</time>
        <extensions>
          <ns3:TrackPointExtension>
            <ns3:hr>76</ns3:hr>
            <ns3:cad>55</ns3:cad>
          </ns3:TrackPointExtension>
        </extensions>
      </trkpt>
      <trkpt lat="31.2587382830679416656494140625" lon="121.50970243848860263824462890625">
        <ele>10.3999996185302734375</ele>
        <time>2026-08-12T06:15:45.000Z</time>
        <extensions>
          <ns3:TrackPointExtension>
            <ns3:hr>76</ns3:hr>
            <ns3:cad>55</ns3:cad>
          </ns3:TrackPointExtension>
        </extensions>
      </trkpt>
      <trkpt lat="31.2587047554552555084228515625" lon="121.50973848067224025726318359375">
        <ele>10.6000003814697265625</ele>
        <time>2026-08-12T06:15:46.000Z</time>
        <extensions>
          <ns3:TrackPointExtension>
            <ns3:hr>76</ns3:hr>
            <ns3:cad>55</ns3:cad>
          </ns3:TrackPointExtension>
        </extensions>
      </trkpt>
      <trkpt lat="31.25868673436343669891357421875" lon="121.509765721857547760009765625">
        <ele>10.6000003814697265625</ele>
        <time>2026-08-12T06:15:47.000Z</time>
        <extensions>
          <ns3:TrackPointExtension>
            <ns3:hr>76</ns3:hr>
            <ns3:cad>55</ns3:cad>
          </ns3:TrackPointExtension>
        </extensions>
      </trkpt>
      <trkpt lat="31.2586819566786289215087890625" lon="121.509772427380084991455078125">
        <ele>10.6000003814697265625</ele>
        <time>2026-08-12T06:15:48.000Z</time>
        <extensions>
          <ns3:TrackPointExtension>
            <ns3:hr>73</ns3:hr>
            <ns3:cad>58</ns3:cad>
          </ns3:TrackPointExtension>
        </extensions>
      </trkpt>
      <trkpt lat="31.25867198221385478973388671875" lon="121.5097866766154766082763671875">
        <ele>10.6000003814697265625</ele>
        <time>2026-08-12T06:15:49.000Z</time>
        <extensions>
          <ns3:TrackPointExtension>
            <ns3:hr>76</ns3:hr>
            <ns3:cad>59</ns3:cad>
          </ns3:TrackPointExtension>
        </extensions>
      </trkpt>
      <trkpt lat="31.258657984435558319091796875" lon="121.509805284440517425537109375">
        <ele>10.6000003814697265625</ele>
        <time>2026-08-12T06:15:50.000Z</time>
        <extensions>
          <ns3:TrackPointExtension>
            <ns3:hr>76</ns3:hr>
            <ns3:cad>59</ns3:cad>
          </ns3:TrackPointExtension>
        </extensions>
      </trkpt>
      <trkpt lat="31.2585927732288837432861328125" lon="121.5098882652819156646728515625">
        <ele>9.80000019073486328125</ele>
        <time>2026-08-12T06:15:52.000Z</time>
        <extensions>
          <ns3:TrackPointExtension>
            <ns3:hr>77</ns3:hr>
            <ns3:cad>57</ns3:cad>
          </ns3:TrackPointExtension>
        </extensions>
      </trkpt>
      <trkpt lat="31.25850752927362918853759765625" lon="121.51000401936471462249755859375">
        <ele>8.80000019073486328125</ele>
        <time>2026-08-12T06:15:54.000Z</time>
        <extensions>
          <ns3:TrackPointExtension>
            <ns3:hr>77</ns3:hr>
            <ns3:cad>57</ns3:cad>
          </ns3:TrackPointExtension>
        </extensions>
      </trkpt>
      <trkpt lat="31.2584345228970050811767578125" lon="121.510165035724639892578125">
        <ele>8.19999980926513671875</ele>
        <time>2026-08-12T06:15:57.000Z</time>
        <extensions>
          <ns3:TrackPointExtension>
            <ns3:hr>78</ns3:hr>
            <ns3:cad>60</ns3:cad>
          </ns3:TrackPointExtension>
        </extensions>
      </trkpt>
      <trkpt lat="31.258307285606861114501953125" lon="121.51038941927254199981689453125">
        <ele>6.19999980926513671875</ele>
        <time>2026-08-12T06:16:00.000Z</time>
        <extensions>
          <ns3:TrackPointExtension>
            <ns3:hr>79</ns3:hr>
            <ns3:cad>60</ns3:cad>
          </ns3:TrackPointExtension>
        </extensions>
      </trkpt>
      <trkpt lat="31.25823209993541240692138671875" lon="121.51055890135467052459716796875">
        <ele>6.80000019073486328125</ele>
        <time>2026-08-12T06:16:03.000Z</time>
        <extensions>
          <ns3:TrackPointExtension>
            <ns3:hr>79</ns3:hr>
            <ns3:cad>58</ns3:cad>
          </ns3:TrackPointExtension>
        </extensions>
      </trkpt>
      <trkpt lat="31.258219778537750244140625" lon="121.51060064323246479034423828125">
        <ele>6.599999904632568359375</ele>
        <time>2026-08-12T06:16:10.000Z</time>
        <extensions>
          <ns3:TrackPointExtension>
            <ns3:hr>79</ns3:hr>
            <ns3:cad>82</ns3:cad>
          </ns3:TrackPointExtension>
        </extensions>
      </trkpt>
      <trkpt lat="31.25822556205093860626220703125" lon="121.51060801930725574493408203125">
        <ele>6.599999904632568359375</ele>
        <time>2026-08-12T06:16:14.000Z</time>
        <extensions>
          <ns3:TrackPointExtension>
            <ns3:hr>82</ns3:hr>
            <ns3:cad>82</ns3:cad>
          </ns3:TrackPointExtension>
        </extensions>
      </trkpt>
      <trkpt lat="31.25823528505861759185791015625" lon="121.51056627742946147918701171875">
        <ele>6.80000019073486328125</ele>
        <time>2026-08-12T06:16:16.000Z</time>
        <extensions>
          <ns3:TrackPointExtension>
            <ns3:hr>85</ns3:hr>
            <ns3:cad>81</ns3:cad>
          </ns3:TrackPointExtension>
        </extensions>
      </trkpt>
      <trkpt lat="31.25826026313006877899169921875" lon="121.51050089858472347259521484375">
        <ele>6.599999904632568359375</ele>
        <time>2026-08-12T06:16:17.000Z</time>
        <extensions>
          <ns3:TrackPointExtension>
            <ns3:hr>85</ns3:hr>
            <ns3:cad>81</ns3:cad>
          </ns3:TrackPointExtension>
        </extensions>
      </trkpt>
      <trkpt lat="31.25824098475277423858642578125" lon="121.51049318723380565643310546875">
        <ele>6.599999904632568359375</ele>
        <time>2026-08-12T06:16:18.000Z</time>
        <extensions>
          <ns3:TrackPointExtension>
            <ns3:hr>87</ns3:hr>
            <ns3:cad>80</ns3:cad>
          </ns3:TrackPointExtension>
        </extensions>
      </trkpt>
      <trkpt lat="31.25820779241621494293212890625" lon="121.510493941605091094970703125">
        <ele>6.599999904632568359375</ele>
        <time>2026-08-12T06:16:20.000Z</time>
        <extensions>
          <ns3:TrackPointExtension>
            <ns3:hr>91</ns3:hr>
            <ns3:cad>41</ns3:cad>
          </ns3:TrackPointExtension>
        </extensions>
      </trkpt>
      <trkpt lat="31.25820527784526348114013671875" lon="121.5104954503476619720458984375">
        <ele>6.599999904632568359375</ele>
        <time>2026-08-12T06:16:21.000Z</time>
        <extensions>
          <ns3:TrackPointExtension>
            <ns3:hr>93</ns3:hr>
            <ns3:cad>41</ns3:cad>
          </ns3:TrackPointExtension>
        </extensions>
      </trkpt>
      <trkpt lat="31.2581552378833293914794921875" lon="121.51052755303680896759033203125">
        <ele>6.400000095367431640625</ele>
        <time>2026-08-12T06:16:24.000Z</time>
        <extensions>
          <ns3:TrackPointExtension>
            <ns3:hr>96</ns3:hr>
            <ns3:cad>41</ns3:cad>
          </ns3:TrackPointExtension>
        </extensions>
      </trkpt>
      <trkpt lat="31.25814124010503292083740234375" lon="121.51053157635033130645751953125">
        <ele>6.400000095367431640625</ele>
        <time>2026-08-12T06:16:26.000Z</time>
        <extensions>
          <ns3:TrackPointExtension>
            <ns3:hr>96</ns3:hr>
            <ns3:cad>56</ns3:cad>
          </ns3:TrackPointExtension>
        </extensions>
      </trkpt>
      <trkpt lat="31.25811324454843997955322265625" lon="121.51054599322378635406494140625">
        <ele>6.19999980926513671875</ele>
        <time>2026-08-12T06:16:29.000Z</time>
        <extensions>
          <ns3:TrackPointExtension>
            <ns3:hr>93</ns3:hr>
            <ns3:cad>57</ns3:cad>
          </ns3:TrackPointExtension>
        </extensions>
      </trkpt>
      <trkpt lat="31.25805809162557125091552734375" lon="121.51058522053062915802001953125">
        <ele>6</ele>
        <time>2026-08-12T06:16:32.000Z</time>
        <extensions>
          <ns3:TrackPointExtension>
            <ns3:hr>92</ns3:hr>
            <ns3:cad>57</ns3:cad>
          </ns3:TrackPointExtension>
        </extensions>
      </trkpt>
      <trkpt lat="31.257949881255626678466796875" lon="121.51065244339406490325927734375">
        <ele>6</ele>
        <time>2026-08-12T06:16:38.000Z</time>
        <extensions>
          <ns3:TrackPointExtension>
            <ns3:hr>92</ns3:hr>
            <ns3:cad>82</ns3:cad>
          </ns3:TrackPointExtension>
        </extensions>
      </trkpt>
      <trkpt lat="31.2579322792589664459228515625" lon="121.51065914891660213470458984375">
        <ele>6</ele>
        <time>2026-08-12T06:16:40.000Z</time>
        <extensions>
          <ns3:TrackPointExtension>
            <ns3:hr>93</ns3:hr>
            <ns3:cad>83</ns3:cad>
          </ns3:TrackPointExtension>
        </extensions>
      </trkpt>
      <trkpt lat="31.25790922902524471282958984375" lon="121.51066937483847141265869140625">
        <ele>6</ele>
        <time>2026-08-12T06:16:43.000Z</time>
        <extensions>
          <ns3:TrackPointExtension>
            <ns3:hr>93</ns3:hr>
            <ns3:cad>83</ns3:cad>
          </ns3:TrackPointExtension>
        </extensions>
      </trkpt>
      <trkpt lat="31.2578263320028781890869140625" lon="121.5107524394989013671875">
        <ele>6.19999980926513671875</ele>
        <time>2026-08-12T06:16:46.000Z</time>
        <extensions>
          <ns3:TrackPointExtension>
            <ns3:hr>94</ns3:hr>
            <ns3:cad>82</ns3:cad>
          </ns3:TrackPointExtension>
        </extensions>
      </trkpt>
      <trkpt lat="31.25762910582125186920166015625" lon="121.51095293462276458740234375">
        <ele>6.599999904632568359375</ele>
        <time>2026-08-12T06:16:48.000Z</time>
        <extensions>
          <ns3:TrackPointExtension>
            <ns3:hr>97</ns3:hr>
            <ns3:cad>82</ns3:cad>
          </ns3:TrackPointExtension>
        </extensions>
      </trkpt>
      <trkpt lat="31.25755433924496173858642578125" lon="121.51103666983544826507568359375">
        <ele>6.19999980926513671875</ele>
        <time>2026-08-12T06:16:49.000Z</time>
        <extensions>
          <ns3:TrackPointExtension>
            <ns3:hr>98</ns3:hr>
            <ns3:cad>82</ns3:cad>
          </ns3:TrackPointExtension>
        </extensions>
      </trkpt>
      <trkpt lat="31.25716826878488063812255859375" lon="121.5113473869860172271728515625">
        <ele>6.400000095367431640625</ele>
        <time>2026-08-12T06:16:58.000Z</time>
        <extensions>
          <ns3:TrackPointExtension>
            <ns3:hr>110</ns3:hr>
            <ns3:cad>84</ns3:cad>
          </ns3:TrackPointExtension>
        </extensions>
      </trkpt>
      <trkpt lat="31.25702644698321819305419921875" lon="121.5114908851683139801025390625">
        <ele>7.19999980926513671875</ele>
        <time>2026-08-12T06:17:01.000Z</time>
        <extensions>
          <ns3:TrackPointExtension>
            <ns3:hr>111</ns3:hr>
            <ns3:cad>83</ns3:cad>
          </ns3:TrackPointExtension>
        </extensions>
      </trkpt>
      <trkpt lat="31.2569995410740375518798828125" lon="121.51151007972657680511474609375">
        <ele>7.400000095367431640625</ele>
        <time>2026-08-12T06:17:02.000Z</time>
        <extensions>
          <ns3:TrackPointExtension>
            <ns3:hr>111</ns3:hr>
            <ns3:cad>83</ns3:cad>
          </ns3:TrackPointExtension>
        </extensions>
      </trkpt>
      <trkpt lat="31.25682762823998928070068359375" lon="121.51160311885178089141845703125">
        <ele>8.3999996185302734375</ele>
        <time>2026-08-12T06:17:12.000Z</time>
        <extensions>
          <ns3:TrackPointExtension>
            <ns3:hr>116</ns3:hr>
            <ns3:cad>83</ns3:cad>
          </ns3:TrackPointExtension>
        </extensions>
      </trkpt>
      <trkpt lat="31.2567940168082714080810546875" lon="121.51161451824009418487548828125">
        <ele>8.3999996185302734375</ele>
        <time>2026-08-12T06:17:15.000Z</time>
        <extensions>
          <ns3:TrackPointExtension>
            <ns3:hr>118</ns3:hr>
            <ns3:cad>82</ns3:cad>
          </ns3:TrackPointExtension>
        </extensions>
      </trkpt>
      <trkpt lat="31.256706006824970245361328125" lon="121.5116898715496063232421875">
        <ele>8.19999980926513671875</ele>
        <time>2026-08-12T06:17:18.000Z</time>
        <extensions>
          <ns3:TrackPointExtension>
            <ns3:hr>119</ns3:hr>
            <ns3:cad>82</ns3:cad>
          </ns3:TrackPointExtension>
        </extensions>
      </trkpt>
      <trkpt lat="31.25655555166304111480712890625" lon="121.5118110738694667816162109375">
        <ele>7</ele>
        <time>2026-08-12T06:17:21.000Z</time>
        <extensions>
          <ns3:TrackPointExtension>
            <ns3:hr>121</ns3:hr>
            <ns3:cad>0</ns3:cad>
          </ns3:TrackPointExtension>
        </extensions>
      </trkpt>
      <trkpt lat="31.256492435932159423828125" lon="121.51186765171587467193603515625">
        <ele>6.19999980926513671875</ele>
        <time>2026-08-12T06:17:23.000Z</time>
        <extensions>
          <ns3:TrackPointExtension>
            <ns3:hr>121</ns3:hr>
            <ns3:cad>0</ns3:cad>
          </ns3:TrackPointExtension>
        </extensions>
      </trkpt>
      <trkpt lat="31.25636612065136432647705078125" lon="121.51192397810518741607666015625">
        <ele>4</ele>
        <time>2026-08-12T06:17:28.000Z</time>
        <extensions>
          <ns3:TrackPointExtension>
            <ns3:hr>118</ns3:hr>
            <ns3:cad>57</ns3:cad>
          </ns3:TrackPointExtension>
        </extensions>
      </trkpt>
      <trkpt lat="31.25621675513684749603271484375" lon="121.5120095573365688323974609375">
        <ele>3.599999904632568359375</ele>
        <time>2026-08-12T06:17:33.000Z</time>
        <extensions>
          <ns3:TrackPointExtension>
            <ns3:hr>119</ns3:hr>
            <ns3:cad>55</ns3:cad>
          </ns3:TrackPointExtension>
        </extensions>
      </trkpt>
      <trkpt lat="31.25610980205237865447998046875" lon="121.512053310871124267578125">
        <ele>4.19999980926513671875</ele>
        <time>2026-08-12T06:17:36.000Z</time>
        <extensions>
          <ns3:TrackPointExtension>
            <ns3:hr>116</ns3:hr>
            <ns3:cad>79</ns3:cad>
          </ns3:TrackPointExtension>
        </extensions>
      </trkpt>
      <trkpt lat="31.25602304935455322265625" lon="121.51211692951619625091552734375">
        <ele>4.400000095367431640625</ele>
        <time>2026-08-12T06:17:38.000Z</time>
        <extensions>
          <ns3:TrackPointExtension>
            <ns3:hr>113</ns3:hr>
            <ns3:cad>80</ns3:cad>
          </ns3:TrackPointExtension>
        </extensions>
      </trkpt>
      <trkpt lat="31.2559756077826023101806640625" lon="121.51214517652988433837890625">
        <ele>4.400000095367431640625</ele>
        <time>2026-08-12T06:17:39.000Z</time>
        <extensions>
          <ns3:TrackPointExtension>
            <ns3:hr>113</ns3:hr>
            <ns3:cad>81</ns3:cad>
          </ns3:TrackPointExtension>
        </extensions>
      </trkpt>
      <trkpt lat="31.25573244877159595489501953125" lon="121.51215967722237110137939453125">
        <ele>5.599999904632568359375</ele>
        <time>2026-08-12T06:17:46.000Z</time>
        <extensions>
          <ns3:TrackPointExtension>
            <ns3:hr>112</ns3:hr>
            <ns3:cad>82</ns3:cad>
          </ns3:TrackPointExtension>
        </extensions>
      </trkpt>
      <trkpt lat="31.25568442046642303466796875" lon="121.51217694394290447235107421875">
        <ele>5.80000019073486328125</ele>
        <time>2026-08-12T06:17:48.000Z</time>
        <extensions>
          <ns3:TrackPointExtension>
            <ns3:hr>112</ns3:hr>
            <ns3:cad>82</ns3:cad>
          </ns3:TrackPointExtension>
        </extensions>
      </trkpt>
      <trkpt lat="31.25554519705474376678466796875" lon="121.51224550791084766387939453125">
        <ele>6.599999904632568359375</ele>
        <time>2026-08-12T06:17:54.000Z</time>
        <extensions>
          <ns3:TrackPointExtension>
            <ns3:hr>115</ns3:hr>
            <ns3:cad>83</ns3:cad>
          </ns3:TrackPointExtension>
        </extensions>
      </trkpt>
      <trkpt lat="31.2554874457418918609619140625" lon="121.5122526325285434722900390625">
        <ele>7.19999980926513671875</ele>
        <time>2026-08-12T06:17:56.000Z</time>
        <extensions>
          <ns3:TrackPointExtension>
            <ns3:hr>116</ns3:hr>
            <ns3:cad>83</ns3:cad>
          </ns3:TrackPointExtension>
        </extensions>
      </trkpt>
      <trkpt lat="31.2552975118160247802734375" lon="121.5122673846781253814697265625">
        <ele>7</ele>
        <time>2026-08-12T06:18:01.000Z</time>
        <extensions>
          <ns3:TrackPointExtension>
            <ns3:hr>117</ns3:hr>
            <ns3:cad>83</ns3:cad>
          </ns3:TrackPointExtension>
        </extensions>
      </trkpt>
      <trkpt lat="31.25521126203238964080810546875" lon="121.51228322647511959075927734375">
        <ele>7</ele>
        <time>2026-08-12T06:18:04.000Z</time>
        <extensions>
          <ns3:TrackPointExtension>
            <ns3:hr>118</ns3:hr>
            <ns3:cad>82</ns3:cad>
          </ns3:TrackPointExtension>
        </extensions>
      </trkpt>
      <trkpt lat="31.25501789152622222900390625" lon="121.5123632736504077911376953125">
        <ele>7.19999980926513671875</ele>
        <time>2026-08-12T06:18:11.000Z</time>
        <extensions>
          <ns3:TrackPointExtension>
            <ns3:hr>120</ns3:hr>
            <ns3:cad>83</ns3:cad>
          </ns3:TrackPointExtension>
        </extensions>
      </trkpt>
      <trkpt lat="31.25493817962706089019775390625" lon="121.5123709850013256072998046875">
        <ele>7.19999980926513671875</ele>
        <time>2026-08-12T06:18:17.000Z</time>
        <extensions>
          <ns3:TrackPointExtension>
            <ns3:hr>123</ns3:hr>
            <ns3:cad>83</ns3:cad>
          </ns3:TrackPointExtension>
        </extensions>
      </trkpt>
      <trkpt lat="31.25486232340335845947265625" lon="121.51236235164105892181396484375">
        <ele>7.400000095367431640625</ele>
        <time>2026-08-12T06:18:26.000Z</time>
        <extensions>
          <ns3:TrackPointExtension>
            <ns3:hr>123</ns3:hr>
            <ns3:cad>0</ns3:cad>
          </ns3:TrackPointExtension>
        </extensions>
      </trkpt>
      <trkpt lat="31.25486324541270732879638671875" lon="121.5123703144490718841552734375">
        <ele>7.400000095367431640625</ele>
        <time>2026-08-12T06:18:31.000Z</time>
        <extensions>
          <ns3:TrackPointExtension>
            <ns3:hr>120</ns3:hr>
            <ns3:cad>0</ns3:cad>
          </ns3:TrackPointExtension>
        </extensions>
      </trkpt>
      <trkpt lat="31.25486676581203937530517578125" lon="121.512373499572277069091796875">
        <ele>7.400000095367431640625</ele>
        <time>2026-08-12T06:18:36.000Z</time>
        <extensions>
          <ns3:TrackPointExtension>
            <ns3:hr>120</ns3:hr>
            <ns3:cad>0</ns3:cad>
          </ns3:TrackPointExtension>
        </extensions>
      </trkpt>
      <trkpt lat="31.254866681993007659912109375" lon="121.51237316429615020751953125">
        <ele>7.400000095367431640625</ele>
        <time>2026-08-12T06:18:45.000Z</time>
        <extensions>
          <ns3:TrackPointExtension>
            <ns3:hr>116</ns3:hr>
            <ns3:cad>0</ns3:cad>
          </ns3:TrackPointExtension>
        </extensions>
      </trkpt>
      <trkpt lat="31.254866681993007659912109375" lon="121.51237760670483112335205078125">
        <ele>7.400000095367431640625</ele>
        <time>2026-08-12T06:19:01.000Z</time>
        <extensions>
          <ns3:TrackPointExtension>
            <ns3:hr>113</ns3:hr>
            <ns3:cad>0</ns3:cad>
          </ns3:TrackPointExtension>
        </extensions>
      </trkpt>
      <trkpt lat="31.254866681993007659912109375" lon="121.51237827725708484649658203125">
        <ele>7.400000095367431640625</ele>
        <time>2026-08-12T06:19:04.000Z</time>
        <extensions>
          <ns3:TrackPointExtension>
            <ns3:hr>110</ns3:hr>
            <ns3:cad>0</ns3:cad>
          </ns3:TrackPointExtension>
        </extensions>
      </trkpt>
      <trkpt lat="31.25486634671688079833984375" lon="121.5123791992664337158203125">
        <ele>7.400000095367431640625</ele>
        <time>2026-08-12T06:19:07.000Z</time>
        <extensions>
          <ns3:TrackPointExtension>
            <ns3:hr>107</ns3:hr>
            <ns3:cad>0</ns3:cad>
          </ns3:TrackPointExtension>
        </extensions>
      </trkpt>
      <trkpt lat="31.25486408360302448272705078125" lon="121.51237961836159229278564453125">
        <ele>7.400000095367431640625</ele>
        <time>2026-08-12T06:19:17.000Z</time>
        <extensions>
          <ns3:TrackPointExtension>
            <ns3:hr>104</ns3:hr>
            <ns3:cad>0</ns3:cad>
          </ns3:TrackPointExtension>
        </extensions>
      </trkpt>
      <trkpt lat="31.25484178774058818817138671875" lon="121.51239152066409587860107421875">
        <ele>7.599999904632568359375</ele>
        <time>2026-08-12T06:19:23.000Z</time>
        <extensions>
          <ns3:TrackPointExtension>
            <ns3:hr>101</ns3:hr>
            <ns3:cad>0</ns3:cad>
          </ns3:TrackPointExtension>
        </extensions>
      </trkpt>
      <trkpt lat="31.2548205815255641937255859375" lon="121.51239722035825252532958984375">
        <ele>7.599999904632568359375</ele>
        <time>2026-08-12T06:19:25.000Z</time>
        <extensions>
          <ns3:TrackPointExtension>
            <ns3:hr>100</ns3:hr>
            <ns3:cad>57</ns3:cad>
          </ns3:TrackPointExtension>
        </extensions>
      </trkpt>
      <trkpt lat="31.25474137254059314727783203125" lon="121.5124326758086681365966796875">
        <ele>7.80000019073486328125</ele>
        <time>2026-08-12T06:19:31.000Z</time>
        <extensions>
          <ns3:TrackPointExtension>
            <ns3:hr>97</ns3:hr>
            <ns3:cad>55</ns3:cad>
          </ns3:TrackPointExtension>
        </extensions>
      </trkpt>
      <trkpt lat="31.2547062523663043975830078125" lon="121.51245296001434326171875">
        <ele>8</ele>
        <time>2026-08-12T06:19:34.000Z</time>
        <extensions>
          <ns3:TrackPointExtension>
            <ns3:hr>97</ns3:hr>
            <ns3:cad>55</ns3:cad>
          </ns3:TrackPointExtension>
        </extensions>
      </trkpt>
      <trkpt lat="31.25461664982140064239501953125" lon="121.5125262178480625152587890625">
        <ele>8.80000019073486328125</ele>
        <time>2026-08-12T06:19:42.000Z</time>
        <extensions>
          <ns3:TrackPointExtension>
            <ns3:hr>94</ns3:hr>
            <ns3:cad>55</ns3:cad>
          </ns3:TrackPointExtension>
        </extensions>
      </trkpt>
      <trkpt lat="31.254604496061801910400390625" lon="121.51253652758896350860595703125">
        <ele>8.80000019073486328125</ele>
        <time>2026-08-12T06:19:43.000Z</time>
        <extensions>
          <ns3:TrackPointExtension>
            <ns3:hr>96</ns3:hr>
            <ns3:cad>57</ns3:cad>
          </ns3:TrackPointExtension>
        </extensions>
      </trkpt>
      <trkpt lat="31.25456585548818111419677734375" lon="121.5125677920877933502197265625">
        <ele>9</ele>
        <time>2026-08-12T06:19:45.000Z</time>
        <extensions>
          <ns3:TrackPointExtension>
            <ns3:hr>93</ns3:hr>
            <ns3:cad>57</ns3:cad>
          </ns3:TrackPointExtension>
        </extensions>
      </trkpt>
      <trkpt lat="31.25450366176664829254150390625" lon="121.51260123588144779205322265625">
        <ele>9.6000003814697265625</ele>
        <time>2026-08-12T06:19:48.000Z</time>
        <extensions>
          <ns3:TrackPointExtension>
            <ns3:hr>93</ns3:hr>
            <ns3:cad>80</ns3:cad>
          </ns3:TrackPointExtension>
        </extensions>
      </trkpt>
      <trkpt lat="31.25434868037700653076171875" lon="121.51272361166775226593017578125">
        <ele>10</ele>
        <time>2026-08-12T06:19:55.000Z</time>
        <extensions>
          <ns3:TrackPointExtension>
            <ns3:hr>94</ns3:hr>
            <ns3:cad>84</ns3:cad>
          </ns3:TrackPointExtension>
        </extensions>
      </trkpt>
      <trkpt lat="31.25421859323978424072265625" lon="121.5128125436604022979736328125">
        <ele>9.3999996185302734375</ele>
        <time>2026-08-12T06:20:01.000Z</time>
        <extensions>
          <ns3:TrackPointExtension>
            <ns3:hr>94</ns3:hr>
            <ns3:cad>85</ns3:cad>
          </ns3:TrackPointExtension>
        </extensions>
      </trkpt>
      <trkpt lat="31.25409848056733608245849609375" lon="121.51282184757292270660400390625">
        <ele>8.6000003814697265625</ele>
        <time>2026-08-12T06:20:05.000Z</time>
        <extensions>
          <ns3:TrackPointExtension>
            <ns3:hr>97</ns3:hr>
            <ns3:cad>85</ns3:cad>
          </ns3:TrackPointExtension>
        </extensions>
      </trkpt>
      <trkpt lat="31.25406763516366481781005859375" lon="121.5128162316977977752685546875">
        <ele>8.19999980926513671875</ele>
        <time>2026-08-12T06:20:06.000Z</time>
        <extensions>
          <ns3:TrackPointExtension>
            <ns3:hr>98</ns3:hr>
            <ns3:cad>86</ns3:cad>
          </ns3:TrackPointExtension>
        </extensions>
      </trkpt>
      <trkpt lat="31.25401566736400127410888671875" lon="121.5127971209585666656494140625">
        <ele>7.80000019073486328125</ele>
        <time>2026-08-12T06:20:08.000Z</time>
        <extensions>
          <ns3:TrackPointExtension>
            <ns3:hr>102</ns3:hr>
            <ns3:cad>86</ns3:cad>
          </ns3:TrackPointExtension>
        </extensions>
      </trkpt>
      <trkpt lat="31.253987252712249755859375" lon="121.5127897448837757110595703125">
        <ele>7.599999904632568359375</ele>
        <time>2026-08-12T06:20:09.000Z</time>
        <extensions>
          <ns3:TrackPointExtension>
            <ns3:hr>105</ns3:hr>
            <ns3:cad>85</ns3:cad>
          </ns3:TrackPointExtension>
        </extensions>
      </trkpt>
      <trkpt lat="31.253987252712249755859375" lon="121.5127897448837757110595703125">
        <ele>7.599999904632568359375</ele>
        <time>2026-08-12T06:20:10.000Z</time>
        <extensions>
          <ns3:TrackPointExtension>
            <ns3:hr>105</ns3:hr>
            <ns3:cad>85</ns3:cad>
          </ns3:TrackPointExtension>
        </extensions>
      </trkpt>
      <trkpt lat="31.253958754241466522216796875" lon="121.5127823688089847564697265625">
        <ele>7.400000095367431640625</ele>
        <time>2026-08-12T06:20:12.000Z</time>
        <extensions>
          <ns3:TrackPointExtension>
            <ns3:hr>108</ns3:hr>
            <ns3:cad>84</ns3:cad>
          </ns3:TrackPointExtension>
        </extensions>
      </trkpt>
      <trkpt lat="31.25392883084714412689208984375" lon="121.51279787532985210418701171875">
        <ele>7.19999980926513671875</ele>
        <time>2026-08-12T06:20:15.000Z</time>
        <extensions>
          <ns3:TrackPointExtension>
            <ns3:hr>111</ns3:hr>
            <ns3:cad>84</ns3:cad>
          </ns3:TrackPointExtension>
        </extensions>
      </trkpt>
      <trkpt lat="31.25392095185816287994384765625" lon="121.5128024853765964508056640625">
        <ele>7.19999980926513671875</ele>
        <time>2026-08-12T06:20:16.000Z</time>
        <extensions>
          <ns3:TrackPointExtension>
            <ns3:hr>111</ns3:hr>
            <ns3:cad>84</ns3:cad>
          </ns3:TrackPointExtension>
        </extensions>
      </trkpt>
      <trkpt lat="31.253838725388050079345703125" lon="121.5128085203468799591064453125">
        <ele>6.80000019073486328125</ele>
        <time>2026-08-12T06:20:23.000Z</time>
        <extensions>
          <ns3:TrackPointExtension>
            <ns3:hr>112</ns3:hr>
            <ns3:cad>54</ns3:cad>
          </ns3:TrackPointExtension>
        </extensions>
      </trkpt>
      <trkpt lat="31.25380880199372768402099609375" lon="121.51282000355422496795654296875">
        <ele>6.599999904632568359375</ele>
        <time>2026-08-12T06:20:27.000Z</time>
        <extensions>
          <ns3:TrackPointExtension>
            <ns3:hr>108</ns3:hr>
            <ns3:cad>57</ns3:cad>
          </ns3:TrackPointExtension>
        </extensions>
      </trkpt>
      <trkpt lat="31.2538100592792034149169921875" lon="121.51281950064003467559814453125">
        <ele>6.599999904632568359375</ele>
        <time>2026-08-12T06:20:29.000Z</time>
        <extensions>
          <ns3:TrackPointExtension>
            <ns3:hr>108</ns3:hr>
            <ns3:cad>57</ns3:cad>
          </ns3:TrackPointExtension>
        </extensions>
      </trkpt>
      <trkpt lat="31.25380846671760082244873046875" lon="121.5127991326153278350830078125">
        <ele>6.599999904632568359375</ele>
        <time>2026-08-12T06:20:35.000Z</time>
        <extensions>
          <ns3:TrackPointExtension>
            <ns3:hr>107</ns3:hr>
            <ns3:cad>58</ns3:cad>
          </ns3:TrackPointExtension>
        </extensions>
      </trkpt>
      <trkpt lat="31.25381684862077236175537109375" lon="121.512792594730854034423828125">
        <ele>6.599999904632568359375</ele>
        <time>2026-08-12T06:20:36.000Z</time>
        <extensions>
          <ns3:TrackPointExtension>
            <ns3:hr>107</ns3:hr>
            <ns3:cad>52</ns3:cad>
          </ns3:TrackPointExtension>
        </extensions>
      </trkpt>
      <trkpt lat="31.25384082086384296417236328125" lon="121.5127481706440448760986328125">
        <ele>6.599999904632568359375</ele>
        <time>2026-08-12T06:20:41.000Z</time>
        <extensions>
          <ns3:TrackPointExtension>
            <ns3:hr>106</ns3:hr>
            <ns3:cad>57</ns3:cad>
          </ns3:TrackPointExtension>
        </extensions>
      </trkpt>
      <trkpt lat="31.2538395635783672332763671875" lon="121.51272160001099109649658203125">
        <ele>6.400000095367431640625</ele>
        <time>2026-08-12T06:20:43.000Z</time>
        <extensions>
          <ns3:TrackPointExtension>
            <ns3:hr>105</ns3:hr>
            <ns3:cad>57</ns3:cad>
          </ns3:TrackPointExtension>
        </extensions>
      </trkpt>
      <trkpt lat="31.2538325227797031402587890625" lon="121.512689329683780670166015625">
        <ele>6.19999980926513671875</ele>
        <time>2026-08-12T06:20:46.000Z</time>
        <extensions>
          <ns3:TrackPointExtension>
            <ns3:hr>102</ns3:hr>
            <ns3:cad>57</ns3:cad>
          </ns3:TrackPointExtension>
        </extensions>
      </trkpt>
      <trkpt lat="31.25381919555366039276123046875" lon="121.51264247484505176544189453125">
        <ele>6</ele>
        <time>2026-08-12T06:20:50.000Z</time>
        <extensions>
          <ns3:TrackPointExtension>
            <ns3:hr>98</ns3:hr>
            <ns3:cad>56</ns3:cad>
          </ns3:TrackPointExtension>
        </extensions>
      </trkpt>
      <trkpt lat="31.253805197775363922119140625" lon="121.51260039769113063812255859375">
        <ele>5.80000019073486328125</ele>
        <time>2026-08-12T06:20:53.000Z</time>
        <extensions>
          <ns3:TrackPointExtension>
            <ns3:hr>96</ns3:hr>
            <ns3:cad>57</ns3:cad>
          </ns3:TrackPointExtension>
        </extensions>
      </trkpt>
      <trkpt lat="31.2538000009953975677490234375" lon="121.5125681273639202117919921875">
        <ele>5.80000019073486328125</ele>
        <time>2026-08-12T06:20:55.000Z</time>
        <extensions>
          <ns3:TrackPointExtension>
            <ns3:hr>95</ns3:hr>
            <ns3:cad>57</ns3:cad>
          </ns3:TrackPointExtension>
        </extensions>
      </trkpt>
      <trkpt lat="31.25379103235900402069091796875" lon="121.51250970549881458282470703125">
        <ele>5.599999904632568359375</ele>
        <time>2026-08-12T06:20:59.000Z</time>
        <extensions>
          <ns3:TrackPointExtension>
            <ns3:hr>93</ns3:hr>
            <ns3:cad>57</ns3:cad>
          </ns3:TrackPointExtension>
        </extensions>
      </trkpt>
      <trkpt lat="31.25379488803446292877197265625" lon="121.5124729089438915252685546875">
        <ele>5.80000019073486328125</ele>
        <time>2026-08-12T06:21:01.000Z</time>
        <extensions>
          <ns3:TrackPointExtension>
            <ns3:hr>91</ns3:hr>
            <ns3:cad>57</ns3:cad>
          </ns3:TrackPointExtension>
        </extensions>
      </trkpt>
      <trkpt lat="31.253778375685214996337890625" lon="121.51243041269481182098388671875">
        <ele>5.599999904632568359375</ele>
        <time>2026-08-12T06:21:03.000Z</time>
        <extensions>
          <ns3:TrackPointExtension>
            <ns3:hr>90</ns3:hr>
            <ns3:cad>57</ns3:cad>
          </ns3:TrackPointExtension>
        </extensions>
      </trkpt>
      <trkpt lat="31.25377862714231014251708984375" lon="121.512408368289470672607421875">
        <ele>5.599999904632568359375</ele>
        <time>2026-08-12T06:21:04.000Z</time>
        <extensions>
          <ns3:TrackPointExtension>
            <ns3:hr>90</ns3:hr>
            <ns3:cad>57</ns3:cad>
          </ns3:TrackPointExtension>
        </extensions>
      </trkpt>
      <trkpt lat="31.25380511395633220672607421875" lon="121.512358747422695159912109375">
        <ele>5.80000019073486328125</ele>
        <time>2026-08-12T06:21:07.000Z</time>
        <extensions>
          <ns3:TrackPointExtension>
            <ns3:hr>90</ns3:hr>
            <ns3:cad>57</ns3:cad>
          </ns3:TrackPointExtension>
        </extensions>
      </trkpt>
      <trkpt lat="31.25383260659873485565185546875" lon="121.51231683790683746337890625">
        <ele>5.80000019073486328125</ele>
        <time>2026-08-12T06:21:10.000Z</time>
        <extensions>
          <ns3:TrackPointExtension>
            <ns3:hr>88</ns3:hr>
            <ns3:cad>57</ns3:cad>
          </ns3:TrackPointExtension>
        </extensions>
      </trkpt>
      <trkpt lat="31.2539066188037395477294921875" lon="121.5122305043041706085205078125">
        <ele>6.599999904632568359375</ele>
        <time>2026-08-12T06:21:17.000Z</time>
        <extensions>
          <ns3:TrackPointExtension>
            <ns3:hr>87</ns3:hr>
            <ns3:cad>57</ns3:cad>
          </ns3:TrackPointExtension>
        </extensions>
      </trkpt>
      <trkpt lat="31.253928244113922119140625" lon="121.5121839009225368499755859375">
        <ele>7</ele>
        <time>2026-08-12T06:21:21.000Z</time>
        <extensions>
          <ns3:TrackPointExtension>
            <ns3:hr>86</ns3:hr>
            <ns3:cad>57</ns3:cad>
          </ns3:TrackPointExtension>
        </extensions>
      </trkpt>
      <trkpt lat="31.2539334408938884735107421875" lon="121.51216529309749603271484375">
        <ele>7</ele>
        <time>2026-08-12T06:21:23.000Z</time>
        <extensions>
          <ns3:TrackPointExtension>
            <ns3:hr>85</ns3:hr>
            <ns3:cad>58</ns3:cad>
          </ns3:TrackPointExtension>
        </extensions>
      </trkpt>
      <trkpt lat="31.25393159687519073486328125" lon="121.51206512935459613800048828125">
        <ele>7</ele>
        <time>2026-08-12T06:21:30.000Z</time>
        <extensions>
          <ns3:TrackPointExtension>
            <ns3:hr>83</ns3:hr>
            <ns3:cad>57</ns3:cad>
          </ns3:TrackPointExtension>
        </extensions>
      </trkpt>
      <trkpt lat="31.2539146654307842254638671875" lon="121.51197628118097782135009765625">
        <ele>6.19999980926513671875</ele>
        <time>2026-08-12T06:21:38.000Z</time>
        <extensions>
          <ns3:TrackPointExtension>
            <ns3:hr>81</ns3:hr>
            <ns3:cad>57</ns3:cad>
          </ns3:TrackPointExtension>
        </extensions>
      </trkpt>
      <trkpt lat="31.25386998988687992095947265625" lon="121.51189749129116535186767578125">
        <ele>5.19999980926513671875</ele>
        <time>2026-08-12T06:21:44.000Z</time>
        <extensions>
          <ns3:TrackPointExtension>
            <ns3:hr>81</ns3:hr>
            <ns3:cad>58</ns3:cad>
          </ns3:TrackPointExtension>
        </extensions>
      </trkpt>
      <trkpt lat="31.2538670562207698822021484375" lon="121.5118856728076934814453125">
        <ele>5</ele>
        <time>2026-08-12T06:21:45.000Z</time>
        <extensions>
          <ns3:TrackPointExtension>
            <ns3:hr>81</ns3:hr>
            <ns3:cad>58</ns3:cad>
          </ns3:TrackPointExtension>
        </extensions>
      </trkpt>
      <trkpt lat="31.2537708319723606109619140625" lon="121.5118573419749736785888671875">
        <ele>4.19999980926513671875</ele>
        <time>2026-08-12T06:21:49.000Z</time>
        <extensions>
          <ns3:TrackPointExtension>
            <ns3:hr>81</ns3:hr>
            <ns3:cad>58</ns3:cad>
          </ns3:TrackPointExtension>
        </extensions>
      </trkpt>
      <trkpt lat="31.25366094522178173065185546875" lon="121.5119150094687938690185546875">
        <ele>4.19999980926513671875</ele>
        <time>2026-08-12T06:21:54.000Z</time>
        <extensions>
          <ns3:TrackPointExtension>
            <ns3:hr>82</ns3:hr>
            <ns3:cad>82</ns3:cad>
          </ns3:TrackPointExtension>
        </extensions>
      </trkpt>
      <trkpt lat="31.253470592200756072998046875" lon="121.511967480182647705078125">
        <ele>7.599999904632568359375</ele>
        <time>2026-08-12T06:22:00.000Z</time>
        <extensions>
          <ns3:TrackPointExtension>
            <ns3:hr>82</ns3:hr>
            <ns3:cad>83</ns3:cad>
          </ns3:TrackPointExtension>
        </extensions>
      </trkpt>
      <trkpt lat="31.25337260775268077850341796875" lon="121.51198751293122768402099609375">
        <ele>9.19999980926513671875</ele>
        <time>2026-08-12T06:22:03.000Z</time>
        <extensions>
          <ns3:TrackPointExtension>
            <ns3:hr>85</ns3:hr>
            <ns3:cad>84</ns3:cad>
          </ns3:TrackPointExtension>
        </extensions>
      </trkpt>
      <trkpt lat="31.2533269263803958892822265625" lon="121.51198801584541797637939453125">
        <ele>10</ele>
        <time>2026-08-12T06:22:04.000Z</time>
        <extensions>
          <ns3:TrackPointExtension>
            <ns3:hr>86</ns3:hr>
            <ns3:cad>84</ns3:cad>
          </ns3:TrackPointExtension>
        </extensions>
      </trkpt>
      <trkpt lat="31.253248639404773712158203125" lon="121.51197225786745548248291015625">
        <ele>12.19999980926513671875</ele>
        <time>2026-08-12T06:22:06.000Z</time>
        <extensions>
          <ns3:TrackPointExtension>
            <ns3:hr>89</ns3:hr>
            <ns3:cad>82</ns3:cad>
          </ns3:TrackPointExtension>
        </extensions>
      </trkpt>
      <trkpt lat="31.25317010097205638885498046875" lon="121.51195365004241466522216796875">
        <ele>14.3999996185302734375</ele>
        <time>2026-08-12T06:22:08.000Z</time>
        <extensions>
          <ns3:TrackPointExtension>
            <ns3:hr>93</ns3:hr>
            <ns3:cad>82</ns3:cad>
          </ns3:TrackPointExtension>
        </extensions>
      </trkpt>
      <trkpt lat="31.25312282703816890716552734375" lon="121.51195130310952663421630859375">
        <ele>15.6000003814697265625</ele>
        <time>2026-08-12T06:22:09.000Z</time>
        <extensions>
          <ns3:TrackPointExtension>
            <ns3:hr>96</ns3:hr>
            <ns3:cad>83</ns3:cad>
          </ns3:TrackPointExtension>
        </extensions>
      </trkpt>
      <trkpt lat="31.25300179235637187957763671875" lon="121.51196471415460109710693359375">
        <ele>18</ele>
        <time>2026-08-12T06:22:12.000Z</time>
        <extensions>
          <ns3:TrackPointExtension>
            <ns3:hr>102</ns3:hr>
            <ns3:cad>85</ns3:cad>
          </ns3:TrackPointExtension>
        </extensions>
      </trkpt>
      <trkpt lat="31.252969689667224884033203125" lon="121.51197125203907489776611328125">
        <ele>17.799999237060546875</ele>
        <time>2026-08-12T06:22:14.000Z</time>
        <extensions>
          <ns3:TrackPointExtension>
            <ns3:hr>104</ns3:hr>
            <ns3:cad>85</ns3:cad>
          </ns3:TrackPointExtension>
        </extensions>
      </trkpt>
      <trkpt lat="31.2529001198709011077880859375" lon="121.5120001696050167083740234375">
        <ele>16.6000003814697265625</ele>
        <time>2026-08-12T06:22:16.000Z</time>
        <extensions>
          <ns3:TrackPointExtension>
            <ns3:hr>108</ns3:hr>
            <ns3:cad>84</ns3:cad>
          </ns3:TrackPointExtension>
        </extensions>
      </trkpt>
      <trkpt lat="31.25282057560980319976806640625" lon="121.5120528079569339752197265625">
        <ele>15.19999980926513671875</ele>
        <time>2026-08-12T06:22:18.000Z</time>
        <extensions>
          <ns3:TrackPointExtension>
            <ns3:hr>110</ns3:hr>
            <ns3:cad>84</ns3:cad>
          </ns3:TrackPointExtension>
        </extensions>
      </trkpt>
      <trkpt lat="31.25260817818343639373779296875" lon="121.5120814740657806396484375">
        <ele>14</ele>
        <time>2026-08-12T06:22:22.000Z</time>
        <extensions>
          <ns3:TrackPointExtension>
            <ns3:hr>113</ns3:hr>
            <ns3:cad>84</ns3:cad>
          </ns3:TrackPointExtension>
        </extensions>
      </trkpt>
      <trkpt lat="31.25254464335739612579345703125" lon="121.512069068849086761474609375">
        <ele>14</ele>
        <time>2026-08-12T06:22:24.000Z</time>
        <extensions>
          <ns3:TrackPointExtension>
            <ns3:hr>116</ns3:hr>
            <ns3:cad>83</ns3:cad>
          </ns3:TrackPointExtension>
        </extensions>
      </trkpt>
      <trkpt lat="31.2525078468024730682373046875" lon="121.512062363326549530029296875">
        <ele>13.6000003814697265625</ele>
        <time>2026-08-12T06:22:25.000Z</time>
        <extensions>
          <ns3:TrackPointExtension>
            <ns3:hr>118</ns3:hr>
            <ns3:cad>83</ns3:cad>
          </ns3:TrackPointExtension>
        </extensions>
      </trkpt>
      <trkpt lat="31.25242025591433048248291015625" lon="121.51209010742604732513427734375">
        <ele>11.3999996185302734375</ele>
        <time>2026-08-12T06:22:28.000Z</time>
        <extensions>
          <ns3:TrackPointExtension>
            <ns3:hr>121</ns3:hr>
            <ns3:cad>84</ns3:cad>
          </ns3:TrackPointExtension>
        </extensions>
      </trkpt>
      <trkpt lat="31.2523443996906280517578125" lon="121.5121010877192020416259765625">
        <ele>9.80000019073486328125</ele>
        <time>2026-08-12T06:22:31.000Z</time>
        <extensions>
          <ns3:TrackPointExtension>
            <ns3:hr>124</ns3:hr>
            <ns3:cad>84</ns3:cad>
          </ns3:TrackPointExtension>
        </extensions>
      </trkpt>
      <trkpt lat="31.2523217685520648956298828125" lon="121.51209966279566287994384765625">
        <ele>9.3999996185302734375</ele>
        <time>2026-08-12T06:22:32.000Z</time>
        <extensions>
          <ns3:TrackPointExtension>
            <ns3:hr>124</ns3:hr>
            <ns3:cad>85</ns3:cad>
          </ns3:TrackPointExtension>
        </extensions>
      </trkpt>
      <trkpt lat="31.25214097090065479278564453125" lon="121.51211374439299106597900390625">
        <ele>9.19999980926513671875</ele>
        <time>2026-08-12T06:22:38.000Z</time>
        <extensions>
          <ns3:TrackPointExtension>
            <ns3:hr>126</ns3:hr>
            <ns3:cad>84</ns3:cad>
          </ns3:TrackPointExtension>
        </extensions>
      </trkpt>
      <trkpt lat="31.2520786933600902557373046875" lon="121.51211022399365901947021484375">
        <ele>8.6000003814697265625</ele>
        <time>2026-08-12T06:22:40.000Z</time>
        <extensions>
          <ns3:TrackPointExtension>
            <ns3:hr>127</ns3:hr>
            <ns3:cad>83</ns3:cad>
          </ns3:TrackPointExtension>
        </extensions>
      </trkpt>
      <trkpt lat="31.251929663121700286865234375" lon="121.512103937566280364990234375">
        <ele>7.19999980926513671875</ele>
        <time>2026-08-12T06:22:45.000Z</time>
        <extensions>
          <ns3:TrackPointExtension>
            <ns3:hr>130</ns3:hr>
            <ns3:cad>83</ns3:cad>
          </ns3:TrackPointExtension>
        </extensions>
      </trkpt>
      <trkpt lat="31.25176462344825267791748046875" lon="121.51204098947346210479736328125">
        <ele>5.400000095367431640625</ele>
        <time>2026-08-12T06:22:51.000Z</time>
        <extensions>
          <ns3:TrackPointExtension>
            <ns3:hr>131</ns3:hr>
            <ns3:cad>84</ns3:cad>
          </ns3:TrackPointExtension>
        </extensions>
      </trkpt>
      <trkpt lat="31.2516937963664531707763671875" lon="121.51198483072221279144287109375">
        <ele>4.80000019073486328125</ele>
        <time>2026-08-12T06:22:55.000Z</time>
        <extensions>
          <ns3:TrackPointExtension>
            <ns3:hr>131</ns3:hr>
            <ns3:cad>83</ns3:cad>
          </ns3:TrackPointExtension>
        </extensions>
      </trkpt>
      <trkpt lat="31.251691617071628570556640625" lon="121.51195876300334930419921875">
        <ele>5.19999980926513671875</ele>
        <time>2026-08-12T06:22:56.000Z</time>
        <extensions>
          <ns3:TrackPointExtension>
            <ns3:hr>131</ns3:hr>
            <ns3:cad>84</ns3:cad>
          </ns3:TrackPointExtension>
        </extensions>
      </trkpt>
      <trkpt lat="31.25168415717780590057373046875" lon="121.511880643665790557861328125">
        <ele>6.19999980926513671875</ele>
        <time>2026-08-12T06:23:01.000Z</time>
        <extensions>
          <ns3:TrackPointExtension>
            <ns3:hr>131</ns3:hr>
            <ns3:cad>84</ns3:cad>
          </ns3:TrackPointExtension>
        </extensions>
      </trkpt>
      <trkpt lat="31.25169203616678714752197265625" lon="121.51183613575994968414306640625">
        <ele>7</ele>
        <time>2026-08-12T06:23:08.000Z</time>
        <extensions>
          <ns3:TrackPointExtension>
            <ns3:hr>132</ns3:hr>
            <ns3:cad>53</ns3:cad>
          </ns3:TrackPointExtension>
        </extensions>
      </trkpt>
      <trkpt lat="31.25170343555510044097900390625" lon="121.51182465255260467529296875">
        <ele>7.400000095367431640625</ele>
        <time>2026-08-12T06:23:13.000Z</time>
        <extensions>
          <ns3:TrackPointExtension>
            <ns3:hr>135</ns3:hr>
            <ns3:cad>0</ns3:cad>
          </ns3:TrackPointExtension>
        </extensions>
      </trkpt>
      <trkpt lat="31.2517035193741321563720703125" lon="121.51182423345744609832763671875">
        <ele>7.400000095367431640625</ele>
        <time>2026-08-12T06:23:14.000Z</time>
        <extensions>
          <ns3:TrackPointExtension>
            <ns3:hr>136</ns3:hr>
            <ns3:cad>0</ns3:cad>
          </ns3:TrackPointExtension>
        </extensions>
      </trkpt>
      <trkpt lat="31.25170536339282989501953125" lon="121.5117721818387508392333984375">
        <ele>8.19999980926513671875</ele>
        <time>2026-08-12T06:23:23.000Z</time>
        <extensions>
          <ns3:TrackPointExtension>
            <ns3:hr>136</ns3:hr>
            <ns3:cad>0</ns3:cad>
          </ns3:TrackPointExtension>
        </extensions>
      </trkpt>
      <trkpt lat="31.25171483494341373443603515625" lon="121.511655338108539581298828125">
        <ele>9.6000003814697265625</ele>
        <time>2026-08-12T06:23:27.000Z</time>
        <extensions>
          <ns3:TrackPointExtension>
            <ns3:hr>135</ns3:hr>
            <ns3:cad>82</ns3:cad>
          </ns3:TrackPointExtension>
        </extensions>
      </trkpt>
      <trkpt lat="31.25171475112438201904296875" lon="121.5116219781339168548583984375">
        <ele>9.80000019073486328125</ele>
        <time>2026-08-12T06:23:28.000Z</time>
        <extensions>
          <ns3:TrackPointExtension>
            <ns3:hr>134</ns3:hr>
            <ns3:cad>83</ns3:cad>
          </ns3:TrackPointExtension>
        </extensions>
      </trkpt>
      <trkpt lat="31.2517145834863185882568359375" lon="121.51158484630286693572998046875">
        <ele>10.19999980926513671875</ele>
        <time>2026-08-12T06:23:29.000Z</time>
        <extensions>
          <ns3:TrackPointExtension>
            <ns3:hr>131</ns3:hr>
            <ns3:cad>85</ns3:cad>
          </ns3:TrackPointExtension>
        </extensions>
      </trkpt>
      <trkpt lat="31.2517169304192066192626953125" lon="121.51149784214794635772705078125">
        <ele>11.19999980926513671875</ele>
        <time>2026-08-12T06:23:31.000Z</time>
        <extensions>
          <ns3:TrackPointExtension>
            <ns3:hr>127</ns3:hr>
            <ns3:cad>87</ns3:cad>
          </ns3:TrackPointExtension>
        </extensions>
      </trkpt>
      <trkpt lat="31.2516854144632816314697265625" lon="121.5114107541739940643310546875">
        <ele>11.3999996185302734375</ele>
        <time>2026-08-12T06:23:34.000Z</time>
        <extensions>
          <ns3:TrackPointExtension>
            <ns3:hr>125</ns3:hr>
            <ns3:cad>85</ns3:cad>
          </ns3:TrackPointExtension>
        </extensions>
      </trkpt>
      <trkpt lat="31.251560859382152557373046875" lon="121.51135451160371303558349609375">
        <ele>9</ele>
        <time>2026-08-12T06:23:39.000Z</time>
        <extensions>
          <ns3:TrackPointExtension>
            <ns3:hr>123</ns3:hr>
            <ns3:cad>86</ns3:cad>
          </ns3:TrackPointExtension>
        </extensions>
      </trkpt>
      <trkpt lat="31.251450218260288238525390625" lon="121.51125376112759113311767578125">
        <ele>7.80000019073486328125</ele>
        <time>2026-08-12T06:23:45.000Z</time>
        <extensions>
          <ns3:TrackPointExtension>
            <ns3:hr>124</ns3:hr>
            <ns3:cad>84</ns3:cad>
          </ns3:TrackPointExtension>
        </extensions>
      </trkpt>
      <trkpt lat="31.25143420882523059844970703125" lon="121.51109852828085422515869140625">
        <ele>8.19999980926513671875</ele>
        <time>2026-08-12T06:23:50.000Z</time>
        <extensions>
          <ns3:TrackPointExtension>
            <ns3:hr>126</ns3:hr>
            <ns3:cad>84</ns3:cad>
          </ns3:TrackPointExtension>
        </extensions>
      </trkpt>
      <trkpt lat="31.25144225545227527618408203125" lon="121.51093876920640468597412109375">
        <ele>8.6000003814697265625</ele>
        <time>2026-08-12T06:23:55.000Z</time>
        <extensions>
          <ns3:TrackPointExtension>
            <ns3:hr>129</ns3:hr>
            <ns3:cad>84</ns3:cad>
          </ns3:TrackPointExtension>
        </extensions>
      </trkpt>
      <trkpt lat="31.25144627876579761505126953125" lon="121.5107750706374645233154296875">
        <ele>8</ele>
        <time>2026-08-12T06:24:00.000Z</time>
        <extensions>
          <ns3:TrackPointExtension>
            <ns3:hr>131</ns3:hr>
            <ns3:cad>85</ns3:cad>
          </ns3:TrackPointExtension>
        </extensions>
      </trkpt>
      <trkpt lat="31.25146455131471157073974609375" lon="121.51055068708956241607666015625">
        <ele>7.400000095367431640625</ele>
        <time>2026-08-12T06:24:07.000Z</time>
        <extensions>
          <ns3:TrackPointExtension>
            <ns3:hr>134</ns3:hr>
            <ns3:cad>84</ns3:cad>
          </ns3:TrackPointExtension>
        </extensions>
      </trkpt>
      <trkpt lat="31.2514701671898365020751953125" lon="121.51045027188956737518310546875">
        <ele>7.19999980926513671875</ele>
        <time>2026-08-12T06:24:10.000Z</time>
        <extensions>
          <ns3:TrackPointExtension>
            <ns3:hr>135</ns3:hr>
            <ns3:cad>84</ns3:cad>
          </ns3:TrackPointExtension>
        </extensions>
      </trkpt>
      <trkpt lat="31.25148902647197246551513671875" lon="121.510214991867542266845703125">
        <ele>7.19999980926513671875</ele>
        <time>2026-08-12T06:24:17.000Z</time>
        <extensions>
          <ns3:TrackPointExtension>
            <ns3:hr>137</ns3:hr>
            <ns3:cad>85</ns3:cad>
          </ns3:TrackPointExtension>
        </extensions>
      </trkpt>
      <trkpt lat="31.25151534564793109893798828125" lon="121.5101574920117855072021484375">
        <ele>7.19999980926513671875</ele>
        <time>2026-08-12T06:24:18.000Z</time>
        <extensions>
          <ns3:TrackPointExtension>
            <ns3:hr>138</ns3:hr>
            <ns3:cad>85</ns3:cad>
          </ns3:TrackPointExtension>
        </extensions>
      </trkpt>
      <trkpt lat="31.2516502104699611663818359375" lon="121.50999806821346282958984375">
        <ele>8.3999996185302734375</ele>
        <time>2026-08-12T06:24:26.000Z</time>
        <extensions>
          <ns3:TrackPointExtension>
            <ns3:hr>141</ns3:hr>
            <ns3:cad>84</ns3:cad>
          </ns3:TrackPointExtension>
        </extensions>
      </trkpt>
      <trkpt lat="31.25167141668498516082763671875" lon="121.5099747665226459503173828125">
        <ele>9</ele>
        <time>2026-08-12T06:24:27.000Z</time>
        <extensions>
          <ns3:TrackPointExtension>
            <ns3:hr>141</ns3:hr>
            <ns3:cad>84</ns3:cad>
          </ns3:TrackPointExtension>
        </extensions>
      </trkpt>
      <trkpt lat="31.25172640196979045867919921875" lon="121.5098379738628864288330078125">
        <ele>11</ele>
        <time>2026-08-12T06:24:32.000Z</time>
        <extensions>
          <ns3:TrackPointExtension>
            <ns3:hr>142</ns3:hr>
            <ns3:cad>84</ns3:cad>
          </ns3:TrackPointExtension>
        </extensions>
      </trkpt>
      <trkpt lat="31.25173495151102542877197265625" lon="121.50961224921047687530517578125">
        <ele>12.3999996185302734375</ele>
        <time>2026-08-12T06:24:39.000Z</time>
        <extensions>
          <ns3:TrackPointExtension>
            <ns3:hr>143</ns3:hr>
            <ns3:cad>85</ns3:cad>
          </ns3:TrackPointExtension>
        </extensions>
      </trkpt>
      <trkpt lat="31.25173754990100860595703125" lon="121.509582996368408203125">
        <ele>12.6000003814697265625</ele>
        <time>2026-08-12T06:24:40.000Z</time>
        <extensions>
          <ns3:TrackPointExtension>
            <ns3:hr>143</ns3:hr>
            <ns3:cad>85</ns3:cad>
          </ns3:TrackPointExtension>
        </extensions>
      </trkpt>
      <trkpt lat="31.2517410703003406524658203125" lon="121.5093605406582355499267578125">
        <ele>13</ele>
        <time>2026-08-12T06:24:47.000Z</time>
        <extensions>
          <ns3:TrackPointExtension>
            <ns3:hr>145</ns3:hr>
            <ns3:cad>85</ns3:cad>
          </ns3:TrackPointExtension>
        </extensions>
      </trkpt>
      <trkpt lat="31.251747608184814453125" lon="121.50930027477443218231201171875">
        <ele>13.3999996185302734375</ele>
        <time>2026-08-12T06:24:49.000Z</time>
        <extensions>
          <ns3:TrackPointExtension>
            <ns3:hr>145</ns3:hr>
            <ns3:cad>85</ns3:cad>
          </ns3:TrackPointExtension>
        </extensions>
      </trkpt>
      <trkpt lat="31.2517601810395717620849609375" lon="121.509065665304660797119140625">
        <ele>14.3999996185302734375</ele>
        <time>2026-08-12T06:24:57.000Z</time>
        <extensions>
          <ns3:TrackPointExtension>
            <ns3:hr>146</ns3:hr>
            <ns3:cad>85</ns3:cad>
          </ns3:TrackPointExtension>
        </extensions>
      </trkpt>
      <trkpt lat="31.251764036715030670166015625" lon="121.50882200337946414947509765625">
        <ele>11.3999996185302734375</ele>
        <time>2026-08-12T06:25:05.000Z</time>
        <extensions>
          <ns3:TrackPointExtension>
            <ns3:hr>147</ns3:hr>
            <ns3:cad>84</ns3:cad>
          </ns3:TrackPointExtension>
        </extensions>
      </trkpt>
      <trkpt lat="31.25174157321453094482421875" lon="121.5085974521934986114501953125">
        <ele>8.19999980926513671875</ele>
        <time>2026-08-12T06:25:12.000Z</time>
        <extensions>
          <ns3:TrackPointExtension>
            <ns3:hr>147</ns3:hr>
            <ns3:cad>85</ns3:cad>
          </ns3:TrackPointExtension>
        </extensions>
      </trkpt>
      <trkpt lat="31.25173620879650115966796875" lon="121.5085173211991786956787109375">
        <ele>7.599999904632568359375</ele>
        <time>2026-08-12T06:25:15.000Z</time>
        <extensions>
          <ns3:TrackPointExtension>
            <ns3:hr>147</ns3:hr>
            <ns3:cad>85</ns3:cad>
          </ns3:TrackPointExtension>
        </extensions>
      </trkpt>
      <trkpt lat="31.25174450688064098358154296875" lon="121.5083102881908416748046875">
        <ele>7</ele>
        <time>2026-08-12T06:25:21.000Z</time>
        <extensions>
          <ns3:TrackPointExtension>
            <ns3:hr>148</ns3:hr>
            <ns3:cad>84</ns3:cad>
          </ns3:TrackPointExtension>
        </extensions>
      </trkpt>
      <trkpt lat="31.25175439752638339996337890625" lon="121.50810350663959980010986328125">
        <ele>8.19999980926513671875</ele>
        <time>2026-08-12T06:25:27.000Z</time>
        <extensions>
          <ns3:TrackPointExtension>
            <ns3:hr>149</ns3:hr>
            <ns3:cad>84</ns3:cad>
          </ns3:TrackPointExtension>
        </extensions>
      </trkpt>
      <trkpt lat="31.25174827873706817626953125" lon="121.5079507045447826385498046875">
        <ele>10.80000019073486328125</ele>
        <time>2026-08-12T06:25:32.000Z</time>
        <extensions>
          <ns3:TrackPointExtension>
            <ns3:hr>149</ns3:hr>
            <ns3:cad>84</ns3:cad>
          </ns3:TrackPointExtension>
        </extensions>
      </trkpt>
      <trkpt lat="31.25168717466294765472412109375" lon="121.5077606029808521270751953125">
        <ele>15.3999996185302734375</ele>
        <time>2026-08-12T06:25:39.000Z</time>
        <extensions>
          <ns3:TrackPointExtension>
            <ns3:hr>150</ns3:hr>
            <ns3:cad>85</ns3:cad>
          </ns3:TrackPointExtension>
        </extensions>
      </trkpt>
      <trkpt lat="31.2516964785754680633544921875" lon="121.50753177702426910400390625">
        <ele>24.200000762939453125</ele>
        <time>2026-08-12T06:25:46.000Z</time>
        <extensions>
          <ns3:TrackPointExtension>
            <ns3:hr>151</ns3:hr>
            <ns3:cad>84</ns3:cad>
          </ns3:TrackPointExtension>
        </extensions>
      </trkpt>
      <trkpt lat="31.25169932842254638671875" lon="121.50749933905899524688720703125">
        <ele>25</ele>
        <time>2026-08-12T06:25:47.000Z</time>
        <extensions>
          <ns3:TrackPointExtension>
            <ns3:hr>151</ns3:hr>
            <ns3:cad>84</ns3:cad>
          </ns3:TrackPointExtension>
        </extensions>
      </trkpt>
      <trkpt lat="31.251729838550090789794921875" lon="121.5072670765221118927001953125">
        <ele>30</ele>
        <time>2026-08-12T06:25:55.000Z</time>
        <extensions>
          <ns3:TrackPointExtension>
            <ns3:hr>152</ns3:hr>
            <ns3:cad>84</ns3:cad>
          </ns3:TrackPointExtension>
        </extensions>
      </trkpt>
      <trkpt lat="31.2517301738262176513671875" lon="121.5070514939725399017333984375">
        <ele>24.799999237060546875</ele>
        <time>2026-08-12T06:26:02.000Z</time>
        <extensions>
          <ns3:TrackPointExtension>
            <ns3:hr>152</ns3:hr>
            <ns3:cad>85</ns3:cad>
          </ns3:TrackPointExtension>
        </extensions>
      </trkpt>
      <trkpt lat="31.2517119012773036956787109375" lon="121.50683716870844364166259765625">
        <ele>18.6000003814697265625</ele>
        <time>2026-08-12T06:26:08.000Z</time>
        <extensions>
          <ns3:TrackPointExtension>
            <ns3:hr>152</ns3:hr>
            <ns3:cad>85</ns3:cad>
          </ns3:TrackPointExtension>
        </extensions>
      </trkpt>
      <trkpt lat="31.25170393846929073333740234375" lon="121.50679760612547397613525390625">
        <ele>17.3999996185302734375</ele>
        <time>2026-08-12T06:26:10.000Z</time>
        <extensions>
          <ns3:TrackPointExtension>
            <ns3:hr>152</ns3:hr>
            <ns3:cad>85</ns3:cad>
          </ns3:TrackPointExtension>
        </extensions>
      </trkpt>
      <trkpt lat="31.2516797147691249847412109375" lon="121.50674832053482532501220703125">
        <ele>15.6000003814697265625</ele>
        <time>2026-08-12T06:26:12.000Z</time>
        <extensions>
          <ns3:TrackPointExtension>
            <ns3:hr>152</ns3:hr>
            <ns3:cad>85</ns3:cad>
          </ns3:TrackPointExtension>
        </extensions>
      </trkpt>
      <trkpt lat="31.25171609222888946533203125" lon="121.5066454745829105377197265625">
        <ele>14</ele>
        <time>2026-08-12T06:26:16.000Z</time>
        <extensions>
          <ns3:TrackPointExtension>
            <ns3:hr>152</ns3:hr>
            <ns3:cad>84</ns3:cad>
          </ns3:TrackPointExtension>
        </extensions>
      </trkpt>
      <trkpt lat="31.25173151493072509765625" lon="121.506622172892093658447265625">
        <ele>13.80000019073486328125</ele>
        <time>2026-08-12T06:26:17.000Z</time>
        <extensions>
          <ns3:TrackPointExtension>
            <ns3:hr>152</ns3:hr>
            <ns3:cad>85</ns3:cad>
          </ns3:TrackPointExtension>
        </extensions>
      </trkpt>
      <trkpt lat="31.25176344998180866241455078125" lon="121.506402902305126190185546875">
        <ele>7.599999904632568359375</ele>
        <time>2026-08-12T06:26:24.000Z</time>
        <extensions>
          <ns3:TrackPointExtension>
            <ns3:hr>153</ns3:hr>
            <ns3:cad>85</ns3:cad>
          </ns3:TrackPointExtension>
        </extensions>
      </trkpt>
      <trkpt lat="31.251760683953762054443359375" lon="121.5063732303678989410400390625">
        <ele>7.400000095367431640625</ele>
        <time>2026-08-12T06:26:25.000Z</time>
        <extensions>
          <ns3:TrackPointExtension>
            <ns3:hr>153</ns3:hr>
            <ns3:cad>85</ns3:cad>
          </ns3:TrackPointExtension>
        </extensions>
      </trkpt>
      <trkpt lat="31.2516914494335651397705078125" lon="121.5061536245048046112060546875">
        <ele>6.599999904632568359375</ele>
        <time>2026-08-12T06:26:32.000Z</time>
        <extensions>
          <ns3:TrackPointExtension>
            <ns3:hr>154</ns3:hr>
            <ns3:cad>84</ns3:cad>
          </ns3:TrackPointExtension>
        </extensions>
      </trkpt>
      <trkpt lat="31.25168859958648681640625" lon="121.5061207674443721771240234375">
        <ele>6.80000019073486328125</ele>
        <time>2026-08-12T06:26:33.000Z</time>
        <extensions>
          <ns3:TrackPointExtension>
            <ns3:hr>154</ns3:hr>
            <ns3:cad>84</ns3:cad>
          </ns3:TrackPointExtension>
        </extensions>
      </trkpt>
      <trkpt lat="31.2516673095524311065673828125" lon="121.50590929202735424041748046875">
        <ele>8</ele>
        <time>2026-08-12T06:26:39.000Z</time>
        <extensions>
          <ns3:TrackPointExtension>
            <ns3:hr>154</ns3:hr>
            <ns3:cad>84</ns3:cad>
          </ns3:TrackPointExtension>
        </extensions>
      </trkpt>
      <trkpt lat="31.2516639567911624908447265625" lon="121.50577484630048274993896484375">
        <ele>9</ele>
        <time>2026-08-12T06:26:43.000Z</time>
        <extensions>
          <ns3:TrackPointExtension>
            <ns3:hr>154</ns3:hr>
            <ns3:cad>85</ns3:cad>
          </ns3:TrackPointExtension>
        </extensions>
      </trkpt>
      <trkpt lat="31.251649372279644012451171875" lon="121.50555322878062725067138671875">
        <ele>10.6000003814697265625</ele>
        <time>2026-08-12T06:26:49.000Z</time>
        <extensions>
          <ns3:TrackPointExtension>
            <ns3:hr>154</ns3:hr>
            <ns3:cad>85</ns3:cad>
          </ns3:TrackPointExtension>
        </extensions>
      </trkpt>
      <trkpt lat="31.2516585923731327056884765625" lon="121.50537854991853237152099609375">
        <ele>9.80000019073486328125</ele>
        <time>2026-08-12T06:26:54.000Z</time>
        <extensions>
          <ns3:TrackPointExtension>
            <ns3:hr>155</ns3:hr>
            <ns3:cad>84</ns3:cad>
          </ns3:TrackPointExtension>
        </extensions>
      </trkpt>
      <trkpt lat="31.251648701727390289306640625" lon="121.505166403949260711669921875">
        <ele>8.3999996185302734375</ele>
        <time>2026-08-12T06:27:00.000Z</time>
        <extensions>
          <ns3:TrackPointExtension>
            <ns3:hr>155</ns3:hr>
            <ns3:cad>85</ns3:cad>
          </ns3:TrackPointExtension>
        </extensions>
      </trkpt>
      <trkpt lat="31.25164325349032878875732421875" lon="121.50513228960335254669189453125">
        <ele>8</ele>
        <time>2026-08-12T06:27:01.000Z</time>
        <extensions>
          <ns3:TrackPointExtension>
            <ns3:hr>155</ns3:hr>
            <ns3:cad>85</ns3:cad>
          </ns3:TrackPointExtension>
        </extensions>
      </trkpt>
      <trkpt lat="31.251624561846256256103515625" lon="121.5049012005329132080078125">
        <ele>5</ele>
        <time>2026-08-12T06:27:09.000Z</time>
        <extensions>
          <ns3:TrackPointExtension>
            <ns3:hr>156</ns3:hr>
            <ns3:cad>84</ns3:cad>
          </ns3:TrackPointExtension>
        </extensions>
      </trkpt>
      <trkpt lat="31.2516113184392452239990234375" lon="121.50469006039202213287353515625">
        <ele>2.400000095367431640625</ele>
        <time>2026-08-12T06:27:16.000Z</time>
        <extensions>
          <ns3:TrackPointExtension>
            <ns3:hr>155</ns3:hr>
            <ns3:cad>84</ns3:cad>
          </ns3:TrackPointExtension>
        </extensions>
      </trkpt>
      <trkpt lat="31.25159128569066524505615234375" lon="121.50447162799537181854248046875">
        <ele>0.800000011920928955078125</ele>
        <time>2026-08-12T06:27:22.000Z</time>
        <extensions>
          <ns3:TrackPointExtension>
            <ns3:hr>156</ns3:hr>
            <ns3:cad>83</ns3:cad>
          </ns3:TrackPointExtension>
        </extensions>
      </trkpt>
      <trkpt lat="31.25158256851136684417724609375" lon="121.5044329874217510223388671875">
        <ele>0.800000011920928955078125</ele>
        <time>2026-08-12T06:27:23.000Z</time>
        <extensions>
          <ns3:TrackPointExtension>
            <ns3:hr>156</ns3:hr>
            <ns3:cad>84</ns3:cad>
          </ns3:TrackPointExtension>
        </extensions>
      </trkpt>
      <trkpt lat="31.2515499629080295562744140625" lon="121.50419116951525211334228515625">
        <ele>2.2000000476837158203125</ele>
        <time>2026-08-12T06:27:30.000Z</time>
        <extensions>
          <ns3:TrackPointExtension>
            <ns3:hr>157</ns3:hr>
            <ns3:cad>85</ns3:cad>
          </ns3:TrackPointExtension>
        </extensions>
      </trkpt>
      <trkpt lat="31.25152993015944957733154296875" lon="121.50401137769222259521484375">
        <ele>3.7999999523162841796875</ele>
        <time>2026-08-12T06:27:35.000Z</time>
        <extensions>
          <ns3:TrackPointExtension>
            <ns3:hr>157</ns3:hr>
            <ns3:cad>83</ns3:cad>
          </ns3:TrackPointExtension>
        </extensions>
      </trkpt>
      <trkpt lat="31.25150830484926700592041015625" lon="121.50383460335433483123779296875">
        <ele>6</ele>
        <time>2026-08-12T06:27:42.000Z</time>
        <extensions>
          <ns3:TrackPointExtension>
            <ns3:hr>157</ns3:hr>
            <ns3:cad>83</ns3:cad>
          </ns3:TrackPointExtension>
        </extensions>
      </trkpt>
      <trkpt lat="31.2514802254736423492431640625" lon="121.50361550040543079376220703125">
        <ele>7.599999904632568359375</ele>
        <time>2026-08-12T06:27:50.000Z</time>
        <extensions>
          <ns3:TrackPointExtension>
            <ns3:hr>157</ns3:hr>
            <ns3:cad>83</ns3:cad>
          </ns3:TrackPointExtension>
        </extensions>
      </trkpt>
      <trkpt lat="31.25147695653140544891357421875" lon="121.50358892977237701416015625">
        <ele>7.80000019073486328125</ele>
        <time>2026-08-12T06:27:51.000Z</time>
        <extensions>
          <ns3:TrackPointExtension>
            <ns3:hr>157</ns3:hr>
            <ns3:cad>84</ns3:cad>
          </ns3:TrackPointExtension>
        </extensions>
      </trkpt>
      <trkpt lat="31.25146756879985332489013671875" lon="121.50344266556203365325927734375">
        <ele>8.80000019073486328125</ele>
        <time>2026-08-12T06:27:58.000Z</time>
        <extensions>
          <ns3:TrackPointExtension>
            <ns3:hr>157</ns3:hr>
            <ns3:cad>82</ns3:cad>
          </ns3:TrackPointExtension>
        </extensions>
      </trkpt>
      <trkpt lat="31.25138710252940654754638671875" lon="121.503253318369388580322265625">
        <ele>9.3999996185302734375</ele>
        <time>2026-08-12T06:28:04.000Z</time>
        <extensions>
          <ns3:TrackPointExtension>
            <ns3:hr>157</ns3:hr>
            <ns3:cad>83</ns3:cad>
          </ns3:TrackPointExtension>
        </extensions>
      </trkpt>
      <trkpt lat="31.2513720989227294921875" lon="121.5031921304762363433837890625">
        <ele>9.6000003814697265625</ele>
        <time>2026-08-12T06:28:06.000Z</time>
        <extensions>
          <ns3:TrackPointExtension>
            <ns3:hr>158</ns3:hr>
            <ns3:cad>84</ns3:cad>
          </ns3:TrackPointExtension>
        </extensions>
      </trkpt>
      <trkpt lat="31.25134536065161228179931640625" lon="121.50296942330896854400634765625">
        <ele>10</ele>
        <time>2026-08-12T06:28:13.000Z</time>
        <extensions>
          <ns3:TrackPointExtension>
            <ns3:hr>160</ns3:hr>
            <ns3:cad>84</ns3:cad>
          </ns3:TrackPointExtension>
        </extensions>
      </trkpt>
      <trkpt lat="31.25134200789034366607666015625" lon="121.502810083329677581787109375">
        <ele>10</ele>
        <time>2026-08-12T06:28:19.000Z</time>
        <extensions>
          <ns3:TrackPointExtension>
            <ns3:hr>159</ns3:hr>
            <ns3:cad>84</ns3:cad>
          </ns3:TrackPointExtension>
        </extensions>
      </trkpt>
      <trkpt lat="31.2513028644025325775146484375" lon="121.50261118076741695404052734375">
        <ele>8.19999980926513671875</ele>
        <time>2026-08-12T06:28:26.000Z</time>
        <extensions>
          <ns3:TrackPointExtension>
            <ns3:hr>158</ns3:hr>
            <ns3:cad>85</ns3:cad>
          </ns3:TrackPointExtension>
        </extensions>
      </trkpt>
      <trkpt lat="31.25131216831505298614501953125" lon="121.50239241309463977813720703125">
        <ele>8</ele>
        <time>2026-08-12T06:28:33.000Z</time>
        <extensions>
          <ns3:TrackPointExtension>
            <ns3:hr>158</ns3:hr>
            <ns3:cad>84</ns3:cad>
          </ns3:TrackPointExtension>
        </extensions>
      </trkpt>
      <trkpt lat="31.25131350941956043243408203125" lon="121.50215202011168003082275390625">
        <ele>9.80000019073486328125</ele>
        <time>2026-08-12T06:28:40.000Z</time>
        <extensions>
          <ns3:TrackPointExtension>
            <ns3:hr>158</ns3:hr>
            <ns3:cad>84</ns3:cad>
          </ns3:TrackPointExtension>
        </extensions>
      </trkpt>
      <trkpt lat="31.25131736509501934051513671875" lon="121.50212788023054599761962890625">
        <ele>10.19999980926513671875</ele>
        <time>2026-08-12T06:28:41.000Z</time>
        <extensions>
          <ns3:TrackPointExtension>
            <ns3:hr>158</ns3:hr>
            <ns3:cad>84</ns3:cad>
          </ns3:TrackPointExtension>
        </extensions>
      </trkpt>
      <trkpt lat="31.25135424546897411346435546875" lon="121.5019083581864833831787109375">
        <ele>13.6000003814697265625</ele>
        <time>2026-08-12T06:28:48.000Z</time>
        <extensions>
          <ns3:TrackPointExtension>
            <ns3:hr>158</ns3:hr>
            <ns3:cad>84</ns3:cad>
          </ns3:TrackPointExtension>
        </extensions>
      </trkpt>
      <trkpt lat="31.25135600566864013671875" lon="121.501877345144748687744140625">
        <ele>13.80000019073486328125</ele>
        <time>2026-08-12T06:28:49.000Z</time>
        <extensions>
          <ns3:TrackPointExtension>
            <ns3:hr>158</ns3:hr>
            <ns3:cad>84</ns3:cad>
          </ns3:TrackPointExtension>
        </extensions>
      </trkpt>
      <trkpt lat="31.251354999840259552001953125" lon="121.501641981303691864013671875">
        <ele>14.80000019073486328125</ele>
        <time>2026-08-12T06:28:57.000Z</time>
        <extensions>
          <ns3:TrackPointExtension>
            <ns3:hr>158</ns3:hr>
            <ns3:cad>84</ns3:cad>
          </ns3:TrackPointExtension>
        </extensions>
      </trkpt>
      <trkpt lat="31.25134594738483428955078125" lon="121.50159261189401149749755859375">
        <ele>14.6000003814697265625</ele>
        <time>2026-08-12T06:28:59.000Z</time>
        <extensions>
          <ns3:TrackPointExtension>
            <ns3:hr>158</ns3:hr>
            <ns3:cad>85</ns3:cad>
          </ns3:TrackPointExtension>
        </extensions>
      </trkpt>
      <trkpt lat="31.25133831985294818878173828125" lon="121.5014671348035335540771484375">
        <ele>14.19999980926513671875</ele>
        <time>2026-08-12T06:29:03.000Z</time>
        <extensions>
          <ns3:TrackPointExtension>
            <ns3:hr>157</ns3:hr>
            <ns3:cad>84</ns3:cad>
          </ns3:TrackPointExtension>
        </extensions>
      </trkpt>
      <trkpt lat="31.2513447739183902740478515625" lon="121.501359678804874420166015625">
        <ele>13.3999996185302734375</ele>
        <time>2026-08-12T06:29:06.000Z</time>
        <extensions>
          <ns3:TrackPointExtension>
            <ns3:hr>157</ns3:hr>
            <ns3:cad>84</ns3:cad>
          </ns3:TrackPointExtension>
        </extensions>
      </trkpt>
      <trkpt lat="31.25134234316647052764892578125" lon="121.50129388086497783660888671875">
        <ele>12.80000019073486328125</ele>
        <time>2026-08-12T06:29:08.000Z</time>
        <extensions>
          <ns3:TrackPointExtension>
            <ns3:hr>157</ns3:hr>
            <ns3:cad>85</ns3:cad>
          </ns3:TrackPointExtension>
        </extensions>
      </trkpt>
      <trkpt lat="31.2513224780559539794921875" lon="121.50116614066064357757568359375">
        <ele>11</ele>
        <time>2026-08-12T06:29:12.000Z</time>
        <extensions>
          <ns3:TrackPointExtension>
            <ns3:hr>157</ns3:hr>
            <ns3:cad>85</ns3:cad>
          </ns3:TrackPointExtension>
        </extensions>
      </trkpt>
      <trkpt lat="31.25129523687064647674560546875" lon="121.5009719319641590118408203125">
        <ele>10.80000019073486328125</ele>
        <time>2026-08-12T06:29:18.000Z</time>
        <extensions>
          <ns3:TrackPointExtension>
            <ns3:hr>157</ns3:hr>
            <ns3:cad>85</ns3:cad>
          </ns3:TrackPointExtension>
        </extensions>
      </trkpt>
      <trkpt lat="31.25125181861221790313720703125" lon="121.500774286687374114990234375">
        <ele>10.6000003814697265625</ele>
        <time>2026-08-12T06:29:25.000Z</time>
        <extensions>
          <ns3:TrackPointExtension>
            <ns3:hr>158</ns3:hr>
            <ns3:cad>84</ns3:cad>
          </ns3:TrackPointExtension>
        </extensions>
      </trkpt>
      <trkpt lat="31.2512339651584625244140625" lon="121.50062953121960163116455078125">
        <ele>11.6000003814697265625</ele>
        <time>2026-08-12T06:29:31.000Z</time>
        <extensions>
          <ns3:TrackPointExtension>
            <ns3:hr>160</ns3:hr>
            <ns3:cad>84</ns3:cad>
          </ns3:TrackPointExtension>
        </extensions>
      </trkpt>
      <trkpt lat="31.2511776387691497802734375" lon="121.500455774366855621337890625">
        <ele>9.19999980926513671875</ele>
        <time>2026-08-12T06:29:37.000Z</time>
        <extensions>
          <ns3:TrackPointExtension>
            <ns3:hr>159</ns3:hr>
            <ns3:cad>84</ns3:cad>
          </ns3:TrackPointExtension>
        </extensions>
      </trkpt>
      <trkpt lat="31.25110681168735027313232421875" lon="121.50028981268405914306640625">
        <ele>5.599999904632568359375</ele>
        <time>2026-08-12T06:29:43.000Z</time>
        <extensions>
          <ns3:TrackPointExtension>
            <ns3:hr>160</ns3:hr>
            <ns3:cad>84</ns3:cad>
          </ns3:TrackPointExtension>
        </extensions>
      </trkpt>
      <trkpt lat="31.25103070400655269622802734375" lon="121.500093005597591400146484375">
        <ele>2.400000095367431640625</ele>
        <time>2026-08-12T06:29:50.000Z</time>
        <extensions>
          <ns3:TrackPointExtension>
            <ns3:hr>160</ns3:hr>
            <ns3:cad>84</ns3:cad>
          </ns3:TrackPointExtension>
        </extensions>
      </trkpt>
      <trkpt lat="31.2509791553020477294921875" lon="121.499865017831325531005859375">
        <ele>2</ele>
        <time>2026-08-12T06:29:57.000Z</time>
        <extensions>
          <ns3:TrackPointExtension>
            <ns3:hr>159</ns3:hr>
            <ns3:cad>84</ns3:cad>
          </ns3:TrackPointExtension>
        </extensions>
      </trkpt>
      <trkpt lat="31.250927187502384185791015625" lon="121.49963535368442535400390625">
        <ele>3.7999999523162841796875</ele>
        <time>2026-08-12T06:30:04.000Z</time>
        <extensions>
          <ns3:TrackPointExtension>
            <ns3:hr>159</ns3:hr>
            <ns3:cad>83</ns3:cad>
          </ns3:TrackPointExtension>
        </extensions>
      </trkpt>
      <trkpt lat="31.25084127299487590789794921875" lon="121.49942480027675628662109375">
        <ele>6.19999980926513671875</ele>
        <time>2026-08-12T06:30:11.000Z</time>
        <extensions>
          <ns3:TrackPointExtension>
            <ns3:hr>160</ns3:hr>
            <ns3:cad>84</ns3:cad>
          </ns3:TrackPointExtension>
        </extensions>
      </trkpt>
      <trkpt lat="31.25079500488936901092529296875" lon="121.49932061322033405303955078125">
        <ele>6.400000095367431640625</ele>
        <time>2026-08-12T06:30:15.000Z</time>
        <extensions>
          <ns3:TrackPointExtension>
            <ns3:hr>159</ns3:hr>
            <ns3:cad>84</ns3:cad>
          </ns3:TrackPointExtension>
        </extensions>
      </trkpt>
      <trkpt lat="31.2506916560232639312744140625" lon="121.49913704954087734222412109375">
        <ele>7.400000095367431640625</ele>
        <time>2026-08-12T06:30:22.000Z</time>
        <extensions>
          <ns3:TrackPointExtension>
            <ns3:hr>160</ns3:hr>
            <ns3:cad>83</ns3:cad>
          </ns3:TrackPointExtension>
        </extensions>
      </trkpt>
      <trkpt lat="31.25067698769271373748779296875" lon="121.49911743588745594024658203125">
        <ele>7.19999980926513671875</ele>
        <time>2026-08-12T06:30:23.000Z</time>
        <extensions>
          <ns3:TrackPointExtension>
            <ns3:hr>160</ns3:hr>
            <ns3:cad>84</ns3:cad>
          </ns3:TrackPointExtension>
        </extensions>
      </trkpt>
      <trkpt lat="31.2505880557000637054443359375" lon="121.49894342757761478424072265625">
        <ele>6.19999980926513671875</ele>
        <time>2026-08-12T06:30:30.000Z</time>
        <extensions>
          <ns3:TrackPointExtension>
            <ns3:hr>160</ns3:hr>
            <ns3:cad>84</ns3:cad>
          </ns3:TrackPointExtension>
        </extensions>
      </trkpt>
      <trkpt lat="31.25053248368203639984130859375" lon="121.498774699866771697998046875">
        <ele>5.19999980926513671875</ele>
        <time>2026-08-12T06:30:36.000Z</time>
        <extensions>
          <ns3:TrackPointExtension>
            <ns3:hr>157</ns3:hr>
            <ns3:cad>84</ns3:cad>
          </ns3:TrackPointExtension>
        </extensions>
      </trkpt>
      <trkpt lat="31.25051471404731273651123046875" lon="121.49872767738997936248779296875">
        <ele>4.80000019073486328125</ele>
        <time>2026-08-12T06:30:38.000Z</time>
        <extensions>
          <ns3:TrackPointExtension>
            <ns3:hr>158</ns3:hr>
            <ns3:cad>85</ns3:cad>
          </ns3:TrackPointExtension>
        </extensions>
      </trkpt>
      <trkpt lat="31.25043843872845172882080078125" lon="121.4986182935535907745361328125">
        <ele>4.599999904632568359375</ele>
        <time>2026-08-12T06:30:43.000Z</time>
        <extensions>
          <ns3:TrackPointExtension>
            <ns3:hr>158</ns3:hr>
            <ns3:cad>84</ns3:cad>
          </ns3:TrackPointExtension>
        </extensions>
      </trkpt>
      <trkpt lat="31.25031840987503528594970703125" lon="121.49844738654792308807373046875">
        <ele>3.400000095367431640625</ele>
        <time>2026-08-12T06:30:49.000Z</time>
        <extensions>
          <ns3:TrackPointExtension>
            <ns3:hr>158</ns3:hr>
            <ns3:cad>85</ns3:cad>
          </ns3:TrackPointExtension>
        </extensions>
      </trkpt>
      <trkpt lat="31.250251270830631256103515625" lon="121.498249657452106475830078125">
        <ele>1.60000002384185791015625</ele>
        <time>2026-08-12T06:30:55.000Z</time>
        <extensions>
          <ns3:TrackPointExtension>
            <ns3:hr>159</ns3:hr>
            <ns3:cad>85</ns3:cad>
          </ns3:TrackPointExtension>
        </extensions>
      </trkpt>
      <trkpt lat="31.2501904182136058807373046875" lon="121.49803063832223415374755859375">
        <ele>-1.2000000476837158203125</ele>
        <time>2026-08-12T06:31:02.000Z</time>
        <extensions>
          <ns3:TrackPointExtension>
            <ns3:hr>160</ns3:hr>
            <ns3:cad>85</ns3:cad>
          </ns3:TrackPointExtension>
        </extensions>
      </trkpt>
      <trkpt lat="31.2501713074743747711181640625" lon="121.49796559475362300872802734375">
        <ele>-1.2000000476837158203125</ele>
        <time>2026-08-12T06:31:04.000Z</time>
        <extensions>
          <ns3:TrackPointExtension>
            <ns3:hr>160</ns3:hr>
            <ns3:cad>84</ns3:cad>
          </ns3:TrackPointExtension>
        </extensions>
      </trkpt>
      <trkpt lat="31.25012998469173908233642578125" lon="121.49781153537333011627197265625">
        <ele>-1.39999997615814208984375</ele>
        <time>2026-08-12T06:31:09.000Z</time>
        <extensions>
          <ns3:TrackPointExtension>
            <ns3:hr>160</ns3:hr>
            <ns3:cad>85</ns3:cad>
          </ns3:TrackPointExtension>
        </extensions>
      </trkpt>
      <trkpt lat="31.250100396573543548583984375" lon="121.4976962842047214508056640625">
        <ele>-2.400000095367431640625</ele>
        <time>2026-08-12T06:31:13.000Z</time>
        <extensions>
          <ns3:TrackPointExtension>
            <ns3:hr>160</ns3:hr>
            <ns3:cad>84</ns3:cad>
          </ns3:TrackPointExtension>
        </extensions>
      </trkpt>
      <trkpt lat="31.250050105154514312744140625" lon="121.4974860660731792449951171875">
        <ele>-1.7999999523162841796875</ele>
        <time>2026-08-12T06:31:20.000Z</time>
        <extensions>
          <ns3:TrackPointExtension>
            <ns3:hr>160</ns3:hr>
            <ns3:cad>84</ns3:cad>
          </ns3:TrackPointExtension>
        </extensions>
      </trkpt>
      <trkpt lat="31.25004365108907222747802734375" lon="121.4974575676023960113525390625">
        <ele>-1.60000002384185791015625</ele>
        <time>2026-08-12T06:31:21.000Z</time>
        <extensions>
          <ns3:TrackPointExtension>
            <ns3:hr>160</ns3:hr>
            <ns3:cad>84</ns3:cad>
          </ns3:TrackPointExtension>
        </extensions>
      </trkpt>
      <trkpt lat="31.2499671243131160736083984375" lon="121.49723821319639682769775390625">
        <ele>-1.60000002384185791015625</ele>
        <time>2026-08-12T06:31:29.000Z</time>
        <extensions>
          <ns3:TrackPointExtension>
            <ns3:hr>160</ns3:hr>
            <ns3:cad>84</ns3:cad>
          </ns3:TrackPointExtension>
        </extensions>
      </trkpt>
      <trkpt lat="31.24994357116520404815673828125" lon="121.49717786349356174468994140625">
        <ele>-1.39999997615814208984375</ele>
        <time>2026-08-12T06:31:31.000Z</time>
        <extensions>
          <ns3:TrackPointExtension>
            <ns3:hr>161</ns3:hr>
            <ns3:cad>84</ns3:cad>
          </ns3:TrackPointExtension>
        </extensions>
      </trkpt>
      <trkpt lat="31.24985991977155208587646484375" lon="121.49698575027287006378173828125">
        <ele>1.39999997615814208984375</ele>
        <time>2026-08-12T06:31:38.000Z</time>
        <extensions>
          <ns3:TrackPointExtension>
            <ns3:hr>161</ns3:hr>
            <ns3:cad>85</ns3:cad>
          </ns3:TrackPointExtension>
        </extensions>
      </trkpt>
      <trkpt lat="31.249838210642337799072265625" lon="121.4969274960458278656005859375">
        <ele>2.2000000476837158203125</ele>
        <time>2026-08-12T06:31:40.000Z</time>
        <extensions>
          <ns3:TrackPointExtension>
            <ns3:hr>161</ns3:hr>
            <ns3:cad>84</ns3:cad>
          </ns3:TrackPointExtension>
        </extensions>
      </trkpt>
      <trkpt lat="31.24975581653416156768798828125" lon="121.49673295207321643829345703125">
        <ele>3.400000095367431640625</ele>
        <time>2026-08-12T06:31:47.000Z</time>
        <extensions>
          <ns3:TrackPointExtension>
            <ns3:hr>161</ns3:hr>
            <ns3:cad>84</ns3:cad>
          </ns3:TrackPointExtension>
        </extensions>
      </trkpt>
      <trkpt lat="31.2497099675238132476806640625" lon="121.4966106601059436798095703125">
        <ele>4</ele>
        <time>2026-08-12T06:31:51.000Z</time>
        <extensions>
          <ns3:TrackPointExtension>
            <ns3:hr>161</ns3:hr>
            <ns3:cad>85</ns3:cad>
          </ns3:TrackPointExtension>
        </extensions>
      </trkpt>
      <trkpt lat="31.24961994588375091552734375" lon="121.49640119634568691253662109375">
        <ele>3.7999999523162841796875</ele>
        <time>2026-08-12T06:31:59.000Z</time>
        <extensions>
          <ns3:TrackPointExtension>
            <ns3:hr>161</ns3:hr>
            <ns3:cad>85</ns3:cad>
          </ns3:TrackPointExtension>
        </extensions>
      </trkpt>
      <trkpt lat="31.249592117965221405029296875" lon="121.4962190575897693634033203125">
        <ele>5.19999980926513671875</ele>
        <time>2026-08-12T06:32:05.000Z</time>
        <extensions>
          <ns3:TrackPointExtension>
            <ns3:hr>161</ns3:hr>
            <ns3:cad>84</ns3:cad>
          </ns3:TrackPointExtension>
        </extensions>
      </trkpt>
      <trkpt lat="31.2495064549148082733154296875" lon="121.49603490717709064483642578125">
        <ele>5.80000019073486328125</ele>
        <time>2026-08-12T06:32:12.000Z</time>
        <extensions>
          <ns3:TrackPointExtension>
            <ns3:hr>161</ns3:hr>
            <ns3:cad>85</ns3:cad>
          </ns3:TrackPointExtension>
        </extensions>
      </trkpt>
      <trkpt lat="31.2494896911084651947021484375" lon="121.49601244367659091949462890625">
        <ele>5.599999904632568359375</ele>
        <time>2026-08-12T06:32:13.000Z</time>
        <extensions>
          <ns3:TrackPointExtension>
            <ns3:hr>162</ns3:hr>
            <ns3:cad>85</ns3:cad>
          </ns3:TrackPointExtension>
        </extensions>
      </trkpt>
      <trkpt lat="31.24937175773084163665771484375" lon="121.49585167877376079559326171875">
        <ele>5</ele>
        <time>2026-08-12T06:32:20.000Z</time>
        <extensions>
          <ns3:TrackPointExtension>
            <ns3:hr>162</ns3:hr>
            <ns3:cad>86</ns3:cad>
          </ns3:TrackPointExtension>
        </extensions>
      </trkpt>
      <trkpt lat="31.24928324483335018157958984375" lon="121.49565822444856166839599609375">
        <ele>6</ele>
        <time>2026-08-12T06:32:27.000Z</time>
        <extensions>
          <ns3:TrackPointExtension>
            <ns3:hr>162</ns3:hr>
            <ns3:cad>85</ns3:cad>
          </ns3:TrackPointExtension>
        </extensions>
      </trkpt>
      <trkpt lat="31.24924804084002971649169921875" lon="121.49557641707360744476318359375">
        <ele>6.400000095367431640625</ele>
        <time>2026-08-12T06:32:30.000Z</time>
        <extensions>
          <ns3:TrackPointExtension>
            <ns3:hr>162</ns3:hr>
            <ns3:cad>85</ns3:cad>
          </ns3:TrackPointExtension>
        </extensions>
      </trkpt>
      <trkpt lat="31.249173022806644439697265625" lon="121.49537122808396816253662109375">
        <ele>6</ele>
        <time>2026-08-12T06:32:37.000Z</time>
        <extensions>
          <ns3:TrackPointExtension>
            <ns3:hr>162</ns3:hr>
            <ns3:cad>84</ns3:cad>
          </ns3:TrackPointExtension>
        </extensions>
      </trkpt>
      <trkpt lat="31.2491540797054767608642578125" lon="121.49531121365725994110107421875">
        <ele>5.80000019073486328125</ele>
        <time>2026-08-12T06:32:39.000Z</time>
        <extensions>
          <ns3:TrackPointExtension>
            <ns3:hr>162</ns3:hr>
            <ns3:cad>85</ns3:cad>
          </ns3:TrackPointExtension>
        </extensions>
      </trkpt>
      <trkpt lat="31.2490712665021419525146484375" lon="121.49511449038982391357421875">
        <ele>7.599999904632568359375</ele>
        <time>2026-08-12T06:32:46.000Z</time>
        <extensions>
          <ns3:TrackPointExtension>
            <ns3:hr>163</ns3:hr>
            <ns3:cad>85</ns3:cad>
          </ns3:TrackPointExtension>
        </extensions>
      </trkpt>
      <trkpt lat="31.24899306334555149078369140625" lon="121.49491139687597751617431640625">
        <ele>9.6000003814697265625</ele>
        <time>2026-08-12T06:32:53.000Z</time>
        <extensions>
          <ns3:TrackPointExtension>
            <ns3:hr>163</ns3:hr>
            <ns3:cad>85</ns3:cad>
          </ns3:TrackPointExtension>
        </extensions>
      </trkpt>
      <trkpt lat="31.24895609915256500244140625" lon="121.494825817644596099853515625">
        <ele>10</ele>
        <time>2026-08-12T06:32:56.000Z</time>
        <extensions>
          <ns3:TrackPointExtension>
            <ns3:hr>163</ns3:hr>
            <ns3:cad>85</ns3:cad>
          </ns3:TrackPointExtension>
        </extensions>
      </trkpt>
      <trkpt lat="31.24887303449213504791259765625" lon="121.4946228079497814178466796875">
        <ele>9</ele>
        <time>2026-08-12T06:33:03.000Z</time>
        <extensions>
          <ns3:TrackPointExtension>
            <ns3:hr>164</ns3:hr>
            <ns3:cad>84</ns3:cad>
          </ns3:TrackPointExtension>
        </extensions>
      </trkpt>
      <trkpt lat="31.24883732758462429046630859375" lon="121.49453873746097087860107421875">
        <ele>7.80000019073486328125</ele>
        <time>2026-08-12T06:33:06.000Z</time>
        <extensions>
          <ns3:TrackPointExtension>
            <ns3:hr>164</ns3:hr>
            <ns3:cad>85</ns3:cad>
          </ns3:TrackPointExtension>
        </extensions>
      </trkpt>
      <trkpt lat="31.24876432120800018310546875" lon="121.49434142746031284332275390625">
        <ele>8.19999980926513671875</ele>
        <time>2026-08-12T06:33:13.000Z</time>
        <extensions>
          <ns3:TrackPointExtension>
            <ns3:hr>164</ns3:hr>
            <ns3:cad>85</ns3:cad>
          </ns3:TrackPointExtension>
        </extensions>
      </trkpt>
      <trkpt lat="31.2486799992620944976806640625" lon="121.4941440336406230926513671875">
        <ele>11.6000003814697265625</ele>
        <time>2026-08-12T06:33:20.000Z</time>
        <extensions>
          <ns3:TrackPointExtension>
            <ns3:hr>164</ns3:hr>
            <ns3:cad>85</ns3:cad>
          </ns3:TrackPointExtension>
        </extensions>
      </trkpt>
      <trkpt lat="31.2486035563051700592041015625" lon="121.49394026957452297210693359375">
        <ele>13.19999980926513671875</ele>
        <time>2026-08-12T06:33:27.000Z</time>
        <extensions>
          <ns3:TrackPointExtension>
            <ns3:hr>165</ns3:hr>
            <ns3:cad>84</ns3:cad>
          </ns3:TrackPointExtension>
        </extensions>
      </trkpt>
      <trkpt lat="31.2485797517001628875732421875" lon="121.49388310499489307403564453125">
        <ele>13.80000019073486328125</ele>
        <time>2026-08-12T06:33:29.000Z</time>
        <extensions>
          <ns3:TrackPointExtension>
            <ns3:hr>164</ns3:hr>
            <ns3:cad>85</ns3:cad>
          </ns3:TrackPointExtension>
        </extensions>
      </trkpt>
      <trkpt lat="31.24850121326744556427001953125" lon="121.49367607198655605316162109375">
        <ele>14.80000019073486328125</ele>
        <time>2026-08-12T06:33:36.000Z</time>
        <extensions>
          <ns3:TrackPointExtension>
            <ns3:hr>163</ns3:hr>
            <ns3:cad>85</ns3:cad>
          </ns3:TrackPointExtension>
        </extensions>
      </trkpt>
      <trkpt lat="31.248462907969951629638671875" lon="121.49358705617487430572509765625">
        <ele>14.6000003814697265625</ele>
        <time>2026-08-12T06:33:39.000Z</time>
        <extensions>
          <ns3:TrackPointExtension>
            <ns3:hr>164</ns3:hr>
            <ns3:cad>85</ns3:cad>
          </ns3:TrackPointExtension>
        </extensions>
      </trkpt>
      <trkpt lat="31.24846483580768108367919921875" lon="121.49343006312847137451171875">
        <ele>13.19999980926513671875</ele>
        <time>2026-08-12T06:33:44.000Z</time>
        <extensions>
          <ns3:TrackPointExtension>
            <ns3:hr>165</ns3:hr>
            <ns3:cad>85</ns3:cad>
          </ns3:TrackPointExtension>
        </extensions>
      </trkpt>
      <trkpt lat="31.248473636806011199951171875" lon="121.49335764348506927490234375">
        <ele>12.80000019073486328125</ele>
        <time>2026-08-12T06:33:46.000Z</time>
        <extensions>
          <ns3:TrackPointExtension>
            <ns3:hr>165</ns3:hr>
            <ns3:cad>84</ns3:cad>
          </ns3:TrackPointExtension>
        </extensions>
      </trkpt>
      <trkpt lat="31.248472966253757476806640625" lon="121.493306346237659454345703125">
        <ele>12.3999996185302734375</ele>
        <time>2026-08-12T06:33:49.000Z</time>
        <extensions>
          <ns3:TrackPointExtension>
            <ns3:hr>164</ns3:hr>
            <ns3:cad>84</ns3:cad>
          </ns3:TrackPointExtension>
        </extensions>
      </trkpt>
      <trkpt lat="31.24847053550183773040771484375" lon="121.4931445755064487457275390625">
        <ele>9.6000003814697265625</ele>
        <time>2026-08-12T06:33:55.000Z</time>
        <extensions>
          <ns3:TrackPointExtension>
            <ns3:hr>165</ns3:hr>
            <ns3:cad>84</ns3:cad>
          </ns3:TrackPointExtension>
        </extensions>
      </trkpt>
      <trkpt lat="31.24850305728614330291748046875" lon="121.49306201376020908355712890625">
        <ele>8.80000019073486328125</ele>
        <time>2026-08-12T06:33:59.000Z</time>
        <extensions>
          <ns3:TrackPointExtension>
            <ns3:hr>165</ns3:hr>
            <ns3:cad>85</ns3:cad>
          </ns3:TrackPointExtension>
        </extensions>
      </trkpt>
      <trkpt lat="31.248515211045742034912109375" lon="121.4930512011051177978515625">
        <ele>8.80000019073486328125</ele>
        <time>2026-08-12T06:34:00.000Z</time>
        <extensions>
          <ns3:TrackPointExtension>
            <ns3:hr>165</ns3:hr>
            <ns3:cad>85</ns3:cad>
          </ns3:TrackPointExtension>
        </extensions>
      </trkpt>
      <trkpt lat="31.248513199388980865478515625" lon="121.49304893799126148223876953125">
        <ele>8.80000019073486328125</ele>
        <time>2026-08-12T06:34:02.000Z</time>
        <extensions>
          <ns3:TrackPointExtension>
            <ns3:hr>164</ns3:hr>
            <ns3:cad>84</ns3:cad>
          </ns3:TrackPointExtension>
        </extensions>
      </trkpt>
      <trkpt lat="31.24855016358196735382080078125" lon="121.492999903857707977294921875">
        <ele>7.80000019073486328125</ele>
        <time>2026-08-12T06:34:06.000Z</time>
        <extensions>
          <ns3:TrackPointExtension>
            <ns3:hr>165</ns3:hr>
            <ns3:cad>57</ns3:cad>
          </ns3:TrackPointExtension>
        </extensions>
      </trkpt>
      <trkpt lat="31.2485539354383945465087890625" lon="121.49298540316522121429443359375">
        <ele>7.400000095367431640625</ele>
        <time>2026-08-12T06:34:07.000Z</time>
        <extensions>
          <ns3:TrackPointExtension>
            <ns3:hr>165</ns3:hr>
            <ns3:cad>57</ns3:cad>
          </ns3:TrackPointExtension>
        </extensions>
      </trkpt>
      <trkpt lat="31.24858352355659008026123046875" lon="121.4929289929568767547607421875">
        <ele>6</ele>
        <time>2026-08-12T06:34:12.000Z</time>
        <extensions>
          <ns3:TrackPointExtension>
            <ns3:hr>163</ns3:hr>
            <ns3:cad>61</ns3:cad>
          </ns3:TrackPointExtension>
        </extensions>
      </trkpt>
      <trkpt lat="31.248570866882801055908203125" lon="121.49284056387841701507568359375">
        <ele>3.400000095367431640625</ele>
        <time>2026-08-12T06:34:19.000Z</time>
        <extensions>
          <ns3:TrackPointExtension>
            <ns3:hr>161</ns3:hr>
            <ns3:cad>55</ns3:cad>
          </ns3:TrackPointExtension>
        </extensions>
      </trkpt>
      <trkpt lat="31.24855016358196735382080078125" lon="121.49274735711514949798583984375">
        <ele>0.800000011920928955078125</ele>
        <time>2026-08-12T06:34:25.000Z</time>
        <extensions>
          <ns3:TrackPointExtension>
            <ns3:hr>160</ns3:hr>
            <ns3:cad>55</ns3:cad>
          </ns3:TrackPointExtension>
        </extensions>
      </trkpt>
      <trkpt lat="31.2485411949455738067626953125" lon="121.49272254668176174163818359375">
        <ele>0.4000000059604644775390625</ele>
        <time>2026-08-12T06:34:26.000Z</time>
        <extensions>
          <ns3:TrackPointExtension>
            <ns3:hr>160</ns3:hr>
            <ns3:cad>55</ns3:cad>
          </ns3:TrackPointExtension>
        </extensions>
      </trkpt>
      <trkpt lat="31.24851630069315433502197265625" lon="121.49270175956189632415771484375">
        <ele>0.20000000298023223876953125</ele>
        <time>2026-08-12T06:34:30.000Z</time>
        <extensions>
          <ns3:TrackPointExtension>
            <ns3:hr>157</ns3:hr>
            <ns3:cad>55</ns3:cad>
          </ns3:TrackPointExtension>
        </extensions>
      </trkpt>
      <trkpt lat="31.2484972737729549407958984375" lon="121.4926852472126483917236328125">
        <ele>0.20000000298023223876953125</ele>
        <time>2026-08-12T06:34:33.000Z</time>
        <extensions>
          <ns3:TrackPointExtension>
            <ns3:hr>155</ns3:hr>
            <ns3:cad>55</ns3:cad>
          </ns3:TrackPointExtension>
        </extensions>
      </trkpt>
      <trkpt lat="31.2484793365001678466796875" lon="121.49265448562800884246826171875">
        <ele>-0.20000000298023223876953125</ele>
        <time>2026-08-12T06:34:35.000Z</time>
        <extensions>
          <ns3:TrackPointExtension>
            <ns3:hr>152</ns3:hr>
            <ns3:cad>55</ns3:cad>
          </ns3:TrackPointExtension>
        </extensions>
      </trkpt>
      <trkpt lat="31.24846768565475940704345703125" lon="121.4926289208233356475830078125">
        <ele>-0.4000000059604644775390625</ele>
        <time>2026-08-12T06:34:37.000Z</time>
        <extensions>
          <ns3:TrackPointExtension>
            <ns3:hr>149</ns3:hr>
            <ns3:cad>55</ns3:cad>
          </ns3:TrackPointExtension>
        </extensions>
      </trkpt>
      <trkpt lat="31.24844538979232311248779296875" lon="121.49259430356323719024658203125">
        <ele>-0.800000011920928955078125</ele>
        <time>2026-08-12T06:34:40.000Z</time>
        <extensions>
          <ns3:TrackPointExtension>
            <ns3:hr>145</ns3:hr>
            <ns3:cad>0</ns3:cad>
          </ns3:TrackPointExtension>
        </extensions>
      </trkpt>
      <trkpt lat="31.24844119884073734283447265625" lon="121.49257116951048374176025390625">
        <ele>-1</ele>
        <time>2026-08-12T06:34:42.000Z</time>
        <extensions>
          <ns3:TrackPointExtension>
            <ns3:hr>142</ns3:hr>
            <ns3:cad>0</ns3:cad>
          </ns3:TrackPointExtension>
        </extensions>
      </trkpt>
      <trkpt lat="31.2484305538237094879150390625" lon="121.49255373515188694000244140625">
        <ele>-1.2000000476837158203125</ele>
        <time>2026-08-12T06:34:44.000Z</time>
        <extensions>
          <ns3:TrackPointExtension>
            <ns3:hr>139</ns3:hr>
            <ns3:cad>55</ns3:cad>
          </ns3:TrackPointExtension>
        </extensions>
      </trkpt>
      <trkpt lat="31.24842594377696514129638671875" lon="121.49255088530480861663818359375">
        <ele>-1.2000000476837158203125</ele>
        <time>2026-08-12T06:34:45.000Z</time>
        <extensions>
          <ns3:TrackPointExtension>
            <ns3:hr>137</ns3:hr>
            <ns3:cad>55</ns3:cad>
          </ns3:TrackPointExtension>
        </extensions>
      </trkpt>
      <trkpt lat="31.248422004282474517822265625" lon="121.49253998883068561553955078125">
        <ele>-1.39999997615814208984375</ele>
        <time>2026-08-12T06:34:46.000Z</time>
        <extensions>
          <ns3:TrackPointExtension>
            <ns3:hr>134</ns3:hr>
            <ns3:cad>55</ns3:cad>
          </ns3:TrackPointExtension>
        </extensions>
      </trkpt>
      <trkpt lat="31.24841353856027126312255859375" lon="121.49252875708043575286865234375">
        <ele>-1.39999997615814208984375</ele>
        <time>2026-08-12T06:34:47.000Z</time>
        <extensions>
          <ns3:TrackPointExtension>
            <ns3:hr>131</ns3:hr>
            <ns3:cad>55</ns3:cad>
          </ns3:TrackPointExtension>
        </extensions>
      </trkpt>
      <trkpt lat="31.24840758740901947021484375" lon="121.492519117891788482666015625">
        <ele>-1.60000002384185791015625</ele>
        <time>2026-08-12T06:34:48.000Z</time>
        <extensions>
          <ns3:TrackPointExtension>
            <ns3:hr>126</ns3:hr>
            <ns3:cad>53</ns3:cad>
          </ns3:TrackPointExtension>
        </extensions>
      </trkpt>
      <trkpt lat="31.24840549193322658538818359375" lon="121.49251266382634639739990234375">
        <ele>-1.60000002384185791015625</ele>
        <time>2026-08-12T06:34:49.000Z</time>
        <extensions>
          <ns3:TrackPointExtension>
            <ns3:hr>126</ns3:hr>
            <ns3:cad>53</ns3:cad>
          </ns3:TrackPointExtension>
        </extensions>
      </trkpt>
      <trkpt lat="31.24838051386177539825439453125" lon="121.49249774403870105743408203125">
        <ele>-1.60000002384185791015625</ele>
        <time>2026-08-12T06:34:52.000Z</time>
        <extensions>
          <ns3:TrackPointExtension>
            <ns3:hr>123</ns3:hr>
            <ns3:cad>53</ns3:cad>
          </ns3:TrackPointExtension>
        </extensions>
      </trkpt>
      <trkpt lat="31.24836693517863750457763671875" lon="121.49249204434454441070556640625">
        <ele>-1.60000002384185791015625</ele>
        <time>2026-08-12T06:34:53.000Z</time>
        <extensions>
          <ns3:TrackPointExtension>
            <ns3:hr>122</ns3:hr>
            <ns3:cad>0</ns3:cad>
          </ns3:TrackPointExtension>
        </extensions>
      </trkpt>
      <trkpt lat="31.24835033901035785675048828125" lon="121.4924280904233455657958984375">
        <ele>-1</ele>
        <time>2026-08-12T06:34:56.000Z</time>
        <extensions>
          <ns3:TrackPointExtension>
            <ns3:hr>119</ns3:hr>
            <ns3:cad>53</ns3:cad>
          </ns3:TrackPointExtension>
        </extensions>
      </trkpt>
      <trkpt lat="31.24834530986845493316650390625" lon="121.49240688420832157135009765625">
        <ele>-0.800000011920928955078125</ele>
        <time>2026-08-12T06:34:58.000Z</time>
        <extensions>
          <ns3:TrackPointExtension>
            <ns3:hr>117</ns3:hr>
            <ns3:cad>55</ns3:cad>
          </ns3:TrackPointExtension>
        </extensions>
      </trkpt>
      <trkpt lat="31.248333491384983062744140625" lon="121.4923798106610774993896484375">
        <ele>-0.4000000059604644775390625</ele>
        <time>2026-08-12T06:35:00.000Z</time>
        <extensions>
          <ns3:TrackPointExtension>
            <ns3:hr>117</ns3:hr>
            <ns3:cad>55</ns3:cad>
          </ns3:TrackPointExtension>
        </extensions>
      </trkpt>
      <trkpt lat="31.24833189882338047027587890625" lon="121.4923610351979732513427734375">
        <ele>-0.20000000298023223876953125</ele>
        <time>2026-08-12T06:35:02.000Z</time>
        <extensions>
          <ns3:TrackPointExtension>
            <ns3:hr>117</ns3:hr>
            <ns3:cad>56</ns3:cad>
          </ns3:TrackPointExtension>
        </extensions>
      </trkpt>
      <trkpt lat="31.24833726324141025543212890625" lon="121.49231065995991230010986328125">
        <ele>0.4000000059604644775390625</ele>
        <time>2026-08-12T06:35:06.000Z</time>
        <extensions>
          <ns3:TrackPointExtension>
            <ns3:hr>116</ns3:hr>
            <ns3:cad>55</ns3:cad>
          </ns3:TrackPointExtension>
        </extensions>
      </trkpt>
      <trkpt lat="31.248349249362945556640625" lon="121.49224008433520793914794921875">
        <ele>0.800000011920928955078125</ele>
        <time>2026-08-12T06:35:11.000Z</time>
        <extensions>
          <ns3:TrackPointExtension>
            <ns3:hr>114</ns3:hr>
            <ns3:cad>55</ns3:cad>
          </ns3:TrackPointExtension>
        </extensions>
      </trkpt>
      <trkpt lat="31.2483484111726284027099609375" lon="121.49221862666308879852294921875">
        <ele>1</ele>
        <time>2026-08-12T06:35:12.000Z</time>
        <extensions>
          <ns3:TrackPointExtension>
            <ns3:hr>114</ns3:hr>
            <ns3:cad>55</ns3:cad>
          </ns3:TrackPointExtension>
        </extensions>
      </trkpt>
      <trkpt lat="31.2483702041208744049072265625" lon="121.492162048816680908203125">
        <ele>1.60000002384185791015625</ele>
        <time>2026-08-12T06:35:16.000Z</time>
        <extensions>
          <ns3:TrackPointExtension>
            <ns3:hr>116</ns3:hr>
            <ns3:cad>55</ns3:cad>
          </ns3:TrackPointExtension>
        </extensions>
      </trkpt>
      <trkpt lat="31.24837598763406276702880859375" lon="121.49212474934756755828857421875">
        <ele>2.2000000476837158203125</ele>
        <time>2026-08-12T06:35:18.000Z</time>
        <extensions>
          <ns3:TrackPointExtension>
            <ns3:hr>115</ns3:hr>
            <ns3:cad>55</ns3:cad>
          </ns3:TrackPointExtension>
        </extensions>
      </trkpt>
      <trkpt lat="31.248375736176967620849609375" lon="121.4921151101589202880859375">
        <ele>2.400000095367431640625</ele>
        <time>2026-08-12T06:35:19.000Z</time>
        <extensions>
          <ns3:TrackPointExtension>
            <ns3:hr>114</ns3:hr>
            <ns3:cad>56</ns3:cad>
          </ns3:TrackPointExtension>
        </extensions>
      </trkpt>
      <trkpt lat="31.24844790436327457427978515625" lon="121.492095328867435455322265625">
        <ele>2.2000000476837158203125</ele>
        <time>2026-08-12T06:35:23.000Z</time>
        <extensions>
          <ns3:TrackPointExtension>
            <ns3:hr>112</ns3:hr>
            <ns3:cad>56</ns3:cad>
          </ns3:TrackPointExtension>
        </extensions>
      </trkpt>
      <trkpt lat="31.24852015636861324310302734375" lon="121.4920425228774547576904296875">
        <ele>3.2000000476837158203125</ele>
        <time>2026-08-12T06:35:30.000Z</time>
        <extensions>
          <ns3:TrackPointExtension>
            <ns3:hr>111</ns3:hr>
            <ns3:cad>57</ns3:cad>
          </ns3:TrackPointExtension>
        </extensions>
      </trkpt>
      <trkpt lat="31.24854614026844501495361328125" lon="121.49197437800467014312744140625">
        <ele>4.80000019073486328125</ele>
        <time>2026-08-12T06:35:37.000Z</time>
        <extensions>
          <ns3:TrackPointExtension>
            <ns3:hr>112</ns3:hr>
            <ns3:cad>50</ns3:cad>
          </ns3:TrackPointExtension>
        </extensions>
      </trkpt>
      <trkpt lat="31.24853641726076602935791015625" lon="121.49196113459765911102294921875">
        <ele>5.19999980926513671875</ele>
        <time>2026-08-12T06:35:38.000Z</time>
        <extensions>
          <ns3:TrackPointExtension>
            <ns3:hr>113</ns3:hr>
            <ns3:cad>55</ns3:cad>
          </ns3:TrackPointExtension>
        </extensions>
      </trkpt>
      <trkpt lat="31.24852501787245273590087890625" lon="121.491944789886474609375">
        <ele>5.599999904632568359375</ele>
        <time>2026-08-12T06:35:39.000Z</time>
        <extensions>
          <ns3:TrackPointExtension>
            <ns3:hr>113</ns3:hr>
            <ns3:cad>55</ns3:cad>
          </ns3:TrackPointExtension>
        </extensions>
      </trkpt>
      <trkpt lat="31.24846181832253932952880859375" lon="121.491889469325542449951171875">
        <ele>6.19999980926513671875</ele>
        <time>2026-08-12T06:35:46.000Z</time>
        <extensions>
          <ns3:TrackPointExtension>
            <ns3:hr>114</ns3:hr>
            <ns3:cad>56</ns3:cad>
          </ns3:TrackPointExtension>
        </extensions>
      </trkpt>
      <trkpt lat="31.24843348748981952667236328125" lon="121.491880081593990325927734375">
        <ele>6.400000095367431640625</ele>
        <time>2026-08-12T06:35:49.000Z</time>
        <extensions>
          <ns3:TrackPointExtension>
            <ns3:hr>114</ns3:hr>
            <ns3:cad>56</ns3:cad>
          </ns3:TrackPointExtension>
        </extensions>
      </trkpt>
      <trkpt lat="31.2483785860240459442138671875" lon="121.49188703857362270355224609375">
        <ele>6.599999904632568359375</ele>
        <time>2026-08-12T06:35:52.000Z</time>
        <extensions>
          <ns3:TrackPointExtension>
            <ns3:hr>114</ns3:hr>
            <ns3:cad>0</ns3:cad>
          </ns3:TrackPointExtension>
        </extensions>
      </trkpt>
      <trkpt lat="31.24826333485543727874755859375" lon="121.49199432693421840667724609375">
        <ele>5.80000019073486328125</ele>
        <time>2026-08-12T06:35:59.000Z</time>
        <extensions>
          <ns3:TrackPointExtension>
            <ns3:hr>114</ns3:hr>
            <ns3:cad>55</ns3:cad>
          </ns3:TrackPointExtension>
        </extensions>
      </trkpt>
      <trkpt lat="31.24822293408215045928955078125" lon="121.49204344488680362701416015625">
        <ele>5</ele>
        <time>2026-08-12T06:36:06.000Z</time>
        <extensions>
          <ns3:TrackPointExtension>
            <ns3:hr>113</ns3:hr>
            <ns3:cad>55</ns3:cad>
          </ns3:TrackPointExtension>
        </extensions>
      </trkpt>
      <trkpt lat="31.248233579099178314208984375" lon="121.491994746029376983642578125">
        <ele>5.80000019073486328125</ele>
        <time>2026-08-12T06:36:09.000Z</time>
        <extensions>
          <ns3:TrackPointExtension>
            <ns3:hr>110</ns3:hr>
            <ns3:cad>57</ns3:cad>
          </ns3:TrackPointExtension>
        </extensions>
      </trkpt>
      <trkpt lat="31.24823391437530517578125" lon="121.4919825084507465362548828125">
        <ele>6</ele>
        <time>2026-08-12T06:36:11.000Z</time>
        <extensions>
          <ns3:TrackPointExtension>
            <ns3:hr>107</ns3:hr>
            <ns3:cad>43</ns3:cad>
          </ns3:TrackPointExtension>
        </extensions>
      </trkpt>
      <trkpt lat="31.2482293881475925445556640625" lon="121.49195962585508823394775390625">
        <ele>6.400000095367431640625</ele>
        <time>2026-08-12T06:36:14.000Z</time>
        <extensions>
          <ns3:TrackPointExtension>
            <ns3:hr>107</ns3:hr>
            <ns3:cad>43</ns3:cad>
          </ns3:TrackPointExtension>
        </extensions>
      </trkpt>
      <trkpt lat="31.2481858022511005401611328125" lon="121.49193330667912960052490234375">
        <ele>7</ele>
        <time>2026-08-12T06:36:17.000Z</time>
        <extensions>
          <ns3:TrackPointExtension>
            <ns3:hr>108</ns3:hr>
            <ns3:cad>41</ns3:cad>
          </ns3:TrackPointExtension>
        </extensions>
      </trkpt>
      <trkpt lat="31.24814062379300594329833984375" lon="121.49193682707846164703369140625">
        <ele>6.80000019073486328125</ele>
        <time>2026-08-12T06:36:21.000Z</time>
        <extensions>
          <ns3:TrackPointExtension>
            <ns3:hr>110</ns3:hr>
            <ns3:cad>0</ns3:cad>
          </ns3:TrackPointExtension>
        </extensions>
      </trkpt>
      <trkpt lat="31.24811514280736446380615234375" lon="121.49191997945308685302734375">
        <ele>7</ele>
        <time>2026-08-12T06:36:24.000Z</time>
        <extensions>
          <ns3:TrackPointExtension>
            <ns3:hr>114</ns3:hr>
            <ns3:cad>55</ns3:cad>
          </ns3:TrackPointExtension>
        </extensions>
      </trkpt>
      <trkpt lat="31.24807675369083881378173828125" lon="121.4918822608888149261474609375">
        <ele>7.400000095367431640625</ele>
        <time>2026-08-12T06:36:28.000Z</time>
        <extensions>
          <ns3:TrackPointExtension>
            <ns3:hr>116</ns3:hr>
            <ns3:cad>56</ns3:cad>
          </ns3:TrackPointExtension>
        </extensions>
      </trkpt>
      <trkpt lat="31.24792638234794139862060546875" lon="121.49179601110517978668212890625">
        <ele>7.599999904632568359375</ele>
        <time>2026-08-12T06:36:34.000Z</time>
        <extensions>
          <ns3:TrackPointExtension>
            <ns3:hr>115</ns3:hr>
            <ns3:cad>84</ns3:cad>
          </ns3:TrackPointExtension>
        </extensions>
      </trkpt>
      <trkpt lat="31.247882544994354248046875" lon="121.491690315306186676025390625">
        <ele>8</ele>
        <time>2026-08-12T06:36:38.000Z</time>
        <extensions>
          <ns3:TrackPointExtension>
            <ns3:hr>119</ns3:hr>
            <ns3:cad>85</ns3:cad>
          </ns3:TrackPointExtension>
        </extensions>
      </trkpt>
      <trkpt lat="31.24785237014293670654296875" lon="121.49158277548849582672119140625">
        <ele>8.6000003814697265625</ele>
        <time>2026-08-12T06:36:42.000Z</time>
        <extensions>
          <ns3:TrackPointExtension>
            <ns3:hr>117</ns3:hr>
            <ns3:cad>84</ns3:cad>
          </ns3:TrackPointExtension>
        </extensions>
      </trkpt>
      <trkpt lat="31.247830577194690704345703125" lon="121.491371802985668182373046875">
        <ele>8.6000003814697265625</ele>
        <time>2026-08-12T06:36:49.000Z</time>
        <extensions>
          <ns3:TrackPointExtension>
            <ns3:hr>121</ns3:hr>
            <ns3:cad>84</ns3:cad>
          </ns3:TrackPointExtension>
        </extensions>
      </trkpt>
      <trkpt lat="31.247833259403705596923828125" lon="121.49134305305778980255126953125">
        <ele>8.6000003814697265625</ele>
        <time>2026-08-12T06:36:50.000Z</time>
        <extensions>
          <ns3:TrackPointExtension>
            <ns3:hr>122</ns3:hr>
            <ns3:cad>85</ns3:cad>
          </ns3:TrackPointExtension>
        </extensions>
      </trkpt>
      <trkpt lat="31.24785765074193477630615234375" lon="121.49120307527482509613037109375">
        <ele>8.3999996185302734375</ele>
        <time>2026-08-12T06:36:55.000Z</time>
        <extensions>
          <ns3:TrackPointExtension>
            <ns3:hr>124</ns3:hr>
            <ns3:cad>85</ns3:cad>
          </ns3:TrackPointExtension>
        </extensions>
      </trkpt>
      <trkpt lat="31.24787156470119953155517578125" lon="121.49115161038935184478759765625">
        <ele>8.3999996185302734375</ele>
        <time>2026-08-12T06:36:57.000Z</time>
        <extensions>
          <ns3:TrackPointExtension>
            <ns3:hr>127</ns3:hr>
            <ns3:cad>85</ns3:cad>
          </ns3:TrackPointExtension>
        </extensions>
      </trkpt>
      <trkpt lat="31.2478847242891788482666015625" lon="121.4910422265529632568359375">
        <ele>8.19999980926513671875</ele>
        <time>2026-08-12T06:37:01.000Z</time>
        <extensions>
          <ns3:TrackPointExtension>
            <ns3:hr>130</ns3:hr>
            <ns3:cad>84</ns3:cad>
          </ns3:TrackPointExtension>
        </extensions>
      </trkpt>
      <trkpt lat="31.247877515852451324462890625" lon="121.49098145775496959686279296875">
        <ele>8</ele>
        <time>2026-08-12T06:37:03.000Z</time>
        <extensions>
          <ns3:TrackPointExtension>
            <ns3:hr>130</ns3:hr>
            <ns3:cad>85</ns3:cad>
          </ns3:TrackPointExtension>
        </extensions>
      </trkpt>
      <trkpt lat="31.247846670448780059814453125" lon="121.49081264622509479522705078125">
        <ele>7.400000095367431640625</ele>
        <time>2026-08-12T06:37:09.000Z</time>
        <extensions>
          <ns3:TrackPointExtension>
            <ns3:hr>133</ns3:hr>
            <ns3:cad>84</ns3:cad>
          </ns3:TrackPointExtension>
        </extensions>
      </trkpt>
      <trkpt lat="31.24780953861773014068603515625" lon="121.490738131105899810791015625">
        <ele>7.400000095367431640625</ele>
        <time>2026-08-12T06:37:12.000Z</time>
        <extensions>
          <ns3:TrackPointExtension>
            <ns3:hr>135</ns3:hr>
            <ns3:cad>85</ns3:cad>
          </ns3:TrackPointExtension>
        </extensions>
      </trkpt>
      <trkpt lat="31.24769437126815319061279296875" lon="121.49055046029388904571533203125">
        <ele>7</ele>
        <time>2026-08-12T06:37:20.000Z</time>
        <extensions>
          <ns3:TrackPointExtension>
            <ns3:hr>138</ns3:hr>
            <ns3:cad>84</ns3:cad>
          </ns3:TrackPointExtension>
        </extensions>
      </trkpt>
      <trkpt lat="31.2476614303886890411376953125" lon="121.4905084669589996337890625">
        <ele>7</ele>
        <time>2026-08-12T06:37:22.000Z</time>
        <extensions>
          <ns3:TrackPointExtension>
            <ns3:hr>137</ns3:hr>
            <ns3:cad>84</ns3:cad>
          </ns3:TrackPointExtension>
        </extensions>
      </trkpt>
      <trkpt lat="31.24757853336632251739501953125" lon="121.49037159048020839691162109375">
        <ele>6.80000019073486328125</ele>
        <time>2026-08-12T06:37:28.000Z</time>
        <extensions>
          <ns3:TrackPointExtension>
            <ns3:hr>140</ns3:hr>
            <ns3:cad>85</ns3:cad>
          </ns3:TrackPointExtension>
        </extensions>
      </trkpt>
      <trkpt lat="31.24749303795397281646728515625" lon="121.49022616446018218994140625">
        <ele>6.80000019073486328125</ele>
        <time>2026-08-12T06:37:35.000Z</time>
        <extensions>
          <ns3:TrackPointExtension>
            <ns3:hr>141</ns3:hr>
            <ns3:cad>85</ns3:cad>
          </ns3:TrackPointExtension>
        </extensions>
      </trkpt>
      <trkpt lat="31.2474280782043933868408203125" lon="121.4900774694979190826416015625">
        <ele>7.599999904632568359375</ele>
        <time>2026-08-12T06:37:41.000Z</time>
        <extensions>
          <ns3:TrackPointExtension>
            <ns3:hr>141</ns3:hr>
            <ns3:cad>84</ns3:cad>
          </ns3:TrackPointExtension>
        </extensions>
      </trkpt>
      <trkpt lat="31.24733864329755306243896484375" lon="121.48998350836336612701416015625">
        <ele>8.6000003814697265625</ele>
        <time>2026-08-12T06:37:47.000Z</time>
        <extensions>
          <ns3:TrackPointExtension>
            <ns3:hr>142</ns3:hr>
            <ns3:cad>85</ns3:cad>
          </ns3:TrackPointExtension>
        </extensions>
      </trkpt>
      <trkpt lat="31.24726069159805774688720703125" lon="121.48996305651962757110595703125">
        <ele>9.3999996185302734375</ele>
        <time>2026-08-12T06:37:53.000Z</time>
        <extensions>
          <ns3:TrackPointExtension>
            <ns3:hr>143</ns3:hr>
            <ns3:cad>84</ns3:cad>
          </ns3:TrackPointExtension>
        </extensions>
      </trkpt>
      <trkpt lat="31.24717821367084980010986328125" lon="121.48980296216905117034912109375">
        <ele>12.19999980926513671875</ele>
        <time>2026-08-12T06:38:01.000Z</time>
        <extensions>
          <ns3:TrackPointExtension>
            <ns3:hr>145</ns3:hr>
            <ns3:cad>84</ns3:cad>
          </ns3:TrackPointExtension>
        </extensions>
      </trkpt>
      <trkpt lat="31.2471082247793674468994140625" lon="121.48953842930495738983154296875">
        <ele>12.80000019073486328125</ele>
        <time>2026-08-12T06:38:08.000Z</time>
        <extensions>
          <ns3:TrackPointExtension>
            <ns3:hr>146</ns3:hr>
            <ns3:cad>85</ns3:cad>
          </ns3:TrackPointExtension>
        </extensions>
      </trkpt>
      <trkpt lat="31.247101016342639923095703125" lon="121.48941756226122379302978515625">
        <ele>12</ele>
        <time>2026-08-12T06:38:11.000Z</time>
        <extensions>
          <ns3:TrackPointExtension>
            <ns3:hr>146</ns3:hr>
            <ns3:cad>84</ns3:cad>
          </ns3:TrackPointExtension>
        </extensions>
      </trkpt>
      <trkpt lat="31.2471008487045764923095703125" lon="121.48937749676406383514404296875">
        <ele>11.80000019073486328125</ele>
        <time>2026-08-12T06:38:13.000Z</time>
        <extensions>
          <ns3:TrackPointExtension>
            <ns3:hr>147</ns3:hr>
            <ns3:cad>84</ns3:cad>
          </ns3:TrackPointExtension>
        </extensions>
      </trkpt>
      <trkpt lat="31.24714636243879795074462890625" lon="121.489286385476589202880859375">
        <ele>12</ele>
        <time>2026-08-12T06:38:18.000Z</time>
        <extensions>
          <ns3:TrackPointExtension>
            <ns3:hr>148</ns3:hr>
            <ns3:cad>85</ns3:cad>
          </ns3:TrackPointExtension>
        </extensions>
      </trkpt>
      <trkpt lat="31.24714787118136882781982421875" lon="121.4891470782458782196044921875">
        <ele>12</ele>
        <time>2026-08-12T06:38:23.000Z</time>
        <extensions>
          <ns3:TrackPointExtension>
            <ns3:hr>150</ns3:hr>
            <ns3:cad>83</ns3:cad>
          </ns3:TrackPointExtension>
        </extensions>
      </trkpt>
      <trkpt lat="31.247102357447147369384765625" lon="121.4889019913971424102783203125">
        <ele>11.80000019073486328125</ele>
        <time>2026-08-12T06:38:31.000Z</time>
        <extensions>
          <ns3:TrackPointExtension>
            <ns3:hr>152</ns3:hr>
            <ns3:cad>83</ns3:cad>
          </ns3:TrackPointExtension>
        </extensions>
      </trkpt>
      <trkpt lat="31.24708257615566253662109375" lon="121.4887983910739421844482421875">
        <ele>11.6000003814697265625</ele>
        <time>2026-08-12T06:38:34.000Z</time>
        <extensions>
          <ns3:TrackPointExtension>
            <ns3:hr>152</ns3:hr>
            <ns3:cad>83</ns3:cad>
          </ns3:TrackPointExtension>
        </extensions>
      </trkpt>
      <trkpt lat="31.247070841491222381591796875" lon="121.48871004581451416015625">
        <ele>11.6000003814697265625</ele>
        <time>2026-08-12T06:38:37.000Z</time>
        <extensions>
          <ns3:TrackPointExtension>
            <ns3:hr>151</ns3:hr>
            <ns3:cad>83</ns3:cad>
          </ns3:TrackPointExtension>
        </extensions>
      </trkpt>
      <trkpt lat="31.24704108573496341705322265625" lon="121.48857668973505496978759765625">
        <ele>11.3999996185302734375</ele>
        <time>2026-08-12T06:38:43.000Z</time>
        <extensions>
          <ns3:TrackPointExtension>
            <ns3:hr>151</ns3:hr>
            <ns3:cad>84</ns3:cad>
          </ns3:TrackPointExtension>
        </extensions>
      </trkpt>
      <trkpt lat="31.2470368109643459320068359375" lon="121.48852723650634288787841796875">
        <ele>11.6000003814697265625</ele>
        <time>2026-08-12T06:38:47.000Z</time>
        <extensions>
          <ns3:TrackPointExtension>
            <ns3:hr>154</ns3:hr>
            <ns3:cad>84</ns3:cad>
          </ns3:TrackPointExtension>
        </extensions>
      </trkpt>
      <trkpt lat="31.24700881540775299072265625" lon="121.4885258115828037261962890625">
        <ele>11.3999996185302734375</ele>
        <time>2026-08-12T06:38:49.000Z</time>
        <extensions>
          <ns3:TrackPointExtension>
            <ns3:hr>154</ns3:hr>
            <ns3:cad>84</ns3:cad>
          </ns3:TrackPointExtension>
        </extensions>
      </trkpt>
      <trkpt lat="31.24697654508054256439208984375" lon="121.4884885959327220916748046875">
        <ele>11.6000003814697265625</ele>
        <time>2026-08-12T06:38:53.000Z</time>
        <extensions>
          <ns3:TrackPointExtension>
            <ns3:hr>154</ns3:hr>
            <ns3:cad>83</ns3:cad>
          </ns3:TrackPointExtension>
        </extensions>
      </trkpt>
      <trkpt lat="31.24697889201343059539794921875" lon="121.48846621625125408172607421875">
        <ele>11.6000003814697265625</ele>
        <time>2026-08-12T06:38:55.000Z</time>
        <extensions>
          <ns3:TrackPointExtension>
            <ns3:hr>154</ns3:hr>
            <ns3:cad>84</ns3:cad>
          </ns3:TrackPointExtension>
        </extensions>
      </trkpt>
      <trkpt lat="31.24696749262511730194091796875" lon="121.48838407360017299652099609375">
        <ele>12</ele>
        <time>2026-08-12T06:39:01.000Z</time>
        <extensions>
          <ns3:TrackPointExtension>
            <ns3:hr>156</ns3:hr>
            <ns3:cad>84</ns3:cad>
          </ns3:TrackPointExtension>
        </extensions>
      </trkpt>
      <trkpt lat="31.246909908950328826904296875" lon="121.48827619850635528564453125">
        <ele>12.3999996185302734375</ele>
        <time>2026-08-12T06:39:07.000Z</time>
        <extensions>
          <ns3:TrackPointExtension>
            <ns3:hr>157</ns3:hr>
            <ns3:cad>84</ns3:cad>
          </ns3:TrackPointExtension>
        </extensions>
      </trkpt>
      <trkpt lat="31.24685517512261867523193359375" lon="121.4880497194826602935791015625">
        <ele>14.80000019073486328125</ele>
        <time>2026-08-12T06:39:14.000Z</time>
        <extensions>
          <ns3:TrackPointExtension>
            <ns3:hr>158</ns3:hr>
            <ns3:cad>84</ns3:cad>
          </ns3:TrackPointExtension>
        </extensions>
      </trkpt>
      <trkpt lat="31.2467072345316410064697265625" lon="121.4878914691507816314697265625">
        <ele>17.6000003814697265625</ele>
        <time>2026-08-12T06:39:19.000Z</time>
        <extensions>
          <ns3:TrackPointExtension>
            <ns3:hr>158</ns3:hr>
            <ns3:cad>85</ns3:cad>
          </ns3:TrackPointExtension>
        </extensions>
      </trkpt>
      <trkpt lat="31.24653331004083156585693359375" lon="121.48775517940521240234375">
        <ele>20</ele>
        <time>2026-08-12T06:39:21.000Z</time>
        <extensions>
          <ns3:TrackPointExtension>
            <ns3:hr>158</ns3:hr>
            <ns3:cad>85</ns3:cad>
          </ns3:TrackPointExtension>
        </extensions>
      </trkpt>
      <trkpt lat="31.24635326676070690155029296875" lon="121.4876205660402774810791015625">
        <ele>23.200000762939453125</ele>
        <time>2026-08-12T06:39:23.000Z</time>
        <extensions>
          <ns3:TrackPointExtension>
            <ns3:hr>158</ns3:hr>
            <ns3:cad>85</ns3:cad>
          </ns3:TrackPointExtension>
        </extensions>
      </trkpt>
      <trkpt lat="31.24621714465320110321044921875" lon="121.4874304644763469696044921875">
        <ele>25.799999237060546875</ele>
        <time>2026-08-12T06:39:27.000Z</time>
        <extensions>
          <ns3:TrackPointExtension>
            <ns3:hr>158</ns3:hr>
            <ns3:cad>85</ns3:cad>
          </ns3:TrackPointExtension>
        </extensions>
      </trkpt>
      <trkpt lat="31.246144808828830718994140625" lon="121.48722418583929538726806640625">
        <ele>25.6000003814697265625</ele>
        <time>2026-08-12T06:39:34.000Z</time>
        <extensions>
          <ns3:TrackPointExtension>
            <ns3:hr>158</ns3:hr>
            <ns3:cad>84</ns3:cad>
          </ns3:TrackPointExtension>
        </extensions>
      </trkpt>
      <trkpt lat="31.24613148160278797149658203125" lon="121.48719929158687591552734375">
        <ele>25.3999996185302734375</ele>
        <time>2026-08-12T06:39:35.000Z</time>
        <extensions>
          <ns3:TrackPointExtension>
            <ns3:hr>158</ns3:hr>
            <ns3:cad>84</ns3:cad>
          </ns3:TrackPointExtension>
        </extensions>
      </trkpt>
      <trkpt lat="31.2459303997457027435302734375" lon="121.487017907202243804931640625">
        <ele>20.3999996185302734375</ele>
        <time>2026-08-12T06:39:42.000Z</time>
        <extensions>
          <ns3:TrackPointExtension>
            <ns3:hr>158</ns3:hr>
            <ns3:cad>83</ns3:cad>
          </ns3:TrackPointExtension>
        </extensions>
      </trkpt>
      <trkpt lat="31.245893351733684539794921875" lon="121.486888825893402099609375">
        <ele>18.3999996185302734375</ele>
        <time>2026-08-12T06:39:47.000Z</time>
        <extensions>
          <ns3:TrackPointExtension>
            <ns3:hr>158</ns3:hr>
            <ns3:cad>84</ns3:cad>
          </ns3:TrackPointExtension>
        </extensions>
      </trkpt>
      <trkpt lat="31.24587046913802623748779296875" lon="121.48677575401961803436279296875">
        <ele>16.799999237060546875</ele>
        <time>2026-08-12T06:39:54.000Z</time>
        <extensions>
          <ns3:TrackPointExtension>
            <ns3:hr>158</ns3:hr>
            <ns3:cad>0</ns3:cad>
          </ns3:TrackPointExtension>
        </extensions>
      </trkpt>
      <trkpt lat="31.24587968923151493072509765625" lon="121.48672185838222503662109375">
        <ele>16</ele>
        <time>2026-08-12T06:40:00.000Z</time>
        <extensions>
          <ns3:TrackPointExtension>
            <ns3:hr>158</ns3:hr>
            <ns3:cad>55</ns3:cad>
          </ns3:TrackPointExtension>
        </extensions>
      </trkpt>
      <trkpt lat="31.24588765203952789306640625" lon="121.486522369086742401123046875">
        <ele>15</ele>
        <time>2026-08-12T06:40:09.000Z</time>
        <extensions>
          <ns3:TrackPointExtension>
            <ns3:hr>157</ns3:hr>
            <ns3:cad>55</ns3:cad>
          </ns3:TrackPointExtension>
        </extensions>
      </trkpt>
      <trkpt lat="31.245908774435520172119140625" lon="121.48647953756153583526611328125">
        <ele>15.6000003814697265625</ele>
        <time>2026-08-12T06:40:11.000Z</time>
        <extensions>
          <ns3:TrackPointExtension>
            <ns3:hr>157</ns3:hr>
            <ns3:cad>0</ns3:cad>
          </ns3:TrackPointExtension>
        </extensions>
      </trkpt>
      <trkpt lat="31.2459203414618968963623046875" lon="121.486376188695430755615234375">
        <ele>17</ele>
        <time>2026-08-12T06:40:15.000Z</time>
        <extensions>
          <ns3:TrackPointExtension>
            <ns3:hr>156</ns3:hr>
            <ns3:cad>53</ns3:cad>
          </ns3:TrackPointExtension>
        </extensions>
      </trkpt>
      <trkpt lat="31.24596015550196170806884765625" lon="121.486185081303119659423828125">
        <ele>20.200000762939453125</ele>
        <time>2026-08-12T06:40:21.000Z</time>
        <extensions>
          <ns3:TrackPointExtension>
            <ns3:hr>153</ns3:hr>
            <ns3:cad>52</ns3:cad>
          </ns3:TrackPointExtension>
        </extensions>
      </trkpt>
      <trkpt lat="31.245971806347370147705078125" lon="121.486140154302120208740234375">
        <ele>21.200000762939453125</ele>
        <time>2026-08-12T06:40:24.000Z</time>
        <extensions>
          <ns3:TrackPointExtension>
            <ns3:hr>151</ns3:hr>
            <ns3:cad>51</ns3:cad>
          </ns3:TrackPointExtension>
        </extensions>
      </trkpt>
      <trkpt lat="31.2459642626345157623291015625" lon="121.4861121587455272674560546875">
        <ele>21.3999996185302734375</ele>
        <time>2026-08-12T06:40:26.000Z</time>
        <extensions>
          <ns3:TrackPointExtension>
            <ns3:hr>150</ns3:hr>
            <ns3:cad>51</ns3:cad>
          </ns3:TrackPointExtension>
        </extensions>
      </trkpt>
      <trkpt lat="31.24596971087157726287841796875" lon="121.48608843795955181121826171875">
        <ele>21.799999237060546875</ele>
        <time>2026-08-12T06:40:28.000Z</time>
        <extensions>
          <ns3:TrackPointExtension>
            <ns3:hr>147</ns3:hr>
            <ns3:cad>51</ns3:cad>
          </ns3:TrackPointExtension>
        </extensions>
      </trkpt>
      <trkpt lat="31.245994605123996734619140625" lon="121.48606781847774982452392578125">
        <ele>22.6000003814697265625</ele>
        <time>2026-08-12T06:40:30.000Z</time>
        <extensions>
          <ns3:TrackPointExtension>
            <ns3:hr>144</ns3:hr>
            <ns3:cad>0</ns3:cad>
          </ns3:TrackPointExtension>
        </extensions>
      </trkpt>
      <trkpt lat="31.24600457958877086639404296875" lon="121.4860497973859310150146484375">
        <ele>23</ele>
        <time>2026-08-12T06:40:31.000Z</time>
        <extensions>
          <ns3:TrackPointExtension>
            <ns3:hr>143</ns3:hr>
            <ns3:cad>0</ns3:cad>
          </ns3:TrackPointExtension>
        </extensions>
      </trkpt>
      <trkpt lat="31.246001310646533966064453125" lon="121.48600830696523189544677734375">
        <ele>23.6000003814697265625</ele>
        <time>2026-08-12T06:40:34.000Z</time>
        <extensions>
          <ns3:TrackPointExtension>
            <ns3:hr>140</ns3:hr>
            <ns3:cad>51</ns3:cad>
          </ns3:TrackPointExtension>
        </extensions>
      </trkpt>
      <trkpt lat="31.2460061721503734588623046875" lon="121.486002691090106964111328125">
        <ele>23.6000003814697265625</ele>
        <time>2026-08-12T06:40:36.000Z</time>
        <extensions>
          <ns3:TrackPointExtension>
            <ns3:hr>137</ns3:hr>
            <ns3:cad>0</ns3:cad>
          </ns3:TrackPointExtension>
        </extensions>
      </trkpt>
      <trkpt lat="31.24600927345454692840576171875" lon="121.4860045351088047027587890625">
        <ele>23.799999237060546875</ele>
        <time>2026-08-12T06:40:38.000Z</time>
        <extensions>
          <ns3:TrackPointExtension>
            <ns3:hr>135</ns3:hr>
            <ns3:cad>0</ns3:cad>
          </ns3:TrackPointExtension>
        </extensions>
      </trkpt>
      <trkpt lat="31.2460170686244964599609375" lon="121.486016102135181427001953125">
        <ele>23.799999237060546875</ele>
        <time>2026-08-12T06:40:43.000Z</time>
        <extensions>
          <ns3:TrackPointExtension>
            <ns3:hr>132</ns3:hr>
            <ns3:cad>0</ns3:cad>
          </ns3:TrackPointExtension>
        </extensions>
      </trkpt>
      <trkpt lat="31.24601773917675018310546875" lon="121.48601652123034000396728515625">
        <ele>23.799999237060546875</ele>
        <time>2026-08-12T06:40:45.000Z</time>
        <extensions>
          <ns3:TrackPointExtension>
            <ns3:hr>131</ns3:hr>
            <ns3:cad>0</ns3:cad>
          </ns3:TrackPointExtension>
        </extensions>
      </trkpt>
      <trkpt lat="31.24601773917675018310546875" lon="121.48601652123034000396728515625">
        <ele>23.799999237060546875</ele>
        <time>2026-08-12T06:40:49.000Z</time>
        <extensions>
          <ns3:TrackPointExtension>
            <ns3:hr>128</ns3:hr>
            <ns3:cad>0</ns3:cad>
          </ns3:TrackPointExtension>
        </extensions>
      </trkpt>
      <trkpt lat="31.2460343353450298309326171875" lon="121.48594527505338191986083984375">
        <ele>25</ele>
        <time>2026-08-12T06:40:55.000Z</time>
        <extensions>
          <ns3:TrackPointExtension>
            <ns3:hr>128</ns3:hr>
            <ns3:cad>56</ns3:cad>
          </ns3:TrackPointExtension>
        </extensions>
      </trkpt>
      <trkpt lat="31.2460423819720745086669921875" lon="121.4858897030353546142578125">
        <ele>25.799999237060546875</ele>
        <time>2026-08-12T06:40:59.000Z</time>
        <extensions>
          <ns3:TrackPointExtension>
            <ns3:hr>128</ns3:hr>
            <ns3:cad>56</ns3:cad>
          </ns3:TrackPointExtension>
        </extensions>
      </trkpt>
      <trkpt lat="31.24603726901113986968994140625" lon="121.48588056676089763641357421875">
        <ele>26</ele>
        <time>2026-08-12T06:41:01.000Z</time>
        <extensions>
          <ns3:TrackPointExtension>
            <ns3:hr>127</ns3:hr>
            <ns3:cad>0</ns3:cad>
          </ns3:TrackPointExtension>
        </extensions>
      </trkpt>
      <trkpt lat="31.2460323236882686614990234375" lon="121.48585005663335323333740234375">
        <ele>26.3999996185302734375</ele>
        <time>2026-08-12T06:41:03.000Z</time>
        <extensions>
          <ns3:TrackPointExtension>
            <ns3:hr>126</ns3:hr>
            <ns3:cad>0</ns3:cad>
          </ns3:TrackPointExtension>
        </extensions>
      </trkpt>
      <trkpt lat="31.24602737836539745330810546875" lon="121.48582641966640949249267578125">
        <ele>26.6000003814697265625</ele>
        <time>2026-08-12T06:41:07.000Z</time>
        <extensions>
          <ns3:TrackPointExtension>
            <ns3:hr>124</ns3:hr>
            <ns3:cad>53</ns3:cad>
          </ns3:TrackPointExtension>
        </extensions>
      </trkpt>
      <trkpt lat="31.24601103365421295166015625" lon="121.48581166751682758331298828125">
        <ele>26.6000003814697265625</ele>
        <time>2026-08-12T06:41:10.000Z</time>
        <extensions>
          <ns3:TrackPointExtension>
            <ns3:hr>123</ns3:hr>
            <ns3:cad>52</ns3:cad>
          </ns3:TrackPointExtension>
        </extensions>
      </trkpt>
      <trkpt lat="31.24600005336105823516845703125" lon="121.48577830754220485687255859375">
        <ele>26.3999996185302734375</ele>
        <time>2026-08-12T06:41:12.000Z</time>
        <extensions>
          <ns3:TrackPointExtension>
            <ns3:hr>119</ns3:hr>
            <ns3:cad>55</ns3:cad>
          </ns3:TrackPointExtension>
        </extensions>
      </trkpt>
      <trkpt lat="31.24600022099912166595458984375" lon="121.48576305247843265533447265625">
        <ele>26.200000762939453125</ele>
        <time>2026-08-12T06:41:13.000Z</time>
        <extensions>
          <ns3:TrackPointExtension>
            <ns3:hr>118</ns3:hr>
            <ns3:cad>55</ns3:cad>
          </ns3:TrackPointExtension>
        </extensions>
      </trkpt>
      <trkpt lat="31.24600809998810291290283203125" lon="121.4857450313866138458251953125">
        <ele>26.200000762939453125</ele>
        <time>2026-08-12T06:41:14.000Z</time>
        <extensions>
          <ns3:TrackPointExtension>
            <ns3:hr>117</ns3:hr>
            <ns3:cad>55</ns3:cad>
          </ns3:TrackPointExtension>
        </extensions>
      </trkpt>
      <trkpt lat="31.2460095249116420745849609375" lon="121.48571309633553028106689453125">
        <ele>26</ele>
        <time>2026-08-12T06:41:17.000Z</time>
        <extensions>
          <ns3:TrackPointExtension>
            <ns3:hr>114</ns3:hr>
            <ns3:cad>0</ns3:cad>
          </ns3:TrackPointExtension>
        </extensions>
      </trkpt>
      <trkpt lat="31.24601346440613269805908203125" lon="121.48570639081299304962158203125">
        <ele>26</ele>
        <time>2026-08-12T06:41:18.000Z</time>
        <extensions>
          <ns3:TrackPointExtension>
            <ns3:hr>114</ns3:hr>
            <ns3:cad>0</ns3:cad>
          </ns3:TrackPointExtension>
        </extensions>
      </trkpt>
      <trkpt lat="31.246026456356048583984375" lon="121.4856025390326976776123046875">
        <ele>24.799999237060546875</ele>
        <time>2026-08-12T06:41:27.000Z</time>
        <extensions>
          <ns3:TrackPointExtension>
            <ns3:hr>114</ns3:hr>
            <ns3:cad>0</ns3:cad>
          </ns3:TrackPointExtension>
        </extensions>
      </trkpt>
      <trkpt lat="31.24605503864586353302001953125" lon="121.485492400825023651123046875">
        <ele>22.3999996185302734375</ele>
        <time>2026-08-12T06:41:35.000Z</time>
        <extensions>
          <ns3:TrackPointExtension>
            <ns3:hr>114</ns3:hr>
            <ns3:cad>53</ns3:cad>
          </ns3:TrackPointExtension>
        </extensions>
      </trkpt>
      <trkpt lat="31.24608068726956844329833984375" lon="121.48540916852653026580810546875">
        <ele>19.200000762939453125</ele>
        <time>2026-08-12T06:41:42.000Z</time>
        <extensions>
          <ns3:TrackPointExtension>
            <ns3:hr>114</ns3:hr>
            <ns3:cad>56</ns3:cad>
          </ns3:TrackPointExtension>
        </extensions>
      </trkpt>
      <trkpt lat="31.24609309248626232147216796875" lon="121.48539156652987003326416015625">
        <ele>18.3999996185302734375</ele>
        <time>2026-08-12T06:41:44.000Z</time>
        <extensions>
          <ns3:TrackPointExtension>
            <ns3:hr>113</ns3:hr>
            <ns3:cad>55</ns3:cad>
          </ns3:TrackPointExtension>
        </extensions>
      </trkpt>
      <trkpt lat="31.2460943497717380523681640625" lon="121.4853299595415592193603515625">
        <ele>16.6000003814697265625</ele>
        <time>2026-08-12T06:41:48.000Z</time>
        <extensions>
          <ns3:TrackPointExtension>
            <ns3:hr>114</ns3:hr>
            <ns3:cad>55</ns3:cad>
          </ns3:TrackPointExtension>
        </extensions>
      </trkpt>
      <trkpt lat="31.2460899911820888519287109375" lon="121.48525376804172992706298828125">
        <ele>15</ele>
        <time>2026-08-12T06:41:54.000Z</time>
        <extensions>
          <ns3:TrackPointExtension>
            <ns3:hr>115</ns3:hr>
            <ns3:cad>0</ns3:cad>
          </ns3:TrackPointExtension>
        </extensions>
      </trkpt>
      <trkpt lat="31.2460975348949432373046875" lon="121.485242284834384918212890625">
        <ele>14.6000003814697265625</ele>
        <time>2026-08-12T06:41:55.000Z</time>
        <extensions>
          <ns3:TrackPointExtension>
            <ns3:hr>115</ns3:hr>
            <ns3:cad>0</ns3:cad>
          </ns3:TrackPointExtension>
        </extensions>
      </trkpt>
      <trkpt lat="31.2461231835186481475830078125" lon="121.4851918257772922515869140625">
        <ele>13</ele>
        <time>2026-08-12T06:41:59.000Z</time>
        <extensions>
          <ns3:TrackPointExtension>
            <ns3:hr>118</ns3:hr>
            <ns3:cad>55</ns3:cad>
          </ns3:TrackPointExtension>
        </extensions>
      </trkpt>
      <trkpt lat="31.2461469881236553192138671875" lon="121.48513960652053356170654296875">
        <ele>11.19999980926513671875</ele>
        <time>2026-08-12T06:42:03.000Z</time>
        <extensions>
          <ns3:TrackPointExtension>
            <ns3:hr>117</ns3:hr>
            <ns3:cad>54</ns3:cad>
          </ns3:TrackPointExtension>
        </extensions>
      </trkpt>
      <trkpt lat="31.2462016381323337554931640625" lon="121.485046483576297760009765625">
        <ele>9.19999980926513671875</ele>
        <time>2026-08-12T06:42:11.000Z</time>
        <extensions>
          <ns3:TrackPointExtension>
            <ns3:hr>115</ns3:hr>
            <ns3:cad>0</ns3:cad>
          </ns3:TrackPointExtension>
        </extensions>
      </trkpt>
      <trkpt lat="31.24622385017573833465576171875" lon="121.4849883131682872772216796875">
        <ele>8.6000003814697265625</ele>
        <time>2026-08-12T06:42:16.000Z</time>
        <extensions>
          <ns3:TrackPointExtension>
            <ns3:hr>115</ns3:hr>
            <ns3:cad>53</ns3:cad>
          </ns3:TrackPointExtension>
        </extensions>
      </trkpt>
      <trkpt lat="31.24623307026922702789306640625" lon="121.48496962152421474456787109375">
        <ele>8.3999996185302734375</ele>
        <time>2026-08-12T06:42:18.000Z</time>
        <extensions>
          <ns3:TrackPointExtension>
            <ns3:hr>114</ns3:hr>
            <ns3:cad>53</ns3:cad>
          </ns3:TrackPointExtension>
        </extensions>
      </trkpt>
      <trkpt lat="31.24623994342982769012451171875" lon="121.48494631983339786529541015625">
        <ele>8</ele>
        <time>2026-08-12T06:42:20.000Z</time>
        <extensions>
          <ns3:TrackPointExtension>
            <ns3:hr>117</ns3:hr>
            <ns3:cad>53</ns3:cad>
          </ns3:TrackPointExtension>
        </extensions>
      </trkpt>
      <trkpt lat="31.24622535891830921173095703125" lon="121.4848461560904979705810546875">
        <ele>6.599999904632568359375</ele>
        <time>2026-08-12T06:42:26.000Z</time>
        <extensions>
          <ns3:TrackPointExtension>
            <ns3:hr>117</ns3:hr>
            <ns3:cad>53</ns3:cad>
          </ns3:TrackPointExtension>
        </extensions>
      </trkpt>
      <trkpt lat="31.246227957308292388916015625" lon="121.48483366705477237701416015625">
        <ele>6.400000095367431640625</ele>
        <time>2026-08-12T06:42:27.000Z</time>
        <extensions>
          <ns3:TrackPointExtension>
            <ns3:hr>117</ns3:hr>
            <ns3:cad>53</ns3:cad>
          </ns3:TrackPointExtension>
        </extensions>
      </trkpt>
      <trkpt lat="31.2462611496448516845703125" lon="121.484744735062122344970703125">
        <ele>5</ele>
        <time>2026-08-12T06:42:34.000Z</time>
        <extensions>
          <ns3:TrackPointExtension>
            <ns3:hr>116</ns3:hr>
            <ns3:cad>53</ns3:cad>
          </ns3:TrackPointExtension>
        </extensions>
      </trkpt>
      <trkpt lat="31.2462901510298252105712890625" lon="121.48470810614526271820068359375">
        <ele>4.400000095367431640625</ele>
        <time>2026-08-12T06:42:37.000Z</time>
        <extensions>
          <ns3:TrackPointExtension>
            <ns3:hr>116</ns3:hr>
            <ns3:cad>57</ns3:cad>
          </ns3:TrackPointExtension>
        </extensions>
      </trkpt>
      <trkpt lat="31.24632979743182659149169921875" lon="121.48468463681638240814208984375">
        <ele>4.19999980926513671875</ele>
        <time>2026-08-12T06:42:40.000Z</time>
        <extensions>
          <ns3:TrackPointExtension>
            <ns3:hr>116</ns3:hr>
            <ns3:cad>53</ns3:cad>
          </ns3:TrackPointExtension>
        </extensions>
      </trkpt>
      <trkpt lat="31.24636466614902019500732421875" lon="121.4846486784517765045166015625">
        <ele>4.400000095367431640625</ele>
        <time>2026-08-12T06:42:43.000Z</time>
        <extensions>
          <ns3:TrackPointExtension>
            <ns3:hr>114</ns3:hr>
            <ns3:cad>53</ns3:cad>
          </ns3:TrackPointExtension>
        </extensions>
      </trkpt>
      <trkpt lat="31.246382184326648712158203125" lon="121.48457516916096210479736328125">
        <ele>4.19999980926513671875</ele>
        <time>2026-08-12T06:42:46.000Z</time>
        <extensions>
          <ns3:TrackPointExtension>
            <ns3:hr>114</ns3:hr>
            <ns3:cad>84</ns3:cad>
          </ns3:TrackPointExtension>
        </extensions>
      </trkpt>
      <trkpt lat="31.24643004499375820159912109375" lon="121.48442077450454235076904296875">
        <ele>4.80000019073486328125</ele>
        <time>2026-08-12T06:42:52.000Z</time>
        <extensions>
          <ns3:TrackPointExtension>
            <ns3:hr>111</ns3:hr>
            <ns3:cad>84</ns3:cad>
          </ns3:TrackPointExtension>
        </extensions>
      </trkpt>
      <trkpt lat="31.246439181268215179443359375" lon="121.484397388994693756103515625">
        <ele>5</ele>
        <time>2026-08-12T06:42:53.000Z</time>
        <extensions>
          <ns3:TrackPointExtension>
            <ns3:hr>110</ns3:hr>
            <ns3:cad>84</ns3:cad>
          </ns3:TrackPointExtension>
        </extensions>
      </trkpt>
      <trkpt lat="31.2464604713022708892822265625" lon="121.4843214489519596099853515625">
        <ele>5.599999904632568359375</ele>
        <time>2026-08-12T06:42:56.000Z</time>
        <extensions>
          <ns3:TrackPointExtension>
            <ns3:hr>113</ns3:hr>
            <ns3:cad>84</ns3:cad>
          </ns3:TrackPointExtension>
        </extensions>
      </trkpt>
      <trkpt lat="31.24647505581378936767578125" lon="121.48423905484378337860107421875">
        <ele>5.80000019073486328125</ele>
        <time>2026-08-12T06:42:59.000Z</time>
        <extensions>
          <ns3:TrackPointExtension>
            <ns3:hr>116</ns3:hr>
            <ns3:cad>84</ns3:cad>
          </ns3:TrackPointExtension>
        </extensions>
      </trkpt>
      <trkpt lat="31.2464812584221363067626953125" lon="121.48421256802976131439208984375">
        <ele>5.599999904632568359375</ele>
        <time>2026-08-12T06:43:00.000Z</time>
        <extensions>
          <ns3:TrackPointExtension>
            <ns3:hr>117</ns3:hr>
            <ns3:cad>84</ns3:cad>
          </ns3:TrackPointExtension>
        </extensions>
      </trkpt>
      <trkpt lat="31.246510259807109832763671875" lon="121.4840495400130748748779296875">
        <ele>5.599999904632568359375</ele>
        <time>2026-08-12T06:43:06.000Z</time>
        <extensions>
          <ns3:TrackPointExtension>
            <ns3:hr>120</ns3:hr>
            <ns3:cad>84</ns3:cad>
          </ns3:TrackPointExtension>
        </extensions>
      </trkpt>
      <trkpt lat="31.24652710743248462677001953125" lon="121.483989693224430084228515625">
        <ele>5.599999904632568359375</ele>
        <time>2026-08-12T06:43:08.000Z</time>
        <extensions>
          <ns3:TrackPointExtension>
            <ns3:hr>121</ns3:hr>
            <ns3:cad>84</ns3:cad>
          </ns3:TrackPointExtension>
        </extensions>
      </trkpt>
      <trkpt lat="31.246543787419795989990234375" lon="121.4839355461299419403076171875">
        <ele>5.80000019073486328125</ele>
        <time>2026-08-12T06:43:10.000Z</time>
        <extensions>
          <ns3:TrackPointExtension>
            <ns3:hr>124</ns3:hr>
            <ns3:cad>85</ns3:cad>
          </ns3:TrackPointExtension>
        </extensions>
      </trkpt>
      <trkpt lat="31.2465577013790607452392578125" lon="121.4838648028671741485595703125">
        <ele>6</ele>
        <time>2026-08-12T06:43:13.000Z</time>
        <extensions>
          <ns3:TrackPointExtension>
            <ns3:hr>127</ns3:hr>
            <ns3:cad>84</ns3:cad>
          </ns3:TrackPointExtension>
        </extensions>
      </trkpt>
      <trkpt lat="31.24656667001545429229736328125" lon="121.48381962440907955169677734375">
        <ele>6.400000095367431640625</ele>
        <time>2026-08-12T06:43:16.000Z</time>
        <extensions>
          <ns3:TrackPointExtension>
            <ns3:hr>127</ns3:hr>
            <ns3:cad>80</ns3:cad>
          </ns3:TrackPointExtension>
        </extensions>
      </trkpt>
      <trkpt lat="31.24657153151929378509521484375" lon="121.48380872793495655059814453125">
        <ele>6.400000095367431640625</ele>
        <time>2026-08-12T06:43:17.000Z</time>
        <extensions>
          <ns3:TrackPointExtension>
            <ns3:hr>127</ns3:hr>
            <ns3:cad>80</ns3:cad>
          </ns3:TrackPointExtension>
        </extensions>
      </trkpt>
      <trkpt lat="31.24659441411495208740234375" lon="121.483766399323940277099609375">
        <ele>7.19999980926513671875</ele>
        <time>2026-08-12T06:43:21.000Z</time>
        <extensions>
          <ns3:TrackPointExtension>
            <ns3:hr>129</ns3:hr>
            <ns3:cad>0</ns3:cad>
          </ns3:TrackPointExtension>
        </extensions>
      </trkpt>
      <trkpt lat="31.2465982697904109954833984375" lon="121.4837332069873809814453125">
        <ele>7.80000019073486328125</ele>
        <time>2026-08-12T06:43:24.000Z</time>
        <extensions>
          <ns3:TrackPointExtension>
            <ns3:hr>129</ns3:hr>
            <ns3:cad>0</ns3:cad>
          </ns3:TrackPointExtension>
        </extensions>
      </trkpt>
      <trkpt lat="31.2466177158057689666748046875" lon="121.48371082730591297149658203125">
        <ele>8.19999980926513671875</ele>
        <time>2026-08-12T06:43:26.000Z</time>
        <extensions>
          <ns3:TrackPointExtension>
            <ns3:hr>130</ns3:hr>
            <ns3:cad>55</ns3:cad>
          </ns3:TrackPointExtension>
        </extensions>
      </trkpt>
      <trkpt lat="31.24663204886019229888916015625" lon="121.48368232883512973785400390625">
        <ele>8.80000019073486328125</ele>
        <time>2026-08-12T06:43:28.000Z</time>
        <extensions>
          <ns3:TrackPointExtension>
            <ns3:hr>130</ns3:hr>
            <ns3:cad>55</ns3:cad>
          </ns3:TrackPointExtension>
        </extensions>
      </trkpt>
      <trkpt lat="31.24663590453565120697021484375" lon="121.48359901271760463714599609375">
        <ele>10.19999980926513671875</ele>
        <time>2026-08-12T06:43:34.000Z</time>
        <extensions>
          <ns3:TrackPointExtension>
            <ns3:hr>131</ns3:hr>
            <ns3:cad>51</ns3:cad>
          </ns3:TrackPointExtension>
        </extensions>
      </trkpt>
      <trkpt lat="31.24664939939975738525390625" lon="121.4835695922374725341796875">
        <ele>11</ele>
        <time>2026-08-12T06:43:36.000Z</time>
        <extensions>
          <ns3:TrackPointExtension>
            <ns3:hr>132</ns3:hr>
            <ns3:cad>0</ns3:cad>
          </ns3:TrackPointExtension>
        </extensions>
      </trkpt>
      <trkpt lat="31.246641017496585845947265625" lon="121.48352156393229961395263671875">
        <ele>12.3999996185302734375</ele>
        <time>2026-08-12T06:43:40.000Z</time>
        <extensions>
          <ns3:TrackPointExtension>
            <ns3:hr>132</ns3:hr>
            <ns3:cad>52</ns3:cad>
          </ns3:TrackPointExtension>
        </extensions>
      </trkpt>
      <trkpt lat="31.24663598835468292236328125" lon="121.48348568938672542572021484375">
        <ele>13.3999996185302734375</ele>
        <time>2026-08-12T06:43:43.000Z</time>
        <extensions>
          <ns3:TrackPointExtension>
            <ns3:hr>132</ns3:hr>
            <ns3:cad>52</ns3:cad>
          </ns3:TrackPointExtension>
        </extensions>
      </trkpt>
      <trkpt lat="31.24664076603949069976806640625" lon="121.4834752120077610015869140625">
        <ele>13.80000019073486328125</ele>
        <time>2026-08-12T06:43:44.000Z</time>
        <extensions>
          <ns3:TrackPointExtension>
            <ns3:hr>132</ns3:hr>
            <ns3:cad>52</ns3:cad>
          </ns3:TrackPointExtension>
        </extensions>
      </trkpt>
      <trkpt lat="31.246651746332645416259765625" lon="121.48345132358372211456298828125">
        <ele>14.80000019073486328125</ele>
        <time>2026-08-12T06:43:46.000Z</time>
        <extensions>
          <ns3:TrackPointExtension>
            <ns3:hr>132</ns3:hr>
            <ns3:cad>57</ns3:cad>
          </ns3:TrackPointExtension>
        </extensions>
      </trkpt>
      <trkpt lat="31.246662139892578125" lon="121.48341628722846508026123046875">
        <ele>16</ele>
        <time>2026-08-12T06:43:49.000Z</time>
        <extensions>
          <ns3:TrackPointExtension>
            <ns3:hr>130</ns3:hr>
            <ns3:cad>56</ns3:cad>
          </ns3:TrackPointExtension>
        </extensions>
      </trkpt>
      <trkpt lat="31.24666423536837100982666015625" lon="121.48337538354098796844482421875">
        <ele>17.3999996185302734375</ele>
        <time>2026-08-12T06:43:52.000Z</time>
        <extensions>
          <ns3:TrackPointExtension>
            <ns3:hr>127</ns3:hr>
            <ns3:cad>55</ns3:cad>
          </ns3:TrackPointExtension>
        </extensions>
      </trkpt>
      <trkpt lat="31.24666373245418071746826171875" lon="121.4833488129079341888427734375">
        <ele>17.799999237060546875</ele>
        <time>2026-08-12T06:43:54.000Z</time>
        <extensions>
          <ns3:TrackPointExtension>
            <ns3:hr>124</ns3:hr>
            <ns3:cad>56</ns3:cad>
          </ns3:TrackPointExtension>
        </extensions>
      </trkpt>
      <trkpt lat="31.24666624702513217926025390625" lon="121.48331821896135807037353515625">
        <ele>18.3999996185302734375</ele>
        <time>2026-08-12T06:43:56.000Z</time>
        <extensions>
          <ns3:TrackPointExtension>
            <ns3:hr>121</ns3:hr>
            <ns3:cad>56</ns3:cad>
          </ns3:TrackPointExtension>
        </extensions>
      </trkpt>
      <trkpt lat="31.24667429365217685699462890625" lon="121.48329676128923892974853515625">
        <ele>18.799999237060546875</ele>
        <time>2026-08-12T06:43:57.000Z</time>
        <extensions>
          <ns3:TrackPointExtension>
            <ns3:hr>120</ns3:hr>
            <ns3:cad>56</ns3:cad>
          </ns3:TrackPointExtension>
        </extensions>
      </trkpt>
      <trkpt lat="31.246672533452510833740234375" lon="121.4831818453967571258544921875">
        <ele>18.6000003814697265625</ele>
        <time>2026-08-12T06:44:02.000Z</time>
        <extensions>
          <ns3:TrackPointExtension>
            <ns3:hr>118</ns3:hr>
            <ns3:cad>82</ns3:cad>
          </ns3:TrackPointExtension>
        </extensions>
      </trkpt>
      <trkpt lat="31.24668099917471408843994140625" lon="121.482952348887920379638671875">
        <ele>17.200000762939453125</ele>
        <time>2026-08-12T06:44:09.000Z</time>
        <extensions>
          <ns3:TrackPointExtension>
            <ns3:hr>117</ns3:hr>
            <ns3:cad>83</ns3:cad>
          </ns3:TrackPointExtension>
        </extensions>
      </trkpt>
      <trkpt lat="31.24667781405150890350341796875" lon="121.4828908257186412811279296875">
        <ele>16</ele>
        <time>2026-08-12T06:44:11.000Z</time>
        <extensions>
          <ns3:TrackPointExtension>
            <ns3:hr>118</ns3:hr>
            <ns3:cad>84</ns3:cad>
          </ns3:TrackPointExtension>
        </extensions>
      </trkpt>
      <trkpt lat="31.2466807477176189422607421875" lon="121.4827426336705684661865234375">
        <ele>12.80000019073486328125</ele>
        <time>2026-08-12T06:44:17.000Z</time>
        <extensions>
          <ns3:TrackPointExtension>
            <ns3:hr>119</ns3:hr>
            <ns3:cad>84</ns3:cad>
          </ns3:TrackPointExtension>
        </extensions>
      </trkpt>
      <trkpt lat="31.24666607938706874847412109375" lon="121.48266233503818511962890625">
        <ele>10.3999996185302734375</ele>
        <time>2026-08-12T06:44:20.000Z</time>
        <extensions>
          <ns3:TrackPointExtension>
            <ns3:hr>122</ns3:hr>
            <ns3:cad>84</ns3:cad>
          </ns3:TrackPointExtension>
        </extensions>
      </trkpt>
      <trkpt lat="31.2466634809970855712890625" lon="121.48260307498276233673095703125">
        <ele>8.80000019073486328125</ele>
        <time>2026-08-12T06:44:22.000Z</time>
        <extensions>
          <ns3:TrackPointExtension>
            <ns3:hr>122</ns3:hr>
            <ns3:cad>84</ns3:cad>
          </ns3:TrackPointExtension>
        </extensions>
      </trkpt>
      <trkpt lat="31.24666683375835418701171875" lon="121.482514478266239166259765625">
        <ele>7.19999980926513671875</ele>
        <time>2026-08-12T06:44:25.000Z</time>
        <extensions>
          <ns3:TrackPointExtension>
            <ns3:hr>124</ns3:hr>
            <ns3:cad>84</ns3:cad>
          </ns3:TrackPointExtension>
        </extensions>
      </trkpt>
      <trkpt lat="31.2466634809970855712890625" lon="121.4824418909847736358642578125">
        <ele>7.19999980926513671875</ele>
        <time>2026-08-12T06:44:28.000Z</time>
        <extensions>
          <ns3:TrackPointExtension>
            <ns3:hr>127</ns3:hr>
            <ns3:cad>83</ns3:cad>
          </ns3:TrackPointExtension>
        </extensions>
      </trkpt>
      <trkpt lat="31.24665702693164348602294921875" lon="121.48239017464220523834228515625">
        <ele>7.400000095367431640625</ele>
        <time>2026-08-12T06:44:31.000Z</time>
        <extensions>
          <ns3:TrackPointExtension>
            <ns3:hr>128</ns3:hr>
            <ns3:cad>82</ns3:cad>
          </ns3:TrackPointExtension>
        </extensions>
      </trkpt>
      <trkpt lat="31.24666306190192699432373046875" lon="121.48232881911098957061767578125">
        <ele>8</ele>
        <time>2026-08-12T06:44:35.000Z</time>
        <extensions>
          <ns3:TrackPointExtension>
            <ns3:hr>131</ns3:hr>
            <ns3:cad>56</ns3:cad>
          </ns3:TrackPointExtension>
        </extensions>
      </trkpt>
      <trkpt lat="31.2466716952621936798095703125" lon="121.48228992708027362823486328125">
        <ele>8.6000003814697265625</ele>
        <time>2026-08-12T06:44:38.000Z</time>
        <extensions>
          <ns3:TrackPointExtension>
            <ns3:hr>130</ns3:hr>
            <ns3:cad>56</ns3:cad>
          </ns3:TrackPointExtension>
        </extensions>
      </trkpt>
      <trkpt lat="31.24667077325284481048583984375" lon="121.48223930038511753082275390625">
        <ele>8.19999980926513671875</ele>
        <time>2026-08-12T06:44:43.000Z</time>
        <extensions>
          <ns3:TrackPointExtension>
            <ns3:hr>129</ns3:hr>
            <ns3:cad>0</ns3:cad>
          </ns3:TrackPointExtension>
        </extensions>
      </trkpt>
      <trkpt lat="31.2466688454151153564453125" lon="121.482227146625518798828125">
        <ele>8.19999980926513671875</ele>
        <time>2026-08-12T06:44:44.000Z</time>
        <extensions>
          <ns3:TrackPointExtension>
            <ns3:hr>130</ns3:hr>
            <ns3:cad>0</ns3:cad>
          </ns3:TrackPointExtension>
        </extensions>
      </trkpt>
      <trkpt lat="31.24665786512196063995361328125" lon="121.482138969004154205322265625">
        <ele>7.599999904632568359375</ele>
        <time>2026-08-12T06:44:50.000Z</time>
        <extensions>
          <ns3:TrackPointExtension>
            <ns3:hr>133</ns3:hr>
            <ns3:cad>55</ns3:cad>
          </ns3:TrackPointExtension>
        </extensions>
      </trkpt>
      <trkpt lat="31.246664822101593017578125" lon="121.4820834808051586151123046875">
        <ele>8</ele>
        <time>2026-08-12T06:44:54.000Z</time>
        <extensions>
          <ns3:TrackPointExtension>
            <ns3:hr>133</ns3:hr>
            <ns3:cad>51</ns3:cad>
          </ns3:TrackPointExtension>
        </extensions>
      </trkpt>
      <trkpt lat="31.2466706894338130950927734375" lon="121.48206663317978382110595703125">
        <ele>8.19999980926513671875</ele>
        <time>2026-08-12T06:44:56.000Z</time>
        <extensions>
          <ns3:TrackPointExtension>
            <ns3:hr>132</ns3:hr>
            <ns3:cad>0</ns3:cad>
          </ns3:TrackPointExtension>
        </extensions>
      </trkpt>
      <trkpt lat="31.24666105024516582489013671875" lon="121.48203444667160511016845703125">
        <ele>8.3999996185302734375</ele>
        <time>2026-08-12T06:44:59.000Z</time>
        <extensions>
          <ns3:TrackPointExtension>
            <ns3:hr>131</ns3:hr>
            <ns3:cad>0</ns3:cad>
          </ns3:TrackPointExtension>
        </extensions>
      </trkpt>
      <trkpt lat="31.2466527521610260009765625" lon="121.482016257941722869873046875">
        <ele>8.3999996185302734375</ele>
        <time>2026-08-12T06:45:01.000Z</time>
        <extensions>
          <ns3:TrackPointExtension>
            <ns3:hr>131</ns3:hr>
            <ns3:cad>0</ns3:cad>
          </ns3:TrackPointExtension>
        </extensions>
      </trkpt>
      <trkpt lat="31.246651746332645416259765625" lon="121.48197040893137454986572265625">
        <ele>8.6000003814697265625</ele>
        <time>2026-08-12T06:45:05.000Z</time>
        <extensions>
          <ns3:TrackPointExtension>
            <ns3:hr>128</ns3:hr>
            <ns3:cad>55</ns3:cad>
          </ns3:TrackPointExtension>
        </extensions>
      </trkpt>
      <trkpt lat="31.24665300361812114715576171875" lon="121.4819388091564178466796875">
        <ele>8.19999980926513671875</ele>
        <time>2026-08-12T06:45:08.000Z</time>
        <extensions>
          <ns3:TrackPointExtension>
            <ns3:hr>126</ns3:hr>
            <ns3:cad>55</ns3:cad>
          </ns3:TrackPointExtension>
        </extensions>
      </trkpt>
      <trkpt lat="31.24660774134099483489990234375" lon="121.48185976780951023101806640625">
        <ele>8.19999980926513671875</ele>
        <time>2026-08-12T06:45:15.000Z</time>
        <extensions>
          <ns3:TrackPointExtension>
            <ns3:hr>123</ns3:hr>
            <ns3:cad>55</ns3:cad>
          </ns3:TrackPointExtension>
        </extensions>
      </trkpt>
      <trkpt lat="31.24660472385585308074951171875" lon="121.4818484522402286529541015625">
        <ele>8.3999996185302734375</ele>
        <time>2026-08-12T06:45:16.000Z</time>
        <extensions>
          <ns3:TrackPointExtension>
            <ns3:hr>123</ns3:hr>
            <ns3:cad>55</ns3:cad>
          </ns3:TrackPointExtension>
        </extensions>
      </trkpt>
      <trkpt lat="31.24658796004951000213623046875" lon="121.48178449831902980804443359375">
        <ele>9</ele>
        <time>2026-08-12T06:45:21.000Z</time>
        <extensions>
          <ns3:TrackPointExtension>
            <ns3:hr>120</ns3:hr>
            <ns3:cad>54</ns3:cad>
          </ns3:TrackPointExtension>
        </extensions>
      </trkpt>
      <trkpt lat="31.24656583182513713836669921875" lon="121.481741331517696380615234375">
        <ele>9.6000003814697265625</ele>
        <time>2026-08-12T06:45:25.000Z</time>
        <extensions>
          <ns3:TrackPointExtension>
            <ns3:hr>119</ns3:hr>
            <ns3:cad>0</ns3:cad>
          </ns3:TrackPointExtension>
        </extensions>
      </trkpt>
      <trkpt lat="31.2465509958565235137939453125" lon="121.48169531486928462982177734375">
        <ele>10</ele>
        <time>2026-08-12T06:45:29.000Z</time>
        <extensions>
          <ns3:TrackPointExtension>
            <ns3:hr>116</ns3:hr>
            <ns3:cad>53</ns3:cad>
          </ns3:TrackPointExtension>
        </extensions>
      </trkpt>
      <trkpt lat="31.246536411345005035400390625" lon="121.4816518127918243408203125">
        <ele>10.19999980926513671875</ele>
        <time>2026-08-12T06:45:32.000Z</time>
        <extensions>
          <ns3:TrackPointExtension>
            <ns3:hr>114</ns3:hr>
            <ns3:cad>54</ns3:cad>
          </ns3:TrackPointExtension>
        </extensions>
      </trkpt>
      <trkpt lat="31.24650699086487293243408203125" lon="121.481561958789825439453125">
        <ele>11.19999980926513671875</ele>
        <time>2026-08-12T06:45:40.000Z</time>
        <extensions>
          <ns3:TrackPointExtension>
            <ns3:hr>114</ns3:hr>
            <ns3:cad>52</ns3:cad>
          </ns3:TrackPointExtension>
        </extensions>
      </trkpt>
      <trkpt lat="31.24650481157004833221435546875" lon="121.481524743139743804931640625">
        <ele>12</ele>
        <time>2026-08-12T06:45:44.000Z</time>
        <extensions>
          <ns3:TrackPointExtension>
            <ns3:hr>113</ns3:hr>
            <ns3:cad>0</ns3:cad>
          </ns3:TrackPointExtension>
        </extensions>
      </trkpt>
      <trkpt lat="31.2464971840381622314453125" lon="121.48149096406996250152587890625">
        <ele>12.3999996185302734375</ele>
        <time>2026-08-12T06:45:47.000Z</time>
        <extensions>
          <ns3:TrackPointExtension>
            <ns3:hr>112</ns3:hr>
            <ns3:cad>0</ns3:cad>
          </ns3:TrackPointExtension>
        </extensions>
      </trkpt>
      <trkpt lat="31.246499530971050262451171875" lon="121.481477804481983184814453125">
        <ele>12.80000019073486328125</ele>
        <time>2026-08-12T06:45:48.000Z</time>
        <extensions>
          <ns3:TrackPointExtension>
            <ns3:hr>113</ns3:hr>
            <ns3:cad>0</ns3:cad>
          </ns3:TrackPointExtension>
        </extensions>
      </trkpt>
      <trkpt lat="31.2465067394077777862548828125" lon="121.48141653276979923248291015625">
        <ele>13.80000019073486328125</ele>
        <time>2026-08-12T06:45:54.000Z</time>
        <extensions>
          <ns3:TrackPointExtension>
            <ns3:hr>111</ns3:hr>
            <ns3:cad>0</ns3:cad>
          </ns3:TrackPointExtension>
        </extensions>
      </trkpt>
      <trkpt lat="31.246525347232818603515625" lon="121.48133086971938610076904296875">
        <ele>15.6000003814697265625</ele>
        <time>2026-08-12T06:46:03.000Z</time>
        <extensions>
          <ns3:TrackPointExtension>
            <ns3:hr>113</ns3:hr>
            <ns3:cad>52</ns3:cad>
          </ns3:TrackPointExtension>
        </extensions>
      </trkpt>
      <trkpt lat="31.24650397337973117828369140625" lon="121.48129113949835300445556640625">
        <ele>15.80000019073486328125</ele>
        <time>2026-08-12T06:46:11.000Z</time>
        <extensions>
          <ns3:TrackPointExtension>
            <ns3:hr>112</ns3:hr>
            <ns3:cad>0</ns3:cad>
          </ns3:TrackPointExtension>
        </extensions>
      </trkpt>
      <trkpt lat="31.24648771248757839202880859375" lon="121.48120916448533535003662109375">
        <ele>16.200000762939453125</ele>
        <time>2026-08-12T06:46:18.000Z</time>
        <extensions>
          <ns3:TrackPointExtension>
            <ns3:hr>111</ns3:hr>
            <ns3:cad>57</ns3:cad>
          </ns3:TrackPointExtension>
        </extensions>
      </trkpt>
      <trkpt lat="31.24643641524016857147216796875" lon="121.48113255389034748077392578125">
        <ele>16.200000762939453125</ele>
        <time>2026-08-12T06:46:25.000Z</time>
        <extensions>
          <ns3:TrackPointExtension>
            <ns3:hr>110</ns3:hr>
            <ns3:cad>59</ns3:cad>
          </ns3:TrackPointExtension>
        </extensions>
      </trkpt>
      <trkpt lat="31.24642937444150447845458984375" lon="121.48111696355044841766357421875">
        <ele>16.200000762939453125</ele>
        <time>2026-08-12T06:46:27.000Z</time>
        <extensions>
          <ns3:TrackPointExtension>
            <ns3:hr>111</ns3:hr>
            <ns3:cad>59</ns3:cad>
          </ns3:TrackPointExtension>
        </extensions>
      </trkpt>
      <trkpt lat="31.24643105082213878631591796875" lon="121.48111176677048206329345703125">
        <ele>16.3999996185302734375</ele>
        <time>2026-08-12T06:46:29.000Z</time>
        <extensions>
          <ns3:TrackPointExtension>
            <ns3:hr>110</ns3:hr>
            <ns3:cad>54</ns3:cad>
          </ns3:TrackPointExtension>
        </extensions>
      </trkpt>
      <trkpt lat="31.24644278548657894134521484375" lon="121.48110531270503997802734375">
        <ele>16.3999996185302734375</ele>
        <time>2026-08-12T06:46:32.000Z</time>
        <extensions>
          <ns3:TrackPointExtension>
            <ns3:hr>107</ns3:hr>
            <ns3:cad>0</ns3:cad>
          </ns3:TrackPointExtension>
        </extensions>
      </trkpt>
      <trkpt lat="31.24644462950527667999267578125" lon="121.48110355250537395477294921875">
        <ele>16.3999996185302734375</ele>
        <time>2026-08-12T06:46:33.000Z</time>
        <extensions>
          <ns3:TrackPointExtension>
            <ns3:hr>106</ns3:hr>
            <ns3:cad>0</ns3:cad>
          </ns3:TrackPointExtension>
        </extensions>
      </trkpt>
      <trkpt lat="31.24644379131495952606201171875" lon="121.48108578287065029144287109375">
        <ele>16.3999996185302734375</ele>
        <time>2026-08-12T06:46:39.000Z</time>
        <extensions>
          <ns3:TrackPointExtension>
            <ns3:hr>106</ns3:hr>
            <ns3:cad>46</ns3:cad>
          </ns3:TrackPointExtension>
        </extensions>
      </trkpt>
      <trkpt lat="31.246348321437835693359375" lon="121.48115493357181549072265625">
        <ele>15.6000003814697265625</ele>
        <time>2026-08-12T06:47:14.000Z</time>
        <extensions>
          <ns3:TrackPointExtension>
            <ns3:hr>120</ns3:hr>
            <ns3:cad>59</ns3:cad>
          </ns3:TrackPointExtension>
        </extensions>
      </trkpt>
      <trkpt lat="31.2463451363146305084228515625" lon="121.481054686009883880615234375">
        <ele>16.200000762939453125</ele>
        <time>2026-08-12T06:47:19.000Z</time>
        <extensions>
          <ns3:TrackPointExtension>
            <ns3:hr>118</ns3:hr>
            <ns3:cad>0</ns3:cad>
          </ns3:TrackPointExtension>
        </extensions>
      </trkpt>
      <trkpt lat="31.24630431644618511199951171875" lon="121.481013111770153045654296875">
        <ele>15.19999980926513671875</ele>
        <time>2026-08-12T06:47:21.000Z</time>
        <extensions>
          <ns3:TrackPointExtension>
            <ns3:hr>115</ns3:hr>
            <ns3:cad>82</ns3:cad>
          </ns3:TrackPointExtension>
        </extensions>
      </trkpt>
      <trkpt lat="31.24625352211296558380126953125" lon="121.48094094358384609222412109375">
        <ele>13.80000019073486328125</ele>
        <time>2026-08-12T06:47:24.000Z</time>
        <extensions>
          <ns3:TrackPointExtension>
            <ns3:hr>115</ns3:hr>
            <ns3:cad>83</ns3:cad>
          </ns3:TrackPointExtension>
        </extensions>
      </trkpt>
      <trkpt lat="31.2461882270872592926025390625" lon="121.48078755475580692291259765625">
        <ele>11.19999980926513671875</ele>
        <time>2026-08-12T06:47:30.000Z</time>
        <extensions>
          <ns3:TrackPointExtension>
            <ns3:hr>115</ns3:hr>
            <ns3:cad>83</ns3:cad>
          </ns3:TrackPointExtension>
        </extensions>
      </trkpt>
      <trkpt lat="31.2461097724735736846923828125" lon="121.48059695027768611907958984375">
        <ele>8.19999980926513671875</ele>
        <time>2026-08-12T06:47:37.000Z</time>
        <extensions>
          <ns3:TrackPointExtension>
            <ns3:hr>117</ns3:hr>
            <ns3:cad>85</ns3:cad>
          </ns3:TrackPointExtension>
        </extensions>
      </trkpt>
      <trkpt lat="31.24604992568492889404296875" lon="121.480457223951816558837890625">
        <ele>7.599999904632568359375</ele>
        <time>2026-08-12T06:47:43.000Z</time>
        <extensions>
          <ns3:TrackPointExtension>
            <ns3:hr>120</ns3:hr>
            <ns3:cad>83</ns3:cad>
          </ns3:TrackPointExtension>
        </extensions>
      </trkpt>
      <trkpt lat="31.2460380233824253082275390625" lon="121.48043165914714336395263671875">
        <ele>7.599999904632568359375</ele>
        <time>2026-08-12T06:47:44.000Z</time>
        <extensions>
          <ns3:TrackPointExtension>
            <ns3:hr>120</ns3:hr>
            <ns3:cad>83</ns3:cad>
          </ns3:TrackPointExtension>
        </extensions>
      </trkpt>
      <trkpt lat="31.245995946228504180908203125" lon="121.48035907186567783355712890625">
        <ele>7.400000095367431640625</ele>
        <time>2026-08-12T06:47:47.000Z</time>
        <extensions>
          <ns3:TrackPointExtension>
            <ns3:hr>123</ns3:hr>
            <ns3:cad>83</ns3:cad>
          </ns3:TrackPointExtension>
        </extensions>
      </trkpt>
      <trkpt lat="31.24593861401081085205078125" lon="121.4802501909434795379638671875">
        <ele>7.599999904632568359375</ele>
        <time>2026-08-12T06:47:51.000Z</time>
        <extensions>
          <ns3:TrackPointExtension>
            <ns3:hr>124</ns3:hr>
            <ns3:cad>83</ns3:cad>
          </ns3:TrackPointExtension>
        </extensions>
      </trkpt>
      <trkpt lat="31.24587968923151493072509765625" lon="121.4801653660833835601806640625">
        <ele>7.80000019073486328125</ele>
        <time>2026-08-12T06:47:55.000Z</time>
        <extensions>
          <ns3:TrackPointExtension>
            <ns3:hr>127</ns3:hr>
            <ns3:cad>83</ns3:cad>
          </ns3:TrackPointExtension>
        </extensions>
      </trkpt>
      <trkpt lat="31.2458264641463756561279296875" lon="121.48010618984699249267578125">
        <ele>7.80000019073486328125</ele>
        <time>2026-08-12T06:47:58.000Z</time>
        <extensions>
          <ns3:TrackPointExtension>
            <ns3:hr>130</ns3:hr>
            <ns3:cad>82</ns3:cad>
          </ns3:TrackPointExtension>
        </extensions>
      </trkpt>
      <trkpt lat="31.24573401175439357757568359375" lon="121.479923464357852935791015625">
        <ele>8.19999980926513671875</ele>
        <time>2026-08-12T06:48:06.000Z</time>
        <extensions>
          <ns3:TrackPointExtension>
            <ns3:hr>131</ns3:hr>
            <ns3:cad>83</ns3:cad>
          </ns3:TrackPointExtension>
        </extensions>
      </trkpt>
      <trkpt lat="31.2456735782325267791748046875" lon="121.47977854125201702117919921875">
        <ele>10.19999980926513671875</ele>
        <time>2026-08-12T06:48:11.000Z</time>
        <extensions>
          <ns3:TrackPointExtension>
            <ns3:hr>135</ns3:hr>
            <ns3:cad>83</ns3:cad>
          </ns3:TrackPointExtension>
        </extensions>
      </trkpt>
      <trkpt lat="31.24566326849162578582763671875" lon="121.47974903695285320281982421875">
        <ele>10.80000019073486328125</ele>
        <time>2026-08-12T06:48:12.000Z</time>
        <extensions>
          <ns3:TrackPointExtension>
            <ns3:hr>135</ns3:hr>
            <ns3:cad>83</ns3:cad>
          </ns3:TrackPointExtension>
        </extensions>
      </trkpt>
      <trkpt lat="31.2456558085978031158447265625" lon="121.4796886034309864044189453125">
        <ele>11.3999996185302734375</ele>
        <time>2026-08-12T06:48:14.000Z</time>
        <extensions>
          <ns3:TrackPointExtension>
            <ns3:hr>136</ns3:hr>
            <ns3:cad>83</ns3:cad>
          </ns3:TrackPointExtension>
        </extensions>
      </trkpt>
      <trkpt lat="31.2456925213336944580078125" lon="121.47964325733482837677001953125">
        <ele>11.3999996185302734375</ele>
        <time>2026-08-12T06:48:16.000Z</time>
        <extensions>
          <ns3:TrackPointExtension>
            <ns3:hr>136</ns3:hr>
            <ns3:cad>84</ns3:cad>
          </ns3:TrackPointExtension>
        </extensions>
      </trkpt>
      <trkpt lat="31.245838366448879241943359375" lon="121.4795060455799102783203125">
        <ele>10</ele>
        <time>2026-08-12T06:48:23.000Z</time>
        <extensions>
          <ns3:TrackPointExtension>
            <ns3:hr>138</ns3:hr>
            <ns3:cad>84</ns3:cad>
          </ns3:TrackPointExtension>
        </extensions>
      </trkpt>
      <trkpt lat="31.24589561484754085540771484375" lon="121.47942801006138324737548828125">
        <ele>10.19999980926513671875</ele>
        <time>2026-08-12T06:48:27.000Z</time>
        <extensions>
          <ns3:TrackPointExtension>
            <ns3:hr>142</ns3:hr>
            <ns3:cad>83</ns3:cad>
          </ns3:TrackPointExtension>
        </extensions>
      </trkpt>
      <trkpt lat="31.24591271393001079559326171875" lon="121.47939330898225307464599609375">
        <ele>10.6000003814697265625</ele>
        <time>2026-08-12T06:48:29.000Z</time>
        <extensions>
          <ns3:TrackPointExtension>
            <ns3:hr>144</ns3:hr>
            <ns3:cad>41</ns3:cad>
          </ns3:TrackPointExtension>
        </extensions>
      </trkpt>
      <trkpt lat="31.24593970365822315216064453125" lon="121.47932155989110469818115234375">
        <ele>11</ele>
        <time>2026-08-12T06:48:33.000Z</time>
        <extensions>
          <ns3:TrackPointExtension>
            <ns3:hr>142</ns3:hr>
            <ns3:cad>41</ns3:cad>
          </ns3:TrackPointExtension>
        </extensions>
      </trkpt>
      <trkpt lat="31.24595512636005878448486328125" lon="121.4793070591986179351806640625">
        <ele>11</ele>
        <time>2026-08-12T06:48:35.000Z</time>
        <extensions>
          <ns3:TrackPointExtension>
            <ns3:hr>141</ns3:hr>
            <ns3:cad>57</ns3:cad>
          </ns3:TrackPointExtension>
        </extensions>
      </trkpt>
      <trkpt lat="31.24597876332700252532958984375" lon="121.47928400896489620208740234375">
        <ele>11</ele>
        <time>2026-08-12T06:48:38.000Z</time>
        <extensions>
          <ns3:TrackPointExtension>
            <ns3:hr>141</ns3:hr>
            <ns3:cad>57</ns3:cad>
          </ns3:TrackPointExtension>
        </extensions>
      </trkpt>
      <trkpt lat="31.24599628150463104248046875" lon="121.4792674966156482696533203125">
        <ele>10.80000019073486328125</ele>
        <time>2026-08-12T06:48:40.000Z</time>
        <extensions>
          <ns3:TrackPointExtension>
            <ns3:hr>141</ns3:hr>
            <ns3:cad>0</ns3:cad>
          </ns3:TrackPointExtension>
        </extensions>
      </trkpt>
      <trkpt lat="31.24601195566356182098388671875" lon="121.479251570999622344970703125">
        <ele>10.80000019073486328125</ele>
        <time>2026-08-12T06:48:43.000Z</time>
        <extensions>
          <ns3:TrackPointExtension>
            <ns3:hr>141</ns3:hr>
            <ns3:cad>0</ns3:cad>
          </ns3:TrackPointExtension>
        </extensions>
      </trkpt>
      <trkpt lat="31.24600424431264400482177734375" lon="121.47926573641598224639892578125">
        <ele>10.80000019073486328125</ele>
        <time>2026-08-12T06:48:44.000Z</time>
        <extensions>
          <ns3:TrackPointExtension>
            <ns3:hr>141</ns3:hr>
            <ns3:cad>0</ns3:cad>
          </ns3:TrackPointExtension>
        </extensions>
      </trkpt>
      <trkpt lat="31.24599519185721874237060546875" lon="121.479272358119487762451171875">
        <ele>10.80000019073486328125</ele>
        <time>2026-08-12T06:48:49.000Z</time>
        <extensions>
          <ns3:TrackPointExtension>
            <ns3:hr>141</ns3:hr>
            <ns3:cad>0</ns3:cad>
          </ns3:TrackPointExtension>
        </extensions>
      </trkpt>
      <trkpt lat="31.24599670059978961944580078125" lon="121.47927093319594860076904296875">
        <ele>10.80000019073486328125</ele>
        <time>2026-08-12T06:48:57.000Z</time>
        <extensions>
          <ns3:TrackPointExtension>
            <ns3:hr>141</ns3:hr>
            <ns3:cad>0</ns3:cad>
          </ns3:TrackPointExtension>
        </extensions>
      </trkpt>
      <trkpt lat="31.24599670059978961944580078125" lon="121.47927126847207546234130859375">
        <ele>10.80000019073486328125</ele>
        <time>2026-08-12T06:49:09.000Z</time>
        <extensions>
          <ns3:TrackPointExtension>
            <ns3:hr>138</ns3:hr>
            <ns3:cad>49</ns3:cad>
          </ns3:TrackPointExtension>
        </extensions>
      </trkpt>
      <trkpt lat="31.24599653296172618865966796875" lon="121.47927126847207546234130859375">
        <ele>10.80000019073486328125</ele>
        <time>2026-08-12T06:49:14.000Z</time>
        <extensions>
          <ns3:TrackPointExtension>
            <ns3:hr>134</ns3:hr>
            <ns3:cad>51</ns3:cad>
          </ns3:TrackPointExtension>
        </extensions>
      </trkpt>
      <trkpt lat="31.24598831869661808013916015625" lon="121.479260958731174468994140625">
        <ele>11</ele>
        <time>2026-08-12T06:49:16.000Z</time>
        <extensions>
          <ns3:TrackPointExtension>
            <ns3:hr>131</ns3:hr>
            <ns3:cad>51</ns3:cad>
          </ns3:TrackPointExtension>
        </extensions>
      </trkpt>
      <trkpt lat="31.24598815105855464935302734375" lon="121.47925836034119129180908203125">
        <ele>11</ele>
        <time>2026-08-12T06:49:18.000Z</time>
        <extensions>
          <ns3:TrackPointExtension>
            <ns3:hr>127</ns3:hr>
            <ns3:cad>51</ns3:cad>
          </ns3:TrackPointExtension>
        </extensions>
      </trkpt>
      <trkpt lat="31.24599091708660125732421875" lon="121.4792560972273349761962890625">
        <ele>11</ele>
        <time>2026-08-12T06:49:19.000Z</time>
        <extensions>
          <ns3:TrackPointExtension>
            <ns3:hr>126</ns3:hr>
            <ns3:cad>0</ns3:cad>
          </ns3:TrackPointExtension>
        </extensions>
      </trkpt>
      <trkpt lat="31.2460024841129779815673828125" lon="121.47924897260963916778564453125">
        <ele>11</ele>
        <time>2026-08-12T06:49:24.000Z</time>
        <extensions>
          <ns3:TrackPointExtension>
            <ns3:hr>123</ns3:hr>
            <ns3:cad>0</ns3:cad>
          </ns3:TrackPointExtension>
        </extensions>
      </trkpt>
      <trkpt lat="31.24601329676806926727294921875" lon="121.4792673289775848388671875">
        <ele>10.80000019073486328125</ele>
        <time>2026-08-12T06:49:26.000Z</time>
        <extensions>
          <ns3:TrackPointExtension>
            <ns3:hr>122</ns3:hr>
            <ns3:cad>53</ns3:cad>
          </ns3:TrackPointExtension>
        </extensions>
      </trkpt>
      <trkpt lat="31.24608538113534450531005859375" lon="121.47937872447073459625244140625">
        <ele>9.3999996185302734375</ele>
        <time>2026-08-12T06:49:34.000Z</time>
        <extensions>
          <ns3:TrackPointExtension>
            <ns3:hr>120</ns3:hr>
            <ns3:cad>51</ns3:cad>
          </ns3:TrackPointExtension>
        </extensions>
      </trkpt>
      <trkpt lat="31.24611890874803066253662109375" lon="121.47938174195587635040283203125">
        <ele>9.19999980926513671875</ele>
        <time>2026-08-12T06:49:39.000Z</time>
        <extensions>
          <ns3:TrackPointExtension>
            <ns3:hr>117</ns3:hr>
            <ns3:cad>0</ns3:cad>
          </ns3:TrackPointExtension>
        </extensions>
      </trkpt>
      <trkpt lat="31.24611832201480865478515625" lon="121.4793784730136394500732421875">
        <ele>9.19999980926513671875</ele>
        <time>2026-08-12T06:49:41.000Z</time>
        <extensions>
          <ns3:TrackPointExtension>
            <ns3:hr>117</ns3:hr>
            <ns3:cad>0</ns3:cad>
          </ns3:TrackPointExtension>
        </extensions>
      </trkpt>
      <trkpt lat="31.246118657290935516357421875" lon="121.479378305375576019287109375">
        <ele>9.19999980926513671875</ele>
        <time>2026-08-12T06:49:44.000Z</time>
        <extensions>
          <ns3:TrackPointExtension>
            <ns3:hr>114</ns3:hr>
            <ns3:cad>0</ns3:cad>
          </ns3:TrackPointExtension>
        </extensions>
      </trkpt>
      <trkpt lat="31.24611639417707920074462890625" lon="121.4793757908046245574951171875">
        <ele>9.19999980926513671875</ele>
        <time>2026-08-12T06:49:49.000Z</time>
        <extensions>
          <ns3:TrackPointExtension>
            <ns3:hr>111</ns3:hr>
            <ns3:cad>0</ns3:cad>
          </ns3:TrackPointExtension>
        </extensions>
      </trkpt>
      <trkpt lat="31.246125362813472747802734375" lon="121.47937419824302196502685546875">
        <ele>9.19999980926513671875</ele>
        <time>2026-08-12T06:50:00.000Z</time>
        <extensions>
          <ns3:TrackPointExtension>
            <ns3:hr>113</ns3:hr>
            <ns3:cad>0</ns3:cad>
          </ns3:TrackPointExtension>
        </extensions>
      </trkpt>
      <trkpt lat="31.246125362813472747802734375" lon="121.47937419824302196502685546875">
        <ele>9.19999980926513671875</ele>
        <time>2026-08-12T06:50:03.000Z</time>
        <extensions>
          <ns3:TrackPointExtension>
            <ns3:hr>116</ns3:hr>
            <ns3:cad>0</ns3:cad>
          </ns3:TrackPointExtension>
        </extensions>
      </trkpt>
      <trkpt lat="31.24613684602081775665283203125" lon="121.47934620268642902374267578125">
        <ele>9.19999980926513671875</ele>
        <time>2026-08-12T06:50:30.000Z</time>
        <extensions>
          <ns3:TrackPointExtension>
            <ns3:hr>113</ns3:hr>
            <ns3:cad>57</ns3:cad>
          </ns3:TrackPointExtension>
        </extensions>
      </trkpt>
      <trkpt lat="31.2461627461016178131103515625" lon="121.47931921295821666717529296875">
        <ele>9.19999980926513671875</ele>
        <time>2026-08-12T06:50:32.000Z</time>
        <extensions>
          <ns3:TrackPointExtension>
            <ns3:hr>113</ns3:hr>
            <ns3:cad>55</ns3:cad>
          </ns3:TrackPointExtension>
        </extensions>
      </trkpt>
      <trkpt lat="31.24623835086822509765625" lon="121.4792356453835964202880859375">
        <ele>7.80000019073486328125</ele>
        <time>2026-08-12T06:50:40.000Z</time>
        <extensions>
          <ns3:TrackPointExtension>
            <ns3:hr>114</ns3:hr>
            <ns3:cad>54</ns3:cad>
          </ns3:TrackPointExtension>
        </extensions>
      </trkpt>
      <trkpt lat="31.246307753026485443115234375" lon="121.4791380800306797027587890625">
        <ele>6.400000095367431640625</ele>
        <time>2026-08-12T06:50:46.000Z</time>
        <extensions>
          <ns3:TrackPointExtension>
            <ns3:hr>113</ns3:hr>
            <ns3:cad>82</ns3:cad>
          </ns3:TrackPointExtension>
        </extensions>
      </trkpt>
      <trkpt lat="31.2464712001383304595947265625" lon="121.4790391735732555389404296875">
        <ele>6.400000095367431640625</ele>
        <time>2026-08-12T06:50:53.000Z</time>
        <extensions>
          <ns3:TrackPointExtension>
            <ns3:hr>113</ns3:hr>
            <ns3:cad>85</ns3:cad>
          </ns3:TrackPointExtension>
        </extensions>
      </trkpt>
      <trkpt lat="31.2466012872755527496337890625" lon="121.47896113805472850799560546875">
        <ele>6.400000095367431640625</ele>
        <time>2026-08-12T06:50:59.000Z</time>
        <extensions>
          <ns3:TrackPointExtension>
            <ns3:hr>116</ns3:hr>
            <ns3:cad>85</ns3:cad>
          </ns3:TrackPointExtension>
        </extensions>
      </trkpt>
      <trkpt lat="31.2466210685670375823974609375" lon="121.47895309142768383026123046875">
        <ele>6.599999904632568359375</ele>
        <time>2026-08-12T06:51:00.000Z</time>
        <extensions>
          <ns3:TrackPointExtension>
            <ns3:hr>117</ns3:hr>
            <ns3:cad>84</ns3:cad>
          </ns3:TrackPointExtension>
        </extensions>
      </trkpt>
      <trkpt lat="31.246690638363361358642578125" lon="121.4789315499365329742431640625">
        <ele>7.400000095367431640625</ele>
        <time>2026-08-12T06:51:03.000Z</time>
        <extensions>
          <ns3:TrackPointExtension>
            <ns3:hr>120</ns3:hr>
            <ns3:cad>84</ns3:cad>
          </ns3:TrackPointExtension>
        </extensions>
      </trkpt>
      <trkpt lat="31.24682097695767879486083984375" lon="121.4788393490016460418701171875">
        <ele>8</ele>
        <time>2026-08-12T06:51:09.000Z</time>
        <extensions>
          <ns3:TrackPointExtension>
            <ns3:hr>123</ns3:hr>
            <ns3:cad>84</ns3:cad>
          </ns3:TrackPointExtension>
        </extensions>
      </trkpt>
      <trkpt lat="31.24696665443480014801025390625" lon="121.47878117859363555908203125">
        <ele>10.3999996185302734375</ele>
        <time>2026-08-12T06:51:15.000Z</time>
        <extensions>
          <ns3:TrackPointExtension>
            <ns3:hr>126</ns3:hr>
            <ns3:cad>84</ns3:cad>
          </ns3:TrackPointExtension>
        </extensions>
      </trkpt>
      <trkpt lat="31.24701543711125850677490234375" lon="121.4787657558917999267578125">
        <ele>11.19999980926513671875</ele>
        <time>2026-08-12T06:51:17.000Z</time>
        <extensions>
          <ns3:TrackPointExtension>
            <ns3:hr>126</ns3:hr>
            <ns3:cad>84</ns3:cad>
          </ns3:TrackPointExtension>
        </extensions>
      </trkpt>
      <trkpt lat="31.2471202947199344635009765625" lon="121.47875812835991382598876953125">
        <ele>13.19999980926513671875</ele>
        <time>2026-08-12T06:51:21.000Z</time>
        <extensions>
          <ns3:TrackPointExtension>
            <ns3:hr>129</ns3:hr>
            <ns3:cad>83</ns3:cad>
          </ns3:TrackPointExtension>
        </extensions>
      </trkpt>
      <trkpt lat="31.2472218833863735198974609375" lon="121.4787394367158412933349609375">
        <ele>15.80000019073486328125</ele>
        <time>2026-08-12T06:51:25.000Z</time>
        <extensions>
          <ns3:TrackPointExtension>
            <ns3:hr>132</ns3:hr>
            <ns3:cad>84</ns3:cad>
          </ns3:TrackPointExtension>
        </extensions>
      </trkpt>
      <trkpt lat="31.24724686145782470703125" lon="121.47873214446008205413818359375">
        <ele>16.3999996185302734375</ele>
        <time>2026-08-12T06:51:26.000Z</time>
        <extensions>
          <ns3:TrackPointExtension>
            <ns3:hr>132</ns3:hr>
            <ns3:cad>84</ns3:cad>
          </ns3:TrackPointExtension>
        </extensions>
      </trkpt>
      <trkpt lat="31.2473918683826923370361328125" lon="121.47870046086609363555908203125">
        <ele>19.6000003814697265625</ele>
        <time>2026-08-12T06:51:32.000Z</time>
        <extensions>
          <ns3:TrackPointExtension>
            <ns3:hr>135</ns3:hr>
            <ns3:cad>83</ns3:cad>
          </ns3:TrackPointExtension>
        </extensions>
      </trkpt>
      <trkpt lat="31.2474927864968776702880859375" lon="121.47867799736559391021728515625">
        <ele>18.3999996185302734375</ele>
        <time>2026-08-12T06:51:36.000Z</time>
        <extensions>
          <ns3:TrackPointExtension>
            <ns3:hr>138</ns3:hr>
            <ns3:cad>83</ns3:cad>
          </ns3:TrackPointExtension>
        </extensions>
      </trkpt>
      <trkpt lat="31.2475668825209140777587890625" lon="121.47865721024572849273681640625">
        <ele>16.200000762939453125</ele>
        <time>2026-08-12T06:51:39.000Z</time>
        <extensions>
          <ns3:TrackPointExtension>
            <ns3:hr>138</ns3:hr>
            <ns3:cad>84</ns3:cad>
          </ns3:TrackPointExtension>
        </extensions>
      </trkpt>
      <trkpt lat="31.24770241789519786834716796875" lon="121.4786088466644287109375">
        <ele>11.80000019073486328125</ele>
        <time>2026-08-12T06:51:45.000Z</time>
        <extensions>
          <ns3:TrackPointExtension>
            <ns3:hr>141</ns3:hr>
            <ns3:cad>85</ns3:cad>
          </ns3:TrackPointExtension>
        </extensions>
      </trkpt>
      <trkpt lat="31.24775488860905170440673828125" lon="121.47860406897962093353271484375">
        <ele>10.6000003814697265625</ele>
        <time>2026-08-12T06:51:47.000Z</time>
        <extensions>
          <ns3:TrackPointExtension>
            <ns3:hr>141</ns3:hr>
            <ns3:cad>85</ns3:cad>
          </ns3:TrackPointExtension>
        </extensions>
      </trkpt>
      <trkpt lat="31.2478141486644744873046875" lon="121.47860457189381122589111328125">
        <ele>9.6000003814697265625</ele>
        <time>2026-08-12T06:51:49.000Z</time>
        <extensions>
          <ns3:TrackPointExtension>
            <ns3:hr>144</ns3:hr>
            <ns3:cad>84</ns3:cad>
          </ns3:TrackPointExtension>
        </extensions>
      </trkpt>
      <trkpt lat="31.24795152805745601654052734375" lon="121.4786013029515743255615234375">
        <ele>7.19999980926513671875</ele>
        <time>2026-08-12T06:51:54.000Z</time>
        <extensions>
          <ns3:TrackPointExtension>
            <ns3:hr>146</ns3:hr>
            <ns3:cad>84</ns3:cad>
          </ns3:TrackPointExtension>
        </extensions>
      </trkpt>
      <trkpt lat="31.24816426075994968414306640625" lon="121.47859015502035617828369140625">
        <ele>5.599999904632568359375</ele>
        <time>2026-08-12T06:52:01.000Z</time>
        <extensions>
          <ns3:TrackPointExtension>
            <ns3:hr>147</ns3:hr>
            <ns3:cad>85</ns3:cad>
          </ns3:TrackPointExtension>
        </extensions>
      </trkpt>
      <trkpt lat="31.2481904961168766021728515625" lon="121.4785873889923095703125">
        <ele>5.599999904632568359375</ele>
        <time>2026-08-12T06:52:03.000Z</time>
        <extensions>
          <ns3:TrackPointExtension>
            <ns3:hr>147</ns3:hr>
            <ns3:cad>84</ns3:cad>
          </ns3:TrackPointExtension>
        </extensions>
      </trkpt>
      <trkpt lat="31.24838906340301036834716796875" lon="121.47858747281134128570556640625">
        <ele>4.80000019073486328125</ele>
        <time>2026-08-12T06:52:10.000Z</time>
        <extensions>
          <ns3:TrackPointExtension>
            <ns3:hr>148</ns3:hr>
            <ns3:cad>84</ns3:cad>
          </ns3:TrackPointExtension>
        </extensions>
      </trkpt>
      <trkpt lat="31.2484516762197017669677734375" lon="121.478597782552242279052734375">
        <ele>4.599999904632568359375</ele>
        <time>2026-08-12T06:52:12.000Z</time>
        <extensions>
          <ns3:TrackPointExtension>
            <ns3:hr>149</ns3:hr>
            <ns3:cad>85</ns3:cad>
          </ns3:TrackPointExtension>
        </extensions>
      </trkpt>
      <trkpt lat="31.2486582063138484954833984375" lon="121.47855863906443119049072265625">
        <ele>6.19999980926513671875</ele>
        <time>2026-08-12T06:52:19.000Z</time>
        <extensions>
          <ns3:TrackPointExtension>
            <ns3:hr>150</ns3:hr>
            <ns3:cad>84</ns3:cad>
          </ns3:TrackPointExtension>
        </extensions>
      </trkpt>
      <trkpt lat="31.24886532314121723175048828125" lon="121.4785587228834629058837890625">
        <ele>8.80000019073486328125</ele>
        <time>2026-08-12T06:52:26.000Z</time>
        <extensions>
          <ns3:TrackPointExtension>
            <ns3:hr>152</ns3:hr>
            <ns3:cad>85</ns3:cad>
          </ns3:TrackPointExtension>
        </extensions>
      </trkpt>
      <trkpt lat="31.24892349354922771453857421875" lon="121.4785677753388881683349609375">
        <ele>9.19999980926513671875</ele>
        <time>2026-08-12T06:52:28.000Z</time>
        <extensions>
          <ns3:TrackPointExtension>
            <ns3:hr>153</ns3:hr>
            <ns3:cad>85</ns3:cad>
          </ns3:TrackPointExtension>
        </extensions>
      </trkpt>
      <trkpt lat="31.2490990944206714630126953125" lon="121.47858646698296070098876953125">
        <ele>10</ele>
        <time>2026-08-12T06:52:34.000Z</time>
        <extensions>
          <ns3:TrackPointExtension>
            <ns3:hr>154</ns3:hr>
            <ns3:cad>84</ns3:cad>
          </ns3:TrackPointExtension>
        </extensions>
      </trkpt>
      <trkpt lat="31.24921250157058238983154296875" lon="121.47860138677060604095458984375">
        <ele>10</ele>
        <time>2026-08-12T06:52:40.000Z</time>
        <extensions>
          <ns3:TrackPointExtension>
            <ns3:hr>154</ns3:hr>
            <ns3:cad>74</ns3:cad>
          </ns3:TrackPointExtension>
        </extensions>
      </trkpt>
      <trkpt lat="31.2492509745061397552490234375" lon="121.47859434597194194793701171875">
        <ele>10</ele>
        <time>2026-08-12T06:52:43.000Z</time>
        <extensions>
          <ns3:TrackPointExtension>
            <ns3:hr>157</ns3:hr>
            <ns3:cad>74</ns3:cad>
          </ns3:TrackPointExtension>
        </extensions>
      </trkpt>
      <trkpt lat="31.2493027746677398681640625" lon="121.47862561047077178955078125">
        <ele>10</ele>
        <time>2026-08-12T06:52:48.000Z</time>
        <extensions>
          <ns3:TrackPointExtension>
            <ns3:hr>157</ns3:hr>
            <ns3:cad>54</ns3:cad>
          </ns3:TrackPointExtension>
        </extensions>
      </trkpt>
      <trkpt lat="31.24941064976155757904052734375" lon="121.47861580364406108856201171875">
        <ele>9.80000019073486328125</ele>
        <time>2026-08-12T06:52:53.000Z</time>
        <extensions>
          <ns3:TrackPointExtension>
            <ns3:hr>154</ns3:hr>
            <ns3:cad>84</ns3:cad>
          </ns3:TrackPointExtension>
        </extensions>
      </trkpt>
      <trkpt lat="31.24960175715386867523193359375" lon="121.47860683500766754150390625">
        <ele>9</ele>
        <time>2026-08-12T06:53:00.000Z</time>
        <extensions>
          <ns3:TrackPointExtension>
            <ns3:hr>156</ns3:hr>
            <ns3:cad>85</ns3:cad>
          </ns3:TrackPointExtension>
        </extensions>
      </trkpt>
      <trkpt lat="31.24979923479259014129638671875" lon="121.47858537733554840087890625">
        <ele>10</ele>
        <time>2026-08-12T06:53:08.000Z</time>
        <extensions>
          <ns3:TrackPointExtension>
            <ns3:hr>155</ns3:hr>
            <ns3:cad>84</ns3:cad>
          </ns3:TrackPointExtension>
        </extensions>
      </trkpt>
      <trkpt lat="31.24986159615218639373779296875" lon="121.47858344949781894683837890625">
        <ele>10.3999996185302734375</ele>
        <time>2026-08-12T06:53:10.000Z</time>
        <extensions>
          <ns3:TrackPointExtension>
            <ns3:hr>155</ns3:hr>
            <ns3:cad>85</ns3:cad>
          </ns3:TrackPointExtension>
        </extensions>
      </trkpt>
      <trkpt lat="31.25006829388439655303955078125" lon="121.47861010394990444183349609375">
        <ele>9.19999980926513671875</ele>
        <time>2026-08-12T06:53:17.000Z</time>
        <extensions>
          <ns3:TrackPointExtension>
            <ns3:hr>154</ns3:hr>
            <ns3:cad>85</ns3:cad>
          </ns3:TrackPointExtension>
        </extensions>
      </trkpt>
      <trkpt lat="31.250112466514110565185546875" lon="121.478612534701824188232421875">
        <ele>9</ele>
        <time>2026-08-12T06:53:19.000Z</time>
        <extensions>
          <ns3:TrackPointExtension>
            <ns3:hr>153</ns3:hr>
            <ns3:cad>84</ns3:cad>
          </ns3:TrackPointExtension>
        </extensions>
      </trkpt>
      <trkpt lat="31.250244565308094024658203125" lon="121.4786370098590850830078125">
        <ele>8</ele>
        <time>2026-08-12T06:53:24.000Z</time>
        <extensions>
          <ns3:TrackPointExtension>
            <ns3:hr>153</ns3:hr>
            <ns3:cad>84</ns3:cad>
          </ns3:TrackPointExtension>
        </extensions>
      </trkpt>
      <trkpt lat="31.2503091059625148773193359375" lon="121.47865888662636280059814453125">
        <ele>7.599999904632568359375</ele>
        <time>2026-08-12T06:53:28.000Z</time>
        <extensions>
          <ns3:TrackPointExtension>
            <ns3:hr>151</ns3:hr>
            <ns3:cad>82</ns3:cad>
          </ns3:TrackPointExtension>
        </extensions>
      </trkpt>
      <trkpt lat="31.25039686448872089385986328125" lon="121.478643715381622314453125">
        <ele>7</ele>
        <time>2026-08-12T06:53:31.000Z</time>
        <extensions>
          <ns3:TrackPointExtension>
            <ns3:hr>147</ns3:hr>
            <ns3:cad>82</ns3:cad>
          </ns3:TrackPointExtension>
        </extensions>
      </trkpt>
      <trkpt lat="31.25049241818487644195556640625" lon="121.47864044643938541412353515625">
        <ele>6.599999904632568359375</ele>
        <time>2026-08-12T06:53:34.000Z</time>
        <extensions>
          <ns3:TrackPointExtension>
            <ns3:hr>148</ns3:hr>
            <ns3:cad>83</ns3:cad>
          </ns3:TrackPointExtension>
        </extensions>
      </trkpt>
      <trkpt lat="31.25058026053011417388916015625" lon="121.4786412008106708526611328125">
        <ele>6.599999904632568359375</ele>
        <time>2026-08-12T06:53:37.000Z</time>
        <extensions>
          <ns3:TrackPointExtension>
            <ns3:hr>151</ns3:hr>
            <ns3:cad>84</ns3:cad>
          </ns3:TrackPointExtension>
        </extensions>
      </trkpt>
      <trkpt lat="31.2507002055644989013671875" lon="121.47862150333821773529052734375">
        <ele>6</ele>
        <time>2026-08-12T06:53:41.000Z</time>
        <extensions>
          <ns3:TrackPointExtension>
            <ns3:hr>152</ns3:hr>
            <ns3:cad>85</ns3:cad>
          </ns3:TrackPointExtension>
        </extensions>
      </trkpt>
      <trkpt lat="31.25087429769337177276611328125" lon="121.4784973673522472381591796875">
        <ele>6</ele>
        <time>2026-08-12T06:53:48.000Z</time>
        <extensions>
          <ns3:TrackPointExtension>
            <ns3:hr>153</ns3:hr>
            <ns3:cad>85</ns3:cad>
          </ns3:TrackPointExtension>
        </extensions>
      </trkpt>
      <trkpt lat="31.25102282501757144927978515625" lon="121.47838580422103404998779296875">
        <ele>5.400000095367431640625</ele>
        <time>2026-08-12T06:53:55.000Z</time>
        <extensions>
          <ns3:TrackPointExtension>
            <ns3:hr>156</ns3:hr>
            <ns3:cad>84</ns3:cad>
          </ns3:TrackPointExtension>
        </extensions>
      </trkpt>
      <trkpt lat="31.2510390020906925201416015625" lon="121.478361077606678009033203125">
        <ele>5.19999980926513671875</ele>
        <time>2026-08-12T06:53:56.000Z</time>
        <extensions>
          <ns3:TrackPointExtension>
            <ns3:hr>156</ns3:hr>
            <ns3:cad>84</ns3:cad>
          </ns3:TrackPointExtension>
        </extensions>
      </trkpt>
      <trkpt lat="31.25113011337816715240478515625" lon="121.47829880006611347198486328125">
        <ele>5.400000095367431640625</ele>
        <time>2026-08-12T06:54:00.000Z</time>
        <extensions>
          <ns3:TrackPointExtension>
            <ns3:hr>158</ns3:hr>
            <ns3:cad>85</ns3:cad>
          </ns3:TrackPointExtension>
        </extensions>
      </trkpt>
      <trkpt lat="31.25129691325128078460693359375" lon="121.47816150449216365814208984375">
        <ele>6.599999904632568359375</ele>
        <time>2026-08-12T06:54:07.000Z</time>
        <extensions>
          <ns3:TrackPointExtension>
            <ns3:hr>156</ns3:hr>
            <ns3:cad>85</ns3:cad>
          </ns3:TrackPointExtension>
        </extensions>
      </trkpt>
      <trkpt lat="31.251338906586170196533203125" lon="121.47813602350652217864990234375">
        <ele>7.400000095367431640625</ele>
        <time>2026-08-12T06:54:09.000Z</time>
        <extensions>
          <ns3:TrackPointExtension>
            <ns3:hr>159</ns3:hr>
            <ns3:cad>84</ns3:cad>
          </ns3:TrackPointExtension>
        </extensions>
      </trkpt>
      <trkpt lat="31.2514044530689716339111328125" lon="121.478072069585323333740234375">
        <ele>8.19999980926513671875</ele>
        <time>2026-08-12T06:54:12.000Z</time>
        <extensions>
          <ns3:TrackPointExtension>
            <ns3:hr>159</ns3:hr>
            <ns3:cad>84</ns3:cad>
          </ns3:TrackPointExtension>
        </extensions>
      </trkpt>
      <trkpt lat="31.25151551328599452972412109375" lon="121.47789713926613330841064453125">
        <ele>8.3999996185302734375</ele>
        <time>2026-08-12T06:54:18.000Z</time>
        <extensions>
          <ns3:TrackPointExtension>
            <ns3:hr>161</ns3:hr>
            <ns3:cad>85</ns3:cad>
          </ns3:TrackPointExtension>
        </extensions>
      </trkpt>
      <trkpt lat="31.25167996622622013092041015625" lon="121.47778146900236606597900390625">
        <ele>8.3999996185302734375</ele>
        <time>2026-08-12T06:54:25.000Z</time>
        <extensions>
          <ns3:TrackPointExtension>
            <ns3:hr>160</ns3:hr>
            <ns3:cad>85</ns3:cad>
          </ns3:TrackPointExtension>
        </extensions>
      </trkpt>
      <trkpt lat="31.25185213051736354827880859375" lon="121.47766060195863246917724609375">
        <ele>5.80000019073486328125</ele>
        <time>2026-08-12T06:54:32.000Z</time>
        <extensions>
          <ns3:TrackPointExtension>
            <ns3:hr>162</ns3:hr>
            <ns3:cad>84</ns3:cad>
          </ns3:TrackPointExtension>
        </extensions>
      </trkpt>
      <trkpt lat="31.25200836919248104095458984375" lon="121.477512158453464508056640625">
        <ele>5.599999904632568359375</ele>
        <time>2026-08-12T06:54:39.000Z</time>
        <extensions>
          <ns3:TrackPointExtension>
            <ns3:hr>163</ns3:hr>
            <ns3:cad>84</ns3:cad>
          </ns3:TrackPointExtension>
        </extensions>
      </trkpt>
      <trkpt lat="31.252057068049907684326171875" lon="121.47747854702174663543701171875">
        <ele>5.80000019073486328125</ele>
        <time>2026-08-12T06:54:41.000Z</time>
        <extensions>
          <ns3:TrackPointExtension>
            <ns3:hr>163</ns3:hr>
            <ns3:cad>85</ns3:cad>
          </ns3:TrackPointExtension>
        </extensions>
      </trkpt>
      <trkpt lat="31.252228729426860809326171875" lon="121.47735868580639362335205078125">
        <ele>9</ele>
        <time>2026-08-12T06:54:48.000Z</time>
        <extensions>
          <ns3:TrackPointExtension>
            <ns3:hr>163</ns3:hr>
            <ns3:cad>85</ns3:cad>
          </ns3:TrackPointExtension>
        </extensions>
      </trkpt>
      <trkpt lat="31.25228631310164928436279296875" lon="121.4773309417068958282470703125">
        <ele>10.19999980926513671875</ele>
        <time>2026-08-12T06:54:50.000Z</time>
        <extensions>
          <ns3:TrackPointExtension>
            <ns3:hr>164</ns3:hr>
            <ns3:cad>85</ns3:cad>
          </ns3:TrackPointExtension>
        </extensions>
      </trkpt>
      <trkpt lat="31.252374239265918731689453125" lon="121.4772664010524749755859375">
        <ele>11.3999996185302734375</ele>
        <time>2026-08-12T06:54:55.000Z</time>
        <extensions>
          <ns3:TrackPointExtension>
            <ns3:hr>164</ns3:hr>
            <ns3:cad>85</ns3:cad>
          </ns3:TrackPointExtension>
        </extensions>
      </trkpt>
      <trkpt lat="31.2524166516959667205810546875" lon="121.47722792811691761016845703125">
        <ele>12</ele>
        <time>2026-08-12T06:55:01.000Z</time>
        <extensions>
          <ns3:TrackPointExtension>
            <ns3:hr>165</ns3:hr>
            <ns3:cad>85</ns3:cad>
          </ns3:TrackPointExtension>
        </extensions>
      </trkpt>
      <trkpt lat="31.25245713628828525543212890625" lon="121.4772316999733448028564453125">
        <ele>12.3999996185302734375</ele>
        <time>2026-08-12T06:55:05.000Z</time>
        <extensions>
          <ns3:TrackPointExtension>
            <ns3:hr>162</ns3:hr>
            <ns3:cad>54</ns3:cad>
          </ns3:TrackPointExtension>
        </extensions>
      </trkpt>
      <trkpt lat="31.25248228199779987335205078125" lon="121.47720881737768650054931640625">
        <ele>12.80000019073486328125</ele>
        <time>2026-08-12T06:55:08.000Z</time>
        <extensions>
          <ns3:TrackPointExtension>
            <ns3:hr>162</ns3:hr>
            <ns3:cad>56</ns3:cad>
          </ns3:TrackPointExtension>
        </extensions>
      </trkpt>
      <trkpt lat="31.25252972356975078582763671875" lon="121.47716942243278026580810546875">
        <ele>13</ele>
        <time>2026-08-12T06:55:14.000Z</time>
        <extensions>
          <ns3:TrackPointExtension>
            <ns3:hr>160</ns3:hr>
            <ns3:cad>0</ns3:cad>
          </ns3:TrackPointExtension>
        </extensions>
      </trkpt>
      <trkpt lat="31.252587474882602691650390625" lon="121.47715500555932521820068359375">
        <ele>13.3999996185302734375</ele>
        <time>2026-08-12T06:55:20.000Z</time>
        <extensions>
          <ns3:TrackPointExtension>
            <ns3:hr>160</ns3:hr>
            <ns3:cad>54</ns3:cad>
          </ns3:TrackPointExtension>
        </extensions>
      </trkpt>
      <trkpt lat="31.25262695364654064178466796875" lon="121.47714578546583652496337890625">
        <ele>13.80000019073486328125</ele>
        <time>2026-08-12T06:55:22.000Z</time>
        <extensions>
          <ns3:TrackPointExtension>
            <ns3:hr>160</ns3:hr>
            <ns3:cad>54</ns3:cad>
          </ns3:TrackPointExtension>
        </extensions>
      </trkpt>
      <trkpt lat="31.25271144323050975799560546875" lon="121.47710924036800861358642578125">
        <ele>13</ele>
        <time>2026-08-12T06:55:26.000Z</time>
        <extensions>
          <ns3:TrackPointExtension>
            <ns3:hr>157</ns3:hr>
            <ns3:cad>82</ns3:cad>
          </ns3:TrackPointExtension>
        </extensions>
      </trkpt>
      <trkpt lat="31.25275838188827037811279296875" lon="121.47708736360073089599609375">
        <ele>12.19999980926513671875</ele>
        <time>2026-08-12T06:55:28.000Z</time>
        <extensions>
          <ns3:TrackPointExtension>
            <ns3:hr>157</ns3:hr>
            <ns3:cad>82</ns3:cad>
          </ns3:TrackPointExtension>
        </extensions>
      </trkpt>
      <trkpt lat="31.25291160307824611663818359375" lon="121.47699357010424137115478515625">
        <ele>10</ele>
        <time>2026-08-12T06:55:36.000Z</time>
        <extensions>
          <ns3:TrackPointExtension>
            <ns3:hr>157</ns3:hr>
            <ns3:cad>82</ns3:cad>
          </ns3:TrackPointExtension>
        </extensions>
      </trkpt>
      <trkpt lat="31.252950243651866912841796875" lon="121.4769829250872135162353515625">
        <ele>9.80000019073486328125</ele>
        <time>2026-08-12T06:55:39.000Z</time>
        <extensions>
          <ns3:TrackPointExtension>
            <ns3:hr>158</ns3:hr>
            <ns3:cad>67</ns3:cad>
          </ns3:TrackPointExtension>
        </extensions>
      </trkpt>
      <trkpt lat="31.25295250676572322845458984375" lon="121.47697647102177143096923828125">
        <ele>9.80000019073486328125</ele>
        <time>2026-08-12T06:55:40.000Z</time>
        <extensions>
          <ns3:TrackPointExtension>
            <ns3:hr>159</ns3:hr>
            <ns3:cad>67</ns3:cad>
          </ns3:TrackPointExtension>
        </extensions>
      </trkpt>
      <trkpt lat="31.252976395189762115478515625" lon="121.47693975828588008880615234375">
        <ele>9.3999996185302734375</ele>
        <time>2026-08-12T06:55:44.000Z</time>
        <extensions>
          <ns3:TrackPointExtension>
            <ns3:hr>156</ns3:hr>
            <ns3:cad>0</ns3:cad>
          </ns3:TrackPointExtension>
        </extensions>
      </trkpt>
      <trkpt lat="31.25298536382615566253662109375" lon="121.4769336394965648651123046875">
        <ele>9.19999980926513671875</ele>
        <time>2026-08-12T06:55:45.000Z</time>
        <extensions>
          <ns3:TrackPointExtension>
            <ns3:hr>154</ns3:hr>
            <ns3:cad>55</ns3:cad>
          </ns3:TrackPointExtension>
        </extensions>
      </trkpt>
      <trkpt lat="31.2530087493360042572021484375" lon="121.47691528312861919403076171875">
        <ele>9</ele>
        <time>2026-08-12T06:55:47.000Z</time>
        <extensions>
          <ns3:TrackPointExtension>
            <ns3:hr>150</ns3:hr>
            <ns3:cad>54</ns3:cad>
          </ns3:TrackPointExtension>
        </extensions>
      </trkpt>
      <trkpt lat="31.25304185785353183746337890625" lon="121.47691528312861919403076171875">
        <ele>8.80000019073486328125</ele>
        <time>2026-08-12T06:55:49.000Z</time>
        <extensions>
          <ns3:TrackPointExtension>
            <ns3:hr>147</ns3:hr>
            <ns3:cad>0</ns3:cad>
          </ns3:TrackPointExtension>
        </extensions>
      </trkpt>
      <trkpt lat="31.25305007211863994598388671875" lon="121.47691494785249233245849609375">
        <ele>8.6000003814697265625</ele>
        <time>2026-08-12T06:55:50.000Z</time>
        <extensions>
          <ns3:TrackPointExtension>
            <ns3:hr>147</ns3:hr>
            <ns3:cad>0</ns3:cad>
          </ns3:TrackPointExtension>
        </extensions>
      </trkpt>
      <trkpt lat="31.25307261943817138671875" lon="121.4768981002271175384521484375">
        <ele>8.3999996185302734375</ele>
        <time>2026-08-12T06:55:53.000Z</time>
        <extensions>
          <ns3:TrackPointExtension>
            <ns3:hr>146</ns3:hr>
            <ns3:cad>54</ns3:cad>
          </ns3:TrackPointExtension>
        </extensions>
      </trkpt>
      <trkpt lat="31.25307672657072544097900390625" lon="121.47689851932227611541748046875">
        <ele>8.19999980926513671875</ele>
        <time>2026-08-12T06:55:54.000Z</time>
        <extensions>
          <ns3:TrackPointExtension>
            <ns3:hr>146</ns3:hr>
            <ns3:cad>54</ns3:cad>
          </ns3:TrackPointExtension>
        </extensions>
      </trkpt>
      <trkpt lat="31.25311427749693393707275390625" lon="121.4768907241523265838623046875">
        <ele>8</ele>
        <time>2026-08-12T06:55:58.000Z</time>
        <extensions>
          <ns3:TrackPointExtension>
            <ns3:hr>144</ns3:hr>
            <ns3:cad>0</ns3:cad>
          </ns3:TrackPointExtension>
        </extensions>
      </trkpt>
      <trkpt lat="31.25313774682581424713134765625" lon="121.47688628174364566802978515625">
        <ele>7.80000019073486328125</ele>
        <time>2026-08-12T06:56:01.000Z</time>
        <extensions>
          <ns3:TrackPointExtension>
            <ns3:hr>141</ns3:hr>
            <ns3:cad>0</ns3:cad>
          </ns3:TrackPointExtension>
        </extensions>
      </trkpt>
      <trkpt lat="31.2531596235930919647216796875" lon="121.476881504058837890625">
        <ele>7.599999904632568359375</ele>
        <time>2026-08-12T06:56:03.000Z</time>
        <extensions>
          <ns3:TrackPointExtension>
            <ns3:hr>140</ns3:hr>
            <ns3:cad>0</ns3:cad>
          </ns3:TrackPointExtension>
        </extensions>
      </trkpt>
      <trkpt lat="31.25318250618875026702880859375" lon="121.4768759720027446746826171875">
        <ele>7.19999980926513671875</ele>
        <time>2026-08-12T06:56:05.000Z</time>
        <extensions>
          <ns3:TrackPointExtension>
            <ns3:hr>139</ns3:hr>
            <ns3:cad>0</ns3:cad>
          </ns3:TrackPointExtension>
        </extensions>
      </trkpt>
      <trkpt lat="31.25321150757372379302978515625" lon="121.476848982274532318115234375">
        <ele>7</ele>
        <time>2026-08-12T06:56:08.000Z</time>
        <extensions>
          <ns3:TrackPointExtension>
            <ns3:hr>135</ns3:hr>
            <ns3:cad>0</ns3:cad>
          </ns3:TrackPointExtension>
        </extensions>
      </trkpt>
      <trkpt lat="31.2532307021319866180419921875" lon="121.47684336639940738677978515625">
        <ele>6.80000019073486328125</ele>
        <time>2026-08-12T06:56:10.000Z</time>
        <extensions>
          <ns3:TrackPointExtension>
            <ns3:hr>131</ns3:hr>
            <ns3:cad>0</ns3:cad>
          </ns3:TrackPointExtension>
        </extensions>
      </trkpt>
      <trkpt lat="31.253241263329982757568359375" lon="121.47680581547319889068603515625">
        <ele>6.80000019073486328125</ele>
        <time>2026-08-12T06:56:12.000Z</time>
        <extensions>
          <ns3:TrackPointExtension>
            <ns3:hr>127</ns3:hr>
            <ns3:cad>0</ns3:cad>
          </ns3:TrackPointExtension>
        </extensions>
      </trkpt>
      <trkpt lat="31.2532746233046054840087890625" lon="121.4767849445343017578125">
        <ele>6.599999904632568359375</ele>
        <time>2026-08-12T06:56:15.000Z</time>
        <extensions>
          <ns3:TrackPointExtension>
            <ns3:hr>125</ns3:hr>
            <ns3:cad>0</ns3:cad>
          </ns3:TrackPointExtension>
        </extensions>
      </trkpt>
      <trkpt lat="31.2533322907984256744384765625" lon="121.476732306182384490966796875">
        <ele>6.19999980926513671875</ele>
        <time>2026-08-12T06:56:23.000Z</time>
        <extensions>
          <ns3:TrackPointExtension>
            <ns3:hr>124</ns3:hr>
            <ns3:cad>0</ns3:cad>
          </ns3:TrackPointExtension>
        </extensions>
      </trkpt>
      <trkpt lat="31.25335031189024448394775390625" lon="121.4767254330217838287353515625">
        <ele>6</ele>
        <time>2026-08-12T06:56:25.000Z</time>
        <extensions>
          <ns3:TrackPointExtension>
            <ns3:hr>124</ns3:hr>
            <ns3:cad>0</ns3:cad>
          </ns3:TrackPointExtension>
        </extensions>
      </trkpt>
      <trkpt lat="31.25339456833899021148681640625" lon="121.4767204038798809051513671875">
        <ele>5.400000095367431640625</ele>
        <time>2026-08-12T06:56:30.000Z</time>
        <extensions>
          <ns3:TrackPointExtension>
            <ns3:hr>124</ns3:hr>
            <ns3:cad>0</ns3:cad>
          </ns3:TrackPointExtension>
        </extensions>
      </trkpt>
      <trkpt lat="31.253473274409770965576171875" lon="121.47671453654766082763671875">
        <ele>4.19999980926513671875</ele>
        <time>2026-08-12T06:56:38.000Z</time>
        <extensions>
          <ns3:TrackPointExtension>
            <ns3:hr>122</ns3:hr>
            <ns3:cad>0</ns3:cad>
          </ns3:TrackPointExtension>
        </extensions>
      </trkpt>
      <trkpt lat="31.2534895353019237518310546875" lon="121.47670288570225238800048828125">
        <ele>3.7999999523162841796875</ele>
        <time>2026-08-12T06:56:40.000Z</time>
        <extensions>
          <ns3:TrackPointExtension>
            <ns3:hr>121</ns3:hr>
            <ns3:cad>52</ns3:cad>
          </ns3:TrackPointExtension>
        </extensions>
      </trkpt>
      <trkpt lat="31.25349867157638072967529296875" lon="121.4766872115433216094970703125">
        <ele>3.599999904632568359375</ele>
        <time>2026-08-12T06:56:42.000Z</time>
        <extensions>
          <ns3:TrackPointExtension>
            <ns3:hr>118</ns3:hr>
            <ns3:cad>0</ns3:cad>
          </ns3:TrackPointExtension>
        </extensions>
      </trkpt>
      <trkpt lat="31.25356120057404041290283203125" lon="121.47665779106318950653076171875">
        <ele>3.2000000476837158203125</ele>
        <time>2026-08-12T06:56:48.000Z</time>
        <extensions>
          <ns3:TrackPointExtension>
            <ns3:hr>115</ns3:hr>
            <ns3:cad>0</ns3:cad>
          </ns3:TrackPointExtension>
        </extensions>
      </trkpt>
      <trkpt lat="31.25356807373464107513427734375" lon="121.4766548573970794677734375">
        <ele>3.2000000476837158203125</ele>
        <time>2026-08-12T06:56:49.000Z</time>
        <extensions>
          <ns3:TrackPointExtension>
            <ns3:hr>115</ns3:hr>
            <ns3:cad>0</ns3:cad>
          </ns3:TrackPointExtension>
        </extensions>
      </trkpt>
      <trkpt lat="31.25361643731594085693359375" lon="121.476654522120952606201171875">
        <ele>3</ele>
        <time>2026-08-12T06:56:55.000Z</time>
        <extensions>
          <ns3:TrackPointExtension>
            <ns3:hr>114</ns3:hr>
            <ns3:cad>0</ns3:cad>
          </ns3:TrackPointExtension>
        </extensions>
      </trkpt>
      <trkpt lat="31.253617443144321441650390625" lon="121.47667790763080120086669921875">
        <ele>3.2000000476837158203125</ele>
        <time>2026-08-12T06:57:00.000Z</time>
        <extensions>
          <ns3:TrackPointExtension>
            <ns3:hr>114</ns3:hr>
            <ns3:cad>53</ns3:cad>
          </ns3:TrackPointExtension>
        </extensions>
      </trkpt>
      <trkpt lat="31.25363655388355255126953125" lon="121.47670456208288669586181640625">
        <ele>3.2000000476837158203125</ele>
        <time>2026-08-12T06:57:06.000Z</time>
        <extensions>
          <ns3:TrackPointExtension>
            <ns3:hr>114</ns3:hr>
            <ns3:cad>54</ns3:cad>
          </ns3:TrackPointExtension>
        </extensions>
      </trkpt>
      <trkpt lat="31.253695897758007049560546875" lon="121.4767774008214473724365234375">
        <ele>3.599999904632568359375</ele>
        <time>2026-08-12T06:57:13.000Z</time>
        <extensions>
          <ns3:TrackPointExtension>
            <ns3:hr>113</ns3:hr>
            <ns3:cad>0</ns3:cad>
          </ns3:TrackPointExtension>
        </extensions>
      </trkpt>
      <trkpt lat="31.25379706732928752899169921875" lon="121.4769011177122592926025390625">
        <ele>4.19999980926513671875</ele>
        <time>2026-08-12T06:57:22.000Z</time>
        <extensions>
          <ns3:TrackPointExtension>
            <ns3:hr>111</ns3:hr>
            <ns3:cad>54</ns3:cad>
          </ns3:TrackPointExtension>
        </extensions>
      </trkpt>
      <trkpt lat="31.2538140825927257537841796875" lon="121.47692701779305934906005859375">
        <ele>4.400000095367431640625</ele>
        <time>2026-08-12T06:57:24.000Z</time>
        <extensions>
          <ns3:TrackPointExtension>
            <ns3:hr>108</ns3:hr>
            <ns3:cad>54</ns3:cad>
          </ns3:TrackPointExtension>
        </extensions>
      </trkpt>
      <trkpt lat="31.25385540537536144256591796875" lon="121.47697395645081996917724609375">
        <ele>4.80000019073486328125</ele>
        <time>2026-08-12T06:57:28.000Z</time>
        <extensions>
          <ns3:TrackPointExtension>
            <ns3:hr>107</ns3:hr>
            <ns3:cad>0</ns3:cad>
          </ns3:TrackPointExtension>
        </extensions>
      </trkpt>
      <trkpt lat="31.2539260648190975189208984375" lon="121.47702441550791263580322265625">
        <ele>5.19999980926513671875</ele>
        <time>2026-08-12T06:57:35.000Z</time>
        <extensions>
          <ns3:TrackPointExtension>
            <ns3:hr>111</ns3:hr>
            <ns3:cad>0</ns3:cad>
          </ns3:TrackPointExtension>
        </extensions>
      </trkpt>
      <trkpt lat="31.25394274480640888214111328125" lon="121.4770372398197650909423828125">
        <ele>5.19999980926513671875</ele>
        <time>2026-08-12T06:57:36.000Z</time>
        <extensions>
          <ns3:TrackPointExtension>
            <ns3:hr>111</ns3:hr>
            <ns3:cad>0</ns3:cad>
          </ns3:TrackPointExtension>
        </extensions>
      </trkpt>
      <trkpt lat="31.254053972661495208740234375" lon="121.47715785540640354156494140625">
        <ele>6</ele>
        <time>2026-08-12T06:57:43.000Z</time>
        <extensions>
          <ns3:TrackPointExtension>
            <ns3:hr>111</ns3:hr>
            <ns3:cad>85</ns3:cad>
          </ns3:TrackPointExtension>
        </extensions>
      </trkpt>
      <trkpt lat="31.25408607535064220428466796875" lon="121.477216444909572601318359375">
        <ele>6.19999980926513671875</ele>
        <time>2026-08-12T06:57:46.000Z</time>
        <extensions>
          <ns3:TrackPointExtension>
            <ns3:hr>115</ns3:hr>
            <ns3:cad>84</ns3:cad>
          </ns3:TrackPointExtension>
        </extensions>
      </trkpt>
      <trkpt lat="31.254185400903224945068359375" lon="121.47731979377567768096923828125">
        <ele>6.19999980926513671875</ele>
        <time>2026-08-12T06:57:51.000Z</time>
        <extensions>
          <ns3:TrackPointExtension>
            <ns3:hr>117</ns3:hr>
            <ns3:cad>85</ns3:cad>
          </ns3:TrackPointExtension>
        </extensions>
      </trkpt>
      <trkpt lat="31.2542066909372806549072265625" lon="121.4773329533636569976806640625">
        <ele>6</ele>
        <time>2026-08-12T06:57:52.000Z</time>
        <extensions>
          <ns3:TrackPointExtension>
            <ns3:hr>117</ns3:hr>
            <ns3:cad>84</ns3:cad>
          </ns3:TrackPointExtension>
        </extensions>
      </trkpt>
      <trkpt lat="31.2542690522968769073486328125" lon="121.47741861641407012939453125">
        <ele>6.19999980926513671875</ele>
        <time>2026-08-12T06:57:56.000Z</time>
        <extensions>
          <ns3:TrackPointExtension>
            <ns3:hr>120</ns3:hr>
            <ns3:cad>84</ns3:cad>
          </ns3:TrackPointExtension>
        </extensions>
      </trkpt>
      <trkpt lat="31.254296712577342987060546875" lon="121.4774549938738346099853515625">
        <ele>6.19999980926513671875</ele>
        <time>2026-08-12T06:57:58.000Z</time>
        <extensions>
          <ns3:TrackPointExtension>
            <ns3:hr>123</ns3:hr>
            <ns3:cad>84</ns3:cad>
          </ns3:TrackPointExtension>
        </extensions>
      </trkpt>
      <trkpt lat="31.2543397955596446990966796875" lon="121.477557085454463958740234375">
        <ele>6.400000095367431640625</ele>
        <time>2026-08-12T06:58:02.000Z</time>
        <extensions>
          <ns3:TrackPointExtension>
            <ns3:hr>126</ns3:hr>
            <ns3:cad>83</ns3:cad>
          </ns3:TrackPointExtension>
        </extensions>
      </trkpt>
      <trkpt lat="31.25437458045780658721923828125" lon="121.4776119031012058258056640625">
        <ele>6.400000095367431640625</ele>
        <time>2026-08-12T06:58:05.000Z</time>
        <extensions>
          <ns3:TrackPointExtension>
            <ns3:hr>126</ns3:hr>
            <ns3:cad>83</ns3:cad>
          </ns3:TrackPointExtension>
        </extensions>
      </trkpt>
      <trkpt lat="31.25439519993960857391357421875" lon="121.4776336960494518280029296875">
        <ele>6.400000095367431640625</ele>
        <time>2026-08-12T06:58:07.000Z</time>
        <extensions>
          <ns3:TrackPointExtension>
            <ns3:hr>126</ns3:hr>
            <ns3:cad>84</ns3:cad>
          </ns3:TrackPointExtension>
        </extensions>
      </trkpt>
      <trkpt lat="31.25442252494394779205322265625" lon="121.47765071131289005279541015625">
        <ele>6.400000095367431640625</ele>
        <time>2026-08-12T06:58:09.000Z</time>
        <extensions>
          <ns3:TrackPointExtension>
            <ns3:hr>127</ns3:hr>
            <ns3:cad>82</ns3:cad>
          </ns3:TrackPointExtension>
        </extensions>
      </trkpt>
      <trkpt lat="31.25447046943008899688720703125" lon="121.477694213390350341796875">
        <ele>6.400000095367431640625</ele>
        <time>2026-08-12T06:58:12.000Z</time>
        <extensions>
          <ns3:TrackPointExtension>
            <ns3:hr>129</ns3:hr>
            <ns3:cad>83</ns3:cad>
          </ns3:TrackPointExtension>
        </extensions>
      </trkpt>
      <trkpt lat="31.2545272149145603179931640625" lon="121.47773084230720996856689453125">
        <ele>6.400000095367431640625</ele>
        <time>2026-08-12T06:58:17.000Z</time>
        <extensions>
          <ns3:TrackPointExtension>
            <ns3:hr>131</ns3:hr>
            <ns3:cad>83</ns3:cad>
          </ns3:TrackPointExtension>
        </extensions>
      </trkpt>
      <trkpt lat="31.2545426376163959503173828125" lon="121.47774408571422100067138671875">
        <ele>6.400000095367431640625</ele>
        <time>2026-08-12T06:58:20.000Z</time>
        <extensions>
          <ns3:TrackPointExtension>
            <ns3:hr>134</ns3:hr>
            <ns3:cad>0</ns3:cad>
          </ns3:TrackPointExtension>
        </extensions>
      </trkpt>
      <trkpt lat="31.25455479137599468231201171875" lon="121.47776034660637378692626953125">
        <ele>6.599999904632568359375</ele>
        <time>2026-08-12T06:58:23.000Z</time>
        <extensions>
          <ns3:TrackPointExtension>
            <ns3:hr>134</ns3:hr>
            <ns3:cad>54</ns3:cad>
          </ns3:TrackPointExtension>
        </extensions>
      </trkpt>
      <trkpt lat="31.25459686852991580963134765625" lon="121.47783100605010986328125">
        <ele>7</ele>
        <time>2026-08-12T06:58:29.000Z</time>
        <extensions>
          <ns3:TrackPointExtension>
            <ns3:hr>133</ns3:hr>
            <ns3:cad>54</ns3:cad>
          </ns3:TrackPointExtension>
        </extensions>
      </trkpt>
      <trkpt lat="31.254636347293853759765625" lon="121.47791993804275989532470703125">
        <ele>7.599999904632568359375</ele>
        <time>2026-08-12T06:58:35.000Z</time>
        <extensions>
          <ns3:TrackPointExtension>
            <ns3:hr>133</ns3:hr>
            <ns3:cad>55</ns3:cad>
          </ns3:TrackPointExtension>
        </extensions>
      </trkpt>
      <trkpt lat="31.2546811066567897796630859375" lon="121.4779771864414215087890625">
        <ele>8.19999980926513671875</ele>
        <time>2026-08-12T06:58:39.000Z</time>
        <extensions>
          <ns3:TrackPointExtension>
            <ns3:hr>133</ns3:hr>
            <ns3:cad>53</ns3:cad>
          </ns3:TrackPointExtension>
        </extensions>
      </trkpt>
      <trkpt lat="31.25471019186079502105712890625" lon="121.477982886135578155517578125">
        <ele>8.3999996185302734375</ele>
        <time>2026-08-12T06:58:41.000Z</time>
        <extensions>
          <ns3:TrackPointExtension>
            <ns3:hr>132</ns3:hr>
            <ns3:cad>0</ns3:cad>
          </ns3:TrackPointExtension>
        </extensions>
      </trkpt>
      <trkpt lat="31.25473600812256336212158203125" lon="121.4779843948781490325927734375">
        <ele>8.3999996185302734375</ele>
        <time>2026-08-12T06:58:44.000Z</time>
        <extensions>
          <ns3:TrackPointExtension>
            <ns3:hr>131</ns3:hr>
            <ns3:cad>0</ns3:cad>
          </ns3:TrackPointExtension>
        </extensions>
      </trkpt>
      <trkpt lat="31.25476618297398090362548828125" lon="121.47795648314058780670166015625">
        <ele>8.3999996185302734375</ele>
        <time>2026-08-12T06:58:47.000Z</time>
        <extensions>
          <ns3:TrackPointExtension>
            <ns3:hr>132</ns3:hr>
            <ns3:cad>55</ns3:cad>
          </ns3:TrackPointExtension>
        </extensions>
      </trkpt>
      <trkpt lat="31.25482653267681598663330078125" lon="121.47795497439801692962646484375">
        <ele>8.6000003814697265625</ele>
        <time>2026-08-12T06:58:52.000Z</time>
        <extensions>
          <ns3:TrackPointExtension>
            <ns3:hr>130</ns3:hr>
            <ns3:cad>53</ns3:cad>
          </ns3:TrackPointExtension>
        </extensions>
      </trkpt>
      <trkpt lat="31.25485000200569629669189453125" lon="121.4779622666537761688232421875">
        <ele>8.6000003814697265625</ele>
        <time>2026-08-12T06:58:54.000Z</time>
        <extensions>
          <ns3:TrackPointExtension>
            <ns3:hr>127</ns3:hr>
            <ns3:cad>54</ns3:cad>
          </ns3:TrackPointExtension>
        </extensions>
      </trkpt>
      <trkpt lat="31.2548603117465972900390625" lon="121.47796017117798328399658203125">
        <ele>8.80000019073486328125</ele>
        <time>2026-08-12T06:58:55.000Z</time>
        <extensions>
          <ns3:TrackPointExtension>
            <ns3:hr>125</ns3:hr>
            <ns3:cad>54</ns3:cad>
          </ns3:TrackPointExtension>
        </extensions>
      </trkpt>
      <trkpt lat="31.2549013830721378326416015625" lon="121.47794424556195735931396484375">
        <ele>8.80000019073486328125</ele>
        <time>2026-08-12T06:58:58.000Z</time>
        <extensions>
          <ns3:TrackPointExtension>
            <ns3:hr>121</ns3:hr>
            <ns3:cad>54</ns3:cad>
          </ns3:TrackPointExtension>
        </extensions>
      </trkpt>
      <trkpt lat="31.25493742525577545166015625" lon="121.4779240451753139495849609375">
        <ele>8.80000019073486328125</ele>
        <time>2026-08-12T06:59:02.000Z</time>
        <extensions>
          <ns3:TrackPointExtension>
            <ns3:hr>119</ns3:hr>
            <ns3:cad>55</ns3:cad>
          </ns3:TrackPointExtension>
        </extensions>
      </trkpt>
      <trkpt lat="31.25495829619467258453369140625" lon="121.47790971212089061737060546875">
        <ele>8.80000019073486328125</ele>
        <time>2026-08-12T06:59:05.000Z</time>
        <extensions>
          <ns3:TrackPointExtension>
            <ns3:hr>118</ns3:hr>
            <ns3:cad>55</ns3:cad>
          </ns3:TrackPointExtension>
        </extensions>
      </trkpt>
      <trkpt lat="31.25500473193824291229248046875" lon="121.47789663635194301605224609375">
        <ele>8.80000019073486328125</ele>
        <time>2026-08-12T06:59:08.000Z</time>
        <extensions>
          <ns3:TrackPointExtension>
            <ns3:hr>117</ns3:hr>
            <ns3:cad>55</ns3:cad>
          </ns3:TrackPointExtension>
        </extensions>
      </trkpt>
      <trkpt lat="31.2550266087055206298828125" lon="121.4778767712414264678955078125">
        <ele>8.80000019073486328125</ele>
        <time>2026-08-12T06:59:10.000Z</time>
        <extensions>
          <ns3:TrackPointExtension>
            <ns3:hr>116</ns3:hr>
            <ns3:cad>54</ns3:cad>
          </ns3:TrackPointExtension>
        </extensions>
      </trkpt>
      <trkpt lat="31.2550804205238819122314453125" lon="121.47785983979701995849609375">
        <ele>9</ele>
        <time>2026-08-12T06:59:14.000Z</time>
        <extensions>
          <ns3:TrackPointExtension>
            <ns3:hr>115</ns3:hr>
            <ns3:cad>53</ns3:cad>
          </ns3:TrackPointExtension>
        </extensions>
      </trkpt>
      <trkpt lat="31.2551213242113590240478515625" lon="121.47783595137298107147216796875">
        <ele>9.19999980926513671875</ele>
        <time>2026-08-12T06:59:18.000Z</time>
        <extensions>
          <ns3:TrackPointExtension>
            <ns3:hr>114</ns3:hr>
            <ns3:cad>53</ns3:cad>
          </ns3:TrackPointExtension>
        </extensions>
      </trkpt>
      <trkpt lat="31.2551411055028438568115234375" lon="121.47782891057431697845458984375">
        <ele>9.19999980926513671875</ele>
        <time>2026-08-12T06:59:20.000Z</time>
        <extensions>
          <ns3:TrackPointExtension>
            <ns3:hr>113</ns3:hr>
            <ns3:cad>53</ns3:cad>
          </ns3:TrackPointExtension>
        </extensions>
      </trkpt>
      <trkpt lat="31.25514923594892024993896484375" lon="121.4777926169335842132568359375">
        <ele>9.19999980926513671875</ele>
        <time>2026-08-12T06:59:22.000Z</time>
        <extensions>
          <ns3:TrackPointExtension>
            <ns3:hr>112</ns3:hr>
            <ns3:cad>53</ns3:cad>
          </ns3:TrackPointExtension>
        </extensions>
      </trkpt>
      <trkpt lat="31.25518091954290866851806640625" lon="121.4777862466871738433837890625">
        <ele>9.19999980926513671875</ele>
        <time>2026-08-12T06:59:25.000Z</time>
        <extensions>
          <ns3:TrackPointExtension>
            <ns3:hr>111</ns3:hr>
            <ns3:cad>0</ns3:cad>
          </ns3:TrackPointExtension>
        </extensions>
      </trkpt>
      <trkpt lat="31.2552685104310512542724609375" lon="121.47776839323341846466064453125">
        <ele>9.3999996185302734375</ele>
        <time>2026-08-12T06:59:32.000Z</time>
        <extensions>
          <ns3:TrackPointExtension>
            <ns3:hr>110</ns3:hr>
            <ns3:cad>52</ns3:cad>
          </ns3:TrackPointExtension>
        </extensions>
      </trkpt>
      <trkpt lat="31.2552772276103496551513671875" lon="121.47776219062507152557373046875">
        <ele>9.3999996185302734375</ele>
        <time>2026-08-12T06:59:34.000Z</time>
        <extensions>
          <ns3:TrackPointExtension>
            <ns3:hr>114</ns3:hr>
            <ns3:cad>53</ns3:cad>
          </ns3:TrackPointExtension>
        </extensions>
      </trkpt>
      <trkpt lat="31.25527462922036647796630859375" lon="121.4777423255145549774169921875">
        <ele>9.3999996185302734375</ele>
        <time>2026-08-12T06:59:36.000Z</time>
        <extensions>
          <ns3:TrackPointExtension>
            <ns3:hr>117</ns3:hr>
            <ns3:cad>52</ns3:cad>
          </ns3:TrackPointExtension>
        </extensions>
      </trkpt>
      <trkpt lat="31.25527915544807910919189453125" lon="121.4777331054210662841796875">
        <ele>9.3999996185302734375</ele>
        <time>2026-08-12T06:59:38.000Z</time>
        <extensions>
          <ns3:TrackPointExtension>
            <ns3:hr>117</ns3:hr>
            <ns3:cad>0</ns3:cad>
          </ns3:TrackPointExtension>
        </extensions>
      </trkpt>
      <trkpt lat="31.2552862800657749176025390625" lon="121.477730758488178253173828125">
        <ele>9.3999996185302734375</ele>
        <time>2026-08-12T06:59:40.000Z</time>
        <extensions>
          <ns3:TrackPointExtension>
            <ns3:hr>117</ns3:hr>
            <ns3:cad>0</ns3:cad>
          </ns3:TrackPointExtension>
        </extensions>
      </trkpt>
      <trkpt lat="31.25528938136994838714599609375" lon="121.47773536853492259979248046875">
        <ele>9.3999996185302734375</ele>
        <time>2026-08-12T06:59:47.000Z</time>
        <extensions>
          <ns3:TrackPointExtension>
            <ns3:hr>115</ns3:hr>
            <ns3:cad>55</ns3:cad>
          </ns3:TrackPointExtension>
        </extensions>
      </trkpt>
      <trkpt lat="31.255293823778629302978515625" lon="121.47774341516196727752685546875">
        <ele>9.3999996185302734375</ele>
        <time>2026-08-12T06:59:48.000Z</time>
        <extensions>
          <ns3:TrackPointExtension>
            <ns3:hr>115</ns3:hr>
            <ns3:cad>54</ns3:cad>
          </ns3:TrackPointExtension>
        </extensions>
      </trkpt>
      <trkpt lat="31.2553047202527523040771484375" lon="121.47776973433792591094970703125">
        <ele>9.6000003814697265625</ele>
        <time>2026-08-12T06:59:51.000Z</time>
        <extensions>
          <ns3:TrackPointExtension>
            <ns3:hr>112</ns3:hr>
            <ns3:cad>52</ns3:cad>
          </ns3:TrackPointExtension>
        </extensions>
      </trkpt>
      <trkpt lat="31.2553131021559238433837890625" lon="121.477775014936923980712890625">
        <ele>9.6000003814697265625</ele>
        <time>2026-08-12T06:59:54.000Z</time>
        <extensions>
          <ns3:TrackPointExtension>
            <ns3:hr>111</ns3:hr>
            <ns3:cad>52</ns3:cad>
          </ns3:TrackPointExtension>
        </extensions>
      </trkpt>
      <trkpt lat="31.2553265132009983062744140625" lon="121.4777741767466068267822265625">
        <ele>9.6000003814697265625</ele>
        <time>2026-08-12T06:59:56.000Z</time>
        <extensions>
          <ns3:TrackPointExtension>
            <ns3:hr>111</ns3:hr>
            <ns3:cad>0</ns3:cad>
          </ns3:TrackPointExtension>
        </extensions>
      </trkpt>
      <trkpt lat="31.2553275190293788909912109375" lon="121.4777748472988605499267578125">
        <ele>9.6000003814697265625</ele>
        <time>2026-08-12T06:59:58.000Z</time>
        <extensions>
          <ns3:TrackPointExtension>
            <ns3:hr>110</ns3:hr>
            <ns3:cad>0</ns3:cad>
          </ns3:TrackPointExtension>
        </extensions>
      </trkpt>
      <trkpt lat="31.2553275190293788909912109375" lon="121.4777748472988605499267578125">
        <ele>9.6000003814697265625</ele>
        <time>2026-08-12T07:00:01.000Z</time>
        <extensions>
          <ns3:TrackPointExtension>
            <ns3:hr>107</ns3:hr>
            <ns3:cad>0</ns3:cad>
          </ns3:TrackPointExtension>
        </extensions>
      </trkpt>
      <trkpt lat="31.25530488789081573486328125" lon="121.4777292497456073760986328125">
        <ele>9.6000003814697265625</ele>
        <time>2026-08-12T07:00:08.000Z</time>
        <extensions>
          <ns3:TrackPointExtension>
            <ns3:hr>108</ns3:hr>
            <ns3:cad>0</ns3:cad>
          </ns3:TrackPointExtension>
        </extensions>
      </trkpt>
      <trkpt lat="31.2553117610514163970947265625" lon="121.47766278125345706939697265625">
        <ele>9.3999996185302734375</ele>
        <time>2026-08-12T07:00:14.000Z</time>
        <extensions>
          <ns3:TrackPointExtension>
            <ns3:hr>108</ns3:hr>
            <ns3:cad>0</ns3:cad>
          </ns3:TrackPointExtension>
        </extensions>
      </trkpt>
      <trkpt lat="31.25530580990016460418701171875" lon="121.47763730026781558990478515625">
        <ele>9.19999980926513671875</ele>
        <time>2026-08-12T07:00:17.000Z</time>
        <extensions>
          <ns3:TrackPointExtension>
            <ns3:hr>111</ns3:hr>
            <ns3:cad>0</ns3:cad>
          </ns3:TrackPointExtension>
        </extensions>
      </trkpt>
      <trkpt lat="31.2553248368203639984130859375" lon="121.477646268904209136962890625">
        <ele>9.3999996185302734375</ele>
        <time>2026-08-12T07:00:19.000Z</time>
        <extensions>
          <ns3:TrackPointExtension>
            <ns3:hr>112</ns3:hr>
            <ns3:cad>51</ns3:cad>
          </ns3:TrackPointExtension>
        </extensions>
      </trkpt>
      <trkpt lat="31.25534637831151485443115234375" lon="121.477636881172657012939453125">
        <ele>9.3999996185302734375</ele>
        <time>2026-08-12T07:00:24.000Z</time>
        <extensions>
          <ns3:TrackPointExtension>
            <ns3:hr>111</ns3:hr>
            <ns3:cad>51</ns3:cad>
          </ns3:TrackPointExtension>
        </extensions>
      </trkpt>
      <trkpt lat="31.25537521205842494964599609375" lon="121.47759840823709964752197265625">
        <ele>9.3999996185302734375</ele>
        <time>2026-08-12T07:00:29.000Z</time>
        <extensions>
          <ns3:TrackPointExtension>
            <ns3:hr>111</ns3:hr>
            <ns3:cad>54</ns3:cad>
          </ns3:TrackPointExtension>
        </extensions>
      </trkpt>
      <trkpt lat="31.25539063476026058197021484375" lon="121.47760125808417797088623046875">
        <ele>9.3999996185302734375</ele>
        <time>2026-08-12T07:00:30.000Z</time>
        <extensions>
          <ns3:TrackPointExtension>
            <ns3:hr>111</ns3:hr>
            <ns3:cad>54</ns3:cad>
          </ns3:TrackPointExtension>
        </extensions>
      </trkpt>
      <trkpt lat="31.25539935193955898284912109375" lon="121.47759907878935337066650390625">
        <ele>9.3999996185302734375</ele>
        <time>2026-08-12T07:00:31.000Z</time>
        <extensions>
          <ns3:TrackPointExtension>
            <ns3:hr>111</ns3:hr>
            <ns3:cad>53</ns3:cad>
          </ns3:TrackPointExtension>
        </extensions>
      </trkpt>
      <trkpt lat="31.255425252020359039306640625" lon="121.47758298553526401519775390625">
        <ele>9.3999996185302734375</ele>
        <time>2026-08-12T07:00:35.000Z</time>
        <extensions>
          <ns3:TrackPointExtension>
            <ns3:hr>110</ns3:hr>
            <ns3:cad>53</ns3:cad>
          </ns3:TrackPointExtension>
        </extensions>
      </trkpt>
      <trkpt lat="31.25544277019798755645751953125" lon="121.47757628001272678375244140625">
        <ele>9.6000003814697265625</ele>
        <time>2026-08-12T07:00:38.000Z</time>
        <extensions>
          <ns3:TrackPointExtension>
            <ns3:hr>110</ns3:hr>
            <ns3:cad>53</ns3:cad>
          </ns3:TrackPointExtension>
        </extensions>
      </trkpt>
      <trkpt lat="31.25544327311217784881591796875" lon="121.47756001912057399749755859375">
        <ele>9.3999996185302734375</ele>
        <time>2026-08-12T07:00:40.000Z</time>
        <extensions>
          <ns3:TrackPointExtension>
            <ns3:hr>110</ns3:hr>
            <ns3:cad>51</ns3:cad>
          </ns3:TrackPointExtension>
        </extensions>
      </trkpt>
      <trkpt lat="31.2554525770246982574462890625" lon="121.4775585941970348358154296875">
        <ele>9.3999996185302734375</ele>
        <time>2026-08-12T07:00:41.000Z</time>
        <extensions>
          <ns3:TrackPointExtension>
            <ns3:hr>110</ns3:hr>
            <ns3:cad>51</ns3:cad>
          </ns3:TrackPointExtension>
        </extensions>
      </trkpt>
      <trkpt lat="31.2554619647562503814697265625" lon="121.4775458537042140960693359375">
        <ele>9.3999996185302734375</ele>
        <time>2026-08-12T07:00:43.000Z</time>
        <extensions>
          <ns3:TrackPointExtension>
            <ns3:hr>108</ns3:hr>
            <ns3:cad>55</ns3:cad>
          </ns3:TrackPointExtension>
        </extensions>
      </trkpt>
      <trkpt lat="31.25547562725841999053955078125" lon="121.47751576267182826995849609375">
        <ele>9.3999996185302734375</ele>
        <time>2026-08-12T07:00:46.000Z</time>
        <extensions>
          <ns3:TrackPointExtension>
            <ns3:hr>106</ns3:hr>
            <ns3:cad>55</ns3:cad>
          </ns3:TrackPointExtension>
        </extensions>
      </trkpt>
      <trkpt lat="31.25552876852452754974365234375" lon="121.4774268306791782379150390625">
        <ele>9</ele>
        <time>2026-08-12T07:00:55.000Z</time>
        <extensions>
          <ns3:TrackPointExtension>
            <ns3:hr>105</ns3:hr>
            <ns3:cad>0</ns3:cad>
          </ns3:TrackPointExtension>
        </extensions>
      </trkpt>
      <trkpt lat="31.255552656948566436767578125" lon="121.47742372937500476837158203125">
        <ele>9</ele>
        <time>2026-08-12T07:00:57.000Z</time>
        <extensions>
          <ns3:TrackPointExtension>
            <ns3:hr>106</ns3:hr>
            <ns3:cad>0</ns3:cad>
          </ns3:TrackPointExtension>
        </extensions>
      </trkpt>
      <trkpt lat="31.25556598417460918426513671875" lon="121.47741836495697498321533203125">
        <ele>9</ele>
        <time>2026-08-12T07:00:59.000Z</time>
        <extensions>
          <ns3:TrackPointExtension>
            <ns3:hr>106</ns3:hr>
            <ns3:cad>53</ns3:cad>
          </ns3:TrackPointExtension>
        </extensions>
      </trkpt>
      <trkpt lat="31.25557503663003444671630859375" lon="121.477404199540615081787109375">
        <ele>9</ele>
        <time>2026-08-12T07:01:01.000Z</time>
        <extensions>
          <ns3:TrackPointExtension>
            <ns3:hr>108</ns3:hr>
            <ns3:cad>54</ns3:cad>
          </ns3:TrackPointExtension>
        </extensions>
      </trkpt>
      <trkpt lat="31.25557956285774707794189453125" lon="121.47737435996532440185546875">
        <ele>9.19999980926513671875</ele>
        <time>2026-08-12T07:01:03.000Z</time>
        <extensions>
          <ns3:TrackPointExtension>
            <ns3:hr>108</ns3:hr>
            <ns3:cad>55</ns3:cad>
          </ns3:TrackPointExtension>
        </extensions>
      </trkpt>
      <trkpt lat="31.25559029169380664825439453125" lon="121.477366648614406585693359375">
        <ele>9.19999980926513671875</ele>
        <time>2026-08-12T07:01:04.000Z</time>
        <extensions>
          <ns3:TrackPointExtension>
            <ns3:hr>107</ns3:hr>
            <ns3:cad>55</ns3:cad>
          </ns3:TrackPointExtension>
        </extensions>
      </trkpt>
      <trkpt lat="31.2556570954620838165283203125" lon="121.47730194032192230224609375">
        <ele>9</ele>
        <time>2026-08-12T07:01:13.000Z</time>
        <extensions>
          <ns3:TrackPointExtension>
            <ns3:hr>107</ns3:hr>
            <ns3:cad>55</ns3:cad>
          </ns3:TrackPointExtension>
        </extensions>
      </trkpt>
      <trkpt lat="31.25571166165173053741455078125" lon="121.477226503193378448486328125">
        <ele>8.3999996185302734375</ele>
        <time>2026-08-12T07:01:21.000Z</time>
        <extensions>
          <ns3:TrackPointExtension>
            <ns3:hr>105</ns3:hr>
            <ns3:cad>54</ns3:cad>
          </ns3:TrackPointExtension>
        </extensions>
      </trkpt>
      <trkpt lat="31.25571786426007747650146484375" lon="121.47722373716533184051513671875">
        <ele>8.19999980926513671875</ele>
        <time>2026-08-12T07:01:22.000Z</time>
        <extensions>
          <ns3:TrackPointExtension>
            <ns3:hr>105</ns3:hr>
            <ns3:cad>54</ns3:cad>
          </ns3:TrackPointExtension>
        </extensions>
      </trkpt>
      <trkpt lat="31.2557385675609111785888671875" lon="121.477198339998722076416015625">
        <ele>8</ele>
        <time>2026-08-12T07:01:25.000Z</time>
        <extensions>
          <ns3:TrackPointExtension>
            <ns3:hr>104</ns3:hr>
            <ns3:cad>53</ns3:cad>
          </ns3:TrackPointExtension>
        </extensions>
      </trkpt>
      <trkpt lat="31.25574602745473384857177734375" lon="121.477186940610408782958984375">
        <ele>8</ele>
        <time>2026-08-12T07:01:26.000Z</time>
        <extensions>
          <ns3:TrackPointExtension>
            <ns3:hr>104</ns3:hr>
            <ns3:cad>53</ns3:cad>
          </ns3:TrackPointExtension>
        </extensions>
      </trkpt>
      <trkpt lat="31.25584526918828487396240234375" lon="121.47715668193995952606201171875">
        <ele>7</ele>
        <time>2026-08-12T07:01:35.000Z</time>
        <extensions>
          <ns3:TrackPointExtension>
            <ns3:hr>106</ns3:hr>
            <ns3:cad>54</ns3:cad>
          </ns3:TrackPointExtension>
        </extensions>
      </trkpt>
      <trkpt lat="31.255922131240367889404296875" lon="121.47715601138770580291748046875">
        <ele>6.599999904632568359375</ele>
        <time>2026-08-12T07:01:42.000Z</time>
        <extensions>
          <ns3:TrackPointExtension>
            <ns3:hr>106</ns3:hr>
            <ns3:cad>50</ns3:cad>
          </ns3:TrackPointExtension>
        </extensions>
      </trkpt>
      <trkpt lat="31.25593378208577632904052734375" lon="121.47717512212693691253662109375">
        <ele>6.599999904632568359375</ele>
        <time>2026-08-12T07:01:48.000Z</time>
        <extensions>
          <ns3:TrackPointExtension>
            <ns3:hr>107</ns3:hr>
            <ns3:cad>0</ns3:cad>
          </ns3:TrackPointExtension>
        </extensions>
      </trkpt>
      <trkpt lat="31.25596211291849613189697265625" lon="121.47716221399605274200439453125">
        <ele>6.19999980926513671875</ele>
        <time>2026-08-12T07:01:55.000Z</time>
        <extensions>
          <ns3:TrackPointExtension>
            <ns3:hr>107</ns3:hr>
            <ns3:cad>0</ns3:cad>
          </ns3:TrackPointExtension>
        </extensions>
      </trkpt>
      <trkpt lat="31.25600134022533893585205078125" lon="121.4771394990384578704833984375">
        <ele>6</ele>
        <time>2026-08-12T07:02:02.000Z</time>
        <extensions>
          <ns3:TrackPointExtension>
            <ns3:hr>107</ns3:hr>
            <ns3:cad>54</ns3:cad>
          </ns3:TrackPointExtension>
        </extensions>
      </trkpt>
      <trkpt lat="31.25603637658059597015380859375" lon="121.477192975580692291259765625">
        <ele>6.400000095367431640625</ele>
        <time>2026-08-12T07:02:08.000Z</time>
        <extensions>
          <ns3:TrackPointExtension>
            <ns3:hr>107</ns3:hr>
            <ns3:cad>0</ns3:cad>
          </ns3:TrackPointExtension>
        </extensions>
      </trkpt>
      <trkpt lat="31.25608901493251323699951171875" lon="121.4772568456828594207763671875">
        <ele>6.80000019073486328125</ele>
        <time>2026-08-12T07:02:16.000Z</time>
        <extensions>
          <ns3:TrackPointExtension>
            <ns3:hr>108</ns3:hr>
            <ns3:cad>53</ns3:cad>
          </ns3:TrackPointExtension>
        </extensions>
      </trkpt>
      <trkpt lat="31.256093792617321014404296875" lon="121.47726883180439472198486328125">
        <ele>6.80000019073486328125</ele>
        <time>2026-08-12T07:02:17.000Z</time>
        <extensions>
          <ns3:TrackPointExtension>
            <ns3:hr>111</ns3:hr>
            <ns3:cad>53</ns3:cad>
          </ns3:TrackPointExtension>
        </extensions>
      </trkpt>
      <trkpt lat="31.25615992583334445953369140625" lon="121.47736522369086742401123046875">
        <ele>7.400000095367431640625</ele>
        <time>2026-08-12T07:02:24.000Z</time>
        <extensions>
          <ns3:TrackPointExtension>
            <ns3:hr>113</ns3:hr>
            <ns3:cad>51</ns3:cad>
          </ns3:TrackPointExtension>
        </extensions>
      </trkpt>
      <trkpt lat="31.25615724362432956695556640625" lon="121.47739841602742671966552734375">
        <ele>7.400000095367431640625</ele>
        <time>2026-08-12T07:02:29.000Z</time>
        <extensions>
          <ns3:TrackPointExtension>
            <ns3:hr>112</ns3:hr>
            <ns3:cad>53</ns3:cad>
          </ns3:TrackPointExtension>
        </extensions>
      </trkpt>
      <trkpt lat="31.25616428442299365997314453125" lon="121.47741702385246753692626953125">
        <ele>7.599999904632568359375</ele>
        <time>2026-08-12T07:02:31.000Z</time>
        <extensions>
          <ns3:TrackPointExtension>
            <ns3:hr>109</ns3:hr>
            <ns3:cad>51</ns3:cad>
          </ns3:TrackPointExtension>
        </extensions>
      </trkpt>
      <trkpt lat="31.25617585144937038421630859375" lon="121.4774442650377750396728515625">
        <ele>7.599999904632568359375</ele>
        <time>2026-08-12T07:02:34.000Z</time>
        <extensions>
          <ns3:TrackPointExtension>
            <ns3:hr>107</ns3:hr>
            <ns3:cad>53</ns3:cad>
          </ns3:TrackPointExtension>
        </extensions>
      </trkpt>
      <trkpt lat="31.25620569102466106414794921875" lon="121.4774608612060546875">
        <ele>7.80000019073486328125</ele>
        <time>2026-08-12T07:02:40.000Z</time>
        <extensions>
          <ns3:TrackPointExtension>
            <ns3:hr>106</ns3:hr>
            <ns3:cad>0</ns3:cad>
          </ns3:TrackPointExtension>
        </extensions>
      </trkpt>
      <trkpt lat="31.25621415674686431884765625" lon="121.47748810239136219024658203125">
        <ele>7.80000019073486328125</ele>
        <time>2026-08-12T07:02:45.000Z</time>
        <extensions>
          <ns3:TrackPointExtension>
            <ns3:hr>104</ns3:hr>
            <ns3:cad>0</ns3:cad>
          </ns3:TrackPointExtension>
        </extensions>
      </trkpt>
      <trkpt lat="31.256227232515811920166015625" lon="121.47753487341105937957763671875">
        <ele>7.80000019073486328125</ele>
        <time>2026-08-12T07:02:50.000Z</time>
        <extensions>
          <ns3:TrackPointExtension>
            <ns3:hr>105</ns3:hr>
            <ns3:cad>54</ns3:cad>
          </ns3:TrackPointExtension>
        </extensions>
      </trkpt>
      <trkpt lat="31.25628096051514148712158203125" lon="121.4776507951319217681884765625">
        <ele>8</ele>
        <time>2026-08-12T07:02:55.000Z</time>
        <extensions>
          <ns3:TrackPointExtension>
            <ns3:hr>106</ns3:hr>
            <ns3:cad>82</ns3:cad>
          </ns3:TrackPointExtension>
        </extensions>
      </trkpt>
      <trkpt lat="31.25631666742265224456787109375" lon="121.4776893518865108489990234375">
        <ele>8.3999996185302734375</ele>
        <time>2026-08-12T07:02:58.000Z</time>
        <extensions>
          <ns3:TrackPointExtension>
            <ns3:hr>109</ns3:hr>
            <ns3:cad>83</ns3:cad>
          </ns3:TrackPointExtension>
        </extensions>
      </trkpt>
      <trkpt lat="31.256341896951198577880859375" lon="121.47770033217966556549072265625">
        <ele>8.80000019073486328125</ele>
        <time>2026-08-12T07:02:59.000Z</time>
        <extensions>
          <ns3:TrackPointExtension>
            <ns3:hr>110</ns3:hr>
            <ns3:cad>82</ns3:cad>
          </ns3:TrackPointExtension>
        </extensions>
      </trkpt>
      <trkpt lat="31.2563662044703960418701171875" lon="121.477699577808380126953125">
        <ele>9</ele>
        <time>2026-08-12T07:03:00.000Z</time>
        <extensions>
          <ns3:TrackPointExtension>
            <ns3:hr>112</ns3:hr>
            <ns3:cad>82</ns3:cad>
          </ns3:TrackPointExtension>
        </extensions>
      </trkpt>
      <trkpt lat="31.2563846446573734283447265625" lon="121.4776846580207347869873046875">
        <ele>9.19999980926513671875</ele>
        <time>2026-08-12T07:03:01.000Z</time>
        <extensions>
          <ns3:TrackPointExtension>
            <ns3:hr>113</ns3:hr>
            <ns3:cad>82</ns3:cad>
          </ns3:TrackPointExtension>
        </extensions>
      </trkpt>
      <trkpt lat="31.256427057087421417236328125" lon="121.47763880901038646697998046875">
        <ele>9.6000003814697265625</ele>
        <time>2026-08-12T07:03:04.000Z</time>
        <extensions>
          <ns3:TrackPointExtension>
            <ns3:hr>116</ns3:hr>
            <ns3:cad>82</ns3:cad>
          </ns3:TrackPointExtension>
        </extensions>
      </trkpt>
      <trkpt lat="31.25643703155219554901123046875" lon="121.47761181928217411041259765625">
        <ele>9.80000019073486328125</ele>
        <time>2026-08-12T07:03:05.000Z</time>
        <extensions>
          <ns3:TrackPointExtension>
            <ns3:hr>117</ns3:hr>
            <ns3:cad>83</ns3:cad>
          </ns3:TrackPointExtension>
        </extensions>
      </trkpt>
      <trkpt lat="31.2564508616924285888671875" lon="121.47759220562875270843505859375">
        <ele>9.80000019073486328125</ele>
        <time>2026-08-12T07:03:06.000Z</time>
        <extensions>
          <ns3:TrackPointExtension>
            <ns3:hr>118</ns3:hr>
            <ns3:cad>82</ns3:cad>
          </ns3:TrackPointExtension>
        </extensions>
      </trkpt>
      <trkpt lat="31.2564983032643795013427734375" lon="121.47754007019102573394775390625">
        <ele>10</ele>
        <time>2026-08-12T07:03:09.000Z</time>
        <extensions>
          <ns3:TrackPointExtension>
            <ns3:hr>121</ns3:hr>
            <ns3:cad>81</ns3:cad>
          </ns3:TrackPointExtension>
        </extensions>
      </trkpt>
      <trkpt lat="31.2565177492797374725341796875" lon="121.47751458920538425445556640625">
        <ele>10</ele>
        <time>2026-08-12T07:03:10.000Z</time>
        <extensions>
          <ns3:TrackPointExtension>
            <ns3:hr>121</ns3:hr>
            <ns3:cad>81</ns3:cad>
          </ns3:TrackPointExtension>
        </extensions>
      </trkpt>
      <trkpt lat="31.25659779645502567291259765625" lon="121.47741735912859439849853515625">
        <ele>9.80000019073486328125</ele>
        <time>2026-08-12T07:03:15.000Z</time>
        <extensions>
          <ns3:TrackPointExtension>
            <ns3:hr>120</ns3:hr>
            <ns3:cad>82</ns3:cad>
          </ns3:TrackPointExtension>
        </extensions>
      </trkpt>
      <trkpt lat="31.2566934339702129364013671875" lon="121.4773805625736713409423828125">
        <ele>9</ele>
        <time>2026-08-12T07:03:19.000Z</time>
        <extensions>
          <ns3:TrackPointExtension>
            <ns3:hr>122</ns3:hr>
            <ns3:cad>82</ns3:cad>
          </ns3:TrackPointExtension>
        </extensions>
      </trkpt>
      <trkpt lat="31.25678169541060924530029296875" lon="121.47728341631591320037841796875">
        <ele>8</ele>
        <time>2026-08-12T07:03:24.000Z</time>
        <extensions>
          <ns3:TrackPointExtension>
            <ns3:hr>125</ns3:hr>
            <ns3:cad>83</ns3:cad>
          </ns3:TrackPointExtension>
        </extensions>
      </trkpt>
      <trkpt lat="31.2568144686520099639892578125" lon="121.47723966278135776519775390625">
        <ele>7.599999904632568359375</ele>
        <time>2026-08-12T07:03:26.000Z</time>
        <extensions>
          <ns3:TrackPointExtension>
            <ns3:hr>125</ns3:hr>
            <ns3:cad>83</ns3:cad>
          </ns3:TrackPointExtension>
        </extensions>
      </trkpt>
      <trkpt lat="31.256916224956512451171875" lon="121.4771337993443012237548828125">
        <ele>7.19999980926513671875</ele>
        <time>2026-08-12T07:03:32.000Z</time>
        <extensions>
          <ns3:TrackPointExtension>
            <ns3:hr>127</ns3:hr>
            <ns3:cad>83</ns3:cad>
          </ns3:TrackPointExtension>
        </extensions>
      </trkpt>
      <trkpt lat="31.25700406730175018310546875" lon="121.47700429894030094146728515625">
        <ele>6.80000019073486328125</ele>
        <time>2026-08-12T07:03:38.000Z</time>
        <extensions>
          <ns3:TrackPointExtension>
            <ns3:hr>129</ns3:hr>
            <ns3:cad>83</ns3:cad>
          </ns3:TrackPointExtension>
        </extensions>
      </trkpt>
      <trkpt lat="31.25710356049239635467529296875" lon="121.47680573165416717529296875">
        <ele>6.80000019073486328125</ele>
        <time>2026-08-12T07:03:46.000Z</time>
        <extensions>
          <ns3:TrackPointExtension>
            <ns3:hr>132</ns3:hr>
            <ns3:cad>82</ns3:cad>
          </ns3:TrackPointExtension>
        </extensions>
      </trkpt>
      <trkpt lat="31.2571152113378047943115234375" lon="121.4767807535827159881591796875">
        <ele>6.80000019073486328125</ele>
        <time>2026-08-12T07:03:47.000Z</time>
        <extensions>
          <ns3:TrackPointExtension>
            <ns3:hr>132</ns3:hr>
            <ns3:cad>82</ns3:cad>
          </ns3:TrackPointExtension>
        </extensions>
      </trkpt>
      <trkpt lat="31.25722090713679790496826171875" lon="121.47658570669591426849365234375">
        <ele>6.80000019073486328125</ele>
        <time>2026-08-12T07:03:55.000Z</time>
        <extensions>
          <ns3:TrackPointExtension>
            <ns3:hr>132</ns3:hr>
            <ns3:cad>83</ns3:cad>
          </ns3:TrackPointExtension>
        </extensions>
      </trkpt>
      <trkpt lat="31.2573200650513172149658203125" lon="121.4764233492314815521240234375">
        <ele>7</ele>
        <time>2026-08-12T07:04:02.000Z</time>
        <extensions>
          <ns3:TrackPointExtension>
            <ns3:hr>135</ns3:hr>
            <ns3:cad>84</ns3:cad>
          </ns3:TrackPointExtension>
        </extensions>
      </trkpt>
      <trkpt lat="31.257347725331783294677734375" lon="121.47637515328824520111083984375">
        <ele>7</ele>
        <time>2026-08-12T07:04:04.000Z</time>
        <extensions>
          <ns3:TrackPointExtension>
            <ns3:hr>137</ns3:hr>
            <ns3:cad>84</ns3:cad>
          </ns3:TrackPointExtension>
        </extensions>
      </trkpt>
      <trkpt lat="31.25744990073144435882568359375" lon="121.47621438838541507720947265625">
        <ele>7.400000095367431640625</ele>
        <time>2026-08-12T07:04:11.000Z</time>
        <extensions>
          <ns3:TrackPointExtension>
            <ns3:hr>137</ns3:hr>
            <ns3:cad>83</ns3:cad>
          </ns3:TrackPointExtension>
        </extensions>
      </trkpt>
      <trkpt lat="31.2575121782720088958740234375" lon="121.476133167743682861328125">
        <ele>7.80000019073486328125</ele>
        <time>2026-08-12T07:04:16.000Z</time>
        <extensions>
          <ns3:TrackPointExtension>
            <ns3:hr>139</ns3:hr>
            <ns3:cad>83</ns3:cad>
          </ns3:TrackPointExtension>
        </extensions>
      </trkpt>
      <trkpt lat="31.25753187574446201324462890625" lon="121.47612989880144596099853515625">
        <ele>8</ele>
        <time>2026-08-12T07:04:18.000Z</time>
        <extensions>
          <ns3:TrackPointExtension>
            <ns3:hr>138</ns3:hr>
            <ns3:cad>74</ns3:cad>
          </ns3:TrackPointExtension>
        </extensions>
      </trkpt>
      <trkpt lat="31.25756003893911838531494140625" lon="121.47612503729760646820068359375">
        <ele>8.19999980926513671875</ele>
        <time>2026-08-12T07:04:21.000Z</time>
        <extensions>
          <ns3:TrackPointExtension>
            <ns3:hr>141</ns3:hr>
            <ns3:cad>74</ns3:cad>
          </ns3:TrackPointExtension>
        </extensions>
      </trkpt>
      <trkpt lat="31.25756557099521160125732421875" lon="121.476116739213466644287109375">
        <ele>8.19999980926513671875</ele>
        <time>2026-08-12T07:04:22.000Z</time>
        <extensions>
          <ns3:TrackPointExtension>
            <ns3:hr>141</ns3:hr>
            <ns3:cad>74</ns3:cad>
          </ns3:TrackPointExtension>
        </extensions>
      </trkpt>
      <trkpt lat="31.2575671635568141937255859375" lon="121.4760969579219818115234375">
        <ele>8.19999980926513671875</ele>
        <time>2026-08-12T07:04:23.000Z</time>
        <extensions>
          <ns3:TrackPointExtension>
            <ns3:hr>141</ns3:hr>
            <ns3:cad>74</ns3:cad>
          </ns3:TrackPointExtension>
        </extensions>
      </trkpt>
      <trkpt lat="31.25757914967834949493408203125" lon="121.4760749973356723785400390625">
        <ele>8.19999980926513671875</ele>
        <time>2026-08-12T07:04:25.000Z</time>
        <extensions>
          <ns3:TrackPointExtension>
            <ns3:hr>141</ns3:hr>
            <ns3:cad>74</ns3:cad>
          </ns3:TrackPointExtension>
        </extensions>
      </trkpt>
      <trkpt lat="31.2575916387140750885009765625" lon="121.47607072256505489349365234375">
        <ele>8.3999996185302734375</ele>
        <time>2026-08-12T07:04:27.000Z</time>
        <extensions>
          <ns3:TrackPointExtension>
            <ns3:hr>141</ns3:hr>
            <ns3:cad>74</ns3:cad>
          </ns3:TrackPointExtension>
        </extensions>
      </trkpt>
      <trkpt lat="31.257619298994541168212890625" lon="121.47608296014368534088134765625">
        <ele>8.80000019073486328125</ele>
        <time>2026-08-12T07:04:30.000Z</time>
        <extensions>
          <ns3:TrackPointExtension>
            <ns3:hr>141</ns3:hr>
            <ns3:cad>74</ns3:cad>
          </ns3:TrackPointExtension>
        </extensions>
      </trkpt>
      <trkpt lat="31.25767973251640796661376953125" lon="121.47610944695770740509033203125">
        <ele>9.6000003814697265625</ele>
        <time>2026-08-12T07:04:34.000Z</time>
        <extensions>
          <ns3:TrackPointExtension>
            <ns3:hr>139</ns3:hr>
            <ns3:cad>54</ns3:cad>
          </ns3:TrackPointExtension>
        </extensions>
      </trkpt>
      <trkpt lat="31.25774209387600421905517578125" lon="121.47610366344451904296875">
        <ele>10.3999996185302734375</ele>
        <time>2026-08-12T07:04:42.000Z</time>
        <extensions>
          <ns3:TrackPointExtension>
            <ns3:hr>138</ns3:hr>
            <ns3:cad>53</ns3:cad>
          </ns3:TrackPointExtension>
        </extensions>
      </trkpt>
      <trkpt lat="31.2577458657324314117431640625" lon="121.476093940436840057373046875">
        <ele>10.3999996185302734375</ele>
        <time>2026-08-12T07:04:44.000Z</time>
        <extensions>
          <ns3:TrackPointExtension>
            <ns3:hr>135</ns3:hr>
            <ns3:cad>53</ns3:cad>
          </ns3:TrackPointExtension>
        </extensions>
      </trkpt>
      <trkpt lat="31.25775332562625408172607421875" lon="121.47609318606555461883544921875">
        <ele>10.3999996185302734375</ele>
        <time>2026-08-12T07:04:45.000Z</time>
        <extensions>
          <ns3:TrackPointExtension>
            <ns3:hr>133</ns3:hr>
            <ns3:cad>53</ns3:cad>
          </ns3:TrackPointExtension>
        </extensions>
      </trkpt>
      <trkpt lat="31.25776623375713825225830078125" lon="121.47608748637139797210693359375">
        <ele>10.6000003814697265625</ele>
        <time>2026-08-12T07:04:47.000Z</time>
        <extensions>
          <ns3:TrackPointExtension>
            <ns3:hr>131</ns3:hr>
            <ns3:cad>53</ns3:cad>
          </ns3:TrackPointExtension>
        </extensions>
      </trkpt>
      <trkpt lat="31.25777478329837322235107421875" lon="121.47607675753533840179443359375">
        <ele>10.6000003814697265625</ele>
        <time>2026-08-12T07:04:48.000Z</time>
        <extensions>
          <ns3:TrackPointExtension>
            <ns3:hr>130</ns3:hr>
            <ns3:cad>53</ns3:cad>
          </ns3:TrackPointExtension>
        </extensions>
      </trkpt>
      <trkpt lat="31.25780043192207813262939453125" lon="121.47605798207223415374755859375">
        <ele>10.80000019073486328125</ele>
        <time>2026-08-12T07:04:51.000Z</time>
        <extensions>
          <ns3:TrackPointExtension>
            <ns3:hr>129</ns3:hr>
            <ns3:cad>61</ns3:cad>
          </ns3:TrackPointExtension>
        </extensions>
      </trkpt>
      <trkpt lat="31.2578308582305908203125" lon="121.47603585384786128997802734375">
        <ele>10.80000019073486328125</ele>
        <time>2026-08-12T07:04:55.000Z</time>
        <extensions>
          <ns3:TrackPointExtension>
            <ns3:hr>125</ns3:hr>
            <ns3:cad>55</ns3:cad>
          </ns3:TrackPointExtension>
        </extensions>
      </trkpt>
      <trkpt lat="31.2578394077718257904052734375" lon="121.47601372562348842620849609375">
        <ele>10.80000019073486328125</ele>
        <time>2026-08-12T07:04:57.000Z</time>
        <extensions>
          <ns3:TrackPointExtension>
            <ns3:hr>124</ns3:hr>
            <ns3:cad>55</ns3:cad>
          </ns3:TrackPointExtension>
        </extensions>
      </trkpt>
      <trkpt lat="31.25787000171840190887451171875" lon="121.4759740792214870452880859375">
        <ele>11</ele>
        <time>2026-08-12T07:05:02.000Z</time>
        <extensions>
          <ns3:TrackPointExtension>
            <ns3:hr>121</ns3:hr>
            <ns3:cad>55</ns3:cad>
          </ns3:TrackPointExtension>
        </extensions>
      </trkpt>
      <trkpt lat="31.25787788070738315582275390625" lon="121.475970558822154998779296875">
        <ele>11.19999980926513671875</ele>
        <time>2026-08-12T07:05:03.000Z</time>
        <extensions>
          <ns3:TrackPointExtension>
            <ns3:hr>120</ns3:hr>
            <ns3:cad>55</ns3:cad>
          </ns3:TrackPointExtension>
        </extensions>
      </trkpt>
      <trkpt lat="31.25790470279753208160400390625" lon="121.47594650276005268096923828125">
        <ele>11.19999980926513671875</ele>
        <time>2026-08-12T07:05:07.000Z</time>
        <extensions>
          <ns3:TrackPointExtension>
            <ns3:hr>120</ns3:hr>
            <ns3:cad>55</ns3:cad>
          </ns3:TrackPointExtension>
        </extensions>
      </trkpt>
      <trkpt lat="31.25791375525295734405517578125" lon="121.47593761794269084930419921875">
        <ele>11.19999980926513671875</ele>
        <time>2026-08-12T07:05:08.000Z</time>
        <extensions>
          <ns3:TrackPointExtension>
            <ns3:hr>119</ns3:hr>
            <ns3:cad>55</ns3:cad>
          </ns3:TrackPointExtension>
        </extensions>
      </trkpt>
      <trkpt lat="31.25793370418250560760498046875" lon="121.475914232432842254638671875">
        <ele>11.19999980926513671875</ele>
        <time>2026-08-12T07:05:10.000Z</time>
        <extensions>
          <ns3:TrackPointExtension>
            <ns3:hr>119</ns3:hr>
            <ns3:cad>55</ns3:cad>
          </ns3:TrackPointExtension>
        </extensions>
      </trkpt>
      <trkpt lat="31.2579688243567943572998046875" lon="121.4758909307420253753662109375">
        <ele>11</ele>
        <time>2026-08-12T07:05:14.000Z</time>
        <extensions>
          <ns3:TrackPointExtension>
            <ns3:hr>119</ns3:hr>
            <ns3:cad>55</ns3:cad>
          </ns3:TrackPointExtension>
        </extensions>
      </trkpt>
      <trkpt lat="31.25797460786998271942138671875" lon="121.475902497768402099609375">
        <ele>11.19999980926513671875</ele>
        <time>2026-08-12T07:05:15.000Z</time>
        <extensions>
          <ns3:TrackPointExtension>
            <ns3:hr>119</ns3:hr>
            <ns3:cad>55</ns3:cad>
          </ns3:TrackPointExtension>
        </extensions>
      </trkpt>
      <trkpt lat="31.25801752321422100067138671875" lon="121.47595874033868312835693359375">
        <ele>11.80000019073486328125</ele>
        <time>2026-08-12T07:05:18.000Z</time>
        <extensions>
          <ns3:TrackPointExtension>
            <ns3:hr>119</ns3:hr>
            <ns3:cad>0</ns3:cad>
          </ns3:TrackPointExtension>
        </extensions>
      </trkpt>
      <trkpt lat="31.258031688630580902099609375" lon="121.4759801141917705535888671875">
        <ele>12</ele>
        <time>2026-08-12T07:05:22.000Z</time>
        <extensions>
          <ns3:TrackPointExtension>
            <ns3:hr>116</ns3:hr>
            <ns3:cad>0</ns3:cad>
          </ns3:TrackPointExtension>
        </extensions>
      </trkpt>
      <trkpt lat="31.25803696922957897186279296875" lon="121.47598841227591037750244140625">
        <ele>12</ele>
        <time>2026-08-12T07:05:23.000Z</time>
        <extensions>
          <ns3:TrackPointExtension>
            <ns3:hr>115</ns3:hr>
            <ns3:cad>0</ns3:cad>
          </ns3:TrackPointExtension>
        </extensions>
      </trkpt>
      <trkpt lat="31.25803864561021327972412109375" lon="121.475992687046527862548828125">
        <ele>12</ele>
        <time>2026-08-12T07:05:25.000Z</time>
        <extensions>
          <ns3:TrackPointExtension>
            <ns3:hr>112</ns3:hr>
            <ns3:cad>0</ns3:cad>
          </ns3:TrackPointExtension>
        </extensions>
      </trkpt>
      <trkpt lat="31.25803680159151554107666015625" lon="121.47599796764552593231201171875">
        <ele>12</ele>
        <time>2026-08-12T07:05:30.000Z</time>
        <extensions>
          <ns3:TrackPointExtension>
            <ns3:hr>110</ns3:hr>
            <ns3:cad>0</ns3:cad>
          </ns3:TrackPointExtension>
        </extensions>
      </trkpt>
      <trkpt lat="31.258031688630580902099609375" lon="121.47600014694035053253173828125">
        <ele>12</ele>
        <time>2026-08-12T07:05:35.000Z</time>
        <extensions>
          <ns3:TrackPointExtension>
            <ns3:hr>107</ns3:hr>
            <ns3:cad>0</ns3:cad>
          </ns3:TrackPointExtension>
        </extensions>
      </trkpt>
      <trkpt lat="31.258031688630580902099609375" lon="121.47600014694035053253173828125">
        <ele>12</ele>
        <time>2026-08-12T07:05:39.000Z</time>
        <extensions>
          <ns3:TrackPointExtension>
            <ns3:hr>104</ns3:hr>
            <ns3:cad>0</ns3:cad>
          </ns3:TrackPointExtension>
        </extensions>
      </trkpt>
      <trkpt lat="31.25803629867732524871826171875" lon="121.476008109748363494873046875">
        <ele>12.19999980926513671875</ele>
        <time>2026-08-12T07:05:52.000Z</time>
        <extensions>
          <ns3:TrackPointExtension>
            <ns3:hr>101</ns3:hr>
            <ns3:cad>0</ns3:cad>
          </ns3:TrackPointExtension>
        </extensions>
      </trkpt>
      <trkpt lat="31.25804065726697444915771484375" lon="121.47601992823183536529541015625">
        <ele>12.19999980926513671875</ele>
        <time>2026-08-12T07:06:02.000Z</time>
        <extensions>
          <ns3:TrackPointExtension>
            <ns3:hr>105</ns3:hr>
            <ns3:cad>0</ns3:cad>
          </ns3:TrackPointExtension>
        </extensions>
      </trkpt>
      <trkpt lat="31.2580414116382598876953125" lon="121.4760299026966094970703125">
        <ele>12.3999996185302734375</ele>
        <time>2026-08-12T07:06:04.000Z</time>
        <extensions>
          <ns3:TrackPointExtension>
            <ns3:hr>109</ns3:hr>
            <ns3:cad>0</ns3:cad>
          </ns3:TrackPointExtension>
        </extensions>
      </trkpt>
      <trkpt lat="31.25804208219051361083984375" lon="121.4760377816855907440185546875">
        <ele>12.3999996185302734375</ele>
        <time>2026-08-12T07:06:08.000Z</time>
        <extensions>
          <ns3:TrackPointExtension>
            <ns3:hr>105</ns3:hr>
            <ns3:cad>0</ns3:cad>
          </ns3:TrackPointExtension>
        </extensions>
      </trkpt>
      <trkpt lat="31.2581079639494419097900390625" lon="121.4760749973356723785400390625">
        <ele>13</ele>
        <time>2026-08-12T07:06:19.000Z</time>
        <extensions>
          <ns3:TrackPointExtension>
            <ns3:hr>108</ns3:hr>
            <ns3:cad>0</ns3:cad>
          </ns3:TrackPointExtension>
        </extensions>
      </trkpt>
      <trkpt lat="31.25812397338449954986572265625" lon="121.476079858839511871337890625">
        <ele>13.19999980926513671875</ele>
        <time>2026-08-12T07:06:21.000Z</time>
        <extensions>
          <ns3:TrackPointExtension>
            <ns3:hr>108</ns3:hr>
            <ns3:cad>0</ns3:cad>
          </ns3:TrackPointExtension>
        </extensions>
      </trkpt>
      <trkpt lat="31.2581629492342472076416015625" lon="121.4760840497910976409912109375">
        <ele>13.3999996185302734375</ele>
        <time>2026-08-12T07:06:26.000Z</time>
        <extensions>
          <ns3:TrackPointExtension>
            <ns3:hr>108</ns3:hr>
            <ns3:cad>0</ns3:cad>
          </ns3:TrackPointExtension>
        </extensions>
      </trkpt>
      <trkpt lat="31.25821986235678195953369140625" lon="121.4760800264775753021240234375">
        <ele>13.3999996185302734375</ele>
        <time>2026-08-12T07:06:32.000Z</time>
        <extensions>
          <ns3:TrackPointExtension>
            <ns3:hr>108</ns3:hr>
            <ns3:cad>0</ns3:cad>
          </ns3:TrackPointExtension>
        </extensions>
      </trkpt>
      <trkpt lat="31.25827652402222156524658203125" lon="121.47606854327023029327392578125">
        <ele>12.6000003814697265625</ele>
        <time>2026-08-12T07:06:37.000Z</time>
        <extensions>
          <ns3:TrackPointExtension>
            <ns3:hr>105</ns3:hr>
            <ns3:cad>51</ns3:cad>
          </ns3:TrackPointExtension>
        </extensions>
      </trkpt>
      <trkpt lat="31.25835229642689228057861328125" lon="121.47604758851230144500732421875">
        <ele>11.19999980926513671875</ele>
        <time>2026-08-12T07:06:43.000Z</time>
        <extensions>
          <ns3:TrackPointExtension>
            <ns3:hr>104</ns3:hr>
            <ns3:cad>55</ns3:cad>
          </ns3:TrackPointExtension>
        </extensions>
      </trkpt>
      <trkpt lat="31.258383058011531829833984375" lon="121.47598003037273883819580078125">
        <ele>9.6000003814697265625</ele>
        <time>2026-08-12T07:06:49.000Z</time>
        <extensions>
          <ns3:TrackPointExtension>
            <ns3:hr>104</ns3:hr>
            <ns3:cad>55</ns3:cad>
          </ns3:TrackPointExtension>
        </extensions>
      </trkpt>
      <trkpt lat="31.2584652006626129150390625" lon="121.4759066887199878692626953125">
        <ele>7.80000019073486328125</ele>
        <time>2026-08-12T07:06:55.000Z</time>
        <extensions>
          <ns3:TrackPointExtension>
            <ns3:hr>103</ns3:hr>
            <ns3:cad>55</ns3:cad>
          </ns3:TrackPointExtension>
        </extensions>
      </trkpt>
      <trkpt lat="31.25857257284224033355712890625" lon="121.475889421999454498291015625">
        <ele>6</ele>
        <time>2026-08-12T07:07:00.000Z</time>
        <extensions>
          <ns3:TrackPointExtension>
            <ns3:hr>104</ns3:hr>
            <ns3:cad>82</ns3:cad>
          </ns3:TrackPointExtension>
        </extensions>
      </trkpt>
      <trkpt lat="31.25873015262186527252197265625" lon="121.4758278988301753997802734375">
        <ele>4.80000019073486328125</ele>
        <time>2026-08-12T07:07:08.000Z</time>
        <extensions>
          <ns3:TrackPointExtension>
            <ns3:hr>107</ns3:hr>
            <ns3:cad>82</ns3:cad>
          </ns3:TrackPointExtension>
        </extensions>
      </trkpt>
      <trkpt lat="31.25877642072737216949462890625" lon="121.47581398487091064453125">
        <ele>4.80000019073486328125</ele>
        <time>2026-08-12T07:07:10.000Z</time>
        <extensions>
          <ns3:TrackPointExtension>
            <ns3:hr>110</ns3:hr>
            <ns3:cad>82</ns3:cad>
          </ns3:TrackPointExtension>
        </extensions>
      </trkpt>
      <trkpt lat="31.25882352702319622039794921875" lon="121.4758154936134815216064453125">
        <ele>4.599999904632568359375</ele>
        <time>2026-08-12T07:07:12.000Z</time>
        <extensions>
          <ns3:TrackPointExtension>
            <ns3:hr>115</ns3:hr>
            <ns3:cad>82</ns3:cad>
          </ns3:TrackPointExtension>
        </extensions>
      </trkpt>
      <trkpt lat="31.25889368355274200439453125" lon="121.47580401040613651275634765625">
        <ele>5.599999904632568359375</ele>
        <time>2026-08-12T07:07:15.000Z</time>
        <extensions>
          <ns3:TrackPointExtension>
            <ns3:hr>118</ns3:hr>
            <ns3:cad>82</ns3:cad>
          </ns3:TrackPointExtension>
        </extensions>
      </trkpt>
      <trkpt lat="31.2589183263480663299560546875" lon="121.4758034236729145050048828125">
        <ele>5.80000019073486328125</ele>
        <time>2026-08-12T07:07:16.000Z</time>
        <extensions>
          <ns3:TrackPointExtension>
            <ns3:hr>118</ns3:hr>
            <ns3:cad>82</ns3:cad>
          </ns3:TrackPointExtension>
        </extensions>
      </trkpt>
      <trkpt lat="31.25907096080482006072998046875" lon="121.47576369345188140869140625">
        <ele>8.3999996185302734375</ele>
        <time>2026-08-12T07:07:23.000Z</time>
        <extensions>
          <ns3:TrackPointExtension>
            <ns3:hr>120</ns3:hr>
            <ns3:cad>82</ns3:cad>
          </ns3:TrackPointExtension>
        </extensions>
      </trkpt>
      <trkpt lat="31.25918210484087467193603515625" lon="121.47574047558009624481201171875">
        <ele>12.19999980926513671875</ele>
        <time>2026-08-12T07:07:28.000Z</time>
        <extensions>
          <ns3:TrackPointExtension>
            <ns3:hr>123</ns3:hr>
            <ns3:cad>83</ns3:cad>
          </ns3:TrackPointExtension>
        </extensions>
      </trkpt>
      <trkpt lat="31.259227953851222991943359375" lon="121.47572991438210010528564453125">
        <ele>13.6000003814697265625</ele>
        <time>2026-08-12T07:07:30.000Z</time>
        <extensions>
          <ns3:TrackPointExtension>
            <ns3:hr>124</ns3:hr>
            <ns3:cad>83</ns3:cad>
          </ns3:TrackPointExtension>
        </extensions>
      </trkpt>
      <trkpt lat="31.259371452033519744873046875" lon="121.47569320164620876312255859375">
        <ele>20</ele>
        <time>2026-08-12T07:07:37.000Z</time>
        <extensions>
          <ns3:TrackPointExtension>
            <ns3:hr>126</ns3:hr>
            <ns3:cad>82</ns3:cad>
          </ns3:TrackPointExtension>
        </extensions>
      </trkpt>
      <trkpt lat="31.25959751196205615997314453125" lon="121.4756599254906177520751953125">
        <ele>28.6000003814697265625</ele>
        <time>2026-08-12T07:07:45.000Z</time>
        <extensions>
          <ns3:TrackPointExtension>
            <ns3:hr>129</ns3:hr>
            <ns3:cad>82</ns3:cad>
          </ns3:TrackPointExtension>
        </extensions>
      </trkpt>
      <trkpt lat="31.25959751196205615997314453125" lon="121.4756599254906177520751953125">
        <ele>28.6000003814697265625</ele>
        <time>2026-08-12T07:07:46.000Z</time>
        <extensions>
          <ns3:TrackPointExtension>
            <ns3:hr>129</ns3:hr>
            <ns3:cad>82</ns3:cad>
          </ns3:TrackPointExtension>
        </extensions>
      </trkpt>
      <trkpt lat="31.25974805094301700592041015625" lon="121.47566420026123523712158203125">
        <ele>23.799999237060546875</ele>
        <time>2026-08-12T07:07:54.000Z</time>
        <extensions>
          <ns3:TrackPointExtension>
            <ns3:hr>131</ns3:hr>
            <ns3:cad>83</ns3:cad>
          </ns3:TrackPointExtension>
        </extensions>
      </trkpt>
      <trkpt lat="31.2598205544054508209228515625" lon="121.47567107342183589935302734375">
        <ele>21.799999237060546875</ele>
        <time>2026-08-12T07:08:00.000Z</time>
        <extensions>
          <ns3:TrackPointExtension>
            <ns3:hr>132</ns3:hr>
            <ns3:cad>0</ns3:cad>
          </ns3:TrackPointExtension>
        </extensions>
      </trkpt>
      <trkpt lat="31.2598840892314910888671875" lon="121.4756676368415355682373046875">
        <ele>20</ele>
        <time>2026-08-12T07:08:08.000Z</time>
        <extensions>
          <ns3:TrackPointExtension>
            <ns3:hr>132</ns3:hr>
            <ns3:cad>0</ns3:cad>
          </ns3:TrackPointExtension>
        </extensions>
      </trkpt>
      <trkpt lat="31.25992172397673130035400390625" lon="121.475662104785442352294921875">
        <ele>18.6000003814697265625</ele>
        <time>2026-08-12T07:08:12.000Z</time>
        <extensions>
          <ns3:TrackPointExtension>
            <ns3:hr>132</ns3:hr>
            <ns3:cad>57</ns3:cad>
          </ns3:TrackPointExtension>
        </extensions>
      </trkpt>
      <trkpt lat="31.25993446446955204010009765625" lon="121.47565531544387340545654296875">
        <ele>18.200000762939453125</ele>
        <time>2026-08-12T07:08:13.000Z</time>
        <extensions>
          <ns3:TrackPointExtension>
            <ns3:hr>132</ns3:hr>
            <ns3:cad>57</ns3:cad>
          </ns3:TrackPointExtension>
        </extensions>
      </trkpt>
      <trkpt lat="31.2599938921630382537841796875" lon="121.4756300859153270721435546875">
        <ele>15.80000019073486328125</ele>
        <time>2026-08-12T07:08:18.000Z</time>
        <extensions>
          <ns3:TrackPointExtension>
            <ns3:hr>132</ns3:hr>
            <ns3:cad>56</ns3:cad>
          </ns3:TrackPointExtension>
        </extensions>
      </trkpt>
      <trkpt lat="31.26000101678073406219482421875" lon="121.47562824189662933349609375">
        <ele>15.6000003814697265625</ele>
        <time>2026-08-12T07:08:19.000Z</time>
        <extensions>
          <ns3:TrackPointExtension>
            <ns3:hr>132</ns3:hr>
            <ns3:cad>56</ns3:cad>
          </ns3:TrackPointExtension>
        </extensions>
      </trkpt>
      <trkpt lat="31.26003504730761051177978515625" lon="121.4756076224148273468017578125">
        <ele>14.3999996185302734375</ele>
        <time>2026-08-12T07:08:23.000Z</time>
        <extensions>
          <ns3:TrackPointExtension>
            <ns3:hr>129</ns3:hr>
            <ns3:cad>55</ns3:cad>
          </ns3:TrackPointExtension>
        </extensions>
      </trkpt>
      <trkpt lat="31.26006086356937885284423828125" lon="121.47560401819646358489990234375">
        <ele>13.6000003814697265625</ele>
        <time>2026-08-12T07:08:26.000Z</time>
        <extensions>
          <ns3:TrackPointExtension>
            <ns3:hr>128</ns3:hr>
            <ns3:cad>54</ns3:cad>
          </ns3:TrackPointExtension>
        </extensions>
      </trkpt>
      <trkpt lat="31.26007796265184879302978515625" lon="121.4756092987954616546630859375">
        <ele>12.80000019073486328125</ele>
        <time>2026-08-12T07:08:28.000Z</time>
        <extensions>
          <ns3:TrackPointExtension>
            <ns3:hr>126</ns3:hr>
            <ns3:cad>55</ns3:cad>
          </ns3:TrackPointExtension>
        </extensions>
      </trkpt>
      <trkpt lat="31.2601011805236339569091796875" lon="121.4756015874445438385009765625">
        <ele>12</ele>
        <time>2026-08-12T07:08:31.000Z</time>
        <extensions>
          <ns3:TrackPointExtension>
            <ns3:hr>123</ns3:hr>
            <ns3:cad>54</ns3:cad>
          </ns3:TrackPointExtension>
        </extensions>
      </trkpt>
      <trkpt lat="31.260106377303600311279296875" lon="121.47559278644621372222900390625">
        <ele>12</ele>
        <time>2026-08-12T07:08:32.000Z</time>
        <extensions>
          <ns3:TrackPointExtension>
            <ns3:hr>123</ns3:hr>
            <ns3:cad>54</ns3:cad>
          </ns3:TrackPointExtension>
        </extensions>
      </trkpt>
      <trkpt lat="31.260130517184734344482421875" lon="121.4755821414291858673095703125">
        <ele>11.19999980926513671875</ele>
        <time>2026-08-12T07:08:35.000Z</time>
        <extensions>
          <ns3:TrackPointExtension>
            <ns3:hr>120</ns3:hr>
            <ns3:cad>53</ns3:cad>
          </ns3:TrackPointExtension>
        </extensions>
      </trkpt>
      <trkpt lat="31.260146610438823699951171875" lon="121.47558934986591339111328125">
        <ele>10.6000003814697265625</ele>
        <time>2026-08-12T07:08:36.000Z</time>
        <extensions>
          <ns3:TrackPointExtension>
            <ns3:hr>119</ns3:hr>
            <ns3:cad>54</ns3:cad>
          </ns3:TrackPointExtension>
        </extensions>
      </trkpt>
      <trkpt lat="31.26016664318740367889404296875" lon="121.47559463046491146087646484375">
        <ele>10.19999980926513671875</ele>
        <time>2026-08-12T07:08:38.000Z</time>
        <extensions>
          <ns3:TrackPointExtension>
            <ns3:hr>119</ns3:hr>
            <ns3:cad>53</ns3:cad>
          </ns3:TrackPointExtension>
        </extensions>
      </trkpt>
      <trkpt lat="31.26019715331494808197021484375" lon="121.47559748031198978424072265625">
        <ele>10.19999980926513671875</ele>
        <time>2026-08-12T07:08:41.000Z</time>
        <extensions>
          <ns3:TrackPointExtension>
            <ns3:hr>116</ns3:hr>
            <ns3:cad>53</ns3:cad>
          </ns3:TrackPointExtension>
        </extensions>
      </trkpt>
      <trkpt lat="31.26023420132696628570556640625" lon="121.4755900204181671142578125">
        <ele>10.19999980926513671875</ele>
        <time>2026-08-12T07:08:44.000Z</time>
        <extensions>
          <ns3:TrackPointExtension>
            <ns3:hr>114</ns3:hr>
            <ns3:cad>54</ns3:cad>
          </ns3:TrackPointExtension>
        </extensions>
      </trkpt>
      <trkpt lat="31.26025448553264141082763671875" lon="121.4755819737911224365234375">
        <ele>10.19999980926513671875</ele>
        <time>2026-08-12T07:08:48.000Z</time>
        <extensions>
          <ns3:TrackPointExtension>
            <ns3:hr>110</ns3:hr>
            <ns3:cad>55</ns3:cad>
          </ns3:TrackPointExtension>
        </extensions>
      </trkpt>
      <trkpt lat="31.26027124933898448944091796875" lon="121.475578285753726959228515625">
        <ele>10.19999980926513671875</ele>
        <time>2026-08-12T07:08:51.000Z</time>
        <extensions>
          <ns3:TrackPointExtension>
            <ns3:hr>108</ns3:hr>
            <ns3:cad>57</ns3:cad>
          </ns3:TrackPointExtension>
        </extensions>
      </trkpt>
      <trkpt lat="31.26029002480208873748779296875" lon="121.47558725439012050628662109375">
        <ele>10</ele>
        <time>2026-08-12T07:08:53.000Z</time>
        <extensions>
          <ns3:TrackPointExtension>
            <ns3:hr>108</ns3:hr>
            <ns3:cad>55</ns3:cad>
          </ns3:TrackPointExtension>
        </extensions>
      </trkpt>
      <trkpt lat="31.2603321857750415802001953125" lon="121.47560368292033672332763671875">
        <ele>9.80000019073486328125</ele>
        <time>2026-08-12T07:08:58.000Z</time>
        <extensions>
          <ns3:TrackPointExtension>
            <ns3:hr>108</ns3:hr>
            <ns3:cad>0</ns3:cad>
          </ns3:TrackPointExtension>
        </extensions>
      </trkpt>
      <trkpt lat="31.26033294014632701873779296875" lon="121.4756005816161632537841796875">
        <ele>9.80000019073486328125</ele>
        <time>2026-08-12T07:09:00.000Z</time>
        <extensions>
          <ns3:TrackPointExtension>
            <ns3:hr>107</ns3:hr>
            <ns3:cad>55</ns3:cad>
          </ns3:TrackPointExtension>
        </extensions>
      </trkpt>
      <trkpt lat="31.2603305093944072723388671875" lon="121.4756019227206707000732421875">
        <ele>9.80000019073486328125</ele>
        <time>2026-08-12T07:09:02.000Z</time>
        <extensions>
          <ns3:TrackPointExtension>
            <ns3:hr>107</ns3:hr>
            <ns3:cad>55</ns3:cad>
          </ns3:TrackPointExtension>
        </extensions>
      </trkpt>
      <trkpt lat="31.26033243723213672637939453125" lon="121.4756035991013050079345703125">
        <ele>9.80000019073486328125</ele>
        <time>2026-08-12T07:09:03.000Z</time>
        <extensions>
          <ns3:TrackPointExtension>
            <ns3:hr>110</ns3:hr>
            <ns3:cad>55</ns3:cad>
          </ns3:TrackPointExtension>
        </extensions>
      </trkpt>
      <trkpt lat="31.26034769229590892791748046875" lon="121.47562421858310699462890625">
        <ele>9.6000003814697265625</ele>
        <time>2026-08-12T07:09:04.000Z</time>
        <extensions>
          <ns3:TrackPointExtension>
            <ns3:hr>107</ns3:hr>
            <ns3:cad>55</ns3:cad>
          </ns3:TrackPointExtension>
        </extensions>
      </trkpt>
      <trkpt lat="31.26039546914398670196533203125" lon="121.4756455086171627044677734375">
        <ele>9.19999980926513671875</ele>
        <time>2026-08-12T07:09:09.000Z</time>
        <extensions>
          <ns3:TrackPointExtension>
            <ns3:hr>109</ns3:hr>
            <ns3:cad>82</ns3:cad>
          </ns3:TrackPointExtension>
        </extensions>
      </trkpt>
      <trkpt lat="31.2604176811873912811279296875" lon="121.47562949918210506439208984375">
        <ele>9.19999980926513671875</ele>
        <time>2026-08-12T07:09:12.000Z</time>
        <extensions>
          <ns3:TrackPointExtension>
            <ns3:hr>109</ns3:hr>
            <ns3:cad>82</ns3:cad>
          </ns3:TrackPointExtension>
        </extensions>
      </trkpt>
      <trkpt lat="31.2604210339486598968505859375" lon="121.4756284095346927642822265625">
        <ele>9</ele>
        <time>2026-08-12T07:09:14.000Z</time>
        <extensions>
          <ns3:TrackPointExtension>
            <ns3:hr>109</ns3:hr>
            <ns3:cad>82</ns3:cad>
          </ns3:TrackPointExtension>
        </extensions>
      </trkpt>
      <trkpt lat="31.2604146637022495269775390625" lon="121.47562748752534389495849609375">
        <ele>9.19999980926513671875</ele>
        <time>2026-08-12T07:09:15.000Z</time>
        <extensions>
          <ns3:TrackPointExtension>
            <ns3:hr>109</ns3:hr>
            <ns3:cad>82</ns3:cad>
          </ns3:TrackPointExtension>
        </extensions>
      </trkpt>
      <trkpt lat="31.26043201424181461334228515625" lon="121.47563821636140346527099609375">
        <ele>9</ele>
        <time>2026-08-12T07:09:18.000Z</time>
        <extensions>
          <ns3:TrackPointExtension>
            <ns3:hr>106</ns3:hr>
            <ns3:cad>55</ns3:cad>
          </ns3:TrackPointExtension>
        </extensions>
      </trkpt>
      <trkpt lat="31.2604542262852191925048828125" lon="121.4756619371473789215087890625">
        <ele>9.19999980926513671875</ele>
        <time>2026-08-12T07:09:20.000Z</time>
        <extensions>
          <ns3:TrackPointExtension>
            <ns3:hr>107</ns3:hr>
            <ns3:cad>55</ns3:cad>
          </ns3:TrackPointExtension>
        </extensions>
      </trkpt>
    </trkseg>
  </trk>
</gpx>
