<gpx xmlns:ns3="http://www.garmin.com/xmlschemas/TrackPointExtension/v1" xmlns="http://www.topografix.com/GPX/1/1" xmlns:xsi="http://www.w3.org/2001/XMLSchema-instance" xmlns:ns2="http://www.garmin.com/xmlschemas/GpxExtensions/v3" creator="Garmin Connect" version="1.1" xsi:schemaLocation="http://www.topografix.com/GPX/1/1 http://www.topografix.com/GPX/11.xsd">
  <extensions>
<distance>6811.74</distance>
<average_hr>111.0</average_hr>
<average_speed>1.7690000534057617</average_speed>
<start_time>2026-08-27T09:49:06+00:00</start_time>
<end_time>2026-08-27T10:53:16.279000+00:00</end_time>
<moving_time>3325.0</moving_time>
<elapsed_time>3850.279</elapsed_time>
</extensions>
<metadata>
    <link href="connect.garmin.com">
      <text>Garmin Connect</text>
    </link>
    <time>2026-08-27T09:49:06.000Z</time>
  </metadata>
  <trk>
    <name>杨浦区 跑步</name>
    <type>running</type>
    <trkseg>
      <trkpt lat="31.25921278260648250579833984375" lon="121.510819159448146820068359375">
        <ele>12.6000003814697265625</ele>
        <time>2026-08-27T09:49:06.000Z</time>
        <extensions>
          <ns3:TrackPointExtension>
            <ns3:hr>77</ns3:hr>
            <ns3:cad>57</ns3:cad>
          </ns3:TrackPointExtension>
        </extensions>
      </trkpt>
      <trkpt lat="31.25922753475606441497802734375" lon="121.51083550415933132171630859375">
        <ele>12.6000003814697265625</ele>
        <time>2026-08-27T09:49:07.000Z</time>
        <extensions>
          <ns3:TrackPointExtension>
            <ns3:hr>79</ns3:hr>
            <ns3:cad>57</ns3:cad>
          </ns3:TrackPointExtension>
        </extensions>
      </trkpt>
      <trkpt lat="31.25923558138310909271240234375" lon="121.51084790937602519989013671875">
        <ele>12.6000003814697265625</ele>
        <time>2026-08-27T09:49:08.000Z</time>
        <extensions>
          <ns3:TrackPointExtension>
            <ns3:hr>81</ns3:hr>
            <ns3:cad>57</ns3:cad>
          </ns3:TrackPointExtension>
        </extensions>
      </trkpt>
      <trkpt lat="31.2592591345310211181640625" lon="121.51090465486049652099609375">
        <ele>12.6000003814697265625</ele>
        <time>2026-08-27T09:49:11.000Z</time>
        <extensions>
          <ns3:TrackPointExtension>
            <ns3:hr>80</ns3:hr>
            <ns3:cad>57</ns3:cad>
          </ns3:TrackPointExtension>
        </extensions>
      </trkpt>
      <trkpt lat="31.25925921835005283355712890625" lon="121.51091982610523700714111328125">
        <ele>12.80000019073486328125</ele>
        <time>2026-08-27T09:49:12.000Z</time>
        <extensions>
          <ns3:TrackPointExtension>
            <ns3:hr>80</ns3:hr>
            <ns3:cad>57</ns3:cad>
          </ns3:TrackPointExtension>
        </extensions>
      </trkpt>
      <trkpt lat="31.25926307402551174163818359375" lon="121.51092569343745708465576171875">
        <ele>12.80000019073486328125</ele>
        <time>2026-08-27T09:49:13.000Z</time>
        <extensions>
          <ns3:TrackPointExtension>
            <ns3:hr>80</ns3:hr>
            <ns3:cad>57</ns3:cad>
          </ns3:TrackPointExtension>
        </extensions>
      </trkpt>
      <trkpt lat="31.259276904165744781494140625" lon="121.51093550026416778564453125">
        <ele>12.80000019073486328125</ele>
        <time>2026-08-27T09:49:16.000Z</time>
        <extensions>
          <ns3:TrackPointExtension>
            <ns3:hr>78</ns3:hr>
            <ns3:cad>57</ns3:cad>
          </ns3:TrackPointExtension>
        </extensions>
      </trkpt>
      <trkpt lat="31.25929945148527622222900390625" lon="121.51094581000506877899169921875">
        <ele>12.6000003814697265625</ele>
        <time>2026-08-27T09:49:18.000Z</time>
        <extensions>
          <ns3:TrackPointExtension>
            <ns3:hr>79</ns3:hr>
            <ns3:cad>57</ns3:cad>
          </ns3:TrackPointExtension>
        </extensions>
      </trkpt>
      <trkpt lat="31.25935493968427181243896484375" lon="121.5109738893806934356689453125">
        <ele>12.6000003814697265625</ele>
        <time>2026-08-27T09:49:24.000Z</time>
        <extensions>
          <ns3:TrackPointExtension>
            <ns3:hr>79</ns3:hr>
            <ns3:cad>56</ns3:cad>
          </ns3:TrackPointExtension>
        </extensions>
      </trkpt>
      <trkpt lat="31.2593565322458744049072265625" lon="121.51098855771124362945556640625">
        <ele>12.6000003814697265625</ele>
        <time>2026-08-27T09:49:26.000Z</time>
        <extensions>
          <ns3:TrackPointExtension>
            <ns3:hr>78</ns3:hr>
            <ns3:cad>56</ns3:cad>
          </ns3:TrackPointExtension>
        </extensions>
      </trkpt>
      <trkpt lat="31.25940137542784214019775390625" lon="121.5110188163816928863525390625">
        <ele>12.6000003814697265625</ele>
        <time>2026-08-27T09:49:31.000Z</time>
        <extensions>
          <ns3:TrackPointExtension>
            <ns3:hr>78</ns3:hr>
            <ns3:cad>56</ns3:cad>
          </ns3:TrackPointExtension>
        </extensions>
      </trkpt>
      <trkpt lat="31.259436495602130889892578125" lon="121.511017978191375732421875">
        <ele>12.3999996185302734375</ele>
        <time>2026-08-27T09:49:33.000Z</time>
        <extensions>
          <ns3:TrackPointExtension>
            <ns3:hr>78</ns3:hr>
            <ns3:cad>55</ns3:cad>
          </ns3:TrackPointExtension>
        </extensions>
      </trkpt>
      <trkpt lat="31.2594832666218280792236328125" lon="121.5110345743596553802490234375">
        <ele>12</ele>
        <time>2026-08-27T09:49:36.000Z</time>
        <extensions>
          <ns3:TrackPointExtension>
            <ns3:hr>77</ns3:hr>
            <ns3:cad>55</ns3:cad>
          </ns3:TrackPointExtension>
        </extensions>
      </trkpt>
      <trkpt lat="31.25951671041548252105712890625" lon="121.51107690297067165374755859375">
        <ele>11.80000019073486328125</ele>
        <time>2026-08-27T09:49:39.000Z</time>
        <extensions>
          <ns3:TrackPointExtension>
            <ns3:hr>78</ns3:hr>
            <ns3:cad>56</ns3:cad>
          </ns3:TrackPointExtension>
        </extensions>
      </trkpt>
      <trkpt lat="31.25952425412833690643310546875" lon="121.51112727820873260498046875">
        <ele>11.80000019073486328125</ele>
        <time>2026-08-27T09:49:42.000Z</time>
        <extensions>
          <ns3:TrackPointExtension>
            <ns3:hr>81</ns3:hr>
            <ns3:cad>57</ns3:cad>
          </ns3:TrackPointExtension>
        </extensions>
      </trkpt>
      <trkpt lat="31.25954152084887027740478515625" lon="121.51120179332792758941650390625">
        <ele>11.80000019073486328125</ele>
        <time>2026-08-27T09:49:47.000Z</time>
        <extensions>
          <ns3:TrackPointExtension>
            <ns3:hr>82</ns3:hr>
            <ns3:cad>56</ns3:cad>
          </ns3:TrackPointExtension>
        </extensions>
      </trkpt>
      <trkpt lat="31.25960790552198886871337890625" lon="121.51133523322641849517822265625">
        <ele>11</ele>
        <time>2026-08-27T09:49:56.000Z</time>
        <extensions>
          <ns3:TrackPointExtension>
            <ns3:hr>83</ns3:hr>
            <ns3:cad>55</ns3:cad>
          </ns3:TrackPointExtension>
        </extensions>
      </trkpt>
      <trkpt lat="31.25962651334702968597412109375" lon="121.5113718621432781219482421875">
        <ele>10.80000019073486328125</ele>
        <time>2026-08-27T09:50:00.000Z</time>
        <extensions>
          <ns3:TrackPointExtension>
            <ns3:hr>83</ns3:hr>
            <ns3:cad>56</ns3:cad>
          </ns3:TrackPointExtension>
        </extensions>
      </trkpt>
      <trkpt lat="31.25964394770562648773193359375" lon="121.51140689849853515625">
        <ele>10.80000019073486328125</ele>
        <time>2026-08-27T09:50:03.000Z</time>
        <extensions>
          <ns3:TrackPointExtension>
            <ns3:hr>82</ns3:hr>
            <ns3:cad>56</ns3:cad>
          </ns3:TrackPointExtension>
        </extensions>
      </trkpt>
      <trkpt lat="31.25967688858509063720703125" lon="121.51148644275963306427001953125">
        <ele>10.3999996185302734375</ele>
        <time>2026-08-27T09:50:12.000Z</time>
        <extensions>
          <ns3:TrackPointExtension>
            <ns3:hr>81</ns3:hr>
            <ns3:cad>55</ns3:cad>
          </ns3:TrackPointExtension>
        </extensions>
      </trkpt>
      <trkpt lat="31.2597226537764072418212890625" lon="121.51153790764510631561279296875">
        <ele>9.80000019073486328125</ele>
        <time>2026-08-27T09:50:18.000Z</time>
        <extensions>
          <ns3:TrackPointExtension>
            <ns3:hr>81</ns3:hr>
            <ns3:cad>0</ns3:cad>
          </ns3:TrackPointExtension>
        </extensions>
      </trkpt>
      <trkpt lat="31.2597400881350040435791015625" lon="121.5115418471395969390869140625">
        <ele>9.6000003814697265625</ele>
        <time>2026-08-27T09:50:21.000Z</time>
        <extensions>
          <ns3:TrackPointExtension>
            <ns3:hr>81</ns3:hr>
            <ns3:cad>60</ns3:cad>
          </ns3:TrackPointExtension>
        </extensions>
      </trkpt>
      <trkpt lat="31.2597622163593769073486328125" lon="121.5115465410053730010986328125">
        <ele>9.3999996185302734375</ele>
        <time>2026-08-27T09:50:23.000Z</time>
        <extensions>
          <ns3:TrackPointExtension>
            <ns3:hr>83</ns3:hr>
            <ns3:cad>60</ns3:cad>
          </ns3:TrackPointExtension>
        </extensions>
      </trkpt>
      <trkpt lat="31.25977453775703907012939453125" lon="121.51155869476497173309326171875">
        <ele>9.19999980926513671875</ele>
        <time>2026-08-27T09:50:24.000Z</time>
        <extensions>
          <ns3:TrackPointExtension>
            <ns3:hr>85</ns3:hr>
            <ns3:cad>72</ns3:cad>
          </ns3:TrackPointExtension>
        </extensions>
      </trkpt>
      <trkpt lat="31.25984209589660167694091796875" lon="121.51160328648984432220458984375">
        <ele>8.6000003814697265625</ele>
        <time>2026-08-27T09:50:27.000Z</time>
        <extensions>
          <ns3:TrackPointExtension>
            <ns3:hr>88</ns3:hr>
            <ns3:cad>78</ns3:cad>
          </ns3:TrackPointExtension>
        </extensions>
      </trkpt>
      <trkpt lat="31.2598892860114574432373046875" lon="121.5116337127983570098876953125">
        <ele>8</ele>
        <time>2026-08-27T09:50:29.000Z</time>
        <extensions>
          <ns3:TrackPointExtension>
            <ns3:hr>90</ns3:hr>
            <ns3:cad>81</ns3:cad>
          </ns3:TrackPointExtension>
        </extensions>
      </trkpt>
      <trkpt lat="31.259936727583408355712890625" lon="121.5116601996123790740966796875">
        <ele>7.400000095367431640625</ele>
        <time>2026-08-27T09:50:31.000Z</time>
        <extensions>
          <ns3:TrackPointExtension>
            <ns3:hr>94</ns3:hr>
            <ns3:cad>81</ns3:cad>
          </ns3:TrackPointExtension>
        </extensions>
      </trkpt>
      <trkpt lat="31.26003907062113285064697265625" lon="121.51175516657531261444091796875">
        <ele>7</ele>
        <time>2026-08-27T09:50:36.000Z</time>
        <extensions>
          <ns3:TrackPointExtension>
            <ns3:hr>97</ns3:hr>
            <ns3:cad>82</ns3:cad>
          </ns3:TrackPointExtension>
        </extensions>
      </trkpt>
      <trkpt lat="31.26012590713798999786376953125" lon="121.511857174336910247802734375">
        <ele>7.400000095367431640625</ele>
        <time>2026-08-27T09:50:41.000Z</time>
        <extensions>
          <ns3:TrackPointExtension>
            <ns3:hr>100</ns3:hr>
            <ns3:cad>81</ns3:cad>
          </ns3:TrackPointExtension>
        </extensions>
      </trkpt>
      <trkpt lat="31.26017175614833831787109375" lon="121.51188139803707599639892578125">
        <ele>7.400000095367431640625</ele>
        <time>2026-08-27T09:50:43.000Z</time>
        <extensions>
          <ns3:TrackPointExtension>
            <ns3:hr>102</ns3:hr>
            <ns3:cad>81</ns3:cad>
          </ns3:TrackPointExtension>
        </extensions>
      </trkpt>
      <trkpt lat="31.2603080458939075469970703125" lon="121.51200511492788791656494140625">
        <ele>7.599999904632568359375</ele>
        <time>2026-08-27T09:50:49.000Z</time>
        <extensions>
          <ns3:TrackPointExtension>
            <ns3:hr>105</ns3:hr>
            <ns3:cad>83</ns3:cad>
          </ns3:TrackPointExtension>
        </extensions>
      </trkpt>
      <trkpt lat="31.2603640370070934295654296875" lon="121.51206512935459613800048828125">
        <ele>7.400000095367431640625</ele>
        <time>2026-08-27T09:50:52.000Z</time>
        <extensions>
          <ns3:TrackPointExtension>
            <ns3:hr>105</ns3:hr>
            <ns3:cad>82</ns3:cad>
          </ns3:TrackPointExtension>
        </extensions>
      </trkpt>
      <trkpt lat="31.26044492237269878387451171875" lon="121.51217241771519184112548828125">
        <ele>7.19999980926513671875</ele>
        <time>2026-08-27T09:50:58.000Z</time>
        <extensions>
          <ns3:TrackPointExtension>
            <ns3:hr>108</ns3:hr>
            <ns3:cad>81</ns3:cad>
          </ns3:TrackPointExtension>
        </extensions>
      </trkpt>
      <trkpt lat="31.260457746684551239013671875" lon="121.5121906064450740814208984375">
        <ele>7.19999980926513671875</ele>
        <time>2026-08-27T09:50:59.000Z</time>
        <extensions>
          <ns3:TrackPointExtension>
            <ns3:hr>108</ns3:hr>
            <ns3:cad>81</ns3:cad>
          </ns3:TrackPointExtension>
        </extensions>
      </trkpt>
      <trkpt lat="31.26056562177836894989013671875" lon="121.51229261420667171478271484375">
        <ele>7</ele>
        <time>2026-08-27T09:51:05.000Z</time>
        <extensions>
          <ns3:TrackPointExtension>
            <ns3:hr>110</ns3:hr>
            <ns3:cad>82</ns3:cad>
          </ns3:TrackPointExtension>
        </extensions>
      </trkpt>
      <trkpt lat="31.26066888682544231414794921875" lon="121.51242680847644805908203125">
        <ele>6.599999904632568359375</ele>
        <time>2026-08-27T09:51:13.000Z</time>
        <extensions>
          <ns3:TrackPointExtension>
            <ns3:hr>111</ns3:hr>
            <ns3:cad>82</ns3:cad>
          </ns3:TrackPointExtension>
        </extensions>
      </trkpt>
      <trkpt lat="31.2607556395232677459716796875" lon="121.51258765719830989837646484375">
        <ele>6.599999904632568359375</ele>
        <time>2026-08-27T09:51:21.000Z</time>
        <extensions>
          <ns3:TrackPointExtension>
            <ns3:hr>114</ns3:hr>
            <ns3:cad>82</ns3:cad>
          </ns3:TrackPointExtension>
        </extensions>
      </trkpt>
      <trkpt lat="31.26077399589121341705322265625" lon="121.5126016549766063690185546875">
        <ele>6.599999904632568359375</ele>
        <time>2026-08-27T09:51:22.000Z</time>
        <extensions>
          <ns3:TrackPointExtension>
            <ns3:hr>115</ns3:hr>
            <ns3:cad>82</ns3:cad>
          </ns3:TrackPointExtension>
        </extensions>
      </trkpt>
      <trkpt lat="31.260834597051143646240234375" lon="121.51262797415256500244140625">
        <ele>6.400000095367431640625</ele>
        <time>2026-08-27T09:51:26.000Z</time>
        <extensions>
          <ns3:TrackPointExtension>
            <ns3:hr>118</ns3:hr>
            <ns3:cad>79</ns3:cad>
          </ns3:TrackPointExtension>
        </extensions>
      </trkpt>
      <trkpt lat="31.26089955680072307586669921875" lon="121.51268161833286285400390625">
        <ele>6.599999904632568359375</ele>
        <time>2026-08-27T09:51:29.000Z</time>
        <extensions>
          <ns3:TrackPointExtension>
            <ns3:hr>118</ns3:hr>
            <ns3:cad>81</ns3:cad>
          </ns3:TrackPointExtension>
        </extensions>
      </trkpt>
      <trkpt lat="31.26091514714062213897705078125" lon="121.512804329395294189453125">
        <ele>7.400000095367431640625</ele>
        <time>2026-08-27T09:51:36.000Z</time>
        <extensions>
          <ns3:TrackPointExtension>
            <ns3:hr>118</ns3:hr>
            <ns3:cad>80</ns3:cad>
          </ns3:TrackPointExtension>
        </extensions>
      </trkpt>
      <trkpt lat="31.26093241386115550994873046875" lon="121.51282452978193759918212890625">
        <ele>7.400000095367431640625</ele>
        <time>2026-08-27T09:51:38.000Z</time>
        <extensions>
          <ns3:TrackPointExtension>
            <ns3:hr>119</ns3:hr>
            <ns3:cad>58</ns3:cad>
          </ns3:TrackPointExtension>
        </extensions>
      </trkpt>
      <trkpt lat="31.2609812803566455841064453125" lon="121.512879431247711181640625">
        <ele>8</ele>
        <time>2026-08-27T09:51:42.000Z</time>
        <extensions>
          <ns3:TrackPointExtension>
            <ns3:hr>118</ns3:hr>
            <ns3:cad>0</ns3:cad>
          </ns3:TrackPointExtension>
        </extensions>
      </trkpt>
      <trkpt lat="31.2610516883432865142822265625" lon="121.51292947120964527130126953125">
        <ele>8.3999996185302734375</ele>
        <time>2026-08-27T09:51:49.000Z</time>
        <extensions>
          <ns3:TrackPointExtension>
            <ns3:hr>117</ns3:hr>
            <ns3:cad>55</ns3:cad>
          </ns3:TrackPointExtension>
        </extensions>
      </trkpt>
      <trkpt lat="31.261111535131931304931640625" lon="121.51296433992683887481689453125">
        <ele>8.80000019073486328125</ele>
        <time>2026-08-27T09:51:53.000Z</time>
        <extensions>
          <ns3:TrackPointExtension>
            <ns3:hr>114</ns3:hr>
            <ns3:cad>54</ns3:cad>
          </ns3:TrackPointExtension>
        </extensions>
      </trkpt>
      <trkpt lat="31.2611298076808452606201171875" lon="121.5129612386226654052734375">
        <ele>8.6000003814697265625</ele>
        <time>2026-08-27T09:51:55.000Z</time>
        <extensions>
          <ns3:TrackPointExtension>
            <ns3:hr>111</ns3:hr>
            <ns3:cad>54</ns3:cad>
          </ns3:TrackPointExtension>
        </extensions>
      </trkpt>
      <trkpt lat="31.261145062744617462158203125" lon="121.51295394636690616607666015625">
        <ele>8.3999996185302734375</ele>
        <time>2026-08-27T09:51:56.000Z</time>
        <extensions>
          <ns3:TrackPointExtension>
            <ns3:hr>110</ns3:hr>
            <ns3:cad>54</ns3:cad>
          </ns3:TrackPointExtension>
        </extensions>
      </trkpt>
      <trkpt lat="31.2612873874604701995849609375" lon="121.5129047445952892303466796875">
        <ele>7.19999980926513671875</ele>
        <time>2026-08-27T09:52:03.000Z</time>
        <extensions>
          <ns3:TrackPointExtension>
            <ns3:hr>108</ns3:hr>
            <ns3:cad>84</ns3:cad>
          </ns3:TrackPointExtension>
        </extensions>
      </trkpt>
      <trkpt lat="31.2614104337990283966064453125" lon="121.512792594730854034423828125">
        <ele>5.80000019073486328125</ele>
        <time>2026-08-27T09:52:09.000Z</time>
        <extensions>
          <ns3:TrackPointExtension>
            <ns3:hr>108</ns3:hr>
            <ns3:cad>85</ns3:cad>
          </ns3:TrackPointExtension>
        </extensions>
      </trkpt>
      <trkpt lat="31.26156155951321125030517578125" lon="121.51267080567777156829833984375">
        <ele>5.599999904632568359375</ele>
        <time>2026-08-27T09:52:15.000Z</time>
        <extensions>
          <ns3:TrackPointExtension>
            <ns3:hr>110</ns3:hr>
            <ns3:cad>85</ns3:cad>
          </ns3:TrackPointExtension>
        </extensions>
      </trkpt>
      <trkpt lat="31.26163749955594539642333984375" lon="121.51264683343470096588134765625">
        <ele>6</ele>
        <time>2026-08-27T09:52:18.000Z</time>
        <extensions>
          <ns3:TrackPointExtension>
            <ns3:hr>113</ns3:hr>
            <ns3:cad>84</ns3:cad>
          </ns3:TrackPointExtension>
        </extensions>
      </trkpt>
      <trkpt lat="31.2617750465869903564453125" lon="121.51254323311150074005126953125">
        <ele>7</ele>
        <time>2026-08-27T09:52:23.000Z</time>
        <extensions>
          <ns3:TrackPointExtension>
            <ns3:hr>116</ns3:hr>
            <ns3:cad>83</ns3:cad>
          </ns3:TrackPointExtension>
        </extensions>
      </trkpt>
      <trkpt lat="31.261790804564952850341796875" lon="121.51251607574522495269775390625">
        <ele>7.400000095367431640625</ele>
        <time>2026-08-27T09:52:24.000Z</time>
        <extensions>
          <ns3:TrackPointExtension>
            <ns3:hr>116</ns3:hr>
            <ns3:cad>83</ns3:cad>
          </ns3:TrackPointExtension>
        </extensions>
      </trkpt>
      <trkpt lat="31.2618796527385711669921875" lon="121.51240627281367778778076171875">
        <ele>8.80000019073486328125</ele>
        <time>2026-08-27T09:52:32.000Z</time>
        <extensions>
          <ns3:TrackPointExtension>
            <ns3:hr>118</ns3:hr>
            <ns3:cad>83</ns3:cad>
          </ns3:TrackPointExtension>
        </extensions>
      </trkpt>
      <trkpt lat="31.261970512568950653076171875" lon="121.51243778876960277557373046875">
        <ele>9.3999996185302734375</ele>
        <time>2026-08-27T09:52:39.000Z</time>
        <extensions>
          <ns3:TrackPointExtension>
            <ns3:hr>119</ns3:hr>
            <ns3:cad>57</ns3:cad>
          </ns3:TrackPointExtension>
        </extensions>
      </trkpt>
      <trkpt lat="31.26201753504574298858642578125" lon="121.512380205094814300537109375">
        <ele>10.19999980926513671875</ele>
        <time>2026-08-27T09:52:45.000Z</time>
        <extensions>
          <ns3:TrackPointExtension>
            <ns3:hr>116</ns3:hr>
            <ns3:cad>55</ns3:cad>
          </ns3:TrackPointExtension>
        </extensions>
      </trkpt>
      <trkpt lat="31.26203563995659351348876953125" lon="121.512343324720859527587890625">
        <ele>10.19999980926513671875</ele>
        <time>2026-08-27T09:52:48.000Z</time>
        <extensions>
          <ns3:TrackPointExtension>
            <ns3:hr>114</ns3:hr>
            <ns3:cad>56</ns3:cad>
          </ns3:TrackPointExtension>
        </extensions>
      </trkpt>
      <trkpt lat="31.26206045038998126983642578125" lon="121.512291021645069122314453125">
        <ele>10</ele>
        <time>2026-08-27T09:52:52.000Z</time>
        <extensions>
          <ns3:TrackPointExtension>
            <ns3:hr>111</ns3:hr>
            <ns3:cad>55</ns3:cad>
          </ns3:TrackPointExtension>
        </extensions>
      </trkpt>
      <trkpt lat="31.26208861358463764190673828125" lon="121.51224567554891109466552734375">
        <ele>9.80000019073486328125</ele>
        <time>2026-08-27T09:52:57.000Z</time>
        <extensions>
          <ns3:TrackPointExtension>
            <ns3:hr>111</ns3:hr>
            <ns3:cad>55</ns3:cad>
          </ns3:TrackPointExtension>
        </extensions>
      </trkpt>
      <trkpt lat="31.26210671849548816680908203125" lon="121.51220259256660938262939453125">
        <ele>9.80000019073486328125</ele>
        <time>2026-08-27T09:52:59.000Z</time>
        <extensions>
          <ns3:TrackPointExtension>
            <ns3:hr>107</ns3:hr>
            <ns3:cad>56</ns3:cad>
          </ns3:TrackPointExtension>
        </extensions>
      </trkpt>
      <trkpt lat="31.2621223926544189453125" lon="121.51218214072287082672119140625">
        <ele>9.6000003814697265625</ele>
        <time>2026-08-27T09:53:00.000Z</time>
        <extensions>
          <ns3:TrackPointExtension>
            <ns3:hr>104</ns3:hr>
            <ns3:cad>56</ns3:cad>
          </ns3:TrackPointExtension>
        </extensions>
      </trkpt>
      <trkpt lat="31.2622194550931453704833984375" lon="121.51209966279566287994384765625">
        <ele>9.19999980926513671875</ele>
        <time>2026-08-27T09:53:04.000Z</time>
        <extensions>
          <ns3:TrackPointExtension>
            <ns3:hr>102</ns3:hr>
            <ns3:cad>82</ns3:cad>
          </ns3:TrackPointExtension>
        </extensions>
      </trkpt>
      <trkpt lat="31.2623639591038227081298828125" lon="121.51202824898064136505126953125">
        <ele>7.400000095367431640625</ele>
        <time>2026-08-27T09:53:10.000Z</time>
        <extensions>
          <ns3:TrackPointExtension>
            <ns3:hr>102</ns3:hr>
            <ns3:cad>85</ns3:cad>
          </ns3:TrackPointExtension>
        </extensions>
      </trkpt>
      <trkpt lat="31.26243210397660732269287109375" lon="121.5119512192904949188232421875">
        <ele>6.599999904632568359375</ele>
        <time>2026-08-27T09:53:15.000Z</time>
        <extensions>
          <ns3:TrackPointExtension>
            <ns3:hr>105</ns3:hr>
            <ns3:cad>86</ns3:cad>
          </ns3:TrackPointExtension>
        </extensions>
      </trkpt>
      <trkpt lat="31.262433864176273345947265625" lon="121.511940322816371917724609375">
        <ele>6.599999904632568359375</ele>
        <time>2026-08-27T09:53:16.000Z</time>
        <extensions>
          <ns3:TrackPointExtension>
            <ns3:hr>106</ns3:hr>
            <ns3:cad>86</ns3:cad>
          </ns3:TrackPointExtension>
        </extensions>
      </trkpt>
      <trkpt lat="31.26247250474989414215087890625" lon="121.511892378330230712890625">
        <ele>6.400000095367431640625</ele>
        <time>2026-08-27T09:53:25.000Z</time>
        <extensions>
          <ns3:TrackPointExtension>
            <ns3:hr>105</ns3:hr>
            <ns3:cad>56</ns3:cad>
          </ns3:TrackPointExtension>
        </extensions>
      </trkpt>
      <trkpt lat="31.262475438416004180908203125" lon="121.51188206858932971954345703125">
        <ele>6.599999904632568359375</ele>
        <time>2026-08-27T09:53:31.000Z</time>
        <extensions>
          <ns3:TrackPointExtension>
            <ns3:hr>105</ns3:hr>
            <ns3:cad>0</ns3:cad>
          </ns3:TrackPointExtension>
        </extensions>
      </trkpt>
      <trkpt lat="31.26248189248144626617431640625" lon="121.51188441552221775054931640625">
        <ele>6.400000095367431640625</ele>
        <time>2026-08-27T09:53:35.000Z</time>
        <extensions>
          <ns3:TrackPointExtension>
            <ns3:hr>102</ns3:hr>
            <ns3:cad>0</ns3:cad>
          </ns3:TrackPointExtension>
        </extensions>
      </trkpt>
      <trkpt lat="31.2624792940914630889892578125" lon="121.511888690292835235595703125">
        <ele>6.400000095367431640625</ele>
        <time>2026-08-27T09:53:39.000Z</time>
        <extensions>
          <ns3:TrackPointExtension>
            <ns3:hr>99</ns3:hr>
            <ns3:cad>0</ns3:cad>
          </ns3:TrackPointExtension>
        </extensions>
      </trkpt>
      <trkpt lat="31.2624792940914630889892578125" lon="121.511888690292835235595703125">
        <ele>6.400000095367431640625</ele>
        <time>2026-08-27T09:53:47.000Z</time>
        <extensions>
          <ns3:TrackPointExtension>
            <ns3:hr>96</ns3:hr>
            <ns3:cad>0</ns3:cad>
          </ns3:TrackPointExtension>
        </extensions>
      </trkpt>
      <trkpt lat="31.2624792940914630889892578125" lon="121.511888690292835235595703125">
        <ele>6.400000095367431640625</ele>
        <time>2026-08-27T09:53:49.000Z</time>
        <extensions>
          <ns3:TrackPointExtension>
            <ns3:hr>92</ns3:hr>
            <ns3:cad>0</ns3:cad>
          </ns3:TrackPointExtension>
        </extensions>
      </trkpt>
      <trkpt lat="31.2624792940914630889892578125" lon="121.511888690292835235595703125">
        <ele>6.400000095367431640625</ele>
        <time>2026-08-27T09:53:51.000Z</time>
        <extensions>
          <ns3:TrackPointExtension>
            <ns3:hr>89</ns3:hr>
            <ns3:cad>0</ns3:cad>
          </ns3:TrackPointExtension>
        </extensions>
      </trkpt>
      <trkpt lat="31.2624792940914630889892578125" lon="121.511888690292835235595703125">
        <ele>6.400000095367431640625</ele>
        <time>2026-08-27T09:53:54.000Z</time>
        <extensions>
          <ns3:TrackPointExtension>
            <ns3:hr>85</ns3:hr>
            <ns3:cad>0</ns3:cad>
          </ns3:TrackPointExtension>
        </extensions>
      </trkpt>
      <trkpt lat="31.2624792940914630889892578125" lon="121.511888690292835235595703125">
        <ele>6.400000095367431640625</ele>
        <time>2026-08-27T09:53:58.000Z</time>
        <extensions>
          <ns3:TrackPointExtension>
            <ns3:hr>82</ns3:hr>
            <ns3:cad>0</ns3:cad>
          </ns3:TrackPointExtension>
        </extensions>
      </trkpt>
      <trkpt lat="31.26248138956725597381591796875" lon="121.51188793592154979705810546875">
        <ele>6.400000095367431640625</ele>
        <time>2026-08-27T09:54:28.000Z</time>
        <extensions>
          <ns3:TrackPointExtension>
            <ns3:hr>79</ns3:hr>
            <ns3:cad>0</ns3:cad>
          </ns3:TrackPointExtension>
        </extensions>
      </trkpt>
      <trkpt lat="31.26248138956725597381591796875" lon="121.51188810355961322784423828125">
        <ele>6.400000095367431640625</ele>
        <time>2026-08-27T09:54:33.000Z</time>
        <extensions>
          <ns3:TrackPointExtension>
            <ns3:hr>76</ns3:hr>
            <ns3:cad>0</ns3:cad>
          </ns3:TrackPointExtension>
        </extensions>
      </trkpt>
      <trkpt lat="31.262482814490795135498046875" lon="121.51188743300735950469970703125">
        <ele>6.400000095367431640625</ele>
        <time>2026-08-27T09:54:44.000Z</time>
        <extensions>
          <ns3:TrackPointExtension>
            <ns3:hr>79</ns3:hr>
            <ns3:cad>0</ns3:cad>
          </ns3:TrackPointExtension>
        </extensions>
      </trkpt>
      <trkpt lat="31.262482814490795135498046875" lon="121.51188508607447147369384765625">
        <ele>6.400000095367431640625</ele>
        <time>2026-08-27T09:54:50.000Z</time>
        <extensions>
          <ns3:TrackPointExtension>
            <ns3:hr>76</ns3:hr>
            <ns3:cad>0</ns3:cad>
          </ns3:TrackPointExtension>
        </extensions>
      </trkpt>
      <trkpt lat="31.26248893328011035919189453125" lon="121.51188408024609088897705078125">
        <ele>6.400000095367431640625</ele>
        <time>2026-08-27T09:54:52.000Z</time>
        <extensions>
          <ns3:TrackPointExtension>
            <ns3:hr>73</ns3:hr>
            <ns3:cad>0</ns3:cad>
          </ns3:TrackPointExtension>
        </extensions>
      </trkpt>
      <trkpt lat="31.2625047750771045684814453125" lon="121.51188307441771030426025390625">
        <ele>6.400000095367431640625</ele>
        <time>2026-08-27T09:54:54.000Z</time>
        <extensions>
          <ns3:TrackPointExtension>
            <ns3:hr>70</ns3:hr>
            <ns3:cad>0</ns3:cad>
          </ns3:TrackPointExtension>
        </extensions>
      </trkpt>
      <trkpt lat="31.26252547837793827056884765625" lon="121.51188055984675884246826171875">
        <ele>6.400000095367431640625</ele>
        <time>2026-08-27T09:55:20.000Z</time>
        <extensions>
          <ns3:TrackPointExtension>
            <ns3:hr>73</ns3:hr>
            <ns3:cad>0</ns3:cad>
          </ns3:TrackPointExtension>
        </extensions>
      </trkpt>
      <trkpt lat="31.2625845707952976226806640625" lon="121.51184141635894775390625">
        <ele>6.599999904632568359375</ele>
        <time>2026-08-27T09:55:24.000Z</time>
        <extensions>
          <ns3:TrackPointExtension>
            <ns3:hr>76</ns3:hr>
            <ns3:cad>53</ns3:cad>
          </ns3:TrackPointExtension>
        </extensions>
      </trkpt>
      <trkpt lat="31.26259974204003810882568359375" lon="121.51183010078966617584228515625">
        <ele>6.599999904632568359375</ele>
        <time>2026-08-27T09:55:25.000Z</time>
        <extensions>
          <ns3:TrackPointExtension>
            <ns3:hr>76</ns3:hr>
            <ns3:cad>53</ns3:cad>
          </ns3:TrackPointExtension>
        </extensions>
      </trkpt>
      <trkpt lat="31.26271122135221958160400390625" lon="121.51173454709351062774658203125">
        <ele>7.80000019073486328125</ele>
        <time>2026-08-27T09:55:32.000Z</time>
        <extensions>
          <ns3:TrackPointExtension>
            <ns3:hr>73</ns3:hr>
            <ns3:cad>54</ns3:cad>
          </ns3:TrackPointExtension>
        </extensions>
      </trkpt>
      <trkpt lat="31.2627297453582286834716796875" lon="121.51172884739935398101806640625">
        <ele>7.80000019073486328125</ele>
        <time>2026-08-27T09:55:33.000Z</time>
        <extensions>
          <ns3:TrackPointExtension>
            <ns3:hr>73</ns3:hr>
            <ns3:cad>55</ns3:cad>
          </ns3:TrackPointExtension>
        </extensions>
      </trkpt>
      <trkpt lat="31.26286913640797138214111328125" lon="121.5117480419576168060302734375">
        <ele>8.19999980926513671875</ele>
        <time>2026-08-27T09:55:39.000Z</time>
        <extensions>
          <ns3:TrackPointExtension>
            <ns3:hr>72</ns3:hr>
            <ns3:cad>85</ns3:cad>
          </ns3:TrackPointExtension>
        </extensions>
      </trkpt>
      <trkpt lat="31.26304917968809604644775390625" lon="121.51169582270085811614990234375">
        <ele>9</ele>
        <time>2026-08-27T09:55:45.000Z</time>
        <extensions>
          <ns3:TrackPointExtension>
            <ns3:hr>75</ns3:hr>
            <ns3:cad>84</ns3:cad>
          </ns3:TrackPointExtension>
        </extensions>
      </trkpt>
      <trkpt lat="31.2631910853087902069091796875" lon="121.5115592814981937408447265625">
        <ele>9</ele>
        <time>2026-08-27T09:55:52.000Z</time>
        <extensions>
          <ns3:TrackPointExtension>
            <ns3:hr>78</ns3:hr>
            <ns3:cad>83</ns3:cad>
          </ns3:TrackPointExtension>
        </extensions>
      </trkpt>
      <trkpt lat="31.26321338117122650146484375" lon="121.5115396678447723388671875">
        <ele>9</ele>
        <time>2026-08-27T09:55:53.000Z</time>
        <extensions>
          <ns3:TrackPointExtension>
            <ns3:hr>79</ns3:hr>
            <ns3:cad>83</ns3:cad>
          </ns3:TrackPointExtension>
        </extensions>
      </trkpt>
      <trkpt lat="31.26326702535152435302734375" lon="121.5114811621606349945068359375">
        <ele>9</ele>
        <time>2026-08-27T09:55:56.000Z</time>
        <extensions>
          <ns3:TrackPointExtension>
            <ns3:hr>82</ns3:hr>
            <ns3:cad>83</ns3:cad>
          </ns3:TrackPointExtension>
        </extensions>
      </trkpt>
      <trkpt lat="31.26331388019025325775146484375" lon="121.51148241944611072540283203125">
        <ele>8.80000019073486328125</ele>
        <time>2026-08-27T09:55:57.000Z</time>
        <extensions>
          <ns3:TrackPointExtension>
            <ns3:hr>88</ns3:hr>
            <ns3:cad>83</ns3:cad>
          </ns3:TrackPointExtension>
        </extensions>
      </trkpt>
      <trkpt lat="31.26331388019025325775146484375" lon="121.51148241944611072540283203125">
        <ele>8.80000019073486328125</ele>
        <time>2026-08-27T09:55:58.000Z</time>
        <extensions>
          <ns3:TrackPointExtension>
            <ns3:hr>88</ns3:hr>
            <ns3:cad>83</ns3:cad>
          </ns3:TrackPointExtension>
        </extensions>
      </trkpt>
      <trkpt lat="31.26334078609943389892578125" lon="121.51148459874093532562255859375">
        <ele>9</ele>
        <time>2026-08-27T09:55:59.000Z</time>
        <extensions>
          <ns3:TrackPointExtension>
            <ns3:hr>87</ns3:hr>
            <ns3:cad>82</ns3:cad>
          </ns3:TrackPointExtension>
        </extensions>
      </trkpt>
      <trkpt lat="31.26336903311312198638916015625" lon="121.51148828677833080291748046875">
        <ele>9</ele>
        <time>2026-08-27T09:56:00.000Z</time>
        <extensions>
          <ns3:TrackPointExtension>
            <ns3:hr>90</ns3:hr>
            <ns3:cad>82</ns3:cad>
          </ns3:TrackPointExtension>
        </extensions>
      </trkpt>
      <trkpt lat="31.26339870505034923553466796875" lon="121.5114965848624706268310546875">
        <ele>9</ele>
        <time>2026-08-27T09:56:01.000Z</time>
        <extensions>
          <ns3:TrackPointExtension>
            <ns3:hr>96</ns3:hr>
            <ns3:cad>83</ns3:cad>
          </ns3:TrackPointExtension>
        </extensions>
      </trkpt>
      <trkpt lat="31.26342334784567356109619140625" lon="121.5114949084818363189697265625">
        <ele>9</ele>
        <time>2026-08-27T09:56:02.000Z</time>
        <extensions>
          <ns3:TrackPointExtension>
            <ns3:hr>102</ns3:hr>
            <ns3:cad>83</ns3:cad>
          </ns3:TrackPointExtension>
        </extensions>
      </trkpt>
      <trkpt lat="31.2634432129561901092529296875" lon="121.51148694567382335662841796875">
        <ele>9</ele>
        <time>2026-08-27T09:56:03.000Z</time>
        <extensions>
          <ns3:TrackPointExtension>
            <ns3:hr>105</ns3:hr>
            <ns3:cad>82</ns3:cad>
          </ns3:TrackPointExtension>
        </extensions>
      </trkpt>
      <trkpt lat="31.26346508972346782684326171875" lon="121.5114741213619709014892578125">
        <ele>9</ele>
        <time>2026-08-27T09:56:04.000Z</time>
        <extensions>
          <ns3:TrackPointExtension>
            <ns3:hr>106</ns3:hr>
            <ns3:cad>82</ns3:cad>
          </ns3:TrackPointExtension>
        </extensions>
      </trkpt>
      <trkpt lat="31.2635209970176219940185546875" lon="121.51142559014260768890380859375">
        <ele>9</ele>
        <time>2026-08-27T09:56:07.000Z</time>
        <extensions>
          <ns3:TrackPointExtension>
            <ns3:hr>109</ns3:hr>
            <ns3:cad>82</ns3:cad>
          </ns3:TrackPointExtension>
        </extensions>
      </trkpt>
      <trkpt lat="31.263587884604930877685546875" lon="121.51137094013392925262451171875">
        <ele>9.19999980926513671875</ele>
        <time>2026-08-27T09:56:10.000Z</time>
        <extensions>
          <ns3:TrackPointExtension>
            <ns3:hr>112</ns3:hr>
            <ns3:cad>83</ns3:cad>
          </ns3:TrackPointExtension>
        </extensions>
      </trkpt>
      <trkpt lat="31.2636014632880687713623046875" lon="121.51134948246181011199951171875">
        <ele>9.3999996185302734375</ele>
        <time>2026-08-27T09:56:11.000Z</time>
        <extensions>
          <ns3:TrackPointExtension>
            <ns3:hr>113</ns3:hr>
            <ns3:cad>83</ns3:cad>
          </ns3:TrackPointExtension>
        </extensions>
      </trkpt>
      <trkpt lat="31.26365284435451030731201171875" lon="121.51129667647182941436767578125">
        <ele>9.6000003814697265625</ele>
        <time>2026-08-27T09:56:14.000Z</time>
        <extensions>
          <ns3:TrackPointExtension>
            <ns3:hr>116</ns3:hr>
            <ns3:cad>84</ns3:cad>
          </ns3:TrackPointExtension>
        </extensions>
      </trkpt>
      <trkpt lat="31.26373917795717716217041015625" lon="121.5112124383449554443359375">
        <ele>9.80000019073486328125</ele>
        <time>2026-08-27T09:56:19.000Z</time>
        <extensions>
          <ns3:TrackPointExtension>
            <ns3:hr>118</ns3:hr>
            <ns3:cad>83</ns3:cad>
          </ns3:TrackPointExtension>
        </extensions>
      </trkpt>
      <trkpt lat="31.2638844363391399383544921875" lon="121.51108411140739917755126953125">
        <ele>10</ele>
        <time>2026-08-27T09:56:27.000Z</time>
        <extensions>
          <ns3:TrackPointExtension>
            <ns3:hr>119</ns3:hr>
            <ns3:cad>83</ns3:cad>
          </ns3:TrackPointExtension>
        </extensions>
      </trkpt>
      <trkpt lat="31.2639015354216098785400390625" lon="121.51106835342943668365478515625">
        <ele>9.80000019073486328125</ele>
        <time>2026-08-27T09:56:28.000Z</time>
        <extensions>
          <ns3:TrackPointExtension>
            <ns3:hr>119</ns3:hr>
            <ns3:cad>84</ns3:cad>
          </ns3:TrackPointExtension>
        </extensions>
      </trkpt>
      <trkpt lat="31.26403539441525936126708984375" lon="121.51093860156834125518798828125">
        <ele>11</ele>
        <time>2026-08-27T09:56:36.000Z</time>
        <extensions>
          <ns3:TrackPointExtension>
            <ns3:hr>121</ns3:hr>
            <ns3:cad>84</ns3:cad>
          </ns3:TrackPointExtension>
        </extensions>
      </trkpt>
      <trkpt lat="31.26416497863829135894775390625" lon="121.51082594878971576690673828125">
        <ele>12.80000019073486328125</ele>
        <time>2026-08-27T09:56:43.000Z</time>
        <extensions>
          <ns3:TrackPointExtension>
            <ns3:hr>123</ns3:hr>
            <ns3:cad>84</ns3:cad>
          </ns3:TrackPointExtension>
        </extensions>
      </trkpt>
      <trkpt lat="31.26418425701558589935302734375" lon="121.510809771716594696044921875">
        <ele>12.80000019073486328125</ele>
        <time>2026-08-27T09:56:44.000Z</time>
        <extensions>
          <ns3:TrackPointExtension>
            <ns3:hr>123</ns3:hr>
            <ns3:cad>84</ns3:cad>
          </ns3:TrackPointExtension>
        </extensions>
      </trkpt>
      <trkpt lat="31.26431048847734928131103515625" lon="121.5106798522174358367919921875">
        <ele>12.19999980926513671875</ele>
        <time>2026-08-27T09:56:51.000Z</time>
        <extensions>
          <ns3:TrackPointExtension>
            <ns3:hr>124</ns3:hr>
            <ns3:cad>84</ns3:cad>
          </ns3:TrackPointExtension>
        </extensions>
      </trkpt>
      <trkpt lat="31.26447628252208232879638671875" lon="121.5105593204498291015625">
        <ele>11.3999996185302734375</ele>
        <time>2026-08-27T09:56:57.000Z</time>
        <extensions>
          <ns3:TrackPointExtension>
            <ns3:hr>125</ns3:hr>
            <ns3:cad>83</ns3:cad>
          </ns3:TrackPointExtension>
        </extensions>
      </trkpt>
      <trkpt lat="31.26452992670238018035888671875" lon="121.510575748980045318603515625">
        <ele>10.6000003814697265625</ele>
        <time>2026-08-27T09:56:59.000Z</time>
        <extensions>
          <ns3:TrackPointExtension>
            <ns3:hr>125</ns3:hr>
            <ns3:cad>83</ns3:cad>
          </ns3:TrackPointExtension>
        </extensions>
      </trkpt>
      <trkpt lat="31.264574937522411346435546875" lon="121.5106168203055858612060546875">
        <ele>9.80000019073486328125</ele>
        <time>2026-08-27T09:57:01.000Z</time>
        <extensions>
          <ns3:TrackPointExtension>
            <ns3:hr>124</ns3:hr>
            <ns3:cad>83</ns3:cad>
          </ns3:TrackPointExtension>
        </extensions>
      </trkpt>
      <trkpt lat="31.26468666829168796539306640625" lon="121.5107914991676807403564453125">
        <ele>7</ele>
        <time>2026-08-27T09:57:08.000Z</time>
        <extensions>
          <ns3:TrackPointExtension>
            <ns3:hr>124</ns3:hr>
            <ns3:cad>84</ns3:cad>
          </ns3:TrackPointExtension>
        </extensions>
      </trkpt>
      <trkpt lat="31.26478406600654125213623046875" lon="121.51093122549355030059814453125">
        <ele>6.19999980926513671875</ele>
        <time>2026-08-27T09:57:14.000Z</time>
        <extensions>
          <ns3:TrackPointExtension>
            <ns3:hr>125</ns3:hr>
            <ns3:cad>83</ns3:cad>
          </ns3:TrackPointExtension>
        </extensions>
      </trkpt>
      <trkpt lat="31.26491163857281208038330078125" lon="121.5111036412417888641357421875">
        <ele>6</ele>
        <time>2026-08-27T09:57:21.000Z</time>
        <extensions>
          <ns3:TrackPointExtension>
            <ns3:hr>126</ns3:hr>
            <ns3:cad>85</ns3:cad>
          </ns3:TrackPointExtension>
        </extensions>
      </trkpt>
      <trkpt lat="31.26501909457147121429443359375" lon="121.5112714469432830810546875">
        <ele>6.19999980926513671875</ele>
        <time>2026-08-27T09:57:28.000Z</time>
        <extensions>
          <ns3:TrackPointExtension>
            <ns3:hr>127</ns3:hr>
            <ns3:cad>84</ns3:cad>
          </ns3:TrackPointExtension>
        </extensions>
      </trkpt>
      <trkpt lat="31.26510878093540668487548828125" lon="121.5113975107669830322265625">
        <ele>6.400000095367431640625</ele>
        <time>2026-08-27T09:57:34.000Z</time>
        <extensions>
          <ns3:TrackPointExtension>
            <ns3:hr>128</ns3:hr>
            <ns3:cad>84</ns3:cad>
          </ns3:TrackPointExtension>
        </extensions>
      </trkpt>
      <trkpt lat="31.26521238125860691070556640625" lon="121.51150153018534183502197265625">
        <ele>6.80000019073486328125</ele>
        <time>2026-08-27T09:57:40.000Z</time>
        <extensions>
          <ns3:TrackPointExtension>
            <ns3:hr>128</ns3:hr>
            <ns3:cad>84</ns3:cad>
          </ns3:TrackPointExtension>
        </extensions>
      </trkpt>
      <trkpt lat="31.26534531824290752410888671875" lon="121.5116293542087078094482421875">
        <ele>7.400000095367431640625</ele>
        <time>2026-08-27T09:57:47.000Z</time>
        <extensions>
          <ns3:TrackPointExtension>
            <ns3:hr>129</ns3:hr>
            <ns3:cad>84</ns3:cad>
          </ns3:TrackPointExtension>
        </extensions>
      </trkpt>
      <trkpt lat="31.2654783390462398529052734375" lon="121.5118023566901683807373046875">
        <ele>8.6000003814697265625</ele>
        <time>2026-08-27T09:57:54.000Z</time>
        <extensions>
          <ns3:TrackPointExtension>
            <ns3:hr>129</ns3:hr>
            <ns3:cad>84</ns3:cad>
          </ns3:TrackPointExtension>
        </extensions>
      </trkpt>
      <trkpt lat="31.26559191383421421051025390625" lon="121.511991284787654876708984375">
        <ele>10.80000019073486328125</ele>
        <time>2026-08-27T09:58:01.000Z</time>
        <extensions>
          <ns3:TrackPointExtension>
            <ns3:hr>131</ns3:hr>
            <ns3:cad>84</ns3:cad>
          </ns3:TrackPointExtension>
        </extensions>
      </trkpt>
      <trkpt lat="31.265709511935710906982421875" lon="121.51215481571853160858154296875">
        <ele>12</ele>
        <time>2026-08-27T09:58:08.000Z</time>
        <extensions>
          <ns3:TrackPointExtension>
            <ns3:hr>131</ns3:hr>
            <ns3:cad>83</ns3:cad>
          </ns3:TrackPointExtension>
        </extensions>
      </trkpt>
      <trkpt lat="31.26572652719914913177490234375" lon="121.51217610575258731842041015625">
        <ele>12.19999980926513671875</ele>
        <time>2026-08-27T09:58:09.000Z</time>
        <extensions>
          <ns3:TrackPointExtension>
            <ns3:hr>132</ns3:hr>
            <ns3:cad>83</ns3:cad>
          </ns3:TrackPointExtension>
        </extensions>
      </trkpt>
      <trkpt lat="31.26573876477777957916259765625" lon="121.51220418512821197509765625">
        <ele>12.3999996185302734375</ele>
        <time>2026-08-27T09:58:10.000Z</time>
        <extensions>
          <ns3:TrackPointExtension>
            <ns3:hr>132</ns3:hr>
            <ns3:cad>83</ns3:cad>
          </ns3:TrackPointExtension>
        </extensions>
      </trkpt>
      <trkpt lat="31.26582317054271697998046875" lon="121.51235866360366344451904296875">
        <ele>14.19999980926513671875</ele>
        <time>2026-08-27T09:58:17.000Z</time>
        <extensions>
          <ns3:TrackPointExtension>
            <ns3:hr>133</ns3:hr>
            <ns3:cad>82</ns3:cad>
          </ns3:TrackPointExtension>
        </extensions>
      </trkpt>
      <trkpt lat="31.26588997431099414825439453125" lon="121.51250199414789676666259765625">
        <ele>15.19999980926513671875</ele>
        <time>2026-08-27T09:58:23.000Z</time>
        <extensions>
          <ns3:TrackPointExtension>
            <ns3:hr>134</ns3:hr>
            <ns3:cad>84</ns3:cad>
          </ns3:TrackPointExtension>
        </extensions>
      </trkpt>
      <trkpt lat="31.2659483961760997772216796875" lon="121.51259654201567173004150390625">
        <ele>15.19999980926513671875</ele>
        <time>2026-08-27T09:58:27.000Z</time>
        <extensions>
          <ns3:TrackPointExtension>
            <ns3:hr>134</ns3:hr>
            <ns3:cad>83</ns3:cad>
          </ns3:TrackPointExtension>
        </extensions>
      </trkpt>
      <trkpt lat="31.26597345806658267974853515625" lon="121.5126459114253520965576171875">
        <ele>15.3999996185302734375</ele>
        <time>2026-08-27T09:58:29.000Z</time>
        <extensions>
          <ns3:TrackPointExtension>
            <ns3:hr>134</ns3:hr>
            <ns3:cad>84</ns3:cad>
          </ns3:TrackPointExtension>
        </extensions>
      </trkpt>
      <trkpt lat="31.26598812639713287353515625" lon="121.5126740746200084686279296875">
        <ele>15.3999996185302734375</ele>
        <time>2026-08-27T09:58:30.000Z</time>
        <extensions>
          <ns3:TrackPointExtension>
            <ns3:hr>134</ns3:hr>
            <ns3:cad>84</ns3:cad>
          </ns3:TrackPointExtension>
        </extensions>
      </trkpt>
      <trkpt lat="31.26605107448995113372802734375" lon="121.5127694606781005859375">
        <ele>15.19999980926513671875</ele>
        <time>2026-08-27T09:58:34.000Z</time>
        <extensions>
          <ns3:TrackPointExtension>
            <ns3:hr>134</ns3:hr>
            <ns3:cad>84</ns3:cad>
          </ns3:TrackPointExtension>
        </extensions>
      </trkpt>
      <trkpt lat="31.26613137312233448028564453125" lon="121.5129500068724155426025390625">
        <ele>15.80000019073486328125</ele>
        <time>2026-08-27T09:58:41.000Z</time>
        <extensions>
          <ns3:TrackPointExtension>
            <ns3:hr>134</ns3:hr>
            <ns3:cad>84</ns3:cad>
          </ns3:TrackPointExtension>
        </extensions>
      </trkpt>
      <trkpt lat="31.2661643140017986297607421875" lon="121.513061486184597015380859375">
        <ele>16.799999237060546875</ele>
        <time>2026-08-27T09:58:45.000Z</time>
        <extensions>
          <ns3:TrackPointExtension>
            <ns3:hr>134</ns3:hr>
            <ns3:cad>84</ns3:cad>
          </ns3:TrackPointExtension>
        </extensions>
      </trkpt>
      <trkpt lat="31.26616892404854297637939453125" lon="121.51312544010579586029052734375">
        <ele>17.799999237060546875</ele>
        <time>2026-08-27T09:58:47.000Z</time>
        <extensions>
          <ns3:TrackPointExtension>
            <ns3:hr>135</ns3:hr>
            <ns3:cad>84</ns3:cad>
          </ns3:TrackPointExtension>
        </extensions>
      </trkpt>
      <trkpt lat="31.26625307835638523101806640625" lon="121.5133059024810791015625">
        <ele>19.6000003814697265625</ele>
        <time>2026-08-27T09:58:54.000Z</time>
        <extensions>
          <ns3:TrackPointExtension>
            <ns3:hr>136</ns3:hr>
            <ns3:cad>84</ns3:cad>
          </ns3:TrackPointExtension>
        </extensions>
      </trkpt>
      <trkpt lat="31.26636095345020294189453125" lon="121.513484604656696319580078125">
        <ele>19.6000003814697265625</ele>
        <time>2026-08-27T09:59:00.000Z</time>
        <extensions>
          <ns3:TrackPointExtension>
            <ns3:hr>136</ns3:hr>
            <ns3:cad>84</ns3:cad>
          </ns3:TrackPointExtension>
        </extensions>
      </trkpt>
      <trkpt lat="31.266375370323657989501953125" lon="121.51352274231612682342529296875">
        <ele>19.799999237060546875</ele>
        <time>2026-08-27T09:59:01.000Z</time>
        <extensions>
          <ns3:TrackPointExtension>
            <ns3:hr>136</ns3:hr>
            <ns3:cad>84</ns3:cad>
          </ns3:TrackPointExtension>
        </extensions>
      </trkpt>
      <trkpt lat="31.26646027900278568267822265625" lon="121.51374042034149169921875">
        <ele>19.200000762939453125</ele>
        <time>2026-08-27T09:59:08.000Z</time>
        <extensions>
          <ns3:TrackPointExtension>
            <ns3:hr>136</ns3:hr>
            <ns3:cad>84</ns3:cad>
          </ns3:TrackPointExtension>
        </extensions>
      </trkpt>
      <trkpt lat="31.26650135032832622528076171875" lon="121.5138244070112705230712890625">
        <ele>17.3999996185302734375</ele>
        <time>2026-08-27T09:59:11.000Z</time>
        <extensions>
          <ns3:TrackPointExtension>
            <ns3:hr>137</ns3:hr>
            <ns3:cad>84</ns3:cad>
          </ns3:TrackPointExtension>
        </extensions>
      </trkpt>
      <trkpt lat="31.26660461537539958953857421875" lon="121.51400302536785602569580078125">
        <ele>13</ele>
        <time>2026-08-27T09:59:18.000Z</time>
        <extensions>
          <ns3:TrackPointExtension>
            <ns3:hr>138</ns3:hr>
            <ns3:cad>84</ns3:cad>
          </ns3:TrackPointExtension>
        </extensions>
      </trkpt>
      <trkpt lat="31.26661987043917179107666015625" lon="121.51402263902127742767333984375">
        <ele>12.6000003814697265625</ele>
        <time>2026-08-27T09:59:19.000Z</time>
        <extensions>
          <ns3:TrackPointExtension>
            <ns3:hr>139</ns3:hr>
            <ns3:cad>84</ns3:cad>
          </ns3:TrackPointExtension>
        </extensions>
      </trkpt>
      <trkpt lat="31.2666591815650463104248046875" lon="121.51417904533445835113525390625">
        <ele>12.6000003814697265625</ele>
        <time>2026-08-27T09:59:24.000Z</time>
        <extensions>
          <ns3:TrackPointExtension>
            <ns3:hr>140</ns3:hr>
            <ns3:cad>85</ns3:cad>
          </ns3:TrackPointExtension>
        </extensions>
      </trkpt>
      <trkpt lat="31.26669463701546192169189453125" lon="121.514385826885700225830078125">
        <ele>15.3999996185302734375</ele>
        <time>2026-08-27T09:59:30.000Z</time>
        <extensions>
          <ns3:TrackPointExtension>
            <ns3:hr>140</ns3:hr>
            <ns3:cad>85</ns3:cad>
          </ns3:TrackPointExtension>
        </extensions>
      </trkpt>
      <trkpt lat="31.26677510328590869903564453125" lon="121.51457785628736019134521484375">
        <ele>17.6000003814697265625</ele>
        <time>2026-08-27T09:59:37.000Z</time>
        <extensions>
          <ns3:TrackPointExtension>
            <ns3:hr>141</ns3:hr>
            <ns3:cad>84</ns3:cad>
          </ns3:TrackPointExtension>
        </extensions>
      </trkpt>
      <trkpt lat="31.266821287572383880615234375" lon="121.5146978013217449188232421875">
        <ele>18</ele>
        <time>2026-08-27T09:59:42.000Z</time>
        <extensions>
          <ns3:TrackPointExtension>
            <ns3:hr>142</ns3:hr>
            <ns3:cad>83</ns3:cad>
          </ns3:TrackPointExtension>
        </extensions>
      </trkpt>
      <trkpt lat="31.26682824455201625823974609375" lon="121.51472185738384723663330078125">
        <ele>18.200000762939453125</ele>
        <time>2026-08-27T09:59:43.000Z</time>
        <extensions>
          <ns3:TrackPointExtension>
            <ns3:hr>142</ns3:hr>
            <ns3:cad>83</ns3:cad>
          </ns3:TrackPointExtension>
        </extensions>
      </trkpt>
      <trkpt lat="31.26688641496002674102783203125" lon="121.514839120209217071533203125">
        <ele>17.799999237060546875</ele>
        <time>2026-08-27T09:59:48.000Z</time>
        <extensions>
          <ns3:TrackPointExtension>
            <ns3:hr>142</ns3:hr>
            <ns3:cad>82</ns3:cad>
          </ns3:TrackPointExtension>
        </extensions>
      </trkpt>
      <trkpt lat="31.2669750116765499114990234375" lon="121.5150292217731475830078125">
        <ele>16.200000762939453125</ele>
        <time>2026-08-27T09:59:56.000Z</time>
        <extensions>
          <ns3:TrackPointExtension>
            <ns3:hr>142</ns3:hr>
            <ns3:cad>83</ns3:cad>
          </ns3:TrackPointExtension>
        </extensions>
      </trkpt>
      <trkpt lat="31.26698398031294345855712890625" lon="121.51505243964493274688720703125">
        <ele>16</ele>
        <time>2026-08-27T09:59:57.000Z</time>
        <extensions>
          <ns3:TrackPointExtension>
            <ns3:hr>142</ns3:hr>
            <ns3:cad>83</ns3:cad>
          </ns3:TrackPointExtension>
        </extensions>
      </trkpt>
      <trkpt lat="31.2670340202748775482177734375" lon="121.51519862003624439239501953125">
        <ele>15.3999996185302734375</ele>
        <time>2026-08-27T10:00:02.000Z</time>
        <extensions>
          <ns3:TrackPointExtension>
            <ns3:hr>142</ns3:hr>
            <ns3:cad>84</ns3:cad>
          </ns3:TrackPointExtension>
        </extensions>
      </trkpt>
      <trkpt lat="31.26705438829958438873291015625" lon="121.5152573771774768829345703125">
        <ele>15</ele>
        <time>2026-08-27T10:00:04.000Z</time>
        <extensions>
          <ns3:TrackPointExtension>
            <ns3:hr>142</ns3:hr>
            <ns3:cad>84</ns3:cad>
          </ns3:TrackPointExtension>
        </extensions>
      </trkpt>
      <trkpt lat="31.26710585318505764007568359375" lon="121.51539257727563381195068359375">
        <ele>14.3999996185302734375</ele>
        <time>2026-08-27T10:00:10.000Z</time>
        <extensions>
          <ns3:TrackPointExtension>
            <ns3:hr>141</ns3:hr>
            <ns3:cad>84</ns3:cad>
          </ns3:TrackPointExtension>
        </extensions>
      </trkpt>
      <trkpt lat="31.26713988371193408966064453125" lon="121.515511013567447662353515625">
        <ele>14.19999980926513671875</ele>
        <time>2026-08-27T10:00:14.000Z</time>
        <extensions>
          <ns3:TrackPointExtension>
            <ns3:hr>141</ns3:hr>
            <ns3:cad>84</ns3:cad>
          </ns3:TrackPointExtension>
        </extensions>
      </trkpt>
      <trkpt lat="31.2671456672251224517822265625" lon="121.51554663665592670440673828125">
        <ele>14</ele>
        <time>2026-08-27T10:00:15.000Z</time>
        <extensions>
          <ns3:TrackPointExtension>
            <ns3:hr>140</ns3:hr>
            <ns3:cad>84</ns3:cad>
          </ns3:TrackPointExtension>
        </extensions>
      </trkpt>
      <trkpt lat="31.2672268040478229522705078125" lon="121.5157292783260345458984375">
        <ele>13.19999980926513671875</ele>
        <time>2026-08-27T10:00:22.000Z</time>
        <extensions>
          <ns3:TrackPointExtension>
            <ns3:hr>140</ns3:hr>
            <ns3:cad>84</ns3:cad>
          </ns3:TrackPointExtension>
        </extensions>
      </trkpt>
      <trkpt lat="31.267261840403079986572265625" lon="121.5157810784876346588134765625">
        <ele>12.6000003814697265625</ele>
        <time>2026-08-27T10:00:27.000Z</time>
        <extensions>
          <ns3:TrackPointExtension>
            <ns3:hr>140</ns3:hr>
            <ns3:cad>0</ns3:cad>
          </ns3:TrackPointExtension>
        </extensions>
      </trkpt>
      <trkpt lat="31.267269551753997802734375" lon="121.5157901309430599212646484375">
        <ele>12.3999996185302734375</ele>
        <time>2026-08-27T10:00:28.000Z</time>
        <extensions>
          <ns3:TrackPointExtension>
            <ns3:hr>140</ns3:hr>
            <ns3:cad>0</ns3:cad>
          </ns3:TrackPointExtension>
        </extensions>
      </trkpt>
      <trkpt lat="31.267282962799072265625" lon="121.51583581231534481048583984375">
        <ele>12</ele>
        <time>2026-08-27T10:00:31.000Z</time>
        <extensions>
          <ns3:TrackPointExtension>
            <ns3:hr>140</ns3:hr>
            <ns3:cad>0</ns3:cad>
          </ns3:TrackPointExtension>
        </extensions>
      </trkpt>
      <trkpt lat="31.2672923505306243896484375" lon="121.51584754697978496551513671875">
        <ele>12</ele>
        <time>2026-08-27T10:00:32.000Z</time>
        <extensions>
          <ns3:TrackPointExtension>
            <ns3:hr>139</ns3:hr>
            <ns3:cad>0</ns3:cad>
          </ns3:TrackPointExtension>
        </extensions>
      </trkpt>
      <trkpt lat="31.2673672847449779510498046875" lon="121.51584687642753124237060546875">
        <ele>11.3999996185302734375</ele>
        <time>2026-08-27T10:00:37.000Z</time>
        <extensions>
          <ns3:TrackPointExtension>
            <ns3:hr>139</ns3:hr>
            <ns3:cad>0</ns3:cad>
          </ns3:TrackPointExtension>
        </extensions>
      </trkpt>
      <trkpt lat="31.267400644719600677490234375" lon="121.51592114008963108062744140625">
        <ele>10.6000003814697265625</ele>
        <time>2026-08-27T10:00:43.000Z</time>
        <extensions>
          <ns3:TrackPointExtension>
            <ns3:hr>138</ns3:hr>
            <ns3:cad>54</ns3:cad>
          </ns3:TrackPointExtension>
        </extensions>
      </trkpt>
      <trkpt lat="31.26741112209856510162353515625" lon="121.51599548757076263427734375">
        <ele>10</ele>
        <time>2026-08-27T10:00:48.000Z</time>
        <extensions>
          <ns3:TrackPointExtension>
            <ns3:hr>135</ns3:hr>
            <ns3:cad>54</ns3:cad>
          </ns3:TrackPointExtension>
        </extensions>
      </trkpt>
      <trkpt lat="31.26741045154631137847900390625" lon="121.51602624915540218353271484375">
        <ele>9.80000019073486328125</ele>
        <time>2026-08-27T10:00:50.000Z</time>
        <extensions>
          <ns3:TrackPointExtension>
            <ns3:hr>135</ns3:hr>
            <ns3:cad>53</ns3:cad>
          </ns3:TrackPointExtension>
        </extensions>
      </trkpt>
      <trkpt lat="31.26741883344948291778564453125" lon="121.516046114265918731689453125">
        <ele>9.6000003814697265625</ele>
        <time>2026-08-27T10:00:52.000Z</time>
        <extensions>
          <ns3:TrackPointExtension>
            <ns3:hr>131</ns3:hr>
            <ns3:cad>53</ns3:cad>
          </ns3:TrackPointExtension>
        </extensions>
      </trkpt>
      <trkpt lat="31.2674162350594997406005859375" lon="121.516065895557403564453125">
        <ele>9.3999996185302734375</ele>
        <time>2026-08-27T10:00:53.000Z</time>
        <extensions>
          <ns3:TrackPointExtension>
            <ns3:hr>128</ns3:hr>
            <ns3:cad>53</ns3:cad>
          </ns3:TrackPointExtension>
        </extensions>
      </trkpt>
      <trkpt lat="31.26741866581141948699951171875" lon="121.51608626358211040496826171875">
        <ele>9.19999980926513671875</ele>
        <time>2026-08-27T10:00:55.000Z</time>
        <extensions>
          <ns3:TrackPointExtension>
            <ns3:hr>125</ns3:hr>
            <ns3:cad>53</ns3:cad>
          </ns3:TrackPointExtension>
        </extensions>
      </trkpt>
      <trkpt lat="31.26741883344948291778564453125" lon="121.5160898678004741668701171875">
        <ele>9.19999980926513671875</ele>
        <time>2026-08-27T10:00:57.000Z</time>
        <extensions>
          <ns3:TrackPointExtension>
            <ns3:hr>120</ns3:hr>
            <ns3:cad>0</ns3:cad>
          </ns3:TrackPointExtension>
        </extensions>
      </trkpt>
      <trkpt lat="31.26741900108754634857177734375" lon="121.51609011925756931304931640625">
        <ele>9.19999980926513671875</ele>
        <time>2026-08-27T10:00:58.000Z</time>
        <extensions>
          <ns3:TrackPointExtension>
            <ns3:hr>118</ns3:hr>
            <ns3:cad>0</ns3:cad>
          </ns3:TrackPointExtension>
        </extensions>
      </trkpt>
      <trkpt lat="31.26741866581141948699951171875" lon="121.5160915441811084747314453125">
        <ele>9.19999980926513671875</ele>
        <time>2026-08-27T10:01:00.000Z</time>
        <extensions>
          <ns3:TrackPointExtension>
            <ns3:hr>113</ns3:hr>
            <ns3:cad>0</ns3:cad>
          </ns3:TrackPointExtension>
        </extensions>
      </trkpt>
      <trkpt lat="31.26742386259138584136962890625" lon="121.51609917171299457550048828125">
        <ele>9.19999980926513671875</ele>
        <time>2026-08-27T10:01:03.000Z</time>
        <extensions>
          <ns3:TrackPointExtension>
            <ns3:hr>110</ns3:hr>
            <ns3:cad>0</ns3:cad>
          </ns3:TrackPointExtension>
        </extensions>
      </trkpt>
      <trkpt lat="31.2674313224852085113525390625" lon="121.516111157834529876708984375">
        <ele>9</ele>
        <time>2026-08-27T10:01:07.000Z</time>
        <extensions>
          <ns3:TrackPointExtension>
            <ns3:hr>109</ns3:hr>
            <ns3:cad>0</ns3:cad>
          </ns3:TrackPointExtension>
        </extensions>
      </trkpt>
      <trkpt lat="31.26749410293996334075927734375" lon="121.5162001736462116241455078125">
        <ele>8</ele>
        <time>2026-08-27T10:01:12.000Z</time>
        <extensions>
          <ns3:TrackPointExtension>
            <ns3:hr>107</ns3:hr>
            <ns3:cad>82</ns3:cad>
          </ns3:TrackPointExtension>
        </extensions>
      </trkpt>
      <trkpt lat="31.26759099774062633514404296875" lon="121.5163872577250003814697265625">
        <ele>8.3999996185302734375</ele>
        <time>2026-08-27T10:01:19.000Z</time>
        <extensions>
          <ns3:TrackPointExtension>
            <ns3:hr>109</ns3:hr>
            <ns3:cad>85</ns3:cad>
          </ns3:TrackPointExtension>
        </extensions>
      </trkpt>
      <trkpt lat="31.267604827880859375" lon="121.5164113976061344146728515625">
        <ele>8.3999996185302734375</ele>
        <time>2026-08-27T10:01:20.000Z</time>
        <extensions>
          <ns3:TrackPointExtension>
            <ns3:hr>109</ns3:hr>
            <ns3:cad>85</ns3:cad>
          </ns3:TrackPointExtension>
        </extensions>
      </trkpt>
      <trkpt lat="31.26772644929587841033935546875" lon="121.51661063544452190399169921875">
        <ele>9.19999980926513671875</ele>
        <time>2026-08-27T10:01:28.000Z</time>
        <extensions>
          <ns3:TrackPointExtension>
            <ns3:hr>110</ns3:hr>
            <ns3:cad>85</ns3:cad>
          </ns3:TrackPointExtension>
        </extensions>
      </trkpt>
      <trkpt lat="31.26773969270288944244384765625" lon="121.5166377089917659759521484375">
        <ele>9.3999996185302734375</ele>
        <time>2026-08-27T10:01:29.000Z</time>
        <extensions>
          <ns3:TrackPointExtension>
            <ns3:hr>110</ns3:hr>
            <ns3:cad>86</ns3:cad>
          </ns3:TrackPointExtension>
        </extensions>
      </trkpt>
      <trkpt lat="31.26778126694262027740478515625" lon="121.51668548583984375">
        <ele>9.6000003814697265625</ele>
        <time>2026-08-27T10:01:31.000Z</time>
        <extensions>
          <ns3:TrackPointExtension>
            <ns3:hr>113</ns3:hr>
            <ns3:cad>86</ns3:cad>
          </ns3:TrackPointExtension>
        </extensions>
      </trkpt>
      <trkpt lat="31.267835162580013275146484375" lon="121.51677492074668407440185546875">
        <ele>9.3999996185302734375</ele>
        <time>2026-08-27T10:01:34.000Z</time>
        <extensions>
          <ns3:TrackPointExtension>
            <ns3:hr>116</ns3:hr>
            <ns3:cad>85</ns3:cad>
          </ns3:TrackPointExtension>
        </extensions>
      </trkpt>
      <trkpt lat="31.26791219227015972137451171875" lon="121.516913808882236480712890625">
        <ele>8.6000003814697265625</ele>
        <time>2026-08-27T10:01:39.000Z</time>
        <extensions>
          <ns3:TrackPointExtension>
            <ns3:hr>119</ns3:hr>
            <ns3:cad>86</ns3:cad>
          </ns3:TrackPointExtension>
        </extensions>
      </trkpt>
      <trkpt lat="31.26792677678167819976806640625" lon="121.51693602092564105987548828125">
        <ele>8.3999996185302734375</ele>
        <time>2026-08-27T10:01:40.000Z</time>
        <extensions>
          <ns3:TrackPointExtension>
            <ns3:hr>119</ns3:hr>
            <ns3:cad>86</ns3:cad>
          </ns3:TrackPointExtension>
        </extensions>
      </trkpt>
      <trkpt lat="31.2680398486554622650146484375" lon="121.5171342529356479644775390625">
        <ele>7.599999904632568359375</ele>
        <time>2026-08-27T10:01:47.000Z</time>
        <extensions>
          <ns3:TrackPointExtension>
            <ns3:hr>122</ns3:hr>
            <ns3:cad>85</ns3:cad>
          </ns3:TrackPointExtension>
        </extensions>
      </trkpt>
      <trkpt lat="31.2680978514254093170166015625" lon="121.5172398649156093597412109375">
        <ele>7.80000019073486328125</ele>
        <time>2026-08-27T10:01:51.000Z</time>
        <extensions>
          <ns3:TrackPointExtension>
            <ns3:hr>125</ns3:hr>
            <ns3:cad>85</ns3:cad>
          </ns3:TrackPointExtension>
        </extensions>
      </trkpt>
      <trkpt lat="31.26814085058867931365966796875" lon="121.5173733048141002655029296875">
        <ele>7.80000019073486328125</ele>
        <time>2026-08-27T10:01:55.000Z</time>
        <extensions>
          <ns3:TrackPointExtension>
            <ns3:hr>128</ns3:hr>
            <ns3:cad>85</ns3:cad>
          </ns3:TrackPointExtension>
        </extensions>
      </trkpt>
      <trkpt lat="31.26814286224544048309326171875" lon="121.51740993373095989227294921875">
        <ele>7.599999904632568359375</ele>
        <time>2026-08-27T10:01:56.000Z</time>
        <extensions>
          <ns3:TrackPointExtension>
            <ns3:hr>129</ns3:hr>
            <ns3:cad>85</ns3:cad>
          </ns3:TrackPointExtension>
        </extensions>
      </trkpt>
      <trkpt lat="31.268149651587009429931640625" lon="121.517506577074527740478515625">
        <ele>7.599999904632568359375</ele>
        <time>2026-08-27T10:02:01.000Z</time>
        <extensions>
          <ns3:TrackPointExtension>
            <ns3:hr>131</ns3:hr>
            <ns3:cad>86</ns3:cad>
          </ns3:TrackPointExtension>
        </extensions>
      </trkpt>
      <trkpt lat="31.26816918142139911651611328125" lon="121.5176026336848735809326171875">
        <ele>7.599999904632568359375</ele>
        <time>2026-08-27T10:02:08.000Z</time>
        <extensions>
          <ns3:TrackPointExtension>
            <ns3:hr>131</ns3:hr>
            <ns3:cad>55</ns3:cad>
          </ns3:TrackPointExtension>
        </extensions>
      </trkpt>
      <trkpt lat="31.26818544231355190277099609375" lon="121.51761285960674285888671875">
        <ele>7.599999904632568359375</ele>
        <time>2026-08-27T10:02:10.000Z</time>
        <extensions>
          <ns3:TrackPointExtension>
            <ns3:hr>131</ns3:hr>
            <ns3:cad>0</ns3:cad>
          </ns3:TrackPointExtension>
        </extensions>
      </trkpt>
      <trkpt lat="31.268191225826740264892578125" lon="121.5176405198872089385986328125">
        <ele>7.599999904632568359375</ele>
        <time>2026-08-27T10:02:13.000Z</time>
        <extensions>
          <ns3:TrackPointExtension>
            <ns3:hr>130</ns3:hr>
            <ns3:cad>0</ns3:cad>
          </ns3:TrackPointExtension>
        </extensions>
      </trkpt>
      <trkpt lat="31.26821192912757396697998046875" lon="121.51771268807351589202880859375">
        <ele>7.400000095367431640625</ele>
        <time>2026-08-27T10:02:20.000Z</time>
        <extensions>
          <ns3:TrackPointExtension>
            <ns3:hr>130</ns3:hr>
            <ns3:cad>0</ns3:cad>
          </ns3:TrackPointExtension>
        </extensions>
      </trkpt>
      <trkpt lat="31.2682232446968555450439453125" lon="121.51775543577969074249267578125">
        <ele>7.400000095367431640625</ele>
        <time>2026-08-27T10:02:25.000Z</time>
        <extensions>
          <ns3:TrackPointExtension>
            <ns3:hr>127</ns3:hr>
            <ns3:cad>0</ns3:cad>
          </ns3:TrackPointExtension>
        </extensions>
      </trkpt>
      <trkpt lat="31.26822634600102901458740234375" lon="121.5177712775766849517822265625">
        <ele>7.400000095367431640625</ele>
        <time>2026-08-27T10:02:27.000Z</time>
        <extensions>
          <ns3:TrackPointExtension>
            <ns3:hr>123</ns3:hr>
            <ns3:cad>0</ns3:cad>
          </ns3:TrackPointExtension>
        </extensions>
      </trkpt>
      <trkpt lat="31.26822349615395069122314453125" lon="121.5177860297262668609619140625">
        <ele>7.19999980926513671875</ele>
        <time>2026-08-27T10:02:29.000Z</time>
        <extensions>
          <ns3:TrackPointExtension>
            <ns3:hr>120</ns3:hr>
            <ns3:cad>0</ns3:cad>
          </ns3:TrackPointExtension>
        </extensions>
      </trkpt>
      <trkpt lat="31.268220059573650360107421875" lon="121.51779114268720149993896484375">
        <ele>7.19999980926513671875</ele>
        <time>2026-08-27T10:02:32.000Z</time>
        <extensions>
          <ns3:TrackPointExtension>
            <ns3:hr>116</ns3:hr>
            <ns3:cad>0</ns3:cad>
          </ns3:TrackPointExtension>
        </extensions>
      </trkpt>
      <trkpt lat="31.26821913756430149078369140625" lon="121.51778988540172576904296875">
        <ele>7.19999980926513671875</ele>
        <time>2026-08-27T10:02:34.000Z</time>
        <extensions>
          <ns3:TrackPointExtension>
            <ns3:hr>113</ns3:hr>
            <ns3:cad>0</ns3:cad>
          </ns3:TrackPointExtension>
        </extensions>
      </trkpt>
      <trkpt lat="31.26821796409785747528076171875" lon="121.51778963394463062286376953125">
        <ele>7.19999980926513671875</ele>
        <time>2026-08-27T10:02:36.000Z</time>
        <extensions>
          <ns3:TrackPointExtension>
            <ns3:hr>110</ns3:hr>
            <ns3:cad>0</ns3:cad>
          </ns3:TrackPointExtension>
        </extensions>
      </trkpt>
      <trkpt lat="31.26821645535528659820556640625" lon="121.51779097504913806915283203125">
        <ele>7.19999980926513671875</ele>
        <time>2026-08-27T10:02:42.000Z</time>
        <extensions>
          <ns3:TrackPointExtension>
            <ns3:hr>107</ns3:hr>
            <ns3:cad>0</ns3:cad>
          </ns3:TrackPointExtension>
        </extensions>
      </trkpt>
      <trkpt lat="31.26821645535528659820556640625" lon="121.51779097504913806915283203125">
        <ele>7.19999980926513671875</ele>
        <time>2026-08-27T10:02:45.000Z</time>
        <extensions>
          <ns3:TrackPointExtension>
            <ns3:hr>107</ns3:hr>
            <ns3:cad>0</ns3:cad>
          </ns3:TrackPointExtension>
        </extensions>
      </trkpt>
      <trkpt lat="31.268216706812381744384765625" lon="121.51779122650623321533203125">
        <ele>7.19999980926513671875</ele>
        <time>2026-08-27T10:02:59.000Z</time>
        <extensions>
          <ns3:TrackPointExtension>
            <ns3:hr>104</ns3:hr>
            <ns3:cad>0</ns3:cad>
          </ns3:TrackPointExtension>
        </extensions>
      </trkpt>
      <trkpt lat="31.2682165391743183135986328125" lon="121.517794243991374969482421875">
        <ele>7.19999980926513671875</ele>
        <time>2026-08-27T10:03:06.000Z</time>
        <extensions>
          <ns3:TrackPointExtension>
            <ns3:hr>101</ns3:hr>
            <ns3:cad>0</ns3:cad>
          </ns3:TrackPointExtension>
        </extensions>
      </trkpt>
      <trkpt lat="31.26821679063141345977783203125" lon="121.51779600419104099273681640625">
        <ele>7.19999980926513671875</ele>
        <time>2026-08-27T10:03:14.000Z</time>
        <extensions>
          <ns3:TrackPointExtension>
            <ns3:hr>98</ns3:hr>
            <ns3:cad>0</ns3:cad>
          </ns3:TrackPointExtension>
        </extensions>
      </trkpt>
      <trkpt lat="31.26821997575461864471435546875" lon="121.51779717765748500823974609375">
        <ele>7.19999980926513671875</ele>
        <time>2026-08-27T10:03:19.000Z</time>
        <extensions>
          <ns3:TrackPointExtension>
            <ns3:hr>94</ns3:hr>
            <ns3:cad>0</ns3:cad>
          </ns3:TrackPointExtension>
        </extensions>
      </trkpt>
      <trkpt lat="31.26823506318032741546630859375" lon="121.5178329683840274810791015625">
        <ele>7</ele>
        <time>2026-08-27T10:03:22.000Z</time>
        <extensions>
          <ns3:TrackPointExtension>
            <ns3:hr>93</ns3:hr>
            <ns3:cad>59</ns3:cad>
          </ns3:TrackPointExtension>
        </extensions>
      </trkpt>
      <trkpt lat="31.26830957829952239990234375" lon="121.51796028949320316314697265625">
        <ele>8</ele>
        <time>2026-08-27T10:03:28.000Z</time>
        <extensions>
          <ns3:TrackPointExtension>
            <ns3:hr>94</ns3:hr>
            <ns3:cad>86</ns3:cad>
          </ns3:TrackPointExtension>
        </extensions>
      </trkpt>
      <trkpt lat="31.268411166965961456298828125" lon="121.5181494690477848052978515625">
        <ele>10.3999996185302734375</ele>
        <time>2026-08-27T10:03:35.000Z</time>
        <extensions>
          <ns3:TrackPointExtension>
            <ns3:hr>93</ns3:hr>
            <ns3:cad>86</ns3:cad>
          </ns3:TrackPointExtension>
        </extensions>
      </trkpt>
      <trkpt lat="31.268509067595005035400390625" lon="121.51825466193258762359619140625">
        <ele>11</ele>
        <time>2026-08-27T10:03:40.000Z</time>
        <extensions>
          <ns3:TrackPointExtension>
            <ns3:hr>95</ns3:hr>
            <ns3:cad>85</ns3:cad>
          </ns3:TrackPointExtension>
        </extensions>
      </trkpt>
      <trkpt lat="31.2685261666774749755859375" lon="121.5182966552674770355224609375">
        <ele>11.19999980926513671875</ele>
        <time>2026-08-27T10:03:42.000Z</time>
        <extensions>
          <ns3:TrackPointExtension>
            <ns3:hr>98</ns3:hr>
            <ns3:cad>85</ns3:cad>
          </ns3:TrackPointExtension>
        </extensions>
      </trkpt>
      <trkpt lat="31.26855223439633846282958984375" lon="121.51833579875528812408447265625">
        <ele>11.3999996185302734375</ele>
        <time>2026-08-27T10:03:44.000Z</time>
        <extensions>
          <ns3:TrackPointExtension>
            <ns3:hr>101</ns3:hr>
            <ns3:cad>85</ns3:cad>
          </ns3:TrackPointExtension>
        </extensions>
      </trkpt>
      <trkpt lat="31.26856707036495208740234375" lon="121.51835306547582149505615234375">
        <ele>11.6000003814697265625</ele>
        <time>2026-08-27T10:03:45.000Z</time>
        <extensions>
          <ns3:TrackPointExtension>
            <ns3:hr>103</ns3:hr>
            <ns3:cad>85</ns3:cad>
          </ns3:TrackPointExtension>
        </extensions>
      </trkpt>
      <trkpt lat="31.2686054594814777374267578125" lon="121.51839396916329860687255859375">
        <ele>11.80000019073486328125</ele>
        <time>2026-08-27T10:03:47.000Z</time>
        <extensions>
          <ns3:TrackPointExtension>
            <ns3:hr>107</ns3:hr>
            <ns3:cad>85</ns3:cad>
          </ns3:TrackPointExtension>
        </extensions>
      </trkpt>
      <trkpt lat="31.26864192076027393341064453125" lon="121.5184297598898410797119140625">
        <ele>11.80000019073486328125</ele>
        <time>2026-08-27T10:03:49.000Z</time>
        <extensions>
          <ns3:TrackPointExtension>
            <ns3:hr>110</ns3:hr>
            <ns3:cad>85</ns3:cad>
          </ns3:TrackPointExtension>
        </extensions>
      </trkpt>
      <trkpt lat="31.2686859257519245147705078125" lon="121.51850511319935321807861328125">
        <ele>11.3999996185302734375</ele>
        <time>2026-08-27T10:03:52.000Z</time>
        <extensions>
          <ns3:TrackPointExtension>
            <ns3:hr>113</ns3:hr>
            <ns3:cad>85</ns3:cad>
          </ns3:TrackPointExtension>
        </extensions>
      </trkpt>
      <trkpt lat="31.26871149055659770965576171875" lon="121.51855523698031902313232421875">
        <ele>11.19999980926513671875</ele>
        <time>2026-08-27T10:03:54.000Z</time>
        <extensions>
          <ns3:TrackPointExtension>
            <ns3:hr>114</ns3:hr>
            <ns3:cad>85</ns3:cad>
          </ns3:TrackPointExtension>
        </extensions>
      </trkpt>
      <trkpt lat="31.2688129954040050506591796875" lon="121.5187305025756359100341796875">
        <ele>10.19999980926513671875</ele>
        <time>2026-08-27T10:04:01.000Z</time>
        <extensions>
          <ns3:TrackPointExtension>
            <ns3:hr>116</ns3:hr>
            <ns3:cad>84</ns3:cad>
          </ns3:TrackPointExtension>
        </extensions>
      </trkpt>
      <trkpt lat="31.268910728394985198974609375" lon="121.518922783434391021728515625">
        <ele>10</ele>
        <time>2026-08-27T10:04:09.000Z</time>
        <extensions>
          <ns3:TrackPointExtension>
            <ns3:hr>119</ns3:hr>
            <ns3:cad>84</ns3:cad>
          </ns3:TrackPointExtension>
        </extensions>
      </trkpt>
      <trkpt lat="31.2689424119889736175537109375" lon="121.51896737515926361083984375">
        <ele>9.80000019073486328125</ele>
        <time>2026-08-27T10:04:11.000Z</time>
        <extensions>
          <ns3:TrackPointExtension>
            <ns3:hr>119</ns3:hr>
            <ns3:cad>84</ns3:cad>
          </ns3:TrackPointExtension>
        </extensions>
      </trkpt>
      <trkpt lat="31.2689685635268688201904296875" lon="121.51903702877461910247802734375">
        <ele>10.19999980926513671875</ele>
        <time>2026-08-27T10:04:14.000Z</time>
        <extensions>
          <ns3:TrackPointExtension>
            <ns3:hr>122</ns3:hr>
            <ns3:cad>83</ns3:cad>
          </ns3:TrackPointExtension>
        </extensions>
      </trkpt>
      <trkpt lat="31.2690035998821258544921875" lon="121.51911715976893901824951171875">
        <ele>10.6000003814697265625</ele>
        <time>2026-08-27T10:04:17.000Z</time>
        <extensions>
          <ns3:TrackPointExtension>
            <ns3:hr>124</ns3:hr>
            <ns3:cad>84</ns3:cad>
          </ns3:TrackPointExtension>
        </extensions>
      </trkpt>
      <trkpt lat="31.2691060267388820648193359375" lon="121.5193162299692630767822265625">
        <ele>11.6000003814697265625</ele>
        <time>2026-08-27T10:04:25.000Z</time>
        <extensions>
          <ns3:TrackPointExtension>
            <ns3:hr>127</ns3:hr>
            <ns3:cad>84</ns3:cad>
          </ns3:TrackPointExtension>
        </extensions>
      </trkpt>
      <trkpt lat="31.269190348684787750244140625" lon="121.51949048973619937896728515625">
        <ele>12.3999996185302734375</ele>
        <time>2026-08-27T10:04:32.000Z</time>
        <extensions>
          <ns3:TrackPointExtension>
            <ns3:hr>128</ns3:hr>
            <ns3:cad>84</ns3:cad>
          </ns3:TrackPointExtension>
        </extensions>
      </trkpt>
      <trkpt lat="31.269252710044384002685546875" lon="121.51961244642734527587890625">
        <ele>11.80000019073486328125</ele>
        <time>2026-08-27T10:04:37.000Z</time>
        <extensions>
          <ns3:TrackPointExtension>
            <ns3:hr>128</ns3:hr>
            <ns3:cad>84</ns3:cad>
          </ns3:TrackPointExtension>
        </extensions>
      </trkpt>
      <trkpt lat="31.2693249620497226715087890625" lon="121.51973180472850799560546875">
        <ele>10.6000003814697265625</ele>
        <time>2026-08-27T10:04:42.000Z</time>
        <extensions>
          <ns3:TrackPointExtension>
            <ns3:hr>130</ns3:hr>
            <ns3:cad>84</ns3:cad>
          </ns3:TrackPointExtension>
        </extensions>
      </trkpt>
      <trkpt lat="31.26940794289112091064453125" lon="121.51993322186172008514404296875">
        <ele>10</ele>
        <time>2026-08-27T10:04:50.000Z</time>
        <extensions>
          <ns3:TrackPointExtension>
            <ns3:hr>131</ns3:hr>
            <ns3:cad>84</ns3:cad>
          </ns3:TrackPointExtension>
        </extensions>
      </trkpt>
      <trkpt lat="31.26951095648109912872314453125" lon="121.5201254189014434814453125">
        <ele>10</ele>
        <time>2026-08-27T10:04:58.000Z</time>
        <extensions>
          <ns3:TrackPointExtension>
            <ns3:hr>132</ns3:hr>
            <ns3:cad>85</ns3:cad>
          </ns3:TrackPointExtension>
        </extensions>
      </trkpt>
      <trkpt lat="31.2695278041064739227294921875" lon="121.52015416882932186126708984375">
        <ele>10.19999980926513671875</ele>
        <time>2026-08-27T10:04:59.000Z</time>
        <extensions>
          <ns3:TrackPointExtension>
            <ns3:hr>132</ns3:hr>
            <ns3:cad>84</ns3:cad>
          </ns3:TrackPointExtension>
        </extensions>
      </trkpt>
      <trkpt lat="31.26960818655788898468017578125" lon="121.5203254111111164093017578125">
        <ele>10.80000019073486328125</ele>
        <time>2026-08-27T10:05:06.000Z</time>
        <extensions>
          <ns3:TrackPointExtension>
            <ns3:hr>135</ns3:hr>
            <ns3:cad>83</ns3:cad>
          </ns3:TrackPointExtension>
        </extensions>
      </trkpt>
      <trkpt lat="31.2696260400116443634033203125" lon="121.5203539095818996429443359375">
        <ele>11</ele>
        <time>2026-08-27T10:05:07.000Z</time>
        <extensions>
          <ns3:TrackPointExtension>
            <ns3:hr>134</ns3:hr>
            <ns3:cad>83</ns3:cad>
          </ns3:TrackPointExtension>
        </extensions>
      </trkpt>
      <trkpt lat="31.269703321158885955810546875" lon="121.52046312578022480010986328125">
        <ele>11</ele>
        <time>2026-08-27T10:05:12.000Z</time>
        <extensions>
          <ns3:TrackPointExtension>
            <ns3:hr>136</ns3:hr>
            <ns3:cad>84</ns3:cad>
          </ns3:TrackPointExtension>
        </extensions>
      </trkpt>
      <trkpt lat="31.2697400338947772979736328125" lon="121.520507633686065673828125">
        <ele>11</ele>
        <time>2026-08-27T10:05:14.000Z</time>
        <extensions>
          <ns3:TrackPointExtension>
            <ns3:hr>136</ns3:hr>
            <ns3:cad>84</ns3:cad>
          </ns3:TrackPointExtension>
        </extensions>
      </trkpt>
      <trkpt lat="31.2698365934193134307861328125" lon="121.520690023899078369140625">
        <ele>10</ele>
        <time>2026-08-27T10:05:21.000Z</time>
        <extensions>
          <ns3:TrackPointExtension>
            <ns3:hr>136</ns3:hr>
            <ns3:cad>84</ns3:cad>
          </ns3:TrackPointExtension>
        </extensions>
      </trkpt>
      <trkpt lat="31.2698885612189769744873046875" lon="121.52079152874648571014404296875">
        <ele>8.80000019073486328125</ele>
        <time>2026-08-27T10:05:25.000Z</time>
        <extensions>
          <ns3:TrackPointExtension>
            <ns3:hr>137</ns3:hr>
            <ns3:cad>85</ns3:cad>
          </ns3:TrackPointExtension>
        </extensions>
      </trkpt>
      <trkpt lat="31.2700018845498561859130859375" lon="121.52098841965198516845703125">
        <ele>6.400000095367431640625</ele>
        <time>2026-08-27T10:05:33.000Z</time>
        <extensions>
          <ns3:TrackPointExtension>
            <ns3:hr>137</ns3:hr>
            <ns3:cad>84</ns3:cad>
          </ns3:TrackPointExtension>
        </extensions>
      </trkpt>
      <trkpt lat="31.2700293771922588348388671875" lon="121.5210328437387943267822265625">
        <ele>5.80000019073486328125</ele>
        <time>2026-08-27T10:05:35.000Z</time>
        <extensions>
          <ns3:TrackPointExtension>
            <ns3:hr>137</ns3:hr>
            <ns3:cad>84</ns3:cad>
          </ns3:TrackPointExtension>
        </extensions>
      </trkpt>
      <trkpt lat="31.27014420926570892333984375" lon="121.5212145633995532989501953125">
        <ele>3</ele>
        <time>2026-08-27T10:05:43.000Z</time>
        <extensions>
          <ns3:TrackPointExtension>
            <ns3:hr>137</ns3:hr>
            <ns3:cad>85</ns3:cad>
          </ns3:TrackPointExtension>
        </extensions>
      </trkpt>
      <trkpt lat="31.2701960094273090362548828125" lon="121.5213699638843536376953125">
        <ele>2.599999904632568359375</ele>
        <time>2026-08-27T10:05:48.000Z</time>
        <extensions>
          <ns3:TrackPointExtension>
            <ns3:hr>137</ns3:hr>
            <ns3:cad>84</ns3:cad>
          </ns3:TrackPointExtension>
        </extensions>
      </trkpt>
      <trkpt lat="31.27017983235418796539306640625" lon="121.521427296102046966552734375">
        <ele>2.599999904632568359375</ele>
        <time>2026-08-27T10:05:50.000Z</time>
        <extensions>
          <ns3:TrackPointExtension>
            <ns3:hr>137</ns3:hr>
            <ns3:cad>84</ns3:cad>
          </ns3:TrackPointExtension>
        </extensions>
      </trkpt>
      <trkpt lat="31.270121075212955474853515625" lon="121.521501727402210235595703125">
        <ele>2.7999999523162841796875</ele>
        <time>2026-08-27T10:05:53.000Z</time>
        <extensions>
          <ns3:TrackPointExtension>
            <ns3:hr>137</ns3:hr>
            <ns3:cad>84</ns3:cad>
          </ns3:TrackPointExtension>
        </extensions>
      </trkpt>
      <trkpt lat="31.27002610825002193450927734375" lon="121.52157716453075408935546875">
        <ele>3.7999999523162841796875</ele>
        <time>2026-08-27T10:05:57.000Z</time>
        <extensions>
          <ns3:TrackPointExtension>
            <ns3:hr>138</ns3:hr>
            <ns3:cad>84</ns3:cad>
          </ns3:TrackPointExtension>
        </extensions>
      </trkpt>
      <trkpt lat="31.2699797563254833221435546875" lon="121.52161815203726291656494140625">
        <ele>5</ele>
        <time>2026-08-27T10:05:59.000Z</time>
        <extensions>
          <ns3:TrackPointExtension>
            <ns3:hr>138</ns3:hr>
            <ns3:cad>83</ns3:cad>
          </ns3:TrackPointExtension>
        </extensions>
      </trkpt>
      <trkpt lat="31.26987406052649021148681640625" lon="121.52168788947165012359619140625">
        <ele>6.80000019073486328125</ele>
        <time>2026-08-27T10:06:04.000Z</time>
        <extensions>
          <ns3:TrackPointExtension>
            <ns3:hr>139</ns3:hr>
            <ns3:cad>83</ns3:cad>
          </ns3:TrackPointExtension>
        </extensions>
      </trkpt>
      <trkpt lat="31.269825361669063568115234375" lon="121.52169828303158283233642578125">
        <ele>7</ele>
        <time>2026-08-27T10:06:06.000Z</time>
        <extensions>
          <ns3:TrackPointExtension>
            <ns3:hr>139</ns3:hr>
            <ns3:cad>83</ns3:cad>
          </ns3:TrackPointExtension>
        </extensions>
      </trkpt>
      <trkpt lat="31.26978202722966670989990234375" lon="121.5217295475304126739501953125">
        <ele>7</ele>
        <time>2026-08-27T10:06:08.000Z</time>
        <extensions>
          <ns3:TrackPointExtension>
            <ns3:hr>139</ns3:hr>
            <ns3:cad>82</ns3:cad>
          </ns3:TrackPointExtension>
        </extensions>
      </trkpt>
      <trkpt lat="31.269732825458049774169921875" lon="121.52177254669368267059326171875">
        <ele>7</ele>
        <time>2026-08-27T10:06:10.000Z</time>
        <extensions>
          <ns3:TrackPointExtension>
            <ns3:hr>139</ns3:hr>
            <ns3:cad>83</ns3:cad>
          </ns3:TrackPointExtension>
        </extensions>
      </trkpt>
      <trkpt lat="31.2695722281932830810546875" lon="121.52187061496078968048095703125">
        <ele>9.80000019073486328125</ele>
        <time>2026-08-27T10:06:16.000Z</time>
        <extensions>
          <ns3:TrackPointExtension>
            <ns3:hr>140</ns3:hr>
            <ns3:cad>84</ns3:cad>
          </ns3:TrackPointExtension>
        </extensions>
      </trkpt>
      <trkpt lat="31.26953534781932830810546875" lon="121.52191721834242343902587890625">
        <ele>9.80000019073486328125</ele>
        <time>2026-08-27T10:06:18.000Z</time>
        <extensions>
          <ns3:TrackPointExtension>
            <ns3:hr>140</ns3:hr>
            <ns3:cad>84</ns3:cad>
          </ns3:TrackPointExtension>
        </extensions>
      </trkpt>
      <trkpt lat="31.269384138286113739013671875" lon="121.52204663492739200592041015625">
        <ele>9.6000003814697265625</ele>
        <time>2026-08-27T10:06:25.000Z</time>
        <extensions>
          <ns3:TrackPointExtension>
            <ns3:hr>142</ns3:hr>
            <ns3:cad>83</ns3:cad>
          </ns3:TrackPointExtension>
        </extensions>
      </trkpt>
      <trkpt lat="31.26936695538461208343505859375" lon="121.52206021361052989959716796875">
        <ele>9.3999996185302734375</ele>
        <time>2026-08-27T10:06:26.000Z</time>
        <extensions>
          <ns3:TrackPointExtension>
            <ns3:hr>142</ns3:hr>
            <ns3:cad>83</ns3:cad>
          </ns3:TrackPointExtension>
        </extensions>
      </trkpt>
      <trkpt lat="31.26921440474689006805419921875" lon="121.52216012589633464813232421875">
        <ele>10.80000019073486328125</ele>
        <time>2026-08-27T10:06:32.000Z</time>
        <extensions>
          <ns3:TrackPointExtension>
            <ns3:hr>143</ns3:hr>
            <ns3:cad>84</ns3:cad>
          </ns3:TrackPointExtension>
        </extensions>
      </trkpt>
      <trkpt lat="31.26905732788145542144775390625" lon="121.5222767181694507598876953125">
        <ele>18</ele>
        <time>2026-08-27T10:06:39.000Z</time>
        <extensions>
          <ns3:TrackPointExtension>
            <ns3:hr>143</ns3:hr>
            <ns3:cad>84</ns3:cad>
          </ns3:TrackPointExtension>
        </extensions>
      </trkpt>
      <trkpt lat="31.2690094672143459320068359375" lon="121.5223119221627712249755859375">
        <ele>20</ele>
        <time>2026-08-27T10:06:41.000Z</time>
        <extensions>
          <ns3:TrackPointExtension>
            <ns3:hr>142</ns3:hr>
            <ns3:cad>84</ns3:cad>
          </ns3:TrackPointExtension>
        </extensions>
      </trkpt>
      <trkpt lat="31.26889505423605442047119140625" lon="121.5224664844572544097900390625">
        <ele>26.200000762939453125</ele>
        <time>2026-08-27T10:06:49.000Z</time>
        <extensions>
          <ns3:TrackPointExtension>
            <ns3:hr>142</ns3:hr>
            <ns3:cad>83</ns3:cad>
          </ns3:TrackPointExtension>
        </extensions>
      </trkpt>
      <trkpt lat="31.2687985785305500030517578125" lon="121.52255726046860218048095703125">
        <ele>27</ele>
        <time>2026-08-27T10:06:55.000Z</time>
        <extensions>
          <ns3:TrackPointExtension>
            <ns3:hr>142</ns3:hr>
            <ns3:cad>83</ns3:cad>
          </ns3:TrackPointExtension>
        </extensions>
      </trkpt>
      <trkpt lat="31.26866404898464679718017578125" lon="121.5226606093347072601318359375">
        <ele>24</ele>
        <time>2026-08-27T10:07:03.000Z</time>
        <extensions>
          <ns3:TrackPointExtension>
            <ns3:hr>142</ns3:hr>
            <ns3:cad>84</ns3:cad>
          </ns3:TrackPointExtension>
        </extensions>
      </trkpt>
      <trkpt lat="31.2685055471956729888916015625" lon="121.522776782512664794921875">
        <ele>17.799999237060546875</ele>
        <time>2026-08-27T10:07:10.000Z</time>
        <extensions>
          <ns3:TrackPointExtension>
            <ns3:hr>142</ns3:hr>
            <ns3:cad>84</ns3:cad>
          </ns3:TrackPointExtension>
        </extensions>
      </trkpt>
      <trkpt lat="31.26840236596763134002685546875" lon="121.5228693187236785888671875">
        <ele>13.80000019073486328125</ele>
        <time>2026-08-27T10:07:18.000Z</time>
        <extensions>
          <ns3:TrackPointExtension>
            <ns3:hr>143</ns3:hr>
            <ns3:cad>78</ns3:cad>
          </ns3:TrackPointExtension>
        </extensions>
      </trkpt>
      <trkpt lat="31.26835559494793415069580078125" lon="121.52290762402117252349853515625">
        <ele>11.80000019073486328125</ele>
        <time>2026-08-27T10:07:25.000Z</time>
        <extensions>
          <ns3:TrackPointExtension>
            <ns3:hr>142</ns3:hr>
            <ns3:cad>53</ns3:cad>
          </ns3:TrackPointExtension>
        </extensions>
      </trkpt>
      <trkpt lat="31.268357522785663604736328125" lon="121.5229197777807712554931640625">
        <ele>11.80000019073486328125</ele>
        <time>2026-08-27T10:07:26.000Z</time>
        <extensions>
          <ns3:TrackPointExtension>
            <ns3:hr>142</ns3:hr>
            <ns3:cad>52</ns3:cad>
          </ns3:TrackPointExtension>
        </extensions>
      </trkpt>
      <trkpt lat="31.2683768011629581451416015625" lon="121.5229610167443752288818359375">
        <ele>11.80000019073486328125</ele>
        <time>2026-08-27T10:07:30.000Z</time>
        <extensions>
          <ns3:TrackPointExtension>
            <ns3:hr>140</ns3:hr>
            <ns3:cad>53</ns3:cad>
          </ns3:TrackPointExtension>
        </extensions>
      </trkpt>
      <trkpt lat="31.268385685980319976806640625" lon="121.522986330091953277587890625">
        <ele>11.80000019073486328125</ele>
        <time>2026-08-27T10:07:33.000Z</time>
        <extensions>
          <ns3:TrackPointExtension>
            <ns3:hr>139</ns3:hr>
            <ns3:cad>51</ns3:cad>
          </ns3:TrackPointExtension>
        </extensions>
      </trkpt>
      <trkpt lat="31.26841820776462554931640625" lon="121.523062773048877716064453125">
        <ele>11.80000019073486328125</ele>
        <time>2026-08-27T10:07:40.000Z</time>
        <extensions>
          <ns3:TrackPointExtension>
            <ns3:hr>136</ns3:hr>
            <ns3:cad>0</ns3:cad>
          </ns3:TrackPointExtension>
        </extensions>
      </trkpt>
      <trkpt lat="31.2684213928878307342529296875" lon="121.523074172437191009521484375">
        <ele>11.80000019073486328125</ele>
        <time>2026-08-27T10:07:41.000Z</time>
        <extensions>
          <ns3:TrackPointExtension>
            <ns3:hr>135</ns3:hr>
            <ns3:cad>0</ns3:cad>
          </ns3:TrackPointExtension>
        </extensions>
      </trkpt>
      <trkpt lat="31.26844947226345539093017578125" lon="121.52313242666423320770263671875">
        <ele>11.80000019073486328125</ele>
        <time>2026-08-27T10:07:46.000Z</time>
        <extensions>
          <ns3:TrackPointExtension>
            <ns3:hr>132</ns3:hr>
            <ns3:cad>53</ns3:cad>
          </ns3:TrackPointExtension>
        </extensions>
      </trkpt>
      <trkpt lat="31.26847445033490657806396484375" lon="121.52316813357174396514892578125">
        <ele>12.6000003814697265625</ele>
        <time>2026-08-27T10:07:49.000Z</time>
        <extensions>
          <ns3:TrackPointExtension>
            <ns3:hr>128</ns3:hr>
            <ns3:cad>53</ns3:cad>
          </ns3:TrackPointExtension>
        </extensions>
      </trkpt>
      <trkpt lat="31.26848266460001468658447265625" lon="121.52317198924720287322998046875">
        <ele>13</ele>
        <time>2026-08-27T10:07:50.000Z</time>
        <extensions>
          <ns3:TrackPointExtension>
            <ns3:hr>126</ns3:hr>
            <ns3:cad>53</ns3:cad>
          </ns3:TrackPointExtension>
        </extensions>
      </trkpt>
      <trkpt lat="31.26849020831286907196044921875" lon="121.523185484111309051513671875">
        <ele>13.80000019073486328125</ele>
        <time>2026-08-27T10:07:52.000Z</time>
        <extensions>
          <ns3:TrackPointExtension>
            <ns3:hr>123</ns3:hr>
            <ns3:cad>53</ns3:cad>
          </ns3:TrackPointExtension>
        </extensions>
      </trkpt>
      <trkpt lat="31.26850563101470470428466796875" lon="121.5231997333467006683349609375">
        <ele>14.80000019073486328125</ele>
        <time>2026-08-27T10:07:54.000Z</time>
        <extensions>
          <ns3:TrackPointExtension>
            <ns3:hr>121</ns3:hr>
            <ns3:cad>71</ns3:cad>
          </ns3:TrackPointExtension>
        </extensions>
      </trkpt>
      <trkpt lat="31.26854904927313327789306640625" lon="121.52327106334269046783447265625">
        <ele>19.200000762939453125</ele>
        <time>2026-08-27T10:07:58.000Z</time>
        <extensions>
          <ns3:TrackPointExtension>
            <ns3:hr>120</ns3:hr>
            <ns3:cad>82</ns3:cad>
          </ns3:TrackPointExtension>
        </extensions>
      </trkpt>
      <trkpt lat="31.26864996738731861114501953125" lon="121.5234793536365032196044921875">
        <ele>28</ele>
        <time>2026-08-27T10:08:07.000Z</time>
        <extensions>
          <ns3:TrackPointExtension>
            <ns3:hr>117</ns3:hr>
            <ns3:cad>84</ns3:cad>
          </ns3:TrackPointExtension>
        </extensions>
      </trkpt>
      <trkpt lat="31.2686587683856487274169921875" lon="121.52349703945219516754150390625">
        <ele>27.799999237060546875</ele>
        <time>2026-08-27T10:08:08.000Z</time>
        <extensions>
          <ns3:TrackPointExtension>
            <ns3:hr>116</ns3:hr>
            <ns3:cad>84</ns3:cad>
          </ns3:TrackPointExtension>
        </extensions>
      </trkpt>
      <trkpt lat="31.26875708810985088348388671875" lon="121.52370474301278591156005859375">
        <ele>23.200000762939453125</ele>
        <time>2026-08-27T10:08:16.000Z</time>
        <extensions>
          <ns3:TrackPointExtension>
            <ns3:hr>117</ns3:hr>
            <ns3:cad>84</ns3:cad>
          </ns3:TrackPointExtension>
        </extensions>
      </trkpt>
      <trkpt lat="31.26878508366644382476806640625" lon="121.52374707162380218505859375">
        <ele>22.799999237060546875</ele>
        <time>2026-08-27T10:08:18.000Z</time>
        <extensions>
          <ns3:TrackPointExtension>
            <ns3:hr>119</ns3:hr>
            <ns3:cad>84</ns3:cad>
          </ns3:TrackPointExtension>
        </extensions>
      </trkpt>
      <trkpt lat="31.268846355378627777099609375" lon="121.523899622261524200439453125">
        <ele>21.6000003814697265625</ele>
        <time>2026-08-27T10:08:25.000Z</time>
        <extensions>
          <ns3:TrackPointExtension>
            <ns3:hr>118</ns3:hr>
            <ns3:cad>82</ns3:cad>
          </ns3:TrackPointExtension>
        </extensions>
      </trkpt>
      <trkpt lat="31.2688451819121837615966796875" lon="121.52391445823013782501220703125">
        <ele>21.6000003814697265625</ele>
        <time>2026-08-27T10:08:26.000Z</time>
        <extensions>
          <ns3:TrackPointExtension>
            <ns3:hr>118</ns3:hr>
            <ns3:cad>78</ns3:cad>
          </ns3:TrackPointExtension>
        </extensions>
      </trkpt>
      <trkpt lat="31.2688569165766239166259765625" lon="121.52394999749958515167236328125">
        <ele>21.200000762939453125</ele>
        <time>2026-08-27T10:08:32.000Z</time>
        <extensions>
          <ns3:TrackPointExtension>
            <ns3:hr>118</ns3:hr>
            <ns3:cad>0</ns3:cad>
          </ns3:TrackPointExtension>
        </extensions>
      </trkpt>
      <trkpt lat="31.2688994966447353363037109375" lon="121.52401219122111797332763671875">
        <ele>21</ele>
        <time>2026-08-27T10:08:39.000Z</time>
        <extensions>
          <ns3:TrackPointExtension>
            <ns3:hr>120</ns3:hr>
            <ns3:cad>55</ns3:cad>
          </ns3:TrackPointExtension>
        </extensions>
      </trkpt>
      <trkpt lat="31.26890628598630428314208984375" lon="121.5240741334855556488037109375">
        <ele>20.799999237060546875</ele>
        <time>2026-08-27T10:08:44.000Z</time>
        <extensions>
          <ns3:TrackPointExtension>
            <ns3:hr>124</ns3:hr>
            <ns3:cad>57</ns3:cad>
          </ns3:TrackPointExtension>
        </extensions>
      </trkpt>
      <trkpt lat="31.26890829764306545257568359375" lon="121.52408394031226634979248046875">
        <ele>20.6000003814697265625</ele>
        <time>2026-08-27T10:08:45.000Z</time>
        <extensions>
          <ns3:TrackPointExtension>
            <ns3:hr>123</ns3:hr>
            <ns3:cad>55</ns3:cad>
          </ns3:TrackPointExtension>
        </extensions>
      </trkpt>
      <trkpt lat="31.26891450025141239166259765625" lon="121.524117551743984222412109375">
        <ele>20.6000003814697265625</ele>
        <time>2026-08-27T10:08:48.000Z</time>
        <extensions>
          <ns3:TrackPointExtension>
            <ns3:hr>120</ns3:hr>
            <ns3:cad>55</ns3:cad>
          </ns3:TrackPointExtension>
        </extensions>
      </trkpt>
      <trkpt lat="31.26893444918096065521240234375" lon="121.52417580597102642059326171875">
        <ele>20.200000762939453125</ele>
        <time>2026-08-27T10:08:54.000Z</time>
        <extensions>
          <ns3:TrackPointExtension>
            <ns3:hr>117</ns3:hr>
            <ns3:cad>55</ns3:cad>
          </ns3:TrackPointExtension>
        </extensions>
      </trkpt>
      <trkpt lat="31.26895104534924030303955078125" lon="121.5242243371903896331787109375">
        <ele>19.799999237060546875</ele>
        <time>2026-08-27T10:08:58.000Z</time>
        <extensions>
          <ns3:TrackPointExtension>
            <ns3:hr>116</ns3:hr>
            <ns3:cad>53</ns3:cad>
          </ns3:TrackPointExtension>
        </extensions>
      </trkpt>
      <trkpt lat="31.268983818590641021728515625" lon="121.52426205575466156005859375">
        <ele>19.3999996185302734375</ele>
        <time>2026-08-27T10:09:02.000Z</time>
        <extensions>
          <ns3:TrackPointExtension>
            <ns3:hr>115</ns3:hr>
            <ns3:cad>55</ns3:cad>
          </ns3:TrackPointExtension>
        </extensions>
      </trkpt>
      <trkpt lat="31.2690074555575847625732421875" lon="121.52430354617536067962646484375">
        <ele>19.200000762939453125</ele>
        <time>2026-08-27T10:09:06.000Z</time>
        <extensions>
          <ns3:TrackPointExtension>
            <ns3:hr>112</ns3:hr>
            <ns3:cad>55</ns3:cad>
          </ns3:TrackPointExtension>
        </extensions>
      </trkpt>
      <trkpt lat="31.2690128199756145477294921875" lon="121.52432349510490894317626953125">
        <ele>19</ele>
        <time>2026-08-27T10:09:08.000Z</time>
        <extensions>
          <ns3:TrackPointExtension>
            <ns3:hr>111</ns3:hr>
            <ns3:cad>55</ns3:cad>
          </ns3:TrackPointExtension>
        </extensions>
      </trkpt>
      <trkpt lat="31.2690238840878009796142578125" lon="121.524356268346309661865234375">
        <ele>18.799999237060546875</ele>
        <time>2026-08-27T10:09:10.000Z</time>
        <extensions>
          <ns3:TrackPointExtension>
            <ns3:hr>109</ns3:hr>
            <ns3:cad>55</ns3:cad>
          </ns3:TrackPointExtension>
        </extensions>
      </trkpt>
      <trkpt lat="31.269031427800655364990234375" lon="121.52437579818069934844970703125">
        <ele>18.799999237060546875</ele>
        <time>2026-08-27T10:09:12.000Z</time>
        <extensions>
          <ns3:TrackPointExtension>
            <ns3:hr>107</ns3:hr>
            <ns3:cad>55</ns3:cad>
          </ns3:TrackPointExtension>
        </extensions>
      </trkpt>
      <trkpt lat="31.2690491974353790283203125" lon="121.52440781705081462860107421875">
        <ele>18.6000003814697265625</ele>
        <time>2026-08-27T10:09:15.000Z</time>
        <extensions>
          <ns3:TrackPointExtension>
            <ns3:hr>102</ns3:hr>
            <ns3:cad>56</ns3:cad>
          </ns3:TrackPointExtension>
        </extensions>
      </trkpt>
      <trkpt lat="31.2690545618534088134765625" lon="121.52442173101007938385009765625">
        <ele>18.3999996185302734375</ele>
        <time>2026-08-27T10:09:16.000Z</time>
        <extensions>
          <ns3:TrackPointExtension>
            <ns3:hr>102</ns3:hr>
            <ns3:cad>53</ns3:cad>
          </ns3:TrackPointExtension>
        </extensions>
      </trkpt>
      <trkpt lat="31.269064284861087799072265625" lon="121.52445391751825809478759765625">
        <ele>18.3999996185302734375</ele>
        <time>2026-08-27T10:09:18.000Z</time>
        <extensions>
          <ns3:TrackPointExtension>
            <ns3:hr>100</ns3:hr>
            <ns3:cad>0</ns3:cad>
          </ns3:TrackPointExtension>
        </extensions>
      </trkpt>
      <trkpt lat="31.26913762651383876800537109375" lon="121.52454159222543239593505859375">
        <ele>17.6000003814697265625</ele>
        <time>2026-08-27T10:09:23.000Z</time>
        <extensions>
          <ns3:TrackPointExtension>
            <ns3:hr>101</ns3:hr>
            <ns3:cad>82</ns3:cad>
          </ns3:TrackPointExtension>
        </extensions>
      </trkpt>
      <trkpt lat="31.26914852298796176910400390625" lon="121.52456648647785186767578125">
        <ele>17.3999996185302734375</ele>
        <time>2026-08-27T10:09:24.000Z</time>
        <extensions>
          <ns3:TrackPointExtension>
            <ns3:hr>101</ns3:hr>
            <ns3:cad>82</ns3:cad>
          </ns3:TrackPointExtension>
        </extensions>
      </trkpt>
      <trkpt lat="31.26918791793286800384521484375" lon="121.5246652252972126007080078125">
        <ele>17</ele>
        <time>2026-08-27T10:09:28.000Z</time>
        <extensions>
          <ns3:TrackPointExtension>
            <ns3:hr>102</ns3:hr>
            <ns3:cad>83</ns3:cad>
          </ns3:TrackPointExtension>
        </extensions>
      </trkpt>
      <trkpt lat="31.26921289600431919097900390625" lon="121.52474963106215000152587890625">
        <ele>17.200000762939453125</ele>
        <time>2026-08-27T10:09:31.000Z</time>
        <extensions>
          <ns3:TrackPointExtension>
            <ns3:hr>105</ns3:hr>
            <ns3:cad>84</ns3:cad>
          </ns3:TrackPointExtension>
        </extensions>
      </trkpt>
      <trkpt lat="31.2692632712423801422119140625" lon="121.52485239319503307342529296875">
        <ele>18</ele>
        <time>2026-08-27T10:09:35.000Z</time>
        <extensions>
          <ns3:TrackPointExtension>
            <ns3:hr>107</ns3:hr>
            <ns3:cad>84</ns3:cad>
          </ns3:TrackPointExtension>
        </extensions>
      </trkpt>
      <trkpt lat="31.26932621933519840240478515625" lon="121.52497418224811553955078125">
        <ele>20</ele>
        <time>2026-08-27T10:09:40.000Z</time>
        <extensions>
          <ns3:TrackPointExtension>
            <ns3:hr>110</ns3:hr>
            <ns3:cad>83</ns3:cad>
          </ns3:TrackPointExtension>
        </extensions>
      </trkpt>
      <trkpt lat="31.269382126629352569580078125" lon="121.52506814338266849517822265625">
        <ele>21.6000003814697265625</ele>
        <time>2026-08-27T10:09:44.000Z</time>
        <extensions>
          <ns3:TrackPointExtension>
            <ns3:hr>113</ns3:hr>
            <ns3:cad>83</ns3:cad>
          </ns3:TrackPointExtension>
        </extensions>
      </trkpt>
      <trkpt lat="31.269413642585277557373046875" lon="121.52514006011188030242919921875">
        <ele>22.3999996185302734375</ele>
        <time>2026-08-27T10:09:47.000Z</time>
        <extensions>
          <ns3:TrackPointExtension>
            <ns3:hr>114</ns3:hr>
            <ns3:cad>84</ns3:cad>
          </ns3:TrackPointExtension>
        </extensions>
      </trkpt>
      <trkpt lat="31.269494108855724334716796875" lon="121.5252457559108734130859375">
        <ele>22.3999996185302734375</ele>
        <time>2026-08-27T10:09:52.000Z</time>
        <extensions>
          <ns3:TrackPointExtension>
            <ns3:hr>116</ns3:hr>
            <ns3:cad>84</ns3:cad>
          </ns3:TrackPointExtension>
        </extensions>
      </trkpt>
      <trkpt lat="31.2695358507335186004638671875" lon="121.525337956845760345458984375">
        <ele>21.6000003814697265625</ele>
        <time>2026-08-27T10:09:56.000Z</time>
        <extensions>
          <ns3:TrackPointExtension>
            <ns3:hr>119</ns3:hr>
            <ns3:cad>82</ns3:cad>
          </ns3:TrackPointExtension>
        </extensions>
      </trkpt>
      <trkpt lat="31.2695462442934513092041015625" lon="121.52537156827747821807861328125">
        <ele>21.200000762939453125</ele>
        <time>2026-08-27T10:09:58.000Z</time>
        <extensions>
          <ns3:TrackPointExtension>
            <ns3:hr>119</ns3:hr>
            <ns3:cad>81</ns3:cad>
          </ns3:TrackPointExtension>
        </extensions>
      </trkpt>
      <trkpt lat="31.269553788006305694580078125" lon="121.52538548223674297332763671875">
        <ele>21.200000762939453125</ele>
        <time>2026-08-27T10:10:00.000Z</time>
        <extensions>
          <ns3:TrackPointExtension>
            <ns3:hr>122</ns3:hr>
            <ns3:cad>81</ns3:cad>
          </ns3:TrackPointExtension>
        </extensions>
      </trkpt>
      <trkpt lat="31.26957667060196399688720703125" lon="121.52541934512555599212646484375">
        <ele>20.200000762939453125</ele>
        <time>2026-08-27T10:10:04.000Z</time>
        <extensions>
          <ns3:TrackPointExtension>
            <ns3:hr>123</ns3:hr>
            <ns3:cad>51</ns3:cad>
          </ns3:TrackPointExtension>
        </extensions>
      </trkpt>
      <trkpt lat="31.2696097791194915771484375" lon="121.525484137237071990966796875">
        <ele>18.6000003814697265625</ele>
        <time>2026-08-27T10:10:11.000Z</time>
        <extensions>
          <ns3:TrackPointExtension>
            <ns3:hr>124</ns3:hr>
            <ns3:cad>54</ns3:cad>
          </ns3:TrackPointExtension>
        </extensions>
      </trkpt>
      <trkpt lat="31.2696464918553829193115234375" lon="121.5255624242126941680908203125">
        <ele>16.6000003814697265625</ele>
        <time>2026-08-27T10:10:19.000Z</time>
        <extensions>
          <ns3:TrackPointExtension>
            <ns3:hr>124</ns3:hr>
            <ns3:cad>53</ns3:cad>
          </ns3:TrackPointExtension>
        </extensions>
      </trkpt>
      <trkpt lat="31.26967289485037326812744140625" lon="121.5255855582654476165771484375">
        <ele>15.80000019073486328125</ele>
        <time>2026-08-27T10:10:22.000Z</time>
        <extensions>
          <ns3:TrackPointExtension>
            <ns3:hr>121</ns3:hr>
            <ns3:cad>53</ns3:cad>
          </ns3:TrackPointExtension>
        </extensions>
      </trkpt>
      <trkpt lat="31.269710361957550048828125" lon="121.52561296708881855010986328125">
        <ele>14.6000003814697265625</ele>
        <time>2026-08-27T10:10:25.000Z</time>
        <extensions>
          <ns3:TrackPointExtension>
            <ns3:hr>118</ns3:hr>
            <ns3:cad>54</ns3:cad>
          </ns3:TrackPointExtension>
        </extensions>
      </trkpt>
      <trkpt lat="31.2697122059762477874755859375" lon="121.525620929896831512451171875">
        <ele>14.3999996185302734375</ele>
        <time>2026-08-27T10:10:26.000Z</time>
        <extensions>
          <ns3:TrackPointExtension>
            <ns3:hr>117</ns3:hr>
            <ns3:cad>54</ns3:cad>
          </ns3:TrackPointExtension>
        </extensions>
      </trkpt>
      <trkpt lat="31.2697251141071319580078125" lon="121.52567046694457530975341796875">
        <ele>13.3999996185302734375</ele>
        <time>2026-08-27T10:10:29.000Z</time>
        <extensions>
          <ns3:TrackPointExtension>
            <ns3:hr>114</ns3:hr>
            <ns3:cad>53</ns3:cad>
          </ns3:TrackPointExtension>
        </extensions>
      </trkpt>
      <trkpt lat="31.26973710022866725921630859375" lon="121.52573953382670879364013671875">
        <ele>12.6000003814697265625</ele>
        <time>2026-08-27T10:10:32.000Z</time>
        <extensions>
          <ns3:TrackPointExtension>
            <ns3:hr>111</ns3:hr>
            <ns3:cad>53</ns3:cad>
          </ns3:TrackPointExtension>
        </extensions>
      </trkpt>
      <trkpt lat="31.26976928673684597015380859375" lon="121.52574506588280200958251953125">
        <ele>12.3999996185302734375</ele>
        <time>2026-08-27T10:10:34.000Z</time>
        <extensions>
          <ns3:TrackPointExtension>
            <ns3:hr>110</ns3:hr>
            <ns3:cad>54</ns3:cad>
          </ns3:TrackPointExtension>
        </extensions>
      </trkpt>
      <trkpt lat="31.26979962922632694244384765625" lon="121.52575780637562274932861328125">
        <ele>12.3999996185302734375</ele>
        <time>2026-08-27T10:10:37.000Z</time>
        <extensions>
          <ns3:TrackPointExtension>
            <ns3:hr>107</ns3:hr>
            <ns3:cad>55</ns3:cad>
          </ns3:TrackPointExtension>
        </extensions>
      </trkpt>
      <trkpt lat="31.26981563866138458251953125" lon="121.52580105699598789215087890625">
        <ele>12</ele>
        <time>2026-08-27T10:10:40.000Z</time>
        <extensions>
          <ns3:TrackPointExtension>
            <ns3:hr>104</ns3:hr>
            <ns3:cad>55</ns3:cad>
          </ns3:TrackPointExtension>
        </extensions>
      </trkpt>
      <trkpt lat="31.2698154710233211517333984375" lon="121.52582922019064426422119140625">
        <ele>11.80000019073486328125</ele>
        <time>2026-08-27T10:10:42.000Z</time>
        <extensions>
          <ns3:TrackPointExtension>
            <ns3:hr>102</ns3:hr>
            <ns3:cad>55</ns3:cad>
          </ns3:TrackPointExtension>
        </extensions>
      </trkpt>
      <trkpt lat="31.26984287984669208526611328125" lon="121.52586207725107669830322265625">
        <ele>11.6000003814697265625</ele>
        <time>2026-08-27T10:10:47.000Z</time>
        <extensions>
          <ns3:TrackPointExtension>
            <ns3:hr>99</ns3:hr>
            <ns3:cad>0</ns3:cad>
          </ns3:TrackPointExtension>
        </extensions>
      </trkpt>
      <trkpt lat="31.26986601389944553375244140625" lon="121.52588688768446445465087890625">
        <ele>11.3999996185302734375</ele>
        <time>2026-08-27T10:10:49.000Z</time>
        <extensions>
          <ns3:TrackPointExtension>
            <ns3:hr>97</ns3:hr>
            <ns3:cad>0</ns3:cad>
          </ns3:TrackPointExtension>
        </extensions>
      </trkpt>
      <trkpt lat="31.269935332238674163818359375" lon="121.5258604846894741058349609375">
        <ele>11.6000003814697265625</ele>
        <time>2026-08-27T10:10:54.000Z</time>
        <extensions>
          <ns3:TrackPointExtension>
            <ns3:hr>99</ns3:hr>
            <ns3:cad>84</ns3:cad>
          </ns3:TrackPointExtension>
        </extensions>
      </trkpt>
      <trkpt lat="31.26998369581997394561767578125" lon="121.5258376859128475189208984375">
        <ele>11.19999980926513671875</ele>
        <time>2026-08-27T10:10:56.000Z</time>
        <extensions>
          <ns3:TrackPointExtension>
            <ns3:hr>102</ns3:hr>
            <ns3:cad>84</ns3:cad>
          </ns3:TrackPointExtension>
        </extensions>
      </trkpt>
      <trkpt lat="31.2700384296476840972900390625" lon="121.52582871727645397186279296875">
        <ele>11</ele>
        <time>2026-08-27T10:10:58.000Z</time>
        <extensions>
          <ns3:TrackPointExtension>
            <ns3:hr>105</ns3:hr>
            <ns3:cad>84</ns3:cad>
          </ns3:TrackPointExtension>
        </extensions>
      </trkpt>
      <trkpt lat="31.2700451351702213287353515625" lon="121.5258222632110118865966796875">
        <ele>11</ele>
        <time>2026-08-27T10:10:59.000Z</time>
        <extensions>
          <ns3:TrackPointExtension>
            <ns3:hr>106</ns3:hr>
            <ns3:cad>83</ns3:cad>
          </ns3:TrackPointExtension>
        </extensions>
      </trkpt>
      <trkpt lat="31.27019475214183330535888671875" lon="121.5256874822080135345458984375">
        <ele>9.3999996185302734375</ele>
        <time>2026-08-27T10:11:07.000Z</time>
        <extensions>
          <ns3:TrackPointExtension>
            <ns3:hr>109</ns3:hr>
            <ns3:cad>85</ns3:cad>
          </ns3:TrackPointExtension>
        </extensions>
      </trkpt>
      <trkpt lat="31.27025325782597064971923828125" lon="121.52566560544073581695556640625">
        <ele>8.6000003814697265625</ele>
        <time>2026-08-27T10:11:10.000Z</time>
        <extensions>
          <ns3:TrackPointExtension>
            <ns3:hr>112</ns3:hr>
            <ns3:cad>85</ns3:cad>
          </ns3:TrackPointExtension>
        </extensions>
      </trkpt>
      <trkpt lat="31.2703126855194568634033203125" lon="121.52562721632421016693115234375">
        <ele>8.6000003814697265625</ele>
        <time>2026-08-27T10:11:13.000Z</time>
        <extensions>
          <ns3:TrackPointExtension>
            <ns3:hr>115</ns3:hr>
            <ns3:cad>85</ns3:cad>
          </ns3:TrackPointExtension>
        </extensions>
      </trkpt>
      <trkpt lat="31.27039440907537937164306640625" lon="121.52557424269616603851318359375">
        <ele>10</ele>
        <time>2026-08-27T10:11:18.000Z</time>
        <extensions>
          <ns3:TrackPointExtension>
            <ns3:hr>117</ns3:hr>
            <ns3:cad>84</ns3:cad>
          </ns3:TrackPointExtension>
        </extensions>
      </trkpt>
      <trkpt lat="31.2704089097678661346435546875" lon="121.5255724824965000152587890625">
        <ele>10.19999980926513671875</ele>
        <time>2026-08-27T10:11:19.000Z</time>
        <extensions>
          <ns3:TrackPointExtension>
            <ns3:hr>118</ns3:hr>
            <ns3:cad>74</ns3:cad>
          </ns3:TrackPointExtension>
        </extensions>
      </trkpt>
      <trkpt lat="31.27043933607637882232666015625" lon="121.52557658962905406951904296875">
        <ele>10.3999996185302734375</ele>
        <time>2026-08-27T10:11:22.000Z</time>
        <extensions>
          <ns3:TrackPointExtension>
            <ns3:hr>118</ns3:hr>
            <ns3:cad>0</ns3:cad>
          </ns3:TrackPointExtension>
        </extensions>
      </trkpt>
      <trkpt lat="31.27046632580459117889404296875" lon="121.52558681555092334747314453125">
        <ele>10.6000003814697265625</ele>
        <time>2026-08-27T10:11:23.000Z</time>
        <extensions>
          <ns3:TrackPointExtension>
            <ns3:hr>118</ns3:hr>
            <ns3:cad>0</ns3:cad>
          </ns3:TrackPointExtension>
        </extensions>
      </trkpt>
      <trkpt lat="31.27047738991677761077880859375" lon="121.525580696761608123779296875">
        <ele>10.80000019073486328125</ele>
        <time>2026-08-27T10:11:25.000Z</time>
        <extensions>
          <ns3:TrackPointExtension>
            <ns3:hr>118</ns3:hr>
            <ns3:cad>0</ns3:cad>
          </ns3:TrackPointExtension>
        </extensions>
      </trkpt>
      <trkpt lat="31.2704957462847232818603515625" lon="121.52556586079299449920654296875">
        <ele>11.19999980926513671875</ele>
        <time>2026-08-27T10:11:27.000Z</time>
        <extensions>
          <ns3:TrackPointExtension>
            <ns3:hr>118</ns3:hr>
            <ns3:cad>55</ns3:cad>
          </ns3:TrackPointExtension>
        </extensions>
      </trkpt>
      <trkpt lat="31.27051435410976409912109375" lon="121.52556468732655048370361328125">
        <ele>11.19999980926513671875</ele>
        <time>2026-08-27T10:11:28.000Z</time>
        <extensions>
          <ns3:TrackPointExtension>
            <ns3:hr>118</ns3:hr>
            <ns3:cad>54</ns3:cad>
          </ns3:TrackPointExtension>
        </extensions>
      </trkpt>
      <trkpt lat="31.2705349735915660858154296875" lon="121.52555085718631744384765625">
        <ele>11.6000003814697265625</ele>
        <time>2026-08-27T10:11:30.000Z</time>
        <extensions>
          <ns3:TrackPointExtension>
            <ns3:hr>118</ns3:hr>
            <ns3:cad>54</ns3:cad>
          </ns3:TrackPointExtension>
        </extensions>
      </trkpt>
      <trkpt lat="31.270556263625621795654296875" lon="121.52551188133656978607177734375">
        <ele>12</ele>
        <time>2026-08-27T10:11:34.000Z</time>
        <extensions>
          <ns3:TrackPointExtension>
            <ns3:hr>118</ns3:hr>
            <ns3:cad>54</ns3:cad>
          </ns3:TrackPointExtension>
        </extensions>
      </trkpt>
      <trkpt lat="31.270566321909427642822265625" lon="121.52550148777663707733154296875">
        <ele>12.19999980926513671875</ele>
        <time>2026-08-27T10:11:35.000Z</time>
        <extensions>
          <ns3:TrackPointExtension>
            <ns3:hr>118</ns3:hr>
            <ns3:cad>54</ns3:cad>
          </ns3:TrackPointExtension>
        </extensions>
      </trkpt>
      <trkpt lat="31.27060244791209697723388671875" lon="121.525458656251430511474609375">
        <ele>12.3999996185302734375</ele>
        <time>2026-08-27T10:11:39.000Z</time>
        <extensions>
          <ns3:TrackPointExtension>
            <ns3:hr>118</ns3:hr>
            <ns3:cad>53</ns3:cad>
          </ns3:TrackPointExtension>
        </extensions>
      </trkpt>
      <trkpt lat="31.2706452794373035430908203125" lon="121.5254551358520984649658203125">
        <ele>12.6000003814697265625</ele>
        <time>2026-08-27T10:11:43.000Z</time>
        <extensions>
          <ns3:TrackPointExtension>
            <ns3:hr>115</ns3:hr>
            <ns3:cad>54</ns3:cad>
          </ns3:TrackPointExtension>
        </extensions>
      </trkpt>
      <trkpt lat="31.2706586904823780059814453125" lon="121.525457315146923065185546875">
        <ele>12.3999996185302734375</ele>
        <time>2026-08-27T10:11:45.000Z</time>
        <extensions>
          <ns3:TrackPointExtension>
            <ns3:hr>112</ns3:hr>
            <ns3:cad>55</ns3:cad>
          </ns3:TrackPointExtension>
        </extensions>
      </trkpt>
      <trkpt lat="31.2706922180950641632080078125" lon="121.5254564769566059112548828125">
        <ele>12.3999996185302734375</ele>
        <time>2026-08-27T10:11:48.000Z</time>
        <extensions>
          <ns3:TrackPointExtension>
            <ns3:hr>109</ns3:hr>
            <ns3:cad>54</ns3:cad>
          </ns3:TrackPointExtension>
        </extensions>
      </trkpt>
      <trkpt lat="31.270703114569187164306640625" lon="121.5254494361579418182373046875">
        <ele>12.3999996185302734375</ele>
        <time>2026-08-27T10:11:49.000Z</time>
        <extensions>
          <ns3:TrackPointExtension>
            <ns3:hr>107</ns3:hr>
            <ns3:cad>54</ns3:cad>
          </ns3:TrackPointExtension>
        </extensions>
      </trkpt>
      <trkpt lat="31.27075734548270702362060546875" lon="121.52540660463273525238037109375">
        <ele>12.19999980926513671875</ele>
        <time>2026-08-27T10:11:52.000Z</time>
        <extensions>
          <ns3:TrackPointExtension>
            <ns3:hr>104</ns3:hr>
            <ns3:cad>55</ns3:cad>
          </ns3:TrackPointExtension>
        </extensions>
      </trkpt>
      <trkpt lat="31.270835213363170623779296875" lon="121.52537357993423938751220703125">
        <ele>12.19999980926513671875</ele>
        <time>2026-08-27T10:11:59.000Z</time>
        <extensions>
          <ns3:TrackPointExtension>
            <ns3:hr>102</ns3:hr>
            <ns3:cad>56</ns3:cad>
          </ns3:TrackPointExtension>
        </extensions>
      </trkpt>
      <trkpt lat="31.27089045010507106781005859375" lon="121.52534994296729564666748046875">
        <ele>11.80000019073486328125</ele>
        <time>2026-08-27T10:12:04.000Z</time>
        <extensions>
          <ns3:TrackPointExtension>
            <ns3:hr>99</ns3:hr>
            <ns3:cad>56</ns3:cad>
          </ns3:TrackPointExtension>
        </extensions>
      </trkpt>
      <trkpt lat="31.2709054537117481231689453125" lon="121.52533988468348979949951171875">
        <ele>11.6000003814697265625</ele>
        <time>2026-08-27T10:12:07.000Z</time>
        <extensions>
          <ns3:TrackPointExtension>
            <ns3:hr>98</ns3:hr>
            <ns3:cad>0</ns3:cad>
          </ns3:TrackPointExtension>
        </extensions>
      </trkpt>
      <trkpt lat="31.27090956084430217742919921875" lon="121.52535078115761280059814453125">
        <ele>11.6000003814697265625</ele>
        <time>2026-08-27T10:12:12.000Z</time>
        <extensions>
          <ns3:TrackPointExtension>
            <ns3:hr>96</ns3:hr>
            <ns3:cad>0</ns3:cad>
          </ns3:TrackPointExtension>
        </extensions>
      </trkpt>
      <trkpt lat="31.27092565409839153289794921875" lon="121.52537676505744457244873046875">
        <ele>11.19999980926513671875</ele>
        <time>2026-08-27T10:12:15.000Z</time>
        <extensions>
          <ns3:TrackPointExtension>
            <ns3:hr>95</ns3:hr>
            <ns3:cad>0</ns3:cad>
          </ns3:TrackPointExtension>
        </extensions>
      </trkpt>
      <trkpt lat="31.2709470279514789581298828125" lon="121.5254118852317333221435546875">
        <ele>11</ele>
        <time>2026-08-27T10:12:19.000Z</time>
        <extensions>
          <ns3:TrackPointExtension>
            <ns3:hr>94</ns3:hr>
            <ns3:cad>0</ns3:cad>
          </ns3:TrackPointExtension>
        </extensions>
      </trkpt>
      <trkpt lat="31.27092632465064525604248046875" lon="121.52546276338398456573486328125">
        <ele>11.19999980926513671875</ele>
        <time>2026-08-27T10:12:25.000Z</time>
        <extensions>
          <ns3:TrackPointExtension>
            <ns3:hr>92</ns3:hr>
            <ns3:cad>54</ns3:cad>
          </ns3:TrackPointExtension>
        </extensions>
      </trkpt>
      <trkpt lat="31.27092012204229831695556640625" lon="121.52548774145543575286865234375">
        <ele>11.19999980926513671875</ele>
        <time>2026-08-27T10:12:27.000Z</time>
        <extensions>
          <ns3:TrackPointExtension>
            <ns3:hr>90</ns3:hr>
            <ns3:cad>55</ns3:cad>
          </ns3:TrackPointExtension>
        </extensions>
      </trkpt>
      <trkpt lat="31.2709373049437999725341796875" lon="121.52554281055927276611328125">
        <ele>10.80000019073486328125</ele>
        <time>2026-08-27T10:12:32.000Z</time>
        <extensions>
          <ns3:TrackPointExtension>
            <ns3:hr>92</ns3:hr>
            <ns3:cad>54</ns3:cad>
          </ns3:TrackPointExtension>
        </extensions>
      </trkpt>
      <trkpt lat="31.2709450162947177886962890625" lon="121.52556485496461391448974609375">
        <ele>10.80000019073486328125</ele>
        <time>2026-08-27T10:12:34.000Z</time>
        <extensions>
          <ns3:TrackPointExtension>
            <ns3:hr>91</ns3:hr>
            <ns3:cad>56</ns3:cad>
          </ns3:TrackPointExtension>
        </extensions>
      </trkpt>
      <trkpt lat="31.270981729030609130859375" lon="121.52564280666410923004150390625">
        <ele>10.19999980926513671875</ele>
        <time>2026-08-27T10:12:41.000Z</time>
        <extensions>
          <ns3:TrackPointExtension>
            <ns3:hr>92</ns3:hr>
            <ns3:cad>54</ns3:cad>
          </ns3:TrackPointExtension>
        </extensions>
      </trkpt>
      <trkpt lat="31.27098248340189456939697265625" lon="121.52570265345275402069091796875">
        <ele>10.3999996185302734375</ele>
        <time>2026-08-27T10:12:46.000Z</time>
        <extensions>
          <ns3:TrackPointExtension>
            <ns3:hr>93</ns3:hr>
            <ns3:cad>54</ns3:cad>
          </ns3:TrackPointExtension>
        </extensions>
      </trkpt>
      <trkpt lat="31.27099446952342987060546875" lon="121.5257347561419010162353515625">
        <ele>10.3999996185302734375</ele>
        <time>2026-08-27T10:12:49.000Z</time>
        <extensions>
          <ns3:TrackPointExtension>
            <ns3:hr>92</ns3:hr>
            <ns3:cad>54</ns3:cad>
          </ns3:TrackPointExtension>
        </extensions>
      </trkpt>
      <trkpt lat="31.27100293524563312530517578125" lon="121.5257366001605987548828125">
        <ele>10.3999996185302734375</ele>
        <time>2026-08-27T10:12:50.000Z</time>
        <extensions>
          <ns3:TrackPointExtension>
            <ns3:hr>93</ns3:hr>
            <ns3:cad>54</ns3:cad>
          </ns3:TrackPointExtension>
        </extensions>
      </trkpt>
      <trkpt lat="31.2710160948336124420166015625" lon="121.52576015330851078033447265625">
        <ele>10.6000003814697265625</ele>
        <time>2026-08-27T10:12:52.000Z</time>
        <extensions>
          <ns3:TrackPointExtension>
            <ns3:hr>93</ns3:hr>
            <ns3:cad>54</ns3:cad>
          </ns3:TrackPointExtension>
        </extensions>
      </trkpt>
      <trkpt lat="31.27100226469337940216064453125" lon="121.5258058346807956695556640625">
        <ele>11</ele>
        <time>2026-08-27T10:12:54.000Z</time>
        <extensions>
          <ns3:TrackPointExtension>
            <ns3:hr>94</ns3:hr>
            <ns3:cad>57</ns3:cad>
          </ns3:TrackPointExtension>
        </extensions>
      </trkpt>
      <trkpt lat="31.2709996663033962249755859375" lon="121.525818742811679840087890625">
        <ele>11.19999980926513671875</ele>
        <time>2026-08-27T10:12:55.000Z</time>
        <extensions>
          <ns3:TrackPointExtension>
            <ns3:hr>94</ns3:hr>
            <ns3:cad>57</ns3:cad>
          </ns3:TrackPointExtension>
        </extensions>
      </trkpt>
      <trkpt lat="31.2710264883935451507568359375" lon="121.52590616606175899505615234375">
        <ele>12</ele>
        <time>2026-08-27T10:13:02.000Z</time>
        <extensions>
          <ns3:TrackPointExtension>
            <ns3:hr>94</ns3:hr>
            <ns3:cad>55</ns3:cad>
          </ns3:TrackPointExtension>
        </extensions>
      </trkpt>
      <trkpt lat="31.27108993940055370330810546875" lon="121.5259885601699352264404296875">
        <ele>12.19999980926513671875</ele>
        <time>2026-08-27T10:13:09.000Z</time>
        <extensions>
          <ns3:TrackPointExtension>
            <ns3:hr>94</ns3:hr>
            <ns3:cad>56</ns3:cad>
          </ns3:TrackPointExtension>
        </extensions>
      </trkpt>
      <trkpt lat="31.27117962576448917388916015625" lon="121.5260799229145050048828125">
        <ele>12.3999996185302734375</ele>
        <time>2026-08-27T10:13:18.000Z</time>
        <extensions>
          <ns3:TrackPointExtension>
            <ns3:hr>95</ns3:hr>
            <ns3:cad>54</ns3:cad>
          </ns3:TrackPointExtension>
        </extensions>
      </trkpt>
      <trkpt lat="31.27122706733644008636474609375" lon="121.5262188948690891265869140625">
        <ele>14</ele>
        <time>2026-08-27T10:13:28.000Z</time>
        <extensions>
          <ns3:TrackPointExtension>
            <ns3:hr>91</ns3:hr>
            <ns3:cad>53</ns3:cad>
          </ns3:TrackPointExtension>
        </extensions>
      </trkpt>
      <trkpt lat="31.2712236307561397552490234375" lon="121.526243202388286590576171875">
        <ele>14.19999980926513671875</ele>
        <time>2026-08-27T10:13:29.000Z</time>
        <extensions>
          <ns3:TrackPointExtension>
            <ns3:hr>91</ns3:hr>
            <ns3:cad>54</ns3:cad>
          </ns3:TrackPointExtension>
        </extensions>
      </trkpt>
      <trkpt lat="31.27122740261256694793701171875" lon="121.52635778300464153289794921875">
        <ele>14.6000003814697265625</ele>
        <time>2026-08-27T10:13:33.000Z</time>
        <extensions>
          <ns3:TrackPointExtension>
            <ns3:hr>93</ns3:hr>
            <ns3:cad>82</ns3:cad>
          </ns3:TrackPointExtension>
        </extensions>
      </trkpt>
      <trkpt lat="31.27128926105797290802001953125" lon="121.52649658732116222381591796875">
        <ele>14</ele>
        <time>2026-08-27T10:13:39.000Z</time>
        <extensions>
          <ns3:TrackPointExtension>
            <ns3:hr>96</ns3:hr>
            <ns3:cad>83</ns3:cad>
          </ns3:TrackPointExtension>
        </extensions>
      </trkpt>
      <trkpt lat="31.27132228575646877288818359375" lon="121.5265478007495403289794921875">
        <ele>13.80000019073486328125</ele>
        <time>2026-08-27T10:13:41.000Z</time>
        <extensions>
          <ns3:TrackPointExtension>
            <ns3:hr>98</ns3:hr>
            <ns3:cad>83</ns3:cad>
          </ns3:TrackPointExtension>
        </extensions>
      </trkpt>
      <trkpt lat="31.271347515285015106201171875" lon="121.52659096755087375640869140625">
        <ele>13.6000003814697265625</ele>
        <time>2026-08-27T10:13:43.000Z</time>
        <extensions>
          <ns3:TrackPointExtension>
            <ns3:hr>101</ns3:hr>
            <ns3:cad>82</ns3:cad>
          </ns3:TrackPointExtension>
        </extensions>
      </trkpt>
      <trkpt lat="31.27137131989002227783203125" lon="121.52666707523167133331298828125">
        <ele>13.3999996185302734375</ele>
        <time>2026-08-27T10:13:46.000Z</time>
        <extensions>
          <ns3:TrackPointExtension>
            <ns3:hr>104</ns3:hr>
            <ns3:cad>82</ns3:cad>
          </ns3:TrackPointExtension>
        </extensions>
      </trkpt>
      <trkpt lat="31.27139286138117313385009765625" lon="121.52674536220729351043701171875">
        <ele>13.19999980926513671875</ele>
        <time>2026-08-27T10:13:49.000Z</time>
        <extensions>
          <ns3:TrackPointExtension>
            <ns3:hr>108</ns3:hr>
            <ns3:cad>82</ns3:cad>
          </ns3:TrackPointExtension>
        </extensions>
      </trkpt>
      <trkpt lat="31.2714750878512859344482421875" lon="121.5268197096884250640869140625">
        <ele>12.80000019073486328125</ele>
        <time>2026-08-27T10:13:53.000Z</time>
        <extensions>
          <ns3:TrackPointExtension>
            <ns3:hr>111</ns3:hr>
            <ns3:cad>82</ns3:cad>
          </ns3:TrackPointExtension>
        </extensions>
      </trkpt>
      <trkpt lat="31.27151104621589183807373046875" lon="121.5268498845398426055908203125">
        <ele>12.6000003814697265625</ele>
        <time>2026-08-27T10:13:55.000Z</time>
        <extensions>
          <ns3:TrackPointExtension>
            <ns3:hr>113</ns3:hr>
            <ns3:cad>83</ns3:cad>
          </ns3:TrackPointExtension>
        </extensions>
      </trkpt>
      <trkpt lat="31.27156703732907772064208984375" lon="121.52690000832080841064453125">
        <ele>12.3999996185302734375</ele>
        <time>2026-08-27T10:13:58.000Z</time>
        <extensions>
          <ns3:TrackPointExtension>
            <ns3:hr>116</ns3:hr>
            <ns3:cad>82</ns3:cad>
          </ns3:TrackPointExtension>
        </extensions>
      </trkpt>
      <trkpt lat="31.27159754745662212371826171875" lon="121.52694418095052242279052734375">
        <ele>12.19999980926513671875</ele>
        <time>2026-08-27T10:14:00.000Z</time>
        <extensions>
          <ns3:TrackPointExtension>
            <ns3:hr>116</ns3:hr>
            <ns3:cad>82</ns3:cad>
          </ns3:TrackPointExtension>
        </extensions>
      </trkpt>
      <trkpt lat="31.2716568075120449066162109375" lon="121.52711031027138233184814453125">
        <ele>12</ele>
        <time>2026-08-27T10:14:07.000Z</time>
        <extensions>
          <ns3:TrackPointExtension>
            <ns3:hr>119</ns3:hr>
            <ns3:cad>83</ns3:cad>
          </ns3:TrackPointExtension>
        </extensions>
      </trkpt>
      <trkpt lat="31.27172092907130718231201171875" lon="121.52730762027204036712646484375">
        <ele>11.3999996185302734375</ele>
        <time>2026-08-27T10:14:15.000Z</time>
        <extensions>
          <ns3:TrackPointExtension>
            <ns3:hr>121</ns3:hr>
            <ns3:cad>82</ns3:cad>
          </ns3:TrackPointExtension>
        </extensions>
      </trkpt>
      <trkpt lat="31.27172729931771755218505859375" lon="121.5273253060877323150634765625">
        <ele>11.3999996185302734375</ele>
        <time>2026-08-27T10:14:16.000Z</time>
        <extensions>
          <ns3:TrackPointExtension>
            <ns3:hr>121</ns3:hr>
            <ns3:cad>82</ns3:cad>
          </ns3:TrackPointExtension>
        </extensions>
      </trkpt>
      <trkpt lat="31.27176501788198947906494140625" lon="121.52743670158088207244873046875">
        <ele>11.6000003814697265625</ele>
        <time>2026-08-27T10:14:22.000Z</time>
        <extensions>
          <ns3:TrackPointExtension>
            <ns3:hr>121</ns3:hr>
            <ns3:cad>82</ns3:cad>
          </ns3:TrackPointExtension>
        </extensions>
      </trkpt>
      <trkpt lat="31.271790750324726104736328125" lon="121.52749269269406795501708984375">
        <ele>11.6000003814697265625</ele>
        <time>2026-08-27T10:14:28.000Z</time>
        <extensions>
          <ns3:TrackPointExtension>
            <ns3:hr>121</ns3:hr>
            <ns3:cad>0</ns3:cad>
          </ns3:TrackPointExtension>
        </extensions>
      </trkpt>
      <trkpt lat="31.27179510891437530517578125" lon="121.52755580842494964599609375">
        <ele>11.19999980926513671875</ele>
        <time>2026-08-27T10:14:33.000Z</time>
        <extensions>
          <ns3:TrackPointExtension>
            <ns3:hr>122</ns3:hr>
            <ns3:cad>56</ns3:cad>
          </ns3:TrackPointExtension>
        </extensions>
      </trkpt>
      <trkpt lat="31.27180424518883228302001953125" lon="121.52760635130107402801513671875">
        <ele>11</ele>
        <time>2026-08-27T10:14:40.000Z</time>
        <extensions>
          <ns3:TrackPointExtension>
            <ns3:hr>123</ns3:hr>
            <ns3:cad>0</ns3:cad>
          </ns3:TrackPointExtension>
        </extensions>
      </trkpt>
      <trkpt lat="31.2718123756349086761474609375" lon="121.52764432132244110107421875">
        <ele>11</ele>
        <time>2026-08-27T10:14:45.000Z</time>
        <extensions>
          <ns3:TrackPointExtension>
            <ns3:hr>120</ns3:hr>
            <ns3:cad>52</ns3:cad>
          </ns3:TrackPointExtension>
        </extensions>
      </trkpt>
      <trkpt lat="31.27180642448365688323974609375" lon="121.52765077538788318634033203125">
        <ele>10.80000019073486328125</ele>
        <time>2026-08-27T10:14:47.000Z</time>
        <extensions>
          <ns3:TrackPointExtension>
            <ns3:hr>115</ns3:hr>
            <ns3:cad>52</ns3:cad>
          </ns3:TrackPointExtension>
        </extensions>
      </trkpt>
      <trkpt lat="31.27181522548198699951171875" lon="121.52765848673880100250244140625">
        <ele>10.80000019073486328125</ele>
        <time>2026-08-27T10:14:51.000Z</time>
        <extensions>
          <ns3:TrackPointExtension>
            <ns3:hr>115</ns3:hr>
            <ns3:cad>57</ns3:cad>
          </ns3:TrackPointExtension>
        </extensions>
      </trkpt>
      <trkpt lat="31.27183400094509124755859375" lon="121.5277102030813694000244140625">
        <ele>10.80000019073486328125</ele>
        <time>2026-08-27T10:14:54.000Z</time>
        <extensions>
          <ns3:TrackPointExtension>
            <ns3:hr>114</ns3:hr>
            <ns3:cad>0</ns3:cad>
          </ns3:TrackPointExtension>
        </extensions>
      </trkpt>
      <trkpt lat="31.27185034565627574920654296875" lon="121.52775160968303680419921875">
        <ele>10.80000019073486328125</ele>
        <time>2026-08-27T10:14:58.000Z</time>
        <extensions>
          <ns3:TrackPointExtension>
            <ns3:hr>111</ns3:hr>
            <ns3:cad>53</ns3:cad>
          </ns3:TrackPointExtension>
        </extensions>
      </trkpt>
      <trkpt lat="31.2718402035534381866455078125" lon="121.52777549810707569122314453125">
        <ele>10.6000003814697265625</ele>
        <time>2026-08-27T10:14:59.000Z</time>
        <extensions>
          <ns3:TrackPointExtension>
            <ns3:hr>109</ns3:hr>
            <ns3:cad>53</ns3:cad>
          </ns3:TrackPointExtension>
        </extensions>
      </trkpt>
      <trkpt lat="31.2718311510980129241943359375" lon="121.527790836989879608154296875">
        <ele>10.6000003814697265625</ele>
        <time>2026-08-27T10:15:00.000Z</time>
        <extensions>
          <ns3:TrackPointExtension>
            <ns3:hr>108</ns3:hr>
            <ns3:cad>53</ns3:cad>
          </ns3:TrackPointExtension>
        </extensions>
      </trkpt>
      <trkpt lat="31.27180927433073520660400390625" lon="121.52783517725765705108642578125">
        <ele>10.6000003814697265625</ele>
        <time>2026-08-27T10:15:03.000Z</time>
        <extensions>
          <ns3:TrackPointExtension>
            <ns3:hr>109</ns3:hr>
            <ns3:cad>54</ns3:cad>
          </ns3:TrackPointExtension>
        </extensions>
      </trkpt>
      <trkpt lat="31.271810196340084075927734375" lon="121.52783869765698909759521484375">
        <ele>10.6000003814697265625</ele>
        <time>2026-08-27T10:15:04.000Z</time>
        <extensions>
          <ns3:TrackPointExtension>
            <ns3:hr>109</ns3:hr>
            <ns3:cad>0</ns3:cad>
          </ns3:TrackPointExtension>
        </extensions>
      </trkpt>
      <trkpt lat="31.2718170695006847381591796875" lon="121.5278671123087406158447265625">
        <ele>10.80000019073486328125</ele>
        <time>2026-08-27T10:15:07.000Z</time>
        <extensions>
          <ns3:TrackPointExtension>
            <ns3:hr>110</ns3:hr>
            <ns3:cad>55</ns3:cad>
          </ns3:TrackPointExtension>
        </extensions>
      </trkpt>
      <trkpt lat="31.271810196340084075927734375" lon="121.527877338230609893798828125">
        <ele>10.80000019073486328125</ele>
        <time>2026-08-27T10:15:08.000Z</time>
        <extensions>
          <ns3:TrackPointExtension>
            <ns3:hr>110</ns3:hr>
            <ns3:cad>55</ns3:cad>
          </ns3:TrackPointExtension>
        </extensions>
      </trkpt>
      <trkpt lat="31.2718053348362445831298828125" lon="121.52789971791207790374755859375">
        <ele>10.80000019073486328125</ele>
        <time>2026-08-27T10:15:11.000Z</time>
        <extensions>
          <ns3:TrackPointExtension>
            <ns3:hr>110</ns3:hr>
            <ns3:cad>55</ns3:cad>
          </ns3:TrackPointExtension>
        </extensions>
      </trkpt>
      <trkpt lat="31.27183006145060062408447265625" lon="121.5279308147728443145751953125">
        <ele>10.80000019073486328125</ele>
        <time>2026-08-27T10:15:15.000Z</time>
        <extensions>
          <ns3:TrackPointExtension>
            <ns3:hr>108</ns3:hr>
            <ns3:cad>56</ns3:cad>
          </ns3:TrackPointExtension>
        </extensions>
      </trkpt>
      <trkpt lat="31.27183961682021617889404296875" lon="121.527971886098384857177734375">
        <ele>10.3999996185302734375</ele>
        <time>2026-08-27T10:15:17.000Z</time>
        <extensions>
          <ns3:TrackPointExtension>
            <ns3:hr>107</ns3:hr>
            <ns3:cad>56</ns3:cad>
          </ns3:TrackPointExtension>
        </extensions>
      </trkpt>
      <trkpt lat="31.27192385494709014892578125" lon="121.52805260382592678070068359375">
        <ele>10.6000003814697265625</ele>
        <time>2026-08-27T10:15:22.000Z</time>
        <extensions>
          <ns3:TrackPointExtension>
            <ns3:hr>107</ns3:hr>
            <ns3:cad>0</ns3:cad>
          </ns3:TrackPointExtension>
        </extensions>
      </trkpt>
      <trkpt lat="31.27193617634475231170654296875" lon="121.5280619077384471893310546875">
        <ele>10.6000003814697265625</ele>
        <time>2026-08-27T10:15:23.000Z</time>
        <extensions>
          <ns3:TrackPointExtension>
            <ns3:hr>107</ns3:hr>
            <ns3:cad>55</ns3:cad>
          </ns3:TrackPointExtension>
        </extensions>
      </trkpt>
      <trkpt lat="31.27196819521486759185791015625" lon="121.52806718833744525909423828125">
        <ele>10.80000019073486328125</ele>
        <time>2026-08-27T10:15:27.000Z</time>
        <extensions>
          <ns3:TrackPointExtension>
            <ns3:hr>106</ns3:hr>
            <ns3:cad>0</ns3:cad>
          </ns3:TrackPointExtension>
        </extensions>
      </trkpt>
      <trkpt lat="31.27197942696511745452880859375" lon="121.528067104518413543701171875">
        <ele>11</ele>
        <time>2026-08-27T10:15:28.000Z</time>
        <extensions>
          <ns3:TrackPointExtension>
            <ns3:hr>103</ns3:hr>
            <ns3:cad>0</ns3:cad>
          </ns3:TrackPointExtension>
        </extensions>
      </trkpt>
      <trkpt lat="31.27199350856244564056396484375" lon="121.52807003818452358245849609375">
        <ele>11.19999980926513671875</ele>
        <time>2026-08-27T10:15:29.000Z</time>
        <extensions>
          <ns3:TrackPointExtension>
            <ns3:hr>103</ns3:hr>
            <ns3:cad>0</ns3:cad>
          </ns3:TrackPointExtension>
        </extensions>
      </trkpt>
      <trkpt lat="31.27200700342655181884765625" lon="121.5280723012983798980712890625">
        <ele>11.3999996185302734375</ele>
        <time>2026-08-27T10:15:30.000Z</time>
        <extensions>
          <ns3:TrackPointExtension>
            <ns3:hr>100</ns3:hr>
            <ns3:cad>0</ns3:cad>
          </ns3:TrackPointExtension>
        </extensions>
      </trkpt>
      <trkpt lat="31.27203424461185932159423828125" lon="121.5280743129551410675048828125">
        <ele>12</ele>
        <time>2026-08-27T10:15:32.000Z</time>
        <extensions>
          <ns3:TrackPointExtension>
            <ns3:hr>96</ns3:hr>
            <ns3:cad>56</ns3:cad>
          </ns3:TrackPointExtension>
        </extensions>
      </trkpt>
      <trkpt lat="31.2720618210732936859130859375" lon="121.5280726365745067596435546875">
        <ele>12.6000003814697265625</ele>
        <time>2026-08-27T10:15:34.000Z</time>
        <extensions>
          <ns3:TrackPointExtension>
            <ns3:hr>95</ns3:hr>
            <ns3:cad>56</ns3:cad>
          </ns3:TrackPointExtension>
        </extensions>
      </trkpt>
      <trkpt lat="31.27209425903856754302978515625" lon="121.52807372622191905975341796875">
        <ele>13.3999996185302734375</ele>
        <time>2026-08-27T10:15:36.000Z</time>
        <extensions>
          <ns3:TrackPointExtension>
            <ns3:hr>94</ns3:hr>
            <ns3:cad>56</ns3:cad>
          </ns3:TrackPointExtension>
        </extensions>
      </trkpt>
      <trkpt lat="31.27215695567429065704345703125" lon="121.528077833354473114013671875">
        <ele>14.6000003814697265625</ele>
        <time>2026-08-27T10:15:39.000Z</time>
        <extensions>
          <ns3:TrackPointExtension>
            <ns3:hr>94</ns3:hr>
            <ns3:cad>57</ns3:cad>
          </ns3:TrackPointExtension>
        </extensions>
      </trkpt>
      <trkpt lat="31.2721815146505832672119140625" lon="121.52807255275547504425048828125">
        <ele>15.19999980926513671875</ele>
        <time>2026-08-27T10:15:41.000Z</time>
        <extensions>
          <ns3:TrackPointExtension>
            <ns3:hr>94</ns3:hr>
            <ns3:cad>57</ns3:cad>
          </ns3:TrackPointExtension>
        </extensions>
      </trkpt>
      <trkpt lat="31.27223155461251735687255859375" lon="121.52804958634078502655029296875">
        <ele>16.3999996185302734375</ele>
        <time>2026-08-27T10:15:45.000Z</time>
        <extensions>
          <ns3:TrackPointExtension>
            <ns3:hr>94</ns3:hr>
            <ns3:cad>0</ns3:cad>
          </ns3:TrackPointExtension>
        </extensions>
      </trkpt>
      <trkpt lat="31.27227480523288249969482421875" lon="121.5280377678573131561279296875">
        <ele>17.3999996185302734375</ele>
        <time>2026-08-27T10:15:48.000Z</time>
        <extensions>
          <ns3:TrackPointExtension>
            <ns3:hr>91</ns3:hr>
            <ns3:cad>0</ns3:cad>
          </ns3:TrackPointExtension>
        </extensions>
      </trkpt>
      <trkpt lat="31.27228268422186374664306640625" lon="121.52803282253444194793701171875">
        <ele>17.6000003814697265625</ele>
        <time>2026-08-27T10:15:49.000Z</time>
        <extensions>
          <ns3:TrackPointExtension>
            <ns3:hr>94</ns3:hr>
            <ns3:cad>0</ns3:cad>
          </ns3:TrackPointExtension>
        </extensions>
      </trkpt>
      <trkpt lat="31.27231453545391559600830078125" lon="121.52801672928035259246826171875">
        <ele>18.200000762939453125</ele>
        <time>2026-08-27T10:15:53.000Z</time>
        <extensions>
          <ns3:TrackPointExtension>
            <ns3:hr>96</ns3:hr>
            <ns3:cad>55</ns3:cad>
          </ns3:TrackPointExtension>
        </extensions>
      </trkpt>
      <trkpt lat="31.2723266892135143280029296875" lon="121.52801790274679660797119140625">
        <ele>18.3999996185302734375</ele>
        <time>2026-08-27T10:15:54.000Z</time>
        <extensions>
          <ns3:TrackPointExtension>
            <ns3:hr>95</ns3:hr>
            <ns3:cad>55</ns3:cad>
          </ns3:TrackPointExtension>
        </extensions>
      </trkpt>
      <trkpt lat="31.2723350711166858673095703125" lon="121.5280132927000522613525390625">
        <ele>18.6000003814697265625</ele>
        <time>2026-08-27T10:15:55.000Z</time>
        <extensions>
          <ns3:TrackPointExtension>
            <ns3:hr>95</ns3:hr>
            <ns3:cad>56</ns3:cad>
          </ns3:TrackPointExtension>
        </extensions>
      </trkpt>
      <trkpt lat="31.2723655812442302703857421875" lon="121.52799476869404315948486328125">
        <ele>19.200000762939453125</ele>
        <time>2026-08-27T10:15:58.000Z</time>
        <extensions>
          <ns3:TrackPointExtension>
            <ns3:hr>93</ns3:hr>
            <ns3:cad>57</ns3:cad>
          </ns3:TrackPointExtension>
        </extensions>
      </trkpt>
      <trkpt lat="31.272389553487300872802734375" lon="121.52797314338386058807373046875">
        <ele>19.3999996185302734375</ele>
        <time>2026-08-27T10:16:00.000Z</time>
        <extensions>
          <ns3:TrackPointExtension>
            <ns3:hr>95</ns3:hr>
            <ns3:cad>56</ns3:cad>
          </ns3:TrackPointExtension>
        </extensions>
      </trkpt>
      <trkpt lat="31.2724368274211883544921875" lon="121.52793860994279384613037109375">
        <ele>20</ele>
        <time>2026-08-27T10:16:05.000Z</time>
        <extensions>
          <ns3:TrackPointExtension>
            <ns3:hr>95</ns3:hr>
            <ns3:cad>56</ns3:cad>
          </ns3:TrackPointExtension>
        </extensions>
      </trkpt>
      <trkpt lat="31.2724752165377140045166015625" lon="121.52792117558419704437255859375">
        <ele>20.3999996185302734375</ele>
        <time>2026-08-27T10:16:08.000Z</time>
        <extensions>
          <ns3:TrackPointExtension>
            <ns3:hr>95</ns3:hr>
            <ns3:cad>55</ns3:cad>
          </ns3:TrackPointExtension>
        </extensions>
      </trkpt>
      <trkpt lat="31.27254855819046497344970703125" lon="121.52787155471742153167724609375">
        <ele>20.6000003814697265625</ele>
        <time>2026-08-27T10:16:15.000Z</time>
        <extensions>
          <ns3:TrackPointExtension>
            <ns3:hr>93</ns3:hr>
            <ns3:cad>57</ns3:cad>
          </ns3:TrackPointExtension>
        </extensions>
      </trkpt>
      <trkpt lat="31.27261628396809101104736328125" lon="121.52781891636550426483154296875">
        <ele>19.799999237060546875</ele>
        <time>2026-08-27T10:16:22.000Z</time>
        <extensions>
          <ns3:TrackPointExtension>
            <ns3:hr>93</ns3:hr>
            <ns3:cad>56</ns3:cad>
          </ns3:TrackPointExtension>
        </extensions>
      </trkpt>
      <trkpt lat="31.2726348079741001129150390625" lon="121.5278072655200958251953125">
        <ele>19.6000003814697265625</ele>
        <time>2026-08-27T10:16:24.000Z</time>
        <extensions>
          <ns3:TrackPointExtension>
            <ns3:hr>93</ns3:hr>
            <ns3:cad>56</ns3:cad>
          </ns3:TrackPointExtension>
        </extensions>
      </trkpt>
      <trkpt lat="31.272657103836536407470703125" lon="121.5277970395982265472412109375">
        <ele>19.3999996185302734375</ele>
        <time>2026-08-27T10:16:27.000Z</time>
        <extensions>
          <ns3:TrackPointExtension>
            <ns3:hr>93</ns3:hr>
            <ns3:cad>55</ns3:cad>
          </ns3:TrackPointExtension>
        </extensions>
      </trkpt>
      <trkpt lat="31.27269507385790348052978515625" lon="121.5277688764035701751708984375">
        <ele>18.799999237060546875</ele>
        <time>2026-08-27T10:16:31.000Z</time>
        <extensions>
          <ns3:TrackPointExtension>
            <ns3:hr>93</ns3:hr>
            <ns3:cad>55</ns3:cad>
          </ns3:TrackPointExtension>
        </extensions>
      </trkpt>
      <trkpt lat="31.27277319319546222686767578125" lon="121.52772135101258754730224609375">
        <ele>17</ele>
        <time>2026-08-27T10:16:39.000Z</time>
        <extensions>
          <ns3:TrackPointExtension>
            <ns3:hr>95</ns3:hr>
            <ns3:cad>56</ns3:cad>
          </ns3:TrackPointExtension>
        </extensions>
      </trkpt>
      <trkpt lat="31.2728096544742584228515625" lon="121.5276991389691829681396484375">
        <ele>16</ele>
        <time>2026-08-27T10:16:43.000Z</time>
        <extensions>
          <ns3:TrackPointExtension>
            <ns3:hr>95</ns3:hr>
            <ns3:cad>57</ns3:cad>
          </ns3:TrackPointExtension>
        </extensions>
      </trkpt>
      <trkpt lat="31.27284226007759571075439453125" lon="121.5276780165731906890869140625">
        <ele>15.19999980926513671875</ele>
        <time>2026-08-27T10:16:46.000Z</time>
        <extensions>
          <ns3:TrackPointExtension>
            <ns3:hr>95</ns3:hr>
            <ns3:cad>56</ns3:cad>
          </ns3:TrackPointExtension>
        </extensions>
      </trkpt>
      <trkpt lat="31.27292574383318424224853515625" lon="121.527603082358837127685546875">
        <ele>13.6000003814697265625</ele>
        <time>2026-08-27T10:16:53.000Z</time>
        <extensions>
          <ns3:TrackPointExtension>
            <ns3:hr>93</ns3:hr>
            <ns3:cad>57</ns3:cad>
          </ns3:TrackPointExtension>
        </extensions>
      </trkpt>
      <trkpt lat="31.2729342095553874969482421875" lon="121.5276009030640125274658203125">
        <ele>13.3999996185302734375</ele>
        <time>2026-08-27T10:16:54.000Z</time>
        <extensions>
          <ns3:TrackPointExtension>
            <ns3:hr>92</ns3:hr>
            <ns3:cad>57</ns3:cad>
          </ns3:TrackPointExtension>
        </extensions>
      </trkpt>
      <trkpt lat="31.27301794476807117462158203125" lon="121.52756729163229465484619140625">
        <ele>12.19999980926513671875</ele>
        <time>2026-08-27T10:17:02.000Z</time>
        <extensions>
          <ns3:TrackPointExtension>
            <ns3:hr>92</ns3:hr>
            <ns3:cad>57</ns3:cad>
          </ns3:TrackPointExtension>
        </extensions>
      </trkpt>
      <trkpt lat="31.2730428390204906463623046875" lon="121.52755907736718654632568359375">
        <ele>12.19999980926513671875</ele>
        <time>2026-08-27T10:17:04.000Z</time>
        <extensions>
          <ns3:TrackPointExtension>
            <ns3:hr>91</ns3:hr>
            <ns3:cad>55</ns3:cad>
          </ns3:TrackPointExtension>
        </extensions>
      </trkpt>
      <trkpt lat="31.27308835275471210479736328125" lon="121.52751498855650424957275390625">
        <ele>12.80000019073486328125</ele>
        <time>2026-08-27T10:17:08.000Z</time>
        <extensions>
          <ns3:TrackPointExtension>
            <ns3:hr>90</ns3:hr>
            <ns3:cad>58</ns3:cad>
          </ns3:TrackPointExtension>
        </extensions>
      </trkpt>
      <trkpt lat="31.273127831518650054931640625" lon="121.527483724057674407958984375">
        <ele>13.6000003814697265625</ele>
        <time>2026-08-27T10:17:12.000Z</time>
        <extensions>
          <ns3:TrackPointExtension>
            <ns3:hr>90</ns3:hr>
            <ns3:cad>57</ns3:cad>
          </ns3:TrackPointExtension>
        </extensions>
      </trkpt>
      <trkpt lat="31.2731735967099666595458984375" lon="121.5274594165384769439697265625">
        <ele>14.3999996185302734375</ele>
        <time>2026-08-27T10:17:17.000Z</time>
        <extensions>
          <ns3:TrackPointExtension>
            <ns3:hr>91</ns3:hr>
            <ns3:cad>56</ns3:cad>
          </ns3:TrackPointExtension>
        </extensions>
      </trkpt>
      <trkpt lat="31.2731947191059589385986328125" lon="121.5274456702172756195068359375">
        <ele>14.80000019073486328125</ele>
        <time>2026-08-27T10:17:19.000Z</time>
        <extensions>
          <ns3:TrackPointExtension>
            <ns3:hr>91</ns3:hr>
            <ns3:cad>57</ns3:cad>
          </ns3:TrackPointExtension>
        </extensions>
      </trkpt>
      <trkpt lat="31.27326722256839275360107421875" lon="121.52738951146602630615234375">
        <ele>16.799999237060546875</ele>
        <time>2026-08-27T10:17:26.000Z</time>
        <extensions>
          <ns3:TrackPointExtension>
            <ns3:hr>93</ns3:hr>
            <ns3:cad>57</ns3:cad>
          </ns3:TrackPointExtension>
        </extensions>
      </trkpt>
      <trkpt lat="31.2732912786304950714111328125" lon="121.52736947871744632720947265625">
        <ele>17.3999996185302734375</ele>
        <time>2026-08-27T10:17:28.000Z</time>
        <extensions>
          <ns3:TrackPointExtension>
            <ns3:hr>93</ns3:hr>
            <ns3:cad>57</ns3:cad>
          </ns3:TrackPointExtension>
        </extensions>
      </trkpt>
      <trkpt lat="31.2733774445950984954833984375" lon="121.52730896137654781341552734375">
        <ele>18.799999237060546875</ele>
        <time>2026-08-27T10:17:35.000Z</time>
        <extensions>
          <ns3:TrackPointExtension>
            <ns3:hr>93</ns3:hr>
            <ns3:cad>57</ns3:cad>
          </ns3:TrackPointExtension>
        </extensions>
      </trkpt>
      <trkpt lat="31.27340736798942089080810546875" lon="121.52728666551411151885986328125">
        <ele>18.3999996185302734375</ele>
        <time>2026-08-27T10:17:38.000Z</time>
        <extensions>
          <ns3:TrackPointExtension>
            <ns3:hr>93</ns3:hr>
            <ns3:cad>56</ns3:cad>
          </ns3:TrackPointExtension>
        </extensions>
      </trkpt>
      <trkpt lat="31.27343486063182353973388671875" lon="121.5272478573024272918701171875">
        <ele>18.200000762939453125</ele>
        <time>2026-08-27T10:17:41.000Z</time>
        <extensions>
          <ns3:TrackPointExtension>
            <ns3:hr>93</ns3:hr>
            <ns3:cad>57</ns3:cad>
          </ns3:TrackPointExtension>
        </extensions>
      </trkpt>
      <trkpt lat="31.2735070288181304931640625" lon="121.5271455980837345123291015625">
        <ele>17.200000762939453125</ele>
        <time>2026-08-27T10:17:50.000Z</time>
        <extensions>
          <ns3:TrackPointExtension>
            <ns3:hr>94</ns3:hr>
            <ns3:cad>55</ns3:cad>
          </ns3:TrackPointExtension>
        </extensions>
      </trkpt>
      <trkpt lat="31.27350962720811367034912109375" lon="121.527133025228977203369140625">
        <ele>17.200000762939453125</ele>
        <time>2026-08-27T10:17:51.000Z</time>
        <extensions>
          <ns3:TrackPointExtension>
            <ns3:hr>94</ns3:hr>
            <ns3:cad>55</ns3:cad>
          </ns3:TrackPointExtension>
        </extensions>
      </trkpt>
      <trkpt lat="31.27350635826587677001953125" lon="121.52711567468941211700439453125">
        <ele>17</ele>
        <time>2026-08-27T10:17:53.000Z</time>
        <extensions>
          <ns3:TrackPointExtension>
            <ns3:hr>93</ns3:hr>
            <ns3:cad>55</ns3:cad>
          </ns3:TrackPointExtension>
        </extensions>
      </trkpt>
      <trkpt lat="31.2735051847994327545166015625" lon="121.52709086425602436065673828125">
        <ele>17</ele>
        <time>2026-08-27T10:17:55.000Z</time>
        <extensions>
          <ns3:TrackPointExtension>
            <ns3:hr>93</ns3:hr>
            <ns3:cad>55</ns3:cad>
          </ns3:TrackPointExtension>
        </extensions>
      </trkpt>
      <trkpt lat="31.273497305810451507568359375" lon="121.5270602703094482421875">
        <ele>17</ele>
        <time>2026-08-27T10:17:57.000Z</time>
        <extensions>
          <ns3:TrackPointExtension>
            <ns3:hr>94</ns3:hr>
            <ns3:cad>55</ns3:cad>
          </ns3:TrackPointExtension>
        </extensions>
      </trkpt>
      <trkpt lat="31.27348867245018482208251953125" lon="121.52696245349943637847900390625">
        <ele>16.3999996185302734375</ele>
        <time>2026-08-27T10:18:01.000Z</time>
        <extensions>
          <ns3:TrackPointExtension>
            <ns3:hr>95</ns3:hr>
            <ns3:cad>81</ns3:cad>
          </ns3:TrackPointExtension>
        </extensions>
      </trkpt>
      <trkpt lat="31.27347283065319061279296875" lon="121.5268039517104625701904296875">
        <ele>15.19999980926513671875</ele>
        <time>2026-08-27T10:18:07.000Z</time>
        <extensions>
          <ns3:TrackPointExtension>
            <ns3:hr>98</ns3:hr>
            <ns3:cad>82</ns3:cad>
          </ns3:TrackPointExtension>
        </extensions>
      </trkpt>
      <trkpt lat="31.27345531247556209564208984375" lon="121.52678006328642368316650390625">
        <ele>15.19999980926513671875</ele>
        <time>2026-08-27T10:18:08.000Z</time>
        <extensions>
          <ns3:TrackPointExtension>
            <ns3:hr>98</ns3:hr>
            <ns3:cad>82</ns3:cad>
          </ns3:TrackPointExtension>
        </extensions>
      </trkpt>
      <trkpt lat="31.27340954728424549102783203125" lon="121.526746451854705810546875">
        <ele>15.80000019073486328125</ele>
        <time>2026-08-27T10:18:10.000Z</time>
        <extensions>
          <ns3:TrackPointExtension>
            <ns3:hr>101</ns3:hr>
            <ns3:cad>82</ns3:cad>
          </ns3:TrackPointExtension>
        </extensions>
      </trkpt>
      <trkpt lat="31.273383311927318572998046875" lon="121.52667445130646228790283203125">
        <ele>15.3999996185302734375</ele>
        <time>2026-08-27T10:18:13.000Z</time>
        <extensions>
          <ns3:TrackPointExtension>
            <ns3:hr>104</ns3:hr>
            <ns3:cad>82</ns3:cad>
          </ns3:TrackPointExtension>
        </extensions>
      </trkpt>
      <trkpt lat="31.27333628945052623748779296875" lon="121.52658744715154170989990234375">
        <ele>15</ele>
        <time>2026-08-27T10:18:17.000Z</time>
        <extensions>
          <ns3:TrackPointExtension>
            <ns3:hr>107</ns3:hr>
            <ns3:cad>82</ns3:cad>
          </ns3:TrackPointExtension>
        </extensions>
      </trkpt>
      <trkpt lat="31.27330142073333263397216796875" lon="121.52652106247842311859130859375">
        <ele>14.3999996185302734375</ele>
        <time>2026-08-27T10:18:20.000Z</time>
        <extensions>
          <ns3:TrackPointExtension>
            <ns3:hr>109</ns3:hr>
            <ns3:cad>81</ns3:cad>
          </ns3:TrackPointExtension>
        </extensions>
      </trkpt>
      <trkpt lat="31.273283064365386962890625" lon="121.5264743752777576446533203125">
        <ele>13.80000019073486328125</ele>
        <time>2026-08-27T10:18:22.000Z</time>
        <extensions>
          <ns3:TrackPointExtension>
            <ns3:hr>112</ns3:hr>
            <ns3:cad>82</ns3:cad>
          </ns3:TrackPointExtension>
        </extensions>
      </trkpt>
      <trkpt lat="31.27324727363884449005126953125" lon="121.52637672610580921173095703125">
        <ele>12.6000003814697265625</ele>
        <time>2026-08-27T10:18:26.000Z</time>
        <extensions>
          <ns3:TrackPointExtension>
            <ns3:hr>115</ns3:hr>
            <ns3:cad>82</ns3:cad>
          </ns3:TrackPointExtension>
        </extensions>
      </trkpt>
      <trkpt lat="31.2732265703380107879638671875" lon="121.52630246244370937347412109375">
        <ele>11.80000019073486328125</ele>
        <time>2026-08-27T10:18:29.000Z</time>
        <extensions>
          <ns3:TrackPointExtension>
            <ns3:hr>116</ns3:hr>
            <ns3:cad>82</ns3:cad>
          </ns3:TrackPointExtension>
        </extensions>
      </trkpt>
      <trkpt lat="31.27320653758943080902099609375" lon="121.52612443082034587860107421875">
        <ele>10.6000003814697265625</ele>
        <time>2026-08-27T10:18:36.000Z</time>
        <extensions>
          <ns3:TrackPointExtension>
            <ns3:hr>118</ns3:hr>
            <ns3:cad>82</ns3:cad>
          </ns3:TrackPointExtension>
        </extensions>
      </trkpt>
      <trkpt lat="31.2731253169476985931396484375" lon="121.52596886269748210906982421875">
        <ele>10</ele>
        <time>2026-08-27T10:18:43.000Z</time>
        <extensions>
          <ns3:TrackPointExtension>
            <ns3:hr>118</ns3:hr>
            <ns3:cad>82</ns3:cad>
          </ns3:TrackPointExtension>
        </extensions>
      </trkpt>
      <trkpt lat="31.2730793841183185577392578125" lon="121.52580005116760730743408203125">
        <ele>8</ele>
        <time>2026-08-27T10:18:50.000Z</time>
        <extensions>
          <ns3:TrackPointExtension>
            <ns3:hr>120</ns3:hr>
            <ns3:cad>82</ns3:cad>
          </ns3:TrackPointExtension>
        </extensions>
      </trkpt>
      <trkpt lat="31.2730106525123119354248046875" lon="121.52560475282371044158935546875">
        <ele>7.400000095367431640625</ele>
        <time>2026-08-27T10:18:58.000Z</time>
        <extensions>
          <ns3:TrackPointExtension>
            <ns3:hr>122</ns3:hr>
            <ns3:cad>82</ns3:cad>
          </ns3:TrackPointExtension>
        </extensions>
      </trkpt>
      <trkpt lat="31.27299548126757144927978515625" lon="121.5255815349519252777099609375">
        <ele>7.400000095367431640625</ele>
        <time>2026-08-27T10:18:59.000Z</time>
        <extensions>
          <ns3:TrackPointExtension>
            <ns3:hr>123</ns3:hr>
            <ns3:cad>82</ns3:cad>
          </ns3:TrackPointExtension>
        </extensions>
      </trkpt>
      <trkpt lat="31.2729174457490444183349609375" lon="121.52538380585610866546630859375">
        <ele>8</ele>
        <time>2026-08-27T10:19:07.000Z</time>
        <extensions>
          <ns3:TrackPointExtension>
            <ns3:hr>124</ns3:hr>
            <ns3:cad>82</ns3:cad>
          </ns3:TrackPointExtension>
        </extensions>
      </trkpt>
      <trkpt lat="31.27290914766490459442138671875" lon="121.52536201290786266326904296875">
        <ele>8.19999980926513671875</ele>
        <time>2026-08-27T10:19:08.000Z</time>
        <extensions>
          <ns3:TrackPointExtension>
            <ns3:hr>124</ns3:hr>
            <ns3:cad>83</ns3:cad>
          </ns3:TrackPointExtension>
        </extensions>
      </trkpt>
      <trkpt lat="31.2728098221123218536376953125" lon="121.5251641161739826202392578125">
        <ele>10</ele>
        <time>2026-08-27T10:19:16.000Z</time>
        <extensions>
          <ns3:TrackPointExtension>
            <ns3:hr>127</ns3:hr>
            <ns3:cad>83</ns3:cad>
          </ns3:TrackPointExtension>
        </extensions>
      </trkpt>
      <trkpt lat="31.2727085687220096588134765625" lon="121.52497963048517704010009765625">
        <ele>14.19999980926513671875</ele>
        <time>2026-08-27T10:19:24.000Z</time>
        <extensions>
          <ns3:TrackPointExtension>
            <ns3:hr>127</ns3:hr>
            <ns3:cad>82</ns3:cad>
          </ns3:TrackPointExtension>
        </extensions>
      </trkpt>
      <trkpt lat="31.27269105054438114166259765625" lon="121.52496077120304107666015625">
        <ele>15.19999980926513671875</ele>
        <time>2026-08-27T10:19:25.000Z</time>
        <extensions>
          <ns3:TrackPointExtension>
            <ns3:hr>127</ns3:hr>
            <ns3:cad>82</ns3:cad>
          </ns3:TrackPointExtension>
        </extensions>
      </trkpt>
      <trkpt lat="31.27263003028929233551025390625" lon="121.52475181035697460174560546875">
        <ele>16.200000762939453125</ele>
        <time>2026-08-27T10:19:33.000Z</time>
        <extensions>
          <ns3:TrackPointExtension>
            <ns3:hr>128</ns3:hr>
            <ns3:cad>83</ns3:cad>
          </ns3:TrackPointExtension>
        </extensions>
      </trkpt>
      <trkpt lat="31.2726187147200107574462890625" lon="121.52472867630422115325927734375">
        <ele>16.3999996185302734375</ele>
        <time>2026-08-27T10:19:34.000Z</time>
        <extensions>
          <ns3:TrackPointExtension>
            <ns3:hr>128</ns3:hr>
            <ns3:cad>83</ns3:cad>
          </ns3:TrackPointExtension>
        </extensions>
      </trkpt>
      <trkpt lat="31.2725305370986461639404296875" lon="121.5245153568685054779052734375">
        <ele>17.6000003814697265625</ele>
        <time>2026-08-27T10:19:42.000Z</time>
        <extensions>
          <ns3:TrackPointExtension>
            <ns3:hr>128</ns3:hr>
            <ns3:cad>83</ns3:cad>
          </ns3:TrackPointExtension>
        </extensions>
      </trkpt>
      <trkpt lat="31.27251922152936458587646484375" lon="121.52446112595498561859130859375">
        <ele>16.3999996185302734375</ele>
        <time>2026-08-27T10:19:44.000Z</time>
        <extensions>
          <ns3:TrackPointExtension>
            <ns3:hr>128</ns3:hr>
            <ns3:cad>82</ns3:cad>
          </ns3:TrackPointExtension>
        </extensions>
      </trkpt>
      <trkpt lat="31.2725040502846240997314453125" lon="121.52432047761976718902587890625">
        <ele>12.6000003814697265625</ele>
        <time>2026-08-27T10:19:48.000Z</time>
        <extensions>
          <ns3:TrackPointExtension>
            <ns3:hr>128</ns3:hr>
            <ns3:cad>83</ns3:cad>
          </ns3:TrackPointExtension>
        </extensions>
      </trkpt>
      <trkpt lat="31.27251653932034969329833984375" lon="121.52428812347352504730224609375">
        <ele>11.3999996185302734375</ele>
        <time>2026-08-27T10:19:50.000Z</time>
        <extensions>
          <ns3:TrackPointExtension>
            <ns3:hr>128</ns3:hr>
            <ns3:cad>83</ns3:cad>
          </ns3:TrackPointExtension>
        </extensions>
      </trkpt>
      <trkpt lat="31.27254009246826171875" lon="121.52426331304013729095458984375">
        <ele>10.80000019073486328125</ele>
        <time>2026-08-27T10:19:51.000Z</time>
        <extensions>
          <ns3:TrackPointExtension>
            <ns3:hr>128</ns3:hr>
            <ns3:cad>82</ns3:cad>
          </ns3:TrackPointExtension>
        </extensions>
      </trkpt>
      <trkpt lat="31.272624246776103973388671875" lon="121.52420665137469768524169921875">
        <ele>9.19999980926513671875</ele>
        <time>2026-08-27T10:19:54.000Z</time>
        <extensions>
          <ns3:TrackPointExtension>
            <ns3:hr>129</ns3:hr>
            <ns3:cad>82</ns3:cad>
          </ns3:TrackPointExtension>
        </extensions>
      </trkpt>
      <trkpt lat="31.27278191037476062774658203125" lon="121.5240882150828838348388671875">
        <ele>8.80000019073486328125</ele>
        <time>2026-08-27T10:20:01.000Z</time>
        <extensions>
          <ns3:TrackPointExtension>
            <ns3:hr>130</ns3:hr>
            <ns3:cad>83</ns3:cad>
          </ns3:TrackPointExtension>
        </extensions>
      </trkpt>
      <trkpt lat="31.27283019013702869415283203125" lon="121.524057872593402862548828125">
        <ele>8.80000019073486328125</ele>
        <time>2026-08-27T10:20:03.000Z</time>
        <extensions>
          <ns3:TrackPointExtension>
            <ns3:hr>131</ns3:hr>
            <ns3:cad>83</ns3:cad>
          </ns3:TrackPointExtension>
        </extensions>
      </trkpt>
      <trkpt lat="31.27298341132700443267822265625" lon="121.52394563890993595123291015625">
        <ele>7.400000095367431640625</ele>
        <time>2026-08-27T10:20:09.000Z</time>
        <extensions>
          <ns3:TrackPointExtension>
            <ns3:hr>133</ns3:hr>
            <ns3:cad>84</ns3:cad>
          </ns3:TrackPointExtension>
        </extensions>
      </trkpt>
      <trkpt lat="31.27301978878676891326904296875" lon="121.52391060255467891693115234375">
        <ele>7</ele>
        <time>2026-08-27T10:20:11.000Z</time>
        <extensions>
          <ns3:TrackPointExtension>
            <ns3:hr>133</ns3:hr>
            <ns3:cad>83</ns3:cad>
          </ns3:TrackPointExtension>
        </extensions>
      </trkpt>
      <trkpt lat="31.27317585982382297515869140625" lon="121.5237583033740520477294921875">
        <ele>6.80000019073486328125</ele>
        <time>2026-08-27T10:20:19.000Z</time>
        <extensions>
          <ns3:TrackPointExtension>
            <ns3:hr>134</ns3:hr>
            <ns3:cad>83</ns3:cad>
          </ns3:TrackPointExtension>
        </extensions>
      </trkpt>
      <trkpt lat="31.27329622395336627960205078125" lon="121.52362880297005176544189453125">
        <ele>7</ele>
        <time>2026-08-27T10:20:27.000Z</time>
        <extensions>
          <ns3:TrackPointExtension>
            <ns3:hr>135</ns3:hr>
            <ns3:cad>84</ns3:cad>
          </ns3:TrackPointExtension>
        </extensions>
      </trkpt>
      <trkpt lat="31.27332455478608608245849609375" lon="121.52362226508557796478271484375">
        <ele>7</ele>
        <time>2026-08-27T10:20:34.000Z</time>
        <extensions>
          <ns3:TrackPointExtension>
            <ns3:hr>133</ns3:hr>
            <ns3:cad>0</ns3:cad>
          </ns3:TrackPointExtension>
        </extensions>
      </trkpt>
      <trkpt lat="31.27334400080144405364990234375" lon="121.52361857704818248748779296875">
        <ele>7</ele>
        <time>2026-08-27T10:20:37.000Z</time>
        <extensions>
          <ns3:TrackPointExtension>
            <ns3:hr>130</ns3:hr>
            <ns3:cad>0</ns3:cad>
          </ns3:TrackPointExtension>
        </extensions>
      </trkpt>
      <trkpt lat="31.27337761223316192626953125" lon="121.5236181579530239105224609375">
        <ele>7</ele>
        <time>2026-08-27T10:20:41.000Z</time>
        <extensions>
          <ns3:TrackPointExtension>
            <ns3:hr>129</ns3:hr>
            <ns3:cad>55</ns3:cad>
          </ns3:TrackPointExtension>
        </extensions>
      </trkpt>
      <trkpt lat="31.27342798747122287750244140625" lon="121.5235772542655467987060546875">
        <ele>7</ele>
        <time>2026-08-27T10:20:48.000Z</time>
        <extensions>
          <ns3:TrackPointExtension>
            <ns3:hr>129</ns3:hr>
            <ns3:cad>51</ns3:cad>
          </ns3:TrackPointExtension>
        </extensions>
      </trkpt>
      <trkpt lat="31.27346939407289028167724609375" lon="121.5235531143844127655029296875">
        <ele>7</ele>
        <time>2026-08-27T10:20:52.000Z</time>
        <extensions>
          <ns3:TrackPointExtension>
            <ns3:hr>126</ns3:hr>
            <ns3:cad>57</ns3:cad>
          </ns3:TrackPointExtension>
        </extensions>
      </trkpt>
      <trkpt lat="31.273491941392421722412109375" lon="121.52354800142347812652587890625">
        <ele>6.80000019073486328125</ele>
        <time>2026-08-27T10:20:54.000Z</time>
        <extensions>
          <ns3:TrackPointExtension>
            <ns3:hr>123</ns3:hr>
            <ns3:cad>57</ns3:cad>
          </ns3:TrackPointExtension>
        </extensions>
      </trkpt>
      <trkpt lat="31.27351147122681140899658203125" lon="121.5235371887683868408203125">
        <ele>6.599999904632568359375</ele>
        <time>2026-08-27T10:20:56.000Z</time>
        <extensions>
          <ns3:TrackPointExtension>
            <ns3:hr>121</ns3:hr>
            <ns3:cad>57</ns3:cad>
          </ns3:TrackPointExtension>
        </extensions>
      </trkpt>
      <trkpt lat="31.273535192012786865234375" lon="121.52351246215403079986572265625">
        <ele>6.19999980926513671875</ele>
        <time>2026-08-27T10:20:59.000Z</time>
        <extensions>
          <ns3:TrackPointExtension>
            <ns3:hr>118</ns3:hr>
            <ns3:cad>57</ns3:cad>
          </ns3:TrackPointExtension>
        </extensions>
      </trkpt>
      <trkpt lat="31.2735553085803985595703125" lon="121.5235004760324954986572265625">
        <ele>6</ele>
        <time>2026-08-27T10:21:01.000Z</time>
        <extensions>
          <ns3:TrackPointExtension>
            <ns3:hr>114</ns3:hr>
            <ns3:cad>56</ns3:cad>
          </ns3:TrackPointExtension>
        </extensions>
      </trkpt>
      <trkpt lat="31.27358011901378631591796875" lon="121.5235023200511932373046875">
        <ele>5.80000019073486328125</ele>
        <time>2026-08-27T10:21:03.000Z</time>
        <extensions>
          <ns3:TrackPointExtension>
            <ns3:hr>110</ns3:hr>
            <ns3:cad>56</ns3:cad>
          </ns3:TrackPointExtension>
        </extensions>
      </trkpt>
      <trkpt lat="31.2736061029136180877685546875" lon="121.5234666131436824798583984375">
        <ele>5.400000095367431640625</ele>
        <time>2026-08-27T10:21:06.000Z</time>
        <extensions>
          <ns3:TrackPointExtension>
            <ns3:hr>107</ns3:hr>
            <ns3:cad>55</ns3:cad>
          </ns3:TrackPointExtension>
        </extensions>
      </trkpt>
      <trkpt lat="31.2736600823700428009033203125" lon="121.52340752072632312774658203125">
        <ele>4.599999904632568359375</ele>
        <time>2026-08-27T10:21:13.000Z</time>
        <extensions>
          <ns3:TrackPointExtension>
            <ns3:hr>105</ns3:hr>
            <ns3:cad>55</ns3:cad>
          </ns3:TrackPointExtension>
        </extensions>
      </trkpt>
      <trkpt lat="31.27369352616369724273681640625" lon="121.523376591503620147705078125">
        <ele>4.400000095367431640625</ele>
        <time>2026-08-27T10:21:19.000Z</time>
        <extensions>
          <ns3:TrackPointExtension>
            <ns3:hr>104</ns3:hr>
            <ns3:cad>55</ns3:cad>
          </ns3:TrackPointExtension>
        </extensions>
      </trkpt>
      <trkpt lat="31.2737147323787212371826171875" lon="121.5233204327523708343505859375">
        <ele>3.7999999523162841796875</ele>
        <time>2026-08-27T10:21:23.000Z</time>
        <extensions>
          <ns3:TrackPointExtension>
            <ns3:hr>101</ns3:hr>
            <ns3:cad>54</ns3:cad>
          </ns3:TrackPointExtension>
        </extensions>
      </trkpt>
      <trkpt lat="31.27371699549257755279541015625" lon="121.52331096120178699493408203125">
        <ele>3.7999999523162841796875</ele>
        <time>2026-08-27T10:21:25.000Z</time>
        <extensions>
          <ns3:TrackPointExtension>
            <ns3:hr>100</ns3:hr>
            <ns3:cad>0</ns3:cad>
          </ns3:TrackPointExtension>
        </extensions>
      </trkpt>
      <trkpt lat="31.2737120501697063446044921875" lon="121.52328631840646266937255859375">
        <ele>3.599999904632568359375</ele>
        <time>2026-08-27T10:21:33.000Z</time>
        <extensions>
          <ns3:TrackPointExtension>
            <ns3:hr>99</ns3:hr>
            <ns3:cad>0</ns3:cad>
          </ns3:TrackPointExtension>
        </extensions>
      </trkpt>
      <trkpt lat="31.27367408014833927154541015625" lon="121.5231752581894397735595703125">
        <ele>3</ele>
        <time>2026-08-27T10:21:41.000Z</time>
        <extensions>
          <ns3:TrackPointExtension>
            <ns3:hr>102</ns3:hr>
            <ns3:cad>55</ns3:cad>
          </ns3:TrackPointExtension>
        </extensions>
      </trkpt>
      <trkpt lat="31.273671649396419525146484375" lon="121.5231320075690746307373046875">
        <ele>2.7999999523162841796875</ele>
        <time>2026-08-27T10:21:43.000Z</time>
        <extensions>
          <ns3:TrackPointExtension>
            <ns3:hr>99</ns3:hr>
            <ns3:cad>55</ns3:cad>
          </ns3:TrackPointExtension>
        </extensions>
      </trkpt>
      <trkpt lat="31.273655556142330169677734375" lon="121.52305179275572299957275390625">
        <ele>2.7999999523162841796875</ele>
        <time>2026-08-27T10:21:46.000Z</time>
        <extensions>
          <ns3:TrackPointExtension>
            <ns3:hr>96</ns3:hr>
            <ns3:cad>84</ns3:cad>
          </ns3:TrackPointExtension>
        </extensions>
      </trkpt>
      <trkpt lat="31.2736443243920803070068359375" lon="121.523019187152385711669921875">
        <ele>3</ele>
        <time>2026-08-27T10:21:47.000Z</time>
        <extensions>
          <ns3:TrackPointExtension>
            <ns3:hr>95</ns3:hr>
            <ns3:cad>84</ns3:cad>
          </ns3:TrackPointExtension>
        </extensions>
      </trkpt>
      <trkpt lat="31.27358774654567241668701171875" lon="121.52289689518511295318603515625">
        <ele>3.2000000476837158203125</ele>
        <time>2026-08-27T10:21:52.000Z</time>
        <extensions>
          <ns3:TrackPointExtension>
            <ns3:hr>97</ns3:hr>
            <ns3:cad>84</ns3:cad>
          </ns3:TrackPointExtension>
        </extensions>
      </trkpt>
      <trkpt lat="31.27355136908590793609619140625" lon="121.52281709946691989898681640625">
        <ele>3.400000095367431640625</ele>
        <time>2026-08-27T10:21:55.000Z</time>
        <extensions>
          <ns3:TrackPointExtension>
            <ns3:hr>100</ns3:hr>
            <ns3:cad>84</ns3:cad>
          </ns3:TrackPointExtension>
        </extensions>
      </trkpt>
      <trkpt lat="31.27352605573832988739013671875" lon="121.5227662213146686553955078125">
        <ele>3.7999999523162841796875</ele>
        <time>2026-08-27T10:21:57.000Z</time>
        <extensions>
          <ns3:TrackPointExtension>
            <ns3:hr>103</ns3:hr>
            <ns3:cad>84</ns3:cad>
          </ns3:TrackPointExtension>
        </extensions>
      </trkpt>
      <trkpt lat="31.273497641086578369140625" lon="121.522712409496307373046875">
        <ele>4.400000095367431640625</ele>
        <time>2026-08-27T10:21:59.000Z</time>
        <extensions>
          <ns3:TrackPointExtension>
            <ns3:hr>107</ns3:hr>
            <ns3:cad>84</ns3:cad>
          </ns3:TrackPointExtension>
        </extensions>
      </trkpt>
      <trkpt lat="31.27346880733966827392578125" lon="121.5226609446108341217041015625">
        <ele>4.80000019073486328125</ele>
        <time>2026-08-27T10:22:01.000Z</time>
        <extensions>
          <ns3:TrackPointExtension>
            <ns3:hr>110</ns3:hr>
            <ns3:cad>84</ns3:cad>
          </ns3:TrackPointExtension>
        </extensions>
      </trkpt>
      <trkpt lat="31.27343452535569667816162109375" lon="121.52258341200649738311767578125">
        <ele>5.400000095367431640625</ele>
        <time>2026-08-27T10:22:04.000Z</time>
        <extensions>
          <ns3:TrackPointExtension>
            <ns3:hr>113</ns3:hr>
            <ns3:cad>84</ns3:cad>
          </ns3:TrackPointExtension>
        </extensions>
      </trkpt>
      <trkpt lat="31.2734099663794040679931640625" lon="121.52253068983554840087890625">
        <ele>5.400000095367431640625</ele>
        <time>2026-08-27T10:22:06.000Z</time>
        <extensions>
          <ns3:TrackPointExtension>
            <ns3:hr>114</ns3:hr>
            <ns3:cad>84</ns3:cad>
          </ns3:TrackPointExtension>
        </extensions>
      </trkpt>
      <trkpt lat="31.2733522988855838775634765625" lon="121.52237436734139919281005859375">
        <ele>5.80000019073486328125</ele>
        <time>2026-08-27T10:22:12.000Z</time>
        <extensions>
          <ns3:TrackPointExtension>
            <ns3:hr>117</ns3:hr>
            <ns3:cad>84</ns3:cad>
          </ns3:TrackPointExtension>
        </extensions>
      </trkpt>
      <trkpt lat="31.27334006130695343017578125" lon="121.522310078144073486328125">
        <ele>6</ele>
        <time>2026-08-27T10:22:14.000Z</time>
        <extensions>
          <ns3:TrackPointExtension>
            <ns3:hr>117</ns3:hr>
            <ns3:cad>83</ns3:cad>
          </ns3:TrackPointExtension>
        </extensions>
      </trkpt>
      <trkpt lat="31.27334274351596832275390625" lon="121.5222592838108539581298828125">
        <ele>6</ele>
        <time>2026-08-27T10:22:16.000Z</time>
        <extensions>
          <ns3:TrackPointExtension>
            <ns3:hr>118</ns3:hr>
            <ns3:cad>82</ns3:cad>
          </ns3:TrackPointExtension>
        </extensions>
      </trkpt>
      <trkpt lat="31.27337719313800334930419921875" lon="121.5222207270562648773193359375">
        <ele>6.19999980926513671875</ele>
        <time>2026-08-27T10:22:18.000Z</time>
        <extensions>
          <ns3:TrackPointExtension>
            <ns3:hr>118</ns3:hr>
            <ns3:cad>82</ns3:cad>
          </ns3:TrackPointExtension>
        </extensions>
      </trkpt>
      <trkpt lat="31.27350208349525928497314453125" lon="121.52214989997446537017822265625">
        <ele>6.400000095367431640625</ele>
        <time>2026-08-27T10:22:24.000Z</time>
        <extensions>
          <ns3:TrackPointExtension>
            <ns3:hr>120</ns3:hr>
            <ns3:cad>84</ns3:cad>
          </ns3:TrackPointExtension>
        </extensions>
      </trkpt>
      <trkpt lat="31.27358456142246723175048828125" lon="121.52206800878047943115234375">
        <ele>6</ele>
        <time>2026-08-27T10:22:28.000Z</time>
        <extensions>
          <ns3:TrackPointExtension>
            <ns3:hr>123</ns3:hr>
            <ns3:cad>84</ns3:cad>
          </ns3:TrackPointExtension>
        </extensions>
      </trkpt>
      <trkpt lat="31.2736895866692066192626953125" lon="121.52199030853807926177978515625">
        <ele>6.599999904632568359375</ele>
        <time>2026-08-27T10:22:32.000Z</time>
        <extensions>
          <ns3:TrackPointExtension>
            <ns3:hr>125</ns3:hr>
            <ns3:cad>84</ns3:cad>
          </ns3:TrackPointExtension>
        </extensions>
      </trkpt>
      <trkpt lat="31.27387105487287044525146484375" lon="121.52195342816412448883056640625">
        <ele>7.80000019073486328125</ele>
        <time>2026-08-27T10:22:39.000Z</time>
        <extensions>
          <ns3:TrackPointExtension>
            <ns3:hr>128</ns3:hr>
            <ns3:cad>83</ns3:cad>
          </ns3:TrackPointExtension>
        </extensions>
      </trkpt>
      <trkpt lat="31.27390801906585693359375" lon="121.52191738598048686981201171875">
        <ele>8</ele>
        <time>2026-08-27T10:22:41.000Z</time>
        <extensions>
          <ns3:TrackPointExtension>
            <ns3:hr>128</ns3:hr>
            <ns3:cad>83</ns3:cad>
          </ns3:TrackPointExtension>
        </extensions>
      </trkpt>
      <trkpt lat="31.27406719140708446502685546875" lon="121.52181646786630153656005859375">
        <ele>8.80000019073486328125</ele>
        <time>2026-08-27T10:22:49.000Z</time>
        <extensions>
          <ns3:TrackPointExtension>
            <ns3:hr>130</ns3:hr>
            <ns3:cad>83</ns3:cad>
          </ns3:TrackPointExtension>
        </extensions>
      </trkpt>
      <trkpt lat="31.27409066073596477508544921875" lon="121.52180247008800506591796875">
        <ele>8.80000019073486328125</ele>
        <time>2026-08-27T10:22:50.000Z</time>
        <extensions>
          <ns3:TrackPointExtension>
            <ns3:hr>130</ns3:hr>
            <ns3:cad>83</ns3:cad>
          </ns3:TrackPointExtension>
        </extensions>
      </trkpt>
      <trkpt lat="31.27420616336166858673095703125" lon="121.52172443456947803497314453125">
        <ele>8.80000019073486328125</ele>
        <time>2026-08-27T10:22:56.000Z</time>
        <extensions>
          <ns3:TrackPointExtension>
            <ns3:hr>133</ns3:hr>
            <ns3:cad>83</ns3:cad>
          </ns3:TrackPointExtension>
        </extensions>
      </trkpt>
      <trkpt lat="31.27428688108921051025390625" lon="121.52167263440787792205810546875">
        <ele>8.6000003814697265625</ele>
        <time>2026-08-27T10:23:00.000Z</time>
        <extensions>
          <ns3:TrackPointExtension>
            <ns3:hr>133</ns3:hr>
            <ns3:cad>83</ns3:cad>
          </ns3:TrackPointExtension>
        </extensions>
      </trkpt>
      <trkpt lat="31.274321414530277252197265625" lon="121.52164933271706104278564453125">
        <ele>8.6000003814697265625</ele>
        <time>2026-08-27T10:23:02.000Z</time>
        <extensions>
          <ns3:TrackPointExtension>
            <ns3:hr>133</ns3:hr>
            <ns3:cad>83</ns3:cad>
          </ns3:TrackPointExtension>
        </extensions>
      </trkpt>
      <trkpt lat="31.27438905648887157440185546875" lon="121.521619074046611785888671875">
        <ele>8.80000019073486328125</ele>
        <time>2026-08-27T10:23:05.000Z</time>
        <extensions>
          <ns3:TrackPointExtension>
            <ns3:hr>133</ns3:hr>
            <ns3:cad>83</ns3:cad>
          </ns3:TrackPointExtension>
        </extensions>
      </trkpt>
      <trkpt lat="31.2745683453977108001708984375" lon="121.52153399772942066192626953125">
        <ele>8.19999980926513671875</ele>
        <time>2026-08-27T10:23:12.000Z</time>
        <extensions>
          <ns3:TrackPointExtension>
            <ns3:hr>133</ns3:hr>
            <ns3:cad>83</ns3:cad>
          </ns3:TrackPointExtension>
        </extensions>
      </trkpt>
      <trkpt lat="31.27465660683810710906982421875" lon="121.52149669826030731201171875">
        <ele>8.19999980926513671875</ele>
        <time>2026-08-27T10:23:18.000Z</time>
        <extensions>
          <ns3:TrackPointExtension>
            <ns3:hr>135</ns3:hr>
            <ns3:cad>74</ns3:cad>
          </ns3:TrackPointExtension>
        </extensions>
      </trkpt>
      <trkpt lat="31.274724416434764862060546875" lon="121.52147389948368072509765625">
        <ele>8</ele>
        <time>2026-08-27T10:23:25.000Z</time>
        <extensions>
          <ns3:TrackPointExtension>
            <ns3:hr>132</ns3:hr>
            <ns3:cad>0</ns3:cad>
          </ns3:TrackPointExtension>
        </extensions>
      </trkpt>
      <trkpt lat="31.27478585578501224517822265625" lon="121.52143358252942562103271484375">
        <ele>7.599999904632568359375</ele>
        <time>2026-08-27T10:23:32.000Z</time>
        <extensions>
          <ns3:TrackPointExtension>
            <ns3:hr>130</ns3:hr>
            <ns3:cad>56</ns3:cad>
          </ns3:TrackPointExtension>
        </extensions>
      </trkpt>
      <trkpt lat="31.2748275138437747955322265625" lon="121.52142427861690521240234375">
        <ele>7.400000095367431640625</ele>
        <time>2026-08-27T10:23:36.000Z</time>
        <extensions>
          <ns3:TrackPointExtension>
            <ns3:hr>125</ns3:hr>
            <ns3:cad>55</ns3:cad>
          </ns3:TrackPointExtension>
        </extensions>
      </trkpt>
      <trkpt lat="31.27487101592123508453369140625" lon="121.52141665108501911163330078125">
        <ele>7</ele>
        <time>2026-08-27T10:23:39.000Z</time>
        <extensions>
          <ns3:TrackPointExtension>
            <ns3:hr>124</ns3:hr>
            <ns3:cad>55</ns3:cad>
          </ns3:TrackPointExtension>
        </extensions>
      </trkpt>
      <trkpt lat="31.27492499537765979766845703125" lon="121.52142427861690521240234375">
        <ele>6.599999904632568359375</ele>
        <time>2026-08-27T10:23:45.000Z</time>
        <extensions>
          <ns3:TrackPointExtension>
            <ns3:hr>121</ns3:hr>
            <ns3:cad>54</ns3:cad>
          </ns3:TrackPointExtension>
        </extensions>
      </trkpt>
      <trkpt lat="31.2749301083385944366455078125" lon="121.52142922393977642059326171875">
        <ele>6.599999904632568359375</ele>
        <time>2026-08-27T10:23:46.000Z</time>
        <extensions>
          <ns3:TrackPointExtension>
            <ns3:hr>119</ns3:hr>
            <ns3:cad>55</ns3:cad>
          </ns3:TrackPointExtension>
        </extensions>
      </trkpt>
      <trkpt lat="31.27494310028851032257080078125" lon="121.5214391984045505523681640625">
        <ele>6.400000095367431640625</ele>
        <time>2026-08-27T10:23:47.000Z</time>
        <extensions>
          <ns3:TrackPointExtension>
            <ns3:hr>118</ns3:hr>
            <ns3:cad>54</ns3:cad>
          </ns3:TrackPointExtension>
        </extensions>
      </trkpt>
      <trkpt lat="31.27497495152056217193603515625" lon="121.5214693732559680938720703125">
        <ele>6.19999980926513671875</ele>
        <time>2026-08-27T10:23:49.000Z</time>
        <extensions>
          <ns3:TrackPointExtension>
            <ns3:hr>116</ns3:hr>
            <ns3:cad>0</ns3:cad>
          </ns3:TrackPointExtension>
        </extensions>
      </trkpt>
      <trkpt lat="31.27499741502106189727783203125" lon="121.52152662165462970733642578125">
        <ele>5.80000019073486328125</ele>
        <time>2026-08-27T10:23:51.000Z</time>
        <extensions>
          <ns3:TrackPointExtension>
            <ns3:hr>114</ns3:hr>
            <ns3:cad>0</ns3:cad>
          </ns3:TrackPointExtension>
        </extensions>
      </trkpt>
      <trkpt lat="31.2750779651105403900146484375" lon="121.52167967520654201507568359375">
        <ele>4.400000095367431640625</ele>
        <time>2026-08-27T10:23:57.000Z</time>
        <extensions>
          <ns3:TrackPointExtension>
            <ns3:hr>113</ns3:hr>
            <ns3:cad>86</ns3:cad>
          </ns3:TrackPointExtension>
        </extensions>
      </trkpt>
      <trkpt lat="31.2751346267759799957275390625" lon="121.5217962674796581268310546875">
        <ele>3.599999904632568359375</ele>
        <time>2026-08-27T10:24:01.000Z</time>
        <extensions>
          <ns3:TrackPointExtension>
            <ns3:hr>114</ns3:hr>
            <ns3:cad>85</ns3:cad>
          </ns3:TrackPointExtension>
        </extensions>
      </trkpt>
      <trkpt lat="31.27520344220101833343505859375" lon="121.5218894742429256439208984375">
        <ele>3.400000095367431640625</ele>
        <time>2026-08-27T10:24:06.000Z</time>
        <extensions>
          <ns3:TrackPointExtension>
            <ns3:hr>114</ns3:hr>
            <ns3:cad>84</ns3:cad>
          </ns3:TrackPointExtension>
        </extensions>
      </trkpt>
      <trkpt lat="31.27522540278732776641845703125" lon="121.5219028852880001068115234375">
        <ele>3.2000000476837158203125</ele>
        <time>2026-08-27T10:24:08.000Z</time>
        <extensions>
          <ns3:TrackPointExtension>
            <ns3:hr>114</ns3:hr>
            <ns3:cad>84</ns3:cad>
          </ns3:TrackPointExtension>
        </extensions>
      </trkpt>
      <trkpt lat="31.27526395954191684722900390625" lon="121.52187095023691654205322265625">
        <ele>3</ele>
        <time>2026-08-27T10:24:11.000Z</time>
        <extensions>
          <ns3:TrackPointExtension>
            <ns3:hr>114</ns3:hr>
            <ns3:cad>79</ns3:cad>
          </ns3:TrackPointExtension>
        </extensions>
      </trkpt>
      <trkpt lat="31.2752955593168735504150390625" lon="121.52184664271771907806396484375">
        <ele>3</ele>
        <time>2026-08-27T10:24:13.000Z</time>
        <extensions>
          <ns3:TrackPointExtension>
            <ns3:hr>114</ns3:hr>
            <ns3:cad>79</ns3:cad>
          </ns3:TrackPointExtension>
        </extensions>
      </trkpt>
      <trkpt lat="31.27533352933824062347412109375" lon="121.52178294025361537933349609375">
        <ele>3.400000095367431640625</ele>
        <time>2026-08-27T10:24:16.000Z</time>
        <extensions>
          <ns3:TrackPointExtension>
            <ns3:hr>116</ns3:hr>
            <ns3:cad>82</ns3:cad>
          </ns3:TrackPointExtension>
        </extensions>
      </trkpt>
      <trkpt lat="31.2753336131572723388671875" lon="121.52168311178684234619140625">
        <ele>3.599999904632568359375</ele>
        <time>2026-08-27T10:24:20.000Z</time>
        <extensions>
          <ns3:TrackPointExtension>
            <ns3:hr>119</ns3:hr>
            <ns3:cad>84</ns3:cad>
          </ns3:TrackPointExtension>
        </extensions>
      </trkpt>
      <trkpt lat="31.27532145939767360687255859375" lon="121.52162737213075160980224609375">
        <ele>3.7999999523162841796875</ele>
        <time>2026-08-27T10:24:22.000Z</time>
        <extensions>
          <ns3:TrackPointExtension>
            <ns3:hr>119</ns3:hr>
            <ns3:cad>83</ns3:cad>
          </ns3:TrackPointExtension>
        </extensions>
      </trkpt>
      <trkpt lat="31.275272257626056671142578125" lon="121.5214831195771694183349609375">
        <ele>4.19999980926513671875</ele>
        <time>2026-08-27T10:24:28.000Z</time>
        <extensions>
          <ns3:TrackPointExtension>
            <ns3:hr>119</ns3:hr>
            <ns3:cad>83</ns3:cad>
          </ns3:TrackPointExtension>
        </extensions>
      </trkpt>
      <trkpt lat="31.27518449909985065460205078125" lon="121.521282456815242767333984375">
        <ele>4.400000095367431640625</ele>
        <time>2026-08-27T10:24:37.000Z</time>
        <extensions>
          <ns3:TrackPointExtension>
            <ns3:hr>121</ns3:hr>
            <ns3:cad>82</ns3:cad>
          </ns3:TrackPointExtension>
        </extensions>
      </trkpt>
      <trkpt lat="31.27510738559067249298095703125" lon="121.521107442677021026611328125">
        <ele>4.599999904632568359375</ele>
        <time>2026-08-27T10:24:45.000Z</time>
        <extensions>
          <ns3:TrackPointExtension>
            <ns3:hr>122</ns3:hr>
            <ns3:cad>83</ns3:cad>
          </ns3:TrackPointExtension>
        </extensions>
      </trkpt>
      <trkpt lat="31.27499858848750591278076171875" lon="121.52092966251075267791748046875">
        <ele>5.19999980926513671875</ele>
        <time>2026-08-27T10:24:53.000Z</time>
        <extensions>
          <ns3:TrackPointExtension>
            <ns3:hr>123</ns3:hr>
            <ns3:cad>83</ns3:cad>
          </ns3:TrackPointExtension>
        </extensions>
      </trkpt>
      <trkpt lat="31.27496656961739063262939453125" lon="121.52087551541626453399658203125">
        <ele>5.400000095367431640625</ele>
        <time>2026-08-27T10:24:58.000Z</time>
        <extensions>
          <ns3:TrackPointExtension>
            <ns3:hr>124</ns3:hr>
            <ns3:cad>81</ns3:cad>
          </ns3:TrackPointExtension>
        </extensions>
      </trkpt>
      <trkpt lat="31.2749173678457736968994140625" lon="121.52080175466835498809814453125">
        <ele>5.599999904632568359375</ele>
        <time>2026-08-27T10:25:06.000Z</time>
        <extensions>
          <ns3:TrackPointExtension>
            <ns3:hr>124</ns3:hr>
            <ns3:cad>0</ns3:cad>
          </ns3:TrackPointExtension>
        </extensions>
      </trkpt>
      <trkpt lat="31.2748878635466098785400390625" lon="121.52075012214481830596923828125">
        <ele>5.80000019073486328125</ele>
        <time>2026-08-27T10:25:11.000Z</time>
        <extensions>
          <ns3:TrackPointExtension>
            <ns3:hr>125</ns3:hr>
            <ns3:cad>53</ns3:cad>
          </ns3:TrackPointExtension>
        </extensions>
      </trkpt>
      <trkpt lat="31.27486799843609333038330078125" lon="121.52072824537754058837890625">
        <ele>6</ele>
        <time>2026-08-27T10:25:13.000Z</time>
        <extensions>
          <ns3:TrackPointExtension>
            <ns3:hr>126</ns3:hr>
            <ns3:cad>53</ns3:cad>
          </ns3:TrackPointExtension>
        </extensions>
      </trkpt>
      <trkpt lat="31.27480412833392620086669921875" lon="121.52058248408138751983642578125">
        <ele>6.80000019073486328125</ele>
        <time>2026-08-27T10:25:21.000Z</time>
        <extensions>
          <ns3:TrackPointExtension>
            <ns3:hr>124</ns3:hr>
            <ns3:cad>83</ns3:cad>
          </ns3:TrackPointExtension>
        </extensions>
      </trkpt>
      <trkpt lat="31.27470673061907291412353515625" lon="121.52039724402129650115966796875">
        <ele>8.19999980926513671875</ele>
        <time>2026-08-27T10:25:29.000Z</time>
        <extensions>
          <ns3:TrackPointExtension>
            <ns3:hr>123</ns3:hr>
            <ns3:cad>84</ns3:cad>
          </ns3:TrackPointExtension>
        </extensions>
      </trkpt>
      <trkpt lat="31.27467035315930843353271484375" lon="121.52031828649342060089111328125">
        <ele>8.3999996185302734375</ele>
        <time>2026-08-27T10:25:32.000Z</time>
        <extensions>
          <ns3:TrackPointExtension>
            <ns3:hr>119</ns3:hr>
            <ns3:cad>83</ns3:cad>
          </ns3:TrackPointExtension>
        </extensions>
      </trkpt>
      <trkpt lat="31.274580918252468109130859375" lon="121.520147211849689483642578125">
        <ele>9</ele>
        <time>2026-08-27T10:25:39.000Z</time>
        <extensions>
          <ns3:TrackPointExtension>
            <ns3:hr>118</ns3:hr>
            <ns3:cad>83</ns3:cad>
          </ns3:TrackPointExtension>
        </extensions>
      </trkpt>
      <trkpt lat="31.27449315972626209259033203125" lon="121.51996188797056674957275390625">
        <ele>9.19999980926513671875</ele>
        <time>2026-08-27T10:25:47.000Z</time>
        <extensions>
          <ns3:TrackPointExtension>
            <ns3:hr>121</ns3:hr>
            <ns3:cad>84</ns3:cad>
          </ns3:TrackPointExtension>
        </extensions>
      </trkpt>
      <trkpt lat="31.27446214668452739715576171875" lon="121.51988578028976917266845703125">
        <ele>9.19999980926513671875</ele>
        <time>2026-08-27T10:25:50.000Z</time>
        <extensions>
          <ns3:TrackPointExtension>
            <ns3:hr>122</ns3:hr>
            <ns3:cad>84</ns3:cad>
          </ns3:TrackPointExtension>
        </extensions>
      </trkpt>
      <trkpt lat="31.2743701972067356109619140625" lon="121.51970070786774158477783203125">
        <ele>8.6000003814697265625</ele>
        <time>2026-08-27T10:25:58.000Z</time>
        <extensions>
          <ns3:TrackPointExtension>
            <ns3:hr>124</ns3:hr>
            <ns3:cad>83</ns3:cad>
          </ns3:TrackPointExtension>
        </extensions>
      </trkpt>
      <trkpt lat="31.2743467278778553009033203125" lon="121.51965443976223468780517578125">
        <ele>8.3999996185302734375</ele>
        <time>2026-08-27T10:26:00.000Z</time>
        <extensions>
          <ns3:TrackPointExtension>
            <ns3:hr>125</ns3:hr>
            <ns3:cad>83</ns3:cad>
          </ns3:TrackPointExtension>
        </extensions>
      </trkpt>
      <trkpt lat="31.27428092993795871734619140625" lon="121.51952653191983699798583984375">
        <ele>8</ele>
        <time>2026-08-27T10:26:05.000Z</time>
        <extensions>
          <ns3:TrackPointExtension>
            <ns3:hr>128</ns3:hr>
            <ns3:cad>84</ns3:cad>
          </ns3:TrackPointExtension>
        </extensions>
      </trkpt>
      <trkpt lat="31.27426953054964542388916015625" lon="121.5195004642009735107421875">
        <ele>7.80000019073486328125</ele>
        <time>2026-08-27T10:26:06.000Z</time>
        <extensions>
          <ns3:TrackPointExtension>
            <ns3:hr>128</ns3:hr>
            <ns3:cad>84</ns3:cad>
          </ns3:TrackPointExtension>
        </extensions>
      </trkpt>
      <trkpt lat="31.2742290459573268890380859375" lon="121.5193936787545680999755859375">
        <ele>7</ele>
        <time>2026-08-27T10:26:10.000Z</time>
        <extensions>
          <ns3:TrackPointExtension>
            <ns3:hr>128</ns3:hr>
            <ns3:cad>84</ns3:cad>
          </ns3:TrackPointExtension>
        </extensions>
      </trkpt>
      <trkpt lat="31.27418227493762969970703125" lon="121.51929066516458988189697265625">
        <ele>6.19999980926513671875</ele>
        <time>2026-08-27T10:26:14.000Z</time>
        <extensions>
          <ns3:TrackPointExtension>
            <ns3:hr>131</ns3:hr>
            <ns3:cad>84</ns3:cad>
          </ns3:TrackPointExtension>
        </extensions>
      </trkpt>
      <trkpt lat="31.274112872779369354248046875" lon="121.51914599351584911346435546875">
        <ele>5.19999980926513671875</ele>
        <time>2026-08-27T10:26:20.000Z</time>
        <extensions>
          <ns3:TrackPointExtension>
            <ns3:hr>134</ns3:hr>
            <ns3:cad>84</ns3:cad>
          </ns3:TrackPointExtension>
        </extensions>
      </trkpt>
      <trkpt lat="31.274045817553997039794921875" lon="121.51901942677795886993408203125">
        <ele>4.19999980926513671875</ele>
        <time>2026-08-27T10:26:28.000Z</time>
        <extensions>
          <ns3:TrackPointExtension>
            <ns3:hr>135</ns3:hr>
            <ns3:cad>0</ns3:cad>
          </ns3:TrackPointExtension>
        </extensions>
      </trkpt>
      <trkpt lat="31.274000890552997589111328125" lon="121.51893208734691143035888671875">
        <ele>3.7999999523162841796875</ele>
        <time>2026-08-27T10:26:36.000Z</time>
        <extensions>
          <ns3:TrackPointExtension>
            <ns3:hr>134</ns3:hr>
            <ns3:cad>54</ns3:cad>
          </ns3:TrackPointExtension>
        </extensions>
      </trkpt>
      <trkpt lat="31.2739987112581729888916015625" lon="121.51890342123806476593017578125">
        <ele>3.7999999523162841796875</ele>
        <time>2026-08-27T10:26:38.000Z</time>
        <extensions>
          <ns3:TrackPointExtension>
            <ns3:hr>134</ns3:hr>
            <ns3:cad>55</ns3:cad>
          </ns3:TrackPointExtension>
        </extensions>
      </trkpt>
      <trkpt lat="31.2739983759820461273193359375" lon="121.51884994469583034515380859375">
        <ele>3.7999999523162841796875</ele>
        <time>2026-08-27T10:26:42.000Z</time>
        <extensions>
          <ns3:TrackPointExtension>
            <ns3:hr>133</ns3:hr>
            <ns3:cad>55</ns3:cad>
          </ns3:TrackPointExtension>
        </extensions>
      </trkpt>
      <trkpt lat="31.27397348172962665557861328125" lon="121.5187720768153667449951171875">
        <ele>3.599999904632568359375</ele>
        <time>2026-08-27T10:26:47.000Z</time>
        <extensions>
          <ns3:TrackPointExtension>
            <ns3:hr>130</ns3:hr>
            <ns3:cad>55</ns3:cad>
          </ns3:TrackPointExtension>
        </extensions>
      </trkpt>
      <trkpt lat="31.2739611603319644927978515625" lon="121.51874751783907413482666015625">
        <ele>3.400000095367431640625</ele>
        <time>2026-08-27T10:26:50.000Z</time>
        <extensions>
          <ns3:TrackPointExtension>
            <ns3:hr>127</ns3:hr>
            <ns3:cad>56</ns3:cad>
          </ns3:TrackPointExtension>
        </extensions>
      </trkpt>
      <trkpt lat="31.27396007068455219268798828125" lon="121.51872253976762294769287109375">
        <ele>3.400000095367431640625</ele>
        <time>2026-08-27T10:26:52.000Z</time>
        <extensions>
          <ns3:TrackPointExtension>
            <ns3:hr>127</ns3:hr>
            <ns3:cad>57</ns3:cad>
          </ns3:TrackPointExtension>
        </extensions>
      </trkpt>
      <trkpt lat="31.2739524431526660919189453125" lon="121.51871181093156337738037109375">
        <ele>3.400000095367431640625</ele>
        <time>2026-08-27T10:26:53.000Z</time>
        <extensions>
          <ns3:TrackPointExtension>
            <ns3:hr>126</ns3:hr>
            <ns3:cad>57</ns3:cad>
          </ns3:TrackPointExtension>
        </extensions>
      </trkpt>
      <trkpt lat="31.27392218448221683502197265625" lon="121.518689431250095367431640625">
        <ele>3.2000000476837158203125</ele>
        <time>2026-08-27T10:26:56.000Z</time>
        <extensions>
          <ns3:TrackPointExtension>
            <ns3:hr>123</ns3:hr>
            <ns3:cad>57</ns3:cad>
          </ns3:TrackPointExtension>
        </extensions>
      </trkpt>
      <trkpt lat="31.27388211898505687713623046875" lon="121.5186822228133678436279296875">
        <ele>3</ele>
        <time>2026-08-27T10:26:59.000Z</time>
        <extensions>
          <ns3:TrackPointExtension>
            <ns3:hr>120</ns3:hr>
            <ns3:cad>55</ns3:cad>
          </ns3:TrackPointExtension>
        </extensions>
      </trkpt>
      <trkpt lat="31.27386854030191898345947265625" lon="121.518684066832065582275390625">
        <ele>3</ele>
        <time>2026-08-27T10:27:00.000Z</time>
        <extensions>
          <ns3:TrackPointExtension>
            <ns3:hr>119</ns3:hr>
            <ns3:cad>55</ns3:cad>
          </ns3:TrackPointExtension>
        </extensions>
      </trkpt>
      <trkpt lat="31.2737868167459964752197265625" lon="121.51865632273256778717041015625">
        <ele>3.2000000476837158203125</ele>
        <time>2026-08-27T10:27:07.000Z</time>
        <extensions>
          <ns3:TrackPointExtension>
            <ns3:hr>116</ns3:hr>
            <ns3:cad>54</ns3:cad>
          </ns3:TrackPointExtension>
        </extensions>
      </trkpt>
      <trkpt lat="31.273780949413776397705078125" lon="121.5186520479619503021240234375">
        <ele>3.2000000476837158203125</ele>
        <time>2026-08-27T10:27:08.000Z</time>
        <extensions>
          <ns3:TrackPointExtension>
            <ns3:hr>116</ns3:hr>
            <ns3:cad>54</ns3:cad>
          </ns3:TrackPointExtension>
        </extensions>
      </trkpt>
      <trkpt lat="31.2737784348428249359130859375" lon="121.51864551007747650146484375">
        <ele>3.2000000476837158203125</ele>
        <time>2026-08-27T10:27:09.000Z</time>
        <extensions>
          <ns3:TrackPointExtension>
            <ns3:hr>115</ns3:hr>
            <ns3:cad>54</ns3:cad>
          </ns3:TrackPointExtension>
        </extensions>
      </trkpt>
      <trkpt lat="31.27376762218773365020751953125" lon="121.51858205907046794891357421875">
        <ele>3.400000095367431640625</ele>
        <time>2026-08-27T10:27:14.000Z</time>
        <extensions>
          <ns3:TrackPointExtension>
            <ns3:hr>114</ns3:hr>
            <ns3:cad>55</ns3:cad>
          </ns3:TrackPointExtension>
        </extensions>
      </trkpt>
      <trkpt lat="31.2737653590738773345947265625" lon="121.51855858974158763885498046875">
        <ele>3.400000095367431640625</ele>
        <time>2026-08-27T10:27:17.000Z</time>
        <extensions>
          <ns3:TrackPointExtension>
            <ns3:hr>111</ns3:hr>
            <ns3:cad>53</ns3:cad>
          </ns3:TrackPointExtension>
        </extensions>
      </trkpt>
      <trkpt lat="31.273768208920955657958984375" lon="121.5185564942657947540283203125">
        <ele>3.400000095367431640625</ele>
        <time>2026-08-27T10:27:20.000Z</time>
        <extensions>
          <ns3:TrackPointExtension>
            <ns3:hr>110</ns3:hr>
            <ns3:cad>0</ns3:cad>
          </ns3:TrackPointExtension>
        </extensions>
      </trkpt>
      <trkpt lat="31.273769550025463104248046875" lon="121.51855825446546077728271484375">
        <ele>3.400000095367431640625</ele>
        <time>2026-08-27T10:27:24.000Z</time>
        <extensions>
          <ns3:TrackPointExtension>
            <ns3:hr>107</ns3:hr>
            <ns3:cad>0</ns3:cad>
          </ns3:TrackPointExtension>
        </extensions>
      </trkpt>
      <trkpt lat="31.273764856159687042236328125" lon="121.51855758391320705413818359375">
        <ele>3.400000095367431640625</ele>
        <time>2026-08-27T10:27:27.000Z</time>
        <extensions>
          <ns3:TrackPointExtension>
            <ns3:hr>104</ns3:hr>
            <ns3:cad>0</ns3:cad>
          </ns3:TrackPointExtension>
        </extensions>
      </trkpt>
      <trkpt lat="31.2737640179693698883056640625" lon="121.51855808682739734649658203125">
        <ele>3.400000095367431640625</ele>
        <time>2026-08-27T10:27:30.000Z</time>
        <extensions>
          <ns3:TrackPointExtension>
            <ns3:hr>101</ns3:hr>
            <ns3:cad>0</ns3:cad>
          </ns3:TrackPointExtension>
        </extensions>
      </trkpt>
      <trkpt lat="31.2737640179693698883056640625" lon="121.51855808682739734649658203125">
        <ele>3.400000095367431640625</ele>
        <time>2026-08-27T10:27:34.000Z</time>
        <extensions>
          <ns3:TrackPointExtension>
            <ns3:hr>100</ns3:hr>
            <ns3:cad>0</ns3:cad>
          </ns3:TrackPointExtension>
        </extensions>
      </trkpt>
      <trkpt lat="31.27375186420977115631103515625" lon="121.5185591764748096466064453125">
        <ele>3.400000095367431640625</ele>
        <time>2026-08-27T10:28:02.000Z</time>
        <extensions>
          <ns3:TrackPointExtension>
            <ns3:hr>97</ns3:hr>
            <ns3:cad>0</ns3:cad>
          </ns3:TrackPointExtension>
        </extensions>
      </trkpt>
      <trkpt lat="31.27371230162680149078369140625" lon="121.518509052693843841552734375">
        <ele>3.599999904632568359375</ele>
        <time>2026-08-27T10:28:14.000Z</time>
        <extensions>
          <ns3:TrackPointExtension>
            <ns3:hr>96</ns3:hr>
            <ns3:cad>82</ns3:cad>
          </ns3:TrackPointExtension>
        </extensions>
      </trkpt>
      <trkpt lat="31.27366385422646999359130859375" lon="121.5184304304420948028564453125">
        <ele>3.7999999523162841796875</ele>
        <time>2026-08-27T10:28:17.000Z</time>
        <extensions>
          <ns3:TrackPointExtension>
            <ns3:hr>99</ns3:hr>
            <ns3:cad>84</ns3:cad>
          </ns3:TrackPointExtension>
        </extensions>
      </trkpt>
      <trkpt lat="31.273588500916957855224609375" lon="121.5183295123279094696044921875">
        <ele>4</ele>
        <time>2026-08-27T10:28:21.000Z</time>
        <extensions>
          <ns3:TrackPointExtension>
            <ns3:hr>102</ns3:hr>
            <ns3:cad>84</ns3:cad>
          </ns3:TrackPointExtension>
        </extensions>
      </trkpt>
      <trkpt lat="31.2735149078071117401123046875" lon="121.5181645564734935760498046875">
        <ele>4</ele>
        <time>2026-08-27T10:28:28.000Z</time>
        <extensions>
          <ns3:TrackPointExtension>
            <ns3:hr>99</ns3:hr>
            <ns3:cad>84</ns3:cad>
          </ns3:TrackPointExtension>
        </extensions>
      </trkpt>
      <trkpt lat="31.2734909355640411376953125" lon="121.518115103244781494140625">
        <ele>3.7999999523162841796875</ele>
        <time>2026-08-27T10:28:30.000Z</time>
        <extensions>
          <ns3:TrackPointExtension>
            <ns3:hr>99</ns3:hr>
            <ns3:cad>84</ns3:cad>
          </ns3:TrackPointExtension>
        </extensions>
      </trkpt>
      <trkpt lat="31.27343569882214069366455078125" lon="121.518024913966655731201171875">
        <ele>3.2000000476837158203125</ele>
        <time>2026-08-27T10:28:34.000Z</time>
        <extensions>
          <ns3:TrackPointExtension>
            <ns3:hr>102</ns3:hr>
            <ns3:cad>84</ns3:cad>
          </ns3:TrackPointExtension>
        </extensions>
      </trkpt>
      <trkpt lat="31.2734210304915904998779296875" lon="121.51800270192325115203857421875">
        <ele>3</ele>
        <time>2026-08-27T10:28:35.000Z</time>
        <extensions>
          <ns3:TrackPointExtension>
            <ns3:hr>103</ns3:hr>
            <ns3:cad>84</ns3:cad>
          </ns3:TrackPointExtension>
        </extensions>
      </trkpt>
      <trkpt lat="31.2733935378491878509521484375" lon="121.5179597027599811553955078125">
        <ele>2.7999999523162841796875</ele>
        <time>2026-08-27T10:28:36.000Z</time>
        <extensions>
          <ns3:TrackPointExtension>
            <ns3:hr>104</ns3:hr>
            <ns3:cad>84</ns3:cad>
          </ns3:TrackPointExtension>
        </extensions>
      </trkpt>
      <trkpt lat="31.273366548120975494384765625" lon="121.5179181285202503204345703125">
        <ele>2.400000095367431640625</ele>
        <time>2026-08-27T10:28:39.000Z</time>
        <extensions>
          <ns3:TrackPointExtension>
            <ns3:hr>107</ns3:hr>
            <ns3:cad>84</ns3:cad>
          </ns3:TrackPointExtension>
        </extensions>
      </trkpt>
      <trkpt lat="31.27332589589059352874755859375" lon="121.5178334712982177734375">
        <ele>1.7999999523162841796875</ele>
        <time>2026-08-27T10:28:42.000Z</time>
        <extensions>
          <ns3:TrackPointExtension>
            <ns3:hr>110</ns3:hr>
            <ns3:cad>84</ns3:cad>
          </ns3:TrackPointExtension>
        </extensions>
      </trkpt>
      <trkpt lat="31.2732664681971073150634765625" lon="121.5177246741950511932373046875">
        <ele>1.2000000476837158203125</ele>
        <time>2026-08-27T10:28:47.000Z</time>
        <extensions>
          <ns3:TrackPointExtension>
            <ns3:hr>112</ns3:hr>
            <ns3:cad>83</ns3:cad>
          </ns3:TrackPointExtension>
        </extensions>
      </trkpt>
      <trkpt lat="31.27318977378308773040771484375" lon="121.5175907313823699951171875">
        <ele>0.60000002384185791015625</ele>
        <time>2026-08-27T10:28:53.000Z</time>
        <extensions>
          <ns3:TrackPointExtension>
            <ns3:hr>115</ns3:hr>
            <ns3:cad>84</ns3:cad>
          </ns3:TrackPointExtension>
        </extensions>
      </trkpt>
      <trkpt lat="31.273154653608798980712890625" lon="121.5175241790711879730224609375">
        <ele>1.2000000476837158203125</ele>
        <time>2026-08-27T10:28:56.000Z</time>
        <extensions>
          <ns3:TrackPointExtension>
            <ns3:hr>117</ns3:hr>
            <ns3:cad>83</ns3:cad>
          </ns3:TrackPointExtension>
        </extensions>
      </trkpt>
      <trkpt lat="31.27310335636138916015625" lon="121.51741546578705310821533203125">
        <ele>2.599999904632568359375</ele>
        <time>2026-08-27T10:29:01.000Z</time>
        <extensions>
          <ns3:TrackPointExtension>
            <ns3:hr>118</ns3:hr>
            <ns3:cad>84</ns3:cad>
          </ns3:TrackPointExtension>
        </extensions>
      </trkpt>
      <trkpt lat="31.2730243988335132598876953125" lon="121.5172554552555084228515625">
        <ele>4.400000095367431640625</ele>
        <time>2026-08-27T10:29:08.000Z</time>
        <extensions>
          <ns3:TrackPointExtension>
            <ns3:hr>119</ns3:hr>
            <ns3:cad>83</ns3:cad>
          </ns3:TrackPointExtension>
        </extensions>
      </trkpt>
      <trkpt lat="31.272954829037189483642578125" lon="121.51709913276135921478271484375">
        <ele>5.80000019073486328125</ele>
        <time>2026-08-27T10:29:15.000Z</time>
        <extensions>
          <ns3:TrackPointExtension>
            <ns3:hr>122</ns3:hr>
            <ns3:cad>83</ns3:cad>
          </ns3:TrackPointExtension>
        </extensions>
      </trkpt>
      <trkpt lat="31.27292239107191562652587890625" lon="121.51703509502112865447998046875">
        <ele>6.400000095367431640625</ele>
        <time>2026-08-27T10:29:18.000Z</time>
        <extensions>
          <ns3:TrackPointExtension>
            <ns3:hr>122</ns3:hr>
            <ns3:cad>83</ns3:cad>
          </ns3:TrackPointExtension>
        </extensions>
      </trkpt>
      <trkpt lat="31.2728426791727542877197265625" lon="121.516901738941669464111328125">
        <ele>6.599999904632568359375</ele>
        <time>2026-08-27T10:29:24.000Z</time>
        <extensions>
          <ns3:TrackPointExtension>
            <ns3:hr>123</ns3:hr>
            <ns3:cad>83</ns3:cad>
          </ns3:TrackPointExtension>
        </extensions>
      </trkpt>
      <trkpt lat="31.27274729311466217041015625" lon="121.5167255513370037078857421875">
        <ele>6.80000019073486328125</ele>
        <time>2026-08-27T10:29:31.000Z</time>
        <extensions>
          <ns3:TrackPointExtension>
            <ns3:hr>125</ns3:hr>
            <ns3:cad>82</ns3:cad>
          </ns3:TrackPointExtension>
        </extensions>
      </trkpt>
      <trkpt lat="31.27265182323753833770751953125" lon="121.516571156680583953857421875">
        <ele>6.19999980926513671875</ele>
        <time>2026-08-27T10:29:38.000Z</time>
        <extensions>
          <ns3:TrackPointExtension>
            <ns3:hr>127</ns3:hr>
            <ns3:cad>83</ns3:cad>
          </ns3:TrackPointExtension>
        </extensions>
      </trkpt>
      <trkpt lat="31.27262801863253116607666015625" lon="121.51651122607290744781494140625">
        <ele>5.80000019073486328125</ele>
        <time>2026-08-27T10:29:41.000Z</time>
        <extensions>
          <ns3:TrackPointExtension>
            <ns3:hr>127</ns3:hr>
            <ns3:cad>82</ns3:cad>
          </ns3:TrackPointExtension>
        </extensions>
      </trkpt>
      <trkpt lat="31.27260605804622173309326171875" lon="121.516494713723659515380859375">
        <ele>5.80000019073486328125</ele>
        <time>2026-08-27T10:29:43.000Z</time>
        <extensions>
          <ns3:TrackPointExtension>
            <ns3:hr>127</ns3:hr>
            <ns3:cad>82</ns3:cad>
          </ns3:TrackPointExtension>
        </extensions>
      </trkpt>
      <trkpt lat="31.2725935690104961395263671875" lon="121.5164814703166484832763671875">
        <ele>5.80000019073486328125</ele>
        <time>2026-08-27T10:29:45.000Z</time>
        <extensions>
          <ns3:TrackPointExtension>
            <ns3:hr>128</ns3:hr>
            <ns3:cad>82</ns3:cad>
          </ns3:TrackPointExtension>
        </extensions>
      </trkpt>
      <trkpt lat="31.2725865282118320465087890625" lon="121.51645707897841930389404296875">
        <ele>5.80000019073486328125</ele>
        <time>2026-08-27T10:29:48.000Z</time>
        <extensions>
          <ns3:TrackPointExtension>
            <ns3:hr>128</ns3:hr>
            <ns3:cad>52</ns3:cad>
          </ns3:TrackPointExtension>
        </extensions>
      </trkpt>
      <trkpt lat="31.2725660763680934906005859375" lon="121.51639170013368129730224609375">
        <ele>6.19999980926513671875</ele>
        <time>2026-08-27T10:29:54.000Z</time>
        <extensions>
          <ns3:TrackPointExtension>
            <ns3:hr>126</ns3:hr>
            <ns3:cad>50</ns3:cad>
          </ns3:TrackPointExtension>
        </extensions>
      </trkpt>
      <trkpt lat="31.27249960787594318389892578125" lon="121.51631173677742481231689453125">
        <ele>7</ele>
        <time>2026-08-27T10:30:02.000Z</time>
        <extensions>
          <ns3:TrackPointExtension>
            <ns3:hr>124</ns3:hr>
            <ns3:cad>56</ns3:cad>
          </ns3:TrackPointExtension>
        </extensions>
      </trkpt>
      <trkpt lat="31.27249457873404026031494140625" lon="121.51629866100847721099853515625">
        <ele>7.19999980926513671875</ele>
        <time>2026-08-27T10:30:03.000Z</time>
        <extensions>
          <ns3:TrackPointExtension>
            <ns3:hr>124</ns3:hr>
            <ns3:cad>56</ns3:cad>
          </ns3:TrackPointExtension>
        </extensions>
      </trkpt>
      <trkpt lat="31.27248150296509265899658203125" lon="121.51625096797943115234375">
        <ele>7.80000019073486328125</ele>
        <time>2026-08-27T10:30:07.000Z</time>
        <extensions>
          <ns3:TrackPointExtension>
            <ns3:hr>120</ns3:hr>
            <ns3:cad>54</ns3:cad>
          </ns3:TrackPointExtension>
        </extensions>
      </trkpt>
      <trkpt lat="31.2724725343286991119384765625" lon="121.51623814366757869720458984375">
        <ele>8.19999980926513671875</ele>
        <time>2026-08-27T10:30:08.000Z</time>
        <extensions>
          <ns3:TrackPointExtension>
            <ns3:hr>122</ns3:hr>
            <ns3:cad>54</ns3:cad>
          </ns3:TrackPointExtension>
        </extensions>
      </trkpt>
      <trkpt lat="31.27247496508061885833740234375" lon="121.51621274650096893310546875">
        <ele>8.19999980926513671875</ele>
        <time>2026-08-27T10:30:10.000Z</time>
        <extensions>
          <ns3:TrackPointExtension>
            <ns3:hr>118</ns3:hr>
            <ns3:cad>55</ns3:cad>
          </ns3:TrackPointExtension>
        </extensions>
      </trkpt>
      <trkpt lat="31.2724691815674304962158203125" lon="121.516181565821170806884765625">
        <ele>8.6000003814697265625</ele>
        <time>2026-08-27T10:30:12.000Z</time>
        <extensions>
          <ns3:TrackPointExtension>
            <ns3:hr>113</ns3:hr>
            <ns3:cad>55</ns3:cad>
          </ns3:TrackPointExtension>
        </extensions>
      </trkpt>
      <trkpt lat="31.27246306277811527252197265625" lon="121.51615331880748271942138671875">
        <ele>8.80000019073486328125</ele>
        <time>2026-08-27T10:30:14.000Z</time>
        <extensions>
          <ns3:TrackPointExtension>
            <ns3:hr>112</ns3:hr>
            <ns3:cad>55</ns3:cad>
          </ns3:TrackPointExtension>
        </extensions>
      </trkpt>
      <trkpt lat="31.27244361676275730133056640625" lon="121.51612163521349430084228515625">
        <ele>9.3999996185302734375</ele>
        <time>2026-08-27T10:30:17.000Z</time>
        <extensions>
          <ns3:TrackPointExtension>
            <ns3:hr>109</ns3:hr>
            <ns3:cad>55</ns3:cad>
          </ns3:TrackPointExtension>
        </extensions>
      </trkpt>
      <trkpt lat="31.2724101729691028594970703125" lon="121.5160697512328624725341796875">
        <ele>10.3999996185302734375</ele>
        <time>2026-08-27T10:30:22.000Z</time>
        <extensions>
          <ns3:TrackPointExtension>
            <ns3:hr>109</ns3:hr>
            <ns3:cad>55</ns3:cad>
          </ns3:TrackPointExtension>
        </extensions>
      </trkpt>
      <trkpt lat="31.27238477580249309539794921875" lon="121.5160110779106616973876953125">
        <ele>11.3999996185302734375</ele>
        <time>2026-08-27T10:30:26.000Z</time>
        <extensions>
          <ns3:TrackPointExtension>
            <ns3:hr>112</ns3:hr>
            <ns3:cad>55</ns3:cad>
          </ns3:TrackPointExtension>
        </extensions>
      </trkpt>
      <trkpt lat="31.27235610969364643096923828125" lon="121.51598232798278331756591796875">
        <ele>12.19999980926513671875</ele>
        <time>2026-08-27T10:30:30.000Z</time>
        <extensions>
          <ns3:TrackPointExtension>
            <ns3:hr>112</ns3:hr>
            <ns3:cad>55</ns3:cad>
          </ns3:TrackPointExtension>
        </extensions>
      </trkpt>
      <trkpt lat="31.27229131758213043212890625" lon="121.5159141831099987030029296875">
        <ele>13.80000019073486328125</ele>
        <time>2026-08-27T10:30:39.000Z</time>
        <extensions>
          <ns3:TrackPointExtension>
            <ns3:hr>111</ns3:hr>
            <ns3:cad>51</ns3:cad>
          </ns3:TrackPointExtension>
        </extensions>
      </trkpt>
      <trkpt lat="31.272231303155422210693359375" lon="121.51581703685224056243896484375">
        <ele>14.19999980926513671875</ele>
        <time>2026-08-27T10:30:47.000Z</time>
        <extensions>
          <ns3:TrackPointExtension>
            <ns3:hr>109</ns3:hr>
            <ns3:cad>56</ns3:cad>
          </ns3:TrackPointExtension>
        </extensions>
      </trkpt>
      <trkpt lat="31.2722254358232021331787109375" lon="121.51580429635941982269287109375">
        <ele>14.19999980926513671875</ele>
        <time>2026-08-27T10:30:48.000Z</time>
        <extensions>
          <ns3:TrackPointExtension>
            <ns3:hr>106</ns3:hr>
            <ns3:cad>55</ns3:cad>
          </ns3:TrackPointExtension>
        </extensions>
      </trkpt>
      <trkpt lat="31.27220456488430500030517578125" lon="121.51575987227261066436767578125">
        <ele>13.80000019073486328125</ele>
        <time>2026-08-27T10:30:52.000Z</time>
        <extensions>
          <ns3:TrackPointExtension>
            <ns3:hr>103</ns3:hr>
            <ns3:cad>55</ns3:cad>
          </ns3:TrackPointExtension>
        </extensions>
      </trkpt>
      <trkpt lat="31.27219098620116710662841796875" lon="121.5157388336956501007080078125">
        <ele>13.6000003814697265625</ele>
        <time>2026-08-27T10:30:54.000Z</time>
        <extensions>
          <ns3:TrackPointExtension>
            <ns3:hr>99</ns3:hr>
            <ns3:cad>55</ns3:cad>
          </ns3:TrackPointExtension>
        </extensions>
      </trkpt>
      <trkpt lat="31.2721771560609340667724609375" lon="121.5156917273998260498046875">
        <ele>13.19999980926513671875</ele>
        <time>2026-08-27T10:30:57.000Z</time>
        <extensions>
          <ns3:TrackPointExtension>
            <ns3:hr>96</ns3:hr>
            <ns3:cad>55</ns3:cad>
          </ns3:TrackPointExtension>
        </extensions>
      </trkpt>
      <trkpt lat="31.2721412815153598785400390625" lon="121.51561603881418704986572265625">
        <ele>12.3999996185302734375</ele>
        <time>2026-08-27T10:31:05.000Z</time>
        <extensions>
          <ns3:TrackPointExtension>
            <ns3:hr>94</ns3:hr>
            <ns3:cad>55</ns3:cad>
          </ns3:TrackPointExtension>
        </extensions>
      </trkpt>
      <trkpt lat="31.2721342407166957855224609375" lon="121.5156057290732860565185546875">
        <ele>12.3999996185302734375</ele>
        <time>2026-08-27T10:31:06.000Z</time>
        <extensions>
          <ns3:TrackPointExtension>
            <ns3:hr>94</ns3:hr>
            <ns3:cad>55</ns3:cad>
          </ns3:TrackPointExtension>
        </extensions>
      </trkpt>
      <trkpt lat="31.2721154652535915374755859375" lon="121.51552249677479267120361328125">
        <ele>12.19999980926513671875</ele>
        <time>2026-08-27T10:31:15.000Z</time>
        <extensions>
          <ns3:TrackPointExtension>
            <ns3:hr>97</ns3:hr>
            <ns3:cad>0</ns3:cad>
          </ns3:TrackPointExtension>
        </extensions>
      </trkpt>
      <trkpt lat="31.27211051993072032928466796875" lon="121.5155262686312198638916015625">
        <ele>12.19999980926513671875</ele>
        <time>2026-08-27T10:31:24.000Z</time>
        <extensions>
          <ns3:TrackPointExtension>
            <ns3:hr>97</ns3:hr>
            <ns3:cad>0</ns3:cad>
          </ns3:TrackPointExtension>
        </extensions>
      </trkpt>
      <trkpt lat="31.27211051993072032928466796875" lon="121.5155262686312198638916015625">
        <ele>12.19999980926513671875</ele>
        <time>2026-08-27T10:31:27.000Z</time>
        <extensions>
          <ns3:TrackPointExtension>
            <ns3:hr>94</ns3:hr>
            <ns3:cad>0</ns3:cad>
          </ns3:TrackPointExtension>
        </extensions>
      </trkpt>
      <trkpt lat="31.27210817299783229827880859375" lon="121.51552517898380756378173828125">
        <ele>12.19999980926513671875</ele>
        <time>2026-08-27T10:31:55.000Z</time>
        <extensions>
          <ns3:TrackPointExtension>
            <ns3:hr>91</ns3:hr>
            <ns3:cad>0</ns3:cad>
          </ns3:TrackPointExtension>
        </extensions>
      </trkpt>
      <trkpt lat="31.272106580436229705810546875" lon="121.5155239216983318328857421875">
        <ele>12.19999980926513671875</ele>
        <time>2026-08-27T10:32:22.000Z</time>
        <extensions>
          <ns3:TrackPointExtension>
            <ns3:hr>88</ns3:hr>
            <ns3:cad>0</ns3:cad>
          </ns3:TrackPointExtension>
        </extensions>
      </trkpt>
      <trkpt lat="31.2721064127981662750244140625" lon="121.51552400551736354827880859375">
        <ele>12.19999980926513671875</ele>
        <time>2026-08-27T10:32:29.000Z</time>
        <extensions>
          <ns3:TrackPointExtension>
            <ns3:hr>85</ns3:hr>
            <ns3:cad>0</ns3:cad>
          </ns3:TrackPointExtension>
        </extensions>
      </trkpt>
      <trkpt lat="31.27213331870734691619873046875" lon="121.51551227085292339324951171875">
        <ele>12.3999996185302734375</ele>
        <time>2026-08-27T10:32:37.000Z</time>
        <extensions>
          <ns3:TrackPointExtension>
            <ns3:hr>88</ns3:hr>
            <ns3:cad>54</ns3:cad>
          </ns3:TrackPointExtension>
        </extensions>
      </trkpt>
      <trkpt lat="31.2721640802919864654541015625" lon="121.515497602522373199462890625">
        <ele>12.6000003814697265625</ele>
        <time>2026-08-27T10:32:39.000Z</time>
        <extensions>
          <ns3:TrackPointExtension>
            <ns3:hr>87</ns3:hr>
            <ns3:cad>55</ns3:cad>
          </ns3:TrackPointExtension>
        </extensions>
      </trkpt>
      <trkpt lat="31.27223809249699115753173828125" lon="121.51547254063189029693603515625">
        <ele>13</ele>
        <time>2026-08-27T10:32:44.000Z</time>
        <extensions>
          <ns3:TrackPointExtension>
            <ns3:hr>84</ns3:hr>
            <ns3:cad>55</ns3:cad>
          </ns3:TrackPointExtension>
        </extensions>
      </trkpt>
      <trkpt lat="31.27226508222520351409912109375" lon="121.51545829139649868011474609375">
        <ele>13</ele>
        <time>2026-08-27T10:32:47.000Z</time>
        <extensions>
          <ns3:TrackPointExtension>
            <ns3:hr>82</ns3:hr>
            <ns3:cad>55</ns3:cad>
          </ns3:TrackPointExtension>
        </extensions>
      </trkpt>
      <trkpt lat="31.27233699895441532135009765625" lon="121.51543557643890380859375">
        <ele>13</ele>
        <time>2026-08-27T10:32:53.000Z</time>
        <extensions>
          <ns3:TrackPointExtension>
            <ns3:hr>80</ns3:hr>
            <ns3:cad>54</ns3:cad>
          </ns3:TrackPointExtension>
        </extensions>
      </trkpt>
      <trkpt lat="31.2723531760275363922119140625" lon="121.5154441259801387786865234375">
        <ele>13</ele>
        <time>2026-08-27T10:32:55.000Z</time>
        <extensions>
          <ns3:TrackPointExtension>
            <ns3:hr>80</ns3:hr>
            <ns3:cad>54</ns3:cad>
          </ns3:TrackPointExtension>
        </extensions>
      </trkpt>
      <trkpt lat="31.27236683852970600128173828125" lon="121.51544605381786823272705078125">
        <ele>13</ele>
        <time>2026-08-27T10:32:57.000Z</time>
        <extensions>
          <ns3:TrackPointExtension>
            <ns3:hr>80</ns3:hr>
            <ns3:cad>54</ns3:cad>
          </ns3:TrackPointExtension>
        </extensions>
      </trkpt>
      <trkpt lat="31.27241604030132293701171875" lon="121.5154186449944972991943359375">
        <ele>13</ele>
        <time>2026-08-27T10:33:01.000Z</time>
        <extensions>
          <ns3:TrackPointExtension>
            <ns3:hr>82</ns3:hr>
            <ns3:cad>57</ns3:cad>
          </ns3:TrackPointExtension>
        </extensions>
      </trkpt>
      <trkpt lat="31.27246457152068614959716796875" lon="121.5153921581804752349853515625">
        <ele>13</ele>
        <time>2026-08-27T10:33:09.000Z</time>
        <extensions>
          <ns3:TrackPointExtension>
            <ns3:hr>84</ns3:hr>
            <ns3:cad>56</ns3:cad>
          </ns3:TrackPointExtension>
        </extensions>
      </trkpt>
      <trkpt lat="31.2724609673023223876953125" lon="121.515364162623882293701171875">
        <ele>13</ele>
        <time>2026-08-27T10:33:11.000Z</time>
        <extensions>
          <ns3:TrackPointExtension>
            <ns3:hr>81</ns3:hr>
            <ns3:cad>56</ns3:cad>
          </ns3:TrackPointExtension>
        </extensions>
      </trkpt>
      <trkpt lat="31.2724460475146770477294921875" lon="121.51532300747931003570556640625">
        <ele>13</ele>
        <time>2026-08-27T10:33:14.000Z</time>
        <extensions>
          <ns3:TrackPointExtension>
            <ns3:hr>84</ns3:hr>
            <ns3:cad>56</ns3:cad>
          </ns3:TrackPointExtension>
        </extensions>
      </trkpt>
      <trkpt lat="31.27243481576442718505859375" lon="121.51529383845627307891845703125">
        <ele>13.19999980926513671875</ele>
        <time>2026-08-27T10:33:16.000Z</time>
        <extensions>
          <ns3:TrackPointExtension>
            <ns3:hr>83</ns3:hr>
            <ns3:cad>57</ns3:cad>
          </ns3:TrackPointExtension>
        </extensions>
      </trkpt>
      <trkpt lat="31.2724081613123416900634765625" lon="121.5152426250278949737548828125">
        <ele>13.19999980926513671875</ele>
        <time>2026-08-27T10:33:19.000Z</time>
        <extensions>
          <ns3:TrackPointExtension>
            <ns3:hr>84</ns3:hr>
            <ns3:cad>57</ns3:cad>
          </ns3:TrackPointExtension>
        </extensions>
      </trkpt>
      <trkpt lat="31.2723712809383869171142578125" lon="121.51517204940319061279296875">
        <ele>13.19999980926513671875</ele>
        <time>2026-08-27T10:33:22.000Z</time>
        <extensions>
          <ns3:TrackPointExtension>
            <ns3:hr>86</ns3:hr>
            <ns3:cad>81</ns3:cad>
          </ns3:TrackPointExtension>
        </extensions>
      </trkpt>
      <trkpt lat="31.272321157157421112060546875" lon="121.5150801837444305419921875">
        <ele>13.19999980926513671875</ele>
        <time>2026-08-27T10:33:26.000Z</time>
        <extensions>
          <ns3:TrackPointExtension>
            <ns3:hr>89</ns3:hr>
            <ns3:cad>83</ns3:cad>
          </ns3:TrackPointExtension>
        </extensions>
      </trkpt>
      <trkpt lat="31.2722901441156864166259765625" lon="121.515034250915050506591796875">
        <ele>13.6000003814697265625</ele>
        <time>2026-08-27T10:33:28.000Z</time>
        <extensions>
          <ns3:TrackPointExtension>
            <ns3:hr>92</ns3:hr>
            <ns3:cad>83</ns3:cad>
          </ns3:TrackPointExtension>
        </extensions>
      </trkpt>
      <trkpt lat="31.2722785770893096923828125" lon="121.515010781586170196533203125">
        <ele>13.80000019073486328125</ele>
        <time>2026-08-27T10:33:29.000Z</time>
        <extensions>
          <ns3:TrackPointExtension>
            <ns3:hr>94</ns3:hr>
            <ns3:cad>83</ns3:cad>
          </ns3:TrackPointExtension>
        </extensions>
      </trkpt>
      <trkpt lat="31.27225334756076335906982421875" lon="121.51496744714677333831787109375">
        <ele>14</ele>
        <time>2026-08-27T10:33:31.000Z</time>
        <extensions>
          <ns3:TrackPointExtension>
            <ns3:hr>97</ns3:hr>
            <ns3:cad>82</ns3:cad>
          </ns3:TrackPointExtension>
        </extensions>
      </trkpt>
      <trkpt lat="31.27222401089966297149658203125" lon="121.51492319069802761077880859375">
        <ele>14.3999996185302734375</ele>
        <time>2026-08-27T10:33:33.000Z</time>
        <extensions>
          <ns3:TrackPointExtension>
            <ns3:hr>101</ns3:hr>
            <ns3:cad>83</ns3:cad>
          </ns3:TrackPointExtension>
        </extensions>
      </trkpt>
      <trkpt lat="31.27219534479081630706787109375" lon="121.5148785151541233062744140625">
        <ele>14.6000003814697265625</ele>
        <time>2026-08-27T10:33:35.000Z</time>
        <extensions>
          <ns3:TrackPointExtension>
            <ns3:hr>104</ns3:hr>
            <ns3:cad>83</ns3:cad>
          </ns3:TrackPointExtension>
        </extensions>
      </trkpt>
      <trkpt lat="31.27217187546193599700927734375" lon="121.5148342587053775787353515625">
        <ele>14.80000019073486328125</ele>
        <time>2026-08-27T10:33:37.000Z</time>
        <extensions>
          <ns3:TrackPointExtension>
            <ns3:hr>107</ns3:hr>
            <ns3:cad>83</ns3:cad>
          </ns3:TrackPointExtension>
        </extensions>
      </trkpt>
      <trkpt lat="31.27215745858848094940185546875" lon="121.51479159481823444366455078125">
        <ele>14.80000019073486328125</ele>
        <time>2026-08-27T10:33:39.000Z</time>
        <extensions>
          <ns3:TrackPointExtension>
            <ns3:hr>110</ns3:hr>
            <ns3:cad>84</ns3:cad>
          </ns3:TrackPointExtension>
        </extensions>
      </trkpt>
      <trkpt lat="31.2721245177090167999267578125" lon="121.51475069113075733184814453125">
        <ele>14.3999996185302734375</ele>
        <time>2026-08-27T10:33:43.000Z</time>
        <extensions>
          <ns3:TrackPointExtension>
            <ns3:hr>113</ns3:hr>
            <ns3:cad>82</ns3:cad>
          </ns3:TrackPointExtension>
        </extensions>
      </trkpt>
      <trkpt lat="31.2721027247607707977294921875" lon="121.5147393755614757537841796875">
        <ele>14.19999980926513671875</ele>
        <time>2026-08-27T10:33:45.000Z</time>
        <extensions>
          <ns3:TrackPointExtension>
            <ns3:hr>114</ns3:hr>
            <ns3:cad>82</ns3:cad>
          </ns3:TrackPointExtension>
        </extensions>
      </trkpt>
      <trkpt lat="31.27206777222454547882080078125" lon="121.5147058479487895965576171875">
        <ele>13.80000019073486328125</ele>
        <time>2026-08-27T10:33:49.000Z</time>
        <extensions>
          <ns3:TrackPointExtension>
            <ns3:hr>112</ns3:hr>
            <ns3:cad>55</ns3:cad>
          </ns3:TrackPointExtension>
        </extensions>
      </trkpt>
      <trkpt lat="31.271987892687320709228515625" lon="121.514641307294368743896484375">
        <ele>13</ele>
        <time>2026-08-27T10:33:57.000Z</time>
        <extensions>
          <ns3:TrackPointExtension>
            <ns3:hr>113</ns3:hr>
            <ns3:cad>58</ns3:cad>
          </ns3:TrackPointExtension>
        </extensions>
      </trkpt>
      <trkpt lat="31.27194506116211414337158203125" lon="121.5145942009985446929931640625">
        <ele>12.6000003814697265625</ele>
        <time>2026-08-27T10:34:04.000Z</time>
        <extensions>
          <ns3:TrackPointExtension>
            <ns3:hr>112</ns3:hr>
            <ns3:cad>56</ns3:cad>
          </ns3:TrackPointExtension>
        </extensions>
      </trkpt>
      <trkpt lat="31.2719116173684597015380859375" lon="121.5145801194012165069580078125">
        <ele>12.19999980926513671875</ele>
        <time>2026-08-27T10:34:07.000Z</time>
        <extensions>
          <ns3:TrackPointExtension>
            <ns3:hr>110</ns3:hr>
            <ns3:cad>55</ns3:cad>
          </ns3:TrackPointExtension>
        </extensions>
      </trkpt>
      <trkpt lat="31.27188303507864475250244140625" lon="121.5145651996135711669921875">
        <ele>11.80000019073486328125</ele>
        <time>2026-08-27T10:34:10.000Z</time>
        <extensions>
          <ns3:TrackPointExtension>
            <ns3:hr>107</ns3:hr>
            <ns3:cad>55</ns3:cad>
          </ns3:TrackPointExtension>
        </extensions>
      </trkpt>
      <trkpt lat="31.27184447832405567169189453125" lon="121.51452370919287204742431640625">
        <ele>11</ele>
        <time>2026-08-27T10:34:15.000Z</time>
        <extensions>
          <ns3:TrackPointExtension>
            <ns3:hr>104</ns3:hr>
            <ns3:cad>55</ns3:cad>
          </ns3:TrackPointExtension>
        </extensions>
      </trkpt>
      <trkpt lat="31.2718046642839908599853515625" lon="121.5145063586533069610595703125">
        <ele>10.6000003814697265625</ele>
        <time>2026-08-27T10:34:19.000Z</time>
        <extensions>
          <ns3:TrackPointExtension>
            <ns3:hr>104</ns3:hr>
            <ns3:cad>55</ns3:cad>
          </ns3:TrackPointExtension>
        </extensions>
      </trkpt>
      <trkpt lat="31.27175110392272472381591796875" lon="121.51449613273143768310546875">
        <ele>10</ele>
        <time>2026-08-27T10:34:24.000Z</time>
        <extensions>
          <ns3:TrackPointExtension>
            <ns3:hr>101</ns3:hr>
            <ns3:cad>54</ns3:cad>
          </ns3:TrackPointExtension>
        </extensions>
      </trkpt>
      <trkpt lat="31.27172931097447872161865234375" lon="121.51451700367033481597900390625">
        <ele>9.80000019073486328125</ele>
        <time>2026-08-27T10:34:26.000Z</time>
        <extensions>
          <ns3:TrackPointExtension>
            <ns3:hr>98</ns3:hr>
            <ns3:cad>54</ns3:cad>
          </ns3:TrackPointExtension>
        </extensions>
      </trkpt>
      <trkpt lat="31.2717131339013576507568359375" lon="121.5145110525190830230712890625">
        <ele>9.6000003814697265625</ele>
        <time>2026-08-27T10:34:28.000Z</time>
        <extensions>
          <ns3:TrackPointExtension>
            <ns3:hr>95</ns3:hr>
            <ns3:cad>54</ns3:cad>
          </ns3:TrackPointExtension>
        </extensions>
      </trkpt>
      <trkpt lat="31.2716568075120449066162109375" lon="121.5144922770559787750244140625">
        <ele>9</ele>
        <time>2026-08-27T10:34:32.000Z</time>
        <extensions>
          <ns3:TrackPointExtension>
            <ns3:hr>93</ns3:hr>
            <ns3:cad>55</ns3:cad>
          </ns3:TrackPointExtension>
        </extensions>
      </trkpt>
      <trkpt lat="31.2715723179280757904052734375" lon="121.51447023265063762664794921875">
        <ele>8.80000019073486328125</ele>
        <time>2026-08-27T10:34:37.000Z</time>
        <extensions>
          <ns3:TrackPointExtension>
            <ns3:hr>90</ns3:hr>
            <ns3:cad>55</ns3:cad>
          </ns3:TrackPointExtension>
        </extensions>
      </trkpt>
      <trkpt lat="31.2715622596442699432373046875" lon="121.51439781300723552703857421875">
        <ele>9.3999996185302734375</ele>
        <time>2026-08-27T10:34:39.000Z</time>
        <extensions>
          <ns3:TrackPointExtension>
            <ns3:hr>90</ns3:hr>
            <ns3:cad>54</ns3:cad>
          </ns3:TrackPointExtension>
        </extensions>
      </trkpt>
      <trkpt lat="31.271493695676326751708984375" lon="121.51426672004163265228271484375">
        <ele>9.6000003814697265625</ele>
        <time>2026-08-27T10:34:47.000Z</time>
        <extensions>
          <ns3:TrackPointExtension>
            <ns3:hr>88</ns3:hr>
            <ns3:cad>82</ns3:cad>
          </ns3:TrackPointExtension>
        </extensions>
      </trkpt>
      <trkpt lat="31.27146092243492603302001953125" lon="121.5142170153558254241943359375">
        <ele>9.80000019073486328125</ele>
        <time>2026-08-27T10:34:50.000Z</time>
        <extensions>
          <ns3:TrackPointExtension>
            <ns3:hr>91</ns3:hr>
            <ns3:cad>82</ns3:cad>
          </ns3:TrackPointExtension>
        </extensions>
      </trkpt>
      <trkpt lat="31.27144910395145416259765625" lon="121.5142004191875457763671875">
        <ele>9.80000019073486328125</ele>
        <time>2026-08-27T10:34:51.000Z</time>
        <extensions>
          <ns3:TrackPointExtension>
            <ns3:hr>92</ns3:hr>
            <ns3:cad>83</ns3:cad>
          </ns3:TrackPointExtension>
        </extensions>
      </trkpt>
      <trkpt lat="31.2714274786412715911865234375" lon="121.5141548216342926025390625">
        <ele>10.19999980926513671875</ele>
        <time>2026-08-27T10:34:53.000Z</time>
        <extensions>
          <ns3:TrackPointExtension>
            <ns3:hr>96</ns3:hr>
            <ns3:cad>84</ns3:cad>
          </ns3:TrackPointExtension>
        </extensions>
      </trkpt>
      <trkpt lat="31.27139504067599773406982421875" lon="121.5140704996883869171142578125">
        <ele>10.6000003814697265625</ele>
        <time>2026-08-27T10:34:56.000Z</time>
        <extensions>
          <ns3:TrackPointExtension>
            <ns3:hr>99</ns3:hr>
            <ns3:cad>83</ns3:cad>
          </ns3:TrackPointExtension>
        </extensions>
      </trkpt>
      <trkpt lat="31.2713607586920261383056640625" lon="121.51399749331176280975341796875">
        <ele>10.80000019073486328125</ele>
        <time>2026-08-27T10:34:59.000Z</time>
        <extensions>
          <ns3:TrackPointExtension>
            <ns3:hr>102</ns3:hr>
            <ns3:cad>83</ns3:cad>
          </ns3:TrackPointExtension>
        </extensions>
      </trkpt>
      <trkpt lat="31.27126897685229778289794921875" lon="121.513850726187229156494140625">
        <ele>11</ele>
        <time>2026-08-27T10:35:06.000Z</time>
        <extensions>
          <ns3:TrackPointExtension>
            <ns3:hr>105</ns3:hr>
            <ns3:cad>82</ns3:cad>
          </ns3:TrackPointExtension>
        </extensions>
      </trkpt>
      <trkpt lat="31.27120368182659149169921875" lon="121.51375156827270984649658203125">
        <ele>10.80000019073486328125</ele>
        <time>2026-08-27T10:35:10.000Z</time>
        <extensions>
          <ns3:TrackPointExtension>
            <ns3:hr>107</ns3:hr>
            <ns3:cad>83</ns3:cad>
          </ns3:TrackPointExtension>
        </extensions>
      </trkpt>
      <trkpt lat="31.271190606057643890380859375" lon="121.51373866014182567596435546875">
        <ele>10.80000019073486328125</ele>
        <time>2026-08-27T10:35:11.000Z</time>
        <extensions>
          <ns3:TrackPointExtension>
            <ns3:hr>107</ns3:hr>
            <ns3:cad>83</ns3:cad>
          </ns3:TrackPointExtension>
        </extensions>
      </trkpt>
      <trkpt lat="31.27114173956215381622314453125" lon="121.51365836150944232940673828125">
        <ele>10.80000019073486328125</ele>
        <time>2026-08-27T10:35:14.000Z</time>
        <extensions>
          <ns3:TrackPointExtension>
            <ns3:hr>110</ns3:hr>
            <ns3:cad>83</ns3:cad>
          </ns3:TrackPointExtension>
        </extensions>
      </trkpt>
      <trkpt lat="31.27110737375915050506591796875" lon="121.51360421441495418548583984375">
        <ele>10.3999996185302734375</ele>
        <time>2026-08-27T10:35:16.000Z</time>
        <extensions>
          <ns3:TrackPointExtension>
            <ns3:hr>110</ns3:hr>
            <ns3:cad>82</ns3:cad>
          </ns3:TrackPointExtension>
        </extensions>
      </trkpt>
      <trkpt lat="31.271035373210906982421875" lon="121.51347219944000244140625">
        <ele>9</ele>
        <time>2026-08-27T10:35:21.000Z</time>
        <extensions>
          <ns3:TrackPointExtension>
            <ns3:hr>113</ns3:hr>
            <ns3:cad>83</ns3:cad>
          </ns3:TrackPointExtension>
        </extensions>
      </trkpt>
      <trkpt lat="31.2710120715200901031494140625" lon="121.5134341455996036529541015625">
        <ele>8.6000003814697265625</ele>
        <time>2026-08-27T10:35:23.000Z</time>
        <extensions>
          <ns3:TrackPointExtension>
            <ns3:hr>115</ns3:hr>
            <ns3:cad>82</ns3:cad>
          </ns3:TrackPointExtension>
        </extensions>
      </trkpt>
      <trkpt lat="31.270969323813915252685546875" lon="121.51338703930377960205078125">
        <ele>8</ele>
        <time>2026-08-27T10:35:26.000Z</time>
        <extensions>
          <ns3:TrackPointExtension>
            <ns3:hr>119</ns3:hr>
            <ns3:cad>81</ns3:cad>
          </ns3:TrackPointExtension>
        </extensions>
      </trkpt>
      <trkpt lat="31.27088944427669048309326171875" lon="121.5133580379188060760498046875">
        <ele>7.400000095367431640625</ele>
        <time>2026-08-27T10:35:30.000Z</time>
        <extensions>
          <ns3:TrackPointExtension>
            <ns3:hr>121</ns3:hr>
            <ns3:cad>82</ns3:cad>
          </ns3:TrackPointExtension>
        </extensions>
      </trkpt>
      <trkpt lat="31.27077142708003520965576171875" lon="121.51319819502532482147216796875">
        <ele>5.80000019073486328125</ele>
        <time>2026-08-27T10:35:37.000Z</time>
        <extensions>
          <ns3:TrackPointExtension>
            <ns3:hr>121</ns3:hr>
            <ns3:cad>82</ns3:cad>
          </ns3:TrackPointExtension>
        </extensions>
      </trkpt>
      <trkpt lat="31.27072331495583057403564453125" lon="121.51314002461731433868408203125">
        <ele>5</ele>
        <time>2026-08-27T10:35:40.000Z</time>
        <extensions>
          <ns3:TrackPointExtension>
            <ns3:hr>121</ns3:hr>
            <ns3:cad>83</ns3:cad>
          </ns3:TrackPointExtension>
        </extensions>
      </trkpt>
      <trkpt lat="31.2706191278994083404541015625" lon="121.51300482451915740966796875">
        <ele>5</ele>
        <time>2026-08-27T10:35:47.000Z</time>
        <extensions>
          <ns3:TrackPointExtension>
            <ns3:hr>122</ns3:hr>
            <ns3:cad>82</ns3:cad>
          </ns3:TrackPointExtension>
        </extensions>
      </trkpt>
      <trkpt lat="31.27047705464065074920654296875" lon="121.51284984312951564788818359375">
        <ele>5.599999904632568359375</ele>
        <time>2026-08-27T10:35:55.000Z</time>
        <extensions>
          <ns3:TrackPointExtension>
            <ns3:hr>124</ns3:hr>
            <ns3:cad>83</ns3:cad>
          </ns3:TrackPointExtension>
        </extensions>
      </trkpt>
      <trkpt lat="31.27044436521828174591064453125" lon="121.51280810125172138214111328125">
        <ele>6.400000095367431640625</ele>
        <time>2026-08-27T10:35:57.000Z</time>
        <extensions>
          <ns3:TrackPointExtension>
            <ns3:hr>124</ns3:hr>
            <ns3:cad>82</ns3:cad>
          </ns3:TrackPointExtension>
        </extensions>
      </trkpt>
      <trkpt lat="31.2703197263181209564208984375" lon="121.51265488006174564361572265625">
        <ele>9.80000019073486328125</ele>
        <time>2026-08-27T10:36:05.000Z</time>
        <extensions>
          <ns3:TrackPointExtension>
            <ns3:hr>126</ns3:hr>
            <ns3:cad>83</ns3:cad>
          </ns3:TrackPointExtension>
        </extensions>
      </trkpt>
      <trkpt lat="31.27030606381595134735107421875" lon="121.512635014951229095458984375">
        <ele>10.3999996185302734375</ele>
        <time>2026-08-27T10:36:06.000Z</time>
        <extensions>
          <ns3:TrackPointExtension>
            <ns3:hr>126</ns3:hr>
            <ns3:cad>83</ns3:cad>
          </ns3:TrackPointExtension>
        </extensions>
      </trkpt>
      <trkpt lat="31.27019039355218410491943359375" lon="121.5124838054180145263671875">
        <ele>12.3999996185302734375</ele>
        <time>2026-08-27T10:36:13.000Z</time>
        <extensions>
          <ns3:TrackPointExtension>
            <ns3:hr>128</ns3:hr>
            <ns3:cad>83</ns3:cad>
          </ns3:TrackPointExtension>
        </extensions>
      </trkpt>
      <trkpt lat="31.270054690539836883544921875" lon="121.5123257227241992950439453125">
        <ele>13</ele>
        <time>2026-08-27T10:36:21.000Z</time>
        <extensions>
          <ns3:TrackPointExtension>
            <ns3:hr>128</ns3:hr>
            <ns3:cad>83</ns3:cad>
          </ns3:TrackPointExtension>
        </extensions>
      </trkpt>
      <trkpt lat="31.2700176425278186798095703125" lon="121.51228507049381732940673828125">
        <ele>13.19999980926513671875</ele>
        <time>2026-08-27T10:36:23.000Z</time>
        <extensions>
          <ns3:TrackPointExtension>
            <ns3:hr>129</ns3:hr>
            <ns3:cad>83</ns3:cad>
          </ns3:TrackPointExtension>
        </extensions>
      </trkpt>
      <trkpt lat="31.2698748148977756500244140625" lon="121.512135453522205352783203125">
        <ele>9.3999996185302734375</ele>
        <time>2026-08-27T10:36:31.000Z</time>
        <extensions>
          <ns3:TrackPointExtension>
            <ns3:hr>130</ns3:hr>
            <ns3:cad>83</ns3:cad>
          </ns3:TrackPointExtension>
        </extensions>
      </trkpt>
      <trkpt lat="31.2698459811508655548095703125" lon="121.5121007524430751800537109375">
        <ele>8.6000003814697265625</ele>
        <time>2026-08-27T10:36:33.000Z</time>
        <extensions>
          <ns3:TrackPointExtension>
            <ns3:hr>130</ns3:hr>
            <ns3:cad>82</ns3:cad>
          </ns3:TrackPointExtension>
        </extensions>
      </trkpt>
      <trkpt lat="31.2698044069111347198486328125" lon="121.512050293385982513427734375">
        <ele>7.19999980926513671875</ele>
        <time>2026-08-27T10:36:38.000Z</time>
        <extensions>
          <ns3:TrackPointExtension>
            <ns3:hr>131</ns3:hr>
            <ns3:cad>0</ns3:cad>
          </ns3:TrackPointExtension>
        </extensions>
      </trkpt>
      <trkpt lat="31.26976191066205501556396484375" lon="121.51196035556495189666748046875">
        <ele>6</ele>
        <time>2026-08-27T10:36:47.000Z</time>
        <extensions>
          <ns3:TrackPointExtension>
            <ns3:hr>131</ns3:hr>
            <ns3:cad>0</ns3:cad>
          </ns3:TrackPointExtension>
        </extensions>
      </trkpt>
      <trkpt lat="31.26975939609110355377197265625" lon="121.51191676966845989227294921875">
        <ele>6</ele>
        <time>2026-08-27T10:36:52.000Z</time>
        <extensions>
          <ns3:TrackPointExtension>
            <ns3:hr>128</ns3:hr>
            <ns3:cad>0</ns3:cad>
          </ns3:TrackPointExtension>
        </extensions>
      </trkpt>
      <trkpt lat="31.26975931227207183837890625" lon="121.5119129978120326995849609375">
        <ele>6</ele>
        <time>2026-08-27T10:36:56.000Z</time>
        <extensions>
          <ns3:TrackPointExtension>
            <ns3:hr>126</ns3:hr>
            <ns3:cad>0</ns3:cad>
          </ns3:TrackPointExtension>
        </extensions>
      </trkpt>
      <trkpt lat="31.2697588093578815460205078125" lon="121.511914841830730438232421875">
        <ele>6</ele>
        <time>2026-08-27T10:36:59.000Z</time>
        <extensions>
          <ns3:TrackPointExtension>
            <ns3:hr>123</ns3:hr>
            <ns3:cad>0</ns3:cad>
          </ns3:TrackPointExtension>
        </extensions>
      </trkpt>
      <trkpt lat="31.26975822262465953826904296875" lon="121.51191442273557186126708984375">
        <ele>6</ele>
        <time>2026-08-27T10:37:07.000Z</time>
        <extensions>
          <ns3:TrackPointExtension>
            <ns3:hr>120</ns3:hr>
            <ns3:cad>0</ns3:cad>
          </ns3:TrackPointExtension>
        </extensions>
      </trkpt>
      <trkpt lat="31.26975855790078639984130859375" lon="121.51191442273557186126708984375">
        <ele>6</ele>
        <time>2026-08-27T10:37:14.000Z</time>
        <extensions>
          <ns3:TrackPointExtension>
            <ns3:hr>117</ns3:hr>
            <ns3:cad>0</ns3:cad>
          </ns3:TrackPointExtension>
        </extensions>
      </trkpt>
      <trkpt lat="31.2697588093578815460205078125" lon="121.511913836002349853515625">
        <ele>6</ele>
        <time>2026-08-27T10:37:16.000Z</time>
        <extensions>
          <ns3:TrackPointExtension>
            <ns3:hr>114</ns3:hr>
            <ns3:cad>0</ns3:cad>
          </ns3:TrackPointExtension>
        </extensions>
      </trkpt>
      <trkpt lat="31.269758976995944976806640625" lon="121.51191358454525470733642578125">
        <ele>6</ele>
        <time>2026-08-27T10:37:18.000Z</time>
        <extensions>
          <ns3:TrackPointExtension>
            <ns3:hr>110</ns3:hr>
            <ns3:cad>0</ns3:cad>
          </ns3:TrackPointExtension>
        </extensions>
      </trkpt>
      <trkpt lat="31.2697599828243255615234375" lon="121.51191157288849353790283203125">
        <ele>6</ele>
        <time>2026-08-27T10:37:23.000Z</time>
        <extensions>
          <ns3:TrackPointExtension>
            <ns3:hr>107</ns3:hr>
            <ns3:cad>0</ns3:cad>
          </ns3:TrackPointExtension>
        </extensions>
      </trkpt>
      <trkpt lat="31.2697608210146427154541015625" lon="121.5119106508791446685791015625">
        <ele>6</ele>
        <time>2026-08-27T10:37:26.000Z</time>
        <extensions>
          <ns3:TrackPointExtension>
            <ns3:hr>104</ns3:hr>
            <ns3:cad>0</ns3:cad>
          </ns3:TrackPointExtension>
        </extensions>
      </trkpt>
      <trkpt lat="31.2697626650333404541015625" lon="121.511910147964954376220703125">
        <ele>6</ele>
        <time>2026-08-27T10:37:29.000Z</time>
        <extensions>
          <ns3:TrackPointExtension>
            <ns3:hr>101</ns3:hr>
            <ns3:cad>0</ns3:cad>
          </ns3:TrackPointExtension>
        </extensions>
      </trkpt>
      <trkpt lat="31.2697638384997844696044921875" lon="121.51190922595560550689697265625">
        <ele>6</ele>
        <time>2026-08-27T10:37:36.000Z</time>
        <extensions>
          <ns3:TrackPointExtension>
            <ns3:hr>98</ns3:hr>
            <ns3:cad>0</ns3:cad>
          </ns3:TrackPointExtension>
        </extensions>
      </trkpt>
      <trkpt lat="31.26976492814719676971435546875" lon="121.5119052864611148834228515625">
        <ele>6</ele>
        <time>2026-08-27T10:37:53.000Z</time>
        <extensions>
          <ns3:TrackPointExtension>
            <ns3:hr>95</ns3:hr>
            <ns3:cad>0</ns3:cad>
          </ns3:TrackPointExtension>
        </extensions>
      </trkpt>
      <trkpt lat="31.26976258121430873870849609375" lon="121.51190419681370258331298828125">
        <ele>6</ele>
        <time>2026-08-27T10:38:04.000Z</time>
        <extensions>
          <ns3:TrackPointExtension>
            <ns3:hr>92</ns3:hr>
            <ns3:cad>0</ns3:cad>
          </ns3:TrackPointExtension>
        </extensions>
      </trkpt>
      <trkpt lat="31.26976191066205501556396484375" lon="121.511904112994670867919921875">
        <ele>6</ele>
        <time>2026-08-27T10:38:07.000Z</time>
        <extensions>
          <ns3:TrackPointExtension>
            <ns3:hr>89</ns3:hr>
            <ns3:cad>0</ns3:cad>
          </ns3:TrackPointExtension>
        </extensions>
      </trkpt>
      <trkpt lat="31.2697614915668964385986328125" lon="121.511904112994670867919921875">
        <ele>6</ele>
        <time>2026-08-27T10:38:13.000Z</time>
        <extensions>
          <ns3:TrackPointExtension>
            <ns3:hr>86</ns3:hr>
            <ns3:cad>0</ns3:cad>
          </ns3:TrackPointExtension>
        </extensions>
      </trkpt>
      <trkpt lat="31.26970608718693256378173828125" lon="121.51184552349150180816650390625">
        <ele>5</ele>
        <time>2026-08-27T10:38:24.000Z</time>
        <extensions>
          <ns3:TrackPointExtension>
            <ns3:hr>86</ns3:hr>
            <ns3:cad>54</ns3:cad>
          </ns3:TrackPointExtension>
        </extensions>
      </trkpt>
      <trkpt lat="31.2696203403174877166748046875" lon="121.5117456950247287750244140625">
        <ele>4.400000095367431640625</ele>
        <time>2026-08-27T10:38:29.000Z</time>
        <extensions>
          <ns3:TrackPointExtension>
            <ns3:hr>88</ns3:hr>
            <ns3:cad>82</ns3:cad>
          </ns3:TrackPointExtension>
        </extensions>
      </trkpt>
      <trkpt lat="31.26960282213985919952392578125" lon="121.51173655875027179718017578125">
        <ele>4.19999980926513671875</ele>
        <time>2026-08-27T10:38:30.000Z</time>
        <extensions>
          <ns3:TrackPointExtension>
            <ns3:hr>89</ns3:hr>
            <ns3:cad>84</ns3:cad>
          </ns3:TrackPointExtension>
        </extensions>
      </trkpt>
      <trkpt lat="31.26956644468009471893310546875" lon="121.51170621626079082489013671875">
        <ele>4.19999980926513671875</ele>
        <time>2026-08-27T10:38:32.000Z</time>
        <extensions>
          <ns3:TrackPointExtension>
            <ns3:hr>92</ns3:hr>
            <ns3:cad>84</ns3:cad>
          </ns3:TrackPointExtension>
        </extensions>
      </trkpt>
      <trkpt lat="31.269526965916156768798828125" lon="121.51167587377130985260009765625">
        <ele>4</ele>
        <time>2026-08-27T10:38:34.000Z</time>
        <extensions>
          <ns3:TrackPointExtension>
            <ns3:hr>95</ns3:hr>
            <ns3:cad>83</ns3:cad>
          </ns3:TrackPointExtension>
        </extensions>
      </trkpt>
      <trkpt lat="31.269459910690784454345703125" lon="121.51162038557231426239013671875">
        <ele>4</ele>
        <time>2026-08-27T10:38:38.000Z</time>
        <extensions>
          <ns3:TrackPointExtension>
            <ns3:hr>96</ns3:hr>
            <ns3:cad>83</ns3:cad>
          </ns3:TrackPointExtension>
        </extensions>
      </trkpt>
      <trkpt lat="31.269349269568920135498046875" lon="121.5115351416170597076416015625">
        <ele>3.7999999523162841796875</ele>
        <time>2026-08-27T10:38:44.000Z</time>
        <extensions>
          <ns3:TrackPointExtension>
            <ns3:hr>99</ns3:hr>
            <ns3:cad>82</ns3:cad>
          </ns3:TrackPointExtension>
        </extensions>
      </trkpt>
      <trkpt lat="31.2693201005458831787109375" lon="121.51150438003242015838623046875">
        <ele>3.7999999523162841796875</ele>
        <time>2026-08-27T10:38:46.000Z</time>
        <extensions>
          <ns3:TrackPointExtension>
            <ns3:hr>102</ns3:hr>
            <ns3:cad>82</ns3:cad>
          </ns3:TrackPointExtension>
        </extensions>
      </trkpt>
      <trkpt lat="31.26930601894855499267578125" lon="121.5114865265786647796630859375">
        <ele>3.7999999523162841796875</ele>
        <time>2026-08-27T10:38:47.000Z</time>
        <extensions>
          <ns3:TrackPointExtension>
            <ns3:hr>104</ns3:hr>
            <ns3:cad>82</ns3:cad>
          </ns3:TrackPointExtension>
        </extensions>
      </trkpt>
      <trkpt lat="31.26922630704939365386962890625" lon="121.51141569949686527252197265625">
        <ele>3.599999904632568359375</ele>
        <time>2026-08-27T10:38:52.000Z</time>
        <extensions>
          <ns3:TrackPointExtension>
            <ns3:hr>107</ns3:hr>
            <ns3:cad>82</ns3:cad>
          </ns3:TrackPointExtension>
        </extensions>
      </trkpt>
      <trkpt lat="31.2691737525165081024169921875" lon="121.511379070580005645751953125">
        <ele>3.400000095367431640625</ele>
        <time>2026-08-27T10:38:55.000Z</time>
        <extensions>
          <ns3:TrackPointExtension>
            <ns3:hr>109</ns3:hr>
            <ns3:cad>82</ns3:cad>
          </ns3:TrackPointExtension>
        </extensions>
      </trkpt>
      <trkpt lat="31.26906839199364185333251953125" lon="121.511294580996036529541015625">
        <ele>3.599999904632568359375</ele>
        <time>2026-08-27T10:39:01.000Z</time>
        <extensions>
          <ns3:TrackPointExtension>
            <ns3:hr>112</ns3:hr>
            <ns3:cad>83</ns3:cad>
          </ns3:TrackPointExtension>
        </extensions>
      </trkpt>
      <trkpt lat="31.26904475502669811248779296875" lon="121.51126214303076267242431640625">
        <ele>3.599999904632568359375</ele>
        <time>2026-08-27T10:39:02.000Z</time>
        <extensions>
          <ns3:TrackPointExtension>
            <ns3:hr>112</ns3:hr>
            <ns3:cad>83</ns3:cad>
          </ns3:TrackPointExtension>
        </extensions>
      </trkpt>
      <trkpt lat="31.26893989741802215576171875" lon="121.51111579500138759613037109375">
        <ele>3.7999999523162841796875</ele>
        <time>2026-08-27T10:39:10.000Z</time>
        <extensions>
          <ns3:TrackPointExtension>
            <ns3:hr>114</ns3:hr>
            <ns3:cad>83</ns3:cad>
          </ns3:TrackPointExtension>
        </extensions>
      </trkpt>
      <trkpt lat="31.268774606287479400634765625" lon="121.51103918440639972686767578125">
        <ele>3.599999904632568359375</ele>
        <time>2026-08-27T10:39:18.000Z</time>
        <extensions>
          <ns3:TrackPointExtension>
            <ns3:hr>116</ns3:hr>
            <ns3:cad>83</ns3:cad>
          </ns3:TrackPointExtension>
        </extensions>
      </trkpt>
      <trkpt lat="31.26875557936728000640869140625" lon="121.51102879084646701812744140625">
        <ele>3.400000095367431640625</ele>
        <time>2026-08-27T10:39:19.000Z</time>
        <extensions>
          <ns3:TrackPointExtension>
            <ns3:hr>116</ns3:hr>
            <ns3:cad>83</ns3:cad>
          </ns3:TrackPointExtension>
        </extensions>
      </trkpt>
      <trkpt lat="31.26870914362370967864990234375" lon="121.51098151691257953643798828125">
        <ele>3.400000095367431640625</ele>
        <time>2026-08-27T10:39:21.000Z</time>
        <extensions>
          <ns3:TrackPointExtension>
            <ns3:hr>117</ns3:hr>
            <ns3:cad>82</ns3:cad>
          </ns3:TrackPointExtension>
        </extensions>
      </trkpt>
      <trkpt lat="31.26867829822003841400146484375" lon="121.51091261766850948333740234375">
        <ele>3</ele>
        <time>2026-08-27T10:39:25.000Z</time>
        <extensions>
          <ns3:TrackPointExtension>
            <ns3:hr>119</ns3:hr>
            <ns3:cad>82</ns3:cad>
          </ns3:TrackPointExtension>
        </extensions>
      </trkpt>
      <trkpt lat="31.2685669027268886566162109375" lon="121.51077431626617908477783203125">
        <ele>1.60000002384185791015625</ele>
        <time>2026-08-27T10:39:33.000Z</time>
        <extensions>
          <ns3:TrackPointExtension>
            <ns3:hr>122</ns3:hr>
            <ns3:cad>81</ns3:cad>
          </ns3:TrackPointExtension>
        </extensions>
      </trkpt>
      <trkpt lat="31.26841259188950061798095703125" lon="121.51067172177135944366455078125">
        <ele>1.2000000476837158203125</ele>
        <time>2026-08-27T10:39:41.000Z</time>
        <extensions>
          <ns3:TrackPointExtension>
            <ns3:hr>122</ns3:hr>
            <ns3:cad>82</ns3:cad>
          </ns3:TrackPointExtension>
        </extensions>
      </trkpt>
      <trkpt lat="31.26826456747949123382568359375" lon="121.510542891919612884521484375">
        <ele>2.2000000476837158203125</ele>
        <time>2026-08-27T10:39:49.000Z</time>
        <extensions>
          <ns3:TrackPointExtension>
            <ns3:hr>124</ns3:hr>
            <ns3:cad>82</ns3:cad>
          </ns3:TrackPointExtension>
        </extensions>
      </trkpt>
      <trkpt lat="31.268120817840099334716796875" lon="121.51037617586553096771240234375">
        <ele>5.80000019073486328125</ele>
        <time>2026-08-27T10:39:58.000Z</time>
        <extensions>
          <ns3:TrackPointExtension>
            <ns3:hr>126</ns3:hr>
            <ns3:cad>82</ns3:cad>
          </ns3:TrackPointExtension>
        </extensions>
      </trkpt>
      <trkpt lat="31.26797338016331195831298828125" lon="121.51021490804851055145263671875">
        <ele>8.6000003814697265625</ele>
        <time>2026-08-27T10:40:07.000Z</time>
        <extensions>
          <ns3:TrackPointExtension>
            <ns3:hr>128</ns3:hr>
            <ns3:cad>83</ns3:cad>
          </ns3:TrackPointExtension>
        </extensions>
      </trkpt>
      <trkpt lat="31.26796147786080837249755859375" lon="121.51018875651061534881591796875">
        <ele>8.6000003814697265625</ele>
        <time>2026-08-27T10:40:08.000Z</time>
        <extensions>
          <ns3:TrackPointExtension>
            <ns3:hr>129</ns3:hr>
            <ns3:cad>83</ns3:cad>
          </ns3:TrackPointExtension>
        </extensions>
      </trkpt>
      <trkpt lat="31.2678623199462890625" lon="121.5100438334047794342041015625">
        <ele>10</ele>
        <time>2026-08-27T10:40:15.000Z</time>
        <extensions>
          <ns3:TrackPointExtension>
            <ns3:hr>129</ns3:hr>
            <ns3:cad>83</ns3:cad>
          </ns3:TrackPointExtension>
        </extensions>
      </trkpt>
      <trkpt lat="31.267821080982685089111328125" lon="121.50998155586421489715576171875">
        <ele>11.19999980926513671875</ele>
        <time>2026-08-27T10:40:21.000Z</time>
        <extensions>
          <ns3:TrackPointExtension>
            <ns3:hr>129</ns3:hr>
            <ns3:cad>0</ns3:cad>
          </ns3:TrackPointExtension>
        </extensions>
      </trkpt>
      <trkpt lat="31.26777539961040019989013671875" lon="121.5099358744919300079345703125">
        <ele>12.3999996185302734375</ele>
        <time>2026-08-27T10:40:29.000Z</time>
        <extensions>
          <ns3:TrackPointExtension>
            <ns3:hr>128</ns3:hr>
            <ns3:cad>52</ns3:cad>
          </ns3:TrackPointExtension>
        </extensions>
      </trkpt>
      <trkpt lat="31.267741955816745758056640625" lon="121.50989740155637264251708984375">
        <ele>13.19999980926513671875</ele>
        <time>2026-08-27T10:40:34.000Z</time>
        <extensions>
          <ns3:TrackPointExtension>
            <ns3:hr>123</ns3:hr>
            <ns3:cad>54</ns3:cad>
          </ns3:TrackPointExtension>
        </extensions>
      </trkpt>
      <trkpt lat="31.2677374295890331268310546875" lon="121.50987661443650722503662109375">
        <ele>13.19999980926513671875</ele>
        <time>2026-08-27T10:40:36.000Z</time>
        <extensions>
          <ns3:TrackPointExtension>
            <ns3:hr>122</ns3:hr>
            <ns3:cad>54</ns3:cad>
          </ns3:TrackPointExtension>
        </extensions>
      </trkpt>
      <trkpt lat="31.26773248426616191864013671875" lon="121.50984476320445537567138671875">
        <ele>13.3999996185302734375</ele>
        <time>2026-08-27T10:40:39.000Z</time>
        <extensions>
          <ns3:TrackPointExtension>
            <ns3:hr>120</ns3:hr>
            <ns3:cad>53</ns3:cad>
          </ns3:TrackPointExtension>
        </extensions>
      </trkpt>
      <trkpt lat="31.2677267007529735565185546875" lon="121.50981366634368896484375">
        <ele>13.3999996185302734375</ele>
        <time>2026-08-27T10:40:43.000Z</time>
        <extensions>
          <ns3:TrackPointExtension>
            <ns3:hr>117</ns3:hr>
            <ns3:cad>0</ns3:cad>
          </ns3:TrackPointExtension>
        </extensions>
      </trkpt>
      <trkpt lat="31.26772477291524410247802734375" lon="121.5098104812204837799072265625">
        <ele>13.3999996185302734375</ele>
        <time>2026-08-27T10:40:45.000Z</time>
        <extensions>
          <ns3:TrackPointExtension>
            <ns3:hr>113</ns3:hr>
            <ns3:cad>0</ns3:cad>
          </ns3:TrackPointExtension>
        </extensions>
      </trkpt>
      <trkpt lat="31.26771672628819942474365234375" lon="121.50981240905821323394775390625">
        <ele>13.6000003814697265625</ele>
        <time>2026-08-27T10:40:55.000Z</time>
        <extensions>
          <ns3:TrackPointExtension>
            <ns3:hr>112</ns3:hr>
            <ns3:cad>0</ns3:cad>
          </ns3:TrackPointExtension>
        </extensions>
      </trkpt>
      <trkpt lat="31.26771672628819942474365234375" lon="121.50981240905821323394775390625">
        <ele>13.6000003814697265625</ele>
        <time>2026-08-27T10:41:04.000Z</time>
        <extensions>
          <ns3:TrackPointExtension>
            <ns3:hr>109</ns3:hr>
            <ns3:cad>0</ns3:cad>
          </ns3:TrackPointExtension>
        </extensions>
      </trkpt>
      <trkpt lat="31.26771672628819942474365234375" lon="121.50981240905821323394775390625">
        <ele>13.6000003814697265625</ele>
        <time>2026-08-27T10:41:06.000Z</time>
        <extensions>
          <ns3:TrackPointExtension>
            <ns3:hr>106</ns3:hr>
            <ns3:cad>0</ns3:cad>
          </ns3:TrackPointExtension>
        </extensions>
      </trkpt>
      <trkpt lat="31.2677173130214214324951171875" lon="121.50981240905821323394775390625">
        <ele>13.6000003814697265625</ele>
        <time>2026-08-27T10:41:08.000Z</time>
        <extensions>
          <ns3:TrackPointExtension>
            <ns3:hr>103</ns3:hr>
            <ns3:cad>0</ns3:cad>
          </ns3:TrackPointExtension>
        </extensions>
      </trkpt>
      <trkpt lat="31.26771890558302402496337890625" lon="121.50981240905821323394775390625">
        <ele>13.6000003814697265625</ele>
        <time>2026-08-27T10:41:13.000Z</time>
        <extensions>
          <ns3:TrackPointExtension>
            <ns3:hr>106</ns3:hr>
            <ns3:cad>0</ns3:cad>
          </ns3:TrackPointExtension>
        </extensions>
      </trkpt>
      <trkpt lat="31.26771773211658000946044921875" lon="121.509815342724323272705078125">
        <ele>13.6000003814697265625</ele>
        <time>2026-08-27T10:41:22.000Z</time>
        <extensions>
          <ns3:TrackPointExtension>
            <ns3:hr>103</ns3:hr>
            <ns3:cad>0</ns3:cad>
          </ns3:TrackPointExtension>
        </extensions>
      </trkpt>
      <trkpt lat="31.267717815935611724853515625" lon="121.5098168514668941497802734375">
        <ele>13.6000003814697265625</ele>
        <time>2026-08-27T10:41:24.000Z</time>
        <extensions>
          <ns3:TrackPointExtension>
            <ns3:hr>100</ns3:hr>
            <ns3:cad>0</ns3:cad>
          </ns3:TrackPointExtension>
        </extensions>
      </trkpt>
      <trkpt lat="31.26771857030689716339111328125" lon="121.5098208747804164886474609375">
        <ele>13.6000003814697265625</ele>
        <time>2026-08-27T10:41:27.000Z</time>
        <extensions>
          <ns3:TrackPointExtension>
            <ns3:hr>96</ns3:hr>
            <ns3:cad>0</ns3:cad>
          </ns3:TrackPointExtension>
        </extensions>
      </trkpt>
      <trkpt lat="31.26771890558302402496337890625" lon="121.50982112623751163482666015625">
        <ele>13.6000003814697265625</ele>
        <time>2026-08-27T10:41:31.000Z</time>
        <extensions>
          <ns3:TrackPointExtension>
            <ns3:hr>93</ns3:hr>
            <ns3:cad>0</ns3:cad>
          </ns3:TrackPointExtension>
        </extensions>
      </trkpt>
      <trkpt lat="31.2677210010588169097900390625" lon="121.5098203718662261962890625">
        <ele>13.3999996185302734375</ele>
        <time>2026-08-27T10:41:44.000Z</time>
        <extensions>
          <ns3:TrackPointExtension>
            <ns3:hr>96</ns3:hr>
            <ns3:cad>0</ns3:cad>
          </ns3:TrackPointExtension>
        </extensions>
      </trkpt>
      <trkpt lat="31.26772142015397548675537109375" lon="121.50981928221881389617919921875">
        <ele>13.3999996185302734375</ele>
        <time>2026-08-27T10:41:50.000Z</time>
        <extensions>
          <ns3:TrackPointExtension>
            <ns3:hr>93</ns3:hr>
            <ns3:cad>0</ns3:cad>
          </ns3:TrackPointExtension>
        </extensions>
      </trkpt>
      <trkpt lat="31.26768236048519611358642578125" lon="121.50977619923651218414306640625">
        <ele>14</ele>
        <time>2026-08-27T10:41:56.000Z</time>
        <extensions>
          <ns3:TrackPointExtension>
            <ns3:hr>94</ns3:hr>
            <ns3:cad>58</ns3:cad>
          </ns3:TrackPointExtension>
        </extensions>
      </trkpt>
      <trkpt lat="31.26758378930389881134033203125" lon="121.50968768633902072906494140625">
        <ele>15.19999980926513671875</ele>
        <time>2026-08-27T10:42:05.000Z</time>
        <extensions>
          <ns3:TrackPointExtension>
            <ns3:hr>95</ns3:hr>
            <ns3:cad>55</ns3:cad>
          </ns3:TrackPointExtension>
        </extensions>
      </trkpt>
      <trkpt lat="31.2675446458160877227783203125" lon="121.50967695750296115875244140625">
        <ele>15.6000003814697265625</ele>
        <time>2026-08-27T10:42:09.000Z</time>
        <extensions>
          <ns3:TrackPointExtension>
            <ns3:hr>92</ns3:hr>
            <ns3:cad>55</ns3:cad>
          </ns3:TrackPointExtension>
        </extensions>
      </trkpt>
      <trkpt lat="31.2675154767930507659912109375" lon="121.50967511348426342010498046875">
        <ele>16</ele>
        <time>2026-08-27T10:42:12.000Z</time>
        <extensions>
          <ns3:TrackPointExtension>
            <ns3:hr>92</ns3:hr>
            <ns3:cad>53</ns3:cad>
          </ns3:TrackPointExtension>
        </extensions>
      </trkpt>
      <trkpt lat="31.26743853092193603515625" lon="121.50963622145354747772216796875">
        <ele>16.3999996185302734375</ele>
        <time>2026-08-27T10:42:17.000Z</time>
        <extensions>
          <ns3:TrackPointExtension>
            <ns3:hr>89</ns3:hr>
            <ns3:cad>82</ns3:cad>
          </ns3:TrackPointExtension>
        </extensions>
      </trkpt>
      <trkpt lat="31.26742352731525897979736328125" lon="121.50961660780012607574462890625">
        <ele>16.200000762939453125</ele>
        <time>2026-08-27T10:42:18.000Z</time>
        <extensions>
          <ns3:TrackPointExtension>
            <ns3:hr>89</ns3:hr>
            <ns3:cad>82</ns3:cad>
          </ns3:TrackPointExtension>
        </extensions>
      </trkpt>
      <trkpt lat="31.2674115411937236785888671875" lon="121.50959464721381664276123046875">
        <ele>16.200000762939453125</ele>
        <time>2026-08-27T10:42:19.000Z</time>
        <extensions>
          <ns3:TrackPointExtension>
            <ns3:hr>89</ns3:hr>
            <ns3:cad>82</ns3:cad>
          </ns3:TrackPointExtension>
        </extensions>
      </trkpt>
      <trkpt lat="31.26728137023746967315673828125" lon="121.50942315347492694854736328125">
        <ele>15.6000003814697265625</ele>
        <time>2026-08-27T10:42:26.000Z</time>
        <extensions>
          <ns3:TrackPointExtension>
            <ns3:hr>92</ns3:hr>
            <ns3:cad>83</ns3:cad>
          </ns3:TrackPointExtension>
        </extensions>
      </trkpt>
      <trkpt lat="31.2672442384064197540283203125" lon="121.5093913860619068145751953125">
        <ele>15.6000003814697265625</ele>
        <time>2026-08-27T10:42:28.000Z</time>
        <extensions>
          <ns3:TrackPointExtension>
            <ns3:hr>95</ns3:hr>
            <ns3:cad>83</ns3:cad>
          </ns3:TrackPointExtension>
        </extensions>
      </trkpt>
      <trkpt lat="31.26720543019473552703857421875" lon="121.50935760699212551116943359375">
        <ele>15.6000003814697265625</ele>
        <time>2026-08-27T10:42:30.000Z</time>
        <extensions>
          <ns3:TrackPointExtension>
            <ns3:hr>98</ns3:hr>
            <ns3:cad>83</ns3:cad>
          </ns3:TrackPointExtension>
        </extensions>
      </trkpt>
      <trkpt lat="31.2671768479049205780029296875" lon="121.5093161165714263916015625">
        <ele>15.3999996185302734375</ele>
        <time>2026-08-27T10:42:32.000Z</time>
        <extensions>
          <ns3:TrackPointExtension>
            <ns3:hr>100</ns3:hr>
            <ns3:cad>82</ns3:cad>
          </ns3:TrackPointExtension>
        </extensions>
      </trkpt>
      <trkpt lat="31.26714491285383701324462890625" lon="121.50928200222551822662353515625">
        <ele>15.3999996185302734375</ele>
        <time>2026-08-27T10:42:34.000Z</time>
        <extensions>
          <ns3:TrackPointExtension>
            <ns3:hr>103</ns3:hr>
            <ns3:cad>83</ns3:cad>
          </ns3:TrackPointExtension>
        </extensions>
      </trkpt>
      <trkpt lat="31.2671067751944065093994140625" lon="121.509225256741046905517578125">
        <ele>15.3999996185302734375</ele>
        <time>2026-08-27T10:42:37.000Z</time>
        <extensions>
          <ns3:TrackPointExtension>
            <ns3:hr>106</ns3:hr>
            <ns3:cad>82</ns3:cad>
          </ns3:TrackPointExtension>
        </extensions>
      </trkpt>
      <trkpt lat="31.267093531787395477294921875" lon="121.5092074871063232421875">
        <ele>15.19999980926513671875</ele>
        <time>2026-08-27T10:42:38.000Z</time>
        <extensions>
          <ns3:TrackPointExtension>
            <ns3:hr>107</ns3:hr>
            <ns3:cad>82</ns3:cad>
          </ns3:TrackPointExtension>
        </extensions>
      </trkpt>
      <trkpt lat="31.26700711436569690704345703125" lon="121.509095169603824615478515625">
        <ele>14.6000003814697265625</ele>
        <time>2026-08-27T10:42:44.000Z</time>
        <extensions>
          <ns3:TrackPointExtension>
            <ns3:hr>110</ns3:hr>
            <ns3:cad>82</ns3:cad>
          </ns3:TrackPointExtension>
        </extensions>
      </trkpt>
      <trkpt lat="31.2669592536985874176025390625" lon="121.50903775356709957122802734375">
        <ele>14.19999980926513671875</ele>
        <time>2026-08-27T10:42:47.000Z</time>
        <extensions>
          <ns3:TrackPointExtension>
            <ns3:hr>113</ns3:hr>
            <ns3:cad>83</ns3:cad>
          </ns3:TrackPointExtension>
        </extensions>
      </trkpt>
      <trkpt lat="31.266928575932979583740234375" lon="121.508994586765766143798828125">
        <ele>14</ele>
        <time>2026-08-27T10:42:49.000Z</time>
        <extensions>
          <ns3:TrackPointExtension>
            <ns3:hr>116</ns3:hr>
            <ns3:cad>83</ns3:cad>
          </ns3:TrackPointExtension>
        </extensions>
      </trkpt>
      <trkpt lat="31.2668600119650363922119140625" lon="121.5089122764766216278076171875">
        <ele>14</ele>
        <time>2026-08-27T10:42:53.000Z</time>
        <extensions>
          <ns3:TrackPointExtension>
            <ns3:hr>117</ns3:hr>
            <ns3:cad>83</ns3:cad>
          </ns3:TrackPointExtension>
        </extensions>
      </trkpt>
      <trkpt lat="31.266734115779399871826171875" lon="121.50874086655676364898681640625">
        <ele>13.19999980926513671875</ele>
        <time>2026-08-27T10:43:01.000Z</time>
        <extensions>
          <ns3:TrackPointExtension>
            <ns3:hr>118</ns3:hr>
            <ns3:cad>83</ns3:cad>
          </ns3:TrackPointExtension>
        </extensions>
      </trkpt>
      <trkpt lat="31.2667064554989337921142578125" lon="121.5086960233747959136962890625">
        <ele>13.19999980926513671875</ele>
        <time>2026-08-27T10:43:03.000Z</time>
        <extensions>
          <ns3:TrackPointExtension>
            <ns3:hr>118</ns3:hr>
            <ns3:cad>83</ns3:cad>
          </ns3:TrackPointExtension>
        </extensions>
      </trkpt>
      <trkpt lat="31.26661567948758602142333984375" lon="121.5085776709020137786865234375">
        <ele>12.19999980926513671875</ele>
        <time>2026-08-27T10:43:09.000Z</time>
        <extensions>
          <ns3:TrackPointExtension>
            <ns3:hr>121</ns3:hr>
            <ns3:cad>83</ns3:cad>
          </ns3:TrackPointExtension>
        </extensions>
      </trkpt>
      <trkpt lat="31.26659254543483257293701171875" lon="121.5085350908339023590087890625">
        <ele>11.6000003814697265625</ele>
        <time>2026-08-27T10:43:11.000Z</time>
        <extensions>
          <ns3:TrackPointExtension>
            <ns3:hr>121</ns3:hr>
            <ns3:cad>82</ns3:cad>
          </ns3:TrackPointExtension>
        </extensions>
      </trkpt>
      <trkpt lat="31.26650067977607250213623046875" lon="121.508393101394176483154296875">
        <ele>9.6000003814697265625</ele>
        <time>2026-08-27T10:43:18.000Z</time>
        <extensions>
          <ns3:TrackPointExtension>
            <ns3:hr>122</ns3:hr>
            <ns3:cad>82</ns3:cad>
          </ns3:TrackPointExtension>
        </extensions>
      </trkpt>
      <trkpt lat="31.266409568488597869873046875" lon="121.50823091156780719757080078125">
        <ele>7.400000095367431640625</ele>
        <time>2026-08-27T10:43:25.000Z</time>
        <extensions>
          <ns3:TrackPointExtension>
            <ns3:hr>122</ns3:hr>
            <ns3:cad>82</ns3:cad>
          </ns3:TrackPointExtension>
        </extensions>
      </trkpt>
      <trkpt lat="31.26632415689527988433837890625" lon="121.50808020494878292083740234375">
        <ele>5.80000019073486328125</ele>
        <time>2026-08-27T10:43:32.000Z</time>
        <extensions>
          <ns3:TrackPointExtension>
            <ns3:hr>124</ns3:hr>
            <ns3:cad>83</ns3:cad>
          </ns3:TrackPointExtension>
        </extensions>
      </trkpt>
      <trkpt lat="31.266238577663898468017578125" lon="121.5079148299992084503173828125">
        <ele>7.400000095367431640625</ele>
        <time>2026-08-27T10:43:39.000Z</time>
        <extensions>
          <ns3:TrackPointExtension>
            <ns3:hr>125</ns3:hr>
            <ns3:cad>82</ns3:cad>
          </ns3:TrackPointExtension>
        </extensions>
      </trkpt>
      <trkpt lat="31.26613296568393707275390625" lon="121.50773285888135433197021484375">
        <ele>9.19999980926513671875</ele>
        <time>2026-08-27T10:43:47.000Z</time>
        <extensions>
          <ns3:TrackPointExtension>
            <ns3:hr>127</ns3:hr>
            <ns3:cad>81</ns3:cad>
          </ns3:TrackPointExtension>
        </extensions>
      </trkpt>
      <trkpt lat="31.26610890962183475494384765625" lon="121.50768944062292575836181640625">
        <ele>9.6000003814697265625</ele>
        <time>2026-08-27T10:43:49.000Z</time>
        <extensions>
          <ns3:TrackPointExtension>
            <ns3:hr>128</ns3:hr>
            <ns3:cad>81</ns3:cad>
          </ns3:TrackPointExtension>
        </extensions>
      </trkpt>
      <trkpt lat="31.26602827571332454681396484375" lon="121.5075054578483104705810546875">
        <ele>11.3999996185302734375</ele>
        <time>2026-08-27T10:43:57.000Z</time>
        <extensions>
          <ns3:TrackPointExtension>
            <ns3:hr>128</ns3:hr>
            <ns3:cad>82</ns3:cad>
          </ns3:TrackPointExtension>
        </extensions>
      </trkpt>
      <trkpt lat="31.26595971174538135528564453125" lon="121.5073565952479839324951171875">
        <ele>11.6000003814697265625</ele>
        <time>2026-08-27T10:44:03.000Z</time>
        <extensions>
          <ns3:TrackPointExtension>
            <ns3:hr>129</ns3:hr>
            <ns3:cad>82</ns3:cad>
          </ns3:TrackPointExtension>
        </extensions>
      </trkpt>
      <trkpt lat="31.26585208810865879058837890625" lon="121.507172025740146636962890625">
        <ele>11</ele>
        <time>2026-08-27T10:44:11.000Z</time>
        <extensions>
          <ns3:TrackPointExtension>
            <ns3:hr>131</ns3:hr>
            <ns3:cad>83</ns3:cad>
          </ns3:TrackPointExtension>
        </extensions>
      </trkpt>
      <trkpt lat="31.265787966549396514892578125" lon="121.50699743069708347320556640625">
        <ele>10.80000019073486328125</ele>
        <time>2026-08-27T10:44:18.000Z</time>
        <extensions>
          <ns3:TrackPointExtension>
            <ns3:hr>131</ns3:hr>
            <ns3:cad>81</ns3:cad>
          </ns3:TrackPointExtension>
        </extensions>
      </trkpt>
      <trkpt lat="31.26572258770465850830078125" lon="121.50680129416286945343017578125">
        <ele>10.80000019073486328125</ele>
        <time>2026-08-27T10:44:26.000Z</time>
        <extensions>
          <ns3:TrackPointExtension>
            <ns3:hr>130</ns3:hr>
            <ns3:cad>82</ns3:cad>
          </ns3:TrackPointExtension>
        </extensions>
      </trkpt>
      <trkpt lat="31.265664584934711456298828125" lon="121.50659962557256221771240234375">
        <ele>11</ele>
        <time>2026-08-27T10:44:33.000Z</time>
        <extensions>
          <ns3:TrackPointExtension>
            <ns3:hr>130</ns3:hr>
            <ns3:cad>83</ns3:cad>
          </ns3:TrackPointExtension>
        </extensions>
      </trkpt>
      <trkpt lat="31.26565712504088878631591796875" lon="121.506549082696437835693359375">
        <ele>11</ele>
        <time>2026-08-27T10:44:35.000Z</time>
        <extensions>
          <ns3:TrackPointExtension>
            <ns3:hr>130</ns3:hr>
            <ns3:cad>83</ns3:cad>
          </ns3:TrackPointExtension>
        </extensions>
      </trkpt>
      <trkpt lat="31.2655903212726116180419921875" lon="121.50632922537624835968017578125">
        <ele>10.19999980926513671875</ele>
        <time>2026-08-27T10:44:43.000Z</time>
        <extensions>
          <ns3:TrackPointExtension>
            <ns3:hr>131</ns3:hr>
            <ns3:cad>84</ns3:cad>
          </ns3:TrackPointExtension>
        </extensions>
      </trkpt>
      <trkpt lat="31.2655194103717803955078125" lon="121.5061133913695812225341796875">
        <ele>9.6000003814697265625</ele>
        <time>2026-08-27T10:44:51.000Z</time>
        <extensions>
          <ns3:TrackPointExtension>
            <ns3:hr>133</ns3:hr>
            <ns3:cad>82</ns3:cad>
          </ns3:TrackPointExtension>
        </extensions>
      </trkpt>
      <trkpt lat="31.26550843007862567901611328125" lon="121.50606066919863224029541015625">
        <ele>9</ele>
        <time>2026-08-27T10:44:53.000Z</time>
        <extensions>
          <ns3:TrackPointExtension>
            <ns3:hr>133</ns3:hr>
            <ns3:cad>82</ns3:cad>
          </ns3:TrackPointExtension>
        </extensions>
      </trkpt>
      <trkpt lat="31.2654900737106800079345703125" lon="121.50600283406674861907958984375">
        <ele>8.6000003814697265625</ele>
        <time>2026-08-27T10:44:57.000Z</time>
        <extensions>
          <ns3:TrackPointExtension>
            <ns3:hr>134</ns3:hr>
            <ns3:cad>82</ns3:cad>
          </ns3:TrackPointExtension>
        </extensions>
      </trkpt>
      <trkpt lat="31.26548412255942821502685546875" lon="121.505989842116832733154296875">
        <ele>8.3999996185302734375</ele>
        <time>2026-08-27T10:44:58.000Z</time>
        <extensions>
          <ns3:TrackPointExtension>
            <ns3:hr>135</ns3:hr>
            <ns3:cad>82</ns3:cad>
          </ns3:TrackPointExtension>
        </extensions>
      </trkpt>
      <trkpt lat="31.265467107295989990234375" lon="121.50591976940631866455078125">
        <ele>7.80000019073486328125</ele>
        <time>2026-08-27T10:45:05.000Z</time>
        <extensions>
          <ns3:TrackPointExtension>
            <ns3:hr>133</ns3:hr>
            <ns3:cad>53</ns3:cad>
          </ns3:TrackPointExtension>
        </extensions>
      </trkpt>
      <trkpt lat="31.26544053666293621063232421875" lon="121.50582245551049709320068359375">
        <ele>7.19999980926513671875</ele>
        <time>2026-08-27T10:45:14.000Z</time>
        <extensions>
          <ns3:TrackPointExtension>
            <ns3:hr>131</ns3:hr>
            <ns3:cad>53</ns3:cad>
          </ns3:TrackPointExtension>
        </extensions>
      </trkpt>
      <trkpt lat="31.2654220126569271087646484375" lon="121.50578859262168407440185546875">
        <ele>7.400000095367431640625</ele>
        <time>2026-08-27T10:45:18.000Z</time>
        <extensions>
          <ns3:TrackPointExtension>
            <ns3:hr>128</ns3:hr>
            <ns3:cad>0</ns3:cad>
          </ns3:TrackPointExtension>
        </extensions>
      </trkpt>
      <trkpt lat="31.26540382392704486846923828125" lon="121.50576663203537464141845703125">
        <ele>7.400000095367431640625</ele>
        <time>2026-08-27T10:45:21.000Z</time>
        <extensions>
          <ns3:TrackPointExtension>
            <ns3:hr>125</ns3:hr>
            <ns3:cad>53</ns3:cad>
          </ns3:TrackPointExtension>
        </extensions>
      </trkpt>
      <trkpt lat="31.26539661549031734466552734375" lon="121.5057429112493991851806640625">
        <ele>7.400000095367431640625</ele>
        <time>2026-08-27T10:45:23.000Z</time>
        <extensions>
          <ns3:TrackPointExtension>
            <ns3:hr>124</ns3:hr>
            <ns3:cad>54</ns3:cad>
          </ns3:TrackPointExtension>
        </extensions>
      </trkpt>
      <trkpt lat="31.26539778895676136016845703125" lon="121.5056909434497356414794921875">
        <ele>7.400000095367431640625</ele>
        <time>2026-08-27T10:45:27.000Z</time>
        <extensions>
          <ns3:TrackPointExtension>
            <ns3:hr>121</ns3:hr>
            <ns3:cad>55</ns3:cad>
          </ns3:TrackPointExtension>
        </extensions>
      </trkpt>
      <trkpt lat="31.2653878144919872283935546875" lon="121.50563545525074005126953125">
        <ele>7.400000095367431640625</ele>
        <time>2026-08-27T10:45:30.000Z</time>
        <extensions>
          <ns3:TrackPointExtension>
            <ns3:hr>118</ns3:hr>
            <ns3:cad>0</ns3:cad>
          </ns3:TrackPointExtension>
        </extensions>
      </trkpt>
      <trkpt lat="31.26538186334073543548583984375" lon="121.5056124888360500335693359375">
        <ele>7.599999904632568359375</ele>
        <time>2026-08-27T10:45:31.000Z</time>
        <extensions>
          <ns3:TrackPointExtension>
            <ns3:hr>115</ns3:hr>
            <ns3:cad>0</ns3:cad>
          </ns3:TrackPointExtension>
        </extensions>
      </trkpt>
      <trkpt lat="31.265346743166446685791015625" lon="121.505548618733882904052734375">
        <ele>7.400000095367431640625</ele>
        <time>2026-08-27T10:45:34.000Z</time>
        <extensions>
          <ns3:TrackPointExtension>
            <ns3:hr>112</ns3:hr>
            <ns3:cad>84</ns3:cad>
          </ns3:TrackPointExtension>
        </extensions>
      </trkpt>
      <trkpt lat="31.26530550420284271240234375" lon="121.50543638505041599273681640625">
        <ele>6.599999904632568359375</ele>
        <time>2026-08-27T10:45:39.000Z</time>
        <extensions>
          <ns3:TrackPointExtension>
            <ns3:hr>112</ns3:hr>
            <ns3:cad>84</ns3:cad>
          </ns3:TrackPointExtension>
        </extensions>
      </trkpt>
      <trkpt lat="31.26528463326394557952880859375" lon="121.505340747535228729248046875">
        <ele>6.19999980926513671875</ele>
        <time>2026-08-27T10:45:43.000Z</time>
        <extensions>
          <ns3:TrackPointExtension>
            <ns3:hr>109</ns3:hr>
            <ns3:cad>83</ns3:cad>
          </ns3:TrackPointExtension>
        </extensions>
      </trkpt>
      <trkpt lat="31.26528128050267696380615234375" lon="121.505318619310855865478515625">
        <ele>6</ele>
        <time>2026-08-27T10:45:45.000Z</time>
        <extensions>
          <ns3:TrackPointExtension>
            <ns3:hr>110</ns3:hr>
            <ns3:cad>83</ns3:cad>
          </ns3:TrackPointExtension>
        </extensions>
      </trkpt>
      <trkpt lat="31.26527440734207630157470703125" lon="121.50531149469316005706787109375">
        <ele>6</ele>
        <time>2026-08-27T10:45:46.000Z</time>
        <extensions>
          <ns3:TrackPointExtension>
            <ns3:hr>110</ns3:hr>
            <ns3:cad>83</ns3:cad>
          </ns3:TrackPointExtension>
        </extensions>
      </trkpt>
      <trkpt lat="31.2652513571083545684814453125" lon="121.50527461431920528411865234375">
        <ele>5.80000019073486328125</ele>
        <time>2026-08-27T10:45:51.000Z</time>
        <extensions>
          <ns3:TrackPointExtension>
            <ns3:hr>107</ns3:hr>
            <ns3:cad>55</ns3:cad>
          </ns3:TrackPointExtension>
        </extensions>
      </trkpt>
      <trkpt lat="31.26522445119917392730712890625" lon="121.50522029958665370941162109375">
        <ele>5.400000095367431640625</ele>
        <time>2026-08-27T10:45:59.000Z</time>
        <extensions>
          <ns3:TrackPointExtension>
            <ns3:hr>106</ns3:hr>
            <ns3:cad>54</ns3:cad>
          </ns3:TrackPointExtension>
        </extensions>
      </trkpt>
      <trkpt lat="31.265118420124053955078125" lon="121.50519263930618762969970703125">
        <ele>5.19999980926513671875</ele>
        <time>2026-08-27T10:46:07.000Z</time>
        <extensions>
          <ns3:TrackPointExtension>
            <ns3:hr>108</ns3:hr>
            <ns3:cad>55</ns3:cad>
          </ns3:TrackPointExtension>
        </extensions>
      </trkpt>
      <trkpt lat="31.265047006309032440185546875" lon="121.5051447786390781402587890625">
        <ele>4.599999904632568359375</ele>
        <time>2026-08-27T10:46:13.000Z</time>
        <extensions>
          <ns3:TrackPointExtension>
            <ns3:hr>105</ns3:hr>
            <ns3:cad>55</ns3:cad>
          </ns3:TrackPointExtension>
        </extensions>
      </trkpt>
      <trkpt lat="31.26502479426562786102294921875" lon="121.50511971674859523773193359375">
        <ele>4.599999904632568359375</ele>
        <time>2026-08-27T10:46:15.000Z</time>
        <extensions>
          <ns3:TrackPointExtension>
            <ns3:hr>105</ns3:hr>
            <ns3:cad>54</ns3:cad>
          </ns3:TrackPointExtension>
        </extensions>
      </trkpt>
      <trkpt lat="31.2649975530803203582763671875" lon="121.5050970017910003662109375">
        <ele>4.400000095367431640625</ele>
        <time>2026-08-27T10:46:18.000Z</time>
        <extensions>
          <ns3:TrackPointExtension>
            <ns3:hr>106</ns3:hr>
            <ns3:cad>55</ns3:cad>
          </ns3:TrackPointExtension>
        </extensions>
      </trkpt>
      <trkpt lat="31.26494231633841991424560546875" lon="121.50507411919534206390380859375">
        <ele>4.400000095367431640625</ele>
        <time>2026-08-27T10:46:22.000Z</time>
        <extensions>
          <ns3:TrackPointExtension>
            <ns3:hr>105</ns3:hr>
            <ns3:cad>53</ns3:cad>
          </ns3:TrackPointExtension>
        </extensions>
      </trkpt>
      <trkpt lat="31.2649341858923435211181640625" lon="121.5050666593015193939208984375">
        <ele>4.599999904632568359375</ele>
        <time>2026-08-27T10:46:23.000Z</time>
        <extensions>
          <ns3:TrackPointExtension>
            <ns3:hr>105</ns3:hr>
            <ns3:cad>53</ns3:cad>
          </ns3:TrackPointExtension>
        </extensions>
      </trkpt>
      <trkpt lat="31.2649251334369182586669921875" lon="121.505064480006694793701171875">
        <ele>4.599999904632568359375</ele>
        <time>2026-08-27T10:46:24.000Z</time>
        <extensions>
          <ns3:TrackPointExtension>
            <ns3:hr>105</ns3:hr>
            <ns3:cad>53</ns3:cad>
          </ns3:TrackPointExtension>
        </extensions>
      </trkpt>
      <trkpt lat="31.2649026699364185333251953125" lon="121.504975296556949615478515625">
        <ele>4.80000019073486328125</ele>
        <time>2026-08-27T10:46:30.000Z</time>
        <extensions>
          <ns3:TrackPointExtension>
            <ns3:hr>102</ns3:hr>
            <ns3:cad>54</ns3:cad>
          </ns3:TrackPointExtension>
        </extensions>
      </trkpt>
      <trkpt lat="31.26489914953708648681640625" lon="121.50494822300970554351806640625">
        <ele>5</ele>
        <time>2026-08-27T10:46:31.000Z</time>
        <extensions>
          <ns3:TrackPointExtension>
            <ns3:hr>101</ns3:hr>
            <ns3:cad>54</ns3:cad>
          </ns3:TrackPointExtension>
        </extensions>
      </trkpt>
      <trkpt lat="31.26488230191171169281005859375" lon="121.50484780780971050262451171875">
        <ele>5.19999980926513671875</ele>
        <time>2026-08-27T10:46:38.000Z</time>
        <extensions>
          <ns3:TrackPointExtension>
            <ns3:hr>98</ns3:hr>
            <ns3:cad>55</ns3:cad>
          </ns3:TrackPointExtension>
        </extensions>
      </trkpt>
      <trkpt lat="31.26487878151237964630126953125" lon="121.50483842007815837860107421875">
        <ele>5.19999980926513671875</ele>
        <time>2026-08-27T10:46:39.000Z</time>
        <extensions>
          <ns3:TrackPointExtension>
            <ns3:hr>98</ns3:hr>
            <ns3:cad>55</ns3:cad>
          </ns3:TrackPointExtension>
        </extensions>
      </trkpt>
      <trkpt lat="31.2648604251444339752197265625" lon="121.50480723939836025238037109375">
        <ele>5.400000095367431640625</ele>
        <time>2026-08-27T10:46:42.000Z</time>
        <extensions>
          <ns3:TrackPointExtension>
            <ns3:hr>97</ns3:hr>
            <ns3:cad>54</ns3:cad>
          </ns3:TrackPointExtension>
        </extensions>
      </trkpt>
      <trkpt lat="31.26485011540353298187255859375" lon="121.5047669224441051483154296875">
        <ele>5.599999904632568359375</ele>
        <time>2026-08-27T10:46:44.000Z</time>
        <extensions>
          <ns3:TrackPointExtension>
            <ns3:hr>95</ns3:hr>
            <ns3:cad>54</ns3:cad>
          </ns3:TrackPointExtension>
        </extensions>
      </trkpt>
      <trkpt lat="31.2648305855691432952880859375" lon="121.50472057051956653594970703125">
        <ele>5.599999904632568359375</ele>
        <time>2026-08-27T10:46:49.000Z</time>
        <extensions>
          <ns3:TrackPointExtension>
            <ns3:hr>93</ns3:hr>
            <ns3:cad>54</ns3:cad>
          </ns3:TrackPointExtension>
        </extensions>
      </trkpt>
      <trkpt lat="31.26483033411204814910888671875" lon="121.504709087312221527099609375">
        <ele>5.599999904632568359375</ele>
        <time>2026-08-27T10:46:50.000Z</time>
        <extensions>
          <ns3:TrackPointExtension>
            <ns3:hr>93</ns3:hr>
            <ns3:cad>54</ns3:cad>
          </ns3:TrackPointExtension>
        </extensions>
      </trkpt>
      <trkpt lat="31.2648332677781581878662109375" lon="121.50466072373092174530029296875">
        <ele>5.19999980926513671875</ele>
        <time>2026-08-27T10:46:53.000Z</time>
        <extensions>
          <ns3:TrackPointExtension>
            <ns3:hr>94</ns3:hr>
            <ns3:cad>53</ns3:cad>
          </ns3:TrackPointExtension>
        </extensions>
      </trkpt>
      <trkpt lat="31.2648403085768222808837890625" lon="121.5046170540153980255126953125">
        <ele>4.80000019073486328125</ele>
        <time>2026-08-27T10:46:55.000Z</time>
        <extensions>
          <ns3:TrackPointExtension>
            <ns3:hr>94</ns3:hr>
            <ns3:cad>53</ns3:cad>
          </ns3:TrackPointExtension>
        </extensions>
      </trkpt>
      <trkpt lat="31.26484776847064495086669921875" lon="121.5046026371419429779052734375">
        <ele>4.80000019073486328125</ele>
        <time>2026-08-27T10:46:56.000Z</time>
        <extensions>
          <ns3:TrackPointExtension>
            <ns3:hr>94</ns3:hr>
            <ns3:cad>53</ns3:cad>
          </ns3:TrackPointExtension>
        </extensions>
      </trkpt>
      <trkpt lat="31.26486268825829029083251953125" lon="121.5045644156634807586669921875">
        <ele>4.80000019073486328125</ele>
        <time>2026-08-27T10:46:58.000Z</time>
        <extensions>
          <ns3:TrackPointExtension>
            <ns3:hr>95</ns3:hr>
            <ns3:cad>54</ns3:cad>
          </ns3:TrackPointExtension>
        </extensions>
      </trkpt>
      <trkpt lat="31.2648714892566204071044921875" lon="121.50449207983911037445068359375">
        <ele>4.599999904632568359375</ele>
        <time>2026-08-27T10:47:03.000Z</time>
        <extensions>
          <ns3:TrackPointExtension>
            <ns3:hr>94</ns3:hr>
            <ns3:cad>53</ns3:cad>
          </ns3:TrackPointExtension>
        </extensions>
      </trkpt>
      <trkpt lat="31.264865286648273468017578125" lon="121.50446224026381969451904296875">
        <ele>4.599999904632568359375</ele>
        <time>2026-08-27T10:47:05.000Z</time>
        <extensions>
          <ns3:TrackPointExtension>
            <ns3:hr>94</ns3:hr>
            <ns3:cad>53</ns3:cad>
          </ns3:TrackPointExtension>
        </extensions>
      </trkpt>
      <trkpt lat="31.26485765911638736724853515625" lon="121.5043433010578155517578125">
        <ele>3.599999904632568359375</ele>
        <time>2026-08-27T10:47:13.000Z</time>
        <extensions>
          <ns3:TrackPointExtension>
            <ns3:hr>92</ns3:hr>
            <ns3:cad>54</ns3:cad>
          </ns3:TrackPointExtension>
        </extensions>
      </trkpt>
      <trkpt lat="31.2648704834282398223876953125" lon="121.50428420864045619964599609375">
        <ele>3.599999904632568359375</ele>
        <time>2026-08-27T10:47:20.000Z</time>
        <extensions>
          <ns3:TrackPointExtension>
            <ns3:hr>91</ns3:hr>
            <ns3:cad>0</ns3:cad>
          </ns3:TrackPointExtension>
        </extensions>
      </trkpt>
      <trkpt lat="31.2648835591971874237060546875" lon="121.50429275818169116973876953125">
        <ele>3.7999999523162841796875</ele>
        <time>2026-08-27T10:47:26.000Z</time>
        <extensions>
          <ns3:TrackPointExtension>
            <ns3:hr>91</ns3:hr>
            <ns3:cad>0</ns3:cad>
          </ns3:TrackPointExtension>
        </extensions>
      </trkpt>
      <trkpt lat="31.26489051617681980133056640625" lon="121.50430516339838504791259765625">
        <ele>3.7999999523162841796875</ele>
        <time>2026-08-27T10:47:28.000Z</time>
        <extensions>
          <ns3:TrackPointExtension>
            <ns3:hr>88</ns3:hr>
            <ns3:cad>0</ns3:cad>
          </ns3:TrackPointExtension>
        </extensions>
      </trkpt>
      <trkpt lat="31.26489110291004180908203125" lon="121.5043270401656627655029296875">
        <ele>3.7999999523162841796875</ele>
        <time>2026-08-27T10:47:30.000Z</time>
        <extensions>
          <ns3:TrackPointExtension>
            <ns3:hr>87</ns3:hr>
            <ns3:cad>55</ns3:cad>
          </ns3:TrackPointExtension>
        </extensions>
      </trkpt>
      <trkpt lat="31.26487660221755504608154296875" lon="121.50433952920138835906982421875">
        <ele>3.599999904632568359375</ele>
        <time>2026-08-27T10:47:32.000Z</time>
        <extensions>
          <ns3:TrackPointExtension>
            <ns3:hr>83</ns3:hr>
            <ns3:cad>55</ns3:cad>
          </ns3:TrackPointExtension>
        </extensions>
      </trkpt>
      <trkpt lat="31.2648161686956882476806640625" lon="121.5043862164020538330078125">
        <ele>4</ele>
        <time>2026-08-27T10:47:38.000Z</time>
        <extensions>
          <ns3:TrackPointExtension>
            <ns3:hr>87</ns3:hr>
            <ns3:cad>56</ns3:cad>
          </ns3:TrackPointExtension>
        </extensions>
      </trkpt>
      <trkpt lat="31.26480954699218273162841796875" lon="121.50439082644879817962646484375">
        <ele>4.19999980926513671875</ele>
        <time>2026-08-27T10:47:39.000Z</time>
        <extensions>
          <ns3:TrackPointExtension>
            <ns3:hr>87</ns3:hr>
            <ns3:cad>56</ns3:cad>
          </ns3:TrackPointExtension>
        </extensions>
      </trkpt>
      <trkpt lat="31.264766044914722442626953125" lon="121.50442401878535747528076171875">
        <ele>4.80000019073486328125</ele>
        <time>2026-08-27T10:47:43.000Z</time>
        <extensions>
          <ns3:TrackPointExtension>
            <ns3:hr>88</ns3:hr>
            <ns3:cad>55</ns3:cad>
          </ns3:TrackPointExtension>
        </extensions>
      </trkpt>
      <trkpt lat="31.2647507898509502410888671875" lon="121.5044360049068927764892578125">
        <ele>5</ele>
        <time>2026-08-27T10:47:45.000Z</time>
        <extensions>
          <ns3:TrackPointExtension>
            <ns3:hr>87</ns3:hr>
            <ns3:cad>55</ns3:cad>
          </ns3:TrackPointExtension>
        </extensions>
      </trkpt>
      <trkpt lat="31.26472958363592624664306640625" lon="121.5044661797583103179931640625">
        <ele>5.599999904632568359375</ele>
        <time>2026-08-27T10:47:49.000Z</time>
        <extensions>
          <ns3:TrackPointExtension>
            <ns3:hr>87</ns3:hr>
            <ns3:cad>55</ns3:cad>
          </ns3:TrackPointExtension>
        </extensions>
      </trkpt>
      <trkpt lat="31.2646827287971973419189453125" lon="121.504483111202716827392578125">
        <ele>6</ele>
        <time>2026-08-27T10:47:55.000Z</time>
        <extensions>
          <ns3:TrackPointExtension>
            <ns3:hr>91</ns3:hr>
            <ns3:cad>55</ns3:cad>
          </ns3:TrackPointExtension>
        </extensions>
      </trkpt>
      <trkpt lat="31.2646719999611377716064453125" lon="121.50448755361139774322509765625">
        <ele>6.19999980926513671875</ele>
        <time>2026-08-27T10:47:56.000Z</time>
        <extensions>
          <ns3:TrackPointExtension>
            <ns3:hr>88</ns3:hr>
            <ns3:cad>55</ns3:cad>
          </ns3:TrackPointExtension>
        </extensions>
      </trkpt>
      <trkpt lat="31.26464861445128917694091796875" lon="121.50452309288084506988525390625">
        <ele>6.80000019073486328125</ele>
        <time>2026-08-27T10:47:59.000Z</time>
        <extensions>
          <ns3:TrackPointExtension>
            <ns3:hr>89</ns3:hr>
            <ns3:cad>55</ns3:cad>
          </ns3:TrackPointExtension>
        </extensions>
      </trkpt>
      <trkpt lat="31.26462665386497974395751953125" lon="121.5045593865215778350830078125">
        <ele>7.400000095367431640625</ele>
        <time>2026-08-27T10:48:06.000Z</time>
        <extensions>
          <ns3:TrackPointExtension>
            <ns3:hr>89</ns3:hr>
            <ns3:cad>0</ns3:cad>
          </ns3:TrackPointExtension>
        </extensions>
      </trkpt>
      <trkpt lat="31.264615841209888458251953125" lon="121.5045969374477863311767578125">
        <ele>7.80000019073486328125</ele>
        <time>2026-08-27T10:48:13.000Z</time>
        <extensions>
          <ns3:TrackPointExtension>
            <ns3:hr>86</ns3:hr>
            <ns3:cad>0</ns3:cad>
          </ns3:TrackPointExtension>
        </extensions>
      </trkpt>
      <trkpt lat="31.2645402364432811737060546875" lon="121.50467782281339168548583984375">
        <ele>9.6000003814697265625</ele>
        <time>2026-08-27T10:48:20.000Z</time>
        <extensions>
          <ns3:TrackPointExtension>
            <ns3:hr>86</ns3:hr>
            <ns3:cad>56</ns3:cad>
          </ns3:TrackPointExtension>
        </extensions>
      </trkpt>
      <trkpt lat="31.2644604407250881195068359375" lon="121.50474336929619312286376953125">
        <ele>11.19999980926513671875</ele>
        <time>2026-08-27T10:48:31.000Z</time>
        <extensions>
          <ns3:TrackPointExtension>
            <ns3:hr>88</ns3:hr>
            <ns3:cad>55</ns3:cad>
          </ns3:TrackPointExtension>
        </extensions>
      </trkpt>
      <trkpt lat="31.264404952526092529296875" lon="121.504789553582668304443359375">
        <ele>12</ele>
        <time>2026-08-27T10:48:39.000Z</time>
        <extensions>
          <ns3:TrackPointExtension>
            <ns3:hr>88</ns3:hr>
            <ns3:cad>55</ns3:cad>
          </ns3:TrackPointExtension>
        </extensions>
      </trkpt>
      <trkpt lat="31.264354325830936431884765625" lon="121.504830457270145416259765625">
        <ele>11.6000003814697265625</ele>
        <time>2026-08-27T10:48:45.000Z</time>
        <extensions>
          <ns3:TrackPointExtension>
            <ns3:hr>88</ns3:hr>
            <ns3:cad>53</ns3:cad>
          </ns3:TrackPointExtension>
        </extensions>
      </trkpt>
      <trkpt lat="31.26426371745765209197998046875" lon="121.504936404526233673095703125">
        <ele>11.19999980926513671875</ele>
        <time>2026-08-27T10:48:54.000Z</time>
        <extensions>
          <ns3:TrackPointExtension>
            <ns3:hr>89</ns3:hr>
            <ns3:cad>55</ns3:cad>
          </ns3:TrackPointExtension>
        </extensions>
      </trkpt>
      <trkpt lat="31.2642562575638294219970703125" lon="121.5049422718584537506103515625">
        <ele>11.19999980926513671875</ele>
        <time>2026-08-27T10:48:55.000Z</time>
        <extensions>
          <ns3:TrackPointExtension>
            <ns3:hr>89</ns3:hr>
            <ns3:cad>55</ns3:cad>
          </ns3:TrackPointExtension>
        </extensions>
      </trkpt>
      <trkpt lat="31.26420588232576847076416015625" lon="121.50498929433524608612060546875">
        <ele>11.19999980926513671875</ele>
        <time>2026-08-27T10:49:01.000Z</time>
        <extensions>
          <ns3:TrackPointExtension>
            <ns3:hr>89</ns3:hr>
            <ns3:cad>55</ns3:cad>
          </ns3:TrackPointExtension>
        </extensions>
      </trkpt>
      <trkpt lat="31.264175288379192352294921875" lon="121.50499801151454448699951171875">
        <ele>11</ele>
        <time>2026-08-27T10:49:04.000Z</time>
        <extensions>
          <ns3:TrackPointExtension>
            <ns3:hr>89</ns3:hr>
            <ns3:cad>55</ns3:cad>
          </ns3:TrackPointExtension>
        </extensions>
      </trkpt>
      <trkpt lat="31.26415492035448551177978515625" lon="121.50502416305243968963623046875">
        <ele>11</ele>
        <time>2026-08-27T10:49:07.000Z</time>
        <extensions>
          <ns3:TrackPointExtension>
            <ns3:hr>89</ns3:hr>
            <ns3:cad>54</ns3:cad>
          </ns3:TrackPointExtension>
        </extensions>
      </trkpt>
      <trkpt lat="31.26413279213011264801025390625" lon="121.50505836121737957000732421875">
        <ele>11.19999980926513671875</ele>
        <time>2026-08-27T10:49:10.000Z</time>
        <extensions>
          <ns3:TrackPointExtension>
            <ns3:hr>86</ns3:hr>
            <ns3:cad>0</ns3:cad>
          </ns3:TrackPointExtension>
        </extensions>
      </trkpt>
      <trkpt lat="31.26410278491675853729248046875" lon="121.50510177947580814361572265625">
        <ele>11.3999996185302734375</ele>
        <time>2026-08-27T10:49:15.000Z</time>
        <extensions>
          <ns3:TrackPointExtension>
            <ns3:hr>87</ns3:hr>
            <ns3:cad>54</ns3:cad>
          </ns3:TrackPointExtension>
        </extensions>
      </trkpt>
      <trkpt lat="31.26402885653078556060791015625" lon="121.50518191047012805938720703125">
        <ele>11.19999980926513671875</ele>
        <time>2026-08-27T10:49:24.000Z</time>
        <extensions>
          <ns3:TrackPointExtension>
            <ns3:hr>87</ns3:hr>
            <ns3:cad>55</ns3:cad>
          </ns3:TrackPointExtension>
        </extensions>
      </trkpt>
      <trkpt lat="31.2639920599758625030517578125" lon="121.5052758716046810150146484375">
        <ele>10.80000019073486328125</ele>
        <time>2026-08-27T10:49:30.000Z</time>
        <extensions>
          <ns3:TrackPointExtension>
            <ns3:hr>86</ns3:hr>
            <ns3:cad>55</ns3:cad>
          </ns3:TrackPointExtension>
        </extensions>
      </trkpt>
      <trkpt lat="31.2639581970870494842529296875" lon="121.50529137812554836273193359375">
        <ele>10.19999980926513671875</ele>
        <time>2026-08-27T10:49:33.000Z</time>
        <extensions>
          <ns3:TrackPointExtension>
            <ns3:hr>85</ns3:hr>
            <ns3:cad>53</ns3:cad>
          </ns3:TrackPointExtension>
        </extensions>
      </trkpt>
      <trkpt lat="31.2639055587351322174072265625" lon="121.5053248219192028045654296875">
        <ele>9.19999980926513671875</ele>
        <time>2026-08-27T10:49:39.000Z</time>
        <extensions>
          <ns3:TrackPointExtension>
            <ns3:hr>86</ns3:hr>
            <ns3:cad>55</ns3:cad>
          </ns3:TrackPointExtension>
        </extensions>
      </trkpt>
      <trkpt lat="31.26387060619890689849853515625" lon="121.50534284301102161407470703125">
        <ele>8.3999996185302734375</ele>
        <time>2026-08-27T10:49:43.000Z</time>
        <extensions>
          <ns3:TrackPointExtension>
            <ns3:hr>86</ns3:hr>
            <ns3:cad>53</ns3:cad>
          </ns3:TrackPointExtension>
        </extensions>
      </trkpt>
      <trkpt lat="31.263854764401912689208984375" lon="121.5053680725395679473876953125">
        <ele>8</ele>
        <time>2026-08-27T10:49:46.000Z</time>
        <extensions>
          <ns3:TrackPointExtension>
            <ns3:hr>88</ns3:hr>
            <ns3:cad>53</ns3:cad>
          </ns3:TrackPointExtension>
        </extensions>
      </trkpt>
      <trkpt lat="31.26381830312311649322509765625" lon="121.50540688075125217437744140625">
        <ele>7.80000019073486328125</ele>
        <time>2026-08-27T10:49:51.000Z</time>
        <extensions>
          <ns3:TrackPointExtension>
            <ns3:hr>91</ns3:hr>
            <ns3:cad>54</ns3:cad>
          </ns3:TrackPointExtension>
        </extensions>
      </trkpt>
      <trkpt lat="31.26381042413413524627685546875" lon="121.50541828013956546783447265625">
        <ele>7.80000019073486328125</ele>
        <time>2026-08-27T10:49:52.000Z</time>
        <extensions>
          <ns3:TrackPointExtension>
            <ns3:hr>91</ns3:hr>
            <ns3:cad>51</ns3:cad>
          </ns3:TrackPointExtension>
        </extensions>
      </trkpt>
      <trkpt lat="31.2637929059565067291259765625" lon="121.50543755851686000823974609375">
        <ele>7.80000019073486328125</ele>
        <time>2026-08-27T10:49:53.000Z</time>
        <extensions>
          <ns3:TrackPointExtension>
            <ns3:hr>91</ns3:hr>
            <ns3:cad>50</ns3:cad>
          </ns3:TrackPointExtension>
        </extensions>
      </trkpt>
      <trkpt lat="31.26376180909574031829833984375" lon="121.50548952631652355194091796875">
        <ele>7.599999904632568359375</ele>
        <time>2026-08-27T10:49:58.000Z</time>
        <extensions>
          <ns3:TrackPointExtension>
            <ns3:hr>90</ns3:hr>
            <ns3:cad>0</ns3:cad>
          </ns3:TrackPointExtension>
        </extensions>
      </trkpt>
      <trkpt lat="31.26372341997921466827392578125" lon="121.5055846609175205230712890625">
        <ele>6.599999904632568359375</ele>
        <time>2026-08-27T10:50:05.000Z</time>
        <extensions>
          <ns3:TrackPointExtension>
            <ns3:hr>89</ns3:hr>
            <ns3:cad>53</ns3:cad>
          </ns3:TrackPointExtension>
        </extensions>
      </trkpt>
      <trkpt lat="31.26368352212011814117431640625" lon="121.505651213228702545166015625">
        <ele>6.19999980926513671875</ele>
        <time>2026-08-27T10:50:11.000Z</time>
        <extensions>
          <ns3:TrackPointExtension>
            <ns3:hr>88</ns3:hr>
            <ns3:cad>54</ns3:cad>
          </ns3:TrackPointExtension>
        </extensions>
      </trkpt>
      <trkpt lat="31.2636552751064300537109375" lon="121.505683399736881256103515625">
        <ele>6</ele>
        <time>2026-08-27T10:50:14.000Z</time>
        <extensions>
          <ns3:TrackPointExtension>
            <ns3:hr>86</ns3:hr>
            <ns3:cad>53</ns3:cad>
          </ns3:TrackPointExtension>
        </extensions>
      </trkpt>
      <trkpt lat="31.2636225856840610504150390625" lon="121.50571860373020172119140625">
        <ele>6</ele>
        <time>2026-08-27T10:50:16.000Z</time>
        <extensions>
          <ns3:TrackPointExtension>
            <ns3:hr>89</ns3:hr>
            <ns3:cad>0</ns3:cad>
          </ns3:TrackPointExtension>
        </extensions>
      </trkpt>
      <trkpt lat="31.26354756765067577362060546875" lon="121.50577266700565814971923828125">
        <ele>6.80000019073486328125</ele>
        <time>2026-08-27T10:50:20.000Z</time>
        <extensions>
          <ns3:TrackPointExtension>
            <ns3:hr>90</ns3:hr>
            <ns3:cad>82</ns3:cad>
          </ns3:TrackPointExtension>
        </extensions>
      </trkpt>
      <trkpt lat="31.2635216675698757171630859375" lon="121.50577987544238567352294921875">
        <ele>7.19999980926513671875</ele>
        <time>2026-08-27T10:50:21.000Z</time>
        <extensions>
          <ns3:TrackPointExtension>
            <ns3:hr>93</ns3:hr>
            <ns3:cad>82</ns3:cad>
          </ns3:TrackPointExtension>
        </extensions>
      </trkpt>
      <trkpt lat="31.263507418334484100341796875" lon="121.5057838149368762969970703125">
        <ele>7.400000095367431640625</ele>
        <time>2026-08-27T10:50:22.000Z</time>
        <extensions>
          <ns3:TrackPointExtension>
            <ns3:hr>96</ns3:hr>
            <ns3:cad>80</ns3:cad>
          </ns3:TrackPointExtension>
        </extensions>
      </trkpt>
      <trkpt lat="31.26349207945168018341064453125" lon="121.50578356347978115081787109375">
        <ele>7.599999904632568359375</ele>
        <time>2026-08-27T10:50:23.000Z</time>
        <extensions>
          <ns3:TrackPointExtension>
            <ns3:hr>99</ns3:hr>
            <ns3:cad>80</ns3:cad>
          </ns3:TrackPointExtension>
        </extensions>
      </trkpt>
      <trkpt lat="31.26345888711512088775634765625" lon="121.5057569928467273712158203125">
        <ele>7.80000019073486328125</ele>
        <time>2026-08-27T10:50:25.000Z</time>
        <extensions>
          <ns3:TrackPointExtension>
            <ns3:hr>103</ns3:hr>
            <ns3:cad>80</ns3:cad>
          </ns3:TrackPointExtension>
        </extensions>
      </trkpt>
      <trkpt lat="31.2634192407131195068359375" lon="121.50571784935891628265380859375">
        <ele>8</ele>
        <time>2026-08-27T10:50:27.000Z</time>
        <extensions>
          <ns3:TrackPointExtension>
            <ns3:hr>106</ns3:hr>
            <ns3:cad>80</ns3:cad>
          </ns3:TrackPointExtension>
        </extensions>
      </trkpt>
      <trkpt lat="31.26337422989308834075927734375" lon="121.50568666867911815643310546875">
        <ele>8.3999996185302734375</ele>
        <time>2026-08-27T10:50:29.000Z</time>
        <extensions>
          <ns3:TrackPointExtension>
            <ns3:hr>109</ns3:hr>
            <ns3:cad>84</ns3:cad>
          </ns3:TrackPointExtension>
        </extensions>
      </trkpt>
      <trkpt lat="31.2633308954536914825439453125" lon="121.505652554333209991455078125">
        <ele>8.6000003814697265625</ele>
        <time>2026-08-27T10:50:31.000Z</time>
        <extensions>
          <ns3:TrackPointExtension>
            <ns3:hr>112</ns3:hr>
            <ns3:cad>85</ns3:cad>
          </ns3:TrackPointExtension>
        </extensions>
      </trkpt>
      <trkpt lat="31.26329544000327587127685546875" lon="121.50561894290149211883544921875">
        <ele>8.80000019073486328125</ele>
        <time>2026-08-27T10:50:33.000Z</time>
        <extensions>
          <ns3:TrackPointExtension>
            <ns3:hr>113</ns3:hr>
            <ns3:cad>85</ns3:cad>
          </ns3:TrackPointExtension>
        </extensions>
      </trkpt>
      <trkpt lat="31.26323257572948932647705078125" lon="121.5055598504841327667236328125">
        <ele>9.19999980926513671875</ele>
        <time>2026-08-27T10:50:36.000Z</time>
        <extensions>
          <ns3:TrackPointExtension>
            <ns3:hr>118</ns3:hr>
            <ns3:cad>84</ns3:cad>
          </ns3:TrackPointExtension>
        </extensions>
      </trkpt>
      <trkpt lat="31.2631884030997753143310546875" lon="121.5055296756327152252197265625">
        <ele>9.3999996185302734375</ele>
        <time>2026-08-27T10:50:38.000Z</time>
        <extensions>
          <ns3:TrackPointExtension>
            <ns3:hr>115</ns3:hr>
            <ns3:cad>84</ns3:cad>
          </ns3:TrackPointExtension>
        </extensions>
      </trkpt>
      <trkpt lat="31.2631438113749027252197265625" lon="121.50552221573889255523681640625">
        <ele>9.6000003814697265625</ele>
        <time>2026-08-27T10:50:40.000Z</time>
        <extensions>
          <ns3:TrackPointExtension>
            <ns3:hr>113</ns3:hr>
            <ns3:cad>85</ns3:cad>
          </ns3:TrackPointExtension>
        </extensions>
      </trkpt>
      <trkpt lat="31.26305068843066692352294921875" lon="121.50555431842803955078125">
        <ele>9.80000019073486328125</ele>
        <time>2026-08-27T10:50:45.000Z</time>
        <extensions>
          <ns3:TrackPointExtension>
            <ns3:hr>114</ns3:hr>
            <ns3:cad>81</ns3:cad>
          </ns3:TrackPointExtension>
        </extensions>
      </trkpt>
      <trkpt lat="31.26303233206272125244140625" lon="121.50557585991919040679931640625">
        <ele>10</ele>
        <time>2026-08-27T10:50:47.000Z</time>
        <extensions>
          <ns3:TrackPointExtension>
            <ns3:hr>116</ns3:hr>
            <ns3:cad>80</ns3:cad>
          </ns3:TrackPointExtension>
        </extensions>
      </trkpt>
      <trkpt lat="31.26299134455621242523193359375" lon="121.50561290793120861053466796875">
        <ele>9.80000019073486328125</ele>
        <time>2026-08-27T10:50:51.000Z</time>
        <extensions>
          <ns3:TrackPointExtension>
            <ns3:hr>115</ns3:hr>
            <ns3:cad>58</ns3:cad>
          </ns3:TrackPointExtension>
        </extensions>
      </trkpt>
      <trkpt lat="31.26296368427574634552001953125" lon="121.50565632618963718414306640625">
        <ele>9.3999996185302734375</ele>
        <time>2026-08-27T10:50:54.000Z</time>
        <extensions>
          <ns3:TrackPointExtension>
            <ns3:hr>112</ns3:hr>
            <ns3:cad>55</ns3:cad>
          </ns3:TrackPointExtension>
        </extensions>
      </trkpt>
      <trkpt lat="31.262940131127834320068359375" lon="121.505703516304492950439453125">
        <ele>8.80000019073486328125</ele>
        <time>2026-08-27T10:50:56.000Z</time>
        <extensions>
          <ns3:TrackPointExtension>
            <ns3:hr>109</ns3:hr>
            <ns3:cad>55</ns3:cad>
          </ns3:TrackPointExtension>
        </extensions>
      </trkpt>
      <trkpt lat="31.26290895044803619384765625" lon="121.5057514607906341552734375">
        <ele>8.19999980926513671875</ele>
        <time>2026-08-27T10:50:58.000Z</time>
        <extensions>
          <ns3:TrackPointExtension>
            <ns3:hr>109</ns3:hr>
            <ns3:cad>82</ns3:cad>
          </ns3:TrackPointExtension>
        </extensions>
      </trkpt>
      <trkpt lat="31.2628762610256671905517578125" lon="121.5057905204594135284423828125">
        <ele>8.3999996185302734375</ele>
        <time>2026-08-27T10:51:00.000Z</time>
        <extensions>
          <ns3:TrackPointExtension>
            <ns3:hr>112</ns3:hr>
            <ns3:cad>83</ns3:cad>
          </ns3:TrackPointExtension>
        </extensions>
      </trkpt>
      <trkpt lat="31.2628092058002948760986328125" lon="121.50587039999663829803466796875">
        <ele>8.6000003814697265625</ele>
        <time>2026-08-27T10:51:04.000Z</time>
        <extensions>
          <ns3:TrackPointExtension>
            <ns3:hr>115</ns3:hr>
            <ns3:cad>83</ns3:cad>
          </ns3:TrackPointExtension>
        </extensions>
      </trkpt>
      <trkpt lat="31.26275782473385334014892578125" lon="121.505928821861743927001953125">
        <ele>8.80000019073486328125</ele>
        <time>2026-08-27T10:51:07.000Z</time>
        <extensions>
          <ns3:TrackPointExtension>
            <ns3:hr>115</ns3:hr>
            <ns3:cad>84</ns3:cad>
          </ns3:TrackPointExtension>
        </extensions>
      </trkpt>
      <trkpt lat="31.26264969818294048309326171875" lon="121.50606133975088596343994140625">
        <ele>8.6000003814697265625</ele>
        <time>2026-08-27T10:51:14.000Z</time>
        <extensions>
          <ns3:TrackPointExtension>
            <ns3:hr>118</ns3:hr>
            <ns3:cad>84</ns3:cad>
          </ns3:TrackPointExtension>
        </extensions>
      </trkpt>
      <trkpt lat="31.2626253068447113037109375" lon="121.50608145631849765777587890625">
        <ele>8.6000003814697265625</ele>
        <time>2026-08-27T10:51:15.000Z</time>
        <extensions>
          <ns3:TrackPointExtension>
            <ns3:hr>118</ns3:hr>
            <ns3:cad>84</ns3:cad>
          </ns3:TrackPointExtension>
        </extensions>
      </trkpt>
      <trkpt lat="31.26251877285540103912353515625" lon="121.50620668195188045501708984375">
        <ele>9</ele>
        <time>2026-08-27T10:51:21.000Z</time>
        <extensions>
          <ns3:TrackPointExtension>
            <ns3:hr>120</ns3:hr>
            <ns3:cad>84</ns3:cad>
          </ns3:TrackPointExtension>
        </extensions>
      </trkpt>
      <trkpt lat="31.2623854167759418487548828125" lon="121.506334505975246429443359375">
        <ele>7.80000019073486328125</ele>
        <time>2026-08-27T10:51:28.000Z</time>
        <extensions>
          <ns3:TrackPointExtension>
            <ns3:hr>123</ns3:hr>
            <ns3:cad>84</ns3:cad>
          </ns3:TrackPointExtension>
        </extensions>
      </trkpt>
      <trkpt lat="31.262334287166595458984375" lon="121.50638069026172161102294921875">
        <ele>7.19999980926513671875</ele>
        <time>2026-08-27T10:51:31.000Z</time>
        <extensions>
          <ns3:TrackPointExtension>
            <ns3:hr>124</ns3:hr>
            <ns3:cad>84</ns3:cad>
          </ns3:TrackPointExtension>
        </extensions>
      </trkpt>
      <trkpt lat="31.262221634387969970703125" lon="121.50647775270044803619384765625">
        <ele>6.599999904632568359375</ele>
        <time>2026-08-27T10:51:37.000Z</time>
        <extensions>
          <ns3:TrackPointExtension>
            <ns3:hr>125</ns3:hr>
            <ns3:cad>83</ns3:cad>
          </ns3:TrackPointExtension>
        </extensions>
      </trkpt>
      <trkpt lat="31.2620736099779605865478515625" lon="121.506581939756870269775390625">
        <ele>5.80000019073486328125</ele>
        <time>2026-08-27T10:51:44.000Z</time>
        <extensions>
          <ns3:TrackPointExtension>
            <ns3:hr>127</ns3:hr>
            <ns3:cad>84</ns3:cad>
          </ns3:TrackPointExtension>
        </extensions>
      </trkpt>
      <trkpt lat="31.26192399300634860992431640625" lon="121.50672443211078643798828125">
        <ele>4.19999980926513671875</ele>
        <time>2026-08-27T10:51:51.000Z</time>
        <extensions>
          <ns3:TrackPointExtension>
            <ns3:hr>128</ns3:hr>
            <ns3:cad>84</ns3:cad>
          </ns3:TrackPointExtension>
        </extensions>
      </trkpt>
      <trkpt lat="31.2619022838771343231201171875" lon="121.506739519536495208740234375">
        <ele>4</ele>
        <time>2026-08-27T10:51:52.000Z</time>
        <extensions>
          <ns3:TrackPointExtension>
            <ns3:hr>128</ns3:hr>
            <ns3:cad>84</ns3:cad>
          </ns3:TrackPointExtension>
        </extensions>
      </trkpt>
      <trkpt lat="31.26181771047413349151611328125" lon="121.5068111009895801544189453125">
        <ele>3.400000095367431640625</ele>
        <time>2026-08-27T10:51:58.000Z</time>
        <extensions>
          <ns3:TrackPointExtension>
            <ns3:hr>130</ns3:hr>
            <ns3:cad>85</ns3:cad>
          </ns3:TrackPointExtension>
        </extensions>
      </trkpt>
      <trkpt lat="31.2617696821689605712890625" lon="121.5068258531391620635986328125">
        <ele>2.7999999523162841796875</ele>
        <time>2026-08-27T10:52:01.000Z</time>
        <extensions>
          <ns3:TrackPointExtension>
            <ns3:hr>131</ns3:hr>
            <ns3:cad>85</ns3:cad>
          </ns3:TrackPointExtension>
        </extensions>
      </trkpt>
      <trkpt lat="31.261716373264789581298828125" lon="121.506858877837657928466796875">
        <ele>2.400000095367431640625</ele>
        <time>2026-08-27T10:52:05.000Z</time>
        <extensions>
          <ns3:TrackPointExtension>
            <ns3:hr>131</ns3:hr>
            <ns3:cad>55</ns3:cad>
          </ns3:TrackPointExtension>
        </extensions>
      </trkpt>
      <trkpt lat="31.2616397626698017120361328125" lon="121.506878994405269622802734375">
        <ele>1.60000002384185791015625</ele>
        <time>2026-08-27T10:52:12.000Z</time>
        <extensions>
          <ns3:TrackPointExtension>
            <ns3:hr>128</ns3:hr>
            <ns3:cad>53</ns3:cad>
          </ns3:TrackPointExtension>
        </extensions>
      </trkpt>
      <trkpt lat="31.2616276927292346954345703125" lon="121.5068868733942508697509765625">
        <ele>1.60000002384185791015625</ele>
        <time>2026-08-27T10:52:13.000Z</time>
        <extensions>
          <ns3:TrackPointExtension>
            <ns3:hr>128</ns3:hr>
            <ns3:cad>53</ns3:cad>
          </ns3:TrackPointExtension>
        </extensions>
      </trkpt>
      <trkpt lat="31.261582262814044952392578125" lon="121.5068758092820644378662109375">
        <ele>1.7999999523162841796875</ele>
        <time>2026-08-27T10:52:17.000Z</time>
        <extensions>
          <ns3:TrackPointExtension>
            <ns3:hr>125</ns3:hr>
            <ns3:cad>54</ns3:cad>
          </ns3:TrackPointExtension>
        </extensions>
      </trkpt>
      <trkpt lat="31.26155468635261058807373046875" lon="121.506865918636322021484375">
        <ele>1.7999999523162841796875</ele>
        <time>2026-08-27T10:52:20.000Z</time>
        <extensions>
          <ns3:TrackPointExtension>
            <ns3:hr>123</ns3:hr>
            <ns3:cad>54</ns3:cad>
          </ns3:TrackPointExtension>
        </extensions>
      </trkpt>
      <trkpt lat="31.26143583096563816070556640625" lon="121.506809927523136138916015625">
        <ele>2.2000000476837158203125</ele>
        <time>2026-08-27T10:52:27.000Z</time>
        <extensions>
          <ns3:TrackPointExtension>
            <ns3:hr>122</ns3:hr>
            <ns3:cad>82</ns3:cad>
          </ns3:TrackPointExtension>
        </extensions>
      </trkpt>
      <trkpt lat="31.26128864474594593048095703125" lon="121.5067021362483501434326171875">
        <ele>3</ele>
        <time>2026-08-27T10:52:33.000Z</time>
        <extensions>
          <ns3:TrackPointExtension>
            <ns3:hr>123</ns3:hr>
            <ns3:cad>85</ns3:cad>
          </ns3:TrackPointExtension>
        </extensions>
      </trkpt>
      <trkpt lat="31.26113777048885822296142578125" lon="121.50662544183433055877685546875">
        <ele>4.80000019073486328125</ele>
        <time>2026-08-27T10:52:39.000Z</time>
        <extensions>
          <ns3:TrackPointExtension>
            <ns3:hr>119</ns3:hr>
            <ns3:cad>85</ns3:cad>
          </ns3:TrackPointExtension>
        </extensions>
      </trkpt>
      <trkpt lat="31.261116564273834228515625" lon="121.50661622174084186553955078125">
        <ele>5.19999980926513671875</ele>
        <time>2026-08-27T10:52:40.000Z</time>
        <extensions>
          <ns3:TrackPointExtension>
            <ns3:hr>117</ns3:hr>
            <ns3:cad>85</ns3:cad>
          </ns3:TrackPointExtension>
        </extensions>
      </trkpt>
      <trkpt lat="31.26092319376766681671142578125" lon="121.50649652816355228424072265625">
        <ele>6.400000095367431640625</ele>
        <time>2026-08-27T10:52:47.000Z</time>
        <extensions>
          <ns3:TrackPointExtension>
            <ns3:hr>118</ns3:hr>
            <ns3:cad>85</ns3:cad>
          </ns3:TrackPointExtension>
        </extensions>
      </trkpt>
      <trkpt lat="31.2609034962952136993408203125" lon="121.50648445822298526763916015625">
        <ele>6.400000095367431640625</ele>
        <time>2026-08-27T10:52:49.000Z</time>
        <extensions>
          <ns3:TrackPointExtension>
            <ns3:hr>120</ns3:hr>
            <ns3:cad>85</ns3:cad>
          </ns3:TrackPointExtension>
        </extensions>
      </trkpt>
      <trkpt lat="31.2607713975012302398681640625" lon="121.5063993819057941436767578125">
        <ele>7.19999980926513671875</ele>
        <time>2026-08-27T10:52:55.000Z</time>
        <extensions>
          <ns3:TrackPointExtension>
            <ns3:hr>123</ns3:hr>
            <ns3:cad>85</ns3:cad>
          </ns3:TrackPointExtension>
        </extensions>
      </trkpt>
      <trkpt lat="31.26074440777301788330078125" lon="121.50637985207140445709228515625">
        <ele>7.19999980926513671875</ele>
        <time>2026-08-27T10:52:56.000Z</time>
        <extensions>
          <ns3:TrackPointExtension>
            <ns3:hr>123</ns3:hr>
            <ns3:cad>85</ns3:cad>
          </ns3:TrackPointExtension>
        </extensions>
      </trkpt>
      <trkpt lat="31.26057852990925312042236328125" lon="121.5063142217695713043212890625">
        <ele>8.6000003814697265625</ele>
        <time>2026-08-27T10:53:03.000Z</time>
        <extensions>
          <ns3:TrackPointExtension>
            <ns3:hr>125</ns3:hr>
            <ns3:cad>84</ns3:cad>
          </ns3:TrackPointExtension>
        </extensions>
      </trkpt>
      <trkpt lat="31.2604916095733642578125" lon="121.5063252858817577362060546875">
        <ele>9.6000003814697265625</ele>
        <time>2026-08-27T10:53:08.000Z</time>
        <extensions>
          <ns3:TrackPointExtension>
            <ns3:hr>127</ns3:hr>
            <ns3:cad>83</ns3:cad>
          </ns3:TrackPointExtension>
        </extensions>
      </trkpt>
      <trkpt lat="31.2604619376361370086669921875" lon="121.50629435665905475616455078125">
        <ele>9.80000019073486328125</ele>
        <time>2026-08-27T10:53:13.000Z</time>
        <extensions>
          <ns3:TrackPointExtension>
            <ns3:hr>126</ns3:hr>
            <ns3:cad>83</ns3:cad>
          </ns3:TrackPointExtension>
        </extensions>
      </trkpt>
      <trkpt lat="31.26043268479406833648681640625" lon="121.50628999806940555572509765625">
        <ele>10</ele>
        <time>2026-08-27T10:53:17.000Z</time>
        <extensions>
          <ns3:TrackPointExtension>
            <ns3:hr>125</ns3:hr>
            <ns3:cad>51</ns3:cad>
          </ns3:TrackPointExtension>
        </extensions>
      </trkpt>
    </trkseg>
  </trk>
</gpx>
