<gpx xmlns:ns3="http://www.garmin.com/xmlschemas/TrackPointExtension/v1" xmlns="http://www.topografix.com/GPX/1/1" xmlns:xsi="http://www.w3.org/2001/XMLSchema-instance" xmlns:ns2="http://www.garmin.com/xmlschemas/GpxExtensions/v3" creator="Garmin Connect" version="1.1" xsi:schemaLocation="http://www.topografix.com/GPX/1/1 http://www.topografix.com/GPX/11.xsd">
  <extensions>
<distance>4849.18</distance>
<average_hr>104.0</average_hr>
<average_speed>1.7589999437332153</average_speed>
<start_time>2026-09-02T07:26:29+00:00</start_time>
<end_time>2026-09-02T08:12:25.902000+00:00</end_time>
<moving_time>2376.0</moving_time>
<elapsed_time>2842.892</elapsed_time>
</extensions>
<metadata>
    <link href="connect.garmin.com">
      <text>Garmin Connect</text>
    </link>
    <time>2026-09-02T07:26:29.000Z</time>
  </metadata>
  <trk>
    <name>虹口区 跑步</name>
    <type>running</type>
    <trkseg>
      <trkpt lat="31.2584033422172069549560546875" lon="121.50996563024818897247314453125">
        <ele>9.6000003814697265625</ele>
        <time>2026-09-02T07:26:29.000Z</time>
        <extensions>
          <ns3:TrackPointExtension>
            <ns3:hr>73</ns3:hr>
            <ns3:cad>0</ns3:cad>
          </ns3:TrackPointExtension>
        </extensions>
      </trkpt>
      <trkpt lat="31.2584646977484226226806640625" lon="121.5099905245006084442138671875">
        <ele>9.19999980926513671875</ele>
        <time>2026-09-02T07:26:37.000Z</time>
        <extensions>
          <ns3:TrackPointExtension>
            <ns3:hr>70</ns3:hr>
            <ns3:cad>53</ns3:cad>
          </ns3:TrackPointExtension>
        </extensions>
      </trkpt>
      <trkpt lat="31.25859352760016918182373046875" lon="121.50999865494668483734130859375">
        <ele>8.6000003814697265625</ele>
        <time>2026-09-02T07:26:43.000Z</time>
        <extensions>
          <ns3:TrackPointExtension>
            <ns3:hr>69</ns3:hr>
            <ns3:cad>57</ns3:cad>
          </ns3:TrackPointExtension>
        </extensions>
      </trkpt>
      <trkpt lat="31.2587252072989940643310546875" lon="121.5099241398274898529052734375">
        <ele>9.80000019073486328125</ele>
        <time>2026-09-02T07:26:50.000Z</time>
        <extensions>
          <ns3:TrackPointExtension>
            <ns3:hr>69</ns3:hr>
            <ns3:cad>0</ns3:cad>
          </ns3:TrackPointExtension>
        </extensions>
      </trkpt>
      <trkpt lat="31.2588219344615936279296875" lon="121.50987728498876094818115234375">
        <ele>9.80000019073486328125</ele>
        <time>2026-09-02T07:26:55.000Z</time>
        <extensions>
          <ns3:TrackPointExtension>
            <ns3:hr>66</ns3:hr>
            <ns3:cad>0</ns3:cad>
          </ns3:TrackPointExtension>
        </extensions>
      </trkpt>
      <trkpt lat="31.25896752811968326568603515625" lon="121.50984509848058223724365234375">
        <ele>9.80000019073486328125</ele>
        <time>2026-09-02T07:27:09.000Z</time>
        <extensions>
          <ns3:TrackPointExtension>
            <ns3:hr>63</ns3:hr>
            <ns3:cad>0</ns3:cad>
          </ns3:TrackPointExtension>
        </extensions>
      </trkpt>
      <trkpt lat="31.2589441426098346710205078125" lon="121.5098782069981098175048828125">
        <ele>10</ele>
        <time>2026-09-02T07:27:16.000Z</time>
        <extensions>
          <ns3:TrackPointExtension>
            <ns3:hr>64</ns3:hr>
            <ns3:cad>0</ns3:cad>
          </ns3:TrackPointExtension>
        </extensions>
      </trkpt>
      <trkpt lat="31.25893584452569484710693359375" lon="121.50992204435169696807861328125">
        <ele>9.80000019073486328125</ele>
        <time>2026-09-02T07:27:23.000Z</time>
        <extensions>
          <ns3:TrackPointExtension>
            <ns3:hr>62</ns3:hr>
            <ns3:cad>58</ns3:cad>
          </ns3:TrackPointExtension>
        </extensions>
      </trkpt>
      <trkpt lat="31.2589615769684314727783203125" lon="121.5099777840077877044677734375">
        <ele>9.6000003814697265625</ele>
        <time>2026-09-02T07:27:29.000Z</time>
        <extensions>
          <ns3:TrackPointExtension>
            <ns3:hr>62</ns3:hr>
            <ns3:cad>57</ns3:cad>
          </ns3:TrackPointExtension>
        </extensions>
      </trkpt>
      <trkpt lat="31.258969791233539581298828125" lon="121.5099881775677204132080078125">
        <ele>9.6000003814697265625</ele>
        <time>2026-09-02T07:27:30.000Z</time>
        <extensions>
          <ns3:TrackPointExtension>
            <ns3:hr>61</ns3:hr>
            <ns3:cad>57</ns3:cad>
          </ns3:TrackPointExtension>
        </extensions>
      </trkpt>
      <trkpt lat="31.2589823640882968902587890625" lon="121.510009132325649261474609375">
        <ele>9.6000003814697265625</ele>
        <time>2026-09-02T07:27:32.000Z</time>
        <extensions>
          <ns3:TrackPointExtension>
            <ns3:hr>59</ns3:hr>
            <ns3:cad>58</ns3:cad>
          </ns3:TrackPointExtension>
        </extensions>
      </trkpt>
      <trkpt lat="31.2589847110211849212646484375" lon="121.51008213870227336883544921875">
        <ele>9.6000003814697265625</ele>
        <time>2026-09-02T07:27:36.000Z</time>
        <extensions>
          <ns3:TrackPointExtension>
            <ns3:hr>56</ns3:hr>
            <ns3:cad>60</ns3:cad>
          </ns3:TrackPointExtension>
        </extensions>
      </trkpt>
      <trkpt lat="31.258983872830867767333984375" lon="121.51017886586487293243408203125">
        <ele>9.80000019073486328125</ele>
        <time>2026-09-02T07:27:43.000Z</time>
        <extensions>
          <ns3:TrackPointExtension>
            <ns3:hr>59</ns3:hr>
            <ns3:cad>60</ns3:cad>
          </ns3:TrackPointExtension>
        </extensions>
      </trkpt>
      <trkpt lat="31.2589749880135059356689453125" lon="121.51016972959041595458984375">
        <ele>9.80000019073486328125</ele>
        <time>2026-09-02T07:27:44.000Z</time>
        <extensions>
          <ns3:TrackPointExtension>
            <ns3:hr>58</ns3:hr>
            <ns3:cad>60</ns3:cad>
          </ns3:TrackPointExtension>
        </extensions>
      </trkpt>
      <trkpt lat="31.25895126722753047943115234375" lon="121.51017936877906322479248046875">
        <ele>9.6000003814697265625</ele>
        <time>2026-09-02T07:27:48.000Z</time>
        <extensions>
          <ns3:TrackPointExtension>
            <ns3:hr>55</ns3:hr>
            <ns3:cad>57</ns3:cad>
          </ns3:TrackPointExtension>
        </extensions>
      </trkpt>
      <trkpt lat="31.2589528597891330718994140625" lon="121.51017601601779460906982421875">
        <ele>9.6000003814697265625</ele>
        <time>2026-09-02T07:27:49.000Z</time>
        <extensions>
          <ns3:TrackPointExtension>
            <ns3:hr>60</ns3:hr>
            <ns3:cad>57</ns3:cad>
          </ns3:TrackPointExtension>
        </extensions>
      </trkpt>
      <trkpt lat="31.2589542008936405181884765625" lon="121.5101759321987628936767578125">
        <ele>9.6000003814697265625</ele>
        <time>2026-09-02T07:27:51.000Z</time>
        <extensions>
          <ns3:TrackPointExtension>
            <ns3:hr>61</ns3:hr>
            <ns3:cad>58</ns3:cad>
          </ns3:TrackPointExtension>
        </extensions>
      </trkpt>
      <trkpt lat="31.25898831523954868316650390625" lon="121.5102258883416652679443359375">
        <ele>9.80000019073486328125</ele>
        <time>2026-09-02T07:27:56.000Z</time>
        <extensions>
          <ns3:TrackPointExtension>
            <ns3:hr>64</ns3:hr>
            <ns3:cad>57</ns3:cad>
          </ns3:TrackPointExtension>
        </extensions>
      </trkpt>
      <trkpt lat="31.25899166800081729888916015625" lon="121.5102553926408290863037109375">
        <ele>9.80000019073486328125</ele>
        <time>2026-09-02T07:27:58.000Z</time>
        <extensions>
          <ns3:TrackPointExtension>
            <ns3:hr>63</ns3:hr>
            <ns3:cad>57</ns3:cad>
          </ns3:TrackPointExtension>
        </extensions>
      </trkpt>
      <trkpt lat="31.2590041570365428924560546875" lon="121.51027207262814044952392578125">
        <ele>10</ele>
        <time>2026-09-02T07:28:00.000Z</time>
        <extensions>
          <ns3:TrackPointExtension>
            <ns3:hr>66</ns3:hr>
            <ns3:cad>57</ns3:cad>
          </ns3:TrackPointExtension>
        </extensions>
      </trkpt>
      <trkpt lat="31.2590286321938037872314453125" lon="121.51028716005384922027587890625">
        <ele>10.19999980926513671875</ele>
        <time>2026-09-02T07:28:03.000Z</time>
        <extensions>
          <ns3:TrackPointExtension>
            <ns3:hr>69</ns3:hr>
            <ns3:cad>57</ns3:cad>
          </ns3:TrackPointExtension>
        </extensions>
      </trkpt>
      <trkpt lat="31.25906341709196567535400390625" lon="121.51031448505818843841552734375">
        <ele>10.3999996185302734375</ele>
        <time>2026-09-02T07:28:05.000Z</time>
        <extensions>
          <ns3:TrackPointExtension>
            <ns3:hr>72</ns3:hr>
            <ns3:cad>57</ns3:cad>
          </ns3:TrackPointExtension>
        </extensions>
      </trkpt>
      <trkpt lat="31.25906526111066341400146484375" lon="121.51035136543214321136474609375">
        <ele>10.3999996185302734375</ele>
        <time>2026-09-02T07:28:08.000Z</time>
        <extensions>
          <ns3:TrackPointExtension>
            <ns3:hr>73</ns3:hr>
            <ns3:cad>57</ns3:cad>
          </ns3:TrackPointExtension>
        </extensions>
      </trkpt>
      <trkpt lat="31.25907330773770809173583984375" lon="121.51037156581878662109375">
        <ele>10.6000003814697265625</ele>
        <time>2026-09-02T07:28:10.000Z</time>
        <extensions>
          <ns3:TrackPointExtension>
            <ns3:hr>74</ns3:hr>
            <ns3:cad>57</ns3:cad>
          </ns3:TrackPointExtension>
        </extensions>
      </trkpt>
      <trkpt lat="31.25909577123820781707763671875" lon="121.51039947755634784698486328125">
        <ele>10.80000019073486328125</ele>
        <time>2026-09-02T07:28:14.000Z</time>
        <extensions>
          <ns3:TrackPointExtension>
            <ns3:hr>75</ns3:hr>
            <ns3:cad>57</ns3:cad>
          </ns3:TrackPointExtension>
        </extensions>
      </trkpt>
      <trkpt lat="31.2591196596622467041015625" lon="121.51039327494800090789794921875">
        <ele>11</ele>
        <time>2026-09-02T07:28:16.000Z</time>
        <extensions>
          <ns3:TrackPointExtension>
            <ns3:hr>76</ns3:hr>
            <ns3:cad>114</ns3:cad>
          </ns3:TrackPointExtension>
        </extensions>
      </trkpt>
      <trkpt lat="31.25915997661650180816650390625" lon="121.51038723997771739959716796875">
        <ele>11.19999980926513671875</ele>
        <time>2026-09-02T07:28:19.000Z</time>
        <extensions>
          <ns3:TrackPointExtension>
            <ns3:hr>76</ns3:hr>
            <ns3:cad>0</ns3:cad>
          </ns3:TrackPointExtension>
        </extensions>
      </trkpt>
      <trkpt lat="31.25920976512134075164794921875" lon="121.5104180015623569488525390625">
        <ele>11</ele>
        <time>2026-09-02T07:28:24.000Z</time>
        <extensions>
          <ns3:TrackPointExtension>
            <ns3:hr>79</ns3:hr>
            <ns3:cad>0</ns3:cad>
          </ns3:TrackPointExtension>
        </extensions>
      </trkpt>
      <trkpt lat="31.2592167221009731292724609375" lon="121.510421521961688995361328125">
        <ele>11</ele>
        <time>2026-09-02T07:28:25.000Z</time>
        <extensions>
          <ns3:TrackPointExtension>
            <ns3:hr>79</ns3:hr>
            <ns3:cad>0</ns3:cad>
          </ns3:TrackPointExtension>
        </extensions>
      </trkpt>
      <trkpt lat="31.25923432409763336181640625" lon="121.510438285768032073974609375">
        <ele>11</ele>
        <time>2026-09-02T07:28:27.000Z</time>
        <extensions>
          <ns3:TrackPointExtension>
            <ns3:hr>76</ns3:hr>
            <ns3:cad>58</ns3:cad>
          </ns3:TrackPointExtension>
        </extensions>
      </trkpt>
      <trkpt lat="31.25924178399145603179931640625" lon="121.51044733822345733642578125">
        <ele>11</ele>
        <time>2026-09-02T07:28:28.000Z</time>
        <extensions>
          <ns3:TrackPointExtension>
            <ns3:hr>78</ns3:hr>
            <ns3:cad>58</ns3:cad>
          </ns3:TrackPointExtension>
        </extensions>
      </trkpt>
      <trkpt lat="31.25925737433135509490966796875" lon="121.510484218597412109375">
        <ele>11.19999980926513671875</ele>
        <time>2026-09-02T07:28:31.000Z</time>
        <extensions>
          <ns3:TrackPointExtension>
            <ns3:hr>78</ns3:hr>
            <ns3:cad>58</ns3:cad>
          </ns3:TrackPointExtension>
        </extensions>
      </trkpt>
      <trkpt lat="31.259296350181102752685546875" lon="121.51057801209390163421630859375">
        <ele>11.3999996185302734375</ele>
        <time>2026-09-02T07:28:37.000Z</time>
        <extensions>
          <ns3:TrackPointExtension>
            <ns3:hr>78</ns3:hr>
            <ns3:cad>82</ns3:cad>
          </ns3:TrackPointExtension>
        </extensions>
      </trkpt>
      <trkpt lat="31.25932794995605945587158203125" lon="121.51060550473630428314208984375">
        <ele>11.3999996185302734375</ele>
        <time>2026-09-02T07:28:39.000Z</time>
        <extensions>
          <ns3:TrackPointExtension>
            <ns3:hr>78</ns3:hr>
            <ns3:cad>81</ns3:cad>
          </ns3:TrackPointExtension>
        </extensions>
      </trkpt>
      <trkpt lat="31.25937354750931262969970703125" lon="121.51067289523780345916748046875">
        <ele>11.3999996185302734375</ele>
        <time>2026-09-02T07:28:43.000Z</time>
        <extensions>
          <ns3:TrackPointExtension>
            <ns3:hr>81</ns3:hr>
            <ns3:cad>82</ns3:cad>
          </ns3:TrackPointExtension>
        </extensions>
      </trkpt>
      <trkpt lat="31.25939081422984600067138671875" lon="121.51069334708154201507568359375">
        <ele>11.3999996185302734375</ele>
        <time>2026-09-02T07:28:44.000Z</time>
        <extensions>
          <ns3:TrackPointExtension>
            <ns3:hr>84</ns3:hr>
            <ns3:cad>82</ns3:cad>
          </ns3:TrackPointExtension>
        </extensions>
      </trkpt>
      <trkpt lat="31.2594145350158214569091796875" lon="121.51070809923112392425537109375">
        <ele>11.3999996185302734375</ele>
        <time>2026-09-02T07:28:45.000Z</time>
        <extensions>
          <ns3:TrackPointExtension>
            <ns3:hr>87</ns3:hr>
            <ns3:cad>82</ns3:cad>
          </ns3:TrackPointExtension>
        </extensions>
      </trkpt>
      <trkpt lat="31.25943624414503574371337890625" lon="121.51072838343679904937744140625">
        <ele>11.3999996185302734375</ele>
        <time>2026-09-02T07:28:46.000Z</time>
        <extensions>
          <ns3:TrackPointExtension>
            <ns3:hr>89</ns3:hr>
            <ns3:cad>82</ns3:cad>
          </ns3:TrackPointExtension>
        </extensions>
      </trkpt>
      <trkpt lat="31.259463317692279815673828125" lon="121.51076258160173892974853515625">
        <ele>11.19999980926513671875</ele>
        <time>2026-09-02T07:28:48.000Z</time>
        <extensions>
          <ns3:TrackPointExtension>
            <ns3:hr>92</ns3:hr>
            <ns3:cad>82</ns3:cad>
          </ns3:TrackPointExtension>
        </extensions>
      </trkpt>
      <trkpt lat="31.2594866193830966949462890625" lon="121.510803401470184326171875">
        <ele>11</ele>
        <time>2026-09-02T07:28:51.000Z</time>
        <extensions>
          <ns3:TrackPointExtension>
            <ns3:hr>95</ns3:hr>
            <ns3:cad>80</ns3:cad>
          </ns3:TrackPointExtension>
        </extensions>
      </trkpt>
      <trkpt lat="31.25949910841882228851318359375" lon="121.51082393713295459747314453125">
        <ele>11</ele>
        <time>2026-09-02T07:28:53.000Z</time>
        <extensions>
          <ns3:TrackPointExtension>
            <ns3:hr>95</ns3:hr>
            <ns3:cad>80</ns3:cad>
          </ns3:TrackPointExtension>
        </extensions>
      </trkpt>
      <trkpt lat="31.259527690708637237548828125" lon="121.51089300401508808135986328125">
        <ele>11</ele>
        <time>2026-09-02T07:28:58.000Z</time>
        <extensions>
          <ns3:TrackPointExtension>
            <ns3:hr>95</ns3:hr>
            <ns3:cad>57</ns3:cad>
          </ns3:TrackPointExtension>
        </extensions>
      </trkpt>
      <trkpt lat="31.25953473150730133056640625" lon="121.51090574450790882110595703125">
        <ele>10.80000019073486328125</ele>
        <time>2026-09-02T07:28:59.000Z</time>
        <extensions>
          <ns3:TrackPointExtension>
            <ns3:hr>95</ns3:hr>
            <ns3:cad>57</ns3:cad>
          </ns3:TrackPointExtension>
        </extensions>
      </trkpt>
      <trkpt lat="31.25959130935370922088623046875" lon="121.5109487436711788177490234375">
        <ele>10.3999996185302734375</ele>
        <time>2026-09-02T07:29:04.000Z</time>
        <extensions>
          <ns3:TrackPointExtension>
            <ns3:hr>94</ns3:hr>
            <ns3:cad>57</ns3:cad>
          </ns3:TrackPointExtension>
        </extensions>
      </trkpt>
      <trkpt lat="31.25964780338108539581298828125" lon="121.51104236952960491180419921875">
        <ele>10.19999980926513671875</ele>
        <time>2026-09-02T07:29:09.000Z</time>
        <extensions>
          <ns3:TrackPointExtension>
            <ns3:hr>91</ns3:hr>
            <ns3:cad>56</ns3:cad>
          </ns3:TrackPointExtension>
        </extensions>
      </trkpt>
      <trkpt lat="31.259674541652202606201171875" lon="121.5110858716070652008056640625">
        <ele>10</ele>
        <time>2026-09-02T07:29:11.000Z</time>
        <extensions>
          <ns3:TrackPointExtension>
            <ns3:hr>90</ns3:hr>
            <ns3:cad>56</ns3:cad>
          </ns3:TrackPointExtension>
        </extensions>
      </trkpt>
      <trkpt lat="31.2597333826124668121337890625" lon="121.51116139255464076995849609375">
        <ele>9.6000003814697265625</ele>
        <time>2026-09-02T07:29:17.000Z</time>
        <extensions>
          <ns3:TrackPointExtension>
            <ns3:hr>87</ns3:hr>
            <ns3:cad>57</ns3:cad>
          </ns3:TrackPointExtension>
        </extensions>
      </trkpt>
      <trkpt lat="31.2597464583814144134521484375" lon="121.5111717022955417633056640625">
        <ele>9.6000003814697265625</ele>
        <time>2026-09-02T07:29:18.000Z</time>
        <extensions>
          <ns3:TrackPointExtension>
            <ns3:hr>86</ns3:hr>
            <ns3:cad>56</ns3:cad>
          </ns3:TrackPointExtension>
        </extensions>
      </trkpt>
      <trkpt lat="31.259759701788425445556640625" lon="121.51117832399904727935791015625">
        <ele>9.3999996185302734375</ele>
        <time>2026-09-02T07:29:19.000Z</time>
        <extensions>
          <ns3:TrackPointExtension>
            <ns3:hr>85</ns3:hr>
            <ns3:cad>55</ns3:cad>
          </ns3:TrackPointExtension>
        </extensions>
      </trkpt>
      <trkpt lat="31.2598188780248165130615234375" lon="121.5112126059830188751220703125">
        <ele>8.6000003814697265625</ele>
        <time>2026-09-02T07:29:23.000Z</time>
        <extensions>
          <ns3:TrackPointExtension>
            <ns3:hr>84</ns3:hr>
            <ns3:cad>57</ns3:cad>
          </ns3:TrackPointExtension>
        </extensions>
      </trkpt>
      <trkpt lat="31.25984762795269489288330078125" lon="121.51128460653126239776611328125">
        <ele>8</ele>
        <time>2026-09-02T07:29:31.000Z</time>
        <extensions>
          <ns3:TrackPointExtension>
            <ns3:hr>81</ns3:hr>
            <ns3:cad>55</ns3:cad>
          </ns3:TrackPointExtension>
        </extensions>
      </trkpt>
      <trkpt lat="31.2598473764955997467041015625" lon="121.51128678582608699798583984375">
        <ele>8</ele>
        <time>2026-09-02T07:29:38.000Z</time>
        <extensions>
          <ns3:TrackPointExtension>
            <ns3:hr>80</ns3:hr>
            <ns3:cad>0</ns3:cad>
          </ns3:TrackPointExtension>
        </extensions>
      </trkpt>
      <trkpt lat="31.2598473764955997467041015625" lon="121.51128829456865787506103515625">
        <ele>8</ele>
        <time>2026-09-02T07:29:48.000Z</time>
        <extensions>
          <ns3:TrackPointExtension>
            <ns3:hr>77</ns3:hr>
            <ns3:cad>0</ns3:cad>
          </ns3:TrackPointExtension>
        </extensions>
      </trkpt>
      <trkpt lat="31.2598638050258159637451171875" lon="121.51133690960705280303955078125">
        <ele>7.80000019073486328125</ele>
        <time>2026-09-02T07:29:53.000Z</time>
        <extensions>
          <ns3:TrackPointExtension>
            <ns3:hr>74</ns3:hr>
            <ns3:cad>59</ns3:cad>
          </ns3:TrackPointExtension>
        </extensions>
      </trkpt>
      <trkpt lat="31.2598638050258159637451171875" lon="121.51133690960705280303955078125">
        <ele>7.80000019073486328125</ele>
        <time>2026-09-02T07:29:54.000Z</time>
        <extensions>
          <ns3:TrackPointExtension>
            <ns3:hr>74</ns3:hr>
            <ns3:cad>59</ns3:cad>
          </ns3:TrackPointExtension>
        </extensions>
      </trkpt>
      <trkpt lat="31.25988534651696681976318359375" lon="121.51143715716898441314697265625">
        <ele>7.400000095367431640625</ele>
        <time>2026-09-02T07:30:00.000Z</time>
        <extensions>
          <ns3:TrackPointExtension>
            <ns3:hr>73</ns3:hr>
            <ns3:cad>59</ns3:cad>
          </ns3:TrackPointExtension>
        </extensions>
      </trkpt>
      <trkpt lat="31.259954161942005157470703125" lon="121.5115415118634700775146484375">
        <ele>6.80000019073486328125</ele>
        <time>2026-09-02T07:30:06.000Z</time>
        <extensions>
          <ns3:TrackPointExtension>
            <ns3:hr>73</ns3:hr>
            <ns3:cad>55</ns3:cad>
          </ns3:TrackPointExtension>
        </extensions>
      </trkpt>
      <trkpt lat="31.25996463932096958160400390625" lon="121.51158861815929412841796875">
        <ele>6.80000019073486328125</ele>
        <time>2026-09-02T07:30:08.000Z</time>
        <extensions>
          <ns3:TrackPointExtension>
            <ns3:hr>73</ns3:hr>
            <ns3:cad>59</ns3:cad>
          </ns3:TrackPointExtension>
        </extensions>
      </trkpt>
      <trkpt lat="31.26000135205686092376708984375" lon="121.51166346855461597442626953125">
        <ele>6.599999904632568359375</ele>
        <time>2026-09-02T07:30:11.000Z</time>
        <extensions>
          <ns3:TrackPointExtension>
            <ns3:hr>73</ns3:hr>
            <ns3:cad>59</ns3:cad>
          </ns3:TrackPointExtension>
        </extensions>
      </trkpt>
      <trkpt lat="31.2600401602685451507568359375" lon="121.511714346706867218017578125">
        <ele>6.599999904632568359375</ele>
        <time>2026-09-02T07:30:15.000Z</time>
        <extensions>
          <ns3:TrackPointExtension>
            <ns3:hr>75</ns3:hr>
            <ns3:cad>58</ns3:cad>
          </ns3:TrackPointExtension>
        </extensions>
      </trkpt>
      <trkpt lat="31.26007041893899440765380859375" lon="121.51174728758633136749267578125">
        <ele>6.599999904632568359375</ele>
        <time>2026-09-02T07:30:18.000Z</time>
        <extensions>
          <ns3:TrackPointExtension>
            <ns3:hr>75</ns3:hr>
            <ns3:cad>59</ns3:cad>
          </ns3:TrackPointExtension>
        </extensions>
      </trkpt>
      <trkpt lat="31.26008684746921062469482421875" lon="121.511752568185329437255859375">
        <ele>6.599999904632568359375</ele>
        <time>2026-09-02T07:30:19.000Z</time>
        <extensions>
          <ns3:TrackPointExtension>
            <ns3:hr>75</ns3:hr>
            <ns3:cad>59</ns3:cad>
          </ns3:TrackPointExtension>
        </extensions>
      </trkpt>
      <trkpt lat="31.2601296789944171905517578125" lon="121.51177545078098773956298828125">
        <ele>6.400000095367431640625</ele>
        <time>2026-09-02T07:30:22.000Z</time>
        <extensions>
          <ns3:TrackPointExtension>
            <ns3:hr>76</ns3:hr>
            <ns3:cad>59</ns3:cad>
          </ns3:TrackPointExtension>
        </extensions>
      </trkpt>
      <trkpt lat="31.2601340375840663909912109375" lon="121.511831022799015045166015625">
        <ele>7</ele>
        <time>2026-09-02T07:30:25.000Z</time>
        <extensions>
          <ns3:TrackPointExtension>
            <ns3:hr>75</ns3:hr>
            <ns3:cad>59</ns3:cad>
          </ns3:TrackPointExtension>
        </extensions>
      </trkpt>
      <trkpt lat="31.2601732648909091949462890625" lon="121.5118724294006824493408203125">
        <ele>7.19999980926513671875</ele>
        <time>2026-09-02T07:30:28.000Z</time>
        <extensions>
          <ns3:TrackPointExtension>
            <ns3:hr>75</ns3:hr>
            <ns3:cad>59</ns3:cad>
          </ns3:TrackPointExtension>
        </extensions>
      </trkpt>
      <trkpt lat="31.2602232210338115692138671875" lon="121.51192883960902690887451171875">
        <ele>7.400000095367431640625</ele>
        <time>2026-09-02T07:30:30.000Z</time>
        <extensions>
          <ns3:TrackPointExtension>
            <ns3:hr>75</ns3:hr>
            <ns3:cad>82</ns3:cad>
          </ns3:TrackPointExtension>
        </extensions>
      </trkpt>
      <trkpt lat="31.26032589934766292572021484375" lon="121.512045599520206451416015625">
        <ele>7.599999904632568359375</ele>
        <time>2026-09-02T07:30:35.000Z</time>
        <extensions>
          <ns3:TrackPointExtension>
            <ns3:hr>78</ns3:hr>
            <ns3:cad>82</ns3:cad>
          </ns3:TrackPointExtension>
        </extensions>
      </trkpt>
      <trkpt lat="31.26037753187119960784912109375" lon="121.512105278670787811279296875">
        <ele>7.400000095367431640625</ele>
        <time>2026-09-02T07:30:38.000Z</time>
        <extensions>
          <ns3:TrackPointExtension>
            <ns3:hr>81</ns3:hr>
            <ns3:cad>82</ns3:cad>
          </ns3:TrackPointExtension>
        </extensions>
      </trkpt>
      <trkpt lat="31.26039094291627407073974609375" lon="121.51213570497930049896240234375">
        <ele>7.599999904632568359375</ele>
        <time>2026-09-02T07:30:39.000Z</time>
        <extensions>
          <ns3:TrackPointExtension>
            <ns3:hr>84</ns3:hr>
            <ns3:cad>82</ns3:cad>
          </ns3:TrackPointExtension>
        </extensions>
      </trkpt>
      <trkpt lat="31.26042329706251621246337890625" lon="121.5122043527662754058837890625">
        <ele>7.80000019073486328125</ele>
        <time>2026-09-02T07:30:41.000Z</time>
        <extensions>
          <ns3:TrackPointExtension>
            <ns3:hr>85</ns3:hr>
            <ns3:cad>82</ns3:cad>
          </ns3:TrackPointExtension>
        </extensions>
      </trkpt>
      <trkpt lat="31.26043863594532012939453125" lon="121.51224617846310138702392578125">
        <ele>7.80000019073486328125</ele>
        <time>2026-09-02T07:30:42.000Z</time>
        <extensions>
          <ns3:TrackPointExtension>
            <ns3:hr>89</ns3:hr>
            <ns3:cad>82</ns3:cad>
          </ns3:TrackPointExtension>
        </extensions>
      </trkpt>
      <trkpt lat="31.26045213080942630767822265625" lon="121.512291021645069122314453125">
        <ele>8</ele>
        <time>2026-09-02T07:30:43.000Z</time>
        <extensions>
          <ns3:TrackPointExtension>
            <ns3:hr>93</ns3:hr>
            <ns3:cad>82</ns3:cad>
          </ns3:TrackPointExtension>
        </extensions>
      </trkpt>
      <trkpt lat="31.2604760192334651947021484375" lon="121.5123203583061695098876953125">
        <ele>7.80000019073486328125</ele>
        <time>2026-09-02T07:30:44.000Z</time>
        <extensions>
          <ns3:TrackPointExtension>
            <ns3:hr>96</ns3:hr>
            <ns3:cad>82</ns3:cad>
          </ns3:TrackPointExtension>
        </extensions>
      </trkpt>
      <trkpt lat="31.2605015002191066741943359375" lon="121.51234768331050872802734375">
        <ele>7.599999904632568359375</ele>
        <time>2026-09-02T07:30:45.000Z</time>
        <extensions>
          <ns3:TrackPointExtension>
            <ns3:hr>99</ns3:hr>
            <ns3:cad>82</ns3:cad>
          </ns3:TrackPointExtension>
        </extensions>
      </trkpt>
      <trkpt lat="31.26054936088621616363525390625" lon="121.51238783262670040130615234375">
        <ele>7.400000095367431640625</ele>
        <time>2026-09-02T07:30:47.000Z</time>
        <extensions>
          <ns3:TrackPointExtension>
            <ns3:hr>102</ns3:hr>
            <ns3:cad>83</ns3:cad>
          </ns3:TrackPointExtension>
        </extensions>
      </trkpt>
      <trkpt lat="31.26063980162143707275390625" lon="121.51244516484439373016357421875">
        <ele>6.80000019073486328125</ele>
        <time>2026-09-02T07:30:50.000Z</time>
        <extensions>
          <ns3:TrackPointExtension>
            <ns3:hr>104</ns3:hr>
            <ns3:cad>83</ns3:cad>
          </ns3:TrackPointExtension>
        </extensions>
      </trkpt>
      <trkpt lat="31.26078405417501926422119140625" lon="121.5125077776610851287841796875">
        <ele>6.19999980926513671875</ele>
        <time>2026-09-02T07:30:58.000Z</time>
        <extensions>
          <ns3:TrackPointExtension>
            <ns3:hr>106</ns3:hr>
            <ns3:cad>82</ns3:cad>
          </ns3:TrackPointExtension>
        </extensions>
      </trkpt>
      <trkpt lat="31.2608099542558193206787109375" lon="121.512560583651065826416015625">
        <ele>6</ele>
        <time>2026-09-02T07:31:01.000Z</time>
        <extensions>
          <ns3:TrackPointExtension>
            <ns3:hr>109</ns3:hr>
            <ns3:cad>84</ns3:cad>
          </ns3:TrackPointExtension>
        </extensions>
      </trkpt>
      <trkpt lat="31.26084557734429836273193359375" lon="121.5126244537532329559326171875">
        <ele>6.400000095367431640625</ele>
        <time>2026-09-02T07:31:04.000Z</time>
        <extensions>
          <ns3:TrackPointExtension>
            <ns3:hr>110</ns3:hr>
            <ns3:cad>84</ns3:cad>
          </ns3:TrackPointExtension>
        </extensions>
      </trkpt>
      <trkpt lat="31.2609219364821910858154296875" lon="121.512739621102809906005859375">
        <ele>7</ele>
        <time>2026-09-02T07:31:11.000Z</time>
        <extensions>
          <ns3:TrackPointExtension>
            <ns3:hr>112</ns3:hr>
            <ns3:cad>80</ns3:cad>
          </ns3:TrackPointExtension>
        </extensions>
      </trkpt>
      <trkpt lat="31.26099326647818088531494140625" lon="121.5128849633038043975830078125">
        <ele>8</ele>
        <time>2026-09-02T07:31:18.000Z</time>
        <extensions>
          <ns3:TrackPointExtension>
            <ns3:hr>111</ns3:hr>
            <ns3:cad>82</ns3:cad>
          </ns3:TrackPointExtension>
        </extensions>
      </trkpt>
      <trkpt lat="31.26100650988519191741943359375" lon="121.512903235852718353271484375">
        <ele>8.19999980926513671875</ele>
        <time>2026-09-02T07:31:19.000Z</time>
        <extensions>
          <ns3:TrackPointExtension>
            <ns3:hr>111</ns3:hr>
            <ns3:cad>82</ns3:cad>
          </ns3:TrackPointExtension>
        </extensions>
      </trkpt>
      <trkpt lat="31.26106216572225093841552734375" lon="121.5129077620804309844970703125">
        <ele>8</ele>
        <time>2026-09-02T07:31:22.000Z</time>
        <extensions>
          <ns3:TrackPointExtension>
            <ns3:hr>111</ns3:hr>
            <ns3:cad>84</ns3:cad>
          </ns3:TrackPointExtension>
        </extensions>
      </trkpt>
      <trkpt lat="31.26108236610889434814453125" lon="121.512900553643703460693359375">
        <ele>7.80000019073486328125</ele>
        <time>2026-09-02T07:31:23.000Z</time>
        <extensions>
          <ns3:TrackPointExtension>
            <ns3:hr>111</ns3:hr>
            <ns3:cad>83</ns3:cad>
          </ns3:TrackPointExtension>
        </extensions>
      </trkpt>
      <trkpt lat="31.26110306940972805023193359375" lon="121.5128888189792633056640625">
        <ele>7.599999904632568359375</ele>
        <time>2026-09-02T07:31:24.000Z</time>
        <extensions>
          <ns3:TrackPointExtension>
            <ns3:hr>110</ns3:hr>
            <ns3:cad>83</ns3:cad>
          </ns3:TrackPointExtension>
        </extensions>
      </trkpt>
      <trkpt lat="31.2611998803913593292236328125" lon="121.51281665079295635223388671875">
        <ele>6.599999904632568359375</ele>
        <time>2026-09-02T07:31:29.000Z</time>
        <extensions>
          <ns3:TrackPointExtension>
            <ns3:hr>111</ns3:hr>
            <ns3:cad>83</ns3:cad>
          </ns3:TrackPointExtension>
        </extensions>
      </trkpt>
      <trkpt lat="31.26123583875596523284912109375" lon="121.51280365884304046630859375">
        <ele>6.400000095367431640625</ele>
        <time>2026-09-02T07:31:31.000Z</time>
        <extensions>
          <ns3:TrackPointExtension>
            <ns3:hr>112</ns3:hr>
            <ns3:cad>82</ns3:cad>
          </ns3:TrackPointExtension>
        </extensions>
      </trkpt>
      <trkpt lat="31.26129233278334140777587890625" lon="121.512791924178600311279296875">
        <ele>6.19999980926513671875</ele>
        <time>2026-09-02T07:31:34.000Z</time>
        <extensions>
          <ns3:TrackPointExtension>
            <ns3:hr>114</ns3:hr>
            <ns3:cad>83</ns3:cad>
          </ns3:TrackPointExtension>
        </extensions>
      </trkpt>
      <trkpt lat="31.2614033930003643035888671875" lon="121.512611210346221923828125">
        <ele>5.19999980926513671875</ele>
        <time>2026-09-02T07:31:40.000Z</time>
        <extensions>
          <ns3:TrackPointExtension>
            <ns3:hr>116</ns3:hr>
            <ns3:cad>83</ns3:cad>
          </ns3:TrackPointExtension>
        </extensions>
      </trkpt>
      <trkpt lat="31.2614137865602970123291015625" lon="121.512597464025020599365234375">
        <ele>5.19999980926513671875</ele>
        <time>2026-09-02T07:31:41.000Z</time>
        <extensions>
          <ns3:TrackPointExtension>
            <ns3:hr>116</ns3:hr>
            <ns3:cad>83</ns3:cad>
          </ns3:TrackPointExtension>
        </extensions>
      </trkpt>
      <trkpt lat="31.26143775880336761474609375" lon="121.512589417397975921630859375">
        <ele>5.19999980926513671875</ele>
        <time>2026-09-02T07:31:42.000Z</time>
        <extensions>
          <ns3:TrackPointExtension>
            <ns3:hr>117</ns3:hr>
            <ns3:cad>83</ns3:cad>
          </ns3:TrackPointExtension>
        </extensions>
      </trkpt>
      <trkpt lat="31.2614815123379230499267578125" lon="121.51256770826876163482666015625">
        <ele>5.400000095367431640625</ele>
        <time>2026-09-02T07:31:45.000Z</time>
        <extensions>
          <ns3:TrackPointExtension>
            <ns3:hr>117</ns3:hr>
            <ns3:cad>83</ns3:cad>
          </ns3:TrackPointExtension>
        </extensions>
      </trkpt>
      <trkpt lat="31.26151629723608493804931640625" lon="121.5125537104904651641845703125">
        <ele>5.599999904632568359375</ele>
        <time>2026-09-02T07:31:46.000Z</time>
        <extensions>
          <ns3:TrackPointExtension>
            <ns3:hr>117</ns3:hr>
            <ns3:cad>82</ns3:cad>
          </ns3:TrackPointExtension>
        </extensions>
      </trkpt>
      <trkpt lat="31.2615334801375865936279296875" lon="121.512552537024021148681640625">
        <ele>5.80000019073486328125</ele>
        <time>2026-09-02T07:31:48.000Z</time>
        <extensions>
          <ns3:TrackPointExtension>
            <ns3:hr>116</ns3:hr>
            <ns3:cad>82</ns3:cad>
          </ns3:TrackPointExtension>
        </extensions>
      </trkpt>
      <trkpt lat="31.2615609727799892425537109375" lon="121.51254004798829555511474609375">
        <ele>6</ele>
        <time>2026-09-02T07:31:50.000Z</time>
        <extensions>
          <ns3:TrackPointExtension>
            <ns3:hr>116</ns3:hr>
            <ns3:cad>83</ns3:cad>
          </ns3:TrackPointExtension>
        </extensions>
      </trkpt>
      <trkpt lat="31.26168041490018367767333984375" lon="121.5124611742794513702392578125">
        <ele>7</ele>
        <time>2026-09-02T07:31:56.000Z</time>
        <extensions>
          <ns3:TrackPointExtension>
            <ns3:hr>117</ns3:hr>
            <ns3:cad>83</ns3:cad>
          </ns3:TrackPointExtension>
        </extensions>
      </trkpt>
      <trkpt lat="31.26171268522739410400390625" lon="121.51243041269481182098388671875">
        <ele>7.400000095367431640625</ele>
        <time>2026-09-02T07:31:58.000Z</time>
        <extensions>
          <ns3:TrackPointExtension>
            <ns3:hr>118</ns3:hr>
            <ns3:cad>83</ns3:cad>
          </ns3:TrackPointExtension>
        </extensions>
      </trkpt>
      <trkpt lat="31.2617346458137035369873046875" lon="121.51241750456392765045166015625">
        <ele>7.599999904632568359375</ele>
        <time>2026-09-02T07:31:59.000Z</time>
        <extensions>
          <ns3:TrackPointExtension>
            <ns3:hr>118</ns3:hr>
            <ns3:cad>82</ns3:cad>
          </ns3:TrackPointExtension>
        </extensions>
      </trkpt>
      <trkpt lat="31.2618496455252170562744140625" lon="121.5123310871422290802001953125">
        <ele>9</ele>
        <time>2026-09-02T07:32:04.000Z</time>
        <extensions>
          <ns3:TrackPointExtension>
            <ns3:hr>118</ns3:hr>
            <ns3:cad>83</ns3:cad>
          </ns3:TrackPointExtension>
        </extensions>
      </trkpt>
      <trkpt lat="31.26200663857161998748779296875" lon="121.51220829226076602935791015625">
        <ele>9.80000019073486328125</ele>
        <time>2026-09-02T07:32:11.000Z</time>
        <extensions>
          <ns3:TrackPointExtension>
            <ns3:hr>119</ns3:hr>
            <ns3:cad>84</ns3:cad>
          </ns3:TrackPointExtension>
        </extensions>
      </trkpt>
      <trkpt lat="31.2620286829769611358642578125" lon="121.5121782012283802032470703125">
        <ele>9.6000003814697265625</ele>
        <time>2026-09-02T07:32:12.000Z</time>
        <extensions>
          <ns3:TrackPointExtension>
            <ns3:hr>119</ns3:hr>
            <ns3:cad>83</ns3:cad>
          </ns3:TrackPointExtension>
        </extensions>
      </trkpt>
      <trkpt lat="31.26215633936226367950439453125" lon="121.5121047757565975189208984375">
        <ele>9.3999996185302734375</ele>
        <time>2026-09-02T07:32:18.000Z</time>
        <extensions>
          <ns3:TrackPointExtension>
            <ns3:hr>119</ns3:hr>
            <ns3:cad>83</ns3:cad>
          </ns3:TrackPointExtension>
        </extensions>
      </trkpt>
      <trkpt lat="31.26230168156325817108154296875" lon="121.512083150446414947509765625">
        <ele>8.6000003814697265625</ele>
        <time>2026-09-02T07:32:24.000Z</time>
        <extensions>
          <ns3:TrackPointExtension>
            <ns3:hr>119</ns3:hr>
            <ns3:cad>82</ns3:cad>
          </ns3:TrackPointExtension>
        </extensions>
      </trkpt>
      <trkpt lat="31.26242238096892833709716796875" lon="121.51200276799499988555908203125">
        <ele>6.599999904632568359375</ele>
        <time>2026-09-02T07:32:30.000Z</time>
        <extensions>
          <ns3:TrackPointExtension>
            <ns3:hr>119</ns3:hr>
            <ns3:cad>82</ns3:cad>
          </ns3:TrackPointExtension>
        </extensions>
      </trkpt>
      <trkpt lat="31.26249128021299839019775390625" lon="121.51194007135927677154541015625">
        <ele>6.19999980926513671875</ele>
        <time>2026-09-02T07:32:37.000Z</time>
        <extensions>
          <ns3:TrackPointExtension>
            <ns3:hr>120</ns3:hr>
            <ns3:cad>55</ns3:cad>
          </ns3:TrackPointExtension>
        </extensions>
      </trkpt>
      <trkpt lat="31.26249496825039386749267578125" lon="121.51193554513156414031982421875">
        <ele>6.19999980926513671875</ele>
        <time>2026-09-02T07:32:38.000Z</time>
        <extensions>
          <ns3:TrackPointExtension>
            <ns3:hr>120</ns3:hr>
            <ns3:cad>55</ns3:cad>
          </ns3:TrackPointExtension>
        </extensions>
      </trkpt>
      <trkpt lat="31.26253888942301273345947265625" lon="121.511858515441417694091796875">
        <ele>6.599999904632568359375</ele>
        <time>2026-09-02T07:32:45.000Z</time>
        <extensions>
          <ns3:TrackPointExtension>
            <ns3:hr>118</ns3:hr>
            <ns3:cad>54</ns3:cad>
          </ns3:TrackPointExtension>
        </extensions>
      </trkpt>
      <trkpt lat="31.26263544894754886627197265625" lon="121.5118910372257232666015625">
        <ele>6.400000095367431640625</ele>
        <time>2026-09-02T07:32:51.000Z</time>
        <extensions>
          <ns3:TrackPointExtension>
            <ns3:hr>117</ns3:hr>
            <ns3:cad>54</ns3:cad>
          </ns3:TrackPointExtension>
        </extensions>
      </trkpt>
      <trkpt lat="31.26265489496290683746337890625" lon="121.5119046159088611602783203125">
        <ele>6.400000095367431640625</ele>
        <time>2026-09-02T07:32:52.000Z</time>
        <extensions>
          <ns3:TrackPointExtension>
            <ns3:hr>116</ns3:hr>
            <ns3:cad>54</ns3:cad>
          </ns3:TrackPointExtension>
        </extensions>
      </trkpt>
      <trkpt lat="31.2626918591558933258056640625" lon="121.511944346129894256591796875">
        <ele>6.19999980926513671875</ele>
        <time>2026-09-02T07:32:55.000Z</time>
        <extensions>
          <ns3:TrackPointExtension>
            <ns3:hr>113</ns3:hr>
            <ns3:cad>56</ns3:cad>
          </ns3:TrackPointExtension>
        </extensions>
      </trkpt>
      <trkpt lat="31.2626999057829380035400390625" lon="121.51195608079433441162109375">
        <ele>6.19999980926513671875</ele>
        <time>2026-09-02T07:32:56.000Z</time>
        <extensions>
          <ns3:TrackPointExtension>
            <ns3:hr>112</ns3:hr>
            <ns3:cad>56</ns3:cad>
          </ns3:TrackPointExtension>
        </extensions>
      </trkpt>
      <trkpt lat="31.26274491660296916961669921875" lon="121.51200394146144390106201171875">
        <ele>6</ele>
        <time>2026-09-02T07:33:00.000Z</time>
        <extensions>
          <ns3:TrackPointExtension>
            <ns3:hr>111</ns3:hr>
            <ns3:cad>55</ns3:cad>
          </ns3:TrackPointExtension>
        </extensions>
      </trkpt>
      <trkpt lat="31.26276503317058086395263671875" lon="121.51202975772321224212646484375">
        <ele>6</ele>
        <time>2026-09-02T07:33:03.000Z</time>
        <extensions>
          <ns3:TrackPointExtension>
            <ns3:hr>111</ns3:hr>
            <ns3:cad>55</ns3:cad>
          </ns3:TrackPointExtension>
        </extensions>
      </trkpt>
      <trkpt lat="31.2628427334129810333251953125" lon="121.51207569055259227752685546875">
        <ele>6</ele>
        <time>2026-09-02T07:33:11.000Z</time>
        <extensions>
          <ns3:TrackPointExtension>
            <ns3:hr>109</ns3:hr>
            <ns3:cad>54</ns3:cad>
          </ns3:TrackPointExtension>
        </extensions>
      </trkpt>
      <trkpt lat="31.26284449361264705657958984375" lon="121.51207753457129001617431640625">
        <ele>6</ele>
        <time>2026-09-02T07:33:17.000Z</time>
        <extensions>
          <ns3:TrackPointExtension>
            <ns3:hr>108</ns3:hr>
            <ns3:cad>0</ns3:cad>
          </ns3:TrackPointExtension>
        </extensions>
      </trkpt>
      <trkpt lat="31.26284449361264705657958984375" lon="121.51207904331386089324951171875">
        <ele>6</ele>
        <time>2026-09-02T07:33:22.000Z</time>
        <extensions>
          <ns3:TrackPointExtension>
            <ns3:hr>105</ns3:hr>
            <ns3:cad>0</ns3:cad>
          </ns3:TrackPointExtension>
        </extensions>
      </trkpt>
      <trkpt lat="31.26284449361264705657958984375" lon="121.51207904331386089324951171875">
        <ele>6</ele>
        <time>2026-09-02T07:33:26.000Z</time>
        <extensions>
          <ns3:TrackPointExtension>
            <ns3:hr>102</ns3:hr>
            <ns3:cad>0</ns3:cad>
          </ns3:TrackPointExtension>
        </extensions>
      </trkpt>
      <trkpt lat="31.26284449361264705657958984375" lon="121.51207904331386089324951171875">
        <ele>6</ele>
        <time>2026-09-02T07:33:27.000Z</time>
        <extensions>
          <ns3:TrackPointExtension>
            <ns3:hr>99</ns3:hr>
            <ns3:cad>0</ns3:cad>
          </ns3:TrackPointExtension>
        </extensions>
      </trkpt>
      <trkpt lat="31.26284382306039333343505859375" lon="121.5120782889425754547119140625">
        <ele>6</ele>
        <time>2026-09-02T07:33:40.000Z</time>
        <extensions>
          <ns3:TrackPointExtension>
            <ns3:hr>96</ns3:hr>
            <ns3:cad>0</ns3:cad>
          </ns3:TrackPointExtension>
        </extensions>
      </trkpt>
      <trkpt lat="31.26284365542232990264892578125" lon="121.51207837276160717010498046875">
        <ele>6</ele>
        <time>2026-09-02T07:33:42.000Z</time>
        <extensions>
          <ns3:TrackPointExtension>
            <ns3:hr>93</ns3:hr>
            <ns3:cad>0</ns3:cad>
          </ns3:TrackPointExtension>
        </extensions>
      </trkpt>
      <trkpt lat="31.26284264959394931793212890625" lon="121.51207854039967060089111328125">
        <ele>6</ele>
        <time>2026-09-02T07:33:46.000Z</time>
        <extensions>
          <ns3:TrackPointExtension>
            <ns3:hr>90</ns3:hr>
            <ns3:cad>0</ns3:cad>
          </ns3:TrackPointExtension>
        </extensions>
      </trkpt>
      <trkpt lat="31.2628425657749176025390625" lon="121.51207870803773403167724609375">
        <ele>6</ele>
        <time>2026-09-02T07:33:48.000Z</time>
        <extensions>
          <ns3:TrackPointExtension>
            <ns3:hr>87</ns3:hr>
            <ns3:cad>0</ns3:cad>
          </ns3:TrackPointExtension>
        </extensions>
      </trkpt>
      <trkpt lat="31.262883804738521575927734375" lon="121.51203361339867115020751953125">
        <ele>6</ele>
        <time>2026-09-02T07:33:53.000Z</time>
        <extensions>
          <ns3:TrackPointExtension>
            <ns3:hr>85</ns3:hr>
            <ns3:cad>57</ns3:cad>
          </ns3:TrackPointExtension>
        </extensions>
      </trkpt>
      <trkpt lat="31.26297005452215671539306640625" lon="121.51192951016128063201904296875">
        <ele>6.599999904632568359375</ele>
        <time>2026-09-02T07:34:01.000Z</time>
        <extensions>
          <ns3:TrackPointExtension>
            <ns3:hr>84</ns3:hr>
            <ns3:cad>57</ns3:cad>
          </ns3:TrackPointExtension>
        </extensions>
      </trkpt>
      <trkpt lat="31.26301716081798076629638671875" lon="121.51189397089183330535888671875">
        <ele>7.19999980926513671875</ele>
        <time>2026-09-02T07:34:05.000Z</time>
        <extensions>
          <ns3:TrackPointExtension>
            <ns3:hr>85</ns3:hr>
            <ns3:cad>57</ns3:cad>
          </ns3:TrackPointExtension>
        </extensions>
      </trkpt>
      <trkpt lat="31.26303811557590961456298828125" lon="121.5119197033345699310302734375">
        <ele>7</ele>
        <time>2026-09-02T07:34:07.000Z</time>
        <extensions>
          <ns3:TrackPointExtension>
            <ns3:hr>84</ns3:hr>
            <ns3:cad>80</ns3:cad>
          </ns3:TrackPointExtension>
        </extensions>
      </trkpt>
      <trkpt lat="31.2630812823772430419921875" lon="121.511985249817371368408203125">
        <ele>6.19999980926513671875</ele>
        <time>2026-09-02T07:34:10.000Z</time>
        <extensions>
          <ns3:TrackPointExtension>
            <ns3:hr>81</ns3:hr>
            <ns3:cad>82</ns3:cad>
          </ns3:TrackPointExtension>
        </extensions>
      </trkpt>
      <trkpt lat="31.263131238520145416259765625" lon="121.51207569055259227752685546875">
        <ele>6</ele>
        <time>2026-09-02T07:34:14.000Z</time>
        <extensions>
          <ns3:TrackPointExtension>
            <ns3:hr>84</ns3:hr>
            <ns3:cad>85</ns3:cad>
          </ns3:TrackPointExtension>
        </extensions>
      </trkpt>
      <trkpt lat="31.26315345056354999542236328125" lon="121.51212329976260662078857421875">
        <ele>6</ele>
        <time>2026-09-02T07:34:16.000Z</time>
        <extensions>
          <ns3:TrackPointExtension>
            <ns3:hr>86</ns3:hr>
            <ns3:cad>85</ns3:cad>
          </ns3:TrackPointExtension>
        </extensions>
      </trkpt>
      <trkpt lat="31.26319536007940769195556640625" lon="121.5122187696397304534912109375">
        <ele>6</ele>
        <time>2026-09-02T07:34:20.000Z</time>
        <extensions>
          <ns3:TrackPointExtension>
            <ns3:hr>89</ns3:hr>
            <ns3:cad>85</ns3:cad>
          </ns3:TrackPointExtension>
        </extensions>
      </trkpt>
      <trkpt lat="31.26321866177022457122802734375" lon="121.512256823480129241943359375">
        <ele>6</ele>
        <time>2026-09-02T07:34:22.000Z</time>
        <extensions>
          <ns3:TrackPointExtension>
            <ns3:hr>92</ns3:hr>
            <ns3:cad>84</ns3:cad>
          </ns3:TrackPointExtension>
        </extensions>
      </trkpt>
      <trkpt lat="31.26323995180428028106689453125" lon="121.51229931972920894622802734375">
        <ele>6</ele>
        <time>2026-09-02T07:34:24.000Z</time>
        <extensions>
          <ns3:TrackPointExtension>
            <ns3:hr>95</ns3:hr>
            <ns3:cad>84</ns3:cad>
          </ns3:TrackPointExtension>
        </extensions>
      </trkpt>
      <trkpt lat="31.26327247358858585357666015625" lon="121.51235866360366344451904296875">
        <ele>6.19999980926513671875</ele>
        <time>2026-09-02T07:34:27.000Z</time>
        <extensions>
          <ns3:TrackPointExtension>
            <ns3:hr>98</ns3:hr>
            <ns3:cad>84</ns3:cad>
          </ns3:TrackPointExtension>
        </extensions>
      </trkpt>
      <trkpt lat="31.26331941224634647369384765625" lon="121.51243963278830051422119140625">
        <ele>6.599999904632568359375</ele>
        <time>2026-09-02T07:34:31.000Z</time>
        <extensions>
          <ns3:TrackPointExtension>
            <ns3:hr>100</ns3:hr>
            <ns3:cad>85</ns3:cad>
          </ns3:TrackPointExtension>
        </extensions>
      </trkpt>
      <trkpt lat="31.26342636533081531524658203125" lon="121.5125979669392108917236328125">
        <ele>7.599999904632568359375</ele>
        <time>2026-09-02T07:34:38.000Z</time>
        <extensions>
          <ns3:TrackPointExtension>
            <ns3:hr>102</ns3:hr>
            <ns3:cad>85</ns3:cad>
          </ns3:TrackPointExtension>
        </extensions>
      </trkpt>
      <trkpt lat="31.26349794678390026092529296875" lon="121.51273719035089015960693359375">
        <ele>8.19999980926513671875</ele>
        <time>2026-09-02T07:34:43.000Z</time>
        <extensions>
          <ns3:TrackPointExtension>
            <ns3:hr>105</ns3:hr>
            <ns3:cad>85</ns3:cad>
          </ns3:TrackPointExtension>
        </extensions>
      </trkpt>
      <trkpt lat="31.26350515522062778472900390625" lon="121.51276501826941967010498046875">
        <ele>8.6000003814697265625</ele>
        <time>2026-09-02T07:34:44.000Z</time>
        <extensions>
          <ns3:TrackPointExtension>
            <ns3:hr>106</ns3:hr>
            <ns3:cad>85</ns3:cad>
          </ns3:TrackPointExtension>
        </extensions>
      </trkpt>
      <trkpt lat="31.2635602243244647979736328125" lon="121.5128678642213344573974609375">
        <ele>9.3999996185302734375</ele>
        <time>2026-09-02T07:34:48.000Z</time>
        <extensions>
          <ns3:TrackPointExtension>
            <ns3:hr>109</ns3:hr>
            <ns3:cad>85</ns3:cad>
          </ns3:TrackPointExtension>
        </extensions>
      </trkpt>
      <trkpt lat="31.26358075998723506927490234375" lon="121.5129352547228336334228515625">
        <ele>9.3999996185302734375</ele>
        <time>2026-09-02T07:34:50.000Z</time>
        <extensions>
          <ns3:TrackPointExtension>
            <ns3:hr>110</ns3:hr>
            <ns3:cad>85</ns3:cad>
          </ns3:TrackPointExtension>
        </extensions>
      </trkpt>
      <trkpt lat="31.26362107694149017333984375" lon="121.51301697827875614166259765625">
        <ele>9.6000003814697265625</ele>
        <time>2026-09-02T07:34:53.000Z</time>
        <extensions>
          <ns3:TrackPointExtension>
            <ns3:hr>113</ns3:hr>
            <ns3:cad>85</ns3:cad>
          </ns3:TrackPointExtension>
        </extensions>
      </trkpt>
      <trkpt lat="31.26366441138088703155517578125" lon="121.51306408457458019256591796875">
        <ele>9.6000003814697265625</ele>
        <time>2026-09-02T07:34:55.000Z</time>
        <extensions>
          <ns3:TrackPointExtension>
            <ns3:hr>114</ns3:hr>
            <ns3:cad>85</ns3:cad>
          </ns3:TrackPointExtension>
        </extensions>
      </trkpt>
      <trkpt lat="31.263785026967525482177734375" lon="121.51312879286706447601318359375">
        <ele>9.3999996185302734375</ele>
        <time>2026-09-02T07:35:00.000Z</time>
        <extensions>
          <ns3:TrackPointExtension>
            <ns3:hr>116</ns3:hr>
            <ns3:cad>85</ns3:cad>
          </ns3:TrackPointExtension>
        </extensions>
      </trkpt>
      <trkpt lat="31.26392307691276073455810546875" lon="121.51310817338526248931884765625">
        <ele>9.19999980926513671875</ele>
        <time>2026-09-02T07:35:07.000Z</time>
        <extensions>
          <ns3:TrackPointExtension>
            <ns3:hr>117</ns3:hr>
            <ns3:cad>84</ns3:cad>
          </ns3:TrackPointExtension>
        </extensions>
      </trkpt>
      <trkpt lat="31.2640805728733539581298828125" lon="121.51295880787074565887451171875">
        <ele>9.19999980926513671875</ele>
        <time>2026-09-02T07:35:15.000Z</time>
        <extensions>
          <ns3:TrackPointExtension>
            <ns3:hr>118</ns3:hr>
            <ns3:cad>84</ns3:cad>
          </ns3:TrackPointExtension>
        </extensions>
      </trkpt>
      <trkpt lat="31.26426137052476406097412109375" lon="121.51286861859261989593505859375">
        <ele>8.80000019073486328125</ele>
        <time>2026-09-02T07:35:23.000Z</time>
        <extensions>
          <ns3:TrackPointExtension>
            <ns3:hr>120</ns3:hr>
            <ns3:cad>83</ns3:cad>
          </ns3:TrackPointExtension>
        </extensions>
      </trkpt>
      <trkpt lat="31.26441392116248607635498046875" lon="121.512769795954227447509765625">
        <ele>9</ele>
        <time>2026-09-02T07:35:31.000Z</time>
        <extensions>
          <ns3:TrackPointExtension>
            <ns3:hr>121</ns3:hr>
            <ns3:cad>84</ns3:cad>
          </ns3:TrackPointExtension>
        </extensions>
      </trkpt>
      <trkpt lat="31.26453998498618602752685546875" lon="121.5126626752316951751708984375">
        <ele>9.3999996185302734375</ele>
        <time>2026-09-02T07:35:38.000Z</time>
        <extensions>
          <ns3:TrackPointExtension>
            <ns3:hr>121</ns3:hr>
            <ns3:cad>84</ns3:cad>
          </ns3:TrackPointExtension>
        </extensions>
      </trkpt>
      <trkpt lat="31.26458491198718547821044921875" lon="121.5126080252230167388916015625">
        <ele>9</ele>
        <time>2026-09-02T07:35:41.000Z</time>
        <extensions>
          <ns3:TrackPointExtension>
            <ns3:hr>120</ns3:hr>
            <ns3:cad>84</ns3:cad>
          </ns3:TrackPointExtension>
        </extensions>
      </trkpt>
      <trkpt lat="31.264619864523410797119140625" lon="121.51252445764839649200439453125">
        <ele>8.6000003814697265625</ele>
        <time>2026-09-02T07:35:45.000Z</time>
        <extensions>
          <ns3:TrackPointExtension>
            <ns3:hr>121</ns3:hr>
            <ns3:cad>83</ns3:cad>
          </ns3:TrackPointExtension>
        </extensions>
      </trkpt>
      <trkpt lat="31.2646344490349292755126953125" lon="121.51250660419464111328125">
        <ele>8.80000019073486328125</ele>
        <time>2026-09-02T07:35:46.000Z</time>
        <extensions>
          <ns3:TrackPointExtension>
            <ns3:hr>121</ns3:hr>
            <ns3:cad>83</ns3:cad>
          </ns3:TrackPointExtension>
        </extensions>
      </trkpt>
      <trkpt lat="31.26473193056881427764892578125" lon="121.51240945793688297271728515625">
        <ele>9.80000019073486328125</ele>
        <time>2026-09-02T07:35:51.000Z</time>
        <extensions>
          <ns3:TrackPointExtension>
            <ns3:hr>121</ns3:hr>
            <ns3:cad>83</ns3:cad>
          </ns3:TrackPointExtension>
        </extensions>
      </trkpt>
      <trkpt lat="31.26488582231104373931884765625" lon="121.51227383874356746673583984375">
        <ele>9.80000019073486328125</ele>
        <time>2026-09-02T07:35:59.000Z</time>
        <extensions>
          <ns3:TrackPointExtension>
            <ns3:hr>120</ns3:hr>
            <ns3:cad>83</ns3:cad>
          </ns3:TrackPointExtension>
        </extensions>
      </trkpt>
      <trkpt lat="31.26489420421421527862548828125" lon="121.51226453483104705810546875">
        <ele>9.80000019073486328125</ele>
        <time>2026-09-02T07:36:00.000Z</time>
        <extensions>
          <ns3:TrackPointExtension>
            <ns3:hr>120</ns3:hr>
            <ns3:cad>83</ns3:cad>
          </ns3:TrackPointExtension>
        </extensions>
      </trkpt>
      <trkpt lat="31.26504524610936641693115234375" lon="121.51214878074824810028076171875">
        <ele>9.19999980926513671875</ele>
        <time>2026-09-02T07:36:08.000Z</time>
        <extensions>
          <ns3:TrackPointExtension>
            <ns3:hr>122</ns3:hr>
            <ns3:cad>83</ns3:cad>
          </ns3:TrackPointExtension>
        </extensions>
      </trkpt>
      <trkpt lat="31.26521908678114414215087890625" lon="121.5120440907776355743408203125">
        <ele>8.6000003814697265625</ele>
        <time>2026-09-02T07:36:14.000Z</time>
        <extensions>
          <ns3:TrackPointExtension>
            <ns3:hr>123</ns3:hr>
            <ns3:cad>83</ns3:cad>
          </ns3:TrackPointExtension>
        </extensions>
      </trkpt>
      <trkpt lat="31.26524657942354679107666015625" lon="121.51203453540802001953125">
        <ele>8.6000003814697265625</ele>
        <time>2026-09-02T07:36:15.000Z</time>
        <extensions>
          <ns3:TrackPointExtension>
            <ns3:hr>124</ns3:hr>
            <ns3:cad>83</ns3:cad>
          </ns3:TrackPointExtension>
        </extensions>
      </trkpt>
      <trkpt lat="31.2653495930135250091552734375" lon="121.51200570166110992431640625">
        <ele>9</ele>
        <time>2026-09-02T07:36:18.000Z</time>
        <extensions>
          <ns3:TrackPointExtension>
            <ns3:hr>125</ns3:hr>
            <ns3:cad>83</ns3:cad>
          </ns3:TrackPointExtension>
        </extensions>
      </trkpt>
      <trkpt lat="31.26544388942420482635498046875" lon="121.51201165281236171722412109375">
        <ele>10</ele>
        <time>2026-09-02T07:36:22.000Z</time>
        <extensions>
          <ns3:TrackPointExtension>
            <ns3:hr>125</ns3:hr>
            <ns3:cad>82</ns3:cad>
          </ns3:TrackPointExtension>
        </extensions>
      </trkpt>
      <trkpt lat="31.2654501758515834808349609375" lon="121.512013413012027740478515625">
        <ele>10.19999980926513671875</ele>
        <time>2026-09-02T07:36:23.000Z</time>
        <extensions>
          <ns3:TrackPointExtension>
            <ns3:hr>125</ns3:hr>
            <ns3:cad>82</ns3:cad>
          </ns3:TrackPointExtension>
        </extensions>
      </trkpt>
      <trkpt lat="31.26551127992570400238037109375" lon="121.51208457536995410919189453125">
        <ele>12.19999980926513671875</ele>
        <time>2026-09-02T07:36:30.000Z</time>
        <extensions>
          <ns3:TrackPointExtension>
            <ns3:hr>123</ns3:hr>
            <ns3:cad>56</ns3:cad>
          </ns3:TrackPointExtension>
        </extensions>
      </trkpt>
      <trkpt lat="31.2655326537787914276123046875" lon="121.51209932751953601837158203125">
        <ele>12.6000003814697265625</ele>
        <time>2026-09-02T07:36:33.000Z</time>
        <extensions>
          <ns3:TrackPointExtension>
            <ns3:hr>122</ns3:hr>
            <ns3:cad>55</ns3:cad>
          </ns3:TrackPointExtension>
        </extensions>
      </trkpt>
      <trkpt lat="31.2655604816973209381103515625" lon="121.51209421455860137939453125">
        <ele>12.3999996185302734375</ele>
        <time>2026-09-02T07:36:36.000Z</time>
        <extensions>
          <ns3:TrackPointExtension>
            <ns3:hr>121</ns3:hr>
            <ns3:cad>55</ns3:cad>
          </ns3:TrackPointExtension>
        </extensions>
      </trkpt>
      <trkpt lat="31.26557850278913974761962890625" lon="121.51209010742604732513427734375">
        <ele>12.19999980926513671875</ele>
        <time>2026-09-02T07:36:38.000Z</time>
        <extensions>
          <ns3:TrackPointExtension>
            <ns3:hr>120</ns3:hr>
            <ns3:cad>56</ns3:cad>
          </ns3:TrackPointExtension>
        </extensions>
      </trkpt>
      <trkpt lat="31.26559593714773654937744140625" lon="121.51208491064608097076416015625">
        <ele>11.80000019073486328125</ele>
        <time>2026-09-02T07:36:40.000Z</time>
        <extensions>
          <ns3:TrackPointExtension>
            <ns3:hr>116</ns3:hr>
            <ns3:cad>56</ns3:cad>
          </ns3:TrackPointExtension>
        </extensions>
      </trkpt>
      <trkpt lat="31.2656245194375514984130859375" lon="121.512103267014026641845703125">
        <ele>11.80000019073486328125</ele>
        <time>2026-09-02T07:36:42.000Z</time>
        <extensions>
          <ns3:TrackPointExtension>
            <ns3:hr>112</ns3:hr>
            <ns3:cad>55</ns3:cad>
          </ns3:TrackPointExtension>
        </extensions>
      </trkpt>
      <trkpt lat="31.26563013531267642974853515625" lon="121.51210636831820011138916015625">
        <ele>11.80000019073486328125</ele>
        <time>2026-09-02T07:36:47.000Z</time>
        <extensions>
          <ns3:TrackPointExtension>
            <ns3:hr>109</ns3:hr>
            <ns3:cad>0</ns3:cad>
          </ns3:TrackPointExtension>
        </extensions>
      </trkpt>
      <trkpt lat="31.26565058715641498565673828125" lon="121.51210888288915157318115234375">
        <ele>11.80000019073486328125</ele>
        <time>2026-09-02T07:36:50.000Z</time>
        <extensions>
          <ns3:TrackPointExtension>
            <ns3:hr>106</ns3:hr>
            <ns3:cad>0</ns3:cad>
          </ns3:TrackPointExtension>
        </extensions>
      </trkpt>
      <trkpt lat="31.2656731344759464263916015625" lon="121.51209815405309200286865234375">
        <ele>11.6000003814697265625</ele>
        <time>2026-09-02T07:36:52.000Z</time>
        <extensions>
          <ns3:TrackPointExtension>
            <ns3:hr>103</ns3:hr>
            <ns3:cad>0</ns3:cad>
          </ns3:TrackPointExtension>
        </extensions>
      </trkpt>
      <trkpt lat="31.26568009145557880401611328125" lon="121.51209480129182338714599609375">
        <ele>11.6000003814697265625</ele>
        <time>2026-09-02T07:36:53.000Z</time>
        <extensions>
          <ns3:TrackPointExtension>
            <ns3:hr>102</ns3:hr>
            <ns3:cad>53</ns3:cad>
          </ns3:TrackPointExtension>
        </extensions>
      </trkpt>
      <trkpt lat="31.26574530266225337982177734375" lon="121.5120018459856510162353515625">
        <ele>11</ele>
        <time>2026-09-02T07:37:01.000Z</time>
        <extensions>
          <ns3:TrackPointExtension>
            <ns3:hr>101</ns3:hr>
            <ns3:cad>56</ns3:cad>
          </ns3:TrackPointExtension>
        </extensions>
      </trkpt>
      <trkpt lat="31.26580598764121532440185546875" lon="121.51191945187747478485107421875">
        <ele>10.80000019073486328125</ele>
        <time>2026-09-02T07:37:05.000Z</time>
        <extensions>
          <ns3:TrackPointExtension>
            <ns3:hr>100</ns3:hr>
            <ns3:cad>82</ns3:cad>
          </ns3:TrackPointExtension>
        </extensions>
      </trkpt>
      <trkpt lat="31.26592769287526607513427734375" lon="121.51179087348282337188720703125">
        <ele>10.6000003814697265625</ele>
        <time>2026-09-02T07:37:12.000Z</time>
        <extensions>
          <ns3:TrackPointExtension>
            <ns3:hr>101</ns3:hr>
            <ns3:cad>84</ns3:cad>
          </ns3:TrackPointExtension>
        </extensions>
      </trkpt>
      <trkpt lat="31.26594462431967258453369140625" lon="121.51177042163908481597900390625">
        <ele>10.6000003814697265625</ele>
        <time>2026-09-02T07:37:13.000Z</time>
        <extensions>
          <ns3:TrackPointExtension>
            <ns3:hr>98</ns3:hr>
            <ns3:cad>84</ns3:cad>
          </ns3:TrackPointExtension>
        </extensions>
      </trkpt>
      <trkpt lat="31.26598678529262542724609375" lon="121.511733792722225189208984375">
        <ele>10.3999996185302734375</ele>
        <time>2026-09-02T07:37:16.000Z</time>
        <extensions>
          <ns3:TrackPointExtension>
            <ns3:hr>95</ns3:hr>
            <ns3:cad>84</ns3:cad>
          </ns3:TrackPointExtension>
        </extensions>
      </trkpt>
      <trkpt lat="31.26604051329195499420166015625" lon="121.511651985347270965576171875">
        <ele>9.80000019073486328125</ele>
        <time>2026-09-02T07:37:20.000Z</time>
        <extensions>
          <ns3:TrackPointExtension>
            <ns3:hr>96</ns3:hr>
            <ns3:cad>85</ns3:cad>
          </ns3:TrackPointExtension>
        </extensions>
      </trkpt>
      <trkpt lat="31.26607856713235378265380859375" lon="121.511605046689510345458984375">
        <ele>9.6000003814697265625</ele>
        <time>2026-09-02T07:37:23.000Z</time>
        <extensions>
          <ns3:TrackPointExtension>
            <ns3:hr>100</ns3:hr>
            <ns3:cad>84</ns3:cad>
          </ns3:TrackPointExtension>
        </extensions>
      </trkpt>
      <trkpt lat="31.26612215302884578704833984375" lon="121.51153899729251861572265625">
        <ele>9.19999980926513671875</ele>
        <time>2026-09-02T07:37:26.000Z</time>
        <extensions>
          <ns3:TrackPointExtension>
            <ns3:hr>103</ns3:hr>
            <ns3:cad>85</ns3:cad>
          </ns3:TrackPointExtension>
        </extensions>
      </trkpt>
      <trkpt lat="31.26612215302884578704833984375" lon="121.51153899729251861572265625">
        <ele>9.19999980926513671875</ele>
        <time>2026-09-02T07:37:27.000Z</time>
        <extensions>
          <ns3:TrackPointExtension>
            <ns3:hr>103</ns3:hr>
            <ns3:cad>85</ns3:cad>
          </ns3:TrackPointExtension>
        </extensions>
      </trkpt>
      <trkpt lat="31.266157440841197967529296875" lon="121.5114908851683139801025390625">
        <ele>9</ele>
        <time>2026-09-02T07:37:30.000Z</time>
        <extensions>
          <ns3:TrackPointExtension>
            <ns3:hr>107</ns3:hr>
            <ns3:cad>84</ns3:cad>
          </ns3:TrackPointExtension>
        </extensions>
      </trkpt>
      <trkpt lat="31.2661710195243358612060546875" lon="121.51144922710955142974853515625">
        <ele>8.80000019073486328125</ele>
        <time>2026-09-02T07:37:32.000Z</time>
        <extensions>
          <ns3:TrackPointExtension>
            <ns3:hr>111</ns3:hr>
            <ns3:cad>84</ns3:cad>
          </ns3:TrackPointExtension>
        </extensions>
      </trkpt>
      <trkpt lat="31.2661819159984588623046875" lon="121.51141050271689891815185546875">
        <ele>8.3999996185302734375</ele>
        <time>2026-09-02T07:37:34.000Z</time>
        <extensions>
          <ns3:TrackPointExtension>
            <ns3:hr>114</ns3:hr>
            <ns3:cad>84</ns3:cad>
          </ns3:TrackPointExtension>
        </extensions>
      </trkpt>
      <trkpt lat="31.26619641669094562530517578125" lon="121.51138208806514739990234375">
        <ele>8.19999980926513671875</ele>
        <time>2026-09-02T07:37:36.000Z</time>
        <extensions>
          <ns3:TrackPointExtension>
            <ns3:hr>116</ns3:hr>
            <ns3:cad>84</ns3:cad>
          </ns3:TrackPointExtension>
        </extensions>
      </trkpt>
      <trkpt lat="31.26631057821214199066162109375" lon="121.51120900176465511322021484375">
        <ele>6.599999904632568359375</ele>
        <time>2026-09-02T07:37:43.000Z</time>
        <extensions>
          <ns3:TrackPointExtension>
            <ns3:hr>115</ns3:hr>
            <ns3:cad>85</ns3:cad>
          </ns3:TrackPointExtension>
        </extensions>
      </trkpt>
      <trkpt lat="31.26641401089727878570556640625" lon="121.51101185940206050872802734375">
        <ele>6.19999980926513671875</ele>
        <time>2026-09-02T07:37:50.000Z</time>
        <extensions>
          <ns3:TrackPointExtension>
            <ns3:hr>115</ns3:hr>
            <ns3:cad>84</ns3:cad>
          </ns3:TrackPointExtension>
        </extensions>
      </trkpt>
      <trkpt lat="31.2664392404258251190185546875" lon="121.51099341921508312225341796875">
        <ele>6.19999980926513671875</ele>
        <time>2026-09-02T07:37:51.000Z</time>
        <extensions>
          <ns3:TrackPointExtension>
            <ns3:hr>115</ns3:hr>
            <ns3:cad>84</ns3:cad>
          </ns3:TrackPointExtension>
        </extensions>
      </trkpt>
      <trkpt lat="31.26657410524785518646240234375" lon="121.5108287148177623748779296875">
        <ele>8</ele>
        <time>2026-09-02T07:37:57.000Z</time>
        <extensions>
          <ns3:TrackPointExtension>
            <ns3:hr>116</ns3:hr>
            <ns3:cad>84</ns3:cad>
          </ns3:TrackPointExtension>
        </extensions>
      </trkpt>
      <trkpt lat="31.26658357679843902587890625" lon="121.510803066194057464599609375">
        <ele>8</ele>
        <time>2026-09-02T07:37:58.000Z</time>
        <extensions>
          <ns3:TrackPointExtension>
            <ns3:hr>116</ns3:hr>
            <ns3:cad>84</ns3:cad>
          </ns3:TrackPointExtension>
        </extensions>
      </trkpt>
      <trkpt lat="31.2666856683790683746337890625" lon="121.51066719554364681243896484375">
        <ele>9</ele>
        <time>2026-09-02T07:38:05.000Z</time>
        <extensions>
          <ns3:TrackPointExtension>
            <ns3:hr>116</ns3:hr>
            <ns3:cad>85</ns3:cad>
          </ns3:TrackPointExtension>
        </extensions>
      </trkpt>
      <trkpt lat="31.2667765282094478607177734375" lon="121.51056393049657344818115234375">
        <ele>10.19999980926513671875</ele>
        <time>2026-09-02T07:38:11.000Z</time>
        <extensions>
          <ns3:TrackPointExtension>
            <ns3:hr>118</ns3:hr>
            <ns3:cad>84</ns3:cad>
          </ns3:TrackPointExtension>
        </extensions>
      </trkpt>
      <trkpt lat="31.2668978981673717498779296875" lon="121.51039059273898601531982421875">
        <ele>11.6000003814697265625</ele>
        <time>2026-09-02T07:38:18.000Z</time>
        <extensions>
          <ns3:TrackPointExtension>
            <ns3:hr>120</ns3:hr>
            <ns3:cad>84</ns3:cad>
          </ns3:TrackPointExtension>
        </extensions>
      </trkpt>
      <trkpt lat="31.266914494335651397705078125" lon="121.51036913506686687469482421875">
        <ele>11.80000019073486328125</ele>
        <time>2026-09-02T07:38:19.000Z</time>
        <extensions>
          <ns3:TrackPointExtension>
            <ns3:hr>120</ns3:hr>
            <ns3:cad>84</ns3:cad>
          </ns3:TrackPointExtension>
        </extensions>
      </trkpt>
      <trkpt lat="31.26702270470559597015380859375" lon="121.51023653335869312286376953125">
        <ele>12.3999996185302734375</ele>
        <time>2026-09-02T07:38:25.000Z</time>
        <extensions>
          <ns3:TrackPointExtension>
            <ns3:hr>121</ns3:hr>
            <ns3:cad>85</ns3:cad>
          </ns3:TrackPointExtension>
        </extensions>
      </trkpt>
      <trkpt lat="31.26715698279440402984619140625" lon="121.51014265604317188262939453125">
        <ele>12.80000019073486328125</ele>
        <time>2026-09-02T07:38:32.000Z</time>
        <extensions>
          <ns3:TrackPointExtension>
            <ns3:hr>122</ns3:hr>
            <ns3:cad>42</ns3:cad>
          </ns3:TrackPointExtension>
        </extensions>
      </trkpt>
      <trkpt lat="31.2671832181513309478759765625" lon="121.51012170128524303436279296875">
        <ele>13</ele>
        <time>2026-09-02T07:38:35.000Z</time>
        <extensions>
          <ns3:TrackPointExtension>
            <ns3:hr>122</ns3:hr>
            <ns3:cad>42</ns3:cad>
          </ns3:TrackPointExtension>
        </extensions>
      </trkpt>
      <trkpt lat="31.267194114625453948974609375" lon="121.51011331938207149505615234375">
        <ele>13</ele>
        <time>2026-09-02T07:38:37.000Z</time>
        <extensions>
          <ns3:TrackPointExtension>
            <ns3:hr>123</ns3:hr>
            <ns3:cad>0</ns3:cad>
          </ns3:TrackPointExtension>
        </extensions>
      </trkpt>
      <trkpt lat="31.26728774048388004302978515625" lon="121.5100590884685516357421875">
        <ele>13.80000019073486328125</ele>
        <time>2026-09-02T07:38:45.000Z</time>
        <extensions>
          <ns3:TrackPointExtension>
            <ns3:hr>125</ns3:hr>
            <ns3:cad>55</ns3:cad>
          </ns3:TrackPointExtension>
        </extensions>
      </trkpt>
      <trkpt lat="31.26735362224280834197998046875" lon="121.51004726998507976531982421875">
        <ele>14.6000003814697265625</ele>
        <time>2026-09-02T07:38:50.000Z</time>
        <extensions>
          <ns3:TrackPointExtension>
            <ns3:hr>124</ns3:hr>
            <ns3:cad>0</ns3:cad>
          </ns3:TrackPointExtension>
        </extensions>
      </trkpt>
      <trkpt lat="31.26737759448587894439697265625" lon="121.51005079038441181182861328125">
        <ele>15</ele>
        <time>2026-09-02T07:38:52.000Z</time>
        <extensions>
          <ns3:TrackPointExtension>
            <ns3:hr>122</ns3:hr>
            <ns3:cad>55</ns3:cad>
          </ns3:TrackPointExtension>
        </extensions>
      </trkpt>
      <trkpt lat="31.26738421618938446044921875" lon="121.51005079038441181182861328125">
        <ele>15</ele>
        <time>2026-09-02T07:38:54.000Z</time>
        <extensions>
          <ns3:TrackPointExtension>
            <ns3:hr>118</ns3:hr>
            <ns3:cad>0</ns3:cad>
          </ns3:TrackPointExtension>
        </extensions>
      </trkpt>
      <trkpt lat="31.26738631166517734527587890625" lon="121.51004970073699951171875">
        <ele>15</ele>
        <time>2026-09-02T07:38:57.000Z</time>
        <extensions>
          <ns3:TrackPointExtension>
            <ns3:hr>115</ns3:hr>
            <ns3:cad>0</ns3:cad>
          </ns3:TrackPointExtension>
        </extensions>
      </trkpt>
      <trkpt lat="31.26738731749355792999267578125" lon="121.51004995219409465789794921875">
        <ele>15</ele>
        <time>2026-09-02T07:38:58.000Z</time>
        <extensions>
          <ns3:TrackPointExtension>
            <ns3:hr>113</ns3:hr>
            <ns3:cad>0</ns3:cad>
          </ns3:TrackPointExtension>
        </extensions>
      </trkpt>
      <trkpt lat="31.2673889100551605224609375" lon="121.51005397550761699676513671875">
        <ele>15</ele>
        <time>2026-09-02T07:39:05.000Z</time>
        <extensions>
          <ns3:TrackPointExtension>
            <ns3:hr>110</ns3:hr>
            <ns3:cad>0</ns3:cad>
          </ns3:TrackPointExtension>
        </extensions>
      </trkpt>
      <trkpt lat="31.26738882623612880706787109375" lon="121.51005565188825130462646484375">
        <ele>15</ele>
        <time>2026-09-02T07:39:10.000Z</time>
        <extensions>
          <ns3:TrackPointExtension>
            <ns3:hr>109</ns3:hr>
            <ns3:cad>0</ns3:cad>
          </ns3:TrackPointExtension>
        </extensions>
      </trkpt>
      <trkpt lat="31.26738882623612880706787109375" lon="121.5100562386214733123779296875">
        <ele>15</ele>
        <time>2026-09-02T07:39:22.000Z</time>
        <extensions>
          <ns3:TrackPointExtension>
            <ns3:hr>106</ns3:hr>
            <ns3:cad>0</ns3:cad>
          </ns3:TrackPointExtension>
        </extensions>
      </trkpt>
      <trkpt lat="31.26738882623612880706787109375" lon="121.510056741535663604736328125">
        <ele>15</ele>
        <time>2026-09-02T07:39:24.000Z</time>
        <extensions>
          <ns3:TrackPointExtension>
            <ns3:hr>101</ns3:hr>
            <ns3:cad>0</ns3:cad>
          </ns3:TrackPointExtension>
        </extensions>
      </trkpt>
      <trkpt lat="31.2673889100551605224609375" lon="121.51005682535469532012939453125">
        <ele>15</ele>
        <time>2026-09-02T07:39:26.000Z</time>
        <extensions>
          <ns3:TrackPointExtension>
            <ns3:hr>97</ns3:hr>
            <ns3:cad>0</ns3:cad>
          </ns3:TrackPointExtension>
        </extensions>
      </trkpt>
      <trkpt lat="31.2673890776932239532470703125" lon="121.51005682535469532012939453125">
        <ele>15</ele>
        <time>2026-09-02T07:39:28.000Z</time>
        <extensions>
          <ns3:TrackPointExtension>
            <ns3:hr>94</ns3:hr>
            <ns3:cad>0</ns3:cad>
          </ns3:TrackPointExtension>
        </extensions>
      </trkpt>
      <trkpt lat="31.267391256988048553466796875" lon="121.5100575797259807586669921875">
        <ele>15</ele>
        <time>2026-09-02T07:39:38.000Z</time>
        <extensions>
          <ns3:TrackPointExtension>
            <ns3:hr>91</ns3:hr>
            <ns3:cad>0</ns3:cad>
          </ns3:TrackPointExtension>
        </extensions>
      </trkpt>
      <trkpt lat="31.26739167608320713043212890625" lon="121.51005766354501247406005859375">
        <ele>15</ele>
        <time>2026-09-02T07:39:43.000Z</time>
        <extensions>
          <ns3:TrackPointExtension>
            <ns3:hr>88</ns3:hr>
            <ns3:cad>0</ns3:cad>
          </ns3:TrackPointExtension>
        </extensions>
      </trkpt>
      <trkpt lat="31.2673917599022388458251953125" lon="121.5100572444498538970947265625">
        <ele>15</ele>
        <time>2026-09-02T07:39:48.000Z</time>
        <extensions>
          <ns3:TrackPointExtension>
            <ns3:hr>85</ns3:hr>
            <ns3:cad>0</ns3:cad>
          </ns3:TrackPointExtension>
        </extensions>
      </trkpt>
      <trkpt lat="31.26738849096000194549560546875" lon="121.5100545622408390045166015625">
        <ele>15</ele>
        <time>2026-09-02T07:40:00.000Z</time>
        <extensions>
          <ns3:TrackPointExtension>
            <ns3:hr>88</ns3:hr>
            <ns3:cad>0</ns3:cad>
          </ns3:TrackPointExtension>
        </extensions>
      </trkpt>
      <trkpt lat="31.26738513819873332977294921875" lon="121.5100471861660480499267578125">
        <ele>15</ele>
        <time>2026-09-02T07:40:23.000Z</time>
        <extensions>
          <ns3:TrackPointExtension>
            <ns3:hr>89</ns3:hr>
            <ns3:cad>0</ns3:cad>
          </ns3:TrackPointExtension>
        </extensions>
      </trkpt>
      <trkpt lat="31.26749544404447078704833984375" lon="121.510022543370723724365234375">
        <ele>16</ele>
        <time>2026-09-02T07:40:31.000Z</time>
        <extensions>
          <ns3:TrackPointExtension>
            <ns3:hr>89</ns3:hr>
            <ns3:cad>55</ns3:cad>
          </ns3:TrackPointExtension>
        </extensions>
      </trkpt>
      <trkpt lat="31.26753148622810840606689453125" lon="121.509994380176067352294921875">
        <ele>15.6000003814697265625</ele>
        <time>2026-09-02T07:40:35.000Z</time>
        <extensions>
          <ns3:TrackPointExtension>
            <ns3:hr>86</ns3:hr>
            <ns3:cad>54</ns3:cad>
          </ns3:TrackPointExtension>
        </extensions>
      </trkpt>
      <trkpt lat="31.26753978431224822998046875" lon="121.5099643729627132415771484375">
        <ele>15.6000003814697265625</ele>
        <time>2026-09-02T07:40:38.000Z</time>
        <extensions>
          <ns3:TrackPointExtension>
            <ns3:hr>90</ns3:hr>
            <ns3:cad>54</ns3:cad>
          </ns3:TrackPointExtension>
        </extensions>
      </trkpt>
      <trkpt lat="31.26755185425281524658203125" lon="121.50994308292865753173828125">
        <ele>15.6000003814697265625</ele>
        <time>2026-09-02T07:40:40.000Z</time>
        <extensions>
          <ns3:TrackPointExtension>
            <ns3:hr>88</ns3:hr>
            <ns3:cad>54</ns3:cad>
          </ns3:TrackPointExtension>
        </extensions>
      </trkpt>
      <trkpt lat="31.267572306096553802490234375" lon="121.5099221281707286834716796875">
        <ele>15.3999996185302734375</ele>
        <time>2026-09-02T07:40:42.000Z</time>
        <extensions>
          <ns3:TrackPointExtension>
            <ns3:hr>85</ns3:hr>
            <ns3:cad>0</ns3:cad>
          </ns3:TrackPointExtension>
        </extensions>
      </trkpt>
      <trkpt lat="31.26762159168720245361328125" lon="121.50984291918575763702392578125">
        <ele>15</ele>
        <time>2026-09-02T07:40:48.000Z</time>
        <extensions>
          <ns3:TrackPointExtension>
            <ns3:hr>82</ns3:hr>
            <ns3:cad>57</ns3:cad>
          </ns3:TrackPointExtension>
        </extensions>
      </trkpt>
      <trkpt lat="31.26763542182743549346923828125" lon="121.50982263498008251190185546875">
        <ele>14.80000019073486328125</ele>
        <time>2026-09-02T07:40:50.000Z</time>
        <extensions>
          <ns3:TrackPointExtension>
            <ns3:hr>80</ns3:hr>
            <ns3:cad>58</ns3:cad>
          </ns3:TrackPointExtension>
        </extensions>
      </trkpt>
      <trkpt lat="31.2676509283483028411865234375" lon="121.50980670936405658721923828125">
        <ele>14.6000003814697265625</ele>
        <time>2026-09-02T07:40:52.000Z</time>
        <extensions>
          <ns3:TrackPointExtension>
            <ns3:hr>79</ns3:hr>
            <ns3:cad>57</ns3:cad>
          </ns3:TrackPointExtension>
        </extensions>
      </trkpt>
      <trkpt lat="31.26772728748619556427001953125" lon="121.50974300689995288848876953125">
        <ele>13.19999980926513671875</ele>
        <time>2026-09-02T07:40:57.000Z</time>
        <extensions>
          <ns3:TrackPointExtension>
            <ns3:hr>75</ns3:hr>
            <ns3:cad>82</ns3:cad>
          </ns3:TrackPointExtension>
        </extensions>
      </trkpt>
      <trkpt lat="31.26779182814061641693115234375" lon="121.509655751287937164306640625">
        <ele>11.80000019073486328125</ele>
        <time>2026-09-02T07:41:02.000Z</time>
        <extensions>
          <ns3:TrackPointExtension>
            <ns3:hr>77</ns3:hr>
            <ns3:cad>83</ns3:cad>
          </ns3:TrackPointExtension>
        </extensions>
      </trkpt>
      <trkpt lat="31.26783457584679126739501953125" lon="121.50960286147892475128173828125">
        <ele>10.6000003814697265625</ele>
        <time>2026-09-02T07:41:05.000Z</time>
        <extensions>
          <ns3:TrackPointExtension>
            <ns3:hr>80</ns3:hr>
            <ns3:cad>85</ns3:cad>
          </ns3:TrackPointExtension>
        </extensions>
      </trkpt>
      <trkpt lat="31.267851255834102630615234375" lon="121.5095918811857700347900390625">
        <ele>10.19999980926513671875</ele>
        <time>2026-09-02T07:41:06.000Z</time>
        <extensions>
          <ns3:TrackPointExtension>
            <ns3:hr>82</ns3:hr>
            <ns3:cad>85</ns3:cad>
          </ns3:TrackPointExtension>
        </extensions>
      </trkpt>
      <trkpt lat="31.26787665300071239471435546875" lon="121.50955424644052982330322265625">
        <ele>10.19999980926513671875</ele>
        <time>2026-09-02T07:41:08.000Z</time>
        <extensions>
          <ns3:TrackPointExtension>
            <ns3:hr>86</ns3:hr>
            <ns3:cad>84</ns3:cad>
          </ns3:TrackPointExtension>
        </extensions>
      </trkpt>
      <trkpt lat="31.26791127026081085205078125" lon="121.50950361974537372589111328125">
        <ele>10.19999980926513671875</ele>
        <time>2026-09-02T07:41:10.000Z</time>
        <extensions>
          <ns3:TrackPointExtension>
            <ns3:hr>91</ns3:hr>
            <ns3:cad>84</ns3:cad>
          </ns3:TrackPointExtension>
        </extensions>
      </trkpt>
      <trkpt lat="31.267948485910892486572265625" lon="121.50944947265088558197021484375">
        <ele>9.80000019073486328125</ele>
        <time>2026-09-02T07:41:12.000Z</time>
        <extensions>
          <ns3:TrackPointExtension>
            <ns3:hr>95</ns3:hr>
            <ns3:cad>85</ns3:cad>
          </ns3:TrackPointExtension>
        </extensions>
      </trkpt>
      <trkpt lat="31.2679667584598064422607421875" lon="121.5094229020178318023681640625">
        <ele>9.3999996185302734375</ele>
        <time>2026-09-02T07:41:13.000Z</time>
        <extensions>
          <ns3:TrackPointExtension>
            <ns3:hr>96</ns3:hr>
            <ns3:cad>85</ns3:cad>
          </ns3:TrackPointExtension>
        </extensions>
      </trkpt>
      <trkpt lat="31.26804697327315807342529296875" lon="121.509323827922344207763671875">
        <ele>7</ele>
        <time>2026-09-02T07:41:18.000Z</time>
        <extensions>
          <ns3:TrackPointExtension>
            <ns3:hr>99</ns3:hr>
            <ns3:cad>84</ns3:cad>
          </ns3:TrackPointExtension>
        </extensions>
      </trkpt>
      <trkpt lat="31.26806859858334064483642578125" lon="121.50927722454071044921875">
        <ele>6.19999980926513671875</ele>
        <time>2026-09-02T07:41:20.000Z</time>
        <extensions>
          <ns3:TrackPointExtension>
            <ns3:hr>102</ns3:hr>
            <ns3:cad>84</ns3:cad>
          </ns3:TrackPointExtension>
        </extensions>
      </trkpt>
      <trkpt lat="31.26816314645111560821533203125" lon="121.5091798268258571624755859375">
        <ele>6.19999980926513671875</ele>
        <time>2026-09-02T07:41:24.000Z</time>
        <extensions>
          <ns3:TrackPointExtension>
            <ns3:hr>105</ns3:hr>
            <ns3:cad>84</ns3:cad>
          </ns3:TrackPointExtension>
        </extensions>
      </trkpt>
      <trkpt lat="31.2681853584945201873779296875" lon="121.5091650746762752532958984375">
        <ele>6.19999980926513671875</ele>
        <time>2026-09-02T07:41:25.000Z</time>
        <extensions>
          <ns3:TrackPointExtension>
            <ns3:hr>106</ns3:hr>
            <ns3:cad>84</ns3:cad>
          </ns3:TrackPointExtension>
        </extensions>
      </trkpt>
      <trkpt lat="31.268312931060791015625" lon="121.50906273163855075836181640625">
        <ele>6.599999904632568359375</ele>
        <time>2026-09-02T07:41:32.000Z</time>
        <extensions>
          <ns3:TrackPointExtension>
            <ns3:hr>109</ns3:hr>
            <ns3:cad>84</ns3:cad>
          </ns3:TrackPointExtension>
        </extensions>
      </trkpt>
      <trkpt lat="31.26833396963775157928466796875" lon="121.50904454290866851806640625">
        <ele>6.400000095367431640625</ele>
        <time>2026-09-02T07:41:33.000Z</time>
        <extensions>
          <ns3:TrackPointExtension>
            <ns3:hr>110</ns3:hr>
            <ns3:cad>84</ns3:cad>
          </ns3:TrackPointExtension>
        </extensions>
      </trkpt>
      <trkpt lat="31.2684173695743083953857421875" lon="121.50893985293805599212646484375">
        <ele>6.19999980926513671875</ele>
        <time>2026-09-02T07:41:39.000Z</time>
        <extensions>
          <ns3:TrackPointExtension>
            <ns3:hr>113</ns3:hr>
            <ns3:cad>83</ns3:cad>
          </ns3:TrackPointExtension>
        </extensions>
      </trkpt>
      <trkpt lat="31.26853614114224910736083984375" lon="121.508785374462604522705078125">
        <ele>5.80000019073486328125</ele>
        <time>2026-09-02T07:41:47.000Z</time>
        <extensions>
          <ns3:TrackPointExtension>
            <ns3:hr>114</ns3:hr>
            <ns3:cad>84</ns3:cad>
          </ns3:TrackPointExtension>
        </extensions>
      </trkpt>
      <trkpt lat="31.2686415016651153564453125" lon="121.50863282382488250732421875">
        <ele>5.80000019073486328125</ele>
        <time>2026-09-02T07:41:54.000Z</time>
        <extensions>
          <ns3:TrackPointExtension>
            <ns3:hr>116</ns3:hr>
            <ns3:cad>84</ns3:cad>
          </ns3:TrackPointExtension>
        </extensions>
      </trkpt>
      <trkpt lat="31.2687298469245433807373046875" lon="121.508537940680980682373046875">
        <ele>5</ele>
        <time>2026-09-02T07:41:59.000Z</time>
        <extensions>
          <ns3:TrackPointExtension>
            <ns3:hr>119</ns3:hr>
            <ns3:cad>84</ns3:cad>
          </ns3:TrackPointExtension>
        </extensions>
      </trkpt>
      <trkpt lat="31.26875708810985088348388671875" lon="121.5084787644445896148681640625">
        <ele>5</ele>
        <time>2026-09-02T07:42:01.000Z</time>
        <extensions>
          <ns3:TrackPointExtension>
            <ns3:hr>119</ns3:hr>
            <ns3:cad>84</ns3:cad>
          </ns3:TrackPointExtension>
        </extensions>
      </trkpt>
      <trkpt lat="31.26890075393021106719970703125" lon="121.5083848871290683746337890625">
        <ele>5.19999980926513671875</ele>
        <time>2026-09-02T07:42:09.000Z</time>
        <extensions>
          <ns3:TrackPointExtension>
            <ns3:hr>121</ns3:hr>
            <ns3:cad>85</ns3:cad>
          </ns3:TrackPointExtension>
        </extensions>
      </trkpt>
      <trkpt lat="31.2689410708844661712646484375" lon="121.5083934366703033447265625">
        <ele>5.19999980926513671875</ele>
        <time>2026-09-02T07:42:13.000Z</time>
        <extensions>
          <ns3:TrackPointExtension>
            <ns3:hr>121</ns3:hr>
            <ns3:cad>18</ns3:cad>
          </ns3:TrackPointExtension>
        </extensions>
      </trkpt>
      <trkpt lat="31.26900854520499706268310546875" lon="121.50827734731137752532958984375">
        <ele>5.80000019073486328125</ele>
        <time>2026-09-02T07:42:19.000Z</time>
        <extensions>
          <ns3:TrackPointExtension>
            <ns3:hr>118</ns3:hr>
            <ns3:cad>84</ns3:cad>
          </ns3:TrackPointExtension>
        </extensions>
      </trkpt>
      <trkpt lat="31.2690902687609195709228515625" lon="121.50814910419285297393798828125">
        <ele>6</ele>
        <time>2026-09-02T07:42:25.000Z</time>
        <extensions>
          <ns3:TrackPointExtension>
            <ns3:hr>119</ns3:hr>
            <ns3:cad>84</ns3:cad>
          </ns3:TrackPointExtension>
        </extensions>
      </trkpt>
      <trkpt lat="31.2692491896450519561767578125" lon="121.5080204419791698455810546875">
        <ele>7</ele>
        <time>2026-09-02T07:42:33.000Z</time>
        <extensions>
          <ns3:TrackPointExtension>
            <ns3:hr>118</ns3:hr>
            <ns3:cad>83</ns3:cad>
          </ns3:TrackPointExtension>
        </extensions>
      </trkpt>
      <trkpt lat="31.26935790292918682098388671875" lon="121.50782438926398754119873046875">
        <ele>7</ele>
        <time>2026-09-02T07:42:41.000Z</time>
        <extensions>
          <ns3:TrackPointExtension>
            <ns3:hr>119</ns3:hr>
            <ns3:cad>84</ns3:cad>
          </ns3:TrackPointExtension>
        </extensions>
      </trkpt>
      <trkpt lat="31.26947457902133464813232421875" lon="121.50768089108169078826904296875">
        <ele>6.400000095367431640625</ele>
        <time>2026-09-02T07:42:48.000Z</time>
        <extensions>
          <ns3:TrackPointExtension>
            <ns3:hr>121</ns3:hr>
            <ns3:cad>84</ns3:cad>
          </ns3:TrackPointExtension>
        </extensions>
      </trkpt>
      <trkpt lat="31.269597709178924560546875" lon="121.50757066905498504638671875">
        <ele>6</ele>
        <time>2026-09-02T07:42:56.000Z</time>
        <extensions>
          <ns3:TrackPointExtension>
            <ns3:hr>121</ns3:hr>
            <ns3:cad>83</ns3:cad>
          </ns3:TrackPointExtension>
        </extensions>
      </trkpt>
      <trkpt lat="31.269770376384258270263671875" lon="121.507444269955158233642578125">
        <ele>6</ele>
        <time>2026-09-02T07:43:04.000Z</time>
        <extensions>
          <ns3:TrackPointExtension>
            <ns3:hr>119</ns3:hr>
            <ns3:cad>84</ns3:cad>
          </ns3:TrackPointExtension>
        </extensions>
      </trkpt>
      <trkpt lat="31.26989736221730709075927734375" lon="121.50728241540491580963134765625">
        <ele>6.599999904632568359375</ele>
        <time>2026-09-02T07:43:13.000Z</time>
        <extensions>
          <ns3:TrackPointExtension>
            <ns3:hr>120</ns3:hr>
            <ns3:cad>85</ns3:cad>
          </ns3:TrackPointExtension>
        </extensions>
      </trkpt>
      <trkpt lat="31.2699150480329990386962890625" lon="121.5072620473802089691162109375">
        <ele>6.80000019073486328125</ele>
        <time>2026-09-02T07:43:14.000Z</time>
        <extensions>
          <ns3:TrackPointExtension>
            <ns3:hr>120</ns3:hr>
            <ns3:cad>85</ns3:cad>
          </ns3:TrackPointExtension>
        </extensions>
      </trkpt>
      <trkpt lat="31.27004303969442844390869140625" lon="121.5070970915257930755615234375">
        <ele>7.400000095367431640625</ele>
        <time>2026-09-02T07:43:22.000Z</time>
        <extensions>
          <ns3:TrackPointExtension>
            <ns3:hr>119</ns3:hr>
            <ns3:cad>85</ns3:cad>
          </ns3:TrackPointExtension>
        </extensions>
      </trkpt>
      <trkpt lat="31.2701551057398319244384765625" lon="121.50698703713715076446533203125">
        <ele>6.599999904632568359375</ele>
        <time>2026-09-02T07:43:28.000Z</time>
        <extensions>
          <ns3:TrackPointExtension>
            <ns3:hr>121</ns3:hr>
            <ns3:cad>85</ns3:cad>
          </ns3:TrackPointExtension>
        </extensions>
      </trkpt>
      <trkpt lat="31.270323581993579864501953125" lon="121.5068553574383258819580078125">
        <ele>7.599999904632568359375</ele>
        <time>2026-09-02T07:43:36.000Z</time>
        <extensions>
          <ns3:TrackPointExtension>
            <ns3:hr>122</ns3:hr>
            <ns3:cad>84</ns3:cad>
          </ns3:TrackPointExtension>
        </extensions>
      </trkpt>
      <trkpt lat="31.2703438661992549896240234375" lon="121.5068419463932514190673828125">
        <ele>7.80000019073486328125</ele>
        <time>2026-09-02T07:43:37.000Z</time>
        <extensions>
          <ns3:TrackPointExtension>
            <ns3:hr>122</ns3:hr>
            <ns3:cad>85</ns3:cad>
          </ns3:TrackPointExtension>
        </extensions>
      </trkpt>
      <trkpt lat="31.2704719416797161102294921875" lon="121.50682325474917888641357421875">
        <ele>8.6000003814697265625</ele>
        <time>2026-09-02T07:43:44.000Z</time>
        <extensions>
          <ns3:TrackPointExtension>
            <ns3:hr>122</ns3:hr>
            <ns3:cad>85</ns3:cad>
          </ns3:TrackPointExtension>
        </extensions>
      </trkpt>
      <trkpt lat="31.2705457024276256561279296875" lon="121.506860889494419097900390625">
        <ele>8.3999996185302734375</ele>
        <time>2026-09-02T07:43:53.000Z</time>
        <extensions>
          <ns3:TrackPointExtension>
            <ns3:hr>121</ns3:hr>
            <ns3:cad>0</ns3:cad>
          </ns3:TrackPointExtension>
        </extensions>
      </trkpt>
      <trkpt lat="31.2705487199127674102783203125" lon="121.5068409405648708343505859375">
        <ele>8.80000019073486328125</ele>
        <time>2026-09-02T07:44:01.000Z</time>
        <extensions>
          <ns3:TrackPointExtension>
            <ns3:hr>123</ns3:hr>
            <ns3:cad>0</ns3:cad>
          </ns3:TrackPointExtension>
        </extensions>
      </trkpt>
      <trkpt lat="31.270615942776203155517578125" lon="121.50683331303298473358154296875">
        <ele>9.19999980926513671875</ele>
        <time>2026-09-02T07:44:07.000Z</time>
        <extensions>
          <ns3:TrackPointExtension>
            <ns3:hr>120</ns3:hr>
            <ns3:cad>82</ns3:cad>
          </ns3:TrackPointExtension>
        </extensions>
      </trkpt>
      <trkpt lat="31.2706643901765346527099609375" lon="121.50674052536487579345703125">
        <ele>9.80000019073486328125</ele>
        <time>2026-09-02T07:44:12.000Z</time>
        <extensions>
          <ns3:TrackPointExtension>
            <ns3:hr>117</ns3:hr>
            <ns3:cad>82</ns3:cad>
          </ns3:TrackPointExtension>
        </extensions>
      </trkpt>
      <trkpt lat="31.27068023197352886199951171875" lon="121.5067215822637081146240234375">
        <ele>10</ele>
        <time>2026-09-02T07:44:13.000Z</time>
        <extensions>
          <ns3:TrackPointExtension>
            <ns3:hr>116</ns3:hr>
            <ns3:cad>82</ns3:cad>
          </ns3:TrackPointExtension>
        </extensions>
      </trkpt>
      <trkpt lat="31.2707488797605037689208984375" lon="121.5066639147698879241943359375">
        <ele>10.19999980926513671875</ele>
        <time>2026-09-02T07:44:17.000Z</time>
        <extensions>
          <ns3:TrackPointExtension>
            <ns3:hr>113</ns3:hr>
            <ns3:cad>83</ns3:cad>
          </ns3:TrackPointExtension>
        </extensions>
      </trkpt>
      <trkpt lat="31.2707684934139251708984375" lon="121.5066505037248134613037109375">
        <ele>10.19999980926513671875</ele>
        <time>2026-09-02T07:44:18.000Z</time>
        <extensions>
          <ns3:TrackPointExtension>
            <ns3:hr>112</ns3:hr>
            <ns3:cad>83</ns3:cad>
          </ns3:TrackPointExtension>
        </extensions>
      </trkpt>
      <trkpt lat="31.27079456113278865814208984375" lon="121.50663591921329498291015625">
        <ele>10.19999980926513671875</ele>
        <time>2026-09-02T07:44:19.000Z</time>
        <extensions>
          <ns3:TrackPointExtension>
            <ns3:hr>106</ns3:hr>
            <ns3:cad>83</ns3:cad>
          </ns3:TrackPointExtension>
        </extensions>
      </trkpt>
      <trkpt lat="31.27084099687635898590087890625" lon="121.50660549290478229522705078125">
        <ele>10</ele>
        <time>2026-09-02T07:44:21.000Z</time>
        <extensions>
          <ns3:TrackPointExtension>
            <ns3:hr>103</ns3:hr>
            <ns3:cad>83</ns3:cad>
          </ns3:TrackPointExtension>
        </extensions>
      </trkpt>
      <trkpt lat="31.27097996883094310760498046875" lon="121.50654782541096210479736328125">
        <ele>8.6000003814697265625</ele>
        <time>2026-09-02T07:44:27.000Z</time>
        <extensions>
          <ns3:TrackPointExtension>
            <ns3:hr>106</ns3:hr>
            <ns3:cad>84</ns3:cad>
          </ns3:TrackPointExtension>
        </extensions>
      </trkpt>
      <trkpt lat="31.27108323387801647186279296875" lon="121.50652251206338405609130859375">
        <ele>7.599999904632568359375</ele>
        <time>2026-09-02T07:44:31.000Z</time>
        <extensions>
          <ns3:TrackPointExtension>
            <ns3:hr>109</ns3:hr>
            <ns3:cad>83</ns3:cad>
          </ns3:TrackPointExtension>
        </extensions>
      </trkpt>
      <trkpt lat="31.2712038494646549224853515625" lon="121.50649032555520534515380859375">
        <ele>7</ele>
        <time>2026-09-02T07:44:36.000Z</time>
        <extensions>
          <ns3:TrackPointExtension>
            <ns3:hr>111</ns3:hr>
            <ns3:cad>84</ns3:cad>
          </ns3:TrackPointExtension>
        </extensions>
      </trkpt>
      <trkpt lat="31.27135229296982288360595703125" lon="121.50645126588642597198486328125">
        <ele>6</ele>
        <time>2026-09-02T07:44:43.000Z</time>
        <extensions>
          <ns3:TrackPointExtension>
            <ns3:hr>113</ns3:hr>
            <ns3:cad>84</ns3:cad>
          </ns3:TrackPointExtension>
        </extensions>
      </trkpt>
      <trkpt lat="31.271462850272655487060546875" lon="121.5064158104360103607177734375">
        <ele>6</ele>
        <time>2026-09-02T07:44:48.000Z</time>
        <extensions>
          <ns3:TrackPointExtension>
            <ns3:hr>116</ns3:hr>
            <ns3:cad>84</ns3:cad>
          </ns3:TrackPointExtension>
        </extensions>
      </trkpt>
      <trkpt lat="31.271507106721401214599609375" lon="121.50638923980295658111572265625">
        <ele>6</ele>
        <time>2026-09-02T07:44:50.000Z</time>
        <extensions>
          <ns3:TrackPointExtension>
            <ns3:hr>116</ns3:hr>
            <ns3:cad>84</ns3:cad>
          </ns3:TrackPointExtension>
        </extensions>
      </trkpt>
      <trkpt lat="31.27159687690436840057373046875" lon="121.5063514374196529388427734375">
        <ele>6.19999980926513671875</ele>
        <time>2026-09-02T07:44:54.000Z</time>
        <extensions>
          <ns3:TrackPointExtension>
            <ns3:hr>119</ns3:hr>
            <ns3:cad>85</ns3:cad>
          </ns3:TrackPointExtension>
        </extensions>
      </trkpt>
      <trkpt lat="31.2716749124228954315185546875" lon="121.50632754899561405181884765625">
        <ele>6.599999904632568359375</ele>
        <time>2026-09-02T07:44:57.000Z</time>
        <extensions>
          <ns3:TrackPointExtension>
            <ns3:hr>123</ns3:hr>
            <ns3:cad>85</ns3:cad>
          </ns3:TrackPointExtension>
        </extensions>
      </trkpt>
      <trkpt lat="31.27186962403357028961181640625" lon="121.50632587261497974395751953125">
        <ele>7.80000019073486328125</ele>
        <time>2026-09-02T07:45:03.000Z</time>
        <extensions>
          <ns3:TrackPointExtension>
            <ns3:hr>124</ns3:hr>
            <ns3:cad>85</ns3:cad>
          </ns3:TrackPointExtension>
        </extensions>
      </trkpt>
      <trkpt lat="31.27193030901253223419189453125" lon="121.5063085220754146575927734375">
        <ele>8</ele>
        <time>2026-09-02T07:45:05.000Z</time>
        <extensions>
          <ns3:TrackPointExtension>
            <ns3:hr>124</ns3:hr>
            <ns3:cad>84</ns3:cad>
          </ns3:TrackPointExtension>
        </extensions>
      </trkpt>
      <trkpt lat="31.272069029510021209716796875" lon="121.5061851404607295989990234375">
        <ele>8</ele>
        <time>2026-09-02T07:45:12.000Z</time>
        <extensions>
          <ns3:TrackPointExtension>
            <ns3:hr>124</ns3:hr>
            <ns3:cad>84</ns3:cad>
          </ns3:TrackPointExtension>
        </extensions>
      </trkpt>
      <trkpt lat="31.272108256816864013671875" lon="121.5061537921428680419921875">
        <ele>8</ele>
        <time>2026-09-02T07:45:14.000Z</time>
        <extensions>
          <ns3:TrackPointExtension>
            <ns3:hr>124</ns3:hr>
            <ns3:cad>85</ns3:cad>
          </ns3:TrackPointExtension>
        </extensions>
      </trkpt>
      <trkpt lat="31.27219609916210174560546875" lon="121.50605949573218822479248046875">
        <ele>7.599999904632568359375</ele>
        <time>2026-09-02T07:45:19.000Z</time>
        <extensions>
          <ns3:TrackPointExtension>
            <ns3:hr>124</ns3:hr>
            <ns3:cad>85</ns3:cad>
          </ns3:TrackPointExtension>
        </extensions>
      </trkpt>
      <trkpt lat="31.2722891382873058319091796875" lon="121.50600099004805088043212890625">
        <ele>7.19999980926513671875</ele>
        <time>2026-09-02T07:45:26.000Z</time>
        <extensions>
          <ns3:TrackPointExtension>
            <ns3:hr>125</ns3:hr>
            <ns3:cad>73</ns3:cad>
          </ns3:TrackPointExtension>
        </extensions>
      </trkpt>
      <trkpt lat="31.27236616797745227813720703125" lon="121.505948603153228759765625">
        <ele>6.599999904632568359375</ele>
        <time>2026-09-02T07:45:35.000Z</time>
        <extensions>
          <ns3:TrackPointExtension>
            <ns3:hr>125</ns3:hr>
            <ns3:cad>57</ns3:cad>
          </ns3:TrackPointExtension>
        </extensions>
      </trkpt>
      <trkpt lat="31.27242651768028736114501953125" lon="121.5058602578938007354736328125">
        <ele>6.19999980926513671875</ele>
        <time>2026-09-02T07:45:44.000Z</time>
        <extensions>
          <ns3:TrackPointExtension>
            <ns3:hr>123</ns3:hr>
            <ns3:cad>54</ns3:cad>
          </ns3:TrackPointExtension>
        </extensions>
      </trkpt>
      <trkpt lat="31.27244479022920131683349609375" lon="121.505852043628692626953125">
        <ele>6</ele>
        <time>2026-09-02T07:45:46.000Z</time>
        <extensions>
          <ns3:TrackPointExtension>
            <ns3:hr>120</ns3:hr>
            <ns3:cad>54</ns3:cad>
          </ns3:TrackPointExtension>
        </extensions>
      </trkpt>
      <trkpt lat="31.27245652489364147186279296875" lon="121.505847014486789703369140625">
        <ele>6</ele>
        <time>2026-09-02T07:45:47.000Z</time>
        <extensions>
          <ns3:TrackPointExtension>
            <ns3:hr>117</ns3:hr>
            <ns3:cad>55</ns3:cad>
          </ns3:TrackPointExtension>
        </extensions>
      </trkpt>
      <trkpt lat="31.272474713623523712158203125" lon="121.50582882575690746307373046875">
        <ele>6.19999980926513671875</ele>
        <time>2026-09-02T07:45:49.000Z</time>
        <extensions>
          <ns3:TrackPointExtension>
            <ns3:hr>114</ns3:hr>
            <ns3:cad>55</ns3:cad>
          </ns3:TrackPointExtension>
        </extensions>
      </trkpt>
      <trkpt lat="31.2725161202251911163330078125" lon="121.50580083020031452178955078125">
        <ele>6.19999980926513671875</ele>
        <time>2026-09-02T07:45:53.000Z</time>
        <extensions>
          <ns3:TrackPointExtension>
            <ns3:hr>111</ns3:hr>
            <ns3:cad>54</ns3:cad>
          </ns3:TrackPointExtension>
        </extensions>
      </trkpt>
      <trkpt lat="31.27254252322018146514892578125" lon="121.50578876025974750518798828125">
        <ele>6.19999980926513671875</ele>
        <time>2026-09-02T07:45:56.000Z</time>
        <extensions>
          <ns3:TrackPointExtension>
            <ns3:hr>109</ns3:hr>
            <ns3:cad>56</ns3:cad>
          </ns3:TrackPointExtension>
        </extensions>
      </trkpt>
      <trkpt lat="31.272552497684955596923828125" lon="121.505790688097476959228515625">
        <ele>6.19999980926513671875</ele>
        <time>2026-09-02T07:45:57.000Z</time>
        <extensions>
          <ns3:TrackPointExtension>
            <ns3:hr>108</ns3:hr>
            <ns3:cad>56</ns3:cad>
          </ns3:TrackPointExtension>
        </extensions>
      </trkpt>
      <trkpt lat="31.2725697644054889678955078125" lon="121.5057901851832866668701171875">
        <ele>6.19999980926513671875</ele>
        <time>2026-09-02T07:45:59.000Z</time>
        <extensions>
          <ns3:TrackPointExtension>
            <ns3:hr>107</ns3:hr>
            <ns3:cad>55</ns3:cad>
          </ns3:TrackPointExtension>
        </extensions>
      </trkpt>
      <trkpt lat="31.27259113825857639312744140625" lon="121.50577886961400508880615234375">
        <ele>6.400000095367431640625</ele>
        <time>2026-09-02T07:46:01.000Z</time>
        <extensions>
          <ns3:TrackPointExtension>
            <ns3:hr>106</ns3:hr>
            <ns3:cad>55</ns3:cad>
          </ns3:TrackPointExtension>
        </extensions>
      </trkpt>
      <trkpt lat="31.272610835731029510498046875" lon="121.50577467866241931915283203125">
        <ele>6.400000095367431640625</ele>
        <time>2026-09-02T07:46:03.000Z</time>
        <extensions>
          <ns3:TrackPointExtension>
            <ns3:hr>105</ns3:hr>
            <ns3:cad>55</ns3:cad>
          </ns3:TrackPointExtension>
        </extensions>
      </trkpt>
      <trkpt lat="31.2726539187133312225341796875" lon="121.50574400089681148529052734375">
        <ele>6.400000095367431640625</ele>
        <time>2026-09-02T07:46:08.000Z</time>
        <extensions>
          <ns3:TrackPointExtension>
            <ns3:hr>102</ns3:hr>
            <ns3:cad>55</ns3:cad>
          </ns3:TrackPointExtension>
        </extensions>
      </trkpt>
      <trkpt lat="31.27266104333102703094482421875" lon="121.5057080425322055816650390625">
        <ele>6.599999904632568359375</ele>
        <time>2026-09-02T07:46:10.000Z</time>
        <extensions>
          <ns3:TrackPointExtension>
            <ns3:hr>101</ns3:hr>
            <ns3:cad>55</ns3:cad>
          </ns3:TrackPointExtension>
        </extensions>
      </trkpt>
      <trkpt lat="31.27266590483486652374267578125" lon="121.50569756515324115753173828125">
        <ele>6.599999904632568359375</ele>
        <time>2026-09-02T07:46:11.000Z</time>
        <extensions>
          <ns3:TrackPointExtension>
            <ns3:hr>100</ns3:hr>
            <ns3:cad>57</ns3:cad>
          </ns3:TrackPointExtension>
        </extensions>
      </trkpt>
      <trkpt lat="31.27271016128361225128173828125" lon="121.50565917603671550750732421875">
        <ele>6.80000019073486328125</ele>
        <time>2026-09-02T07:46:15.000Z</time>
        <extensions>
          <ns3:TrackPointExtension>
            <ns3:hr>97</ns3:hr>
            <ns3:cad>57</ns3:cad>
          </ns3:TrackPointExtension>
        </extensions>
      </trkpt>
      <trkpt lat="31.27272206358611583709716796875" lon="121.50565196759998798370361328125">
        <ele>6.80000019073486328125</ele>
        <time>2026-09-02T07:46:16.000Z</time>
        <extensions>
          <ns3:TrackPointExtension>
            <ns3:hr>94</ns3:hr>
            <ns3:cad>57</ns3:cad>
          </ns3:TrackPointExtension>
        </extensions>
      </trkpt>
      <trkpt lat="31.27272977493703365325927734375" lon="121.5056406520307064056396484375">
        <ele>6.80000019073486328125</ele>
        <time>2026-09-02T07:46:17.000Z</time>
        <extensions>
          <ns3:TrackPointExtension>
            <ns3:hr>93</ns3:hr>
            <ns3:cad>57</ns3:cad>
          </ns3:TrackPointExtension>
        </extensions>
      </trkpt>
      <trkpt lat="31.27275978215038776397705078125" lon="121.50560192763805389404296875">
        <ele>7</ele>
        <time>2026-09-02T07:46:20.000Z</time>
        <extensions>
          <ns3:TrackPointExtension>
            <ns3:hr>91</ns3:hr>
            <ns3:cad>56</ns3:cad>
          </ns3:TrackPointExtension>
        </extensions>
      </trkpt>
      <trkpt lat="31.272771768271923065185546875" lon="121.50557854212820529937744140625">
        <ele>7.19999980926513671875</ele>
        <time>2026-09-02T07:46:22.000Z</time>
        <extensions>
          <ns3:TrackPointExtension>
            <ns3:hr>91</ns3:hr>
            <ns3:cad>57</ns3:cad>
          </ns3:TrackPointExtension>
        </extensions>
      </trkpt>
      <trkpt lat="31.27277956344187259674072265625" lon="121.50556043721735477447509765625">
        <ele>7.19999980926513671875</ele>
        <time>2026-09-02T07:46:24.000Z</time>
        <extensions>
          <ns3:TrackPointExtension>
            <ns3:hr>91</ns3:hr>
            <ns3:cad>57</ns3:cad>
          </ns3:TrackPointExtension>
        </extensions>
      </trkpt>
      <trkpt lat="31.272821724414825439453125" lon="121.505509726703166961669921875">
        <ele>7.19999980926513671875</ele>
        <time>2026-09-02T07:46:29.000Z</time>
        <extensions>
          <ns3:TrackPointExtension>
            <ns3:hr>90</ns3:hr>
            <ns3:cad>57</ns3:cad>
          </ns3:TrackPointExtension>
        </extensions>
      </trkpt>
      <trkpt lat="31.27288903109729290008544921875" lon="121.50544962845742702484130859375">
        <ele>7.599999904632568359375</ele>
        <time>2026-09-02T07:46:36.000Z</time>
        <extensions>
          <ns3:TrackPointExtension>
            <ns3:hr>90</ns3:hr>
            <ns3:cad>57</ns3:cad>
          </ns3:TrackPointExtension>
        </extensions>
      </trkpt>
      <trkpt lat="31.2729224748909473419189453125" lon="121.50541861541569232940673828125">
        <ele>8</ele>
        <time>2026-09-02T07:46:38.000Z</time>
        <extensions>
          <ns3:TrackPointExtension>
            <ns3:hr>86</ns3:hr>
            <ns3:cad>82</ns3:cad>
          </ns3:TrackPointExtension>
        </extensions>
      </trkpt>
      <trkpt lat="31.272963546216487884521484375" lon="121.50538626126945018768310546875">
        <ele>8.3999996185302734375</ele>
        <time>2026-09-02T07:46:40.000Z</time>
        <extensions>
          <ns3:TrackPointExtension>
            <ns3:hr>82</ns3:hr>
            <ns3:cad>85</ns3:cad>
          </ns3:TrackPointExtension>
        </extensions>
      </trkpt>
      <trkpt lat="31.27297754399478435516357421875" lon="121.50537100620567798614501953125">
        <ele>8.3999996185302734375</ele>
        <time>2026-09-02T07:46:41.000Z</time>
        <extensions>
          <ns3:TrackPointExtension>
            <ns3:hr>80</ns3:hr>
            <ns3:cad>85</ns3:cad>
          </ns3:TrackPointExtension>
        </extensions>
      </trkpt>
      <trkpt lat="31.27312657423317432403564453125" lon="121.50524209253489971160888671875">
        <ele>9.19999980926513671875</ele>
        <time>2026-09-02T07:46:48.000Z</time>
        <extensions>
          <ns3:TrackPointExtension>
            <ns3:hr>81</ns3:hr>
            <ns3:cad>85</ns3:cad>
          </ns3:TrackPointExtension>
        </extensions>
      </trkpt>
      <trkpt lat="31.27320217899978160858154296875" lon="121.50517118163406848907470703125">
        <ele>9.6000003814697265625</ele>
        <time>2026-09-02T07:46:52.000Z</time>
        <extensions>
          <ns3:TrackPointExtension>
            <ns3:hr>85</ns3:hr>
            <ns3:cad>85</ns3:cad>
          </ns3:TrackPointExtension>
        </extensions>
      </trkpt>
      <trkpt lat="31.2732433341443538665771484375" lon="121.50514125823974609375">
        <ele>9.6000003814697265625</ele>
        <time>2026-09-02T07:46:54.000Z</time>
        <extensions>
          <ns3:TrackPointExtension>
            <ns3:hr>93</ns3:hr>
            <ns3:cad>84</ns3:cad>
          </ns3:TrackPointExtension>
        </extensions>
      </trkpt>
      <trkpt lat="31.27326873131096363067626953125" lon="121.50511887855827808380126953125">
        <ele>9.6000003814697265625</ele>
        <time>2026-09-02T07:46:55.000Z</time>
        <extensions>
          <ns3:TrackPointExtension>
            <ns3:hr>97</ns3:hr>
            <ns3:cad>84</ns3:cad>
          </ns3:TrackPointExtension>
        </extensions>
      </trkpt>
      <trkpt lat="31.27328901551663875579833984375" lon="121.50509633123874664306640625">
        <ele>9.80000019073486328125</ele>
        <time>2026-09-02T07:46:56.000Z</time>
        <extensions>
          <ns3:TrackPointExtension>
            <ns3:hr>101</ns3:hr>
            <ns3:cad>84</ns3:cad>
          </ns3:TrackPointExtension>
        </extensions>
      </trkpt>
      <trkpt lat="31.27334081567823886871337890625" lon="121.5050272643566131591796875">
        <ele>9.80000019073486328125</ele>
        <time>2026-09-02T07:46:59.000Z</time>
        <extensions>
          <ns3:TrackPointExtension>
            <ns3:hr>104</ns3:hr>
            <ns3:cad>85</ns3:cad>
          </ns3:TrackPointExtension>
        </extensions>
      </trkpt>
      <trkpt lat="31.27344357781112194061279296875" lon="121.5049405954778194427490234375">
        <ele>9.80000019073486328125</ele>
        <time>2026-09-02T07:47:04.000Z</time>
        <extensions>
          <ns3:TrackPointExtension>
            <ns3:hr>107</ns3:hr>
            <ns3:cad>83</ns3:cad>
          </ns3:TrackPointExtension>
        </extensions>
      </trkpt>
      <trkpt lat="31.27350443042814731597900390625" lon="121.50479382835328578948974609375">
        <ele>10.80000019073486328125</ele>
        <time>2026-09-02T07:47:09.000Z</time>
        <extensions>
          <ns3:TrackPointExtension>
            <ns3:hr>109</ns3:hr>
            <ns3:cad>84</ns3:cad>
          </ns3:TrackPointExtension>
        </extensions>
      </trkpt>
      <trkpt lat="31.2736074440181255340576171875" lon="121.5047159604728221893310546875">
        <ele>11.19999980926513671875</ele>
        <time>2026-09-02T07:47:14.000Z</time>
        <extensions>
          <ns3:TrackPointExtension>
            <ns3:hr>112</ns3:hr>
            <ns3:cad>84</ns3:cad>
          </ns3:TrackPointExtension>
        </extensions>
      </trkpt>
      <trkpt lat="31.27367223612964153289794921875" lon="121.5046623162925243377685546875">
        <ele>11.6000003814697265625</ele>
        <time>2026-09-02T07:47:17.000Z</time>
        <extensions>
          <ns3:TrackPointExtension>
            <ns3:hr>115</ns3:hr>
            <ns3:cad>84</ns3:cad>
          </ns3:TrackPointExtension>
        </extensions>
      </trkpt>
      <trkpt lat="31.27377382479608058929443359375" lon="121.50461395271122455596923828125">
        <ele>12.19999980926513671875</ele>
        <time>2026-09-02T07:47:21.000Z</time>
        <extensions>
          <ns3:TrackPointExtension>
            <ns3:hr>118</ns3:hr>
            <ns3:cad>85</ns3:cad>
          </ns3:TrackPointExtension>
        </extensions>
      </trkpt>
      <trkpt lat="31.2738112919032573699951171875" lon="121.50455720722675323486328125">
        <ele>13</ele>
        <time>2026-09-02T07:47:23.000Z</time>
        <extensions>
          <ns3:TrackPointExtension>
            <ns3:hr>120</ns3:hr>
            <ns3:cad>85</ns3:cad>
          </ns3:TrackPointExtension>
        </extensions>
      </trkpt>
      <trkpt lat="31.273902989923954010009765625" lon="121.504564583301544189453125">
        <ele>12.80000019073486328125</ele>
        <time>2026-09-02T07:47:28.000Z</time>
        <extensions>
          <ns3:TrackPointExtension>
            <ns3:hr>121</ns3:hr>
            <ns3:cad>84</ns3:cad>
          </ns3:TrackPointExtension>
        </extensions>
      </trkpt>
      <trkpt lat="31.27392034046351909637451171875" lon="121.50455653667449951171875">
        <ele>12.80000019073486328125</ele>
        <time>2026-09-02T07:47:32.000Z</time>
        <extensions>
          <ns3:TrackPointExtension>
            <ns3:hr>122</ns3:hr>
            <ns3:cad>84</ns3:cad>
          </ns3:TrackPointExtension>
        </extensions>
      </trkpt>
      <trkpt lat="31.273937858641147613525390625" lon="121.50454647839069366455078125">
        <ele>13</ele>
        <time>2026-09-02T07:47:34.000Z</time>
        <extensions>
          <ns3:TrackPointExtension>
            <ns3:hr>121</ns3:hr>
            <ns3:cad>84</ns3:cad>
          </ns3:TrackPointExtension>
        </extensions>
      </trkpt>
      <trkpt lat="31.27397130243480205535888671875" lon="121.50449677370488643646240234375">
        <ele>13.6000003814697265625</ele>
        <time>2026-09-02T07:47:38.000Z</time>
        <extensions>
          <ns3:TrackPointExtension>
            <ns3:hr>121</ns3:hr>
            <ns3:cad>0</ns3:cad>
          </ns3:TrackPointExtension>
        </extensions>
      </trkpt>
      <trkpt lat="31.27398756332695484161376953125" lon="121.5044889785349369049072265625">
        <ele>13.80000019073486328125</ele>
        <time>2026-09-02T07:47:41.000Z</time>
        <extensions>
          <ns3:TrackPointExtension>
            <ns3:hr>121</ns3:hr>
            <ns3:cad>55</ns3:cad>
          </ns3:TrackPointExtension>
        </extensions>
      </trkpt>
      <trkpt lat="31.273992173373699188232421875" lon="121.5044725500047206878662109375">
        <ele>14</ele>
        <time>2026-09-02T07:47:42.000Z</time>
        <extensions>
          <ns3:TrackPointExtension>
            <ns3:hr>119</ns3:hr>
            <ns3:cad>55</ns3:cad>
          </ns3:TrackPointExtension>
        </extensions>
      </trkpt>
      <trkpt lat="31.27400315366685390472412109375" lon="121.5044413693249225616455078125">
        <ele>14</ele>
        <time>2026-09-02T07:47:44.000Z</time>
        <extensions>
          <ns3:TrackPointExtension>
            <ns3:hr>117</ns3:hr>
            <ns3:cad>55</ns3:cad>
          </ns3:TrackPointExtension>
        </extensions>
      </trkpt>
      <trkpt lat="31.27401321195065975189208984375" lon="121.50441664271056652069091796875">
        <ele>14</ele>
        <time>2026-09-02T07:47:45.000Z</time>
        <extensions>
          <ns3:TrackPointExtension>
            <ns3:hr>116</ns3:hr>
            <ns3:cad>55</ns3:cad>
          </ns3:TrackPointExtension>
        </extensions>
      </trkpt>
      <trkpt lat="31.2740476615726947784423828125" lon="121.5043310634791851043701171875">
        <ele>14.6000003814697265625</ele>
        <time>2026-09-02T07:47:49.000Z</time>
        <extensions>
          <ns3:TrackPointExtension>
            <ns3:hr>116</ns3:hr>
            <ns3:cad>55</ns3:cad>
          </ns3:TrackPointExtension>
        </extensions>
      </trkpt>
      <trkpt lat="31.27407825551927089691162109375" lon="121.50433634407818317413330078125">
        <ele>15</ele>
        <time>2026-09-02T07:47:51.000Z</time>
        <extensions>
          <ns3:TrackPointExtension>
            <ns3:hr>115</ns3:hr>
            <ns3:cad>57</ns3:cad>
          </ns3:TrackPointExtension>
        </extensions>
      </trkpt>
      <trkpt lat="31.2741227634251117706298828125" lon="121.5043555386364459991455078125">
        <ele>15.19999980926513671875</ele>
        <time>2026-09-02T07:47:54.000Z</time>
        <extensions>
          <ns3:TrackPointExtension>
            <ns3:hr>115</ns3:hr>
            <ns3:cad>57</ns3:cad>
          </ns3:TrackPointExtension>
        </extensions>
      </trkpt>
      <trkpt lat="31.2741713784635066986083984375" lon="121.5043459832668304443359375">
        <ele>15.19999980926513671875</ele>
        <time>2026-09-02T07:47:57.000Z</time>
        <extensions>
          <ns3:TrackPointExtension>
            <ns3:hr>115</ns3:hr>
            <ns3:cad>57</ns3:cad>
          </ns3:TrackPointExtension>
        </extensions>
      </trkpt>
      <trkpt lat="31.27418118529021739959716796875" lon="121.504345647990703582763671875">
        <ele>15.19999980926513671875</ele>
        <time>2026-09-02T07:47:58.000Z</time>
        <extensions>
          <ns3:TrackPointExtension>
            <ns3:hr>115</ns3:hr>
            <ns3:cad>57</ns3:cad>
          </ns3:TrackPointExtension>
        </extensions>
      </trkpt>
      <trkpt lat="31.274264752864837646484375" lon="121.5043003857135772705078125">
        <ele>15.80000019073486328125</ele>
        <time>2026-09-02T07:48:05.000Z</time>
        <extensions>
          <ns3:TrackPointExtension>
            <ns3:hr>115</ns3:hr>
            <ns3:cad>59</ns3:cad>
          </ns3:TrackPointExtension>
        </extensions>
      </trkpt>
      <trkpt lat="31.27428579144179821014404296875" lon="121.5042842924594879150390625">
        <ele>16.200000762939453125</ele>
        <time>2026-09-02T07:48:07.000Z</time>
        <extensions>
          <ns3:TrackPointExtension>
            <ns3:hr>118</ns3:hr>
            <ns3:cad>56</ns3:cad>
          </ns3:TrackPointExtension>
        </extensions>
      </trkpt>
      <trkpt lat="31.27430205233395099639892578125" lon="121.5042770840227603912353515625">
        <ele>16.6000003814697265625</ele>
        <time>2026-09-02T07:48:09.000Z</time>
        <extensions>
          <ns3:TrackPointExtension>
            <ns3:hr>115</ns3:hr>
            <ns3:cad>56</ns3:cad>
          </ns3:TrackPointExtension>
        </extensions>
      </trkpt>
      <trkpt lat="31.27432133071124553680419921875" lon="121.50427247397601604461669921875">
        <ele>16.799999237060546875</ele>
        <time>2026-09-02T07:48:11.000Z</time>
        <extensions>
          <ns3:TrackPointExtension>
            <ns3:hr>112</ns3:hr>
            <ns3:cad>56</ns3:cad>
          </ns3:TrackPointExtension>
        </extensions>
      </trkpt>
      <trkpt lat="31.27434563823044300079345703125" lon="121.5042536146938800811767578125">
        <ele>17.3999996185302734375</ele>
        <time>2026-09-02T07:48:13.000Z</time>
        <extensions>
          <ns3:TrackPointExtension>
            <ns3:hr>109</ns3:hr>
            <ns3:cad>56</ns3:cad>
          </ns3:TrackPointExtension>
        </extensions>
      </trkpt>
      <trkpt lat="31.27435863018035888671875" lon="121.50423928163945674896240234375">
        <ele>17.799999237060546875</ele>
        <time>2026-09-02T07:48:14.000Z</time>
        <extensions>
          <ns3:TrackPointExtension>
            <ns3:hr>108</ns3:hr>
            <ns3:cad>57</ns3:cad>
          </ns3:TrackPointExtension>
        </extensions>
      </trkpt>
      <trkpt lat="31.27439157105982303619384765625" lon="121.50419779121875762939453125">
        <ele>18.799999237060546875</ele>
        <time>2026-09-02T07:48:17.000Z</time>
        <extensions>
          <ns3:TrackPointExtension>
            <ns3:hr>103</ns3:hr>
            <ns3:cad>57</ns3:cad>
          </ns3:TrackPointExtension>
        </extensions>
      </trkpt>
      <trkpt lat="31.27441470511257648468017578125" lon="121.50418094359338283538818359375">
        <ele>18.6000003814697265625</ele>
        <time>2026-09-02T07:48:19.000Z</time>
        <extensions>
          <ns3:TrackPointExtension>
            <ns3:hr>97</ns3:hr>
            <ns3:cad>57</ns3:cad>
          </ns3:TrackPointExtension>
        </extensions>
      </trkpt>
      <trkpt lat="31.2744251824915409088134765625" lon="121.50416853837668895721435546875">
        <ele>18.3999996185302734375</ele>
        <time>2026-09-02T07:48:20.000Z</time>
        <extensions>
          <ns3:TrackPointExtension>
            <ns3:hr>94</ns3:hr>
            <ns3:cad>57</ns3:cad>
          </ns3:TrackPointExtension>
        </extensions>
      </trkpt>
      <trkpt lat="31.2744426168501377105712890625" lon="121.50414356030523777008056640625">
        <ele>17.799999237060546875</ele>
        <time>2026-09-02T07:48:22.000Z</time>
        <extensions>
          <ns3:TrackPointExtension>
            <ns3:hr>92</ns3:hr>
            <ns3:cad>57</ns3:cad>
          </ns3:TrackPointExtension>
        </extensions>
      </trkpt>
      <trkpt lat="31.274458207190036773681640625" lon="121.5041206777095794677734375">
        <ele>17.200000762939453125</ele>
        <time>2026-09-02T07:48:25.000Z</time>
        <extensions>
          <ns3:TrackPointExtension>
            <ns3:hr>90</ns3:hr>
            <ns3:cad>57</ns3:cad>
          </ns3:TrackPointExtension>
        </extensions>
      </trkpt>
      <trkpt lat="31.2744798325002193450927734375" lon="121.50408438406884670257568359375">
        <ele>16.6000003814697265625</ele>
        <time>2026-09-02T07:48:29.000Z</time>
        <extensions>
          <ns3:TrackPointExtension>
            <ns3:hr>89</ns3:hr>
            <ns3:cad>57</ns3:cad>
          </ns3:TrackPointExtension>
        </extensions>
      </trkpt>
      <trkpt lat="31.274515874683856964111328125" lon="121.5039974637329578399658203125">
        <ele>15.6000003814697265625</ele>
        <time>2026-09-02T07:48:35.000Z</time>
        <extensions>
          <ns3:TrackPointExtension>
            <ns3:hr>90</ns3:hr>
            <ns3:cad>55</ns3:cad>
          </ns3:TrackPointExtension>
        </extensions>
      </trkpt>
      <trkpt lat="31.27453842200338840484619140625" lon="121.5039302408695220947265625">
        <ele>15.3999996185302734375</ele>
        <time>2026-09-02T07:48:40.000Z</time>
        <extensions>
          <ns3:TrackPointExtension>
            <ns3:hr>91</ns3:hr>
            <ns3:cad>0</ns3:cad>
          </ns3:TrackPointExtension>
        </extensions>
      </trkpt>
      <trkpt lat="31.27458133734762668609619140625" lon="121.503832340240478515625">
        <ele>13.6000003814697265625</ele>
        <time>2026-09-02T07:48:48.000Z</time>
        <extensions>
          <ns3:TrackPointExtension>
            <ns3:hr>89</ns3:hr>
            <ns3:cad>55</ns3:cad>
          </ns3:TrackPointExtension>
        </extensions>
      </trkpt>
      <trkpt lat="31.2745864503085613250732421875" lon="121.5038261376321315765380859375">
        <ele>13.3999996185302734375</ele>
        <time>2026-09-02T07:48:49.000Z</time>
        <extensions>
          <ns3:TrackPointExtension>
            <ns3:hr>89</ns3:hr>
            <ns3:cad>55</ns3:cad>
          </ns3:TrackPointExtension>
        </extensions>
      </trkpt>
      <trkpt lat="31.2746273539960384368896484375" lon="121.50379537604749202728271484375">
        <ele>12.80000019073486328125</ele>
        <time>2026-09-02T07:48:54.000Z</time>
        <extensions>
          <ns3:TrackPointExtension>
            <ns3:hr>88</ns3:hr>
            <ns3:cad>52</ns3:cad>
          </ns3:TrackPointExtension>
        </extensions>
      </trkpt>
      <trkpt lat="31.27467085607349872589111328125" lon="121.50372563861310482025146484375">
        <ele>12</ele>
        <time>2026-09-02T07:49:02.000Z</time>
        <extensions>
          <ns3:TrackPointExtension>
            <ns3:hr>87</ns3:hr>
            <ns3:cad>55</ns3:cad>
          </ns3:TrackPointExtension>
        </extensions>
      </trkpt>
      <trkpt lat="31.27467487938702106475830078125" lon="121.5037101320922374725341796875">
        <ele>11.80000019073486328125</ele>
        <time>2026-09-02T07:49:07.000Z</time>
        <extensions>
          <ns3:TrackPointExtension>
            <ns3:hr>86</ns3:hr>
            <ns3:cad>0</ns3:cad>
          </ns3:TrackPointExtension>
        </extensions>
      </trkpt>
      <trkpt lat="31.2746766395866870880126953125" lon="121.5037148259580135345458984375">
        <ele>11.80000019073486328125</ele>
        <time>2026-09-02T07:49:14.000Z</time>
        <extensions>
          <ns3:TrackPointExtension>
            <ns3:hr>86</ns3:hr>
            <ns3:cad>0</ns3:cad>
          </ns3:TrackPointExtension>
        </extensions>
      </trkpt>
      <trkpt lat="31.2746769748628139495849609375" lon="121.50371490977704524993896484375">
        <ele>11.80000019073486328125</ele>
        <time>2026-09-02T07:49:19.000Z</time>
        <extensions>
          <ns3:TrackPointExtension>
            <ns3:hr>89</ns3:hr>
            <ns3:cad>0</ns3:cad>
          </ns3:TrackPointExtension>
        </extensions>
      </trkpt>
      <trkpt lat="31.2746702693402767181396484375" lon="121.5037138201296329498291015625">
        <ele>11.80000019073486328125</ele>
        <time>2026-09-02T07:49:33.000Z</time>
        <extensions>
          <ns3:TrackPointExtension>
            <ns3:hr>86</ns3:hr>
            <ns3:cad>0</ns3:cad>
          </ns3:TrackPointExtension>
        </extensions>
      </trkpt>
      <trkpt lat="31.27466347999870777130126953125" lon="121.50370921008288860321044921875">
        <ele>11.80000019073486328125</ele>
        <time>2026-09-02T07:49:37.000Z</time>
        <extensions>
          <ns3:TrackPointExtension>
            <ns3:hr>83</ns3:hr>
            <ns3:cad>0</ns3:cad>
          </ns3:TrackPointExtension>
        </extensions>
      </trkpt>
      <trkpt lat="31.2746632285416126251220703125" lon="121.50370602495968341827392578125">
        <ele>11.80000019073486328125</ele>
        <time>2026-09-02T07:49:49.000Z</time>
        <extensions>
          <ns3:TrackPointExtension>
            <ns3:hr>80</ns3:hr>
            <ns3:cad>0</ns3:cad>
          </ns3:TrackPointExtension>
        </extensions>
      </trkpt>
      <trkpt lat="31.2746632285416126251220703125" lon="121.50370585732161998748779296875">
        <ele>11.80000019073486328125</ele>
        <time>2026-09-02T07:49:51.000Z</time>
        <extensions>
          <ns3:TrackPointExtension>
            <ns3:hr>77</ns3:hr>
            <ns3:cad>0</ns3:cad>
          </ns3:TrackPointExtension>
        </extensions>
      </trkpt>
      <trkpt lat="31.274704635143280029296875" lon="121.503679119050502777099609375">
        <ele>11.19999980926513671875</ele>
        <time>2026-09-02T07:50:03.000Z</time>
        <extensions>
          <ns3:TrackPointExtension>
            <ns3:hr>77</ns3:hr>
            <ns3:cad>0</ns3:cad>
          </ns3:TrackPointExtension>
        </extensions>
      </trkpt>
      <trkpt lat="31.2747688405215740203857421875" lon="121.50362170301377773284912109375">
        <ele>11.3999996185302734375</ele>
        <time>2026-09-02T07:50:09.000Z</time>
        <extensions>
          <ns3:TrackPointExtension>
            <ns3:hr>78</ns3:hr>
            <ns3:cad>55</ns3:cad>
          </ns3:TrackPointExtension>
        </extensions>
      </trkpt>
      <trkpt lat="31.27481502480804920196533203125" lon="121.50358415208756923675537109375">
        <ele>11.3999996185302734375</ele>
        <time>2026-09-02T07:50:13.000Z</time>
        <extensions>
          <ns3:TrackPointExtension>
            <ns3:hr>77</ns3:hr>
            <ns3:cad>55</ns3:cad>
          </ns3:TrackPointExtension>
        </extensions>
      </trkpt>
      <trkpt lat="31.274823658168315887451171875" lon="121.50356613099575042724609375">
        <ele>11.19999980926513671875</ele>
        <time>2026-09-02T07:50:15.000Z</time>
        <extensions>
          <ns3:TrackPointExtension>
            <ns3:hr>75</ns3:hr>
            <ns3:cad>55</ns3:cad>
          </ns3:TrackPointExtension>
        </extensions>
      </trkpt>
      <trkpt lat="31.27485006116330623626708984375" lon="121.50352179072797298431396484375">
        <ele>11</ele>
        <time>2026-09-02T07:50:19.000Z</time>
        <extensions>
          <ns3:TrackPointExtension>
            <ns3:hr>74</ns3:hr>
            <ns3:cad>55</ns3:cad>
          </ns3:TrackPointExtension>
        </extensions>
      </trkpt>
      <trkpt lat="31.27486531622707843780517578125" lon="121.50349899195134639739990234375">
        <ele>10.80000019073486328125</ele>
        <time>2026-09-02T07:50:21.000Z</time>
        <extensions>
          <ns3:TrackPointExtension>
            <ns3:hr>75</ns3:hr>
            <ns3:cad>0</ns3:cad>
          </ns3:TrackPointExtension>
        </extensions>
      </trkpt>
      <trkpt lat="31.27489834092557430267333984375" lon="121.50344786234200000762939453125">
        <ele>10.6000003814697265625</ele>
        <time>2026-09-02T07:50:25.000Z</time>
        <extensions>
          <ns3:TrackPointExtension>
            <ns3:hr>74</ns3:hr>
            <ns3:cad>0</ns3:cad>
          </ns3:TrackPointExtension>
        </extensions>
      </trkpt>
      <trkpt lat="31.27491560764610767364501953125" lon="121.50340125896036624908447265625">
        <ele>10.19999980926513671875</ele>
        <time>2026-09-02T07:50:28.000Z</time>
        <extensions>
          <ns3:TrackPointExtension>
            <ns3:hr>74</ns3:hr>
            <ns3:cad>0</ns3:cad>
          </ns3:TrackPointExtension>
        </extensions>
      </trkpt>
      <trkpt lat="31.2749733589589595794677734375" lon="121.50331241078674793243408203125">
        <ele>9.3999996185302734375</ele>
        <time>2026-09-02T07:50:33.000Z</time>
        <extensions>
          <ns3:TrackPointExtension>
            <ns3:hr>71</ns3:hr>
            <ns3:cad>84</ns3:cad>
          </ns3:TrackPointExtension>
        </extensions>
      </trkpt>
      <trkpt lat="31.27499942667782306671142578125" lon="121.50326647795736789703369140625">
        <ele>8.80000019073486328125</ele>
        <time>2026-09-02T07:50:35.000Z</time>
        <extensions>
          <ns3:TrackPointExtension>
            <ns3:hr>73</ns3:hr>
            <ns3:cad>84</ns3:cad>
          </ns3:TrackPointExtension>
        </extensions>
      </trkpt>
      <trkpt lat="31.27503111027181148529052734375" lon="121.503216437995433807373046875">
        <ele>8.19999980926513671875</ele>
        <time>2026-09-02T07:50:37.000Z</time>
        <extensions>
          <ns3:TrackPointExtension>
            <ns3:hr>76</ns3:hr>
            <ns3:cad>84</ns3:cad>
          </ns3:TrackPointExtension>
        </extensions>
      </trkpt>
      <trkpt lat="31.2750655598938465118408203125" lon="121.5031706728041172027587890625">
        <ele>7.599999904632568359375</ele>
        <time>2026-09-02T07:50:39.000Z</time>
        <extensions>
          <ns3:TrackPointExtension>
            <ns3:hr>79</ns3:hr>
            <ns3:cad>85</ns3:cad>
          </ns3:TrackPointExtension>
        </extensions>
      </trkpt>
      <trkpt lat="31.27511090599000453948974609375" lon="121.50312968529760837554931640625">
        <ele>6.400000095367431640625</ele>
        <time>2026-09-02T07:50:41.000Z</time>
        <extensions>
          <ns3:TrackPointExtension>
            <ns3:hr>84</ns3:hr>
            <ns3:cad>85</ns3:cad>
          </ns3:TrackPointExtension>
        </extensions>
      </trkpt>
      <trkpt lat="31.27513789571821689605712890625" lon="121.503109149634838104248046875">
        <ele>6</ele>
        <time>2026-09-02T07:50:42.000Z</time>
        <extensions>
          <ns3:TrackPointExtension>
            <ns3:hr>84</ns3:hr>
            <ns3:cad>85</ns3:cad>
          </ns3:TrackPointExtension>
        </extensions>
      </trkpt>
      <trkpt lat="31.2751577608287334442138671875" lon="121.5030892007052898406982421875">
        <ele>5.400000095367431640625</ele>
        <time>2026-09-02T07:50:43.000Z</time>
        <extensions>
          <ns3:TrackPointExtension>
            <ns3:hr>85</ns3:hr>
            <ns3:cad>85</ns3:cad>
          </ns3:TrackPointExtension>
        </extensions>
      </trkpt>
      <trkpt lat="31.27522573806345462799072265625" lon="121.50304771028459072113037109375">
        <ele>5</ele>
        <time>2026-09-02T07:50:46.000Z</time>
        <extensions>
          <ns3:TrackPointExtension>
            <ns3:hr>88</ns3:hr>
            <ns3:cad>85</ns3:cad>
          </ns3:TrackPointExtension>
        </extensions>
      </trkpt>
      <trkpt lat="31.275262534618377685546875" lon="121.50303111411631107330322265625">
        <ele>5.599999904632568359375</ele>
        <time>2026-09-02T07:50:48.000Z</time>
        <extensions>
          <ns3:TrackPointExtension>
            <ns3:hr>91</ns3:hr>
            <ns3:cad>85</ns3:cad>
          </ns3:TrackPointExtension>
        </extensions>
      </trkpt>
      <trkpt lat="31.27531953155994415283203125" lon="121.503016948699951171875">
        <ele>6.80000019073486328125</ele>
        <time>2026-09-02T07:50:50.000Z</time>
        <extensions>
          <ns3:TrackPointExtension>
            <ns3:hr>95</ns3:hr>
            <ns3:cad>85</ns3:cad>
          </ns3:TrackPointExtension>
        </extensions>
      </trkpt>
      <trkpt lat="31.2753669731318950653076171875" lon="121.50299155153334140777587890625">
        <ele>7.80000019073486328125</ele>
        <time>2026-09-02T07:50:52.000Z</time>
        <extensions>
          <ns3:TrackPointExtension>
            <ns3:hr>98</ns3:hr>
            <ns3:cad>84</ns3:cad>
          </ns3:TrackPointExtension>
        </extensions>
      </trkpt>
      <trkpt lat="31.27541005611419677734375" lon="121.50295651517808437347412109375">
        <ele>8.3999996185302734375</ele>
        <time>2026-09-02T07:50:54.000Z</time>
        <extensions>
          <ns3:TrackPointExtension>
            <ns3:hr>101</ns3:hr>
            <ns3:cad>85</ns3:cad>
          </ns3:TrackPointExtension>
        </extensions>
      </trkpt>
      <trkpt lat="31.27547987736761569976806640625" lon="121.5029056370258331298828125">
        <ele>8.19999980926513671875</ele>
        <time>2026-09-02T07:50:57.000Z</time>
        <extensions>
          <ns3:TrackPointExtension>
            <ns3:hr>104</ns3:hr>
            <ns3:cad>85</ns3:cad>
          </ns3:TrackPointExtension>
        </extensions>
      </trkpt>
      <trkpt lat="31.27552807331085205078125" lon="121.5028716064989566802978515625">
        <ele>8.19999980926513671875</ele>
        <time>2026-09-02T07:50:59.000Z</time>
        <extensions>
          <ns3:TrackPointExtension>
            <ns3:hr>106</ns3:hr>
            <ns3:cad>85</ns3:cad>
          </ns3:TrackPointExtension>
        </extensions>
      </trkpt>
      <trkpt lat="31.27563175745308399200439453125" lon="121.50278820656239986419677734375">
        <ele>7.19999980926513671875</ele>
        <time>2026-09-02T07:51:04.000Z</time>
        <extensions>
          <ns3:TrackPointExtension>
            <ns3:hr>109</ns3:hr>
            <ns3:cad>85</ns3:cad>
          </ns3:TrackPointExtension>
        </extensions>
      </trkpt>
      <trkpt lat="31.27567752264440059661865234375" lon="121.50274001061916351318359375">
        <ele>7</ele>
        <time>2026-09-02T07:51:07.000Z</time>
        <extensions>
          <ns3:TrackPointExtension>
            <ns3:hr>110</ns3:hr>
            <ns3:cad>85</ns3:cad>
          </ns3:TrackPointExtension>
        </extensions>
      </trkpt>
      <trkpt lat="31.2757444940507411956787109375" lon="121.50268058292567729949951171875">
        <ele>6</ele>
        <time>2026-09-02T07:51:11.000Z</time>
        <extensions>
          <ns3:TrackPointExtension>
            <ns3:hr>113</ns3:hr>
            <ns3:cad>85</ns3:cad>
          </ns3:TrackPointExtension>
        </extensions>
      </trkpt>
      <trkpt lat="31.27581213600933551788330078125" lon="121.5025936625897884368896484375">
        <ele>4.19999980926513671875</ele>
        <time>2026-09-02T07:51:15.000Z</time>
        <extensions>
          <ns3:TrackPointExtension>
            <ns3:hr>115</ns3:hr>
            <ns3:cad>85</ns3:cad>
          </ns3:TrackPointExtension>
        </extensions>
      </trkpt>
      <trkpt lat="31.275928728282451629638671875" lon="121.50246047414839267730712890625">
        <ele>3.599999904632568359375</ele>
        <time>2026-09-02T07:51:22.000Z</time>
        <extensions>
          <ns3:TrackPointExtension>
            <ns3:hr>118</ns3:hr>
            <ns3:cad>85</ns3:cad>
          </ns3:TrackPointExtension>
        </extensions>
      </trkpt>
      <trkpt lat="31.2759587354958057403564453125" lon="121.5024132840335369110107421875">
        <ele>3.599999904632568359375</ele>
        <time>2026-09-02T07:51:24.000Z</time>
        <extensions>
          <ns3:TrackPointExtension>
            <ns3:hr>119</ns3:hr>
            <ns3:cad>85</ns3:cad>
          </ns3:TrackPointExtension>
        </extensions>
      </trkpt>
      <trkpt lat="31.27608270384371280670166015625" lon="121.50225914083421230316162109375">
        <ele>4.80000019073486328125</ele>
        <time>2026-09-02T07:51:31.000Z</time>
        <extensions>
          <ns3:TrackPointExtension>
            <ns3:hr>121</ns3:hr>
            <ns3:cad>85</ns3:cad>
          </ns3:TrackPointExtension>
        </extensions>
      </trkpt>
      <trkpt lat="31.2761682830750942230224609375" lon="121.502064429223537445068359375">
        <ele>5.599999904632568359375</ele>
        <time>2026-09-02T07:51:38.000Z</time>
        <extensions>
          <ns3:TrackPointExtension>
            <ns3:hr>123</ns3:hr>
            <ns3:cad>85</ns3:cad>
          </ns3:TrackPointExtension>
        </extensions>
      </trkpt>
      <trkpt lat="31.27618043683469295501708984375" lon="121.502036266028881072998046875">
        <ele>5.599999904632568359375</ele>
        <time>2026-09-02T07:51:39.000Z</time>
        <extensions>
          <ns3:TrackPointExtension>
            <ns3:hr>123</ns3:hr>
            <ns3:cad>85</ns3:cad>
          </ns3:TrackPointExtension>
        </extensions>
      </trkpt>
      <trkpt lat="31.2763013876974582672119140625" lon="121.50184188969433307647705078125">
        <ele>5.80000019073486328125</ele>
        <time>2026-09-02T07:51:47.000Z</time>
        <extensions>
          <ns3:TrackPointExtension>
            <ns3:hr>125</ns3:hr>
            <ns3:cad>85</ns3:cad>
          </ns3:TrackPointExtension>
        </extensions>
      </trkpt>
      <trkpt lat="31.2763233482837677001953125" lon="121.501816324889659881591796875">
        <ele>5.80000019073486328125</ele>
        <time>2026-09-02T07:51:48.000Z</time>
        <extensions>
          <ns3:TrackPointExtension>
            <ns3:hr>125</ns3:hr>
            <ns3:cad>85</ns3:cad>
          </ns3:TrackPointExtension>
        </extensions>
      </trkpt>
      <trkpt lat="31.2764033116400241851806640625" lon="121.50162287056446075439453125">
        <ele>7.599999904632568359375</ele>
        <time>2026-09-02T07:51:55.000Z</time>
        <extensions>
          <ns3:TrackPointExtension>
            <ns3:hr>127</ns3:hr>
            <ns3:cad>84</ns3:cad>
          </ns3:TrackPointExtension>
        </extensions>
      </trkpt>
      <trkpt lat="31.276418231427669525146484375" lon="121.501595713198184967041015625">
        <ele>8.19999980926513671875</ele>
        <time>2026-09-02T07:51:56.000Z</time>
        <extensions>
          <ns3:TrackPointExtension>
            <ns3:hr>127</ns3:hr>
            <ns3:cad>83</ns3:cad>
          </ns3:TrackPointExtension>
        </extensions>
      </trkpt>
      <trkpt lat="31.2765055708587169647216796875" lon="121.5014041028916835784912109375">
        <ele>10.6000003814697265625</ele>
        <time>2026-09-02T07:52:03.000Z</time>
        <extensions>
          <ns3:TrackPointExtension>
            <ns3:hr>128</ns3:hr>
            <ns3:cad>84</ns3:cad>
          </ns3:TrackPointExtension>
        </extensions>
      </trkpt>
      <trkpt lat="31.27652585506439208984375" lon="121.501345597207546234130859375">
        <ele>10.80000019073486328125</ele>
        <time>2026-09-02T07:52:05.000Z</time>
        <extensions>
          <ns3:TrackPointExtension>
            <ns3:hr>128</ns3:hr>
            <ns3:cad>84</ns3:cad>
          </ns3:TrackPointExtension>
        </extensions>
      </trkpt>
      <trkpt lat="31.27660833299160003662109375" lon="121.50123260915279388427734375">
        <ele>10.3999996185302734375</ele>
        <time>2026-09-02T07:52:12.000Z</time>
        <extensions>
          <ns3:TrackPointExtension>
            <ns3:hr>129</ns3:hr>
            <ns3:cad>42</ns3:cad>
          </ns3:TrackPointExtension>
        </extensions>
      </trkpt>
      <trkpt lat="31.27666424028575420379638671875" lon="121.501195393502712249755859375">
        <ele>10</ele>
        <time>2026-09-02T07:52:19.000Z</time>
        <extensions>
          <ns3:TrackPointExtension>
            <ns3:hr>127</ns3:hr>
            <ns3:cad>55</ns3:cad>
          </ns3:TrackPointExtension>
        </extensions>
      </trkpt>
      <trkpt lat="31.27670799382030963897705078125" lon="121.50120905600488185882568359375">
        <ele>9.80000019073486328125</ele>
        <time>2026-09-02T07:52:25.000Z</time>
        <extensions>
          <ns3:TrackPointExtension>
            <ns3:hr>128</ns3:hr>
            <ns3:cad>55</ns3:cad>
          </ns3:TrackPointExtension>
        </extensions>
      </trkpt>
      <trkpt lat="31.27676717005670070648193359375" lon="121.50124442763626575469970703125">
        <ele>9.6000003814697265625</ele>
        <time>2026-09-02T07:52:31.000Z</time>
        <extensions>
          <ns3:TrackPointExtension>
            <ns3:hr>125</ns3:hr>
            <ns3:cad>55</ns3:cad>
          </ns3:TrackPointExtension>
        </extensions>
      </trkpt>
      <trkpt lat="31.27680589444935321807861328125" lon="121.50126286782324314117431640625">
        <ele>9.3999996185302734375</ele>
        <time>2026-09-02T07:52:34.000Z</time>
        <extensions>
          <ns3:TrackPointExtension>
            <ns3:hr>122</ns3:hr>
            <ns3:cad>55</ns3:cad>
          </ns3:TrackPointExtension>
        </extensions>
      </trkpt>
      <trkpt lat="31.27683020196855068206787109375" lon="121.50128231383860111236572265625">
        <ele>9.3999996185302734375</ele>
        <time>2026-09-02T07:52:36.000Z</time>
        <extensions>
          <ns3:TrackPointExtension>
            <ns3:hr>119</ns3:hr>
            <ns3:cad>52</ns3:cad>
          </ns3:TrackPointExtension>
        </extensions>
      </trkpt>
      <trkpt lat="31.2768686749041080474853515625" lon="121.50128298439085483551025390625">
        <ele>9</ele>
        <time>2026-09-02T07:52:41.000Z</time>
        <extensions>
          <ns3:TrackPointExtension>
            <ns3:hr>117</ns3:hr>
            <ns3:cad>55</ns3:cad>
          </ns3:TrackPointExtension>
        </extensions>
      </trkpt>
      <trkpt lat="31.27689373679459095001220703125" lon="121.5012914501130580902099609375">
        <ele>8.80000019073486328125</ele>
        <time>2026-09-02T07:52:44.000Z</time>
        <extensions>
          <ns3:TrackPointExtension>
            <ns3:hr>114</ns3:hr>
            <ns3:cad>54</ns3:cad>
          </ns3:TrackPointExtension>
        </extensions>
      </trkpt>
      <trkpt lat="31.27691804431378841400146484375" lon="121.5013108961284160614013671875">
        <ele>8.80000019073486328125</ele>
        <time>2026-09-02T07:52:46.000Z</time>
        <extensions>
          <ns3:TrackPointExtension>
            <ns3:hr>110</ns3:hr>
            <ns3:cad>55</ns3:cad>
          </ns3:TrackPointExtension>
        </extensions>
      </trkpt>
      <trkpt lat="31.276936568319797515869140625" lon="121.50132288224995136260986328125">
        <ele>9</ele>
        <time>2026-09-02T07:52:47.000Z</time>
        <extensions>
          <ns3:TrackPointExtension>
            <ns3:hr>107</ns3:hr>
            <ns3:cad>55</ns3:cad>
          </ns3:TrackPointExtension>
        </extensions>
      </trkpt>
      <trkpt lat="31.27696028910577297210693359375" lon="121.5013353712856769561767578125">
        <ele>9</ele>
        <time>2026-09-02T07:52:48.000Z</time>
        <extensions>
          <ns3:TrackPointExtension>
            <ns3:hr>106</ns3:hr>
            <ns3:cad>55</ns3:cad>
          </ns3:TrackPointExtension>
        </extensions>
      </trkpt>
      <trkpt lat="31.2770379893481731414794921875" lon="121.501382477581501007080078125">
        <ele>9.19999980926513671875</ele>
        <time>2026-09-02T07:52:51.000Z</time>
        <extensions>
          <ns3:TrackPointExtension>
            <ns3:hr>103</ns3:hr>
            <ns3:cad>83</ns3:cad>
          </ns3:TrackPointExtension>
        </extensions>
      </trkpt>
      <trkpt lat="31.27710160799324512481689453125" lon="121.5014208666980266571044921875">
        <ele>9.3999996185302734375</ele>
        <time>2026-09-02T07:52:54.000Z</time>
        <extensions>
          <ns3:TrackPointExtension>
            <ns3:hr>103</ns3:hr>
            <ns3:cad>85</ns3:cad>
          </ns3:TrackPointExtension>
        </extensions>
      </trkpt>
      <trkpt lat="31.2772163562476634979248046875" lon="121.50147694163024425506591796875">
        <ele>9.19999980926513671875</ele>
        <time>2026-09-02T07:53:00.000Z</time>
        <extensions>
          <ns3:TrackPointExtension>
            <ns3:hr>102</ns3:hr>
            <ns3:cad>85</ns3:cad>
          </ns3:TrackPointExtension>
        </extensions>
      </trkpt>
      <trkpt lat="31.277332864701747894287109375" lon="121.5015365369617938995361328125">
        <ele>8.80000019073486328125</ele>
        <time>2026-09-02T07:53:06.000Z</time>
        <extensions>
          <ns3:TrackPointExtension>
            <ns3:hr>102</ns3:hr>
            <ns3:cad>84</ns3:cad>
          </ns3:TrackPointExtension>
        </extensions>
      </trkpt>
      <trkpt lat="31.27742364071309566497802734375" lon="121.501572914421558380126953125">
        <ele>8.6000003814697265625</ele>
        <time>2026-09-02T07:53:10.000Z</time>
        <extensions>
          <ns3:TrackPointExtension>
            <ns3:hr>105</ns3:hr>
            <ns3:cad>85</ns3:cad>
          </ns3:TrackPointExtension>
        </extensions>
      </trkpt>
      <trkpt lat="31.27751735039055347442626953125" lon="121.5016257204115390777587890625">
        <ele>7.80000019073486328125</ele>
        <time>2026-09-02T07:53:14.000Z</time>
        <extensions>
          <ns3:TrackPointExtension>
            <ns3:hr>107</ns3:hr>
            <ns3:cad>85</ns3:cad>
          </ns3:TrackPointExtension>
        </extensions>
      </trkpt>
      <trkpt lat="31.27764341421425342559814453125" lon="121.5016830526292324066162109375">
        <ele>6.19999980926513671875</ele>
        <time>2026-09-02T07:53:19.000Z</time>
        <extensions>
          <ns3:TrackPointExtension>
            <ns3:hr>110</ns3:hr>
            <ns3:cad>83</ns3:cad>
          </ns3:TrackPointExtension>
        </extensions>
      </trkpt>
      <trkpt lat="31.27771968953311443328857421875" lon="121.5017108805477619171142578125">
        <ele>5.19999980926513671875</ele>
        <time>2026-09-02T07:53:22.000Z</time>
        <extensions>
          <ns3:TrackPointExtension>
            <ns3:hr>111</ns3:hr>
            <ns3:cad>83</ns3:cad>
          </ns3:TrackPointExtension>
        </extensions>
      </trkpt>
      <trkpt lat="31.2778227031230926513671875" lon="121.50177198462188243865966796875">
        <ele>4</ele>
        <time>2026-09-02T07:53:29.000Z</time>
        <extensions>
          <ns3:TrackPointExtension>
            <ns3:hr>112</ns3:hr>
            <ns3:cad>83</ns3:cad>
          </ns3:TrackPointExtension>
        </extensions>
      </trkpt>
      <trkpt lat="31.2779164128005504608154296875" lon="121.50184440426528453826904296875">
        <ele>3</ele>
        <time>2026-09-02T07:53:35.000Z</time>
        <extensions>
          <ns3:TrackPointExtension>
            <ns3:hr>112</ns3:hr>
            <ns3:cad>56</ns3:cad>
          </ns3:TrackPointExtension>
        </extensions>
      </trkpt>
      <trkpt lat="31.2779836356639862060546875" lon="121.50187809951603412628173828125">
        <ele>2.2000000476837158203125</ele>
        <time>2026-09-02T07:53:42.000Z</time>
        <extensions>
          <ns3:TrackPointExtension>
            <ns3:hr>112</ns3:hr>
            <ns3:cad>55</ns3:cad>
          </ns3:TrackPointExtension>
        </extensions>
      </trkpt>
      <trkpt lat="31.27801573835313320159912109375" lon="121.50187139399349689483642578125">
        <ele>2</ele>
        <time>2026-09-02T07:53:47.000Z</time>
        <extensions>
          <ns3:TrackPointExtension>
            <ns3:hr>109</ns3:hr>
            <ns3:cad>55</ns3:cad>
          </ns3:TrackPointExtension>
        </extensions>
      </trkpt>
      <trkpt lat="31.2780528701841831207275390625" lon="121.5018573962152004241943359375">
        <ele>2.400000095367431640625</ele>
        <time>2026-09-02T07:53:49.000Z</time>
        <extensions>
          <ns3:TrackPointExtension>
            <ns3:hr>109</ns3:hr>
            <ns3:cad>55</ns3:cad>
          </ns3:TrackPointExtension>
        </extensions>
      </trkpt>
      <trkpt lat="31.2781338393688201904296875" lon="121.5018855594098567962646484375">
        <ele>3</ele>
        <time>2026-09-02T07:53:55.000Z</time>
        <extensions>
          <ns3:TrackPointExtension>
            <ns3:hr>109</ns3:hr>
            <ns3:cad>58</ns3:cad>
          </ns3:TrackPointExtension>
        </extensions>
      </trkpt>
      <trkpt lat="31.278215982019901275634765625" lon="121.501897461712360382080078125">
        <ele>3.400000095367431640625</ele>
        <time>2026-09-02T07:54:02.000Z</time>
        <extensions>
          <ns3:TrackPointExtension>
            <ns3:hr>110</ns3:hr>
            <ns3:cad>54</ns3:cad>
          </ns3:TrackPointExtension>
        </extensions>
      </trkpt>
      <trkpt lat="31.278234757483005523681640625" lon="121.50191615335643291473388671875">
        <ele>3.599999904632568359375</ele>
        <time>2026-09-02T07:54:04.000Z</time>
        <extensions>
          <ns3:TrackPointExtension>
            <ns3:hr>109</ns3:hr>
            <ns3:cad>54</ns3:cad>
          </ns3:TrackPointExtension>
        </extensions>
      </trkpt>
      <trkpt lat="31.27827934920787811279296875" lon="121.50194230489432811737060546875">
        <ele>4</ele>
        <time>2026-09-02T07:54:08.000Z</time>
        <extensions>
          <ns3:TrackPointExtension>
            <ns3:hr>106</ns3:hr>
            <ns3:cad>56</ns3:cad>
          </ns3:TrackPointExtension>
        </extensions>
      </trkpt>
      <trkpt lat="31.2782946042716503143310546875" lon="121.501945070922374725341796875">
        <ele>4.19999980926513671875</ele>
        <time>2026-09-02T07:54:09.000Z</time>
        <extensions>
          <ns3:TrackPointExtension>
            <ns3:hr>105</ns3:hr>
            <ns3:cad>55</ns3:cad>
          </ns3:TrackPointExtension>
        </extensions>
      </trkpt>
      <trkpt lat="31.27830885350704193115234375" lon="121.50194984860718250274658203125">
        <ele>4.19999980926513671875</ele>
        <time>2026-09-02T07:54:10.000Z</time>
        <extensions>
          <ns3:TrackPointExtension>
            <ns3:hr>102</ns3:hr>
            <ns3:cad>55</ns3:cad>
          </ns3:TrackPointExtension>
        </extensions>
      </trkpt>
      <trkpt lat="31.27833743579685688018798828125" lon="121.5019596554338932037353515625">
        <ele>4.400000095367431640625</ele>
        <time>2026-09-02T07:54:12.000Z</time>
        <extensions>
          <ns3:TrackPointExtension>
            <ns3:hr>97</ns3:hr>
            <ns3:cad>55</ns3:cad>
          </ns3:TrackPointExtension>
        </extensions>
      </trkpt>
      <trkpt lat="31.27836023457348346710205078125" lon="121.50196040980517864227294921875">
        <ele>4.599999904632568359375</ele>
        <time>2026-09-02T07:54:14.000Z</time>
        <extensions>
          <ns3:TrackPointExtension>
            <ns3:hr>94</ns3:hr>
            <ns3:cad>54</ns3:cad>
          </ns3:TrackPointExtension>
        </extensions>
      </trkpt>
      <trkpt lat="31.27838973887264728546142578125" lon="121.50198119692504405975341796875">
        <ele>4.80000019073486328125</ele>
        <time>2026-09-02T07:54:17.000Z</time>
        <extensions>
          <ns3:TrackPointExtension>
            <ns3:hr>93</ns3:hr>
            <ns3:cad>55</ns3:cad>
          </ns3:TrackPointExtension>
        </extensions>
      </trkpt>
      <trkpt lat="31.278452016413211822509765625" lon="121.50202595628798007965087890625">
        <ele>5.19999980926513671875</ele>
        <time>2026-09-02T07:54:24.000Z</time>
        <extensions>
          <ns3:TrackPointExtension>
            <ns3:hr>90</ns3:hr>
            <ns3:cad>54</ns3:cad>
          </ns3:TrackPointExtension>
        </extensions>
      </trkpt>
      <trkpt lat="31.27847037278115749359130859375" lon="121.502040289342403411865234375">
        <ele>5.400000095367431640625</ele>
        <time>2026-09-02T07:54:26.000Z</time>
        <extensions>
          <ns3:TrackPointExtension>
            <ns3:hr>91</ns3:hr>
            <ns3:cad>54</ns3:cad>
          </ns3:TrackPointExtension>
        </extensions>
      </trkpt>
      <trkpt lat="31.27854011021554470062255859375" lon="121.5020863898098468780517578125">
        <ele>5.80000019073486328125</ele>
        <time>2026-09-02T07:54:32.000Z</time>
        <extensions>
          <ns3:TrackPointExtension>
            <ns3:hr>90</ns3:hr>
            <ns3:cad>55</ns3:cad>
          </ns3:TrackPointExtension>
        </extensions>
      </trkpt>
      <trkpt lat="31.278548575937747955322265625" lon="121.502100639045238494873046875">
        <ele>5.80000019073486328125</ele>
        <time>2026-09-02T07:54:33.000Z</time>
        <extensions>
          <ns3:TrackPointExtension>
            <ns3:hr>90</ns3:hr>
            <ns3:cad>55</ns3:cad>
          </ns3:TrackPointExtension>
        </extensions>
      </trkpt>
      <trkpt lat="31.278556287288665771484375" lon="121.5021098591387271881103515625">
        <ele>6</ele>
        <time>2026-09-02T07:54:34.000Z</time>
        <extensions>
          <ns3:TrackPointExtension>
            <ns3:hr>90</ns3:hr>
            <ns3:cad>55</ns3:cad>
          </ns3:TrackPointExtension>
        </extensions>
      </trkpt>
      <trkpt lat="31.2785980291664600372314453125" lon="121.50215704925358295440673828125">
        <ele>6.19999980926513671875</ele>
        <time>2026-09-02T07:54:38.000Z</time>
        <extensions>
          <ns3:TrackPointExtension>
            <ns3:hr>90</ns3:hr>
            <ns3:cad>55</ns3:cad>
          </ns3:TrackPointExtension>
        </extensions>
      </trkpt>
      <trkpt lat="31.27869517542421817779541015625" lon="121.50217674672603607177734375">
        <ele>7</ele>
        <time>2026-09-02T07:54:46.000Z</time>
        <extensions>
          <ns3:TrackPointExtension>
            <ns3:hr>89</ns3:hr>
            <ns3:cad>55</ns3:cad>
          </ns3:TrackPointExtension>
        </extensions>
      </trkpt>
      <trkpt lat="31.27878435887396335601806640625" lon="121.502236425876617431640625">
        <ele>7.599999904632568359375</ele>
        <time>2026-09-02T07:54:56.000Z</time>
        <extensions>
          <ns3:TrackPointExtension>
            <ns3:hr>88</ns3:hr>
            <ns3:cad>54</ns3:cad>
          </ns3:TrackPointExtension>
        </extensions>
      </trkpt>
      <trkpt lat="31.278809420764446258544921875" lon="121.50226752273738384246826171875">
        <ele>7.80000019073486328125</ele>
        <time>2026-09-02T07:54:59.000Z</time>
        <extensions>
          <ns3:TrackPointExtension>
            <ns3:hr>91</ns3:hr>
            <ns3:cad>0</ns3:cad>
          </ns3:TrackPointExtension>
        </extensions>
      </trkpt>
      <trkpt lat="31.2788578681647777557373046875" lon="121.50231261737644672393798828125">
        <ele>8.19999980926513671875</ele>
        <time>2026-09-02T07:55:04.000Z</time>
        <extensions>
          <ns3:TrackPointExtension>
            <ns3:hr>93</ns3:hr>
            <ns3:cad>0</ns3:cad>
          </ns3:TrackPointExtension>
        </extensions>
      </trkpt>
      <trkpt lat="31.27886583097279071807861328125" lon="121.502319239079952239990234375">
        <ele>8.19999980926513671875</ele>
        <time>2026-09-02T07:55:05.000Z</time>
        <extensions>
          <ns3:TrackPointExtension>
            <ns3:hr>93</ns3:hr>
            <ns3:cad>53</ns3:cad>
          </ns3:TrackPointExtension>
        </extensions>
      </trkpt>
      <trkpt lat="31.27888276241719722747802734375" lon="121.50233591906726360321044921875">
        <ele>8.19999980926513671875</ele>
        <time>2026-09-02T07:55:07.000Z</time>
        <extensions>
          <ns3:TrackPointExtension>
            <ns3:hr>90</ns3:hr>
            <ns3:cad>53</ns3:cad>
          </ns3:TrackPointExtension>
        </extensions>
      </trkpt>
      <trkpt lat="31.27889349125325679779052734375" lon="121.502340696752071380615234375">
        <ele>8.3999996185302734375</ele>
        <time>2026-09-02T07:55:08.000Z</time>
        <extensions>
          <ns3:TrackPointExtension>
            <ns3:hr>89</ns3:hr>
            <ns3:cad>53</ns3:cad>
          </ns3:TrackPointExtension>
        </extensions>
      </trkpt>
      <trkpt lat="31.2789255939424037933349609375" lon="121.502352096140384674072265625">
        <ele>8.6000003814697265625</ele>
        <time>2026-09-02T07:55:11.000Z</time>
        <extensions>
          <ns3:TrackPointExtension>
            <ns3:hr>87</ns3:hr>
            <ns3:cad>53</ns3:cad>
          </ns3:TrackPointExtension>
        </extensions>
      </trkpt>
      <trkpt lat="31.27894629724323749542236328125" lon="121.50235712528228759765625">
        <ele>8.80000019073486328125</ele>
        <time>2026-09-02T07:55:13.000Z</time>
        <extensions>
          <ns3:TrackPointExtension>
            <ns3:hr>87</ns3:hr>
            <ns3:cad>53</ns3:cad>
          </ns3:TrackPointExtension>
        </extensions>
      </trkpt>
      <trkpt lat="31.27895903773605823516845703125" lon="121.50236978195607662200927734375">
        <ele>8.80000019073486328125</ele>
        <time>2026-09-02T07:55:16.000Z</time>
        <extensions>
          <ns3:TrackPointExtension>
            <ns3:hr>86</ns3:hr>
            <ns3:cad>54</ns3:cad>
          </ns3:TrackPointExtension>
        </extensions>
      </trkpt>
      <trkpt lat="31.27892567776143550872802734375" lon="121.50236106477677822113037109375">
        <ele>8.6000003814697265625</ele>
        <time>2026-09-02T07:55:20.000Z</time>
        <extensions>
          <ns3:TrackPointExtension>
            <ns3:hr>85</ns3:hr>
            <ns3:cad>59</ns3:cad>
          </ns3:TrackPointExtension>
        </extensions>
      </trkpt>
      <trkpt lat="31.27890690229833126068115234375" lon="121.50235033594071865081787109375">
        <ele>8.3999996185302734375</ele>
        <time>2026-09-02T07:55:21.000Z</time>
        <extensions>
          <ns3:TrackPointExtension>
            <ns3:hr>85</ns3:hr>
            <ns3:cad>74</ns3:cad>
          </ns3:TrackPointExtension>
        </extensions>
      </trkpt>
      <trkpt lat="31.27880011685192584991455078125" lon="121.50231488049030303955078125">
        <ele>7.599999904632568359375</ele>
        <time>2026-09-02T07:55:26.000Z</time>
        <extensions>
          <ns3:TrackPointExtension>
            <ns3:hr>82</ns3:hr>
            <ns3:cad>83</ns3:cad>
          </ns3:TrackPointExtension>
        </extensions>
      </trkpt>
      <trkpt lat="31.27877949737012386322021484375" lon="121.50230574421584606170654296875">
        <ele>7.599999904632568359375</ele>
        <time>2026-09-02T07:55:27.000Z</time>
        <extensions>
          <ns3:TrackPointExtension>
            <ns3:hr>84</ns3:hr>
            <ns3:cad>83</ns3:cad>
          </ns3:TrackPointExtension>
        </extensions>
      </trkpt>
      <trkpt lat="31.27872535027563571929931640625" lon="121.50220700539648532867431640625">
        <ele>7.19999980926513671875</ele>
        <time>2026-09-02T07:55:31.000Z</time>
        <extensions>
          <ns3:TrackPointExtension>
            <ns3:hr>84</ns3:hr>
            <ns3:cad>83</ns3:cad>
          </ns3:TrackPointExtension>
        </extensions>
      </trkpt>
      <trkpt lat="31.2787455506622791290283203125" lon="121.502141542732715606689453125">
        <ele>7.400000095367431640625</ele>
        <time>2026-09-02T07:55:33.000Z</time>
        <extensions>
          <ns3:TrackPointExtension>
            <ns3:hr>88</ns3:hr>
            <ns3:cad>81</ns3:cad>
          </ns3:TrackPointExtension>
        </extensions>
      </trkpt>
      <trkpt lat="31.2787717022001743316650390625" lon="121.5021028183400630950927734375">
        <ele>8</ele>
        <time>2026-09-02T07:55:35.000Z</time>
        <extensions>
          <ns3:TrackPointExtension>
            <ns3:hr>92</ns3:hr>
            <ns3:cad>81</ns3:cad>
          </ns3:TrackPointExtension>
        </extensions>
      </trkpt>
      <trkpt lat="31.27880564890801906585693359375" lon="121.5020270459353923797607421875">
        <ele>9</ele>
        <time>2026-09-02T07:55:38.000Z</time>
        <extensions>
          <ns3:TrackPointExtension>
            <ns3:hr>94</ns3:hr>
            <ns3:cad>82</ns3:cad>
          </ns3:TrackPointExtension>
        </extensions>
      </trkpt>
      <trkpt lat="31.2788256816565990447998046875" lon="121.50195336900651454925537109375">
        <ele>9.80000019073486328125</ele>
        <time>2026-09-02T07:55:41.000Z</time>
        <extensions>
          <ns3:TrackPointExtension>
            <ns3:hr>98</ns3:hr>
            <ns3:cad>83</ns3:cad>
          </ns3:TrackPointExtension>
        </extensions>
      </trkpt>
      <trkpt lat="31.27883448265492916107177734375" lon="121.50189503096044063568115234375">
        <ele>9.80000019073486328125</ele>
        <time>2026-09-02T07:55:44.000Z</time>
        <extensions>
          <ns3:TrackPointExtension>
            <ns3:hr>101</ns3:hr>
            <ns3:cad>74</ns3:cad>
          </ns3:TrackPointExtension>
        </extensions>
      </trkpt>
      <trkpt lat="31.27883867360651493072509765625" lon="121.50180635042488574981689453125">
        <ele>9.3999996185302734375</ele>
        <time>2026-09-02T07:55:49.000Z</time>
        <extensions>
          <ns3:TrackPointExtension>
            <ns3:hr>102</ns3:hr>
            <ns3:cad>55</ns3:cad>
          </ns3:TrackPointExtension>
        </extensions>
      </trkpt>
      <trkpt lat="31.278857700526714324951171875" lon="121.50173007510602474212646484375">
        <ele>9.19999980926513671875</ele>
        <time>2026-09-02T07:55:53.000Z</time>
        <extensions>
          <ns3:TrackPointExtension>
            <ns3:hr>99</ns3:hr>
            <ns3:cad>67</ns3:cad>
          </ns3:TrackPointExtension>
        </extensions>
      </trkpt>
      <trkpt lat="31.2788699381053447723388671875" lon="121.5017092041671276092529296875">
        <ele>9.19999980926513671875</ele>
        <time>2026-09-02T07:55:54.000Z</time>
        <extensions>
          <ns3:TrackPointExtension>
            <ns3:hr>99</ns3:hr>
            <ns3:cad>67</ns3:cad>
          </ns3:TrackPointExtension>
        </extensions>
      </trkpt>
      <trkpt lat="31.27893037162721157073974609375" lon="121.5015536360442638397216796875">
        <ele>10.3999996185302734375</ele>
        <time>2026-09-02T07:56:00.000Z</time>
        <extensions>
          <ns3:TrackPointExtension>
            <ns3:hr>102</ns3:hr>
            <ns3:cad>82</ns3:cad>
          </ns3:TrackPointExtension>
        </extensions>
      </trkpt>
      <trkpt lat="31.2789572775363922119140625" lon="121.50144844315946102142333984375">
        <ele>9.80000019073486328125</ele>
        <time>2026-09-02T07:56:04.000Z</time>
        <extensions>
          <ns3:TrackPointExtension>
            <ns3:hr>105</ns3:hr>
            <ns3:cad>84</ns3:cad>
          </ns3:TrackPointExtension>
        </extensions>
      </trkpt>
      <trkpt lat="31.27900882624089717864990234375" lon="121.50131785310804843902587890625">
        <ele>9.19999980926513671875</ele>
        <time>2026-09-02T07:56:09.000Z</time>
        <extensions>
          <ns3:TrackPointExtension>
            <ns3:hr>104</ns3:hr>
            <ns3:cad>83</ns3:cad>
          </ns3:TrackPointExtension>
        </extensions>
      </trkpt>
      <trkpt lat="31.27905207686126232147216796875" lon="121.50112372823059558868408203125">
        <ele>11</ele>
        <time>2026-09-02T07:56:16.000Z</time>
        <extensions>
          <ns3:TrackPointExtension>
            <ns3:hr>105</ns3:hr>
            <ns3:cad>82</ns3:cad>
          </ns3:TrackPointExtension>
        </extensions>
      </trkpt>
      <trkpt lat="31.27911879681050777435302734375" lon="121.5009749494493007659912109375">
        <ele>12.80000019073486328125</ele>
        <time>2026-09-02T07:56:22.000Z</time>
        <extensions>
          <ns3:TrackPointExtension>
            <ns3:hr>108</ns3:hr>
            <ns3:cad>81</ns3:cad>
          </ns3:TrackPointExtension>
        </extensions>
      </trkpt>
      <trkpt lat="31.2791572697460651397705078125" lon="121.50086422450840473175048828125">
        <ele>14.3999996185302734375</ele>
        <time>2026-09-02T07:56:26.000Z</time>
        <extensions>
          <ns3:TrackPointExtension>
            <ns3:hr>111</ns3:hr>
            <ns3:cad>82</ns3:cad>
          </ns3:TrackPointExtension>
        </extensions>
      </trkpt>
      <trkpt lat="31.27919205464422702789306640625" lon="121.5008026175200939178466796875">
        <ele>13.80000019073486328125</ele>
        <time>2026-09-02T07:56:29.000Z</time>
        <extensions>
          <ns3:TrackPointExtension>
            <ns3:hr>114</ns3:hr>
            <ns3:cad>82</ns3:cad>
          </ns3:TrackPointExtension>
        </extensions>
      </trkpt>
      <trkpt lat="31.27921921201050281524658203125" lon="121.5007570199668407440185546875">
        <ele>13.3999996185302734375</ele>
        <time>2026-09-02T07:56:31.000Z</time>
        <extensions>
          <ns3:TrackPointExtension>
            <ns3:hr>115</ns3:hr>
            <ns3:cad>83</ns3:cad>
          </ns3:TrackPointExtension>
        </extensions>
      </trkpt>
      <trkpt lat="31.27928928472101688385009765625" lon="121.5006123483180999755859375">
        <ele>13</ele>
        <time>2026-09-02T07:56:37.000Z</time>
        <extensions>
          <ns3:TrackPointExtension>
            <ns3:hr>118</ns3:hr>
            <ns3:cad>83</ns3:cad>
          </ns3:TrackPointExtension>
        </extensions>
      </trkpt>
      <trkpt lat="31.2792964093387126922607421875" lon="121.50059365667402744293212890625">
        <ele>13</ele>
        <time>2026-09-02T07:56:38.000Z</time>
        <extensions>
          <ns3:TrackPointExtension>
            <ns3:hr>118</ns3:hr>
            <ns3:cad>83</ns3:cad>
          </ns3:TrackPointExtension>
        </extensions>
      </trkpt>
      <trkpt lat="31.27935265190899372100830078125" lon="121.50042098946869373321533203125">
        <ele>13.3999996185302734375</ele>
        <time>2026-09-02T07:56:45.000Z</time>
        <extensions>
          <ns3:TrackPointExtension>
            <ns3:hr>119</ns3:hr>
            <ns3:cad>83</ns3:cad>
          </ns3:TrackPointExtension>
        </extensions>
      </trkpt>
      <trkpt lat="31.2793996743857860565185546875" lon="121.5002306364476680755615234375">
        <ele>13.80000019073486328125</ele>
        <time>2026-09-02T07:56:52.000Z</time>
        <extensions>
          <ns3:TrackPointExtension>
            <ns3:hr>121</ns3:hr>
            <ns3:cad>83</ns3:cad>
          </ns3:TrackPointExtension>
        </extensions>
      </trkpt>
      <trkpt lat="31.2794576771557331085205078125" lon="121.50006626732647418975830078125">
        <ele>16</ele>
        <time>2026-09-02T07:56:58.000Z</time>
        <extensions>
          <ns3:TrackPointExtension>
            <ns3:hr>122</ns3:hr>
            <ns3:cad>83</ns3:cad>
          </ns3:TrackPointExtension>
        </extensions>
      </trkpt>
      <trkpt lat="31.279461197555065155029296875" lon="121.5000452287495136260986328125">
        <ele>16.200000762939453125</ele>
        <time>2026-09-02T07:56:59.000Z</time>
        <extensions>
          <ns3:TrackPointExtension>
            <ns3:hr>122</ns3:hr>
            <ns3:cad>83</ns3:cad>
          </ns3:TrackPointExtension>
        </extensions>
      </trkpt>
      <trkpt lat="31.2795606069266796112060546875" lon="121.49988370947539806365966796875">
        <ele>14.80000019073486328125</ele>
        <time>2026-09-02T07:57:06.000Z</time>
        <extensions>
          <ns3:TrackPointExtension>
            <ns3:hr>122</ns3:hr>
            <ns3:cad>83</ns3:cad>
          </ns3:TrackPointExtension>
        </extensions>
      </trkpt>
      <trkpt lat="31.2795956432819366455078125" lon="121.49984850548207759857177734375">
        <ele>14.3999996185302734375</ele>
        <time>2026-09-02T07:57:10.000Z</time>
        <extensions>
          <ns3:TrackPointExtension>
            <ns3:hr>122</ns3:hr>
            <ns3:cad>83</ns3:cad>
          </ns3:TrackPointExtension>
        </extensions>
      </trkpt>
      <trkpt lat="31.27960167825222015380859375" lon="121.4998457394540309906005859375">
        <ele>14.3999996185302734375</ele>
        <time>2026-09-02T07:57:11.000Z</time>
        <extensions>
          <ns3:TrackPointExtension>
            <ns3:hr>121</ns3:hr>
            <ns3:cad>83</ns3:cad>
          </ns3:TrackPointExtension>
        </extensions>
      </trkpt>
      <trkpt lat="31.27964861690998077392578125" lon="121.49982235394418239593505859375">
        <ele>14.19999980926513671875</ele>
        <time>2026-09-02T07:57:17.000Z</time>
        <extensions>
          <ns3:TrackPointExtension>
            <ns3:hr>120</ns3:hr>
            <ns3:cad>0</ns3:cad>
          </ns3:TrackPointExtension>
        </extensions>
      </trkpt>
      <trkpt lat="31.279700584709644317626953125" lon="121.49980123154819011688232421875">
        <ele>14</ele>
        <time>2026-09-02T07:57:25.000Z</time>
        <extensions>
          <ns3:TrackPointExtension>
            <ns3:hr>120</ns3:hr>
            <ns3:cad>51</ns3:cad>
          </ns3:TrackPointExtension>
        </extensions>
      </trkpt>
      <trkpt lat="31.279752217233180999755859375" lon="121.49983878247439861297607421875">
        <ele>14.6000003814697265625</ele>
        <time>2026-09-02T07:57:32.000Z</time>
        <extensions>
          <ns3:TrackPointExtension>
            <ns3:hr>121</ns3:hr>
            <ns3:cad>54</ns3:cad>
          </ns3:TrackPointExtension>
        </extensions>
      </trkpt>
      <trkpt lat="31.27976688556373119354248046875" lon="121.4998425543308258056640625">
        <ele>14.6000003814697265625</ele>
        <time>2026-09-02T07:57:34.000Z</time>
        <extensions>
          <ns3:TrackPointExtension>
            <ns3:hr>120</ns3:hr>
            <ns3:cad>55</ns3:cad>
          </ns3:TrackPointExtension>
        </extensions>
      </trkpt>
      <trkpt lat="31.2797963060438632965087890625" lon="121.4998410455882549285888671875">
        <ele>14.80000019073486328125</ele>
        <time>2026-09-02T07:57:37.000Z</time>
        <extensions>
          <ns3:TrackPointExtension>
            <ns3:hr>117</ns3:hr>
            <ns3:cad>55</ns3:cad>
          </ns3:TrackPointExtension>
        </extensions>
      </trkpt>
      <trkpt lat="31.2798013351857662200927734375" lon="121.499841213226318359375">
        <ele>15</ele>
        <time>2026-09-02T07:57:38.000Z</time>
        <extensions>
          <ns3:TrackPointExtension>
            <ns3:hr>118</ns3:hr>
            <ns3:cad>55</ns3:cad>
          </ns3:TrackPointExtension>
        </extensions>
      </trkpt>
      <trkpt lat="31.279841400682926177978515625" lon="121.49984414689242839813232421875">
        <ele>15.3999996185302734375</ele>
        <time>2026-09-02T07:57:45.000Z</time>
        <extensions>
          <ns3:TrackPointExtension>
            <ns3:hr>115</ns3:hr>
            <ns3:cad>55</ns3:cad>
          </ns3:TrackPointExtension>
        </extensions>
      </trkpt>
      <trkpt lat="31.27985372208058834075927734375" lon="121.49984884075820446014404296875">
        <ele>15.6000003814697265625</ele>
        <time>2026-09-02T07:57:47.000Z</time>
        <extensions>
          <ns3:TrackPointExtension>
            <ns3:hr>113</ns3:hr>
            <ns3:cad>55</ns3:cad>
          </ns3:TrackPointExtension>
        </extensions>
      </trkpt>
      <trkpt lat="31.2798745930194854736328125" lon="121.49985370226204395294189453125">
        <ele>16</ele>
        <time>2026-09-02T07:57:51.000Z</time>
        <extensions>
          <ns3:TrackPointExtension>
            <ns3:hr>110</ns3:hr>
            <ns3:cad>55</ns3:cad>
          </ns3:TrackPointExtension>
        </extensions>
      </trkpt>
      <trkpt lat="31.2798838131129741668701171875" lon="121.4998480863869190216064453125">
        <ele>16.200000762939453125</ele>
        <time>2026-09-02T07:57:54.000Z</time>
        <extensions>
          <ns3:TrackPointExtension>
            <ns3:hr>110</ns3:hr>
            <ns3:cad>55</ns3:cad>
          </ns3:TrackPointExtension>
        </extensions>
      </trkpt>
      <trkpt lat="31.27990770153701305389404296875" lon="121.49983325041830539703369140625">
        <ele>16.3999996185302734375</ele>
        <time>2026-09-02T07:57:56.000Z</time>
        <extensions>
          <ns3:TrackPointExtension>
            <ns3:hr>111</ns3:hr>
            <ns3:cad>55</ns3:cad>
          </ns3:TrackPointExtension>
        </extensions>
      </trkpt>
      <trkpt lat="31.2799206934869289398193359375" lon="121.4998293109238147735595703125">
        <ele>16.6000003814697265625</ele>
        <time>2026-09-02T07:57:57.000Z</time>
        <extensions>
          <ns3:TrackPointExtension>
            <ns3:hr>107</ns3:hr>
            <ns3:cad>55</ns3:cad>
          </ns3:TrackPointExtension>
        </extensions>
      </trkpt>
      <trkpt lat="31.2799324281513690948486328125" lon="121.499810032546520233154296875">
        <ele>16.799999237060546875</ele>
        <time>2026-09-02T07:57:58.000Z</time>
        <extensions>
          <ns3:TrackPointExtension>
            <ns3:hr>108</ns3:hr>
            <ns3:cad>55</ns3:cad>
          </ns3:TrackPointExtension>
        </extensions>
      </trkpt>
      <trkpt lat="31.27995145507156848907470703125" lon="121.49979352019727230072021484375">
        <ele>17</ele>
        <time>2026-09-02T07:58:00.000Z</time>
        <extensions>
          <ns3:TrackPointExtension>
            <ns3:hr>106</ns3:hr>
            <ns3:cad>55</ns3:cad>
          </ns3:TrackPointExtension>
        </extensions>
      </trkpt>
      <trkpt lat="31.2799751758575439453125" lon="121.4997887425124645233154296875">
        <ele>16.6000003814697265625</ele>
        <time>2026-09-02T07:58:02.000Z</time>
        <extensions>
          <ns3:TrackPointExtension>
            <ns3:hr>105</ns3:hr>
            <ns3:cad>55</ns3:cad>
          </ns3:TrackPointExtension>
        </extensions>
      </trkpt>
      <trkpt lat="31.2800061888992786407470703125" lon="121.49978823959827423095703125">
        <ele>16.200000762939453125</ele>
        <time>2026-09-02T07:58:04.000Z</time>
        <extensions>
          <ns3:TrackPointExtension>
            <ns3:hr>102</ns3:hr>
            <ns3:cad>55</ns3:cad>
          </ns3:TrackPointExtension>
        </extensions>
      </trkpt>
      <trkpt lat="31.28001968376338481903076171875" lon="121.49978882633149623870849609375">
        <ele>16.200000762939453125</ele>
        <time>2026-09-02T07:58:05.000Z</time>
        <extensions>
          <ns3:TrackPointExtension>
            <ns3:hr>101</ns3:hr>
            <ns3:cad>55</ns3:cad>
          </ns3:TrackPointExtension>
        </extensions>
      </trkpt>
      <trkpt lat="31.28004717640578746795654296875" lon="121.49980022571980953216552734375">
        <ele>16</ele>
        <time>2026-09-02T07:58:07.000Z</time>
        <extensions>
          <ns3:TrackPointExtension>
            <ns3:hr>98</ns3:hr>
            <ns3:cad>54</ns3:cad>
          </ns3:TrackPointExtension>
        </extensions>
      </trkpt>
      <trkpt lat="31.2800489366054534912109375" lon="121.49981372058391571044921875">
        <ele>15.80000019073486328125</ele>
        <time>2026-09-02T07:58:08.000Z</time>
        <extensions>
          <ns3:TrackPointExtension>
            <ns3:hr>94</ns3:hr>
            <ns3:cad>54</ns3:cad>
          </ns3:TrackPointExtension>
        </extensions>
      </trkpt>
      <trkpt lat="31.28007533960044384002685546875" lon="121.49983895011246204376220703125">
        <ele>15.3999996185302734375</ele>
        <time>2026-09-02T07:58:10.000Z</time>
        <extensions>
          <ns3:TrackPointExtension>
            <ns3:hr>92</ns3:hr>
            <ns3:cad>54</ns3:cad>
          </ns3:TrackPointExtension>
        </extensions>
      </trkpt>
      <trkpt lat="31.28008606843650341033935546875" lon="121.4998517744243144989013671875">
        <ele>15.19999980926513671875</ele>
        <time>2026-09-02T07:58:11.000Z</time>
        <extensions>
          <ns3:TrackPointExtension>
            <ns3:hr>91</ns3:hr>
            <ns3:cad>54</ns3:cad>
          </ns3:TrackPointExtension>
        </extensions>
      </trkpt>
      <trkpt lat="31.28010316751897335052490234375" lon="121.499863006174564361572265625">
        <ele>15</ele>
        <time>2026-09-02T07:58:13.000Z</time>
        <extensions>
          <ns3:TrackPointExtension>
            <ns3:hr>90</ns3:hr>
            <ns3:cad>56</ns3:cad>
          </ns3:TrackPointExtension>
        </extensions>
      </trkpt>
      <trkpt lat="31.28016167320311069488525390625" lon="121.4998987130820751190185546875">
        <ele>14.3999996185302734375</ele>
        <time>2026-09-02T07:58:18.000Z</time>
        <extensions>
          <ns3:TrackPointExtension>
            <ns3:hr>90</ns3:hr>
            <ns3:cad>55</ns3:cad>
          </ns3:TrackPointExtension>
        </extensions>
      </trkpt>
      <trkpt lat="31.28024364821612834930419921875" lon="121.49998010136187076568603515625">
        <ele>13.19999980926513671875</ele>
        <time>2026-09-02T07:58:25.000Z</time>
        <extensions>
          <ns3:TrackPointExtension>
            <ns3:hr>90</ns3:hr>
            <ns3:cad>56</ns3:cad>
          </ns3:TrackPointExtension>
        </extensions>
      </trkpt>
      <trkpt lat="31.2803273834288120269775390625" lon="121.500039361417293548583984375">
        <ele>11.6000003814697265625</ele>
        <time>2026-09-02T07:58:33.000Z</time>
        <extensions>
          <ns3:TrackPointExtension>
            <ns3:hr>87</ns3:hr>
            <ns3:cad>57</ns3:cad>
          </ns3:TrackPointExtension>
        </extensions>
      </trkpt>
      <trkpt lat="31.2803371064364910125732421875" lon="121.50003877468407154083251953125">
        <ele>11.6000003814697265625</ele>
        <time>2026-09-02T07:58:34.000Z</time>
        <extensions>
          <ns3:TrackPointExtension>
            <ns3:hr>86</ns3:hr>
            <ns3:cad>55</ns3:cad>
          </ns3:TrackPointExtension>
        </extensions>
      </trkpt>
      <trkpt lat="31.2803840450942516326904296875" lon="121.50003341026604175567626953125">
        <ele>11</ele>
        <time>2026-09-02T07:58:42.000Z</time>
        <extensions>
          <ns3:TrackPointExtension>
            <ns3:hr>85</ns3:hr>
            <ns3:cad>55</ns3:cad>
          </ns3:TrackPointExtension>
        </extensions>
      </trkpt>
      <trkpt lat="31.28043576143682003021240234375" lon="121.5000556223094463348388671875">
        <ele>10.19999980926513671875</ele>
        <time>2026-09-02T07:58:49.000Z</time>
        <extensions>
          <ns3:TrackPointExtension>
            <ns3:hr>84</ns3:hr>
            <ns3:cad>55</ns3:cad>
          </ns3:TrackPointExtension>
        </extensions>
      </trkpt>
      <trkpt lat="31.28051287494599819183349609375" lon="121.500069536268711090087890625">
        <ele>9.3999996185302734375</ele>
        <time>2026-09-02T07:58:57.000Z</time>
        <extensions>
          <ns3:TrackPointExtension>
            <ns3:hr>87</ns3:hr>
            <ns3:cad>57</ns3:cad>
          </ns3:TrackPointExtension>
        </extensions>
      </trkpt>
      <trkpt lat="31.2806133739650249481201171875" lon="121.50016500614583492279052734375">
        <ele>9.19999980926513671875</ele>
        <time>2026-09-02T07:59:05.000Z</time>
        <extensions>
          <ns3:TrackPointExtension>
            <ns3:hr>89</ns3:hr>
            <ns3:cad>57</ns3:cad>
          </ns3:TrackPointExtension>
        </extensions>
      </trkpt>
      <trkpt lat="31.28071705810725688934326171875" lon="121.50022569112479686737060546875">
        <ele>9.19999980926513671875</ele>
        <time>2026-09-02T07:59:12.000Z</time>
        <extensions>
          <ns3:TrackPointExtension>
            <ns3:hr>91</ns3:hr>
            <ns3:cad>57</ns3:cad>
          </ns3:TrackPointExtension>
        </extensions>
      </trkpt>
      <trkpt lat="31.28072527237236499786376953125" lon="121.5002368390560150146484375">
        <ele>9.19999980926513671875</ele>
        <time>2026-09-02T07:59:13.000Z</time>
        <extensions>
          <ns3:TrackPointExtension>
            <ns3:hr>91</ns3:hr>
            <ns3:cad>57</ns3:cad>
          </ns3:TrackPointExtension>
        </extensions>
      </trkpt>
      <trkpt lat="31.2808078341186046600341796875" lon="121.50026927702128887176513671875">
        <ele>9.6000003814697265625</ele>
        <time>2026-09-02T07:59:23.000Z</time>
        <extensions>
          <ns3:TrackPointExtension>
            <ns3:hr>91</ns3:hr>
            <ns3:cad>54</ns3:cad>
          </ns3:TrackPointExtension>
        </extensions>
      </trkpt>
      <trkpt lat="31.2808209098875522613525390625" lon="121.5002797544002532958984375">
        <ele>9.3999996185302734375</ele>
        <time>2026-09-02T07:59:29.000Z</time>
        <extensions>
          <ns3:TrackPointExtension>
            <ns3:hr>90</ns3:hr>
            <ns3:cad>0</ns3:cad>
          </ns3:TrackPointExtension>
        </extensions>
      </trkpt>
      <trkpt lat="31.2808214128017425537109375" lon="121.500280760228633880615234375">
        <ele>9.3999996185302734375</ele>
        <time>2026-09-02T07:59:38.000Z</time>
        <extensions>
          <ns3:TrackPointExtension>
            <ns3:hr>90</ns3:hr>
            <ns3:cad>0</ns3:cad>
          </ns3:TrackPointExtension>
        </extensions>
      </trkpt>
      <trkpt lat="31.28082484938204288482666015625" lon="121.50027832947671413421630859375">
        <ele>9.3999996185302734375</ele>
        <time>2026-09-02T07:59:42.000Z</time>
        <extensions>
          <ns3:TrackPointExtension>
            <ns3:hr>87</ns3:hr>
            <ns3:cad>0</ns3:cad>
          </ns3:TrackPointExtension>
        </extensions>
      </trkpt>
      <trkpt lat="31.28085318021476268768310546875" lon="121.5002598054707050323486328125">
        <ele>9.80000019073486328125</ele>
        <time>2026-09-02T07:59:46.000Z</time>
        <extensions>
          <ns3:TrackPointExtension>
            <ns3:hr>87</ns3:hr>
            <ns3:cad>55</ns3:cad>
          </ns3:TrackPointExtension>
        </extensions>
      </trkpt>
      <trkpt lat="31.28094571642577648162841796875" lon="121.5001672692596912384033203125">
        <ele>11.6000003814697265625</ele>
        <time>2026-09-02T07:59:55.000Z</time>
        <extensions>
          <ns3:TrackPointExtension>
            <ns3:hr>83</ns3:hr>
            <ns3:cad>55</ns3:cad>
          </ns3:TrackPointExtension>
        </extensions>
      </trkpt>
      <trkpt lat="31.28094948828220367431640625" lon="121.50015033781528472900390625">
        <ele>11.6000003814697265625</ele>
        <time>2026-09-02T07:59:56.000Z</time>
        <extensions>
          <ns3:TrackPointExtension>
            <ns3:hr>85</ns3:hr>
            <ns3:cad>56</ns3:cad>
          </ns3:TrackPointExtension>
        </extensions>
      </trkpt>
      <trkpt lat="31.2809687666594982147216796875" lon="121.50009979493916034698486328125">
        <ele>11.6000003814697265625</ele>
        <time>2026-09-02T07:59:59.000Z</time>
        <extensions>
          <ns3:TrackPointExtension>
            <ns3:hr>90</ns3:hr>
            <ns3:cad>56</ns3:cad>
          </ns3:TrackPointExtension>
        </extensions>
      </trkpt>
      <trkpt lat="31.280973292887210845947265625" lon="121.50008303113281726837158203125">
        <ele>11.6000003814697265625</ele>
        <time>2026-09-02T08:00:00.000Z</time>
        <extensions>
          <ns3:TrackPointExtension>
            <ns3:hr>87</ns3:hr>
            <ns3:cad>57</ns3:cad>
          </ns3:TrackPointExtension>
        </extensions>
      </trkpt>
      <trkpt lat="31.2809976004064083099365234375" lon="121.5000207535922527313232421875">
        <ele>11.6000003814697265625</ele>
        <time>2026-09-02T08:00:04.000Z</time>
        <extensions>
          <ns3:TrackPointExtension>
            <ns3:hr>84</ns3:hr>
            <ns3:cad>57</ns3:cad>
          </ns3:TrackPointExtension>
        </extensions>
      </trkpt>
      <trkpt lat="31.281002461910247802734375" lon="121.50000994093716144561767578125">
        <ele>11.6000003814697265625</ele>
        <time>2026-09-02T08:00:05.000Z</time>
        <extensions>
          <ns3:TrackPointExtension>
            <ns3:hr>84</ns3:hr>
            <ns3:cad>57</ns3:cad>
          </ns3:TrackPointExtension>
        </extensions>
      </trkpt>
      <trkpt lat="31.2810093350708484649658203125" lon="121.50000155903398990631103515625">
        <ele>11.6000003814697265625</ele>
        <time>2026-09-02T08:00:06.000Z</time>
        <extensions>
          <ns3:TrackPointExtension>
            <ns3:hr>84</ns3:hr>
            <ns3:cad>57</ns3:cad>
          </ns3:TrackPointExtension>
        </extensions>
      </trkpt>
      <trkpt lat="31.28103959374129772186279296875" lon="121.49996333755552768707275390625">
        <ele>11.3999996185302734375</ele>
        <time>2026-09-02T08:00:11.000Z</time>
        <extensions>
          <ns3:TrackPointExtension>
            <ns3:hr>87</ns3:hr>
            <ns3:cad>60</ns3:cad>
          </ns3:TrackPointExtension>
        </extensions>
      </trkpt>
      <trkpt lat="31.28104428760707378387451171875" lon="121.4999419637024402618408203125">
        <ele>11.3999996185302734375</ele>
        <time>2026-09-02T08:00:12.000Z</time>
        <extensions>
          <ns3:TrackPointExtension>
            <ns3:hr>84</ns3:hr>
            <ns3:cad>60</ns3:cad>
          </ns3:TrackPointExtension>
        </extensions>
      </trkpt>
      <trkpt lat="31.281044371426105499267578125" lon="121.49985638447105884552001953125">
        <ele>11.3999996185302734375</ele>
        <time>2026-09-02T08:00:16.000Z</time>
        <extensions>
          <ns3:TrackPointExtension>
            <ns3:hr>81</ns3:hr>
            <ns3:cad>82</ns3:cad>
          </ns3:TrackPointExtension>
        </extensions>
      </trkpt>
      <trkpt lat="31.28109826706349849700927734375" lon="121.49964683689177036285400390625">
        <ele>9.3999996185302734375</ele>
        <time>2026-09-02T08:00:24.000Z</time>
        <extensions>
          <ns3:TrackPointExtension>
            <ns3:hr>83</ns3:hr>
            <ns3:cad>84</ns3:cad>
          </ns3:TrackPointExtension>
        </extensions>
      </trkpt>
      <trkpt lat="31.2811397574841976165771484375" lon="121.49952479638159275054931640625">
        <ele>7.80000019073486328125</ele>
        <time>2026-09-02T08:00:29.000Z</time>
        <extensions>
          <ns3:TrackPointExtension>
            <ns3:hr>87</ns3:hr>
            <ns3:cad>85</ns3:cad>
          </ns3:TrackPointExtension>
        </extensions>
      </trkpt>
      <trkpt lat="31.28115593455731868743896484375" lon="121.4994799531996250152587890625">
        <ele>8</ele>
        <time>2026-09-02T08:00:31.000Z</time>
        <extensions>
          <ns3:TrackPointExtension>
            <ns3:hr>90</ns3:hr>
            <ns3:cad>84</ns3:cad>
          </ns3:TrackPointExtension>
        </extensions>
      </trkpt>
      <trkpt lat="31.2811706028878688812255859375" lon="121.4994402229785919189453125">
        <ele>8</ele>
        <time>2026-09-02T08:00:33.000Z</time>
        <extensions>
          <ns3:TrackPointExtension>
            <ns3:hr>95</ns3:hr>
            <ns3:cad>84</ns3:cad>
          </ns3:TrackPointExtension>
        </extensions>
      </trkpt>
      <trkpt lat="31.281191222369670867919921875" lon="121.49939621798694133758544921875">
        <ele>7.80000019073486328125</ele>
        <time>2026-09-02T08:00:35.000Z</time>
        <extensions>
          <ns3:TrackPointExtension>
            <ns3:hr>99</ns3:hr>
            <ns3:cad>84</ns3:cad>
          </ns3:TrackPointExtension>
        </extensions>
      </trkpt>
      <trkpt lat="31.28120253793895244598388671875" lon="121.499352715909481048583984375">
        <ele>7.599999904632568359375</ele>
        <time>2026-09-02T08:00:37.000Z</time>
        <extensions>
          <ns3:TrackPointExtension>
            <ns3:hr>102</ns3:hr>
            <ns3:cad>84</ns3:cad>
          </ns3:TrackPointExtension>
        </extensions>
      </trkpt>
      <trkpt lat="31.28122583962976932525634765625" lon="121.499305777251720428466796875">
        <ele>7.599999904632568359375</ele>
        <time>2026-09-02T08:00:39.000Z</time>
        <extensions>
          <ns3:TrackPointExtension>
            <ns3:hr>105</ns3:hr>
            <ns3:cad>83</ns3:cad>
          </ns3:TrackPointExtension>
        </extensions>
      </trkpt>
      <trkpt lat="31.281243525445461273193359375" lon="121.499270237982273101806640625">
        <ele>7.599999904632568359375</ele>
        <time>2026-09-02T08:00:41.000Z</time>
        <extensions>
          <ns3:TrackPointExtension>
            <ns3:hr>108</ns3:hr>
            <ns3:cad>83</ns3:cad>
          </ns3:TrackPointExtension>
        </extensions>
      </trkpt>
      <trkpt lat="31.28128602169454097747802734375" lon="121.49918599985539913177490234375">
        <ele>7.80000019073486328125</ele>
        <time>2026-09-02T08:00:45.000Z</time>
        <extensions>
          <ns3:TrackPointExtension>
            <ns3:hr>111</ns3:hr>
            <ns3:cad>83</ns3:cad>
          </ns3:TrackPointExtension>
        </extensions>
      </trkpt>
      <trkpt lat="31.28130312077701091766357421875" lon="121.4991463534533977508544921875">
        <ele>8</ele>
        <time>2026-09-02T08:00:48.000Z</time>
        <extensions>
          <ns3:TrackPointExtension>
            <ns3:hr>111</ns3:hr>
            <ns3:cad>83</ns3:cad>
          </ns3:TrackPointExtension>
        </extensions>
      </trkpt>
      <trkpt lat="31.2813208065927028656005859375" lon="121.4991034381091594696044921875">
        <ele>8.19999980926513671875</ele>
        <time>2026-09-02T08:00:52.000Z</time>
        <extensions>
          <ns3:TrackPointExtension>
            <ns3:hr>110</ns3:hr>
            <ns3:cad>83</ns3:cad>
          </ns3:TrackPointExtension>
        </extensions>
      </trkpt>
      <trkpt lat="31.281334049999713897705078125" lon="121.49907452054321765899658203125">
        <ele>8.3999996185302734375</ele>
        <time>2026-09-02T08:00:54.000Z</time>
        <extensions>
          <ns3:TrackPointExtension>
            <ns3:hr>110</ns3:hr>
            <ns3:cad>57</ns3:cad>
          </ns3:TrackPointExtension>
        </extensions>
      </trkpt>
      <trkpt lat="31.2813643924891948699951171875" lon="121.49899573065340518951416015625">
        <ele>8.6000003814697265625</ele>
        <time>2026-09-02T08:00:58.000Z</time>
        <extensions>
          <ns3:TrackPointExtension>
            <ns3:hr>107</ns3:hr>
            <ns3:cad>57</ns3:cad>
          </ns3:TrackPointExtension>
        </extensions>
      </trkpt>
      <trkpt lat="31.2814012728631496429443359375" lon="121.4989252388477325439453125">
        <ele>8.3999996185302734375</ele>
        <time>2026-09-02T08:01:02.000Z</time>
        <extensions>
          <ns3:TrackPointExtension>
            <ns3:hr>107</ns3:hr>
            <ns3:cad>83</ns3:cad>
          </ns3:TrackPointExtension>
        </extensions>
      </trkpt>
      <trkpt lat="31.28150395117700099945068359375" lon="121.4987584389746189117431640625">
        <ele>6.80000019073486328125</ele>
        <time>2026-09-02T08:01:10.000Z</time>
        <extensions>
          <ns3:TrackPointExtension>
            <ns3:hr>108</ns3:hr>
            <ns3:cad>84</ns3:cad>
          </ns3:TrackPointExtension>
        </extensions>
      </trkpt>
      <trkpt lat="31.28154183737933635711669921875" lon="121.49854637682437896728515625">
        <ele>7.19999980926513671875</ele>
        <time>2026-09-02T08:01:17.000Z</time>
        <extensions>
          <ns3:TrackPointExtension>
            <ns3:hr>110</ns3:hr>
            <ns3:cad>84</ns3:cad>
          </ns3:TrackPointExtension>
        </extensions>
      </trkpt>
      <trkpt lat="31.2815715931355953216552734375" lon="121.4984194748103618621826171875">
        <ele>7.19999980926513671875</ele>
        <time>2026-09-02T08:01:20.000Z</time>
        <extensions>
          <ns3:TrackPointExtension>
            <ns3:hr>114</ns3:hr>
            <ns3:cad>84</ns3:cad>
          </ns3:TrackPointExtension>
        </extensions>
      </trkpt>
      <trkpt lat="31.28160059452056884765625" lon="121.49834764190018177032470703125">
        <ele>7</ele>
        <time>2026-09-02T08:01:24.000Z</time>
        <extensions>
          <ns3:TrackPointExtension>
            <ns3:hr>116</ns3:hr>
            <ns3:cad>83</ns3:cad>
          </ns3:TrackPointExtension>
        </extensions>
      </trkpt>
      <trkpt lat="31.28166739828884601593017578125" lon="121.49815284647047519683837890625">
        <ele>7.400000095367431640625</ele>
        <time>2026-09-02T08:01:32.000Z</time>
        <extensions>
          <ns3:TrackPointExtension>
            <ns3:hr>118</ns3:hr>
            <ns3:cad>84</ns3:cad>
          </ns3:TrackPointExtension>
        </extensions>
      </trkpt>
      <trkpt lat="31.2817338667809963226318359375" lon="121.497948579490184783935546875">
        <ele>6.599999904632568359375</ele>
        <time>2026-09-02T08:01:40.000Z</time>
        <extensions>
          <ns3:TrackPointExtension>
            <ns3:hr>119</ns3:hr>
            <ns3:cad>83</ns3:cad>
          </ns3:TrackPointExtension>
        </extensions>
      </trkpt>
      <trkpt lat="31.2817868404090404510498046875" lon="121.4977276325225830078125">
        <ele>8</ele>
        <time>2026-09-02T08:01:48.000Z</time>
        <extensions>
          <ns3:TrackPointExtension>
            <ns3:hr>121</ns3:hr>
            <ns3:cad>83</ns3:cad>
          </ns3:TrackPointExtension>
        </extensions>
      </trkpt>
      <trkpt lat="31.28181056119501590728759765625" lon="121.49767776019871234893798828125">
        <ele>8</ele>
        <time>2026-09-02T08:01:50.000Z</time>
        <extensions>
          <ns3:TrackPointExtension>
            <ns3:hr>121</ns3:hr>
            <ns3:cad>83</ns3:cad>
          </ns3:TrackPointExtension>
        </extensions>
      </trkpt>
      <trkpt lat="31.28185213543474674224853515625" lon="121.49754993617534637451171875">
        <ele>8</ele>
        <time>2026-09-02T08:01:55.000Z</time>
        <extensions>
          <ns3:TrackPointExtension>
            <ns3:hr>122</ns3:hr>
            <ns3:cad>83</ns3:cad>
          </ns3:TrackPointExtension>
        </extensions>
      </trkpt>
      <trkpt lat="31.28190569579601287841796875" lon="121.49733225814998149871826171875">
        <ele>7.400000095367431640625</ele>
        <time>2026-09-02T08:02:03.000Z</time>
        <extensions>
          <ns3:TrackPointExtension>
            <ns3:hr>123</ns3:hr>
            <ns3:cad>84</ns3:cad>
          </ns3:TrackPointExtension>
        </extensions>
      </trkpt>
      <trkpt lat="31.281964369118213653564453125" lon="121.4971987344324588775634765625">
        <ele>6.599999904632568359375</ele>
        <time>2026-09-02T08:02:08.000Z</time>
        <extensions>
          <ns3:TrackPointExtension>
            <ns3:hr>123</ns3:hr>
            <ns3:cad>84</ns3:cad>
          </ns3:TrackPointExtension>
        </extensions>
      </trkpt>
      <trkpt lat="31.28204743377864360809326171875" lon="121.49700033478438854217529296875">
        <ele>6</ele>
        <time>2026-09-02T08:02:16.000Z</time>
        <extensions>
          <ns3:TrackPointExtension>
            <ns3:hr>124</ns3:hr>
            <ns3:cad>83</ns3:cad>
          </ns3:TrackPointExtension>
        </extensions>
      </trkpt>
      <trkpt lat="31.282133348286151885986328125" lon="121.49678952991962432861328125">
        <ele>7</ele>
        <time>2026-09-02T08:02:23.000Z</time>
        <extensions>
          <ns3:TrackPointExtension>
            <ns3:hr>125</ns3:hr>
            <ns3:cad>84</ns3:cad>
          </ns3:TrackPointExtension>
        </extensions>
      </trkpt>
      <trkpt lat="31.2821968831121921539306640625" lon="121.49657805450260639190673828125">
        <ele>7.19999980926513671875</ele>
        <time>2026-09-02T08:02:31.000Z</time>
        <extensions>
          <ns3:TrackPointExtension>
            <ns3:hr>125</ns3:hr>
            <ns3:cad>84</ns3:cad>
          </ns3:TrackPointExtension>
        </extensions>
      </trkpt>
      <trkpt lat="31.2822119705379009246826171875" lon="121.496518291532993316650390625">
        <ele>7.19999980926513671875</ele>
        <time>2026-09-02T08:02:33.000Z</time>
        <extensions>
          <ns3:TrackPointExtension>
            <ns3:hr>125</ns3:hr>
            <ns3:cad>84</ns3:cad>
          </ns3:TrackPointExtension>
        </extensions>
      </trkpt>
      <trkpt lat="31.2822563946247100830078125" lon="121.49632860906422138214111328125">
        <ele>7.599999904632568359375</ele>
        <time>2026-09-02T08:02:40.000Z</time>
        <extensions>
          <ns3:TrackPointExtension>
            <ns3:hr>127</ns3:hr>
            <ns3:cad>84</ns3:cad>
          </ns3:TrackPointExtension>
        </extensions>
      </trkpt>
      <trkpt lat="31.28231414593756198883056640625" lon="121.4962188899517059326171875">
        <ele>8.3999996185302734375</ele>
        <time>2026-09-02T08:02:45.000Z</time>
        <extensions>
          <ns3:TrackPointExtension>
            <ns3:hr>127</ns3:hr>
            <ns3:cad>84</ns3:cad>
          </ns3:TrackPointExtension>
        </extensions>
      </trkpt>
      <trkpt lat="31.282381452620029449462890625" lon="121.496046222746372222900390625">
        <ele>7.80000019073486328125</ele>
        <time>2026-09-02T08:02:53.000Z</time>
        <extensions>
          <ns3:TrackPointExtension>
            <ns3:hr>127</ns3:hr>
            <ns3:cad>84</ns3:cad>
          </ns3:TrackPointExtension>
        </extensions>
      </trkpt>
      <trkpt lat="31.28239913843572139739990234375" lon="121.49600121192634105682373046875">
        <ele>8</ele>
        <time>2026-09-02T08:02:56.000Z</time>
        <extensions>
          <ns3:TrackPointExtension>
            <ns3:hr>128</ns3:hr>
            <ns3:cad>84</ns3:cad>
          </ns3:TrackPointExtension>
        </extensions>
      </trkpt>
      <trkpt lat="31.282415650784969329833984375" lon="121.49596751667559146881103515625">
        <ele>8.19999980926513671875</ele>
        <time>2026-09-02T08:02:59.000Z</time>
        <extensions>
          <ns3:TrackPointExtension>
            <ns3:hr>128</ns3:hr>
            <ns3:cad>78</ns3:cad>
          </ns3:TrackPointExtension>
        </extensions>
      </trkpt>
      <trkpt lat="31.28246099688112735748291015625" lon="121.4958807639777660369873046875">
        <ele>8.6000003814697265625</ele>
        <time>2026-09-02T08:03:06.000Z</time>
        <extensions>
          <ns3:TrackPointExtension>
            <ns3:hr>126</ns3:hr>
            <ns3:cad>55</ns3:cad>
          </ns3:TrackPointExtension>
        </extensions>
      </trkpt>
      <trkpt lat="31.28247843123972415924072265625" lon="121.49583466351032257080078125">
        <ele>9</ele>
        <time>2026-09-02T08:03:09.000Z</time>
        <extensions>
          <ns3:TrackPointExtension>
            <ns3:hr>123</ns3:hr>
            <ns3:cad>54</ns3:cad>
          </ns3:TrackPointExtension>
        </extensions>
      </trkpt>
      <trkpt lat="31.2824879027903079986572265625" lon="121.4957785047590732574462890625">
        <ele>9.3999996185302734375</ele>
        <time>2026-09-02T08:03:13.000Z</time>
        <extensions>
          <ns3:TrackPointExtension>
            <ns3:hr>121</ns3:hr>
            <ns3:cad>57</ns3:cad>
          </ns3:TrackPointExtension>
        </extensions>
      </trkpt>
      <trkpt lat="31.28249519504606723785400390625" lon="121.4957567118108272552490234375">
        <ele>9.6000003814697265625</ele>
        <time>2026-09-02T08:03:15.000Z</time>
        <extensions>
          <ns3:TrackPointExtension>
            <ns3:hr>120</ns3:hr>
            <ns3:cad>56</ns3:cad>
          </ns3:TrackPointExtension>
        </extensions>
      </trkpt>
      <trkpt lat="31.282509528100490570068359375" lon="121.49571706540882587432861328125">
        <ele>9.80000019073486328125</ele>
        <time>2026-09-02T08:03:18.000Z</time>
        <extensions>
          <ns3:TrackPointExtension>
            <ns3:hr>116</ns3:hr>
            <ns3:cad>57</ns3:cad>
          </ns3:TrackPointExtension>
        </extensions>
      </trkpt>
      <trkpt lat="31.28253106959164142608642578125" lon="121.495643556118011474609375">
        <ele>10.3999996185302734375</ele>
        <time>2026-09-02T08:03:23.000Z</time>
        <extensions>
          <ns3:TrackPointExtension>
            <ns3:hr>113</ns3:hr>
            <ns3:cad>54</ns3:cad>
          </ns3:TrackPointExtension>
        </extensions>
      </trkpt>
      <trkpt lat="31.28255018033087253570556640625" lon="121.4956078492105007171630859375">
        <ele>10.6000003814697265625</ele>
        <time>2026-09-02T08:03:26.000Z</time>
        <extensions>
          <ns3:TrackPointExtension>
            <ns3:hr>111</ns3:hr>
            <ns3:cad>55</ns3:cad>
          </ns3:TrackPointExtension>
        </extensions>
      </trkpt>
      <trkpt lat="31.2825767509639263153076171875" lon="121.4955910854041576385498046875">
        <ele>10.80000019073486328125</ele>
        <time>2026-09-02T08:03:29.000Z</time>
        <extensions>
          <ns3:TrackPointExtension>
            <ns3:hr>109</ns3:hr>
            <ns3:cad>57</ns3:cad>
          </ns3:TrackPointExtension>
        </extensions>
      </trkpt>
      <trkpt lat="31.28259904682636260986328125" lon="121.495585553348064422607421875">
        <ele>10.80000019073486328125</ele>
        <time>2026-09-02T08:03:32.000Z</time>
        <extensions>
          <ns3:TrackPointExtension>
            <ns3:hr>111</ns3:hr>
            <ns3:cad>55</ns3:cad>
          </ns3:TrackPointExtension>
        </extensions>
      </trkpt>
      <trkpt lat="31.28262461163103580474853515625" lon="121.49554674513638019561767578125">
        <ele>11</ele>
        <time>2026-09-02T08:03:36.000Z</time>
        <extensions>
          <ns3:TrackPointExtension>
            <ns3:hr>110</ns3:hr>
            <ns3:cad>0</ns3:cad>
          </ns3:TrackPointExtension>
        </extensions>
      </trkpt>
      <trkpt lat="31.28267683088779449462890625" lon="121.495429985225200653076171875">
        <ele>10.6000003814697265625</ele>
        <time>2026-09-02T08:03:41.000Z</time>
        <extensions>
          <ns3:TrackPointExtension>
            <ns3:hr>107</ns3:hr>
            <ns3:cad>84</ns3:cad>
          </ns3:TrackPointExtension>
        </extensions>
      </trkpt>
      <trkpt lat="31.28270692192018032073974609375" lon="121.49530651979148387908935546875">
        <ele>10.19999980926513671875</ele>
        <time>2026-09-02T08:03:46.000Z</time>
        <extensions>
          <ns3:TrackPointExtension>
            <ns3:hr>104</ns3:hr>
            <ns3:cad>86</ns3:cad>
          </ns3:TrackPointExtension>
        </extensions>
      </trkpt>
      <trkpt lat="31.282740533351898193359375" lon="121.49522848427295684814453125">
        <ele>9.80000019073486328125</ele>
        <time>2026-09-02T08:03:49.000Z</time>
        <extensions>
          <ns3:TrackPointExtension>
            <ns3:hr>102</ns3:hr>
            <ns3:cad>85</ns3:cad>
          </ns3:TrackPointExtension>
        </extensions>
      </trkpt>
      <trkpt lat="31.28282368183135986328125" lon="121.49504014290869235992431640625">
        <ele>8.80000019073486328125</ele>
        <time>2026-09-02T08:03:57.000Z</time>
        <extensions>
          <ns3:TrackPointExtension>
            <ns3:hr>103</ns3:hr>
            <ns3:cad>85</ns3:cad>
          </ns3:TrackPointExtension>
        </extensions>
      </trkpt>
      <trkpt lat="31.28288176842033863067626953125" lon="121.49489882402122020721435546875">
        <ele>9</ele>
        <time>2026-09-02T08:04:03.000Z</time>
        <extensions>
          <ns3:TrackPointExtension>
            <ns3:hr>106</ns3:hr>
            <ns3:cad>84</ns3:cad>
          </ns3:TrackPointExtension>
        </extensions>
      </trkpt>
      <trkpt lat="31.28291663713753223419189453125" lon="121.49476848542690277099609375">
        <ele>7.400000095367431640625</ele>
        <time>2026-09-02T08:04:08.000Z</time>
        <extensions>
          <ns3:TrackPointExtension>
            <ns3:hr>109</ns3:hr>
            <ns3:cad>84</ns3:cad>
          </ns3:TrackPointExtension>
        </extensions>
      </trkpt>
      <trkpt lat="31.2829287908971309661865234375" lon="121.49468592368066310882568359375">
        <ele>7</ele>
        <time>2026-09-02T08:04:11.000Z</time>
        <extensions>
          <ns3:TrackPointExtension>
            <ns3:hr>111</ns3:hr>
            <ns3:cad>84</ns3:cad>
          </ns3:TrackPointExtension>
        </extensions>
      </trkpt>
      <trkpt lat="31.282981932163238525390625" lon="121.494495570659637451171875">
        <ele>7.599999904632568359375</ele>
        <time>2026-09-02T08:04:17.000Z</time>
        <extensions>
          <ns3:TrackPointExtension>
            <ns3:hr>113</ns3:hr>
            <ns3:cad>84</ns3:cad>
          </ns3:TrackPointExtension>
        </extensions>
      </trkpt>
      <trkpt lat="31.28304823301732540130615234375" lon="121.494352407753467559814453125">
        <ele>9.19999980926513671875</ele>
        <time>2026-09-02T08:04:23.000Z</time>
        <extensions>
          <ns3:TrackPointExtension>
            <ns3:hr>115</ns3:hr>
            <ns3:cad>84</ns3:cad>
          </ns3:TrackPointExtension>
        </extensions>
      </trkpt>
      <trkpt lat="31.2830675952136516571044921875" lon="121.49424822069704532623291015625">
        <ele>11</ele>
        <time>2026-09-02T08:04:27.000Z</time>
        <extensions>
          <ns3:TrackPointExtension>
            <ns3:hr>118</ns3:hr>
            <ns3:cad>84</ns3:cad>
          </ns3:TrackPointExtension>
        </extensions>
      </trkpt>
      <trkpt lat="31.283086873590946197509765625" lon="121.494193486869335174560546875">
        <ele>11.19999980926513671875</ele>
        <time>2026-09-02T08:04:30.000Z</time>
        <extensions>
          <ns3:TrackPointExtension>
            <ns3:hr>120</ns3:hr>
            <ns3:cad>84</ns3:cad>
          </ns3:TrackPointExtension>
        </extensions>
      </trkpt>
      <trkpt lat="31.283104978501796722412109375" lon="121.49408896453678607940673828125">
        <ele>10.80000019073486328125</ele>
        <time>2026-09-02T08:04:36.000Z</time>
        <extensions>
          <ns3:TrackPointExtension>
            <ns3:hr>120</ns3:hr>
            <ns3:cad>57</ns3:cad>
          </ns3:TrackPointExtension>
        </extensions>
      </trkpt>
      <trkpt lat="31.2831480614840984344482421875" lon="121.49401319213211536407470703125">
        <ele>9.80000019073486328125</ele>
        <time>2026-09-02T08:04:43.000Z</time>
        <extensions>
          <ns3:TrackPointExtension>
            <ns3:hr>120</ns3:hr>
            <ns3:cad>0</ns3:cad>
          </ns3:TrackPointExtension>
        </extensions>
      </trkpt>
      <trkpt lat="31.28315828740596771240234375" lon="121.493987627327442169189453125">
        <ele>9.6000003814697265625</ele>
        <time>2026-09-02T08:04:45.000Z</time>
        <extensions>
          <ns3:TrackPointExtension>
            <ns3:hr>121</ns3:hr>
            <ns3:cad>0</ns3:cad>
          </ns3:TrackPointExtension>
        </extensions>
      </trkpt>
      <trkpt lat="31.28317438066005706787109375" lon="121.4939606375992298126220703125">
        <ele>9.19999980926513671875</ele>
        <time>2026-09-02T08:04:48.000Z</time>
        <extensions>
          <ns3:TrackPointExtension>
            <ns3:hr>120</ns3:hr>
            <ns3:cad>54</ns3:cad>
          </ns3:TrackPointExtension>
        </extensions>
      </trkpt>
      <trkpt lat="31.28317982889711856842041015625" lon="121.493948735296726226806640625">
        <ele>9.19999980926513671875</ele>
        <time>2026-09-02T08:04:49.000Z</time>
        <extensions>
          <ns3:TrackPointExtension>
            <ns3:hr>120</ns3:hr>
            <ns3:cad>54</ns3:cad>
          </ns3:TrackPointExtension>
        </extensions>
      </trkpt>
      <trkpt lat="31.2832058966159820556640625" lon="121.49389316327869892120361328125">
        <ele>8.6000003814697265625</ele>
        <time>2026-09-02T08:04:54.000Z</time>
        <extensions>
          <ns3:TrackPointExtension>
            <ns3:hr>119</ns3:hr>
            <ns3:cad>55</ns3:cad>
          </ns3:TrackPointExtension>
        </extensions>
      </trkpt>
      <trkpt lat="31.28320363350212574005126953125" lon="121.49387371726334095001220703125">
        <ele>8.6000003814697265625</ele>
        <time>2026-09-02T08:04:55.000Z</time>
        <extensions>
          <ns3:TrackPointExtension>
            <ns3:hr>119</ns3:hr>
            <ns3:cad>55</ns3:cad>
          </ns3:TrackPointExtension>
        </extensions>
      </trkpt>
      <trkpt lat="31.28324101679027080535888671875" lon="121.4938211627304553985595703125">
        <ele>7.599999904632568359375</ele>
        <time>2026-09-02T08:05:02.000Z</time>
        <extensions>
          <ns3:TrackPointExtension>
            <ns3:hr>119</ns3:hr>
            <ns3:cad>54</ns3:cad>
          </ns3:TrackPointExtension>
        </extensions>
      </trkpt>
      <trkpt lat="31.28326498903334140777587890625" lon="121.49374312721192836761474609375">
        <ele>6.599999904632568359375</ele>
        <time>2026-09-02T08:05:10.000Z</time>
        <extensions>
          <ns3:TrackPointExtension>
            <ns3:hr>120</ns3:hr>
            <ns3:cad>0</ns3:cad>
          </ns3:TrackPointExtension>
        </extensions>
      </trkpt>
      <trkpt lat="31.2832754664123058319091796875" lon="121.4937202446162700653076171875">
        <ele>6.19999980926513671875</ele>
        <time>2026-09-02T08:05:12.000Z</time>
        <extensions>
          <ns3:TrackPointExtension>
            <ns3:hr>117</ns3:hr>
            <ns3:cad>55</ns3:cad>
          </ns3:TrackPointExtension>
        </extensions>
      </trkpt>
      <trkpt lat="31.283295415341854095458984375" lon="121.49370105005800724029541015625">
        <ele>5.80000019073486328125</ele>
        <time>2026-09-02T08:05:14.000Z</time>
        <extensions>
          <ns3:TrackPointExtension>
            <ns3:hr>116</ns3:hr>
            <ns3:cad>55</ns3:cad>
          </ns3:TrackPointExtension>
        </extensions>
      </trkpt>
      <trkpt lat="31.28331678919494152069091796875" lon="121.4936707913875579833984375">
        <ele>5.400000095367431640625</ele>
        <time>2026-09-02T08:05:17.000Z</time>
        <extensions>
          <ns3:TrackPointExtension>
            <ns3:hr>113</ns3:hr>
            <ns3:cad>54</ns3:cad>
          </ns3:TrackPointExtension>
        </extensions>
      </trkpt>
      <trkpt lat="31.28334411419928073883056640625" lon="121.49360331706702709197998046875">
        <ele>5</ele>
        <time>2026-09-02T08:05:24.000Z</time>
        <extensions>
          <ns3:TrackPointExtension>
            <ns3:hr>110</ns3:hr>
            <ns3:cad>55</ns3:cad>
          </ns3:TrackPointExtension>
        </extensions>
      </trkpt>
      <trkpt lat="31.2833606265485286712646484375" lon="121.49357113055884838104248046875">
        <ele>5</ele>
        <time>2026-09-02T08:05:26.000Z</time>
        <extensions>
          <ns3:TrackPointExtension>
            <ns3:hr>109</ns3:hr>
            <ns3:cad>55</ns3:cad>
          </ns3:TrackPointExtension>
        </extensions>
      </trkpt>
      <trkpt lat="31.283369846642017364501953125" lon="121.49354682303965091705322265625">
        <ele>5.19999980926513671875</ele>
        <time>2026-09-02T08:05:29.000Z</time>
        <extensions>
          <ns3:TrackPointExtension>
            <ns3:hr>110</ns3:hr>
            <ns3:cad>55</ns3:cad>
          </ns3:TrackPointExtension>
        </extensions>
      </trkpt>
      <trkpt lat="31.28337982110679149627685546875" lon="121.49349669925868511199951171875">
        <ele>5.400000095367431640625</ele>
        <time>2026-09-02T08:05:33.000Z</time>
        <extensions>
          <ns3:TrackPointExtension>
            <ns3:hr>113</ns3:hr>
            <ns3:cad>56</ns3:cad>
          </ns3:TrackPointExtension>
        </extensions>
      </trkpt>
      <trkpt lat="31.28342122770845890045166015625" lon="121.49338245391845703125">
        <ele>5.80000019073486328125</ele>
        <time>2026-09-02T08:05:39.000Z</time>
        <extensions>
          <ns3:TrackPointExtension>
            <ns3:hr>112</ns3:hr>
            <ns3:cad>87</ns3:cad>
          </ns3:TrackPointExtension>
        </extensions>
      </trkpt>
      <trkpt lat="31.283434890210628509521484375" lon="121.49335387162864208221435546875">
        <ele>5.80000019073486328125</ele>
        <time>2026-09-02T08:05:40.000Z</time>
        <extensions>
          <ns3:TrackPointExtension>
            <ns3:hr>112</ns3:hr>
            <ns3:cad>87</ns3:cad>
          </ns3:TrackPointExtension>
        </extensions>
      </trkpt>
      <trkpt lat="31.28346741199493408203125" lon="121.4932813681662082672119140625">
        <ele>6.19999980926513671875</ele>
        <time>2026-09-02T08:05:43.000Z</time>
        <extensions>
          <ns3:TrackPointExtension>
            <ns3:hr>113</ns3:hr>
            <ns3:cad>85</ns3:cad>
          </ns3:TrackPointExtension>
        </extensions>
      </trkpt>
      <trkpt lat="31.2835014425218105316162109375" lon="121.493193022906780242919921875">
        <ele>7.599999904632568359375</ele>
        <time>2026-09-02T08:05:47.000Z</time>
        <extensions>
          <ns3:TrackPointExtension>
            <ns3:hr>116</ns3:hr>
            <ns3:cad>84</ns3:cad>
          </ns3:TrackPointExtension>
        </extensions>
      </trkpt>
      <trkpt lat="31.2835061363875865936279296875" lon="121.493170224130153656005859375">
        <ele>8</ele>
        <time>2026-09-02T08:05:48.000Z</time>
        <extensions>
          <ns3:TrackPointExtension>
            <ns3:hr>117</ns3:hr>
            <ns3:cad>84</ns3:cad>
          </ns3:TrackPointExtension>
        </extensions>
      </trkpt>
      <trkpt lat="31.28355600871145725250244140625" lon="121.49301834404468536376953125">
        <ele>10.3999996185302734375</ele>
        <time>2026-09-02T08:05:54.000Z</time>
        <extensions>
          <ns3:TrackPointExtension>
            <ns3:hr>120</ns3:hr>
            <ns3:cad>84</ns3:cad>
          </ns3:TrackPointExtension>
        </extensions>
      </trkpt>
      <trkpt lat="31.28357562236487865447998046875" lon="121.492955982685089111328125">
        <ele>11.19999980926513671875</ele>
        <time>2026-09-02T08:05:56.000Z</time>
        <extensions>
          <ns3:TrackPointExtension>
            <ns3:hr>123</ns3:hr>
            <ns3:cad>84</ns3:cad>
          </ns3:TrackPointExtension>
        </extensions>
      </trkpt>
      <trkpt lat="31.28362256102263927459716796875" lon="121.49281424470245838165283203125">
        <ele>12.80000019073486328125</ele>
        <time>2026-09-02T08:06:01.000Z</time>
        <extensions>
          <ns3:TrackPointExtension>
            <ns3:hr>119</ns3:hr>
            <ns3:cad>85</ns3:cad>
          </ns3:TrackPointExtension>
        </extensions>
      </trkpt>
      <trkpt lat="31.28365424461662769317626953125" lon="121.4927328564226627349853515625">
        <ele>13.19999980926513671875</ele>
        <time>2026-09-02T08:06:04.000Z</time>
        <extensions>
          <ns3:TrackPointExtension>
            <ns3:hr>117</ns3:hr>
            <ns3:cad>84</ns3:cad>
          </ns3:TrackPointExtension>
        </extensions>
      </trkpt>
      <trkpt lat="31.2836645543575286865234375" lon="121.4927083812654018402099609375">
        <ele>13.3999996185302734375</ele>
        <time>2026-09-02T08:06:05.000Z</time>
        <extensions>
          <ns3:TrackPointExtension>
            <ns3:hr>114</ns3:hr>
            <ns3:cad>84</ns3:cad>
          </ns3:TrackPointExtension>
        </extensions>
      </trkpt>
      <trkpt lat="31.2836731038987636566162109375" lon="121.492678709328174591064453125">
        <ele>13.6000003814697265625</ele>
        <time>2026-09-02T08:06:06.000Z</time>
        <extensions>
          <ns3:TrackPointExtension>
            <ns3:hr>110</ns3:hr>
            <ns3:cad>84</ns3:cad>
          </ns3:TrackPointExtension>
        </extensions>
      </trkpt>
      <trkpt lat="31.28368140198290348052978515625" lon="121.4926497079432010650634765625">
        <ele>13.80000019073486328125</ele>
        <time>2026-09-02T08:06:07.000Z</time>
        <extensions>
          <ns3:TrackPointExtension>
            <ns3:hr>110</ns3:hr>
            <ns3:cad>84</ns3:cad>
          </ns3:TrackPointExtension>
        </extensions>
      </trkpt>
      <trkpt lat="31.2837073020637035369873046875" lon="121.492564380168914794921875">
        <ele>12.80000019073486328125</ele>
        <time>2026-09-02T08:06:12.000Z</time>
        <extensions>
          <ns3:TrackPointExtension>
            <ns3:hr>111</ns3:hr>
            <ns3:cad>84</ns3:cad>
          </ns3:TrackPointExtension>
        </extensions>
      </trkpt>
      <trkpt lat="31.28372314386069774627685546875" lon="121.49255272932350635528564453125">
        <ele>12.3999996185302734375</ele>
        <time>2026-09-02T08:06:14.000Z</time>
        <extensions>
          <ns3:TrackPointExtension>
            <ns3:hr>114</ns3:hr>
            <ns3:cad>84</ns3:cad>
          </ns3:TrackPointExtension>
        </extensions>
      </trkpt>
      <trkpt lat="31.2837311066687107086181640625" lon="121.4925388991832733154296875">
        <ele>12</ele>
        <time>2026-09-02T08:06:15.000Z</time>
        <extensions>
          <ns3:TrackPointExtension>
            <ns3:hr>114</ns3:hr>
            <ns3:cad>84</ns3:cad>
          </ns3:TrackPointExtension>
        </extensions>
      </trkpt>
      <trkpt lat="31.28375264815986156463623046875" lon="121.4925013482570648193359375">
        <ele>11.19999980926513671875</ele>
        <time>2026-09-02T08:06:19.000Z</time>
        <extensions>
          <ns3:TrackPointExtension>
            <ns3:hr>113</ns3:hr>
            <ns3:cad>56</ns3:cad>
          </ns3:TrackPointExtension>
        </extensions>
      </trkpt>
      <trkpt lat="31.2837958149611949920654296875" lon="121.49239766411483287811279296875">
        <ele>9.80000019073486328125</ele>
        <time>2026-09-02T08:06:28.000Z</time>
        <extensions>
          <ns3:TrackPointExtension>
            <ns3:hr>116</ns3:hr>
            <ns3:cad>55</ns3:cad>
          </ns3:TrackPointExtension>
        </extensions>
      </trkpt>
      <trkpt lat="31.28380092792212963104248046875" lon="121.49232608266174793243408203125">
        <ele>9.19999980926513671875</ele>
        <time>2026-09-02T08:06:35.000Z</time>
        <extensions>
          <ns3:TrackPointExtension>
            <ns3:hr>114</ns3:hr>
            <ns3:cad>56</ns3:cad>
          </ns3:TrackPointExtension>
        </extensions>
      </trkpt>
      <trkpt lat="31.283809728920459747314453125" lon="121.49228903464972972869873046875">
        <ele>8.6000003814697265625</ele>
        <time>2026-09-02T08:06:37.000Z</time>
        <extensions>
          <ns3:TrackPointExtension>
            <ns3:hr>112</ns3:hr>
            <ns3:cad>56</ns3:cad>
          </ns3:TrackPointExtension>
        </extensions>
      </trkpt>
      <trkpt lat="31.2838263250887393951416015625" lon="121.492218039929866790771484375">
        <ele>8</ele>
        <time>2026-09-02T08:06:41.000Z</time>
        <extensions>
          <ns3:TrackPointExtension>
            <ns3:hr>109</ns3:hr>
            <ns3:cad>57</ns3:cad>
          </ns3:TrackPointExtension>
        </extensions>
      </trkpt>
      <trkpt lat="31.28384820185601711273193359375" lon="121.49218820035457611083984375">
        <ele>8</ele>
        <time>2026-09-02T08:06:45.000Z</time>
        <extensions>
          <ns3:TrackPointExtension>
            <ns3:hr>112</ns3:hr>
            <ns3:cad>0</ns3:cad>
          </ns3:TrackPointExtension>
        </extensions>
      </trkpt>
      <trkpt lat="31.28386077471077442169189453125" lon="121.49217470549046993255615234375">
        <ele>8</ele>
        <time>2026-09-02T08:06:47.000Z</time>
        <extensions>
          <ns3:TrackPointExtension>
            <ns3:hr>114</ns3:hr>
            <ns3:cad>54</ns3:cad>
          </ns3:TrackPointExtension>
        </extensions>
      </trkpt>
      <trkpt lat="31.28387887962162494659423828125" lon="121.49213044904172420501708984375">
        <ele>8</ele>
        <time>2026-09-02T08:06:50.000Z</time>
        <extensions>
          <ns3:TrackPointExtension>
            <ns3:hr>117</ns3:hr>
            <ns3:cad>55</ns3:cad>
          </ns3:TrackPointExtension>
        </extensions>
      </trkpt>
      <trkpt lat="31.2839020974934101104736328125" lon="121.49209373630583286285400390625">
        <ele>8</ele>
        <time>2026-09-02T08:06:54.000Z</time>
        <extensions>
          <ns3:TrackPointExtension>
            <ns3:hr>120</ns3:hr>
            <ns3:cad>55</ns3:cad>
          </ns3:TrackPointExtension>
        </extensions>
      </trkpt>
      <trkpt lat="31.283904612064361572265625" lon="121.492065824568271636962890625">
        <ele>8</ele>
        <time>2026-09-02T08:06:57.000Z</time>
        <extensions>
          <ns3:TrackPointExtension>
            <ns3:hr>119</ns3:hr>
            <ns3:cad>53</ns3:cad>
          </ns3:TrackPointExtension>
        </extensions>
      </trkpt>
      <trkpt lat="31.28392808139324188232421875" lon="121.49201109074056148529052734375">
        <ele>8.19999980926513671875</ele>
        <time>2026-09-02T08:07:01.000Z</time>
        <extensions>
          <ns3:TrackPointExtension>
            <ns3:hr>116</ns3:hr>
            <ns3:cad>0</ns3:cad>
          </ns3:TrackPointExtension>
        </extensions>
      </trkpt>
      <trkpt lat="31.28395113162696361541748046875" lon="121.4919865317642688751220703125">
        <ele>8.19999980926513671875</ele>
        <time>2026-09-02T08:07:04.000Z</time>
        <extensions>
          <ns3:TrackPointExtension>
            <ns3:hr>117</ns3:hr>
            <ns3:cad>0</ns3:cad>
          </ns3:TrackPointExtension>
        </extensions>
      </trkpt>
      <trkpt lat="31.28398281522095203399658203125" lon="121.49194152094423770904541015625">
        <ele>8.6000003814697265625</ele>
        <time>2026-09-02T08:07:09.000Z</time>
        <extensions>
          <ns3:TrackPointExtension>
            <ns3:hr>116</ns3:hr>
            <ns3:cad>0</ns3:cad>
          </ns3:TrackPointExtension>
        </extensions>
      </trkpt>
      <trkpt lat="31.2839845754206180572509765625" lon="121.49192274548113346099853515625">
        <ele>8.6000003814697265625</ele>
        <time>2026-09-02T08:07:11.000Z</time>
        <extensions>
          <ns3:TrackPointExtension>
            <ns3:hr>114</ns3:hr>
            <ns3:cad>55</ns3:cad>
          </ns3:TrackPointExtension>
        </extensions>
      </trkpt>
      <trkpt lat="31.28400444053113460540771484375" lon="121.4918567799031734466552734375">
        <ele>9.6000003814697265625</ele>
        <time>2026-09-02T08:07:16.000Z</time>
        <extensions>
          <ns3:TrackPointExtension>
            <ns3:hr>111</ns3:hr>
            <ns3:cad>56</ns3:cad>
          </ns3:TrackPointExtension>
        </extensions>
      </trkpt>
      <trkpt lat="31.284014917910099029541015625" lon="121.4918388426303863525390625">
        <ele>9.80000019073486328125</ele>
        <time>2026-09-02T08:07:17.000Z</time>
        <extensions>
          <ns3:TrackPointExtension>
            <ns3:hr>110</ns3:hr>
            <ns3:cad>56</ns3:cad>
          </ns3:TrackPointExtension>
        </extensions>
      </trkpt>
      <trkpt lat="31.2840841524302959442138671875" lon="121.4917266927659511566162109375">
        <ele>9.80000019073486328125</ele>
        <time>2026-09-02T08:07:22.000Z</time>
        <extensions>
          <ns3:TrackPointExtension>
            <ns3:hr>108</ns3:hr>
            <ns3:cad>83</ns3:cad>
          </ns3:TrackPointExtension>
        </extensions>
      </trkpt>
      <trkpt lat="31.28422119654715061187744140625" lon="121.49168235249817371368408203125">
        <ele>8.6000003814697265625</ele>
        <time>2026-09-02T08:07:28.000Z</time>
        <extensions>
          <ns3:TrackPointExtension>
            <ns3:hr>112</ns3:hr>
            <ns3:cad>84</ns3:cad>
          </ns3:TrackPointExtension>
        </extensions>
      </trkpt>
      <trkpt lat="31.28427182324230670928955078125" lon="121.4916784130036830902099609375">
        <ele>8.19999980926513671875</ele>
        <time>2026-09-02T08:07:31.000Z</time>
        <extensions>
          <ns3:TrackPointExtension>
            <ns3:hr>115</ns3:hr>
            <ns3:cad>84</ns3:cad>
          </ns3:TrackPointExtension>
        </extensions>
      </trkpt>
      <trkpt lat="31.28432278521358966827392578125" lon="121.49169266223907470703125">
        <ele>7.599999904632568359375</ele>
        <time>2026-09-02T08:07:34.000Z</time>
        <extensions>
          <ns3:TrackPointExtension>
            <ns3:hr>118</ns3:hr>
            <ns3:cad>80</ns3:cad>
          </ns3:TrackPointExtension>
        </extensions>
      </trkpt>
      <trkpt lat="31.28448355011641979217529296875" lon="121.4916723780333995819091796875">
        <ele>6.599999904632568359375</ele>
        <time>2026-09-02T08:07:41.000Z</time>
        <extensions>
          <ns3:TrackPointExtension>
            <ns3:hr>120</ns3:hr>
            <ns3:cad>83</ns3:cad>
          </ns3:TrackPointExtension>
        </extensions>
      </trkpt>
      <trkpt lat="31.28466962836682796478271484375" lon="121.49163172580301761627197265625">
        <ele>6</ele>
        <time>2026-09-02T08:07:49.000Z</time>
        <extensions>
          <ns3:TrackPointExtension>
            <ns3:hr>122</ns3:hr>
            <ns3:cad>83</ns3:cad>
          </ns3:TrackPointExtension>
        </extensions>
      </trkpt>
      <trkpt lat="31.28475311212241649627685546875" lon="121.49163675494492053985595703125">
        <ele>5.80000019073486328125</ele>
        <time>2026-09-02T08:07:53.000Z</time>
        <extensions>
          <ns3:TrackPointExtension>
            <ns3:hr>118</ns3:hr>
            <ns3:cad>84</ns3:cad>
          </ns3:TrackPointExtension>
        </extensions>
      </trkpt>
      <trkpt lat="31.284786723554134368896484375" lon="121.49162988178431987762451171875">
        <ele>5.599999904632568359375</ele>
        <time>2026-09-02T08:07:55.000Z</time>
        <extensions>
          <ns3:TrackPointExtension>
            <ns3:hr>115</ns3:hr>
            <ns3:cad>83</ns3:cad>
          </ns3:TrackPointExtension>
        </extensions>
      </trkpt>
      <trkpt lat="31.28480625338852405548095703125" lon="121.491625607013702392578125">
        <ele>5.599999904632568359375</ele>
        <time>2026-09-02T08:07:56.000Z</time>
        <extensions>
          <ns3:TrackPointExtension>
            <ns3:hr>111</ns3:hr>
            <ns3:cad>83</ns3:cad>
          </ns3:TrackPointExtension>
        </extensions>
      </trkpt>
      <trkpt lat="31.28484967164695262908935546875" lon="121.49161688983440399169921875">
        <ele>5.599999904632568359375</ele>
        <time>2026-09-02T08:07:58.000Z</time>
        <extensions>
          <ns3:TrackPointExtension>
            <ns3:hr>108</ns3:hr>
            <ns3:cad>83</ns3:cad>
          </ns3:TrackPointExtension>
        </extensions>
      </trkpt>
      <trkpt lat="31.28491119481623172760009765625" lon="121.49159819819033145904541015625">
        <ele>5.400000095367431640625</ele>
        <time>2026-09-02T08:08:01.000Z</time>
        <extensions>
          <ns3:TrackPointExtension>
            <ns3:hr>108</ns3:hr>
            <ns3:cad>83</ns3:cad>
          </ns3:TrackPointExtension>
        </extensions>
      </trkpt>
      <trkpt lat="31.285036168992519378662109375" lon="121.49156064726412296295166015625">
        <ele>4.400000095367431640625</ele>
        <time>2026-09-02T08:08:07.000Z</time>
        <extensions>
          <ns3:TrackPointExtension>
            <ns3:hr>110</ns3:hr>
            <ns3:cad>83</ns3:cad>
          </ns3:TrackPointExtension>
        </extensions>
      </trkpt>
      <trkpt lat="31.28519366495311260223388671875" lon="121.4915523491799831390380859375">
        <ele>2.7999999523162841796875</ele>
        <time>2026-09-02T08:08:15.000Z</time>
        <extensions>
          <ns3:TrackPointExtension>
            <ns3:hr>112</ns3:hr>
            <ns3:cad>84</ns3:cad>
          </ns3:TrackPointExtension>
        </extensions>
      </trkpt>
      <trkpt lat="31.285272873938083648681640625" lon="121.4914738945662975311279296875">
        <ele>3.2000000476837158203125</ele>
        <time>2026-09-02T08:08:21.000Z</time>
        <extensions>
          <ns3:TrackPointExtension>
            <ns3:hr>115</ns3:hr>
            <ns3:cad>82</ns3:cad>
          </ns3:TrackPointExtension>
        </extensions>
      </trkpt>
      <trkpt lat="31.2853069044649600982666015625" lon="121.4914956875145435333251953125">
        <ele>3</ele>
        <time>2026-09-02T08:08:24.000Z</time>
        <extensions>
          <ns3:TrackPointExtension>
            <ns3:hr>116</ns3:hr>
            <ns3:cad>82</ns3:cad>
          </ns3:TrackPointExtension>
        </extensions>
      </trkpt>
      <trkpt lat="31.28534420393407344818115234375" lon="121.49149158038198947906494140625">
        <ele>3.2000000476837158203125</ele>
        <time>2026-09-02T08:08:26.000Z</time>
        <extensions>
          <ns3:TrackPointExtension>
            <ns3:hr>117</ns3:hr>
            <ns3:cad>83</ns3:cad>
          </ns3:TrackPointExtension>
        </extensions>
      </trkpt>
      <trkpt lat="31.28536750562489032745361328125" lon="121.4914913289248943328857421875">
        <ele>3.2000000476837158203125</ele>
        <time>2026-09-02T08:08:27.000Z</time>
        <extensions>
          <ns3:TrackPointExtension>
            <ns3:hr>117</ns3:hr>
            <ns3:cad>83</ns3:cad>
          </ns3:TrackPointExtension>
        </extensions>
      </trkpt>
      <trkpt lat="31.285435818135738372802734375" lon="121.4915008842945098876953125">
        <ele>3.400000095367431640625</ele>
        <time>2026-09-02T08:08:29.000Z</time>
        <extensions>
          <ns3:TrackPointExtension>
            <ns3:hr>117</ns3:hr>
            <ns3:cad>83</ns3:cad>
          </ns3:TrackPointExtension>
        </extensions>
      </trkpt>
      <trkpt lat="31.28546121530234813690185546875" lon="121.4915060810744762420654296875">
        <ele>3.400000095367431640625</ele>
        <time>2026-09-02T08:08:30.000Z</time>
        <extensions>
          <ns3:TrackPointExtension>
            <ns3:hr>118</ns3:hr>
            <ns3:cad>83</ns3:cad>
          </ns3:TrackPointExtension>
        </extensions>
      </trkpt>
      <trkpt lat="31.28558224998414516448974609375" lon="121.49159618653357028961181640625">
        <ele>4</ele>
        <time>2026-09-02T08:08:37.000Z</time>
        <extensions>
          <ns3:TrackPointExtension>
            <ns3:hr>119</ns3:hr>
            <ns3:cad>83</ns3:cad>
          </ns3:TrackPointExtension>
        </extensions>
      </trkpt>
      <trkpt lat="31.28568635322153568267822265625" lon="121.49164480157196521759033203125">
        <ele>5</ele>
        <time>2026-09-02T08:08:42.000Z</time>
        <extensions>
          <ns3:TrackPointExtension>
            <ns3:hr>120</ns3:hr>
            <ns3:cad>83</ns3:cad>
          </ns3:TrackPointExtension>
        </extensions>
      </trkpt>
      <trkpt lat="31.28583538345992565155029296875" lon="121.4917422831058502197265625">
        <ele>5.400000095367431640625</ele>
        <time>2026-09-02T08:08:51.000Z</time>
        <extensions>
          <ns3:TrackPointExtension>
            <ns3:hr>121</ns3:hr>
            <ns3:cad>53</ns3:cad>
          </ns3:TrackPointExtension>
        </extensions>
      </trkpt>
      <trkpt lat="31.2858637981116771697998046875" lon="121.4917454682290554046630859375">
        <ele>5.19999980926513671875</ele>
        <time>2026-09-02T08:08:56.000Z</time>
        <extensions>
          <ns3:TrackPointExtension>
            <ns3:hr>122</ns3:hr>
            <ns3:cad>55</ns3:cad>
          </ns3:TrackPointExtension>
        </extensions>
      </trkpt>
      <trkpt lat="31.28589523024857044219970703125" lon="121.49180120788514614105224609375">
        <ele>4.80000019073486328125</ele>
        <time>2026-09-02T08:09:00.000Z</time>
        <extensions>
          <ns3:TrackPointExtension>
            <ns3:hr>118</ns3:hr>
            <ns3:cad>55</ns3:cad>
          </ns3:TrackPointExtension>
        </extensions>
      </trkpt>
      <trkpt lat="31.28589523024857044219970703125" lon="121.49180120788514614105224609375">
        <ele>4.80000019073486328125</ele>
        <time>2026-09-02T08:09:01.000Z</time>
        <extensions>
          <ns3:TrackPointExtension>
            <ns3:hr>118</ns3:hr>
            <ns3:cad>53</ns3:cad>
          </ns3:TrackPointExtension>
        </extensions>
      </trkpt>
      <trkpt lat="31.28590160049498081207275390625" lon="121.4918195642530918121337890625">
        <ele>4.80000019073486328125</ele>
        <time>2026-09-02T08:09:02.000Z</time>
        <extensions>
          <ns3:TrackPointExtension>
            <ns3:hr>117</ns3:hr>
            <ns3:cad>53</ns3:cad>
          </ns3:TrackPointExtension>
        </extensions>
      </trkpt>
      <trkpt lat="31.28591383807361125946044921875" lon="121.49187832139432430267333984375">
        <ele>4.400000095367431640625</ele>
        <time>2026-09-02T08:09:05.000Z</time>
        <extensions>
          <ns3:TrackPointExtension>
            <ns3:hr>116</ns3:hr>
            <ns3:cad>54</ns3:cad>
          </ns3:TrackPointExtension>
        </extensions>
      </trkpt>
      <trkpt lat="31.28593697212636470794677734375" lon="121.49192727170884609222412109375">
        <ele>4</ele>
        <time>2026-09-02T08:09:08.000Z</time>
        <extensions>
          <ns3:TrackPointExtension>
            <ns3:hr>114</ns3:hr>
            <ns3:cad>54</ns3:cad>
          </ns3:TrackPointExtension>
        </extensions>
      </trkpt>
      <trkpt lat="31.28597100265324115753173828125" lon="121.49197102524340152740478515625">
        <ele>4.400000095367431640625</ele>
        <time>2026-09-02T08:09:11.000Z</time>
        <extensions>
          <ns3:TrackPointExtension>
            <ns3:hr>111</ns3:hr>
            <ns3:cad>54</ns3:cad>
          </ns3:TrackPointExtension>
        </extensions>
      </trkpt>
      <trkpt lat="31.28598441369831562042236328125" lon="121.49198594503104686737060546875">
        <ele>4.599999904632568359375</ele>
        <time>2026-09-02T08:09:12.000Z</time>
        <extensions>
          <ns3:TrackPointExtension>
            <ns3:hr>111</ns3:hr>
            <ns3:cad>54</ns3:cad>
          </ns3:TrackPointExtension>
        </extensions>
      </trkpt>
      <trkpt lat="31.28606286831200122833251953125" lon="121.491986699402332305908203125">
        <ele>5</ele>
        <time>2026-09-02T08:09:15.000Z</time>
        <extensions>
          <ns3:TrackPointExtension>
            <ns3:hr>111</ns3:hr>
            <ns3:cad>55</ns3:cad>
          </ns3:TrackPointExtension>
        </extensions>
      </trkpt>
      <trkpt lat="31.286078207194805145263671875" lon="121.4919962547719478607177734375">
        <ele>5.19999980926513671875</ele>
        <time>2026-09-02T08:09:16.000Z</time>
        <extensions>
          <ns3:TrackPointExtension>
            <ns3:hr>109</ns3:hr>
            <ns3:cad>55</ns3:cad>
          </ns3:TrackPointExtension>
        </extensions>
      </trkpt>
      <trkpt lat="31.28615657798945903778076171875" lon="121.4920150302350521087646484375">
        <ele>5.80000019073486328125</ele>
        <time>2026-09-02T08:09:20.000Z</time>
        <extensions>
          <ns3:TrackPointExtension>
            <ns3:hr>108</ns3:hr>
            <ns3:cad>53</ns3:cad>
          </ns3:TrackPointExtension>
        </extensions>
      </trkpt>
      <trkpt lat="31.2862171791493892669677734375" lon="121.4919273555278778076171875">
        <ele>3.400000095367431640625</ele>
        <time>2026-09-02T08:09:26.000Z</time>
        <extensions>
          <ns3:TrackPointExtension>
            <ns3:hr>107</ns3:hr>
            <ns3:cad>55</ns3:cad>
          </ns3:TrackPointExtension>
        </extensions>
      </trkpt>
      <trkpt lat="31.2862466834485530853271484375" lon="121.491916291415691375732421875">
        <ele>3.2000000476837158203125</ele>
        <time>2026-09-02T08:09:31.000Z</time>
        <extensions>
          <ns3:TrackPointExtension>
            <ns3:hr>104</ns3:hr>
            <ns3:cad>53</ns3:cad>
          </ns3:TrackPointExtension>
        </extensions>
      </trkpt>
      <trkpt lat="31.28625833429396152496337890625" lon="121.49191461503505706787109375">
        <ele>3.2000000476837158203125</ele>
        <time>2026-09-02T08:09:33.000Z</time>
        <extensions>
          <ns3:TrackPointExtension>
            <ns3:hr>103</ns3:hr>
            <ns3:cad>0</ns3:cad>
          </ns3:TrackPointExtension>
        </extensions>
      </trkpt>
      <trkpt lat="31.2862567417323589324951171875" lon="121.49191369302570819854736328125">
        <ele>3.2000000476837158203125</ele>
        <time>2026-09-02T08:09:35.000Z</time>
        <extensions>
          <ns3:TrackPointExtension>
            <ns3:hr>99</ns3:hr>
            <ns3:cad>0</ns3:cad>
          </ns3:TrackPointExtension>
        </extensions>
      </trkpt>
      <trkpt lat="31.28624911420047283172607421875" lon="121.49191603995859622955322265625">
        <ele>3.2000000476837158203125</ele>
        <time>2026-09-02T08:09:36.000Z</time>
        <extensions>
          <ns3:TrackPointExtension>
            <ns3:hr>96</ns3:hr>
            <ns3:cad>0</ns3:cad>
          </ns3:TrackPointExtension>
        </extensions>
      </trkpt>
      <trkpt lat="31.2862181849777698516845703125" lon="121.4919171296060085296630859375">
        <ele>3.400000095367431640625</ele>
        <time>2026-09-02T08:09:38.000Z</time>
        <extensions>
          <ns3:TrackPointExtension>
            <ns3:hr>93</ns3:hr>
            <ns3:cad>0</ns3:cad>
          </ns3:TrackPointExtension>
        </extensions>
      </trkpt>
      <trkpt lat="31.286209635436534881591796875" lon="121.49191805161535739898681640625">
        <ele>3.400000095367431640625</ele>
        <time>2026-09-02T08:09:39.000Z</time>
        <extensions>
          <ns3:TrackPointExtension>
            <ns3:hr>92</ns3:hr>
            <ns3:cad>0</ns3:cad>
          </ns3:TrackPointExtension>
        </extensions>
      </trkpt>
      <trkpt lat="31.28621692769229412078857421875" lon="121.49190262891352176666259765625">
        <ele>3.400000095367431640625</ele>
        <time>2026-09-02T08:09:44.000Z</time>
        <extensions>
          <ns3:TrackPointExtension>
            <ns3:hr>90</ns3:hr>
            <ns3:cad>0</ns3:cad>
          </ns3:TrackPointExtension>
        </extensions>
      </trkpt>
      <trkpt lat="31.2862208671867847442626953125" lon="121.491887457668781280517578125">
        <ele>3.400000095367431640625</ele>
        <time>2026-09-02T08:09:53.000Z</time>
        <extensions>
          <ns3:TrackPointExtension>
            <ns3:hr>89</ns3:hr>
            <ns3:cad>0</ns3:cad>
          </ns3:TrackPointExtension>
        </extensions>
      </trkpt>
      <trkpt lat="31.2862208671867847442626953125" lon="121.491887457668781280517578125">
        <ele>3.400000095367431640625</ele>
        <time>2026-09-02T08:09:59.000Z</time>
        <extensions>
          <ns3:TrackPointExtension>
            <ns3:hr>86</ns3:hr>
            <ns3:cad>0</ns3:cad>
          </ns3:TrackPointExtension>
        </extensions>
      </trkpt>
      <trkpt lat="31.2862208671867847442626953125" lon="121.49188770912587642669677734375">
        <ele>3.400000095367431640625</ele>
        <time>2026-09-02T08:10:03.000Z</time>
        <extensions>
          <ns3:TrackPointExtension>
            <ns3:hr>83</ns3:hr>
            <ns3:cad>46</ns3:cad>
          </ns3:TrackPointExtension>
        </extensions>
      </trkpt>
      <trkpt lat="31.286227740347385406494140625" lon="121.49188569746911525726318359375">
        <ele>3.400000095367431640625</ele>
        <time>2026-09-02T08:10:09.000Z</time>
        <extensions>
          <ns3:TrackPointExtension>
            <ns3:hr>87</ns3:hr>
            <ns3:cad>0</ns3:cad>
          </ns3:TrackPointExtension>
        </extensions>
      </trkpt>
      <trkpt lat="31.28624559380114078521728515625" lon="121.4918658323585987091064453125">
        <ele>3.400000095367431640625</ele>
        <time>2026-09-02T08:10:14.000Z</time>
        <extensions>
          <ns3:TrackPointExtension>
            <ns3:hr>85</ns3:hr>
            <ns3:cad>51</ns3:cad>
          </ns3:TrackPointExtension>
        </extensions>
      </trkpt>
      <trkpt lat="31.28625330515205860137939453125" lon="121.49180104024708271026611328125">
        <ele>3.400000095367431640625</ele>
        <time>2026-09-02T08:10:21.000Z</time>
        <extensions>
          <ns3:TrackPointExtension>
            <ns3:hr>84</ns3:hr>
            <ns3:cad>0</ns3:cad>
          </ns3:TrackPointExtension>
        </extensions>
      </trkpt>
      <trkpt lat="31.28625263459980487823486328125" lon="121.4917592145502567291259765625">
        <ele>3.400000095367431640625</ele>
        <time>2026-09-02T08:10:27.000Z</time>
        <extensions>
          <ns3:TrackPointExtension>
            <ns3:hr>82</ns3:hr>
            <ns3:cad>54</ns3:cad>
          </ns3:TrackPointExtension>
        </extensions>
      </trkpt>
      <trkpt lat="31.28625464625656604766845703125" lon="121.491741277277469635009765625">
        <ele>3.400000095367431640625</ele>
        <time>2026-09-02T08:10:29.000Z</time>
        <extensions>
          <ns3:TrackPointExtension>
            <ns3:hr>81</ns3:hr>
            <ns3:cad>55</ns3:cad>
          </ns3:TrackPointExtension>
        </extensions>
      </trkpt>
      <trkpt lat="31.2863387167453765869140625" lon="121.490893028676509857177734375">
        <ele>12</ele>
        <time>2026-09-02T08:11:43.000Z</time>
        <extensions>
          <ns3:TrackPointExtension>
            <ns3:hr>84</ns3:hr>
            <ns3:cad>0</ns3:cad>
          </ns3:TrackPointExtension>
        </extensions>
      </trkpt>
      <trkpt lat="31.28633058629930019378662109375" lon="121.49081884883344173431396484375">
        <ele>11.3999996185302734375</ele>
        <time>2026-09-02T08:11:47.000Z</time>
        <extensions>
          <ns3:TrackPointExtension>
            <ns3:hr>83</ns3:hr>
            <ns3:cad>0</ns3:cad>
          </ns3:TrackPointExtension>
        </extensions>
      </trkpt>
      <trkpt lat="31.2863479368388652801513671875" lon="121.4906251430511474609375">
        <ele>10</ele>
        <time>2026-09-02T08:11:52.000Z</time>
        <extensions>
          <ns3:TrackPointExtension>
            <ns3:hr>83</ns3:hr>
            <ns3:cad>85</ns3:cad>
          </ns3:TrackPointExtension>
        </extensions>
      </trkpt>
      <trkpt lat="31.2863533012568950653076171875" lon="121.49056336842477321624755859375">
        <ele>9.6000003814697265625</ele>
        <time>2026-09-02T08:11:54.000Z</time>
        <extensions>
          <ns3:TrackPointExtension>
            <ns3:hr>86</ns3:hr>
            <ns3:cad>85</ns3:cad>
          </ns3:TrackPointExtension>
        </extensions>
      </trkpt>
      <trkpt lat="31.2863556481897830963134765625" lon="121.4905004203319549560546875">
        <ele>9.6000003814697265625</ele>
        <time>2026-09-02T08:11:56.000Z</time>
        <extensions>
          <ns3:TrackPointExtension>
            <ns3:hr>90</ns3:hr>
            <ns3:cad>85</ns3:cad>
          </ns3:TrackPointExtension>
        </extensions>
      </trkpt>
      <trkpt lat="31.28635237924754619598388671875" lon="121.49044736288487911224365234375">
        <ele>9.3999996185302734375</ele>
        <time>2026-09-02T08:11:58.000Z</time>
        <extensions>
          <ns3:TrackPointExtension>
            <ns3:hr>93</ns3:hr>
            <ns3:cad>84</ns3:cad>
          </ns3:TrackPointExtension>
        </extensions>
      </trkpt>
      <trkpt lat="31.28634936176240444183349609375" lon="121.490429341793060302734375">
        <ele>9.3999996185302734375</ele>
        <time>2026-09-02T08:11:59.000Z</time>
        <extensions>
          <ns3:TrackPointExtension>
            <ns3:hr>94</ns3:hr>
            <ns3:cad>84</ns3:cad>
          </ns3:TrackPointExtension>
        </extensions>
      </trkpt>
      <trkpt lat="31.2863489426672458648681640625" lon="121.49039757438004016876220703125">
        <ele>9.3999996185302734375</ele>
        <time>2026-09-02T08:12:01.000Z</time>
        <extensions>
          <ns3:TrackPointExtension>
            <ns3:hr>97</ns3:hr>
            <ns3:cad>83</ns3:cad>
          </ns3:TrackPointExtension>
        </extensions>
      </trkpt>
      <trkpt lat="31.28634609282016754150390625" lon="121.4903292618691921234130859375">
        <ele>9.3999996185302734375</ele>
        <time>2026-09-02T08:12:04.000Z</time>
        <extensions>
          <ns3:TrackPointExtension>
            <ns3:hr>99</ns3:hr>
            <ns3:cad>80</ns3:cad>
          </ns3:TrackPointExtension>
        </extensions>
      </trkpt>
      <trkpt lat="31.28633662126958370208740234375" lon="121.49016774259507656097412109375">
        <ele>10.19999980926513671875</ele>
        <time>2026-09-02T08:12:09.000Z</time>
        <extensions>
          <ns3:TrackPointExtension>
            <ns3:hr>102</ns3:hr>
            <ns3:cad>83</ns3:cad>
          </ns3:TrackPointExtension>
        </extensions>
      </trkpt>
      <trkpt lat="31.28632388077676296234130859375" lon="121.49006397463381290435791015625">
        <ele>11.3999996185302734375</ele>
        <time>2026-09-02T08:12:13.000Z</time>
        <extensions>
          <ns3:TrackPointExtension>
            <ns3:hr>104</ns3:hr>
            <ns3:cad>85</ns3:cad>
          </ns3:TrackPointExtension>
        </extensions>
      </trkpt>
      <trkpt lat="31.286345757544040679931640625" lon="121.4899168722331523895263671875">
        <ele>14.19999980926513671875</ele>
        <time>2026-09-02T08:12:19.000Z</time>
        <extensions>
          <ns3:TrackPointExtension>
            <ns3:hr>107</ns3:hr>
            <ns3:cad>84</ns3:cad>
          </ns3:TrackPointExtension>
        </extensions>
      </trkpt>
      <trkpt lat="31.28634634427726268768310546875" lon="121.48988644592463970184326171875">
        <ele>14.80000019073486328125</ele>
        <time>2026-09-02T08:12:20.000Z</time>
        <extensions>
          <ns3:TrackPointExtension>
            <ns3:hr>107</ns3:hr>
            <ns3:cad>84</ns3:cad>
          </ns3:TrackPointExtension>
        </extensions>
      </trkpt>
      <trkpt lat="31.286341734230518341064453125" lon="121.48969986476004123687744140625">
        <ele>18</ele>
        <time>2026-09-02T08:12:27.000Z</time>
        <extensions>
          <ns3:TrackPointExtension>
            <ns3:hr>110</ns3:hr>
            <ns3:cad>83</ns3:cad>
          </ns3:TrackPointExtension>
        </extensions>
      </trkpt>
      <trkpt lat="31.28635388799011707305908203125" lon="121.489673294126987457275390625">
        <ele>18.3999996185302734375</ele>
        <time>2026-09-02T08:12:29.000Z</time>
        <extensions>
          <ns3:TrackPointExtension>
            <ns3:hr>110</ns3:hr>
            <ns3:cad>83</ns3:cad>
          </ns3:TrackPointExtension>
        </extensions>
      </trkpt>
      <trkpt lat="31.28633729182183742523193359375" lon="121.4895306341350078582763671875">
        <ele>20.3999996185302734375</ele>
        <time>2026-09-02T08:12:42.000Z</time>
        <extensions>
          <ns3:TrackPointExtension>
            <ns3:hr>109</ns3:hr>
            <ns3:cad>53</ns3:cad>
          </ns3:TrackPointExtension>
        </extensions>
      </trkpt>
      <trkpt lat="31.28631181083619594573974609375" lon="121.48949333466589450836181640625">
        <ele>20.799999237060546875</ele>
        <time>2026-09-02T08:12:45.000Z</time>
        <extensions>
          <ns3:TrackPointExtension>
            <ns3:hr>108</ns3:hr>
            <ns3:cad>58</ns3:cad>
          </ns3:TrackPointExtension>
        </extensions>
      </trkpt>
      <trkpt lat="31.28618105314671993255615234375" lon="121.4894391037523746490478515625">
        <ele>20.799999237060546875</ele>
        <time>2026-09-02T08:12:51.000Z</time>
        <extensions>
          <ns3:TrackPointExtension>
            <ns3:hr>112</ns3:hr>
            <ns3:cad>83</ns3:cad>
          </ns3:TrackPointExtension>
        </extensions>
      </trkpt>
      <trkpt lat="31.286127157509326934814453125" lon="121.48941135965287685394287109375">
        <ele>20.799999237060546875</ele>
        <time>2026-09-02T08:12:54.000Z</time>
        <extensions>
          <ns3:TrackPointExtension>
            <ns3:hr>113</ns3:hr>
            <ns3:cad>84</ns3:cad>
          </ns3:TrackPointExtension>
        </extensions>
      </trkpt>
      <trkpt lat="31.2861216254532337188720703125" lon="121.48936794139444828033447265625">
        <ele>21</ele>
        <time>2026-09-02T08:12:56.000Z</time>
        <extensions>
          <ns3:TrackPointExtension>
            <ns3:hr>113</ns3:hr>
            <ns3:cad>83</ns3:cad>
          </ns3:TrackPointExtension>
        </extensions>
      </trkpt>
      <trkpt lat="31.28615071065723896026611328125" lon="121.489242799580097198486328125">
        <ele>22.200000762939453125</ele>
        <time>2026-09-02T08:13:02.000Z</time>
        <extensions>
          <ns3:TrackPointExtension>
            <ns3:hr>110</ns3:hr>
            <ns3:cad>83</ns3:cad>
          </ns3:TrackPointExtension>
        </extensions>
      </trkpt>
      <trkpt lat="31.28616663627326488494873046875" lon="121.489153616130352020263671875">
        <ele>23.3999996185302734375</ele>
        <time>2026-09-02T08:13:06.000Z</time>
        <extensions>
          <ns3:TrackPointExtension>
            <ns3:hr>107</ns3:hr>
            <ns3:cad>83</ns3:cad>
          </ns3:TrackPointExtension>
        </extensions>
      </trkpt>
      <trkpt lat="31.286187507212162017822265625" lon="121.4891029894351959228515625">
        <ele>24</ele>
        <time>2026-09-02T08:13:09.000Z</time>
        <extensions>
          <ns3:TrackPointExtension>
            <ns3:hr>106</ns3:hr>
            <ns3:cad>83</ns3:cad>
          </ns3:TrackPointExtension>
        </extensions>
      </trkpt>
      <trkpt lat="31.28621122799813747406005859375" lon="121.48908178322017192840576171875">
        <ele>24.3999996185302734375</ele>
        <time>2026-09-02T08:13:14.000Z</time>
        <extensions>
          <ns3:TrackPointExtension>
            <ns3:hr>108</ns3:hr>
            <ns3:cad>58</ns3:cad>
          </ns3:TrackPointExtension>
        </extensions>
      </trkpt>
      <trkpt lat="31.2862339429557323455810546875" lon="121.48908832110464572906494140625">
        <ele>24.6000003814697265625</ele>
        <time>2026-09-02T08:13:17.000Z</time>
        <extensions>
          <ns3:TrackPointExtension>
            <ns3:hr>106</ns3:hr>
            <ns3:cad>58</ns3:cad>
          </ns3:TrackPointExtension>
        </extensions>
      </trkpt>
      <trkpt lat="31.28628314472734928131103515625" lon="121.4890880696475505828857421875">
        <ele>25</ele>
        <time>2026-09-02T08:13:19.000Z</time>
        <extensions>
          <ns3:TrackPointExtension>
            <ns3:hr>105</ns3:hr>
            <ns3:cad>58</ns3:cad>
          </ns3:TrackPointExtension>
        </extensions>
      </trkpt>
      <trkpt lat="31.28635187633335590362548828125" lon="121.489083208143711090087890625">
        <ele>24.200000762939453125</ele>
        <time>2026-09-02T08:13:22.000Z</time>
        <extensions>
          <ns3:TrackPointExtension>
            <ns3:hr>105</ns3:hr>
            <ns3:cad>84</ns3:cad>
          </ns3:TrackPointExtension>
        </extensions>
      </trkpt>
      <trkpt lat="31.28638221882283687591552734375" lon="121.48908144794404506683349609375">
        <ele>23.799999237060546875</ele>
        <time>2026-09-02T08:13:24.000Z</time>
        <extensions>
          <ns3:TrackPointExtension>
            <ns3:hr>106</ns3:hr>
            <ns3:cad>84</ns3:cad>
          </ns3:TrackPointExtension>
        </extensions>
      </trkpt>
      <trkpt lat="31.28648313693702220916748046875" lon="121.48901045322418212890625">
        <ele>23.200000762939453125</ele>
        <time>2026-09-02T08:13:30.000Z</time>
        <extensions>
          <ns3:TrackPointExtension>
            <ns3:hr>108</ns3:hr>
            <ns3:cad>84</ns3:cad>
          </ns3:TrackPointExtension>
        </extensions>
      </trkpt>
      <trkpt lat="31.28649252466857433319091796875" lon="121.48888346739113330841064453125">
        <ele>26.3999996185302734375</ele>
        <time>2026-09-02T08:13:35.000Z</time>
        <extensions>
          <ns3:TrackPointExtension>
            <ns3:hr>108</ns3:hr>
            <ns3:cad>85</ns3:cad>
          </ns3:TrackPointExtension>
        </extensions>
      </trkpt>
      <trkpt lat="31.28651599399745464324951171875" lon="121.48881666362285614013671875">
        <ele>27.3999996185302734375</ele>
        <time>2026-09-02T08:13:40.000Z</time>
        <extensions>
          <ns3:TrackPointExtension>
            <ns3:hr>111</ns3:hr>
            <ns3:cad>0</ns3:cad>
          </ns3:TrackPointExtension>
        </extensions>
      </trkpt>
      <trkpt lat="31.28651582635939121246337890625" lon="121.4887833036482334136962890625">
        <ele>27.3999996185302734375</ele>
        <time>2026-09-02T08:13:44.000Z</time>
        <extensions>
          <ns3:TrackPointExtension>
            <ns3:hr>114</ns3:hr>
            <ns3:cad>0</ns3:cad>
          </ns3:TrackPointExtension>
        </extensions>
      </trkpt>
      <trkpt lat="31.28653292544186115264892578125" lon="121.48878020234405994415283203125">
        <ele>27.6000003814697265625</ele>
        <time>2026-09-02T08:13:46.000Z</time>
        <extensions>
          <ns3:TrackPointExtension>
            <ns3:hr>114</ns3:hr>
            <ns3:cad>0</ns3:cad>
          </ns3:TrackPointExtension>
        </extensions>
      </trkpt>
      <trkpt lat="31.286536864936351776123046875" lon="121.488772071897983551025390625">
        <ele>27.799999237060546875</ele>
        <time>2026-09-02T08:13:47.000Z</time>
        <extensions>
          <ns3:TrackPointExtension>
            <ns3:hr>114</ns3:hr>
            <ns3:cad>55</ns3:cad>
          </ns3:TrackPointExtension>
        </extensions>
      </trkpt>
      <trkpt lat="31.28657919354736804962158203125" lon="121.4887420646846294403076171875">
        <ele>28.3999996185302734375</ele>
        <time>2026-09-02T08:13:51.000Z</time>
        <extensions>
          <ns3:TrackPointExtension>
            <ns3:hr>113</ns3:hr>
            <ns3:cad>55</ns3:cad>
          </ns3:TrackPointExtension>
        </extensions>
      </trkpt>
      <trkpt lat="31.28659612499177455902099609375" lon="121.48876109160482883453369140625">
        <ele>28.200000762939453125</ele>
        <time>2026-09-02T08:13:52.000Z</time>
        <extensions>
          <ns3:TrackPointExtension>
            <ns3:hr>112</ns3:hr>
            <ns3:cad>55</ns3:cad>
          </ns3:TrackPointExtension>
        </extensions>
      </trkpt>
    </trkseg>
  </trk>
</gpx>
