<gpx xmlns:ns3="http://www.garmin.com/xmlschemas/TrackPointExtension/v1" xmlns="http://www.topografix.com/GPX/1/1" xmlns:xsi="http://www.w3.org/2001/XMLSchema-instance" xmlns:ns2="http://www.garmin.com/xmlschemas/GpxExtensions/v3" creator="Garmin Connect" version="1.1" xsi:schemaLocation="http://www.topografix.com/GPX/1/1 http://www.topografix.com/GPX/11.xsd">
  <extensions>
<distance>4501.7</distance>
<average_hr>113.0</average_hr>
<average_speed>1.7879999876022339</average_speed>
<start_time>2026-09-01T06:28:45+00:00</start_time>
<end_time>2026-09-01T07:10:42.184000+00:00</end_time>
<moving_time>2198.868</moving_time>
<elapsed_time>2717.797</elapsed_time>
</extensions>
<metadata>
    <link href="connect.garmin.com">
      <text>Garmin Connect</text>
    </link>
    <time>2026-09-01T06:28:45.000Z</time>
  </metadata>
  <trk>
    <name>杨浦区 跑步</name>
    <type>running</type>
    <trkseg>
      <trkpt lat="31.25878463499248027801513671875" lon="121.5100552327930927276611328125">
        <ele>8.6000003814697265625</ele>
        <time>2026-09-01T06:28:45.000Z</time>
        <extensions>
          <ns3:TrackPointExtension>
            <ns3:hr>57</ns3:hr>
            <ns3:cad>57</ns3:cad>
          </ns3:TrackPointExtension>
        </extensions>
      </trkpt>
      <trkpt lat="31.258784048259258270263671875" lon="121.5100605972111225128173828125">
        <ele>8.6000003814697265625</ele>
        <time>2026-09-01T06:28:46.000Z</time>
        <extensions>
          <ns3:TrackPointExtension>
            <ns3:hr>59</ns3:hr>
            <ns3:cad>57</ns3:cad>
          </ns3:TrackPointExtension>
        </extensions>
      </trkpt>
      <trkpt lat="31.258804500102996826171875" lon="121.51012086309492588043212890625">
        <ele>8.80000019073486328125</ele>
        <time>2026-09-01T06:28:54.000Z</time>
        <extensions>
          <ns3:TrackPointExtension>
            <ns3:hr>56</ns3:hr>
            <ns3:cad>58</ns3:cad>
          </ns3:TrackPointExtension>
        </extensions>
      </trkpt>
      <trkpt lat="31.25880760140717029571533203125" lon="121.510137878358364105224609375">
        <ele>8.80000019073486328125</ele>
        <time>2026-09-01T06:28:56.000Z</time>
        <extensions>
          <ns3:TrackPointExtension>
            <ns3:hr>56</ns3:hr>
            <ns3:cad>57</ns3:cad>
          </ns3:TrackPointExtension>
        </extensions>
      </trkpt>
      <trkpt lat="31.2588127143681049346923828125" lon="121.51017115451395511627197265625">
        <ele>8.80000019073486328125</ele>
        <time>2026-09-01T06:28:59.000Z</time>
        <extensions>
          <ns3:TrackPointExtension>
            <ns3:hr>53</ns3:hr>
            <ns3:cad>56</ns3:cad>
          </ns3:TrackPointExtension>
        </extensions>
      </trkpt>
      <trkpt lat="31.2588120438158512115478515625" lon="121.51020367629826068878173828125">
        <ele>8.80000019073486328125</ele>
        <time>2026-09-01T06:29:04.000Z</time>
        <extensions>
          <ns3:TrackPointExtension>
            <ns3:hr>51</ns3:hr>
            <ns3:cad>55</ns3:cad>
          </ns3:TrackPointExtension>
        </extensions>
      </trkpt>
      <trkpt lat="31.2587939389050006866455078125" lon="121.5101826377213001251220703125">
        <ele>8.80000019073486328125</ele>
        <time>2026-09-01T06:29:12.000Z</time>
        <extensions>
          <ns3:TrackPointExtension>
            <ns3:hr>50</ns3:hr>
            <ns3:cad>57</ns3:cad>
          </ns3:TrackPointExtension>
        </extensions>
      </trkpt>
      <trkpt lat="31.2588013149797916412353515625" lon="121.510186493396759033203125">
        <ele>8.80000019073486328125</ele>
        <time>2026-09-01T06:29:13.000Z</time>
        <extensions>
          <ns3:TrackPointExtension>
            <ns3:hr>50</ns3:hr>
            <ns3:cad>55</ns3:cad>
          </ns3:TrackPointExtension>
        </extensions>
      </trkpt>
      <trkpt lat="31.25881095416843891143798828125" lon="121.51019009761512279510498046875">
        <ele>8.80000019073486328125</ele>
        <time>2026-09-01T06:29:14.000Z</time>
        <extensions>
          <ns3:TrackPointExtension>
            <ns3:hr>50</ns3:hr>
            <ns3:cad>55</ns3:cad>
          </ns3:TrackPointExtension>
        </extensions>
      </trkpt>
      <trkpt lat="31.25881900079548358917236328125" lon="121.5102154947817325592041015625">
        <ele>8.80000019073486328125</ele>
        <time>2026-09-01T06:29:16.000Z</time>
        <extensions>
          <ns3:TrackPointExtension>
            <ns3:hr>47</ns3:hr>
            <ns3:cad>55</ns3:cad>
          </ns3:TrackPointExtension>
        </extensions>
      </trkpt>
      <trkpt lat="31.25881833024322986602783203125" lon="121.5102322585880756378173828125">
        <ele>8.80000019073486328125</ele>
        <time>2026-09-01T06:29:17.000Z</time>
        <extensions>
          <ns3:TrackPointExtension>
            <ns3:hr>50</ns3:hr>
            <ns3:cad>55</ns3:cad>
          </ns3:TrackPointExtension>
        </extensions>
      </trkpt>
      <trkpt lat="31.25880357809364795684814453125" lon="121.51025983504951000213623046875">
        <ele>8.80000019073486328125</ele>
        <time>2026-09-01T06:29:19.000Z</time>
        <extensions>
          <ns3:TrackPointExtension>
            <ns3:hr>50</ns3:hr>
            <ns3:cad>55</ns3:cad>
          </ns3:TrackPointExtension>
        </extensions>
      </trkpt>
      <trkpt lat="31.25878513790667057037353515625" lon="121.510262601077556610107421875">
        <ele>8.6000003814697265625</ele>
        <time>2026-09-01T06:29:20.000Z</time>
        <extensions>
          <ns3:TrackPointExtension>
            <ns3:hr>49</ns3:hr>
            <ns3:cad>56</ns3:cad>
          </ns3:TrackPointExtension>
        </extensions>
      </trkpt>
      <trkpt lat="31.25879888422787189483642578125" lon="121.5103167481720447540283203125">
        <ele>8.6000003814697265625</ele>
        <time>2026-09-01T06:29:25.000Z</time>
        <extensions>
          <ns3:TrackPointExtension>
            <ns3:hr>54</ns3:hr>
            <ns3:cad>55</ns3:cad>
          </ns3:TrackPointExtension>
        </extensions>
      </trkpt>
      <trkpt lat="31.25879586674273014068603515625" lon="121.51037148199975490570068359375">
        <ele>8.80000019073486328125</ele>
        <time>2026-09-01T06:29:31.000Z</time>
        <extensions>
          <ns3:TrackPointExtension>
            <ns3:hr>56</ns3:hr>
            <ns3:cad>57</ns3:cad>
          </ns3:TrackPointExtension>
        </extensions>
      </trkpt>
      <trkpt lat="31.2587879039347171783447265625" lon="121.510373912751674652099609375">
        <ele>8.80000019073486328125</ele>
        <time>2026-09-01T06:29:32.000Z</time>
        <extensions>
          <ns3:TrackPointExtension>
            <ns3:hr>56</ns3:hr>
            <ns3:cad>58</ns3:cad>
          </ns3:TrackPointExtension>
        </extensions>
      </trkpt>
      <trkpt lat="31.25876627862453460693359375" lon="121.51038170792162418365478515625">
        <ele>8.6000003814697265625</ele>
        <time>2026-09-01T06:29:34.000Z</time>
        <extensions>
          <ns3:TrackPointExtension>
            <ns3:hr>53</ns3:hr>
            <ns3:cad>58</ns3:cad>
          </ns3:TrackPointExtension>
        </extensions>
      </trkpt>
      <trkpt lat="31.25875865109264850616455078125" lon="121.510393358767032623291015625">
        <ele>8.6000003814697265625</ele>
        <time>2026-09-01T06:29:35.000Z</time>
        <extensions>
          <ns3:TrackPointExtension>
            <ns3:hr>56</ns3:hr>
            <ns3:cad>58</ns3:cad>
          </ns3:TrackPointExtension>
        </extensions>
      </trkpt>
      <trkpt lat="31.2587295658886432647705078125" lon="121.51043032296001911163330078125">
        <ele>8.6000003814697265625</ele>
        <time>2026-09-01T06:29:38.000Z</time>
        <extensions>
          <ns3:TrackPointExtension>
            <ns3:hr>59</ns3:hr>
            <ns3:cad>56</ns3:cad>
          </ns3:TrackPointExtension>
        </extensions>
      </trkpt>
      <trkpt lat="31.25871623866260051727294921875" lon="121.5104305744171142578125">
        <ele>8.6000003814697265625</ele>
        <time>2026-09-01T06:29:39.000Z</time>
        <extensions>
          <ns3:TrackPointExtension>
            <ns3:hr>56</ns3:hr>
            <ns3:cad>55</ns3:cad>
          </ns3:TrackPointExtension>
        </extensions>
      </trkpt>
      <trkpt lat="31.25870592892169952392578125" lon="121.5104361064732074737548828125">
        <ele>8.6000003814697265625</ele>
        <time>2026-09-01T06:29:40.000Z</time>
        <extensions>
          <ns3:TrackPointExtension>
            <ns3:hr>56</ns3:hr>
            <ns3:cad>55</ns3:cad>
          </ns3:TrackPointExtension>
        </extensions>
      </trkpt>
      <trkpt lat="31.258665360510349273681640625" lon="121.51043937541544437408447265625">
        <ele>8.19999980926513671875</ele>
        <time>2026-09-01T06:29:42.000Z</time>
        <extensions>
          <ns3:TrackPointExtension>
            <ns3:hr>55</ns3:hr>
            <ns3:cad>55</ns3:cad>
          </ns3:TrackPointExtension>
        </extensions>
      </trkpt>
      <trkpt lat="31.258645243942737579345703125" lon="121.51044691912829875946044921875">
        <ele>8.19999980926513671875</ele>
        <time>2026-09-01T06:29:43.000Z</time>
        <extensions>
          <ns3:TrackPointExtension>
            <ns3:hr>57</ns3:hr>
            <ns3:cad>55</ns3:cad>
          </ns3:TrackPointExtension>
        </extensions>
      </trkpt>
      <trkpt lat="31.258609034121036529541015625" lon="121.51045882143080234527587890625">
        <ele>8</ele>
        <time>2026-09-01T06:29:45.000Z</time>
        <extensions>
          <ns3:TrackPointExtension>
            <ns3:hr>58</ns3:hr>
            <ns3:cad>55</ns3:cad>
          </ns3:TrackPointExtension>
        </extensions>
      </trkpt>
      <trkpt lat="31.258561424911022186279296875" lon="121.510476171970367431640625">
        <ele>8</ele>
        <time>2026-09-01T06:29:49.000Z</time>
        <extensions>
          <ns3:TrackPointExtension>
            <ns3:hr>59</ns3:hr>
            <ns3:cad>0</ns3:cad>
          </ns3:TrackPointExtension>
        </extensions>
      </trkpt>
      <trkpt lat="31.2585403025150299072265625" lon="121.51049536652863025665283203125">
        <ele>8</ele>
        <time>2026-09-01T06:29:51.000Z</time>
        <extensions>
          <ns3:TrackPointExtension>
            <ns3:hr>60</ns3:hr>
            <ns3:cad>0</ns3:cad>
          </ns3:TrackPointExtension>
        </extensions>
      </trkpt>
      <trkpt lat="31.2585062719881534576416015625" lon="121.51050324551761150360107421875">
        <ele>8</ele>
        <time>2026-09-01T06:29:53.000Z</time>
        <extensions>
          <ns3:TrackPointExtension>
            <ns3:hr>65</ns3:hr>
            <ns3:cad>0</ns3:cad>
          </ns3:TrackPointExtension>
        </extensions>
      </trkpt>
      <trkpt lat="31.25850333832204341888427734375" lon="121.5105164051055908203125">
        <ele>8</ele>
        <time>2026-09-01T06:29:54.000Z</time>
        <extensions>
          <ns3:TrackPointExtension>
            <ns3:hr>64</ns3:hr>
            <ns3:cad>0</ns3:cad>
          </ns3:TrackPointExtension>
        </extensions>
      </trkpt>
      <trkpt lat="31.25850887037813663482666015625" lon="121.51053610257804393768310546875">
        <ele>8.19999980926513671875</ele>
        <time>2026-09-01T06:29:55.000Z</time>
        <extensions>
          <ns3:TrackPointExtension>
            <ns3:hr>69</ns3:hr>
            <ns3:cad>0</ns3:cad>
          </ns3:TrackPointExtension>
        </extensions>
      </trkpt>
      <trkpt lat="31.25850065611302852630615234375" lon="121.510554291307926177978515625">
        <ele>8.19999980926513671875</ele>
        <time>2026-09-01T06:29:57.000Z</time>
        <extensions>
          <ns3:TrackPointExtension>
            <ns3:hr>76</ns3:hr>
            <ns3:cad>0</ns3:cad>
          </ns3:TrackPointExtension>
        </extensions>
      </trkpt>
      <trkpt lat="31.2584878318011760711669921875" lon="121.510555632412433624267578125">
        <ele>8</ele>
        <time>2026-09-01T06:29:58.000Z</time>
        <extensions>
          <ns3:TrackPointExtension>
            <ns3:hr>78</ns3:hr>
            <ns3:cad>57</ns3:cad>
          </ns3:TrackPointExtension>
        </extensions>
      </trkpt>
      <trkpt lat="31.258460171520709991455078125" lon="121.51055638678371906280517578125">
        <ele>7.80000019073486328125</ele>
        <time>2026-09-01T06:30:00.000Z</time>
        <extensions>
          <ns3:TrackPointExtension>
            <ns3:hr>78</ns3:hr>
            <ns3:cad>0</ns3:cad>
          </ns3:TrackPointExtension>
        </extensions>
      </trkpt>
      <trkpt lat="31.25844768248498439788818359375" lon="121.5105695463716983795166015625">
        <ele>7.80000019073486328125</ele>
        <time>2026-09-01T06:30:02.000Z</time>
        <extensions>
          <ns3:TrackPointExtension>
            <ns3:hr>79</ns3:hr>
            <ns3:cad>0</ns3:cad>
          </ns3:TrackPointExtension>
        </extensions>
      </trkpt>
      <trkpt lat="31.25842236913740634918212890625" lon="121.5106241963803768157958984375">
        <ele>7.80000019073486328125</ele>
        <time>2026-09-01T06:30:08.000Z</time>
        <extensions>
          <ns3:TrackPointExtension>
            <ns3:hr>81</ns3:hr>
            <ns3:cad>0</ns3:cad>
          </ns3:TrackPointExtension>
        </extensions>
      </trkpt>
      <trkpt lat="31.25841080211102962493896484375" lon="121.51062570512294769287109375">
        <ele>7.80000019073486328125</ele>
        <time>2026-09-01T06:30:09.000Z</time>
        <extensions>
          <ns3:TrackPointExtension>
            <ns3:hr>82</ns3:hr>
            <ns3:cad>0</ns3:cad>
          </ns3:TrackPointExtension>
        </extensions>
      </trkpt>
      <trkpt lat="31.25838850624859333038330078125" lon="121.51064121164381504058837890625">
        <ele>7.80000019073486328125</ele>
        <time>2026-09-01T06:30:12.000Z</time>
        <extensions>
          <ns3:TrackPointExtension>
            <ns3:hr>84</ns3:hr>
            <ns3:cad>59</ns3:cad>
          </ns3:TrackPointExtension>
        </extensions>
      </trkpt>
      <trkpt lat="31.25838674604892730712890625" lon="121.51065562851727008819580078125">
        <ele>7.80000019073486328125</ele>
        <time>2026-09-01T06:30:13.000Z</time>
        <extensions>
          <ns3:TrackPointExtension>
            <ns3:hr>84</ns3:hr>
            <ns3:cad>59</ns3:cad>
          </ns3:TrackPointExtension>
        </extensions>
      </trkpt>
      <trkpt lat="31.258342824876308441162109375" lon="121.51075470261275768280029296875">
        <ele>7.80000019073486328125</ele>
        <time>2026-09-01T06:30:18.000Z</time>
        <extensions>
          <ns3:TrackPointExtension>
            <ns3:hr>84</ns3:hr>
            <ns3:cad>57</ns3:cad>
          </ns3:TrackPointExtension>
        </extensions>
      </trkpt>
      <trkpt lat="31.258267723023891448974609375" lon="121.51086718775331974029541015625">
        <ele>7.599999904632568359375</ele>
        <time>2026-09-01T06:30:23.000Z</time>
        <extensions>
          <ns3:TrackPointExtension>
            <ns3:hr>84</ns3:hr>
            <ns3:cad>80</ns3:cad>
          </ns3:TrackPointExtension>
        </extensions>
      </trkpt>
      <trkpt lat="31.2582668848335742950439453125" lon="121.51088495738804340362548828125">
        <ele>7.599999904632568359375</ele>
        <time>2026-09-01T06:30:24.000Z</time>
        <extensions>
          <ns3:TrackPointExtension>
            <ns3:hr>84</ns3:hr>
            <ns3:cad>80</ns3:cad>
          </ns3:TrackPointExtension>
        </extensions>
      </trkpt>
      <trkpt lat="31.25827015377581119537353515625" lon="121.51090373285114765167236328125">
        <ele>7.80000019073486328125</ele>
        <time>2026-09-01T06:30:25.000Z</time>
        <extensions>
          <ns3:TrackPointExtension>
            <ns3:hr>87</ns3:hr>
            <ns3:cad>80</ns3:cad>
          </ns3:TrackPointExtension>
        </extensions>
      </trkpt>
      <trkpt lat="31.25828138552606105804443359375" lon="121.51092602871358394622802734375">
        <ele>7.80000019073486328125</ele>
        <time>2026-09-01T06:30:26.000Z</time>
        <extensions>
          <ns3:TrackPointExtension>
            <ns3:hr>90</ns3:hr>
            <ns3:cad>80</ns3:cad>
          </ns3:TrackPointExtension>
        </extensions>
      </trkpt>
      <trkpt lat="31.25829496420919895172119140625" lon="121.51097699068486690521240234375">
        <ele>8.19999980926513671875</ele>
        <time>2026-09-01T06:30:28.000Z</time>
        <extensions>
          <ns3:TrackPointExtension>
            <ns3:hr>94</ns3:hr>
            <ns3:cad>80</ns3:cad>
          </ns3:TrackPointExtension>
        </extensions>
      </trkpt>
      <trkpt lat="31.258316002786159515380859375" lon="121.511039771139621734619140625">
        <ele>8.6000003814697265625</ele>
        <time>2026-09-01T06:30:32.000Z</time>
        <extensions>
          <ns3:TrackPointExtension>
            <ns3:hr>92</ns3:hr>
            <ns3:cad>80</ns3:cad>
          </ns3:TrackPointExtension>
        </extensions>
      </trkpt>
      <trkpt lat="31.258324049413204193115234375" lon="121.51107153855264186859130859375">
        <ele>8.80000019073486328125</ele>
        <time>2026-09-01T06:30:34.000Z</time>
        <extensions>
          <ns3:TrackPointExtension>
            <ns3:hr>89</ns3:hr>
            <ns3:cad>80</ns3:cad>
          </ns3:TrackPointExtension>
        </extensions>
      </trkpt>
      <trkpt lat="31.25837459228932857513427734375" lon="121.5111629851162433624267578125">
        <ele>9.6000003814697265625</ele>
        <time>2026-09-01T06:30:41.000Z</time>
        <extensions>
          <ns3:TrackPointExtension>
            <ns3:hr>91</ns3:hr>
            <ns3:cad>57</ns3:cad>
          </ns3:TrackPointExtension>
        </extensions>
      </trkpt>
      <trkpt lat="31.25829446129500865936279296875" lon="121.511299274861812591552734375">
        <ele>8.19999980926513671875</ele>
        <time>2026-09-01T06:30:47.000Z</time>
        <extensions>
          <ns3:TrackPointExtension>
            <ns3:hr>93</ns3:hr>
            <ns3:cad>81</ns3:cad>
          </ns3:TrackPointExtension>
        </extensions>
      </trkpt>
      <trkpt lat="31.2582256458699703216552734375" lon="121.5113581158220767974853515625">
        <ele>7</ele>
        <time>2026-09-01T06:30:51.000Z</time>
        <extensions>
          <ns3:TrackPointExtension>
            <ns3:hr>94</ns3:hr>
            <ns3:cad>81</ns3:cad>
          </ns3:TrackPointExtension>
        </extensions>
      </trkpt>
      <trkpt lat="31.25818180851638317108154296875" lon="121.51138485409319400787353515625">
        <ele>6</ele>
        <time>2026-09-01T06:30:53.000Z</time>
        <extensions>
          <ns3:TrackPointExtension>
            <ns3:hr>95</ns3:hr>
            <ns3:cad>81</ns3:cad>
          </ns3:TrackPointExtension>
        </extensions>
      </trkpt>
      <trkpt lat="31.25803194008767604827880859375" lon="121.51145911775529384613037109375">
        <ele>3</ele>
        <time>2026-09-01T06:30:58.000Z</time>
        <extensions>
          <ns3:TrackPointExtension>
            <ns3:hr>97</ns3:hr>
            <ns3:cad>82</ns3:cad>
          </ns3:TrackPointExtension>
        </extensions>
      </trkpt>
      <trkpt lat="31.25797661952674388885498046875" lon="121.51150488294661045074462890625">
        <ele>3</ele>
        <time>2026-09-01T06:31:01.000Z</time>
        <extensions>
          <ns3:TrackPointExtension>
            <ns3:hr>100</ns3:hr>
            <ns3:cad>82</ns3:cad>
          </ns3:TrackPointExtension>
        </extensions>
      </trkpt>
      <trkpt lat="31.2579611130058765411376953125" lon="121.511524580419063568115234375">
        <ele>3</ele>
        <time>2026-09-01T06:31:03.000Z</time>
        <extensions>
          <ns3:TrackPointExtension>
            <ns3:hr>103</ns3:hr>
            <ns3:cad>81</ns3:cad>
          </ns3:TrackPointExtension>
        </extensions>
      </trkpt>
      <trkpt lat="31.25795784406363964080810546875" lon="121.51153899729251861572265625">
        <ele>3</ele>
        <time>2026-09-01T06:31:04.000Z</time>
        <extensions>
          <ns3:TrackPointExtension>
            <ns3:hr>104</ns3:hr>
            <ns3:cad>81</ns3:cad>
          </ns3:TrackPointExtension>
        </extensions>
      </trkpt>
      <trkpt lat="31.25792649574577808380126953125" lon="121.51154042221605777740478515625">
        <ele>3</ele>
        <time>2026-09-01T06:31:10.000Z</time>
        <extensions>
          <ns3:TrackPointExtension>
            <ns3:hr>104</ns3:hr>
            <ns3:cad>81</ns3:cad>
          </ns3:TrackPointExtension>
        </extensions>
      </trkpt>
      <trkpt lat="31.257866062223911285400390625" lon="121.511537991464138031005859375">
        <ele>3</ele>
        <time>2026-09-01T06:31:15.000Z</time>
        <extensions>
          <ns3:TrackPointExtension>
            <ns3:hr>105</ns3:hr>
            <ns3:cad>56</ns3:cad>
          </ns3:TrackPointExtension>
        </extensions>
      </trkpt>
      <trkpt lat="31.257796995341777801513671875" lon="121.51156355626881122589111328125">
        <ele>3</ele>
        <time>2026-09-01T06:31:18.000Z</time>
        <extensions>
          <ns3:TrackPointExtension>
            <ns3:hr>105</ns3:hr>
            <ns3:cad>57</ns3:cad>
          </ns3:TrackPointExtension>
        </extensions>
      </trkpt>
      <trkpt lat="31.25776355154812335968017578125" lon="121.51156892068684101104736328125">
        <ele>3</ele>
        <time>2026-09-01T06:31:19.000Z</time>
        <extensions>
          <ns3:TrackPointExtension>
            <ns3:hr>105</ns3:hr>
            <ns3:cad>57</ns3:cad>
          </ns3:TrackPointExtension>
        </extensions>
      </trkpt>
      <trkpt lat="31.2577405013144016265869140625" lon="121.51157612912356853485107421875">
        <ele>3</ele>
        <time>2026-09-01T06:31:20.000Z</time>
        <extensions>
          <ns3:TrackPointExtension>
            <ns3:hr>105</ns3:hr>
            <ns3:cad>57</ns3:cad>
          </ns3:TrackPointExtension>
        </extensions>
      </trkpt>
      <trkpt lat="31.25771007500588893890380859375" lon="121.51161409914493560791015625">
        <ele>3.2000000476837158203125</ele>
        <time>2026-09-01T06:31:23.000Z</time>
        <extensions>
          <ns3:TrackPointExtension>
            <ns3:hr>101</ns3:hr>
            <ns3:cad>57</ns3:cad>
          </ns3:TrackPointExtension>
        </extensions>
      </trkpt>
      <trkpt lat="31.257712841033935546875" lon="121.5116454474627971649169921875">
        <ele>3.2000000476837158203125</ele>
        <time>2026-09-01T06:31:27.000Z</time>
        <extensions>
          <ns3:TrackPointExtension>
            <ns3:hr>98</ns3:hr>
            <ns3:cad>57</ns3:cad>
          </ns3:TrackPointExtension>
        </extensions>
      </trkpt>
      <trkpt lat="31.25772248022258281707763671875" lon="121.51171023957431316375732421875">
        <ele>3.2000000476837158203125</ele>
        <time>2026-09-01T06:31:30.000Z</time>
        <extensions>
          <ns3:TrackPointExtension>
            <ns3:hr>96</ns3:hr>
            <ns3:cad>57</ns3:cad>
          </ns3:TrackPointExtension>
        </extensions>
      </trkpt>
      <trkpt lat="31.25774242915213108062744140625" lon="121.5117772109806537628173828125">
        <ele>3.599999904632568359375</ele>
        <time>2026-09-01T06:31:37.000Z</time>
        <extensions>
          <ns3:TrackPointExtension>
            <ns3:hr>94</ns3:hr>
            <ns3:cad>57</ns3:cad>
          </ns3:TrackPointExtension>
        </extensions>
      </trkpt>
      <trkpt lat="31.25779154710471630096435546875" lon="121.5118590183556079864501953125">
        <ele>3.7999999523162841796875</ele>
        <time>2026-09-01T06:31:45.000Z</time>
        <extensions>
          <ns3:TrackPointExtension>
            <ns3:hr>92</ns3:hr>
            <ns3:cad>57</ns3:cad>
          </ns3:TrackPointExtension>
        </extensions>
      </trkpt>
      <trkpt lat="31.2578095681965351104736328125" lon="121.51193219237029552459716796875">
        <ele>4.400000095367431640625</ele>
        <time>2026-09-01T06:31:49.000Z</time>
        <extensions>
          <ns3:TrackPointExtension>
            <ns3:hr>89</ns3:hr>
            <ns3:cad>57</ns3:cad>
          </ns3:TrackPointExtension>
        </extensions>
      </trkpt>
      <trkpt lat="31.2578296847641468048095703125" lon="121.5120377205312252044677734375">
        <ele>5.19999980926513671875</ele>
        <time>2026-09-01T06:31:52.000Z</time>
        <extensions>
          <ns3:TrackPointExtension>
            <ns3:hr>86</ns3:hr>
            <ns3:cad>0</ns3:cad>
          </ns3:TrackPointExtension>
        </extensions>
      </trkpt>
      <trkpt lat="31.25784016214311122894287109375" lon="121.51207032613456249237060546875">
        <ele>5.400000095367431640625</ele>
        <time>2026-09-01T06:31:53.000Z</time>
        <extensions>
          <ns3:TrackPointExtension>
            <ns3:hr>86</ns3:hr>
            <ns3:cad>0</ns3:cad>
          </ns3:TrackPointExtension>
        </extensions>
      </trkpt>
      <trkpt lat="31.25788693316280841827392578125" lon="121.512198485434055328369140625">
        <ele>6.19999980926513671875</ele>
        <time>2026-09-01T06:31:59.000Z</time>
        <extensions>
          <ns3:TrackPointExtension>
            <ns3:hr>83</ns3:hr>
            <ns3:cad>57</ns3:cad>
          </ns3:TrackPointExtension>
        </extensions>
      </trkpt>
      <trkpt lat="31.25791995786130428314208984375" lon="121.512301750481128692626953125">
        <ele>6.599999904632568359375</ele>
        <time>2026-09-01T06:32:02.000Z</time>
        <extensions>
          <ns3:TrackPointExtension>
            <ns3:hr>81</ns3:hr>
            <ns3:cad>57</ns3:cad>
          </ns3:TrackPointExtension>
        </extensions>
      </trkpt>
      <trkpt lat="31.2579396553337574005126953125" lon="121.51232731528580188751220703125">
        <ele>7</ele>
        <time>2026-09-01T06:32:03.000Z</time>
        <extensions>
          <ns3:TrackPointExtension>
            <ns3:hr>82</ns3:hr>
            <ns3:cad>57</ns3:cad>
          </ns3:TrackPointExtension>
        </extensions>
      </trkpt>
      <trkpt lat="31.25802439637482166290283203125" lon="121.512476094067096710205078125">
        <ele>8.3999996185302734375</ele>
        <time>2026-09-01T06:32:09.000Z</time>
        <extensions>
          <ns3:TrackPointExtension>
            <ns3:hr>81</ns3:hr>
            <ns3:cad>78</ns3:cad>
          </ns3:TrackPointExtension>
        </extensions>
      </trkpt>
      <trkpt lat="31.258040405809879302978515625" lon="121.512490175664424896240234375">
        <ele>8.3999996185302734375</ele>
        <time>2026-09-01T06:32:10.000Z</time>
        <extensions>
          <ns3:TrackPointExtension>
            <ns3:hr>82</ns3:hr>
            <ns3:cad>79</ns3:cad>
          </ns3:TrackPointExtension>
        </extensions>
      </trkpt>
      <trkpt lat="31.258082650601863861083984375" lon="121.51252060197293758392333984375">
        <ele>8.6000003814697265625</ele>
        <time>2026-09-01T06:32:12.000Z</time>
        <extensions>
          <ns3:TrackPointExtension>
            <ns3:hr>85</ns3:hr>
            <ns3:cad>79</ns3:cad>
          </ns3:TrackPointExtension>
        </extensions>
      </trkpt>
      <trkpt lat="31.25813084654510021209716796875" lon="121.5125426463782787322998046875">
        <ele>8.6000003814697265625</ele>
        <time>2026-09-01T06:32:14.000Z</time>
        <extensions>
          <ns3:TrackPointExtension>
            <ns3:hr>87</ns3:hr>
            <ns3:cad>79</ns3:cad>
          </ns3:TrackPointExtension>
        </extensions>
      </trkpt>
      <trkpt lat="31.2582564912736415863037109375" lon="121.5126214362680912017822265625">
        <ele>8.19999980926513671875</ele>
        <time>2026-09-01T06:32:20.000Z</time>
        <extensions>
          <ns3:TrackPointExtension>
            <ns3:hr>90</ns3:hr>
            <ns3:cad>81</ns3:cad>
          </ns3:TrackPointExtension>
        </extensions>
      </trkpt>
      <trkpt lat="31.25828021205961704254150390625" lon="121.51267851702868938446044921875">
        <ele>8.19999980926513671875</ele>
        <time>2026-09-01T06:32:24.000Z</time>
        <extensions>
          <ns3:TrackPointExtension>
            <ns3:hr>92</ns3:hr>
            <ns3:cad>82</ns3:cad>
          </ns3:TrackPointExtension>
        </extensions>
      </trkpt>
      <trkpt lat="31.25831432640552520751953125" lon="121.5126898325979709625244140625">
        <ele>8</ele>
        <time>2026-09-01T06:32:27.000Z</time>
        <extensions>
          <ns3:TrackPointExtension>
            <ns3:hr>94</ns3:hr>
            <ns3:cad>0</ns3:cad>
          </ns3:TrackPointExtension>
        </extensions>
      </trkpt>
      <trkpt lat="31.25832865945994853973388671875" lon="121.51270114816725254058837890625">
        <ele>8</ele>
        <time>2026-09-01T06:32:30.000Z</time>
        <extensions>
          <ns3:TrackPointExtension>
            <ns3:hr>97</ns3:hr>
            <ns3:cad>56</ns3:cad>
          </ns3:TrackPointExtension>
        </extensions>
      </trkpt>
      <trkpt lat="31.25834827311336994171142578125" lon="121.51271237991750240325927734375">
        <ele>7.80000019073486328125</ele>
        <time>2026-09-01T06:32:32.000Z</time>
        <extensions>
          <ns3:TrackPointExtension>
            <ns3:hr>99</ns3:hr>
            <ns3:cad>56</ns3:cad>
          </ns3:TrackPointExtension>
        </extensions>
      </trkpt>
      <trkpt lat="31.25840845517814159393310546875" lon="121.51277809403836727142333984375">
        <ele>7</ele>
        <time>2026-09-01T06:32:38.000Z</time>
        <extensions>
          <ns3:TrackPointExtension>
            <ns3:hr>99</ns3:hr>
            <ns3:cad>57</ns3:cad>
          </ns3:TrackPointExtension>
        </extensions>
      </trkpt>
      <trkpt lat="31.25843326561152935028076171875" lon="121.51286308653652667999267578125">
        <ele>6.80000019073486328125</ele>
        <time>2026-09-01T06:32:41.000Z</time>
        <extensions>
          <ns3:TrackPointExtension>
            <ns3:hr>98</ns3:hr>
            <ns3:cad>80</ns3:cad>
          </ns3:TrackPointExtension>
        </extensions>
      </trkpt>
      <trkpt lat="31.25845103524625301361083984375" lon="121.5129433013498783111572265625">
        <ele>7</ele>
        <time>2026-09-01T06:32:44.000Z</time>
        <extensions>
          <ns3:TrackPointExtension>
            <ns3:hr>97</ns3:hr>
            <ns3:cad>82</ns3:cad>
          </ns3:TrackPointExtension>
        </extensions>
      </trkpt>
      <trkpt lat="31.25847349874675273895263671875" lon="121.51301597245037555694580078125">
        <ele>7</ele>
        <time>2026-09-01T06:32:47.000Z</time>
        <extensions>
          <ns3:TrackPointExtension>
            <ns3:hr>96</ns3:hr>
            <ns3:cad>81</ns3:cad>
          </ns3:TrackPointExtension>
        </extensions>
      </trkpt>
      <trkpt lat="31.25854642130434513092041015625" lon="121.5131664276123046875">
        <ele>6.599999904632568359375</ele>
        <time>2026-09-01T06:32:54.000Z</time>
        <extensions>
          <ns3:TrackPointExtension>
            <ns3:hr>99</ns3:hr>
            <ns3:cad>82</ns3:cad>
          </ns3:TrackPointExtension>
        </extensions>
      </trkpt>
      <trkpt lat="31.258559413254261016845703125" lon="121.51318578980863094329833984375">
        <ele>6.599999904632568359375</ele>
        <time>2026-09-01T06:32:55.000Z</time>
        <extensions>
          <ns3:TrackPointExtension>
            <ns3:hr>99</ns3:hr>
            <ns3:cad>82</ns3:cad>
          </ns3:TrackPointExtension>
        </extensions>
      </trkpt>
      <trkpt lat="31.25859369523823261260986328125" lon="121.5132406912744045257568359375">
        <ele>6.400000095367431640625</ele>
        <time>2026-09-01T06:32:58.000Z</time>
        <extensions>
          <ns3:TrackPointExtension>
            <ns3:hr>102</ns3:hr>
            <ns3:cad>83</ns3:cad>
          </ns3:TrackPointExtension>
        </extensions>
      </trkpt>
      <trkpt lat="31.25868019647896289825439453125" lon="121.51335275731980800628662109375">
        <ele>6.599999904632568359375</ele>
        <time>2026-09-01T06:33:04.000Z</time>
        <extensions>
          <ns3:TrackPointExtension>
            <ns3:hr>105</ns3:hr>
            <ns3:cad>82</ns3:cad>
          </ns3:TrackPointExtension>
        </extensions>
      </trkpt>
      <trkpt lat="31.25869779847562313079833984375" lon="121.5133902244269847869873046875">
        <ele>6.599999904632568359375</ele>
        <time>2026-09-01T06:33:06.000Z</time>
        <extensions>
          <ns3:TrackPointExtension>
            <ns3:hr>107</ns3:hr>
            <ns3:cad>82</ns3:cad>
          </ns3:TrackPointExtension>
        </extensions>
      </trkpt>
      <trkpt lat="31.25879368744790554046630859375" lon="121.51352123357355594635009765625">
        <ele>6.400000095367431640625</ele>
        <time>2026-09-01T06:33:12.000Z</time>
        <extensions>
          <ns3:TrackPointExtension>
            <ns3:hr>109</ns3:hr>
            <ns3:cad>82</ns3:cad>
          </ns3:TrackPointExtension>
        </extensions>
      </trkpt>
      <trkpt lat="31.2588831223547458648681640625" lon="121.51371167041361331939697265625">
        <ele>6.19999980926513671875</ele>
        <time>2026-09-01T06:33:21.000Z</time>
        <extensions>
          <ns3:TrackPointExtension>
            <ns3:hr>111</ns3:hr>
            <ns3:cad>81</ns3:cad>
          </ns3:TrackPointExtension>
        </extensions>
      </trkpt>
      <trkpt lat="31.25889125280082225799560546875" lon="121.51373430155217647552490234375">
        <ele>6.400000095367431640625</ele>
        <time>2026-09-01T06:33:22.000Z</time>
        <extensions>
          <ns3:TrackPointExtension>
            <ns3:hr>111</ns3:hr>
            <ns3:cad>81</ns3:cad>
          </ns3:TrackPointExtension>
        </extensions>
      </trkpt>
      <trkpt lat="31.25892989337444305419921875" lon="121.51379750110208988189697265625">
        <ele>7</ele>
        <time>2026-09-01T06:33:25.000Z</time>
        <extensions>
          <ns3:TrackPointExtension>
            <ns3:hr>114</ns3:hr>
            <ns3:cad>81</ns3:cad>
          </ns3:TrackPointExtension>
        </extensions>
      </trkpt>
      <trkpt lat="31.25898848287761211395263671875" lon="121.51386958546936511993408203125">
        <ele>7.80000019073486328125</ele>
        <time>2026-09-01T06:33:29.000Z</time>
        <extensions>
          <ns3:TrackPointExtension>
            <ns3:hr>114</ns3:hr>
            <ns3:cad>82</ns3:cad>
          </ns3:TrackPointExtension>
        </extensions>
      </trkpt>
      <trkpt lat="31.259018070995807647705078125" lon="121.51407829485833644866943359375">
        <ele>8</ele>
        <time>2026-09-01T06:33:37.000Z</time>
        <extensions>
          <ns3:TrackPointExtension>
            <ns3:hr>115</ns3:hr>
            <ns3:cad>83</ns3:cad>
          </ns3:TrackPointExtension>
        </extensions>
      </trkpt>
      <trkpt lat="31.2590832822024822235107421875" lon="121.5141684003174304962158203125">
        <ele>8</ele>
        <time>2026-09-01T06:33:42.000Z</time>
        <extensions>
          <ns3:TrackPointExtension>
            <ns3:hr>118</ns3:hr>
            <ns3:cad>82</ns3:cad>
          </ns3:TrackPointExtension>
        </extensions>
      </trkpt>
      <trkpt lat="31.2591084279119968414306640625" lon="121.51421718299388885498046875">
        <ele>8</ele>
        <time>2026-09-01T06:33:44.000Z</time>
        <extensions>
          <ns3:TrackPointExtension>
            <ns3:hr>119</ns3:hr>
            <ns3:cad>82</ns3:cad>
          </ns3:TrackPointExtension>
        </extensions>
      </trkpt>
      <trkpt lat="31.25920674763619899749755859375" lon="121.51439010165631771087646484375">
        <ele>8.80000019073486328125</ele>
        <time>2026-09-01T06:33:51.000Z</time>
        <extensions>
          <ns3:TrackPointExtension>
            <ns3:hr>119</ns3:hr>
            <ns3:cad>82</ns3:cad>
          </ns3:TrackPointExtension>
        </extensions>
      </trkpt>
      <trkpt lat="31.25925418920814990997314453125" lon="121.51450023986399173736572265625">
        <ele>9.19999980926513671875</ele>
        <time>2026-09-01T06:33:56.000Z</time>
        <extensions>
          <ns3:TrackPointExtension>
            <ns3:hr>119</ns3:hr>
            <ns3:cad>80</ns3:cad>
          </ns3:TrackPointExtension>
        </extensions>
      </trkpt>
      <trkpt lat="31.2593048997223377227783203125" lon="121.5146776847541332244873046875">
        <ele>10.6000003814697265625</ele>
        <time>2026-09-01T06:34:03.000Z</time>
        <extensions>
          <ns3:TrackPointExtension>
            <ns3:hr>119</ns3:hr>
            <ns3:cad>82</ns3:cad>
          </ns3:TrackPointExtension>
        </extensions>
      </trkpt>
      <trkpt lat="31.2593290396034717559814453125" lon="121.5148107893764972686767578125">
        <ele>11.19999980926513671875</ele>
        <time>2026-09-01T06:34:09.000Z</time>
        <extensions>
          <ns3:TrackPointExtension>
            <ns3:hr>119</ns3:hr>
            <ns3:cad>81</ns3:cad>
          </ns3:TrackPointExtension>
        </extensions>
      </trkpt>
      <trkpt lat="31.259356699883937835693359375" lon="121.51489586569368839263916015625">
        <ele>11.3999996185302734375</ele>
        <time>2026-09-01T06:34:13.000Z</time>
        <extensions>
          <ns3:TrackPointExtension>
            <ns3:hr>120</ns3:hr>
            <ns3:cad>81</ns3:cad>
          </ns3:TrackPointExtension>
        </extensions>
      </trkpt>
      <trkpt lat="31.25939768739044666290283203125" lon="121.5149247832596302032470703125">
        <ele>11.80000019073486328125</ele>
        <time>2026-09-01T06:34:15.000Z</time>
        <extensions>
          <ns3:TrackPointExtension>
            <ns3:hr>121</ns3:hr>
            <ns3:cad>81</ns3:cad>
          </ns3:TrackPointExtension>
        </extensions>
      </trkpt>
      <trkpt lat="31.259579993784427642822265625" lon="121.5150562115013599395751953125">
        <ele>11.3999996185302734375</ele>
        <time>2026-09-01T06:34:23.000Z</time>
        <extensions>
          <ns3:TrackPointExtension>
            <ns3:hr>121</ns3:hr>
            <ns3:cad>82</ns3:cad>
          </ns3:TrackPointExtension>
        </extensions>
      </trkpt>
      <trkpt lat="31.25959466211497783660888671875" lon="121.51507691480219364166259765625">
        <ele>11.3999996185302734375</ele>
        <time>2026-09-01T06:34:24.000Z</time>
        <extensions>
          <ns3:TrackPointExtension>
            <ns3:hr>121</ns3:hr>
            <ns3:cad>83</ns3:cad>
          </ns3:TrackPointExtension>
        </extensions>
      </trkpt>
      <trkpt lat="31.25966909341514110565185546875" lon="121.51521186344325542449951171875">
        <ele>11.19999980926513671875</ele>
        <time>2026-09-01T06:34:32.000Z</time>
        <extensions>
          <ns3:TrackPointExtension>
            <ns3:hr>124</ns3:hr>
            <ns3:cad>81</ns3:cad>
          </ns3:TrackPointExtension>
        </extensions>
      </trkpt>
      <trkpt lat="31.2596800737082958221435546875" lon="121.5152359195053577423095703125">
        <ele>11.19999980926513671875</ele>
        <time>2026-09-01T06:34:33.000Z</time>
        <extensions>
          <ns3:TrackPointExtension>
            <ns3:hr>124</ns3:hr>
            <ns3:cad>81</ns3:cad>
          </ns3:TrackPointExtension>
        </extensions>
      </trkpt>
      <trkpt lat="31.259770095348358154296875" lon="121.51543716900050640106201171875">
        <ele>11.6000003814697265625</ele>
        <time>2026-09-01T06:34:41.000Z</time>
        <extensions>
          <ns3:TrackPointExtension>
            <ns3:hr>125</ns3:hr>
            <ns3:cad>83</ns3:cad>
          </ns3:TrackPointExtension>
        </extensions>
      </trkpt>
      <trkpt lat="31.25977185554802417755126953125" lon="121.515635065734386444091796875">
        <ele>12.3999996185302734375</ele>
        <time>2026-09-01T06:34:47.000Z</time>
        <extensions>
          <ns3:TrackPointExtension>
            <ns3:hr>127</ns3:hr>
            <ns3:cad>82</ns3:cad>
          </ns3:TrackPointExtension>
        </extensions>
      </trkpt>
      <trkpt lat="31.25982063822448253631591796875" lon="121.51576708070933818817138671875">
        <ele>11.80000019073486328125</ele>
        <time>2026-09-01T06:34:53.000Z</time>
        <extensions>
          <ns3:TrackPointExtension>
            <ns3:hr>127</ns3:hr>
            <ns3:cad>81</ns3:cad>
          </ns3:TrackPointExtension>
        </extensions>
      </trkpt>
      <trkpt lat="31.25976917333900928497314453125" lon="121.51590563356876373291015625">
        <ele>11.19999980926513671875</ele>
        <time>2026-09-01T06:34:59.000Z</time>
        <extensions>
          <ns3:TrackPointExtension>
            <ns3:hr>127</ns3:hr>
            <ns3:cad>82</ns3:cad>
          </ns3:TrackPointExtension>
        </extensions>
      </trkpt>
      <trkpt lat="31.25961528159677982330322265625" lon="121.515969336032867431640625">
        <ele>9.80000019073486328125</ele>
        <time>2026-09-01T06:35:06.000Z</time>
        <extensions>
          <ns3:TrackPointExtension>
            <ns3:hr>127</ns3:hr>
            <ns3:cad>82</ns3:cad>
          </ns3:TrackPointExtension>
        </extensions>
      </trkpt>
      <trkpt lat="31.25944077037274837493896484375" lon="121.5160063840448856353759765625">
        <ele>8.6000003814697265625</ele>
        <time>2026-09-01T06:35:14.000Z</time>
        <extensions>
          <ns3:TrackPointExtension>
            <ns3:hr>127</ns3:hr>
            <ns3:cad>82</ns3:cad>
          </ns3:TrackPointExtension>
        </extensions>
      </trkpt>
      <trkpt lat="31.2592509202659130096435546875" lon="121.51606061495840549468994140625">
        <ele>6.599999904632568359375</ele>
        <time>2026-09-01T06:35:22.000Z</time>
        <extensions>
          <ns3:TrackPointExtension>
            <ns3:hr>128</ns3:hr>
            <ns3:cad>82</ns3:cad>
          </ns3:TrackPointExtension>
        </extensions>
      </trkpt>
      <trkpt lat="31.25917841680347919464111328125" lon="121.516086347401142120361328125">
        <ele>5.19999980926513671875</ele>
        <time>2026-09-01T06:35:25.000Z</time>
        <extensions>
          <ns3:TrackPointExtension>
            <ns3:hr>128</ns3:hr>
            <ns3:cad>83</ns3:cad>
          </ns3:TrackPointExtension>
        </extensions>
      </trkpt>
      <trkpt lat="31.25901061110198497772216796875" lon="121.51616580784320831298828125">
        <ele>2.7999999523162841796875</ele>
        <time>2026-09-01T06:35:33.000Z</time>
        <extensions>
          <ns3:TrackPointExtension>
            <ns3:hr>128</ns3:hr>
            <ns3:cad>82</ns3:cad>
          </ns3:TrackPointExtension>
        </extensions>
      </trkpt>
      <trkpt lat="31.2589639239013195037841796875" lon="121.51619338430464267730712890625">
        <ele>2.2000000476837158203125</ele>
        <time>2026-09-01T06:35:35.000Z</time>
        <extensions>
          <ns3:TrackPointExtension>
            <ns3:hr>128</ns3:hr>
            <ns3:cad>83</ns3:cad>
          </ns3:TrackPointExtension>
        </extensions>
      </trkpt>
      <trkpt lat="31.25880441628396511077880859375" lon="121.5163064561784267425537109375">
        <ele>2.400000095367431640625</ele>
        <time>2026-09-01T06:35:43.000Z</time>
        <extensions>
          <ns3:TrackPointExtension>
            <ns3:hr>128</ns3:hr>
            <ns3:cad>82</ns3:cad>
          </ns3:TrackPointExtension>
        </extensions>
      </trkpt>
      <trkpt lat="31.25876451842486858367919921875" lon="121.51632674038410186767578125">
        <ele>2.7999999523162841796875</ele>
        <time>2026-09-01T06:35:45.000Z</time>
        <extensions>
          <ns3:TrackPointExtension>
            <ns3:hr>128</ns3:hr>
            <ns3:cad>82</ns3:cad>
          </ns3:TrackPointExtension>
        </extensions>
      </trkpt>
      <trkpt lat="31.25867449678480625152587890625" lon="121.5163507126271724700927734375">
        <ele>3.599999904632568359375</ele>
        <time>2026-09-01T06:35:51.000Z</time>
        <extensions>
          <ns3:TrackPointExtension>
            <ns3:hr>129</ns3:hr>
            <ns3:cad>83</ns3:cad>
          </ns3:TrackPointExtension>
        </extensions>
      </trkpt>
      <trkpt lat="31.25864298082888126373291015625" lon="121.51636186055839061737060546875">
        <ele>3.7999999523162841796875</ele>
        <time>2026-09-01T06:35:56.000Z</time>
        <extensions>
          <ns3:TrackPointExtension>
            <ns3:hr>129</ns3:hr>
            <ns3:cad>83</ns3:cad>
          </ns3:TrackPointExtension>
        </extensions>
      </trkpt>
      <trkpt lat="31.2586314976215362548828125" lon="121.51637376286089420318603515625">
        <ele>3.7999999523162841796875</ele>
        <time>2026-09-01T06:35:57.000Z</time>
        <extensions>
          <ns3:TrackPointExtension>
            <ns3:hr>129</ns3:hr>
            <ns3:cad>83</ns3:cad>
          </ns3:TrackPointExtension>
        </extensions>
      </trkpt>
      <trkpt lat="31.25855145044624805450439453125" lon="121.5164710767567157745361328125">
        <ele>4.19999980926513671875</ele>
        <time>2026-09-01T06:36:02.000Z</time>
        <extensions>
          <ns3:TrackPointExtension>
            <ns3:hr>127</ns3:hr>
            <ns3:cad>82</ns3:cad>
          </ns3:TrackPointExtension>
        </extensions>
      </trkpt>
      <trkpt lat="31.2584217824041843414306640625" lon="121.51659219525754451751708984375">
        <ele>5.400000095367431640625</ele>
        <time>2026-09-01T06:36:09.000Z</time>
        <extensions>
          <ns3:TrackPointExtension>
            <ns3:hr>125</ns3:hr>
            <ns3:cad>83</ns3:cad>
          </ns3:TrackPointExtension>
        </extensions>
      </trkpt>
      <trkpt lat="31.2582699023187160491943359375" lon="121.51671725325286388397216796875">
        <ele>5.80000019073486328125</ele>
        <time>2026-09-01T06:36:17.000Z</time>
        <extensions>
          <ns3:TrackPointExtension>
            <ns3:hr>125</ns3:hr>
            <ns3:cad>83</ns3:cad>
          </ns3:TrackPointExtension>
        </extensions>
      </trkpt>
      <trkpt lat="31.25825271941721439361572265625" lon="121.516731083393096923828125">
        <ele>5.80000019073486328125</ele>
        <time>2026-09-01T06:36:18.000Z</time>
        <extensions>
          <ns3:TrackPointExtension>
            <ns3:hr>124</ns3:hr>
            <ns3:cad>83</ns3:cad>
          </ns3:TrackPointExtension>
        </extensions>
      </trkpt>
      <trkpt lat="31.25813386403024196624755859375" lon="121.51684968732297420501708984375">
        <ele>5</ele>
        <time>2026-09-01T06:36:24.000Z</time>
        <extensions>
          <ns3:TrackPointExtension>
            <ns3:hr>124</ns3:hr>
            <ns3:cad>84</ns3:cad>
          </ns3:TrackPointExtension>
        </extensions>
      </trkpt>
      <trkpt lat="31.2579510547220706939697265625" lon="121.516961753368377685546875">
        <ele>5.80000019073486328125</ele>
        <time>2026-09-01T06:36:32.000Z</time>
        <extensions>
          <ns3:TrackPointExtension>
            <ns3:hr>125</ns3:hr>
            <ns3:cad>83</ns3:cad>
          </ns3:TrackPointExtension>
        </extensions>
      </trkpt>
      <trkpt lat="31.25792951323091983795166015625" lon="121.51697658933699131011962890625">
        <ele>5.80000019073486328125</ele>
        <time>2026-09-01T06:36:33.000Z</time>
        <extensions>
          <ns3:TrackPointExtension>
            <ns3:hr>125</ns3:hr>
            <ns3:cad>83</ns3:cad>
          </ns3:TrackPointExtension>
        </extensions>
      </trkpt>
      <trkpt lat="31.2577502243220806121826171875" lon="121.5170705504715442657470703125">
        <ele>5.19999980926513671875</ele>
        <time>2026-09-01T06:36:41.000Z</time>
        <extensions>
          <ns3:TrackPointExtension>
            <ns3:hr>127</ns3:hr>
            <ns3:cad>83</ns3:cad>
          </ns3:TrackPointExtension>
        </extensions>
      </trkpt>
      <trkpt lat="31.25767872668802738189697265625" lon="121.51708387769758701324462890625">
        <ele>5.19999980926513671875</ele>
        <time>2026-09-01T06:36:43.000Z</time>
        <extensions>
          <ns3:TrackPointExtension>
            <ns3:hr>128</ns3:hr>
            <ns3:cad>83</ns3:cad>
          </ns3:TrackPointExtension>
        </extensions>
      </trkpt>
      <trkpt lat="31.25750991515815258026123046875" lon="121.51720206253230571746826171875">
        <ele>5</ele>
        <time>2026-09-01T06:36:51.000Z</time>
        <extensions>
          <ns3:TrackPointExtension>
            <ns3:hr>130</ns3:hr>
            <ns3:cad>84</ns3:cad>
          </ns3:TrackPointExtension>
        </extensions>
      </trkpt>
      <trkpt lat="31.25746448524296283721923828125" lon="121.51723123155534267425537109375">
        <ele>5.19999980926513671875</ele>
        <time>2026-09-01T06:36:53.000Z</time>
        <extensions>
          <ns3:TrackPointExtension>
            <ns3:hr>130</ns3:hr>
            <ns3:cad>84</ns3:cad>
          </ns3:TrackPointExtension>
        </extensions>
      </trkpt>
      <trkpt lat="31.25739458017051219940185546875" lon="121.5172717161476612091064453125">
        <ele>4.80000019073486328125</ele>
        <time>2026-09-01T06:36:56.000Z</time>
        <extensions>
          <ns3:TrackPointExtension>
            <ns3:hr>131</ns3:hr>
            <ns3:cad>84</ns3:cad>
          </ns3:TrackPointExtension>
        </extensions>
      </trkpt>
      <trkpt lat="31.25727857463061809539794921875" lon="121.517344303429126739501953125">
        <ele>4</ele>
        <time>2026-09-01T06:37:01.000Z</time>
        <extensions>
          <ns3:TrackPointExtension>
            <ns3:hr>131</ns3:hr>
            <ns3:cad>84</ns3:cad>
          </ns3:TrackPointExtension>
        </extensions>
      </trkpt>
      <trkpt lat="31.257113702595233917236328125" lon="121.51747430674731731414794921875">
        <ele>0.800000011920928955078125</ele>
        <time>2026-09-01T06:37:09.000Z</time>
        <extensions>
          <ns3:TrackPointExtension>
            <ns3:hr>134</ns3:hr>
            <ns3:cad>82</ns3:cad>
          </ns3:TrackPointExtension>
        </extensions>
      </trkpt>
      <trkpt lat="31.25707221217453479766845703125" lon="121.51750062592327594757080078125">
        <ele>0.60000002384185791015625</ele>
        <time>2026-09-01T06:37:11.000Z</time>
        <extensions>
          <ns3:TrackPointExtension>
            <ns3:hr>134</ns3:hr>
            <ns3:cad>82</ns3:cad>
          </ns3:TrackPointExtension>
        </extensions>
      </trkpt>
      <trkpt lat="31.256916560232639312744140625" lon="121.5176204033195972442626953125">
        <ele>0.60000002384185791015625</ele>
        <time>2026-09-01T06:37:19.000Z</time>
        <extensions>
          <ns3:TrackPointExtension>
            <ns3:hr>136</ns3:hr>
            <ns3:cad>82</ns3:cad>
          </ns3:TrackPointExtension>
        </extensions>
      </trkpt>
      <trkpt lat="31.25675319693982601165771484375" lon="121.51775325648486614227294921875">
        <ele>3</ele>
        <time>2026-09-01T06:37:28.000Z</time>
        <extensions>
          <ns3:TrackPointExtension>
            <ns3:hr>137</ns3:hr>
            <ns3:cad>82</ns3:cad>
          </ns3:TrackPointExtension>
        </extensions>
      </trkpt>
      <trkpt lat="31.2567353434860706329345703125" lon="121.51776851154863834381103515625">
        <ele>3.2000000476837158203125</ele>
        <time>2026-09-01T06:37:29.000Z</time>
        <extensions>
          <ns3:TrackPointExtension>
            <ns3:hr>137</ns3:hr>
            <ns3:cad>82</ns3:cad>
          </ns3:TrackPointExtension>
        </extensions>
      </trkpt>
      <trkpt lat="31.25657851807773113250732421875" lon="121.51789088733494281768798828125">
        <ele>5.599999904632568359375</ele>
        <time>2026-09-01T06:37:37.000Z</time>
        <extensions>
          <ns3:TrackPointExtension>
            <ns3:hr>137</ns3:hr>
            <ns3:cad>83</ns3:cad>
          </ns3:TrackPointExtension>
        </extensions>
      </trkpt>
      <trkpt lat="31.256540380418300628662109375" lon="121.51792927645146846771240234375">
        <ele>6.400000095367431640625</ele>
        <time>2026-09-01T06:37:39.000Z</time>
        <extensions>
          <ns3:TrackPointExtension>
            <ns3:hr>137</ns3:hr>
            <ns3:cad>83</ns3:cad>
          </ns3:TrackPointExtension>
        </extensions>
      </trkpt>
      <trkpt lat="31.25639009289443492889404296875" lon="121.5180713497102260589599609375">
        <ele>7.599999904632568359375</ele>
        <time>2026-09-01T06:37:47.000Z</time>
        <extensions>
          <ns3:TrackPointExtension>
            <ns3:hr>137</ns3:hr>
            <ns3:cad>83</ns3:cad>
          </ns3:TrackPointExtension>
        </extensions>
      </trkpt>
      <trkpt lat="31.256236620247364044189453125" lon="121.51819883845746517181396484375">
        <ele>8.19999980926513671875</ele>
        <time>2026-09-01T06:37:55.000Z</time>
        <extensions>
          <ns3:TrackPointExtension>
            <ns3:hr>137</ns3:hr>
            <ns3:cad>83</ns3:cad>
          </ns3:TrackPointExtension>
        </extensions>
      </trkpt>
      <trkpt lat="31.25618758611381053924560546875" lon="121.5182586014270782470703125">
        <ele>8.3999996185302734375</ele>
        <time>2026-09-01T06:37:58.000Z</time>
        <extensions>
          <ns3:TrackPointExtension>
            <ns3:hr>137</ns3:hr>
            <ns3:cad>84</ns3:cad>
          </ns3:TrackPointExtension>
        </extensions>
      </trkpt>
      <trkpt lat="31.2561318464577198028564453125" lon="121.51835524477064609527587890625">
        <ele>8.19999980926513671875</ele>
        <time>2026-09-01T06:38:02.000Z</time>
        <extensions>
          <ns3:TrackPointExtension>
            <ns3:hr>137</ns3:hr>
            <ns3:cad>83</ns3:cad>
          </ns3:TrackPointExtension>
        </extensions>
      </trkpt>
      <trkpt lat="31.25611851923167705535888671875" lon="121.51845767162740230560302734375">
        <ele>8</ele>
        <time>2026-09-01T06:38:06.000Z</time>
        <extensions>
          <ns3:TrackPointExtension>
            <ns3:hr>137</ns3:hr>
            <ns3:cad>83</ns3:cad>
          </ns3:TrackPointExtension>
        </extensions>
      </trkpt>
      <trkpt lat="31.2561636976897716522216796875" lon="121.5186067856848239898681640625">
        <ele>8</ele>
        <time>2026-09-01T06:38:12.000Z</time>
        <extensions>
          <ns3:TrackPointExtension>
            <ns3:hr>137</ns3:hr>
            <ns3:cad>83</ns3:cad>
          </ns3:TrackPointExtension>
        </extensions>
      </trkpt>
      <trkpt lat="31.25617601908743381500244140625" lon="121.51862673461437225341796875">
        <ele>8</ele>
        <time>2026-09-01T06:38:13.000Z</time>
        <extensions>
          <ns3:TrackPointExtension>
            <ns3:hr>137</ns3:hr>
            <ns3:cad>83</ns3:cad>
          </ns3:TrackPointExtension>
        </extensions>
      </trkpt>
      <trkpt lat="31.25620820559561252593994140625" lon="121.5187147445976734161376953125">
        <ele>8.19999980926513671875</ele>
        <time>2026-09-01T06:38:17.000Z</time>
        <extensions>
          <ns3:TrackPointExtension>
            <ns3:hr>137</ns3:hr>
            <ns3:cad>81</ns3:cad>
          </ns3:TrackPointExtension>
        </extensions>
      </trkpt>
      <trkpt lat="31.25620820559561252593994140625" lon="121.5187147445976734161376953125">
        <ele>8.19999980926513671875</ele>
        <time>2026-09-01T06:38:18.000Z</time>
        <extensions>
          <ns3:TrackPointExtension>
            <ns3:hr>137</ns3:hr>
            <ns3:cad>81</ns3:cad>
          </ns3:TrackPointExtension>
        </extensions>
      </trkpt>
      <trkpt lat="31.2563194334506988525390625" lon="121.5188947878777980804443359375">
        <ele>10.19999980926513671875</ele>
        <time>2026-09-01T06:38:27.000Z</time>
        <extensions>
          <ns3:TrackPointExtension>
            <ns3:hr>137</ns3:hr>
            <ns3:cad>82</ns3:cad>
          </ns3:TrackPointExtension>
        </extensions>
      </trkpt>
      <trkpt lat="31.2564361095428466796875" lon="121.519073657691478729248046875">
        <ele>11.80000019073486328125</ele>
        <time>2026-09-01T06:38:36.000Z</time>
        <extensions>
          <ns3:TrackPointExtension>
            <ns3:hr>136</ns3:hr>
            <ns3:cad>81</ns3:cad>
          </ns3:TrackPointExtension>
        </extensions>
      </trkpt>
      <trkpt lat="31.256451196968555450439453125" lon="121.51909151114523410797119140625">
        <ele>11.80000019073486328125</ele>
        <time>2026-09-01T06:38:37.000Z</time>
        <extensions>
          <ns3:TrackPointExtension>
            <ns3:hr>136</ns3:hr>
            <ns3:cad>81</ns3:cad>
          </ns3:TrackPointExtension>
        </extensions>
      </trkpt>
      <trkpt lat="31.256465278565883636474609375" lon="121.51911129243671894073486328125">
        <ele>12</ele>
        <time>2026-09-01T06:38:38.000Z</time>
        <extensions>
          <ns3:TrackPointExtension>
            <ns3:hr>137</ns3:hr>
            <ns3:cad>82</ns3:cad>
          </ns3:TrackPointExtension>
        </extensions>
      </trkpt>
      <trkpt lat="31.25652931630611419677734375" lon="121.51920181699097156524658203125">
        <ele>12.19999980926513671875</ele>
        <time>2026-09-01T06:38:43.000Z</time>
        <extensions>
          <ns3:TrackPointExtension>
            <ns3:hr>137</ns3:hr>
            <ns3:cad>83</ns3:cad>
          </ns3:TrackPointExtension>
        </extensions>
      </trkpt>
      <trkpt lat="31.25663685612380504608154296875" lon="121.51930994354188442230224609375">
        <ele>10.80000019073486328125</ele>
        <time>2026-09-01T06:38:49.000Z</time>
        <extensions>
          <ns3:TrackPointExtension>
            <ns3:hr>137</ns3:hr>
            <ns3:cad>82</ns3:cad>
          </ns3:TrackPointExtension>
        </extensions>
      </trkpt>
      <trkpt lat="31.25675403513014316558837890625" lon="121.51948361657559871673583984375">
        <ele>7.80000019073486328125</ele>
        <time>2026-09-01T06:38:57.000Z</time>
        <extensions>
          <ns3:TrackPointExtension>
            <ns3:hr>137</ns3:hr>
            <ns3:cad>83</ns3:cad>
          </ns3:TrackPointExtension>
        </extensions>
      </trkpt>
      <trkpt lat="31.2568198330700397491455078125" lon="121.5196287073194980621337890625">
        <ele>5.80000019073486328125</ele>
        <time>2026-09-01T06:39:03.000Z</time>
        <extensions>
          <ns3:TrackPointExtension>
            <ns3:hr>137</ns3:hr>
            <ns3:cad>83</ns3:cad>
          </ns3:TrackPointExtension>
        </extensions>
      </trkpt>
      <trkpt lat="31.2569509260356426239013671875" lon="121.51978570036590099334716796875">
        <ele>2</ele>
        <time>2026-09-01T06:39:11.000Z</time>
        <extensions>
          <ns3:TrackPointExtension>
            <ns3:hr>137</ns3:hr>
            <ns3:cad>82</ns3:cad>
          </ns3:TrackPointExtension>
        </extensions>
      </trkpt>
      <trkpt lat="31.25696727074682712554931640625" lon="121.51980497874319553375244140625">
        <ele>2</ele>
        <time>2026-09-01T06:39:12.000Z</time>
        <extensions>
          <ns3:TrackPointExtension>
            <ns3:hr>137</ns3:hr>
            <ns3:cad>82</ns3:cad>
          </ns3:TrackPointExtension>
        </extensions>
      </trkpt>
      <trkpt lat="31.256980262696743011474609375" lon="121.5198258496820926666259765625">
        <ele>2.2000000476837158203125</ele>
        <time>2026-09-01T06:39:13.000Z</time>
        <extensions>
          <ns3:TrackPointExtension>
            <ns3:hr>137</ns3:hr>
            <ns3:cad>82</ns3:cad>
          </ns3:TrackPointExtension>
        </extensions>
      </trkpt>
      <trkpt lat="31.25711135566234588623046875" lon="121.51998267509043216705322265625">
        <ele>4</ele>
        <time>2026-09-01T06:39:21.000Z</time>
        <extensions>
          <ns3:TrackPointExtension>
            <ns3:hr>137</ns3:hr>
            <ns3:cad>82</ns3:cad>
          </ns3:TrackPointExtension>
        </extensions>
      </trkpt>
      <trkpt lat="31.25714915804564952850341796875" lon="121.52001687325537204742431640625">
        <ele>4.19999980926513671875</ele>
        <time>2026-09-01T06:39:23.000Z</time>
        <extensions>
          <ns3:TrackPointExtension>
            <ns3:hr>137</ns3:hr>
            <ns3:cad>82</ns3:cad>
          </ns3:TrackPointExtension>
        </extensions>
      </trkpt>
      <trkpt lat="31.25727941282093524932861328125" lon="121.52018199674785137176513671875">
        <ele>5.400000095367431640625</ele>
        <time>2026-09-01T06:39:32.000Z</time>
        <extensions>
          <ns3:TrackPointExtension>
            <ns3:hr>137</ns3:hr>
            <ns3:cad>83</ns3:cad>
          </ns3:TrackPointExtension>
        </extensions>
      </trkpt>
      <trkpt lat="31.257294751703739166259765625" lon="121.52020446024835109710693359375">
        <ele>5.599999904632568359375</ele>
        <time>2026-09-01T06:39:33.000Z</time>
        <extensions>
          <ns3:TrackPointExtension>
            <ns3:hr>137</ns3:hr>
            <ns3:cad>83</ns3:cad>
          </ns3:TrackPointExtension>
        </extensions>
      </trkpt>
      <trkpt lat="31.2573696859180927276611328125" lon="121.5203941427171230316162109375">
        <ele>6.400000095367431640625</ele>
        <time>2026-09-01T06:39:41.000Z</time>
        <extensions>
          <ns3:TrackPointExtension>
            <ns3:hr>137</ns3:hr>
            <ns3:cad>82</ns3:cad>
          </ns3:TrackPointExtension>
        </extensions>
      </trkpt>
      <trkpt lat="31.25736080110073089599609375" lon="121.5204213000833988189697265625">
        <ele>6.19999980926513671875</ele>
        <time>2026-09-01T06:39:42.000Z</time>
        <extensions>
          <ns3:TrackPointExtension>
            <ns3:hr>137</ns3:hr>
            <ns3:cad>82</ns3:cad>
          </ns3:TrackPointExtension>
        </extensions>
      </trkpt>
      <trkpt lat="31.25730983912944793701171875" lon="121.52047385461628437042236328125">
        <ele>6.400000095367431640625</ele>
        <time>2026-09-01T06:39:45.000Z</time>
        <extensions>
          <ns3:TrackPointExtension>
            <ns3:hr>136</ns3:hr>
            <ns3:cad>82</ns3:cad>
          </ns3:TrackPointExtension>
        </extensions>
      </trkpt>
      <trkpt lat="31.25714697875082492828369140625" lon="121.520590446889400482177734375">
        <ele>7.400000095367431640625</ele>
        <time>2026-09-01T06:39:53.000Z</time>
        <extensions>
          <ns3:TrackPointExtension>
            <ns3:hr>136</ns3:hr>
            <ns3:cad>82</ns3:cad>
          </ns3:TrackPointExtension>
        </extensions>
      </trkpt>
      <trkpt lat="31.25712820328772068023681640625" lon="121.52060310356318950653076171875">
        <ele>7.80000019073486328125</ele>
        <time>2026-09-01T06:39:54.000Z</time>
        <extensions>
          <ns3:TrackPointExtension>
            <ns3:hr>136</ns3:hr>
            <ns3:cad>82</ns3:cad>
          </ns3:TrackPointExtension>
        </extensions>
      </trkpt>
      <trkpt lat="31.25695218332111835479736328125" lon="121.52072799392044544219970703125">
        <ele>9.3999996185302734375</ele>
        <time>2026-09-01T06:40:03.000Z</time>
        <extensions>
          <ns3:TrackPointExtension>
            <ns3:hr>134</ns3:hr>
            <ns3:cad>83</ns3:cad>
          </ns3:TrackPointExtension>
        </extensions>
      </trkpt>
      <trkpt lat="31.25693391077220439910888671875" lon="121.52074442245066165924072265625">
        <ele>9</ele>
        <time>2026-09-01T06:40:04.000Z</time>
        <extensions>
          <ns3:TrackPointExtension>
            <ns3:hr>134</ns3:hr>
            <ns3:cad>83</ns3:cad>
          </ns3:TrackPointExtension>
        </extensions>
      </trkpt>
      <trkpt lat="31.256874985992908477783203125" lon="121.5208232961595058441162109375">
        <ele>7.19999980926513671875</ele>
        <time>2026-09-01T06:40:08.000Z</time>
        <extensions>
          <ns3:TrackPointExtension>
            <ns3:hr>134</ns3:hr>
            <ns3:cad>83</ns3:cad>
          </ns3:TrackPointExtension>
        </extensions>
      </trkpt>
      <trkpt lat="31.2568536959588527679443359375" lon="121.52089797891676425933837890625">
        <ele>6.400000095367431640625</ele>
        <time>2026-09-01T06:40:11.000Z</time>
        <extensions>
          <ns3:TrackPointExtension>
            <ns3:hr>134</ns3:hr>
            <ns3:cad>83</ns3:cad>
          </ns3:TrackPointExtension>
        </extensions>
      </trkpt>
      <trkpt lat="31.25676409341394901275634765625" lon="121.52104583568871021270751953125">
        <ele>6.19999980926513671875</ele>
        <time>2026-09-01T06:40:18.000Z</time>
        <extensions>
          <ns3:TrackPointExtension>
            <ns3:hr>134</ns3:hr>
            <ns3:cad>83</ns3:cad>
          </ns3:TrackPointExtension>
        </extensions>
      </trkpt>
      <trkpt lat="31.2566552124917507171630859375" lon="121.521156728267669677734375">
        <ele>5.599999904632568359375</ele>
        <time>2026-09-01T06:40:24.000Z</time>
        <extensions>
          <ns3:TrackPointExtension>
            <ns3:hr>133</ns3:hr>
            <ns3:cad>82</ns3:cad>
          </ns3:TrackPointExtension>
        </extensions>
      </trkpt>
      <trkpt lat="31.25653660856187343597412109375" lon="121.5212403796613216400146484375">
        <ele>6.400000095367431640625</ele>
        <time>2026-09-01T06:40:30.000Z</time>
        <extensions>
          <ns3:TrackPointExtension>
            <ns3:hr>133</ns3:hr>
            <ns3:cad>82</ns3:cad>
          </ns3:TrackPointExtension>
        </extensions>
      </trkpt>
      <trkpt lat="31.25644021667540073394775390625" lon="121.52135009877383708953857421875">
        <ele>6.400000095367431640625</ele>
        <time>2026-09-01T06:40:36.000Z</time>
        <extensions>
          <ns3:TrackPointExtension>
            <ns3:hr>133</ns3:hr>
            <ns3:cad>83</ns3:cad>
          </ns3:TrackPointExtension>
        </extensions>
      </trkpt>
      <trkpt lat="31.2563266418874263763427734375" lon="121.5214713849127292633056640625">
        <ele>5.19999980926513671875</ele>
        <time>2026-09-01T06:40:43.000Z</time>
        <extensions>
          <ns3:TrackPointExtension>
            <ns3:hr>134</ns3:hr>
            <ns3:cad>83</ns3:cad>
          </ns3:TrackPointExtension>
        </extensions>
      </trkpt>
      <trkpt lat="31.25624273903667926788330078125" lon="121.52157741598784923553466796875">
        <ele>5</ele>
        <time>2026-09-01T06:40:49.000Z</time>
        <extensions>
          <ns3:TrackPointExtension>
            <ns3:hr>136</ns3:hr>
            <ns3:cad>83</ns3:cad>
          </ns3:TrackPointExtension>
        </extensions>
      </trkpt>
      <trkpt lat="31.25623888336122035980224609375" lon="121.52159334160387516021728515625">
        <ele>5</ele>
        <time>2026-09-01T06:40:50.000Z</time>
        <extensions>
          <ns3:TrackPointExtension>
            <ns3:hr>136</ns3:hr>
            <ns3:cad>83</ns3:cad>
          </ns3:TrackPointExtension>
        </extensions>
      </trkpt>
      <trkpt lat="31.2562429904937744140625" lon="121.52168638072907924652099609375">
        <ele>4.80000019073486328125</ele>
        <time>2026-09-01T06:40:54.000Z</time>
        <extensions>
          <ns3:TrackPointExtension>
            <ns3:hr>136</ns3:hr>
            <ns3:cad>83</ns3:cad>
          </ns3:TrackPointExtension>
        </extensions>
      </trkpt>
      <trkpt lat="31.25627224333584308624267578125" lon="121.52177573181688785552978515625">
        <ele>4.599999904632568359375</ele>
        <time>2026-09-01T06:40:58.000Z</time>
        <extensions>
          <ns3:TrackPointExtension>
            <ns3:hr>136</ns3:hr>
            <ns3:cad>82</ns3:cad>
          </ns3:TrackPointExtension>
        </extensions>
      </trkpt>
      <trkpt lat="31.25628397800028324127197265625" lon="121.52179568074643611907958984375">
        <ele>4.80000019073486328125</ele>
        <time>2026-09-01T06:40:59.000Z</time>
        <extensions>
          <ns3:TrackPointExtension>
            <ns3:hr>136</ns3:hr>
            <ns3:cad>82</ns3:cad>
          </ns3:TrackPointExtension>
        </extensions>
      </trkpt>
      <trkpt lat="31.25637215562164783477783203125" lon="121.52194068767130374908447265625">
        <ele>6.19999980926513671875</ele>
        <time>2026-09-01T06:41:06.000Z</time>
        <extensions>
          <ns3:TrackPointExtension>
            <ns3:hr>135</ns3:hr>
            <ns3:cad>82</ns3:cad>
          </ns3:TrackPointExtension>
        </extensions>
      </trkpt>
      <trkpt lat="31.25642512924969196319580078125" lon="121.52201612479984760284423828125">
        <ele>7</ele>
        <time>2026-09-01T06:41:10.000Z</time>
        <extensions>
          <ns3:TrackPointExtension>
            <ns3:hr>136</ns3:hr>
            <ns3:cad>83</ns3:cad>
          </ns3:TrackPointExtension>
        </extensions>
      </trkpt>
      <trkpt lat="31.25645362772047519683837890625" lon="121.52204210869967937469482421875">
        <ele>7.599999904632568359375</ele>
        <time>2026-09-01T06:41:12.000Z</time>
        <extensions>
          <ns3:TrackPointExtension>
            <ns3:hr>136</ns3:hr>
            <ns3:cad>82</ns3:cad>
          </ns3:TrackPointExtension>
        </extensions>
      </trkpt>
      <trkpt lat="31.25655940733850002288818359375" lon="121.522191725671291351318359375">
        <ele>10.80000019073486328125</ele>
        <time>2026-09-01T06:41:19.000Z</time>
        <extensions>
          <ns3:TrackPointExtension>
            <ns3:hr>137</ns3:hr>
            <ns3:cad>83</ns3:cad>
          </ns3:TrackPointExtension>
        </extensions>
      </trkpt>
      <trkpt lat="31.2566578947007656097412109375" lon="121.522323153913021087646484375">
        <ele>14</ele>
        <time>2026-09-01T06:41:25.000Z</time>
        <extensions>
          <ns3:TrackPointExtension>
            <ns3:hr>137</ns3:hr>
            <ns3:cad>83</ns3:cad>
          </ns3:TrackPointExtension>
        </extensions>
      </trkpt>
      <trkpt lat="31.2567557953298091888427734375" lon="121.522479392588138580322265625">
        <ele>13</ele>
        <time>2026-09-01T06:41:32.000Z</time>
        <extensions>
          <ns3:TrackPointExtension>
            <ns3:hr>137</ns3:hr>
            <ns3:cad>82</ns3:cad>
          </ns3:TrackPointExtension>
        </extensions>
      </trkpt>
      <trkpt lat="31.2568580545485019683837890625" lon="121.5226287581026554107666015625">
        <ele>11</ele>
        <time>2026-09-01T06:41:39.000Z</time>
        <extensions>
          <ns3:TrackPointExtension>
            <ns3:hr>137</ns3:hr>
            <ns3:cad>83</ns3:cad>
          </ns3:TrackPointExtension>
        </extensions>
      </trkpt>
      <trkpt lat="31.25696425326168537139892578125" lon="121.52280318550765514373779296875">
        <ele>8</ele>
        <time>2026-09-01T06:41:46.000Z</time>
        <extensions>
          <ns3:TrackPointExtension>
            <ns3:hr>137</ns3:hr>
            <ns3:cad>83</ns3:cad>
          </ns3:TrackPointExtension>
        </extensions>
      </trkpt>
      <trkpt lat="31.256980933248996734619140625" lon="121.52285397984087467193603515625">
        <ele>7.599999904632568359375</ele>
        <time>2026-09-01T06:41:49.000Z</time>
        <extensions>
          <ns3:TrackPointExtension>
            <ns3:hr>137</ns3:hr>
            <ns3:cad>41</ns3:cad>
          </ns3:TrackPointExtension>
        </extensions>
      </trkpt>
      <trkpt lat="31.25698252581059932708740234375" lon="121.5229271538555622100830078125">
        <ele>8</ele>
        <time>2026-09-01T06:41:54.000Z</time>
        <extensions>
          <ns3:TrackPointExtension>
            <ns3:hr>136</ns3:hr>
            <ns3:cad>0</ns3:cad>
          </ns3:TrackPointExtension>
        </extensions>
      </trkpt>
      <trkpt lat="31.25698688440024852752685546875" lon="121.52296260930597782135009765625">
        <ele>8.3999996185302734375</ele>
        <time>2026-09-01T06:41:57.000Z</time>
        <extensions>
          <ns3:TrackPointExtension>
            <ns3:hr>136</ns3:hr>
            <ns3:cad>53</ns3:cad>
          </ns3:TrackPointExtension>
        </extensions>
      </trkpt>
      <trkpt lat="31.25706533901393413543701171875" lon="121.5229730866849422454833984375">
        <ele>6.80000019073486328125</ele>
        <time>2026-09-01T06:42:03.000Z</time>
        <extensions>
          <ns3:TrackPointExtension>
            <ns3:hr>134</ns3:hr>
            <ns3:cad>0</ns3:cad>
          </ns3:TrackPointExtension>
        </extensions>
      </trkpt>
      <trkpt lat="31.25711546279489994049072265625" lon="121.5229881741106510162353515625">
        <ele>6</ele>
        <time>2026-09-01T06:42:11.000Z</time>
        <extensions>
          <ns3:TrackPointExtension>
            <ns3:hr>130</ns3:hr>
            <ns3:cad>53</ns3:cad>
          </ns3:TrackPointExtension>
        </extensions>
      </trkpt>
      <trkpt lat="31.2571349926292896270751953125" lon="121.52298456989228725433349609375">
        <ele>5.599999904632568359375</ele>
        <time>2026-09-01T06:42:13.000Z</time>
        <extensions>
          <ns3:TrackPointExtension>
            <ns3:hr>131</ns3:hr>
            <ns3:cad>55</ns3:cad>
          </ns3:TrackPointExtension>
        </extensions>
      </trkpt>
      <trkpt lat="31.25717916525900363922119140625" lon="121.52301340363919734954833984375">
        <ele>5</ele>
        <time>2026-09-01T06:42:16.000Z</time>
        <extensions>
          <ns3:TrackPointExtension>
            <ns3:hr>128</ns3:hr>
            <ns3:cad>61</ns3:cad>
          </ns3:TrackPointExtension>
        </extensions>
      </trkpt>
      <trkpt lat="31.2571829371154308319091796875" lon="121.52302262373268604278564453125">
        <ele>5</ele>
        <time>2026-09-01T06:42:17.000Z</time>
        <extensions>
          <ns3:TrackPointExtension>
            <ns3:hr>128</ns3:hr>
            <ns3:cad>61</ns3:cad>
          </ns3:TrackPointExtension>
        </extensions>
      </trkpt>
      <trkpt lat="31.25721101649105548858642578125" lon="121.523054055869579315185546875">
        <ele>4.80000019073486328125</ele>
        <time>2026-09-01T06:42:21.000Z</time>
        <extensions>
          <ns3:TrackPointExtension>
            <ns3:hr>125</ns3:hr>
            <ns3:cad>57</ns3:cad>
          </ns3:TrackPointExtension>
        </extensions>
      </trkpt>
      <trkpt lat="31.25722710974514484405517578125" lon="121.52310602366924285888671875">
        <ele>4.80000019073486328125</ele>
        <time>2026-09-01T06:42:26.000Z</time>
        <extensions>
          <ns3:TrackPointExtension>
            <ns3:hr>123</ns3:hr>
            <ns3:cad>57</ns3:cad>
          </ns3:TrackPointExtension>
        </extensions>
      </trkpt>
      <trkpt lat="31.25724135898053646087646484375" lon="121.5231467597186565399169921875">
        <ele>5</ele>
        <time>2026-09-01T06:42:29.000Z</time>
        <extensions>
          <ns3:TrackPointExtension>
            <ns3:hr>120</ns3:hr>
            <ns3:cad>55</ns3:cad>
          </ns3:TrackPointExtension>
        </extensions>
      </trkpt>
      <trkpt lat="31.2572540156543254852294921875" lon="121.52318783104419708251953125">
        <ele>5.400000095367431640625</ele>
        <time>2026-09-01T06:42:33.000Z</time>
        <extensions>
          <ns3:TrackPointExtension>
            <ns3:hr>117</ns3:hr>
            <ns3:cad>0</ns3:cad>
          </ns3:TrackPointExtension>
        </extensions>
      </trkpt>
      <trkpt lat="31.25725879333913326263427734375" lon="121.52319663204252719879150390625">
        <ele>5.400000095367431640625</ele>
        <time>2026-09-01T06:42:34.000Z</time>
        <extensions>
          <ns3:TrackPointExtension>
            <ns3:hr>116</ns3:hr>
            <ns3:cad>0</ns3:cad>
          </ns3:TrackPointExtension>
        </extensions>
      </trkpt>
      <trkpt lat="31.257342360913753509521484375" lon="121.5232503600418567657470703125">
        <ele>5</ele>
        <time>2026-09-01T06:42:41.000Z</time>
        <extensions>
          <ns3:TrackPointExtension>
            <ns3:hr>113</ns3:hr>
            <ns3:cad>55</ns3:cad>
          </ns3:TrackPointExtension>
        </extensions>
      </trkpt>
      <trkpt lat="31.25736750662326812744140625" lon="121.523297131061553955078125">
        <ele>5.19999980926513671875</ele>
        <time>2026-09-01T06:42:44.000Z</time>
        <extensions>
          <ns3:TrackPointExtension>
            <ns3:hr>110</ns3:hr>
            <ns3:cad>55</ns3:cad>
          </ns3:TrackPointExtension>
        </extensions>
      </trkpt>
      <trkpt lat="31.25738368369638919830322265625" lon="121.52334348298609256744384765625">
        <ele>5.80000019073486328125</ele>
        <time>2026-09-01T06:42:48.000Z</time>
        <extensions>
          <ns3:TrackPointExtension>
            <ns3:hr>107</ns3:hr>
            <ns3:cad>55</ns3:cad>
          </ns3:TrackPointExtension>
        </extensions>
      </trkpt>
      <trkpt lat="31.25746331177651882171630859375" lon="121.5234594047069549560546875">
        <ele>6.599999904632568359375</ele>
        <time>2026-09-01T06:42:58.000Z</time>
        <extensions>
          <ns3:TrackPointExtension>
            <ns3:hr>102</ns3:hr>
            <ns3:cad>55</ns3:cad>
          </ns3:TrackPointExtension>
        </extensions>
      </trkpt>
      <trkpt lat="31.25748024322092533111572265625" lon="121.52355940081179141998291015625">
        <ele>7.599999904632568359375</ele>
        <time>2026-09-01T06:43:04.000Z</time>
        <extensions>
          <ns3:TrackPointExtension>
            <ns3:hr>99</ns3:hr>
            <ns3:cad>55</ns3:cad>
          </ns3:TrackPointExtension>
        </extensions>
      </trkpt>
      <trkpt lat="31.2575103342533111572265625" lon="121.52361220680177211761474609375">
        <ele>7.599999904632568359375</ele>
        <time>2026-09-01T06:43:08.000Z</time>
        <extensions>
          <ns3:TrackPointExtension>
            <ns3:hr>100</ns3:hr>
            <ns3:cad>56</ns3:cad>
          </ns3:TrackPointExtension>
        </extensions>
      </trkpt>
      <trkpt lat="31.25762231647968292236328125" lon="121.52374715544283390045166015625">
        <ele>8.80000019073486328125</ele>
        <time>2026-09-01T06:43:14.000Z</time>
        <extensions>
          <ns3:TrackPointExtension>
            <ns3:hr>99</ns3:hr>
            <ns3:cad>84</ns3:cad>
          </ns3:TrackPointExtension>
        </extensions>
      </trkpt>
      <trkpt lat="31.25765760429203510284423828125" lon="121.5238136239349842071533203125">
        <ele>8.80000019073486328125</ele>
        <time>2026-09-01T06:43:17.000Z</time>
        <extensions>
          <ns3:TrackPointExtension>
            <ns3:hr>103</ns3:hr>
            <ns3:cad>85</ns3:cad>
          </ns3:TrackPointExtension>
        </extensions>
      </trkpt>
      <trkpt lat="31.257695741951465606689453125" lon="121.52386911213397979736328125">
        <ele>9</ele>
        <time>2026-09-01T06:43:20.000Z</time>
        <extensions>
          <ns3:TrackPointExtension>
            <ns3:hr>106</ns3:hr>
            <ns3:cad>84</ns3:cad>
          </ns3:TrackPointExtension>
        </extensions>
      </trkpt>
      <trkpt lat="31.25769733451306819915771484375" lon="121.5239933319389820098876953125">
        <ele>9.3999996185302734375</ele>
        <time>2026-09-01T06:43:25.000Z</time>
        <extensions>
          <ns3:TrackPointExtension>
            <ns3:hr>109</ns3:hr>
            <ns3:cad>84</ns3:cad>
          </ns3:TrackPointExtension>
        </extensions>
      </trkpt>
      <trkpt lat="31.257746033370494842529296875" lon="121.52415334247052669525146484375">
        <ele>8</ele>
        <time>2026-09-01T06:43:32.000Z</time>
        <extensions>
          <ns3:TrackPointExtension>
            <ns3:hr>112</ns3:hr>
            <ns3:cad>84</ns3:cad>
          </ns3:TrackPointExtension>
        </extensions>
      </trkpt>
      <trkpt lat="31.25775651074945926666259765625" lon="121.5241670049726963043212890625">
        <ele>8</ele>
        <time>2026-09-01T06:43:33.000Z</time>
        <extensions>
          <ns3:TrackPointExtension>
            <ns3:hr>113</ns3:hr>
            <ns3:cad>0</ns3:cad>
          </ns3:TrackPointExtension>
        </extensions>
      </trkpt>
      <trkpt lat="31.2577740289270877838134765625" lon="121.5241475589573383331298828125">
        <ele>8</ele>
        <time>2026-09-01T06:43:36.000Z</time>
        <extensions>
          <ns3:TrackPointExtension>
            <ns3:hr>116</ns3:hr>
            <ns3:cad>0</ns3:cad>
          </ns3:TrackPointExtension>
        </extensions>
      </trkpt>
      <trkpt lat="31.2577512301504611968994140625" lon="121.5241656638681888580322265625">
        <ele>8</ele>
        <time>2026-09-01T06:43:40.000Z</time>
        <extensions>
          <ns3:TrackPointExtension>
            <ns3:hr>115</ns3:hr>
            <ns3:cad>0</ns3:cad>
          </ns3:TrackPointExtension>
        </extensions>
      </trkpt>
      <trkpt lat="31.2578276731073856353759765625" lon="121.52420246042311191558837890625">
        <ele>7.599999904632568359375</ele>
        <time>2026-09-01T06:43:45.000Z</time>
        <extensions>
          <ns3:TrackPointExtension>
            <ns3:hr>113</ns3:hr>
            <ns3:cad>76</ns3:cad>
          </ns3:TrackPointExtension>
        </extensions>
      </trkpt>
      <trkpt lat="31.257908307015895843505859375" lon="121.524304635822772979736328125">
        <ele>7.19999980926513671875</ele>
        <time>2026-09-01T06:43:52.000Z</time>
        <extensions>
          <ns3:TrackPointExtension>
            <ns3:hr>114</ns3:hr>
            <ns3:cad>86</ns3:cad>
          </ns3:TrackPointExtension>
        </extensions>
      </trkpt>
      <trkpt lat="31.25795164145529270172119140625" lon="121.5243498980998992919921875">
        <ele>7</ele>
        <time>2026-09-01T06:43:56.000Z</time>
        <extensions>
          <ns3:TrackPointExtension>
            <ns3:hr>118</ns3:hr>
            <ns3:cad>86</ns3:cad>
          </ns3:TrackPointExtension>
        </extensions>
      </trkpt>
      <trkpt lat="31.2579721771180629730224609375" lon="121.52438133023679256439208984375">
        <ele>6.80000019073486328125</ele>
        <time>2026-09-01T06:43:58.000Z</time>
        <extensions>
          <ns3:TrackPointExtension>
            <ns3:hr>119</ns3:hr>
            <ns3:cad>56</ns3:cad>
          </ns3:TrackPointExtension>
        </extensions>
      </trkpt>
      <trkpt lat="31.2580087222158908843994140625" lon="121.524460203945636749267578125">
        <ele>6.400000095367431640625</ele>
        <time>2026-09-01T06:44:05.000Z</time>
        <extensions>
          <ns3:TrackPointExtension>
            <ns3:hr>117</ns3:hr>
            <ns3:cad>55</ns3:cad>
          </ns3:TrackPointExtension>
        </extensions>
      </trkpt>
      <trkpt lat="31.25803210772573947906494140625" lon="121.52446095831692218780517578125">
        <ele>6.400000095367431640625</ele>
        <time>2026-09-01T06:44:07.000Z</time>
        <extensions>
          <ns3:TrackPointExtension>
            <ns3:hr>115</ns3:hr>
            <ns3:cad>54</ns3:cad>
          </ns3:TrackPointExtension>
        </extensions>
      </trkpt>
      <trkpt lat="31.25804350711405277252197265625" lon="121.52447034604847431182861328125">
        <ele>6.400000095367431640625</ele>
        <time>2026-09-01T06:44:08.000Z</time>
        <extensions>
          <ns3:TrackPointExtension>
            <ns3:hr>114</ns3:hr>
            <ns3:cad>54</ns3:cad>
          </ns3:TrackPointExtension>
        </extensions>
      </trkpt>
      <trkpt lat="31.25813059508800506591796875" lon="121.52447185479104518890380859375">
        <ele>6.599999904632568359375</ele>
        <time>2026-09-01T06:44:13.000Z</time>
        <extensions>
          <ns3:TrackPointExtension>
            <ns3:hr>112</ns3:hr>
            <ns3:cad>0</ns3:cad>
          </ns3:TrackPointExtension>
        </extensions>
      </trkpt>
      <trkpt lat="31.25812657177448272705078125" lon="121.5244788117706775665283203125">
        <ele>6.599999904632568359375</ele>
        <time>2026-09-01T06:44:14.000Z</time>
        <extensions>
          <ns3:TrackPointExtension>
            <ns3:hr>112</ns3:hr>
            <ns3:cad>0</ns3:cad>
          </ns3:TrackPointExtension>
        </extensions>
      </trkpt>
      <trkpt lat="31.2581039406359195709228515625" lon="121.524480320513248443603515625">
        <ele>6.599999904632568359375</ele>
        <time>2026-09-01T06:44:18.000Z</time>
        <extensions>
          <ns3:TrackPointExtension>
            <ns3:hr>112</ns3:hr>
            <ns3:cad>0</ns3:cad>
          </ns3:TrackPointExtension>
        </extensions>
      </trkpt>
      <trkpt lat="31.2581032700836658477783203125" lon="121.52448006905615329742431640625">
        <ele>6.599999904632568359375</ele>
        <time>2026-09-01T06:44:20.000Z</time>
        <extensions>
          <ns3:TrackPointExtension>
            <ns3:hr>109</ns3:hr>
            <ns3:cad>0</ns3:cad>
          </ns3:TrackPointExtension>
        </extensions>
      </trkpt>
      <trkpt lat="31.25811056233942508697509765625" lon="121.52447822503745555877685546875">
        <ele>6.599999904632568359375</ele>
        <time>2026-09-01T06:44:24.000Z</time>
        <extensions>
          <ns3:TrackPointExtension>
            <ns3:hr>106</ns3:hr>
            <ns3:cad>0</ns3:cad>
          </ns3:TrackPointExtension>
        </extensions>
      </trkpt>
      <trkpt lat="31.25810243189334869384765625" lon="121.5244821645319461822509765625">
        <ele>6.599999904632568359375</ele>
        <time>2026-09-01T06:44:28.000Z</time>
        <extensions>
          <ns3:TrackPointExtension>
            <ns3:hr>108</ns3:hr>
            <ns3:cad>0</ns3:cad>
          </ns3:TrackPointExtension>
        </extensions>
      </trkpt>
      <trkpt lat="31.25810503028333187103271484375" lon="121.524481661617755889892578125">
        <ele>6.599999904632568359375</ele>
        <time>2026-09-01T06:44:44.000Z</time>
        <extensions>
          <ns3:TrackPointExtension>
            <ns3:hr>105</ns3:hr>
            <ns3:cad>0</ns3:cad>
          </ns3:TrackPointExtension>
        </extensions>
      </trkpt>
      <trkpt lat="31.25811844132840633392333984375" lon="121.524507142603397369384765625">
        <ele>6.400000095367431640625</ele>
        <time>2026-09-01T06:44:50.000Z</time>
        <extensions>
          <ns3:TrackPointExtension>
            <ns3:hr>102</ns3:hr>
            <ns3:cad>0</ns3:cad>
          </ns3:TrackPointExtension>
        </extensions>
      </trkpt>
      <trkpt lat="31.258121542632579803466796875" lon="121.5245120041072368621826171875">
        <ele>6.19999980926513671875</ele>
        <time>2026-09-01T06:44:51.000Z</time>
        <extensions>
          <ns3:TrackPointExtension>
            <ns3:hr>102</ns3:hr>
            <ns3:cad>0</ns3:cad>
          </ns3:TrackPointExtension>
        </extensions>
      </trkpt>
      <trkpt lat="31.25813034363090991973876953125" lon="121.524520218372344970703125">
        <ele>6.19999980926513671875</ele>
        <time>2026-09-01T06:44:54.000Z</time>
        <extensions>
          <ns3:TrackPointExtension>
            <ns3:hr>99</ns3:hr>
            <ns3:cad>0</ns3:cad>
          </ns3:TrackPointExtension>
        </extensions>
      </trkpt>
      <trkpt lat="31.258136965334415435791015625" lon="121.5245282649993896484375">
        <ele>6.19999980926513671875</ele>
        <time>2026-09-01T06:44:56.000Z</time>
        <extensions>
          <ns3:TrackPointExtension>
            <ns3:hr>96</ns3:hr>
            <ns3:cad>0</ns3:cad>
          </ns3:TrackPointExtension>
        </extensions>
      </trkpt>
      <trkpt lat="31.258139312267303466796875" lon="121.52453572489321231842041015625">
        <ele>6.19999980926513671875</ele>
        <time>2026-09-01T06:44:58.000Z</time>
        <extensions>
          <ns3:TrackPointExtension>
            <ns3:hr>93</ns3:hr>
            <ns3:cad>0</ns3:cad>
          </ns3:TrackPointExtension>
        </extensions>
      </trkpt>
      <trkpt lat="31.25813386403024196624755859375" lon="121.52456020005047321319580078125">
        <ele>6</ele>
        <time>2026-09-01T06:45:01.000Z</time>
        <extensions>
          <ns3:TrackPointExtension>
            <ns3:hr>92</ns3:hr>
            <ns3:cad>0</ns3:cad>
          </ns3:TrackPointExtension>
        </extensions>
      </trkpt>
      <trkpt lat="31.25809840857982635498046875" lon="121.52462281286716461181640625">
        <ele>6.400000095367431640625</ele>
        <time>2026-09-01T06:45:07.000Z</time>
        <extensions>
          <ns3:TrackPointExtension>
            <ns3:hr>94</ns3:hr>
            <ns3:cad>55</ns3:cad>
          </ns3:TrackPointExtension>
        </extensions>
      </trkpt>
      <trkpt lat="31.25806747935712337493896484375" lon="121.52465843595564365386962890625">
        <ele>6.80000019073486328125</ele>
        <time>2026-09-01T06:45:12.000Z</time>
        <extensions>
          <ns3:TrackPointExtension>
            <ns3:hr>93</ns3:hr>
            <ns3:cad>54</ns3:cad>
          </ns3:TrackPointExtension>
        </extensions>
      </trkpt>
      <trkpt lat="31.25804987736046314239501953125" lon="121.52466346509754657745361328125">
        <ele>6.80000019073486328125</ele>
        <time>2026-09-01T06:45:14.000Z</time>
        <extensions>
          <ns3:TrackPointExtension>
            <ns3:hr>92</ns3:hr>
            <ns3:cad>54</ns3:cad>
          </ns3:TrackPointExtension>
        </extensions>
      </trkpt>
      <trkpt lat="31.25804803334176540374755859375" lon="121.5246652252972126007080078125">
        <ele>6.80000019073486328125</ele>
        <time>2026-09-01T06:45:17.000Z</time>
        <extensions>
          <ns3:TrackPointExtension>
            <ns3:hr>89</ns3:hr>
            <ns3:cad>0</ns3:cad>
          </ns3:TrackPointExtension>
        </extensions>
      </trkpt>
      <trkpt lat="31.2580472789704799652099609375" lon="121.5246663987636566162109375">
        <ele>6.80000019073486328125</ele>
        <time>2026-09-01T06:45:19.000Z</time>
        <extensions>
          <ns3:TrackPointExtension>
            <ns3:hr>91</ns3:hr>
            <ns3:cad>0</ns3:cad>
          </ns3:TrackPointExtension>
        </extensions>
      </trkpt>
      <trkpt lat="31.2580432556569576263427734375" lon="121.5246692486107349395751953125">
        <ele>6.80000019073486328125</ele>
        <time>2026-09-01T06:45:39.000Z</time>
        <extensions>
          <ns3:TrackPointExtension>
            <ns3:hr>94</ns3:hr>
            <ns3:cad>0</ns3:cad>
          </ns3:TrackPointExtension>
        </extensions>
      </trkpt>
      <trkpt lat="31.25804401002824306488037109375" lon="121.52466933242976665496826171875">
        <ele>6.80000019073486328125</ele>
        <time>2026-09-01T06:45:45.000Z</time>
        <extensions>
          <ns3:TrackPointExtension>
            <ns3:hr>97</ns3:hr>
            <ns3:cad>0</ns3:cad>
          </ns3:TrackPointExtension>
        </extensions>
      </trkpt>
      <trkpt lat="31.25804602168500423431396484375" lon="121.52467913925647735595703125">
        <ele>7</ele>
        <time>2026-09-01T06:46:34.000Z</time>
        <extensions>
          <ns3:TrackPointExtension>
            <ns3:hr>94</ns3:hr>
            <ns3:cad>0</ns3:cad>
          </ns3:TrackPointExtension>
        </extensions>
      </trkpt>
      <trkpt lat="31.25804401002824306488037109375" lon="121.5247319452464580535888671875">
        <ele>7.19999980926513671875</ele>
        <time>2026-09-01T06:46:41.000Z</time>
        <extensions>
          <ns3:TrackPointExtension>
            <ns3:hr>94</ns3:hr>
            <ns3:cad>46</ns3:cad>
          </ns3:TrackPointExtension>
        </extensions>
      </trkpt>
      <trkpt lat="31.2580459378659725189208984375" lon="121.524767316877841949462890625">
        <ele>7.599999904632568359375</ele>
        <time>2026-09-01T06:46:48.000Z</time>
        <extensions>
          <ns3:TrackPointExtension>
            <ns3:hr>90</ns3:hr>
            <ns3:cad>0</ns3:cad>
          </ns3:TrackPointExtension>
        </extensions>
      </trkpt>
      <trkpt lat="31.25804535113275051116943359375" lon="121.52476790361106395721435546875">
        <ele>7.599999904632568359375</ele>
        <time>2026-09-01T06:46:50.000Z</time>
        <extensions>
          <ns3:TrackPointExtension>
            <ns3:hr>87</ns3:hr>
            <ns3:cad>0</ns3:cad>
          </ns3:TrackPointExtension>
        </extensions>
      </trkpt>
      <trkpt lat="31.25804618932306766510009765625" lon="121.52477444149553775787353515625">
        <ele>7.599999904632568359375</ele>
        <time>2026-09-01T06:47:33.000Z</time>
        <extensions>
          <ns3:TrackPointExtension>
            <ns3:hr>90</ns3:hr>
            <ns3:cad>0</ns3:cad>
          </ns3:TrackPointExtension>
        </extensions>
      </trkpt>
      <trkpt lat="31.25807519070804119110107421875" lon="121.52479170821607112884521484375">
        <ele>7.80000019073486328125</ele>
        <time>2026-09-01T06:47:42.000Z</time>
        <extensions>
          <ns3:TrackPointExtension>
            <ns3:hr>91</ns3:hr>
            <ns3:cad>56</ns3:cad>
          </ns3:TrackPointExtension>
        </extensions>
      </trkpt>
      <trkpt lat="31.25809882767498493194580078125" lon="121.52480981312692165374755859375">
        <ele>7.80000019073486328125</ele>
        <time>2026-09-01T06:47:44.000Z</time>
        <extensions>
          <ns3:TrackPointExtension>
            <ns3:hr>91</ns3:hr>
            <ns3:cad>55</ns3:cad>
          </ns3:TrackPointExtension>
        </extensions>
      </trkpt>
      <trkpt lat="31.2581813894212245941162109375" lon="121.52488474734127521514892578125">
        <ele>8</ele>
        <time>2026-09-01T06:47:52.000Z</time>
        <extensions>
          <ns3:TrackPointExtension>
            <ns3:hr>91</ns3:hr>
            <ns3:cad>56</ns3:cad>
          </ns3:TrackPointExtension>
        </extensions>
      </trkpt>
      <trkpt lat="31.25824727118015289306640625" lon="121.52496873401105403900146484375">
        <ele>8.3999996185302734375</ele>
        <time>2026-09-01T06:48:01.000Z</time>
        <extensions>
          <ns3:TrackPointExtension>
            <ns3:hr>89</ns3:hr>
            <ns3:cad>57</ns3:cad>
          </ns3:TrackPointExtension>
        </extensions>
      </trkpt>
      <trkpt lat="31.2583042681217193603515625" lon="121.52503897435963153839111328125">
        <ele>8.6000003814697265625</ele>
        <time>2026-09-01T06:48:09.000Z</time>
        <extensions>
          <ns3:TrackPointExtension>
            <ns3:hr>90</ns3:hr>
            <ns3:cad>57</ns3:cad>
          </ns3:TrackPointExtension>
        </extensions>
      </trkpt>
      <trkpt lat="31.258319355547428131103515625" lon="121.52504769153892993927001953125">
        <ele>8.6000003814697265625</ele>
        <time>2026-09-01T06:48:10.000Z</time>
        <extensions>
          <ns3:TrackPointExtension>
            <ns3:hr>90</ns3:hr>
            <ns3:cad>57</ns3:cad>
          </ns3:TrackPointExtension>
        </extensions>
      </trkpt>
      <trkpt lat="31.25842136330902576446533203125" lon="121.52517442591488361358642578125">
        <ele>8.19999980926513671875</ele>
        <time>2026-09-01T06:48:16.000Z</time>
        <extensions>
          <ns3:TrackPointExtension>
            <ns3:hr>87</ns3:hr>
            <ns3:cad>82</ns3:cad>
          </ns3:TrackPointExtension>
        </extensions>
      </trkpt>
      <trkpt lat="31.2584375403821468353271484375" lon="121.52519789524376392364501953125">
        <ele>8.19999980926513671875</ele>
        <time>2026-09-01T06:48:17.000Z</time>
        <extensions>
          <ns3:TrackPointExtension>
            <ns3:hr>87</ns3:hr>
            <ns3:cad>82</ns3:cad>
          </ns3:TrackPointExtension>
        </extensions>
      </trkpt>
      <trkpt lat="31.25846662558615207672119140625" lon="121.52524181641638278961181640625">
        <ele>8</ele>
        <time>2026-09-01T06:48:19.000Z</time>
        <extensions>
          <ns3:TrackPointExtension>
            <ns3:hr>91</ns3:hr>
            <ns3:cad>83</ns3:cad>
          </ns3:TrackPointExtension>
        </extensions>
      </trkpt>
      <trkpt lat="31.258477270603179931640625" lon="121.5252657048404216766357421875">
        <ele>8</ele>
        <time>2026-09-01T06:48:20.000Z</time>
        <extensions>
          <ns3:TrackPointExtension>
            <ns3:hr>94</ns3:hr>
            <ns3:cad>83</ns3:cad>
          </ns3:TrackPointExtension>
        </extensions>
      </trkpt>
      <trkpt lat="31.25849998556077480316162109375" lon="121.5253128111362457275390625">
        <ele>7.80000019073486328125</ele>
        <time>2026-09-01T06:48:22.000Z</time>
        <extensions>
          <ns3:TrackPointExtension>
            <ns3:hr>97</ns3:hr>
            <ns3:cad>83</ns3:cad>
          </ns3:TrackPointExtension>
        </extensions>
      </trkpt>
      <trkpt lat="31.25852965749800205230712890625" lon="121.52535463683307170867919921875">
        <ele>7.599999904632568359375</ele>
        <time>2026-09-01T06:48:24.000Z</time>
        <extensions>
          <ns3:TrackPointExtension>
            <ns3:hr>100</ns3:hr>
            <ns3:cad>82</ns3:cad>
          </ns3:TrackPointExtension>
        </extensions>
      </trkpt>
      <trkpt lat="31.25856377184391021728515625" lon="121.5254001505672931671142578125">
        <ele>7.400000095367431640625</ele>
        <time>2026-09-01T06:48:26.000Z</time>
        <extensions>
          <ns3:TrackPointExtension>
            <ns3:hr>102</ns3:hr>
            <ns3:cad>83</ns3:cad>
          </ns3:TrackPointExtension>
        </extensions>
      </trkpt>
      <trkpt lat="31.25860610045492649078369140625" lon="121.52547282166779041290283203125">
        <ele>6.80000019073486328125</ele>
        <time>2026-09-01T06:48:29.000Z</time>
        <extensions>
          <ns3:TrackPointExtension>
            <ns3:hr>105</ns3:hr>
            <ns3:cad>83</ns3:cad>
          </ns3:TrackPointExtension>
        </extensions>
      </trkpt>
      <trkpt lat="31.25863392837345600128173828125" lon="121.5255195088684558868408203125">
        <ele>6.400000095367431640625</ele>
        <time>2026-09-01T06:48:31.000Z</time>
        <extensions>
          <ns3:TrackPointExtension>
            <ns3:hr>108</ns3:hr>
            <ns3:cad>83</ns3:cad>
          </ns3:TrackPointExtension>
        </extensions>
      </trkpt>
      <trkpt lat="31.25869788229465484619140625" lon="121.5256291441619396209716796875">
        <ele>6.400000095367431640625</ele>
        <time>2026-09-01T06:48:36.000Z</time>
        <extensions>
          <ns3:TrackPointExtension>
            <ns3:hr>111</ns3:hr>
            <ns3:cad>84</ns3:cad>
          </ns3:TrackPointExtension>
        </extensions>
      </trkpt>
      <trkpt lat="31.258784048259258270263671875" lon="121.525790579617023468017578125">
        <ele>7.19999980926513671875</ele>
        <time>2026-09-01T06:48:44.000Z</time>
        <extensions>
          <ns3:TrackPointExtension>
            <ns3:hr>113</ns3:hr>
            <ns3:cad>82</ns3:cad>
          </ns3:TrackPointExtension>
        </extensions>
      </trkpt>
      <trkpt lat="31.25886275433003902435302734375" lon="121.52590784244239330291748046875">
        <ele>7.80000019073486328125</ele>
        <time>2026-09-01T06:48:51.000Z</time>
        <extensions>
          <ns3:TrackPointExtension>
            <ns3:hr>114</ns3:hr>
            <ns3:cad>83</ns3:cad>
          </ns3:TrackPointExtension>
        </extensions>
      </trkpt>
      <trkpt lat="31.2589763291180133819580078125" lon="121.526016555726528167724609375">
        <ele>8.80000019073486328125</ele>
        <time>2026-09-01T06:48:57.000Z</time>
        <extensions>
          <ns3:TrackPointExtension>
            <ns3:hr>114</ns3:hr>
            <ns3:cad>82</ns3:cad>
          </ns3:TrackPointExtension>
        </extensions>
      </trkpt>
      <trkpt lat="31.25908755697309970855712890625" lon="121.52610297314822673797607421875">
        <ele>9.80000019073486328125</ele>
        <time>2026-09-01T06:49:02.000Z</time>
        <extensions>
          <ns3:TrackPointExtension>
            <ns3:hr>117</ns3:hr>
            <ns3:cad>83</ns3:cad>
          </ns3:TrackPointExtension>
        </extensions>
      </trkpt>
      <trkpt lat="31.25913717783987522125244140625" lon="121.5261763148009777069091796875">
        <ele>10.3999996185302734375</ele>
        <time>2026-09-01T06:49:05.000Z</time>
        <extensions>
          <ns3:TrackPointExtension>
            <ns3:hr>118</ns3:hr>
            <ns3:cad>83</ns3:cad>
          </ns3:TrackPointExtension>
        </extensions>
      </trkpt>
      <trkpt lat="31.25924530439078807830810546875" lon="121.52628712356090545654296875">
        <ele>10.3999996185302734375</ele>
        <time>2026-09-01T06:49:12.000Z</time>
        <extensions>
          <ns3:TrackPointExtension>
            <ns3:hr>119</ns3:hr>
            <ns3:cad>83</ns3:cad>
          </ns3:TrackPointExtension>
        </extensions>
      </trkpt>
      <trkpt lat="31.25939601100981235504150390625" lon="121.52642986737191677093505859375">
        <ele>8.80000019073486328125</ele>
        <time>2026-09-01T06:49:21.000Z</time>
        <extensions>
          <ns3:TrackPointExtension>
            <ns3:hr>121</ns3:hr>
            <ns3:cad>83</ns3:cad>
          </ns3:TrackPointExtension>
        </extensions>
      </trkpt>
      <trkpt lat="31.25947413034737110137939453125" lon="121.52659934945404529571533203125">
        <ele>7</ele>
        <time>2026-09-01T06:49:28.000Z</time>
        <extensions>
          <ns3:TrackPointExtension>
            <ns3:hr>122</ns3:hr>
            <ns3:cad>82</ns3:cad>
          </ns3:TrackPointExtension>
        </extensions>
      </trkpt>
      <trkpt lat="31.25948150642216205596923828125" lon="121.5267503075301647186279296875">
        <ele>5.400000095367431640625</ele>
        <time>2026-09-01T06:49:35.000Z</time>
        <extensions>
          <ns3:TrackPointExtension>
            <ns3:hr>125</ns3:hr>
            <ns3:cad>55</ns3:cad>
          </ns3:TrackPointExtension>
        </extensions>
      </trkpt>
      <trkpt lat="31.25947865657508373260498046875" lon="121.52680487371981143951416015625">
        <ele>5.400000095367431640625</ele>
        <time>2026-09-01T06:49:39.000Z</time>
        <extensions>
          <ns3:TrackPointExtension>
            <ns3:hr>124</ns3:hr>
            <ns3:cad>55</ns3:cad>
          </ns3:TrackPointExtension>
        </extensions>
      </trkpt>
      <trkpt lat="31.2594862841069698333740234375" lon="121.526841334998607635498046875">
        <ele>5.80000019073486328125</ele>
        <time>2026-09-01T06:49:41.000Z</time>
        <extensions>
          <ns3:TrackPointExtension>
            <ns3:hr>121</ns3:hr>
            <ns3:cad>55</ns3:cad>
          </ns3:TrackPointExtension>
        </extensions>
      </trkpt>
      <trkpt lat="31.25948988832533359527587890625" lon="121.52689489535987377166748046875">
        <ele>6.80000019073486328125</ele>
        <time>2026-09-01T06:49:45.000Z</time>
        <extensions>
          <ns3:TrackPointExtension>
            <ns3:hr>118</ns3:hr>
            <ns3:cad>56</ns3:cad>
          </ns3:TrackPointExtension>
        </extensions>
      </trkpt>
      <trkpt lat="31.2595045566558837890625" lon="121.5269300155341625213623046875">
        <ele>7.19999980926513671875</ele>
        <time>2026-09-01T06:49:48.000Z</time>
        <extensions>
          <ns3:TrackPointExtension>
            <ns3:hr>120</ns3:hr>
            <ns3:cad>52</ns3:cad>
          </ns3:TrackPointExtension>
        </extensions>
      </trkpt>
      <trkpt lat="31.2595201469957828521728515625" lon="121.526962704956531524658203125">
        <ele>7.80000019073486328125</ele>
        <time>2026-09-01T06:49:50.000Z</time>
        <extensions>
          <ns3:TrackPointExtension>
            <ns3:hr>118</ns3:hr>
            <ns3:cad>52</ns3:cad>
          </ns3:TrackPointExtension>
        </extensions>
      </trkpt>
      <trkpt lat="31.25955945812165737152099609375" lon="121.52703571133315563201904296875">
        <ele>8.6000003814697265625</ele>
        <time>2026-09-01T06:49:57.000Z</time>
        <extensions>
          <ns3:TrackPointExtension>
            <ns3:hr>118</ns3:hr>
            <ns3:cad>55</ns3:cad>
          </ns3:TrackPointExtension>
        </extensions>
      </trkpt>
      <trkpt lat="31.25960522331297397613525390625" lon="121.52707359753549098968505859375">
        <ele>8.80000019073486328125</ele>
        <time>2026-09-01T06:50:02.000Z</time>
        <extensions>
          <ns3:TrackPointExtension>
            <ns3:hr>116</ns3:hr>
            <ns3:cad>56</ns3:cad>
          </ns3:TrackPointExtension>
        </extensions>
      </trkpt>
      <trkpt lat="31.25963992439210414886474609375" lon="121.527100503444671630859375">
        <ele>9</ele>
        <time>2026-09-01T06:50:05.000Z</time>
        <extensions>
          <ns3:TrackPointExtension>
            <ns3:hr>113</ns3:hr>
            <ns3:cad>56</ns3:cad>
          </ns3:TrackPointExtension>
        </extensions>
      </trkpt>
      <trkpt lat="31.2596478872001171112060546875" lon="121.5271073766052722930908203125">
        <ele>9</ele>
        <time>2026-09-01T06:50:06.000Z</time>
        <extensions>
          <ns3:TrackPointExtension>
            <ns3:hr>112</ns3:hr>
            <ns3:cad>56</ns3:cad>
          </ns3:TrackPointExtension>
        </extensions>
      </trkpt>
      <trkpt lat="31.25966104678809642791748046875" lon="121.5271291695535182952880859375">
        <ele>9.3999996185302734375</ele>
        <time>2026-09-01T06:50:08.000Z</time>
        <extensions>
          <ns3:TrackPointExtension>
            <ns3:hr>109</ns3:hr>
            <ns3:cad>55</ns3:cad>
          </ns3:TrackPointExtension>
        </extensions>
      </trkpt>
      <trkpt lat="31.25969876535236835479736328125" lon="121.52715289033949375152587890625">
        <ele>9.6000003814697265625</ele>
        <time>2026-09-01T06:50:11.000Z</time>
        <extensions>
          <ns3:TrackPointExtension>
            <ns3:hr>107</ns3:hr>
            <ns3:cad>55</ns3:cad>
          </ns3:TrackPointExtension>
        </extensions>
      </trkpt>
      <trkpt lat="31.259712092578411102294921875" lon="121.5271616913378238677978515625">
        <ele>9.6000003814697265625</ele>
        <time>2026-09-01T06:50:12.000Z</time>
        <extensions>
          <ns3:TrackPointExtension>
            <ns3:hr>107</ns3:hr>
            <ns3:cad>55</ns3:cad>
          </ns3:TrackPointExtension>
        </extensions>
      </trkpt>
      <trkpt lat="31.25976808369159698486328125" lon="121.52718524448573589324951171875">
        <ele>9.6000003814697265625</ele>
        <time>2026-09-01T06:50:15.000Z</time>
        <extensions>
          <ns3:TrackPointExtension>
            <ns3:hr>108</ns3:hr>
            <ns3:cad>55</ns3:cad>
          </ns3:TrackPointExtension>
        </extensions>
      </trkpt>
      <trkpt lat="31.2598049640655517578125" lon="121.52720804326236248016357421875">
        <ele>9.80000019073486328125</ele>
        <time>2026-09-01T06:50:18.000Z</time>
        <extensions>
          <ns3:TrackPointExtension>
            <ns3:hr>109</ns3:hr>
            <ns3:cad>54</ns3:cad>
          </ns3:TrackPointExtension>
        </extensions>
      </trkpt>
      <trkpt lat="31.2598175369203090667724609375" lon="121.527222879230976104736328125">
        <ele>10</ele>
        <time>2026-09-01T06:50:20.000Z</time>
        <extensions>
          <ns3:TrackPointExtension>
            <ns3:hr>109</ns3:hr>
            <ns3:cad>54</ns3:cad>
          </ns3:TrackPointExtension>
        </extensions>
      </trkpt>
      <trkpt lat="31.2598627991974353790283203125" lon="121.52726805768907070159912109375">
        <ele>10.6000003814697265625</ele>
        <time>2026-09-01T06:50:25.000Z</time>
        <extensions>
          <ns3:TrackPointExtension>
            <ns3:hr>111</ns3:hr>
            <ns3:cad>55</ns3:cad>
          </ns3:TrackPointExtension>
        </extensions>
      </trkpt>
      <trkpt lat="31.259877718985080718994140625" lon="121.52731315232813358306884765625">
        <ele>11.6000003814697265625</ele>
        <time>2026-09-01T06:50:29.000Z</time>
        <extensions>
          <ns3:TrackPointExtension>
            <ns3:hr>108</ns3:hr>
            <ns3:cad>0</ns3:cad>
          </ns3:TrackPointExtension>
        </extensions>
      </trkpt>
      <trkpt lat="31.25988853164017200469970703125" lon="121.52735036797821521759033203125">
        <ele>12</ele>
        <time>2026-09-01T06:50:33.000Z</time>
        <extensions>
          <ns3:TrackPointExtension>
            <ns3:hr>106</ns3:hr>
            <ns3:cad>55</ns3:cad>
          </ns3:TrackPointExtension>
        </extensions>
      </trkpt>
      <trkpt lat="31.25989037565886974334716796875" lon="121.5273631922900676727294921875">
        <ele>12</ele>
        <time>2026-09-01T06:50:34.000Z</time>
        <extensions>
          <ns3:TrackPointExtension>
            <ns3:hr>107</ns3:hr>
            <ns3:cad>55</ns3:cad>
          </ns3:TrackPointExtension>
        </extensions>
      </trkpt>
      <trkpt lat="31.25990755856037139892578125" lon="121.5274369530379772186279296875">
        <ele>12.19999980926513671875</ele>
        <time>2026-09-01T06:50:39.000Z</time>
        <extensions>
          <ns3:TrackPointExtension>
            <ns3:hr>106</ns3:hr>
            <ns3:cad>54</ns3:cad>
          </ns3:TrackPointExtension>
        </extensions>
      </trkpt>
      <trkpt lat="31.2599194608628749847412109375" lon="121.5275341831147670745849609375">
        <ele>12.6000003814697265625</ele>
        <time>2026-09-01T06:50:42.000Z</time>
        <extensions>
          <ns3:TrackPointExtension>
            <ns3:hr>104</ns3:hr>
            <ns3:cad>54</ns3:cad>
          </ns3:TrackPointExtension>
        </extensions>
      </trkpt>
      <trkpt lat="31.25992993824183940887451171875" lon="121.5276045911014080047607421875">
        <ele>13.19999980926513671875</ele>
        <time>2026-09-01T06:50:44.000Z</time>
        <extensions>
          <ns3:TrackPointExtension>
            <ns3:hr>99</ns3:hr>
            <ns3:cad>83</ns3:cad>
          </ns3:TrackPointExtension>
        </extensions>
      </trkpt>
      <trkpt lat="31.2599221430718898773193359375" lon="121.52763769961893558502197265625">
        <ele>13.3999996185302734375</ele>
        <time>2026-09-01T06:50:45.000Z</time>
        <extensions>
          <ns3:TrackPointExtension>
            <ns3:hr>96</ns3:hr>
            <ns3:cad>84</ns3:cad>
          </ns3:TrackPointExtension>
        </extensions>
      </trkpt>
      <trkpt lat="31.25992390327155590057373046875" lon="121.527657397091388702392578125">
        <ele>13.19999980926513671875</ele>
        <time>2026-09-01T06:50:46.000Z</time>
        <extensions>
          <ns3:TrackPointExtension>
            <ns3:hr>95</ns3:hr>
            <ns3:cad>84</ns3:cad>
          </ns3:TrackPointExtension>
        </extensions>
      </trkpt>
      <trkpt lat="31.25991753302514553070068359375" lon="121.5276860632002353668212890625">
        <ele>13.19999980926513671875</ele>
        <time>2026-09-01T06:50:47.000Z</time>
        <extensions>
          <ns3:TrackPointExtension>
            <ns3:hr>95</ns3:hr>
            <ns3:cad>84</ns3:cad>
          </ns3:TrackPointExtension>
        </extensions>
      </trkpt>
      <trkpt lat="31.25991602428257465362548828125" lon="121.52781371958553791046142578125">
        <ele>12.6000003814697265625</ele>
        <time>2026-09-01T06:50:53.000Z</time>
        <extensions>
          <ns3:TrackPointExtension>
            <ns3:hr>98</ns3:hr>
            <ns3:cad>83</ns3:cad>
          </ns3:TrackPointExtension>
        </extensions>
      </trkpt>
      <trkpt lat="31.25991971231997013092041015625" lon="121.52782964520156383514404296875">
        <ele>12.6000003814697265625</ele>
        <time>2026-09-01T06:50:54.000Z</time>
        <extensions>
          <ns3:TrackPointExtension>
            <ns3:hr>99</ns3:hr>
            <ns3:cad>83</ns3:cad>
          </ns3:TrackPointExtension>
        </extensions>
      </trkpt>
      <trkpt lat="31.25991283915936946868896484375" lon="121.5278697945177555084228515625">
        <ele>12.80000019073486328125</ele>
        <time>2026-09-01T06:50:56.000Z</time>
        <extensions>
          <ns3:TrackPointExtension>
            <ns3:hr>102</ns3:hr>
            <ns3:cad>83</ns3:cad>
          </ns3:TrackPointExtension>
        </extensions>
      </trkpt>
      <trkpt lat="31.25991216860711574554443359375" lon="121.5278872288763523101806640625">
        <ele>13</ele>
        <time>2026-09-01T06:50:57.000Z</time>
        <extensions>
          <ns3:TrackPointExtension>
            <ns3:hr>103</ns3:hr>
            <ns3:cad>84</ns3:cad>
          </ns3:TrackPointExtension>
        </extensions>
      </trkpt>
      <trkpt lat="31.25989817082881927490234375" lon="121.52796794660389423370361328125">
        <ele>12.6000003814697265625</ele>
        <time>2026-09-01T06:50:59.000Z</time>
        <extensions>
          <ns3:TrackPointExtension>
            <ns3:hr>107</ns3:hr>
            <ns3:cad>84</ns3:cad>
          </ns3:TrackPointExtension>
        </extensions>
      </trkpt>
      <trkpt lat="31.259886436164379119873046875" lon="121.52808948419988155364990234375">
        <ele>11.3999996185302734375</ele>
        <time>2026-09-01T06:51:05.000Z</time>
        <extensions>
          <ns3:TrackPointExtension>
            <ns3:hr>110</ns3:hr>
            <ns3:cad>84</ns3:cad>
          </ns3:TrackPointExtension>
        </extensions>
      </trkpt>
      <trkpt lat="31.25989146530628204345703125" lon="121.528137512505054473876953125">
        <ele>10.6000003814697265625</ele>
        <time>2026-09-01T06:51:07.000Z</time>
        <extensions>
          <ns3:TrackPointExtension>
            <ns3:hr>111</ns3:hr>
            <ns3:cad>84</ns3:cad>
          </ns3:TrackPointExtension>
        </extensions>
      </trkpt>
      <trkpt lat="31.25986338593065738677978515625" lon="121.5282835252583026885986328125">
        <ele>9.80000019073486328125</ele>
        <time>2026-09-01T06:51:12.000Z</time>
        <extensions>
          <ns3:TrackPointExtension>
            <ns3:hr>114</ns3:hr>
            <ns3:cad>83</ns3:cad>
          </ns3:TrackPointExtension>
        </extensions>
      </trkpt>
      <trkpt lat="31.25986338593065738677978515625" lon="121.52836239896714687347412109375">
        <ele>9.80000019073486328125</ele>
        <time>2026-09-01T06:51:15.000Z</time>
        <extensions>
          <ns3:TrackPointExtension>
            <ns3:hr>115</ns3:hr>
            <ns3:cad>83</ns3:cad>
          </ns3:TrackPointExtension>
        </extensions>
      </trkpt>
      <trkpt lat="31.25985399819910526275634765625" lon="121.5285582840442657470703125">
        <ele>11.19999980926513671875</ele>
        <time>2026-09-01T06:51:23.000Z</time>
        <extensions>
          <ns3:TrackPointExtension>
            <ns3:hr>117</ns3:hr>
            <ns3:cad>82</ns3:cad>
          </ns3:TrackPointExtension>
        </extensions>
      </trkpt>
      <trkpt lat="31.2598849274218082427978515625" lon="121.528676636517047882080078125">
        <ele>10.3999996185302734375</ele>
        <time>2026-09-01T06:51:28.000Z</time>
        <extensions>
          <ns3:TrackPointExtension>
            <ns3:hr>118</ns3:hr>
            <ns3:cad>83</ns3:cad>
          </ns3:TrackPointExtension>
        </extensions>
      </trkpt>
      <trkpt lat="31.259910576045513153076171875" lon="121.528694741427898406982421875">
        <ele>9.80000019073486328125</ele>
        <time>2026-09-01T06:51:29.000Z</time>
        <extensions>
          <ns3:TrackPointExtension>
            <ns3:hr>119</ns3:hr>
            <ns3:cad>83</ns3:cad>
          </ns3:TrackPointExtension>
        </extensions>
      </trkpt>
      <trkpt lat="31.2600361369550228118896484375" lon="121.52882021851837635040283203125">
        <ele>7.599999904632568359375</ele>
        <time>2026-09-01T06:51:35.000Z</time>
        <extensions>
          <ns3:TrackPointExtension>
            <ns3:hr>121</ns3:hr>
            <ns3:cad>83</ns3:cad>
          </ns3:TrackPointExtension>
        </extensions>
      </trkpt>
      <trkpt lat="31.26007251441478729248046875" lon="121.52888576500117778778076171875">
        <ele>7</ele>
        <time>2026-09-01T06:51:39.000Z</time>
        <extensions>
          <ns3:TrackPointExtension>
            <ns3:hr>122</ns3:hr>
            <ns3:cad>83</ns3:cad>
          </ns3:TrackPointExtension>
        </extensions>
      </trkpt>
      <trkpt lat="31.26009020023047924041748046875" lon="121.5288803167641162872314453125">
        <ele>6.80000019073486328125</ele>
        <time>2026-09-01T06:51:40.000Z</time>
        <extensions>
          <ns3:TrackPointExtension>
            <ns3:hr>122</ns3:hr>
            <ns3:cad>82</ns3:cad>
          </ns3:TrackPointExtension>
        </extensions>
      </trkpt>
      <trkpt lat="31.26024174503982067108154296875" lon="121.52880228124558925628662109375">
        <ele>4.400000095367431640625</ele>
        <time>2026-09-01T06:51:48.000Z</time>
        <extensions>
          <ns3:TrackPointExtension>
            <ns3:hr>123</ns3:hr>
            <ns3:cad>83</ns3:cad>
          </ns3:TrackPointExtension>
        </extensions>
      </trkpt>
      <trkpt lat="31.2603811360895633697509765625" lon="121.5287187136709690093994140625">
        <ele>4.599999904632568359375</ele>
        <time>2026-09-01T06:51:55.000Z</time>
        <extensions>
          <ns3:TrackPointExtension>
            <ns3:hr>126</ns3:hr>
            <ns3:cad>82</ns3:cad>
          </ns3:TrackPointExtension>
        </extensions>
      </trkpt>
      <trkpt lat="31.260532177984714508056640625" lon="121.52862944640219211578369140625">
        <ele>8.3999996185302734375</ele>
        <time>2026-09-01T06:52:03.000Z</time>
        <extensions>
          <ns3:TrackPointExtension>
            <ns3:hr>127</ns3:hr>
            <ns3:cad>83</ns3:cad>
          </ns3:TrackPointExtension>
        </extensions>
      </trkpt>
      <trkpt lat="31.2606822140514850616455078125" lon="121.52855082415044307708740234375">
        <ele>9.6000003814697265625</ele>
        <time>2026-09-01T06:52:10.000Z</time>
        <extensions>
          <ns3:TrackPointExtension>
            <ns3:hr>128</ns3:hr>
            <ns3:cad>84</ns3:cad>
          </ns3:TrackPointExtension>
        </extensions>
      </trkpt>
      <trkpt lat="31.260836608707904815673828125" lon="121.528473459184169769287109375">
        <ele>10.80000019073486328125</ele>
        <time>2026-09-01T06:52:17.000Z</time>
        <extensions>
          <ns3:TrackPointExtension>
            <ns3:hr>128</ns3:hr>
            <ns3:cad>84</ns3:cad>
          </ns3:TrackPointExtension>
        </extensions>
      </trkpt>
      <trkpt lat="31.26097683794796466827392578125" lon="121.52831713669002056121826171875">
        <ele>10.19999980926513671875</ele>
        <time>2026-09-01T06:52:25.000Z</time>
        <extensions>
          <ns3:TrackPointExtension>
            <ns3:hr>130</ns3:hr>
            <ns3:cad>83</ns3:cad>
          </ns3:TrackPointExtension>
        </extensions>
      </trkpt>
      <trkpt lat="31.26102495007216930389404296875" lon="121.52825008146464824676513671875">
        <ele>9.6000003814697265625</ele>
        <time>2026-09-01T06:52:31.000Z</time>
        <extensions>
          <ns3:TrackPointExtension>
            <ns3:hr>131</ns3:hr>
            <ns3:cad>41</ns3:cad>
          </ns3:TrackPointExtension>
        </extensions>
      </trkpt>
      <trkpt lat="31.26106400974094867706298828125" lon="121.52821890078485012054443359375">
        <ele>9</ele>
        <time>2026-09-01T06:52:38.000Z</time>
        <extensions>
          <ns3:TrackPointExtension>
            <ns3:hr>131</ns3:hr>
            <ns3:cad>0</ns3:cad>
          </ns3:TrackPointExtension>
        </extensions>
      </trkpt>
      <trkpt lat="31.26104674302041530609130859375" lon="121.52826952748000621795654296875">
        <ele>9.3999996185302734375</ele>
        <time>2026-09-01T06:52:44.000Z</time>
        <extensions>
          <ns3:TrackPointExtension>
            <ns3:hr>132</ns3:hr>
            <ns3:cad>49</ns3:cad>
          </ns3:TrackPointExtension>
        </extensions>
      </trkpt>
      <trkpt lat="31.261086724698543548583984375" lon="121.52834462933242321014404296875">
        <ele>9.19999980926513671875</ele>
        <time>2026-09-01T06:52:51.000Z</time>
        <extensions>
          <ns3:TrackPointExtension>
            <ns3:hr>132</ns3:hr>
            <ns3:cad>53</ns3:cad>
          </ns3:TrackPointExtension>
        </extensions>
      </trkpt>
      <trkpt lat="31.26113601028919219970703125" lon="121.52839131653308868408203125">
        <ele>8.80000019073486328125</ele>
        <time>2026-09-01T06:52:57.000Z</time>
        <extensions>
          <ns3:TrackPointExtension>
            <ns3:hr>129</ns3:hr>
            <ns3:cad>55</ns3:cad>
          </ns3:TrackPointExtension>
        </extensions>
      </trkpt>
      <trkpt lat="31.261148415505886077880859375" lon="121.52841143310070037841796875">
        <ele>8.80000019073486328125</ele>
        <time>2026-09-01T06:52:59.000Z</time>
        <extensions>
          <ns3:TrackPointExtension>
            <ns3:hr>126</ns3:hr>
            <ns3:cad>55</ns3:cad>
          </ns3:TrackPointExtension>
        </extensions>
      </trkpt>
      <trkpt lat="31.2611606530845165252685546875" lon="121.52843783609569072723388671875">
        <ele>9</ele>
        <time>2026-09-01T06:53:01.000Z</time>
        <extensions>
          <ns3:TrackPointExtension>
            <ns3:hr>122</ns3:hr>
            <ns3:cad>54</ns3:cad>
          </ns3:TrackPointExtension>
        </extensions>
      </trkpt>
      <trkpt lat="31.26116828061640262603759765625" lon="121.5284649096429347991943359375">
        <ele>9.19999980926513671875</ele>
        <time>2026-09-01T06:53:03.000Z</time>
        <extensions>
          <ns3:TrackPointExtension>
            <ns3:hr>119</ns3:hr>
            <ns3:cad>58</ns3:cad>
          </ns3:TrackPointExtension>
        </extensions>
      </trkpt>
      <trkpt lat="31.2611720524728298187255859375" lon="121.52847639285027980804443359375">
        <ele>9.3999996185302734375</ele>
        <time>2026-09-01T06:53:04.000Z</time>
        <extensions>
          <ns3:TrackPointExtension>
            <ns3:hr>118</ns3:hr>
            <ns3:cad>57</ns3:cad>
          </ns3:TrackPointExtension>
        </extensions>
      </trkpt>
      <trkpt lat="31.26118487678468227386474609375" lon="121.52852266095578670501708984375">
        <ele>9.3999996185302734375</ele>
        <time>2026-09-01T06:53:07.000Z</time>
        <extensions>
          <ns3:TrackPointExtension>
            <ns3:hr>115</ns3:hr>
            <ns3:cad>57</ns3:cad>
          </ns3:TrackPointExtension>
        </extensions>
      </trkpt>
      <trkpt lat="31.26119744963943958282470703125" lon="121.5285493992269039154052734375">
        <ele>9.3999996185302734375</ele>
        <time>2026-09-01T06:53:09.000Z</time>
        <extensions>
          <ns3:TrackPointExtension>
            <ns3:hr>113</ns3:hr>
            <ns3:cad>57</ns3:cad>
          </ns3:TrackPointExtension>
        </extensions>
      </trkpt>
      <trkpt lat="31.26121253706514835357666015625" lon="121.52856725268065929412841796875">
        <ele>9.6000003814697265625</ele>
        <time>2026-09-01T06:53:11.000Z</time>
        <extensions>
          <ns3:TrackPointExtension>
            <ns3:hr>111</ns3:hr>
            <ns3:cad>61</ns3:cad>
          </ns3:TrackPointExtension>
        </extensions>
      </trkpt>
      <trkpt lat="31.26124639995396137237548828125" lon="121.528579406440258026123046875">
        <ele>10.3999996185302734375</ele>
        <time>2026-09-01T06:53:14.000Z</time>
        <extensions>
          <ns3:TrackPointExtension>
            <ns3:hr>107</ns3:hr>
            <ns3:cad>58</ns3:cad>
          </ns3:TrackPointExtension>
        </extensions>
      </trkpt>
      <trkpt lat="31.2612552009522914886474609375" lon="121.52858384884893894195556640625">
        <ele>10.3999996185302734375</ele>
        <time>2026-09-01T06:53:15.000Z</time>
        <extensions>
          <ns3:TrackPointExtension>
            <ns3:hr>105</ns3:hr>
            <ns3:cad>57</ns3:cad>
          </ns3:TrackPointExtension>
        </extensions>
      </trkpt>
      <trkpt lat="31.2613108567893505096435546875" lon="121.52864973060786724090576171875">
        <ele>11.19999980926513671875</ele>
        <time>2026-09-01T06:53:22.000Z</time>
        <extensions>
          <ns3:TrackPointExtension>
            <ns3:hr>103</ns3:hr>
            <ns3:cad>57</ns3:cad>
          </ns3:TrackPointExtension>
        </extensions>
      </trkpt>
      <trkpt lat="31.26132904551923274993896484375" lon="121.52869901619851589202880859375">
        <ele>11.19999980926513671875</ele>
        <time>2026-09-01T06:53:24.000Z</time>
        <extensions>
          <ns3:TrackPointExtension>
            <ns3:hr>101</ns3:hr>
            <ns3:cad>78</ns3:cad>
          </ns3:TrackPointExtension>
        </extensions>
      </trkpt>
      <trkpt lat="31.26134631223976612091064453125" lon="121.528731286525726318359375">
        <ele>11.3999996185302734375</ele>
        <time>2026-09-01T06:53:26.000Z</time>
        <extensions>
          <ns3:TrackPointExtension>
            <ns3:hr>100</ns3:hr>
            <ns3:cad>80</ns3:cad>
          </ns3:TrackPointExtension>
        </extensions>
      </trkpt>
      <trkpt lat="31.26137179322540760040283203125" lon="121.52877621352672576904296875">
        <ele>11.80000019073486328125</ele>
        <time>2026-09-01T06:53:29.000Z</time>
        <extensions>
          <ns3:TrackPointExtension>
            <ns3:hr>99</ns3:hr>
            <ns3:cad>80</ns3:cad>
          </ns3:TrackPointExtension>
        </extensions>
      </trkpt>
      <trkpt lat="31.2613852880895137786865234375" lon="121.52880077250301837921142578125">
        <ele>12</ele>
        <time>2026-09-01T06:53:31.000Z</time>
        <extensions>
          <ns3:TrackPointExtension>
            <ns3:hr>99</ns3:hr>
            <ns3:cad>57</ns3:cad>
          </ns3:TrackPointExtension>
        </extensions>
      </trkpt>
      <trkpt lat="31.26139509491622447967529296875" lon="121.52880814857780933380126953125">
        <ele>12.19999980926513671875</ele>
        <time>2026-09-01T06:53:32.000Z</time>
        <extensions>
          <ns3:TrackPointExtension>
            <ns3:hr>100</ns3:hr>
            <ns3:cad>55</ns3:cad>
          </ns3:TrackPointExtension>
        </extensions>
      </trkpt>
      <trkpt lat="31.2614261917769908905029296875" lon="121.52884519658982753753662109375">
        <ele>12.6000003814697265625</ele>
        <time>2026-09-01T06:53:35.000Z</time>
        <extensions>
          <ns3:TrackPointExtension>
            <ns3:hr>102</ns3:hr>
            <ns3:cad>55</ns3:cad>
          </ns3:TrackPointExtension>
        </extensions>
      </trkpt>
      <trkpt lat="31.261434741318225860595703125" lon="121.52885525487363338470458984375">
        <ele>12.6000003814697265625</ele>
        <time>2026-09-01T06:53:36.000Z</time>
        <extensions>
          <ns3:TrackPointExtension>
            <ns3:hr>103</ns3:hr>
            <ns3:cad>55</ns3:cad>
          </ns3:TrackPointExtension>
        </extensions>
      </trkpt>
      <trkpt lat="31.26145653426647186279296875" lon="121.528897918760776519775390625">
        <ele>12.6000003814697265625</ele>
        <time>2026-09-01T06:53:39.000Z</time>
        <extensions>
          <ns3:TrackPointExtension>
            <ns3:hr>106</ns3:hr>
            <ns3:cad>53</ns3:cad>
          </ns3:TrackPointExtension>
        </extensions>
      </trkpt>
      <trkpt lat="31.2614667601883411407470703125" lon="121.52891024015843868255615234375">
        <ele>12.6000003814697265625</ele>
        <time>2026-09-01T06:53:40.000Z</time>
        <extensions>
          <ns3:TrackPointExtension>
            <ns3:hr>107</ns3:hr>
            <ns3:cad>53</ns3:cad>
          </ns3:TrackPointExtension>
        </extensions>
      </trkpt>
      <trkpt lat="31.26148067414760589599609375" lon="121.52891560457646846771240234375">
        <ele>12.80000019073486328125</ele>
        <time>2026-09-01T06:53:41.000Z</time>
        <extensions>
          <ns3:TrackPointExtension>
            <ns3:hr>107</ns3:hr>
            <ns3:cad>53</ns3:cad>
          </ns3:TrackPointExtension>
        </extensions>
      </trkpt>
      <trkpt lat="31.2614922411739826202392578125" lon="121.528918035328388214111328125">
        <ele>12.80000019073486328125</ele>
        <time>2026-09-01T06:53:42.000Z</time>
        <extensions>
          <ns3:TrackPointExtension>
            <ns3:hr>108</ns3:hr>
            <ns3:cad>53</ns3:cad>
          </ns3:TrackPointExtension>
        </extensions>
      </trkpt>
      <trkpt lat="31.26151076517999172210693359375" lon="121.52893203310668468475341796875">
        <ele>13</ele>
        <time>2026-09-01T06:53:44.000Z</time>
        <extensions>
          <ns3:TrackPointExtension>
            <ns3:hr>107</ns3:hr>
            <ns3:cad>0</ns3:cad>
          </ns3:TrackPointExtension>
        </extensions>
      </trkpt>
      <trkpt lat="31.261517889797687530517578125" lon="121.52895265258848667144775390625">
        <ele>13</ele>
        <time>2026-09-01T06:53:46.000Z</time>
        <extensions>
          <ns3:TrackPointExtension>
            <ns3:hr>105</ns3:hr>
            <ns3:cad>0</ns3:cad>
          </ns3:TrackPointExtension>
        </extensions>
      </trkpt>
      <trkpt lat="31.261519901454448699951171875" lon="121.52896455489099025726318359375">
        <ele>12.80000019073486328125</ele>
        <time>2026-09-01T06:53:47.000Z</time>
        <extensions>
          <ns3:TrackPointExtension>
            <ns3:hr>103</ns3:hr>
            <ns3:cad>0</ns3:cad>
          </ns3:TrackPointExtension>
        </extensions>
      </trkpt>
      <trkpt lat="31.26153239049017429351806640625" lon="121.52899079024791717529296875">
        <ele>12.80000019073486328125</ele>
        <time>2026-09-01T06:53:49.000Z</time>
        <extensions>
          <ns3:TrackPointExtension>
            <ns3:hr>103</ns3:hr>
            <ns3:cad>0</ns3:cad>
          </ns3:TrackPointExtension>
        </extensions>
      </trkpt>
      <trkpt lat="31.26156055368483066558837890625" lon="121.529025323688983917236328125">
        <ele>13</ele>
        <time>2026-09-01T06:53:53.000Z</time>
        <extensions>
          <ns3:TrackPointExtension>
            <ns3:hr>103</ns3:hr>
            <ns3:cad>54</ns3:cad>
          </ns3:TrackPointExtension>
        </extensions>
      </trkpt>
      <trkpt lat="31.26156457699835300445556640625" lon="121.529117524623870849609375">
        <ele>12.19999980926513671875</ele>
        <time>2026-09-01T06:53:58.000Z</time>
        <extensions>
          <ns3:TrackPointExtension>
            <ns3:hr>104</ns3:hr>
            <ns3:cad>54</ns3:cad>
          </ns3:TrackPointExtension>
        </extensions>
      </trkpt>
      <trkpt lat="31.2615800835192203521728515625" lon="121.529138647019863128662109375">
        <ele>12.19999980926513671875</ele>
        <time>2026-09-01T06:54:00.000Z</time>
        <extensions>
          <ns3:TrackPointExtension>
            <ns3:hr>104</ns3:hr>
            <ns3:cad>56</ns3:cad>
          </ns3:TrackPointExtension>
        </extensions>
      </trkpt>
      <trkpt lat="31.26162241213023662567138671875" lon="121.529161445796489715576171875">
        <ele>12.3999996185302734375</ele>
        <time>2026-09-01T06:54:04.000Z</time>
        <extensions>
          <ns3:TrackPointExtension>
            <ns3:hr>102</ns3:hr>
            <ns3:cad>57</ns3:cad>
          </ns3:TrackPointExtension>
        </extensions>
      </trkpt>
      <trkpt lat="31.2616514973342418670654296875" lon="121.52919086627662181854248046875">
        <ele>12.3999996185302734375</ele>
        <time>2026-09-01T06:54:09.000Z</time>
        <extensions>
          <ns3:TrackPointExtension>
            <ns3:hr>99</ns3:hr>
            <ns3:cad>55</ns3:cad>
          </ns3:TrackPointExtension>
        </extensions>
      </trkpt>
      <trkpt lat="31.26165904104709625244140625" lon="121.52919421903789043426513671875">
        <ele>12.3999996185302734375</ele>
        <time>2026-09-01T06:54:10.000Z</time>
        <extensions>
          <ns3:TrackPointExtension>
            <ns3:hr>100</ns3:hr>
            <ns3:cad>55</ns3:cad>
          </ns3:TrackPointExtension>
        </extensions>
      </trkpt>
      <trkpt lat="31.2616766430437564849853515625" lon="121.52921433560550212860107421875">
        <ele>12.3999996185302734375</ele>
        <time>2026-09-01T06:54:13.000Z</time>
        <extensions>
          <ns3:TrackPointExtension>
            <ns3:hr>99</ns3:hr>
            <ns3:cad>55</ns3:cad>
          </ns3:TrackPointExtension>
        </extensions>
      </trkpt>
      <trkpt lat="31.26169659197330474853515625" lon="121.5292189456522464752197265625">
        <ele>12.3999996185302734375</ele>
        <time>2026-09-01T06:54:15.000Z</time>
        <extensions>
          <ns3:TrackPointExtension>
            <ns3:hr>99</ns3:hr>
            <ns3:cad>55</ns3:cad>
          </ns3:TrackPointExtension>
        </extensions>
      </trkpt>
      <trkpt lat="31.26171494834125041961669921875" lon="121.52928239665925502777099609375">
        <ele>12.19999980926513671875</ele>
        <time>2026-09-01T06:54:19.000Z</time>
        <extensions>
          <ns3:TrackPointExtension>
            <ns3:hr>100</ns3:hr>
            <ns3:cad>54</ns3:cad>
          </ns3:TrackPointExtension>
        </extensions>
      </trkpt>
      <trkpt lat="31.2617322988808155059814453125" lon="121.52932195924222469329833984375">
        <ele>12</ele>
        <time>2026-09-01T06:54:22.000Z</time>
        <extensions>
          <ns3:TrackPointExtension>
            <ns3:hr>102</ns3:hr>
            <ns3:cad>0</ns3:cad>
          </ns3:TrackPointExtension>
        </extensions>
      </trkpt>
      <trkpt lat="31.26175425946712493896484375" lon="121.52941114269196987152099609375">
        <ele>11.3999996185302734375</ele>
        <time>2026-09-01T06:54:27.000Z</time>
        <extensions>
          <ns3:TrackPointExtension>
            <ns3:hr>99</ns3:hr>
            <ns3:cad>0</ns3:cad>
          </ns3:TrackPointExtension>
        </extensions>
      </trkpt>
      <trkpt lat="31.2617685087025165557861328125" lon="121.529419608414173126220703125">
        <ele>11.3999996185302734375</ele>
        <time>2026-09-01T06:54:29.000Z</time>
        <extensions>
          <ns3:TrackPointExtension>
            <ns3:hr>98</ns3:hr>
            <ns3:cad>54</ns3:cad>
          </ns3:TrackPointExtension>
        </extensions>
      </trkpt>
      <trkpt lat="31.26178443431854248046875" lon="121.52943075634539127349853515625">
        <ele>11.3999996185302734375</ele>
        <time>2026-09-01T06:54:31.000Z</time>
        <extensions>
          <ns3:TrackPointExtension>
            <ns3:hr>97</ns3:hr>
            <ns3:cad>54</ns3:cad>
          </ns3:TrackPointExtension>
        </extensions>
      </trkpt>
      <trkpt lat="31.2617976777255535125732421875" lon="121.52944869361817836761474609375">
        <ele>11.19999980926513671875</ele>
        <time>2026-09-01T06:54:33.000Z</time>
        <extensions>
          <ns3:TrackPointExtension>
            <ns3:hr>96</ns3:hr>
            <ns3:cad>54</ns3:cad>
          </ns3:TrackPointExtension>
        </extensions>
      </trkpt>
      <trkpt lat="31.26180329360067844390869140625" lon="121.5294522978365421295166015625">
        <ele>11.19999980926513671875</ele>
        <time>2026-09-01T06:54:34.000Z</time>
        <extensions>
          <ns3:TrackPointExtension>
            <ns3:hr>95</ns3:hr>
            <ns3:cad>54</ns3:cad>
          </ns3:TrackPointExtension>
        </extensions>
      </trkpt>
      <trkpt lat="31.2618342228233814239501953125" lon="121.5295220352709293365478515625">
        <ele>10.80000019073486328125</ele>
        <time>2026-09-01T06:54:40.000Z</time>
        <extensions>
          <ns3:TrackPointExtension>
            <ns3:hr>94</ns3:hr>
            <ns3:cad>54</ns3:cad>
          </ns3:TrackPointExtension>
        </extensions>
      </trkpt>
      <trkpt lat="31.26185928471386432647705078125" lon="121.52956905774772167205810546875">
        <ele>10.6000003814697265625</ele>
        <time>2026-09-01T06:54:43.000Z</time>
        <extensions>
          <ns3:TrackPointExtension>
            <ns3:hr>94</ns3:hr>
            <ns3:cad>55</ns3:cad>
          </ns3:TrackPointExtension>
        </extensions>
      </trkpt>
      <trkpt lat="31.2618643976747989654541015625" lon="121.5296212770044803619384765625">
        <ele>10.6000003814697265625</ele>
        <time>2026-09-01T06:54:46.000Z</time>
        <extensions>
          <ns3:TrackPointExtension>
            <ns3:hr>94</ns3:hr>
            <ns3:cad>54</ns3:cad>
          </ns3:TrackPointExtension>
        </extensions>
      </trkpt>
      <trkpt lat="31.261872947216033935546875" lon="121.52963493950664997100830078125">
        <ele>10.6000003814697265625</ele>
        <time>2026-09-01T06:54:48.000Z</time>
        <extensions>
          <ns3:TrackPointExtension>
            <ns3:hr>94</ns3:hr>
            <ns3:cad>54</ns3:cad>
          </ns3:TrackPointExtension>
        </extensions>
      </trkpt>
      <trkpt lat="31.261884681880474090576171875" lon="121.52966595254838466644287109375">
        <ele>10.6000003814697265625</ele>
        <time>2026-09-01T06:54:50.000Z</time>
        <extensions>
          <ns3:TrackPointExtension>
            <ns3:hr>95</ns3:hr>
            <ns3:cad>55</ns3:cad>
          </ns3:TrackPointExtension>
        </extensions>
      </trkpt>
      <trkpt lat="31.261893399059772491455078125" lon="121.529677771031856536865234375">
        <ele>10.6000003814697265625</ele>
        <time>2026-09-01T06:54:51.000Z</time>
        <extensions>
          <ns3:TrackPointExtension>
            <ns3:hr>95</ns3:hr>
            <ns3:cad>55</ns3:cad>
          </ns3:TrackPointExtension>
        </extensions>
      </trkpt>
      <trkpt lat="31.26191879622638225555419921875" lon="121.52969595976173877716064453125">
        <ele>10.80000019073486328125</ele>
        <time>2026-09-01T06:54:53.000Z</time>
        <extensions>
          <ns3:TrackPointExtension>
            <ns3:hr>95</ns3:hr>
            <ns3:cad>54</ns3:cad>
          </ns3:TrackPointExtension>
        </extensions>
      </trkpt>
      <trkpt lat="31.26195433549582958221435546875" lon="121.529726050794124603271484375">
        <ele>11</ele>
        <time>2026-09-01T06:54:58.000Z</time>
        <extensions>
          <ns3:TrackPointExtension>
            <ns3:hr>95</ns3:hr>
            <ns3:cad>56</ns3:cad>
          </ns3:TrackPointExtension>
        </extensions>
      </trkpt>
      <trkpt lat="31.262002699077129364013671875" lon="121.5298009850084781646728515625">
        <ele>10.80000019073486328125</ele>
        <time>2026-09-01T06:55:05.000Z</time>
        <extensions>
          <ns3:TrackPointExtension>
            <ns3:hr>95</ns3:hr>
            <ns3:cad>0</ns3:cad>
          </ns3:TrackPointExtension>
        </extensions>
      </trkpt>
      <trkpt lat="31.26201602630317211151123046875" lon="121.52982688508927822113037109375">
        <ele>10.80000019073486328125</ele>
        <time>2026-09-01T06:55:07.000Z</time>
        <extensions>
          <ns3:TrackPointExtension>
            <ns3:hr>94</ns3:hr>
            <ns3:cad>0</ns3:cad>
          </ns3:TrackPointExtension>
        </extensions>
      </trkpt>
      <trkpt lat="31.26297743059694766998291015625" lon="121.5313606895506381988525390625">
        <ele>6.80000019073486328125</ele>
        <time>2026-09-01T06:58:27.000Z</time>
        <extensions>
          <ns3:TrackPointExtension>
            <ns3:hr>86</ns3:hr>
            <ns3:cad>54</ns3:cad>
          </ns3:TrackPointExtension>
        </extensions>
      </trkpt>
      <trkpt lat="31.26298547722399234771728515625" lon="121.53137384913861751556396484375">
        <ele>7</ele>
        <time>2026-09-01T06:58:28.000Z</time>
        <extensions>
          <ns3:TrackPointExtension>
            <ns3:hr>86</ns3:hr>
            <ns3:cad>55</ns3:cad>
          </ns3:TrackPointExtension>
        </extensions>
      </trkpt>
      <trkpt lat="31.2630076892673969268798828125" lon="121.5314347855746746063232421875">
        <ele>7</ele>
        <time>2026-09-01T06:58:32.000Z</time>
        <extensions>
          <ns3:TrackPointExtension>
            <ns3:hr>86</ns3:hr>
            <ns3:cad>55</ns3:cad>
          </ns3:TrackPointExtension>
        </extensions>
      </trkpt>
      <trkpt lat="31.26305186189711093902587890625" lon="121.5315194427967071533203125">
        <ele>7.400000095367431640625</ele>
        <time>2026-09-01T06:58:36.000Z</time>
        <extensions>
          <ns3:TrackPointExtension>
            <ns3:hr>89</ns3:hr>
            <ns3:cad>78</ns3:cad>
          </ns3:TrackPointExtension>
        </extensions>
      </trkpt>
      <trkpt lat="31.263062171638011932373046875" lon="121.53154291212558746337890625">
        <ele>7.599999904632568359375</ele>
        <time>2026-09-01T06:58:37.000Z</time>
        <extensions>
          <ns3:TrackPointExtension>
            <ns3:hr>95</ns3:hr>
            <ns3:cad>79</ns3:cad>
          </ns3:TrackPointExtension>
        </extensions>
      </trkpt>
      <trkpt lat="31.263072900474071502685546875" lon="121.5315665490925312042236328125">
        <ele>8</ele>
        <time>2026-09-01T06:58:38.000Z</time>
        <extensions>
          <ns3:TrackPointExtension>
            <ns3:hr>94</ns3:hr>
            <ns3:cad>80</ns3:cad>
          </ns3:TrackPointExtension>
        </extensions>
      </trkpt>
      <trkpt lat="31.2630831263959407806396484375" lon="121.5315864980220794677734375">
        <ele>8.19999980926513671875</ele>
        <time>2026-09-01T06:58:39.000Z</time>
        <extensions>
          <ns3:TrackPointExtension>
            <ns3:hr>96</ns3:hr>
            <ns3:cad>81</ns3:cad>
          </ns3:TrackPointExtension>
        </extensions>
      </trkpt>
      <trkpt lat="31.2631039135158061981201171875" lon="121.53163167648017406463623046875">
        <ele>9</ele>
        <time>2026-09-01T06:58:41.000Z</time>
        <extensions>
          <ns3:TrackPointExtension>
            <ns3:hr>99</ns3:hr>
            <ns3:cad>82</ns3:cad>
          </ns3:TrackPointExtension>
        </extensions>
      </trkpt>
      <trkpt lat="31.2631280533969402313232421875" lon="121.5316802076995372772216796875">
        <ele>9.6000003814697265625</ele>
        <time>2026-09-01T06:58:43.000Z</time>
        <extensions>
          <ns3:TrackPointExtension>
            <ns3:hr>103</ns3:hr>
            <ns3:cad>80</ns3:cad>
          </ns3:TrackPointExtension>
        </extensions>
      </trkpt>
      <trkpt lat="31.2631810270249843597412109375" lon="121.5317653678357601165771484375">
        <ele>11</ele>
        <time>2026-09-01T06:58:47.000Z</time>
        <extensions>
          <ns3:TrackPointExtension>
            <ns3:hr>106</ns3:hr>
            <ns3:cad>81</ns3:cad>
          </ns3:TrackPointExtension>
        </extensions>
      </trkpt>
      <trkpt lat="31.2632068432867527008056640625" lon="121.5318119712173938751220703125">
        <ele>11.6000003814697265625</ele>
        <time>2026-09-01T06:58:49.000Z</time>
        <extensions>
          <ns3:TrackPointExtension>
            <ns3:hr>106</ns3:hr>
            <ns3:cad>81</ns3:cad>
          </ns3:TrackPointExtension>
        </extensions>
      </trkpt>
      <trkpt lat="31.26332444138824939727783203125" lon="121.53200366534292697906494140625">
        <ele>12.6000003814697265625</ele>
        <time>2026-09-01T06:58:58.000Z</time>
        <extensions>
          <ns3:TrackPointExtension>
            <ns3:hr>107</ns3:hr>
            <ns3:cad>82</ns3:cad>
          </ns3:TrackPointExtension>
        </extensions>
      </trkpt>
      <trkpt lat="31.26334673725068569183349609375" lon="121.53204448521137237548828125">
        <ele>12.80000019073486328125</ele>
        <time>2026-09-01T06:59:00.000Z</time>
        <extensions>
          <ns3:TrackPointExtension>
            <ns3:hr>108</ns3:hr>
            <ns3:cad>82</ns3:cad>
          </ns3:TrackPointExtension>
        </extensions>
      </trkpt>
      <trkpt lat="31.263384036719799041748046875" lon="121.5321028232574462890625">
        <ele>12.80000019073486328125</ele>
        <time>2026-09-01T06:59:03.000Z</time>
        <extensions>
          <ns3:TrackPointExtension>
            <ns3:hr>108</ns3:hr>
            <ns3:cad>82</ns3:cad>
          </ns3:TrackPointExtension>
        </extensions>
      </trkpt>
      <trkpt lat="31.263457797467708587646484375" lon="121.53222327120602130889892578125">
        <ele>11.3999996185302734375</ele>
        <time>2026-09-01T06:59:09.000Z</time>
        <extensions>
          <ns3:TrackPointExtension>
            <ns3:hr>110</ns3:hr>
            <ns3:cad>82</ns3:cad>
          </ns3:TrackPointExtension>
        </extensions>
      </trkpt>
      <trkpt lat="31.26348839141428470611572265625" lon="121.5322530269622802734375">
        <ele>11.19999980926513671875</ele>
        <time>2026-09-01T06:59:11.000Z</time>
        <extensions>
          <ns3:TrackPointExtension>
            <ns3:hr>113</ns3:hr>
            <ns3:cad>82</ns3:cad>
          </ns3:TrackPointExtension>
        </extensions>
      </trkpt>
      <trkpt lat="31.26356164924800395965576171875" lon="121.53237012214958667755126953125">
        <ele>10</ele>
        <time>2026-09-01T06:59:17.000Z</time>
        <extensions>
          <ns3:TrackPointExtension>
            <ns3:hr>113</ns3:hr>
            <ns3:cad>83</ns3:cad>
          </ns3:TrackPointExtension>
        </extensions>
      </trkpt>
      <trkpt lat="31.263652257621288299560546875" lon="121.53250188566744327545166015625">
        <ele>9.3999996185302734375</ele>
        <time>2026-09-01T06:59:25.000Z</time>
        <extensions>
          <ns3:TrackPointExtension>
            <ns3:hr>114</ns3:hr>
            <ns3:cad>83</ns3:cad>
          </ns3:TrackPointExtension>
        </extensions>
      </trkpt>
      <trkpt lat="31.263728030025959014892578125" lon="121.5325976908206939697265625">
        <ele>9.19999980926513671875</ele>
        <time>2026-09-01T06:59:30.000Z</time>
        <extensions>
          <ns3:TrackPointExtension>
            <ns3:hr>117</ns3:hr>
            <ns3:cad>81</ns3:cad>
          </ns3:TrackPointExtension>
        </extensions>
      </trkpt>
      <trkpt lat="31.26374579966068267822265625" lon="121.5326504968106746673583984375">
        <ele>8.80000019073486328125</ele>
        <time>2026-09-01T06:59:32.000Z</time>
        <extensions>
          <ns3:TrackPointExtension>
            <ns3:hr>118</ns3:hr>
            <ns3:cad>81</ns3:cad>
          </ns3:TrackPointExtension>
        </extensions>
      </trkpt>
      <trkpt lat="31.26382517628371715545654296875" lon="121.532842107117176055908203125">
        <ele>7.599999904632568359375</ele>
        <time>2026-09-01T06:59:40.000Z</time>
        <extensions>
          <ns3:TrackPointExtension>
            <ns3:hr>120</ns3:hr>
            <ns3:cad>82</ns3:cad>
          </ns3:TrackPointExtension>
        </extensions>
      </trkpt>
      <trkpt lat="31.2638415209949016571044921875" lon="121.532861553132534027099609375">
        <ele>7.599999904632568359375</ele>
        <time>2026-09-01T06:59:41.000Z</time>
        <extensions>
          <ns3:TrackPointExtension>
            <ns3:hr>120</ns3:hr>
            <ns3:cad>82</ns3:cad>
          </ns3:TrackPointExtension>
        </extensions>
      </trkpt>
      <trkpt lat="31.26393900252878665924072265625" lon="121.5330429375171661376953125">
        <ele>5.599999904632568359375</ele>
        <time>2026-09-01T06:59:49.000Z</time>
        <extensions>
          <ns3:TrackPointExtension>
            <ns3:hr>122</ns3:hr>
            <ns3:cad>82</ns3:cad>
          </ns3:TrackPointExtension>
        </extensions>
      </trkpt>
      <trkpt lat="31.26399247907102108001708984375" lon="121.53313790448009967803955078125">
        <ele>5</ele>
        <time>2026-09-01T06:59:53.000Z</time>
        <extensions>
          <ns3:TrackPointExtension>
            <ns3:hr>124</ns3:hr>
            <ns3:cad>82</ns3:cad>
          </ns3:TrackPointExtension>
        </extensions>
      </trkpt>
      <trkpt lat="31.264062635600566864013671875" lon="121.5332482941448688507080078125">
        <ele>4.80000019073486328125</ele>
        <time>2026-09-01T06:59:57.000Z</time>
        <extensions>
          <ns3:TrackPointExtension>
            <ns3:hr>127</ns3:hr>
            <ns3:cad>83</ns3:cad>
          </ns3:TrackPointExtension>
        </extensions>
      </trkpt>
      <trkpt lat="31.26417218707501888275146484375" lon="121.53343043290078639984130859375">
        <ele>4.80000019073486328125</ele>
        <time>2026-09-01T07:00:06.000Z</time>
        <extensions>
          <ns3:TrackPointExtension>
            <ns3:hr>127</ns3:hr>
            <ns3:cad>82</ns3:cad>
          </ns3:TrackPointExtension>
        </extensions>
      </trkpt>
      <trkpt lat="31.26425248570740222930908203125" lon="121.53361517004668712615966796875">
        <ele>6.19999980926513671875</ele>
        <time>2026-09-01T07:00:14.000Z</time>
        <extensions>
          <ns3:TrackPointExtension>
            <ns3:hr>127</ns3:hr>
            <ns3:cad>82</ns3:cad>
          </ns3:TrackPointExtension>
        </extensions>
      </trkpt>
      <trkpt lat="31.2642641365528106689453125" lon="121.533633358776569366455078125">
        <ele>6.400000095367431640625</ele>
        <time>2026-09-01T07:00:15.000Z</time>
        <extensions>
          <ns3:TrackPointExtension>
            <ns3:hr>127</ns3:hr>
            <ns3:cad>82</ns3:cad>
          </ns3:TrackPointExtension>
        </extensions>
      </trkpt>
      <trkpt lat="31.26431484706699848175048828125" lon="121.53363746590912342071533203125">
        <ele>6.599999904632568359375</ele>
        <time>2026-09-01T07:00:18.000Z</time>
        <extensions>
          <ns3:TrackPointExtension>
            <ns3:hr>128</ns3:hr>
            <ns3:cad>83</ns3:cad>
          </ns3:TrackPointExtension>
        </extensions>
      </trkpt>
      <trkpt lat="31.26445666886866092681884765625" lon="121.533652134239673614501953125">
        <ele>7.80000019073486328125</ele>
        <time>2026-09-01T07:00:25.000Z</time>
        <extensions>
          <ns3:TrackPointExtension>
            <ns3:hr>131</ns3:hr>
            <ns3:cad>82</ns3:cad>
          </ns3:TrackPointExtension>
        </extensions>
      </trkpt>
      <trkpt lat="31.26451903022825717926025390625" lon="121.53361869044601917266845703125">
        <ele>9</ele>
        <time>2026-09-01T07:00:28.000Z</time>
        <extensions>
          <ns3:TrackPointExtension>
            <ns3:hr>130</ns3:hr>
            <ns3:cad>83</ns3:cad>
          </ns3:TrackPointExtension>
        </extensions>
      </trkpt>
      <trkpt lat="31.26455171965062618255615234375" lon="121.5335815586149692535400390625">
        <ele>9.80000019073486328125</ele>
        <time>2026-09-01T07:00:30.000Z</time>
        <extensions>
          <ns3:TrackPointExtension>
            <ns3:hr>130</ns3:hr>
            <ns3:cad>83</ns3:cad>
          </ns3:TrackPointExtension>
        </extensions>
      </trkpt>
      <trkpt lat="31.26461911015212535858154296875" lon="121.53352162800729274749755859375">
        <ele>11.19999980926513671875</ele>
        <time>2026-09-01T07:00:34.000Z</time>
        <extensions>
          <ns3:TrackPointExtension>
            <ns3:hr>130</ns3:hr>
            <ns3:cad>82</ns3:cad>
          </ns3:TrackPointExtension>
        </extensions>
      </trkpt>
      <trkpt lat="31.2646344490349292755126953125" lon="121.5335017628967761993408203125">
        <ele>11.6000003814697265625</ele>
        <time>2026-09-01T07:00:35.000Z</time>
        <extensions>
          <ns3:TrackPointExtension>
            <ns3:hr>130</ns3:hr>
            <ns3:cad>83</ns3:cad>
          </ns3:TrackPointExtension>
        </extensions>
      </trkpt>
      <trkpt lat="31.26469639129936695098876953125" lon="121.533424817025661468505859375">
        <ele>13.19999980926513671875</ele>
        <time>2026-09-01T07:00:39.000Z</time>
        <extensions>
          <ns3:TrackPointExtension>
            <ns3:hr>130</ns3:hr>
            <ns3:cad>83</ns3:cad>
          </ns3:TrackPointExtension>
        </extensions>
      </trkpt>
      <trkpt lat="31.26479060389101505279541015625" lon="121.533317528665065765380859375">
        <ele>13.80000019073486328125</ele>
        <time>2026-09-01T07:00:44.000Z</time>
        <extensions>
          <ns3:TrackPointExtension>
            <ns3:hr>130</ns3:hr>
            <ns3:cad>82</ns3:cad>
          </ns3:TrackPointExtension>
        </extensions>
      </trkpt>
      <trkpt lat="31.264814324676990509033203125" lon="121.53330470435321331024169921875">
        <ele>13.3999996185302734375</ele>
        <time>2026-09-01T07:00:45.000Z</time>
        <extensions>
          <ns3:TrackPointExtension>
            <ns3:hr>131</ns3:hr>
            <ns3:cad>82</ns3:cad>
          </ns3:TrackPointExtension>
        </extensions>
      </trkpt>
      <trkpt lat="31.26489688642323017120361328125" lon="121.5332573466002941131591796875">
        <ele>13.3999996185302734375</ele>
        <time>2026-09-01T07:00:49.000Z</time>
        <extensions>
          <ns3:TrackPointExtension>
            <ns3:hr>131</ns3:hr>
            <ns3:cad>82</ns3:cad>
          </ns3:TrackPointExtension>
        </extensions>
      </trkpt>
      <trkpt lat="31.26503854058682918548583984375" lon="121.533218286931514739990234375">
        <ele>13.80000019073486328125</ele>
        <time>2026-09-01T07:00:55.000Z</time>
        <extensions>
          <ns3:TrackPointExtension>
            <ns3:hr>131</ns3:hr>
            <ns3:cad>83</ns3:cad>
          </ns3:TrackPointExtension>
        </extensions>
      </trkpt>
      <trkpt lat="31.26512202434241771697998046875" lon="121.533192135393619537353515625">
        <ele>14.19999980926513671875</ele>
        <time>2026-09-01T07:01:00.000Z</time>
        <extensions>
          <ns3:TrackPointExtension>
            <ns3:hr>132</ns3:hr>
            <ns3:cad>82</ns3:cad>
          </ns3:TrackPointExtension>
        </extensions>
      </trkpt>
      <trkpt lat="31.2651326693594455718994140625" lon="121.53318551369011402130126953125">
        <ele>14.3999996185302734375</ele>
        <time>2026-09-01T07:01:02.000Z</time>
        <extensions>
          <ns3:TrackPointExtension>
            <ns3:hr>133</ns3:hr>
            <ns3:cad>57</ns3:cad>
          </ns3:TrackPointExtension>
        </extensions>
      </trkpt>
      <trkpt lat="31.265167035162448883056640625" lon="121.5331985056400299072265625">
        <ele>14.3999996185302734375</ele>
        <time>2026-09-01T07:01:04.000Z</time>
        <extensions>
          <ns3:TrackPointExtension>
            <ns3:hr>132</ns3:hr>
            <ns3:cad>57</ns3:cad>
          </ns3:TrackPointExtension>
        </extensions>
      </trkpt>
      <trkpt lat="31.26519226469099521636962890625" lon="121.53319741599261760711669921875">
        <ele>14.3999996185302734375</ele>
        <time>2026-09-01T07:01:07.000Z</time>
        <extensions>
          <ns3:TrackPointExtension>
            <ns3:hr>129</ns3:hr>
            <ns3:cad>55</ns3:cad>
          </ns3:TrackPointExtension>
        </extensions>
      </trkpt>
      <trkpt lat="31.265198886394500732421875" lon="121.53318802826106548309326171875">
        <ele>14.6000003814697265625</ele>
        <time>2026-09-01T07:01:08.000Z</time>
        <extensions>
          <ns3:TrackPointExtension>
            <ns3:hr>127</ns3:hr>
            <ns3:cad>0</ns3:cad>
          </ns3:TrackPointExtension>
        </extensions>
      </trkpt>
      <trkpt lat="31.26520751975476741790771484375" lon="121.53318115510046482086181640625">
        <ele>14.6000003814697265625</ele>
        <time>2026-09-01T07:01:09.000Z</time>
        <extensions>
          <ns3:TrackPointExtension>
            <ns3:hr>126</ns3:hr>
            <ns3:cad>0</ns3:cad>
          </ns3:TrackPointExtension>
        </extensions>
      </trkpt>
      <trkpt lat="31.26522026024758815765380859375" lon="121.53315584175288677215576171875">
        <ele>15</ele>
        <time>2026-09-01T07:01:12.000Z</time>
        <extensions>
          <ns3:TrackPointExtension>
            <ns3:hr>125</ns3:hr>
            <ns3:cad>0</ns3:cad>
          </ns3:TrackPointExtension>
        </extensions>
      </trkpt>
      <trkpt lat="31.26522445119917392730712890625" lon="121.53314997442066669464111328125">
        <ele>15</ele>
        <time>2026-09-01T07:01:13.000Z</time>
        <extensions>
          <ns3:TrackPointExtension>
            <ns3:hr>124</ns3:hr>
            <ns3:cad>0</ns3:cad>
          </ns3:TrackPointExtension>
        </extensions>
      </trkpt>
      <trkpt lat="31.26523400656878948211669921875" lon="121.53315165080130100250244140625">
        <ele>15</ele>
        <time>2026-09-01T07:01:14.000Z</time>
        <extensions>
          <ns3:TrackPointExtension>
            <ns3:hr>123</ns3:hr>
            <ns3:cad>0</ns3:cad>
          </ns3:TrackPointExtension>
        </extensions>
      </trkpt>
      <trkpt lat="31.26528195105493068695068359375" lon="121.53317109681665897369384765625">
        <ele>15</ele>
        <time>2026-09-01T07:01:18.000Z</time>
        <extensions>
          <ns3:TrackPointExtension>
            <ns3:hr>123</ns3:hr>
            <ns3:cad>53</ns3:cad>
          </ns3:TrackPointExtension>
        </extensions>
      </trkpt>
      <trkpt lat="31.26530223526060581207275390625" lon="121.5331641398370265960693359375">
        <ele>15.19999980926513671875</ele>
        <time>2026-09-01T07:01:20.000Z</time>
        <extensions>
          <ns3:TrackPointExtension>
            <ns3:hr>123</ns3:hr>
            <ns3:cad>53</ns3:cad>
          </ns3:TrackPointExtension>
        </extensions>
      </trkpt>
      <trkpt lat="31.26531665213406085968017578125" lon="121.533147878944873809814453125">
        <ele>16</ele>
        <time>2026-09-01T07:01:22.000Z</time>
        <extensions>
          <ns3:TrackPointExtension>
            <ns3:hr>123</ns3:hr>
            <ns3:cad>0</ns3:cad>
          </ns3:TrackPointExtension>
        </extensions>
      </trkpt>
      <trkpt lat="31.26534246839582920074462890625" lon="121.53314477764070034027099609375">
        <ele>16</ele>
        <time>2026-09-01T07:01:25.000Z</time>
        <extensions>
          <ns3:TrackPointExtension>
            <ns3:hr>123</ns3:hr>
            <ns3:cad>47</ns3:cad>
          </ns3:TrackPointExtension>
        </extensions>
      </trkpt>
      <trkpt lat="31.26534665934741497039794921875" lon="121.5331126749515533447265625">
        <ele>16.6000003814697265625</ele>
        <time>2026-09-01T07:01:27.000Z</time>
        <extensions>
          <ns3:TrackPointExtension>
            <ns3:hr>123</ns3:hr>
            <ns3:cad>47</ns3:cad>
          </ns3:TrackPointExtension>
        </extensions>
      </trkpt>
      <trkpt lat="31.2653556279838085174560546875" lon="121.53309993445873260498046875">
        <ele>16.799999237060546875</ele>
        <time>2026-09-01T07:01:28.000Z</time>
        <extensions>
          <ns3:TrackPointExtension>
            <ns3:hr>122</ns3:hr>
            <ns3:cad>47</ns3:cad>
          </ns3:TrackPointExtension>
        </extensions>
      </trkpt>
      <trkpt lat="31.2653839588165283203125" lon="121.53307981789112091064453125">
        <ele>17.200000762939453125</ele>
        <time>2026-09-01T07:01:31.000Z</time>
        <extensions>
          <ns3:TrackPointExtension>
            <ns3:hr>119</ns3:hr>
            <ns3:cad>0</ns3:cad>
          </ns3:TrackPointExtension>
        </extensions>
      </trkpt>
      <trkpt lat="31.26539074815809726715087890625" lon="121.53306934051215648651123046875">
        <ele>17.3999996185302734375</ele>
        <time>2026-09-01T07:01:32.000Z</time>
        <extensions>
          <ns3:TrackPointExtension>
            <ns3:hr>118</ns3:hr>
            <ns3:cad>0</ns3:cad>
          </ns3:TrackPointExtension>
        </extensions>
      </trkpt>
      <trkpt lat="31.2654464878141880035400390625" lon="121.53300203382968902587890625">
        <ele>18.3999996185302734375</ele>
        <time>2026-09-01T07:01:39.000Z</time>
        <extensions>
          <ns3:TrackPointExtension>
            <ns3:hr>117</ns3:hr>
            <ns3:cad>0</ns3:cad>
          </ns3:TrackPointExtension>
        </extensions>
      </trkpt>
      <trkpt lat="31.26547892577946186065673828125" lon="121.5329730324447154998779296875">
        <ele>18.3999996185302734375</ele>
        <time>2026-09-01T07:01:43.000Z</time>
        <extensions>
          <ns3:TrackPointExtension>
            <ns3:hr>114</ns3:hr>
            <ns3:cad>0</ns3:cad>
          </ns3:TrackPointExtension>
        </extensions>
      </trkpt>
      <trkpt lat="31.2654662691056728363037109375" lon="121.532942019402980804443359375">
        <ele>19</ele>
        <time>2026-09-01T07:01:46.000Z</time>
        <extensions>
          <ns3:TrackPointExtension>
            <ns3:hr>112</ns3:hr>
            <ns3:cad>0</ns3:cad>
          </ns3:TrackPointExtension>
        </extensions>
      </trkpt>
      <trkpt lat="31.26546375453472137451171875" lon="121.5329197235405445098876953125">
        <ele>19.3999996185302734375</ele>
        <time>2026-09-01T07:01:50.000Z</time>
        <extensions>
          <ns3:TrackPointExtension>
            <ns3:hr>108</ns3:hr>
            <ns3:cad>0</ns3:cad>
          </ns3:TrackPointExtension>
        </extensions>
      </trkpt>
      <trkpt lat="31.2654639221727848052978515625" lon="121.53291963972151279449462890625">
        <ele>19.3999996185302734375</ele>
        <time>2026-09-01T07:01:52.000Z</time>
        <extensions>
          <ns3:TrackPointExtension>
            <ns3:hr>108</ns3:hr>
            <ns3:cad>0</ns3:cad>
          </ns3:TrackPointExtension>
        </extensions>
      </trkpt>
      <trkpt lat="31.265466101467609405517578125" lon="121.53292215429246425628662109375">
        <ele>19.3999996185302734375</ele>
        <time>2026-09-01T07:01:57.000Z</time>
        <extensions>
          <ns3:TrackPointExtension>
            <ns3:hr>105</ns3:hr>
            <ns3:cad>0</ns3:cad>
          </ns3:TrackPointExtension>
        </extensions>
      </trkpt>
      <trkpt lat="31.2654679454863071441650390625" lon="121.53292399831116199493408203125">
        <ele>19.200000762939453125</ele>
        <time>2026-09-01T07:01:59.000Z</time>
        <extensions>
          <ns3:TrackPointExtension>
            <ns3:hr>102</ns3:hr>
            <ns3:cad>0</ns3:cad>
          </ns3:TrackPointExtension>
        </extensions>
      </trkpt>
      <trkpt lat="31.2654696218669414520263671875" lon="121.53292349539697170257568359375">
        <ele>19.200000762939453125</ele>
        <time>2026-09-01T07:02:02.000Z</time>
        <extensions>
          <ns3:TrackPointExtension>
            <ns3:hr>99</ns3:hr>
            <ns3:cad>0</ns3:cad>
          </ns3:TrackPointExtension>
        </extensions>
      </trkpt>
      <trkpt lat="31.2654696218669414520263671875" lon="121.53292349539697170257568359375">
        <ele>19.200000762939453125</ele>
        <time>2026-09-01T07:02:05.000Z</time>
        <extensions>
          <ns3:TrackPointExtension>
            <ns3:hr>100</ns3:hr>
            <ns3:cad>0</ns3:cad>
          </ns3:TrackPointExtension>
        </extensions>
      </trkpt>
      <trkpt lat="31.2654696218669414520263671875" lon="121.53292349539697170257568359375">
        <ele>19.200000762939453125</ele>
        <time>2026-09-01T07:02:10.000Z</time>
        <extensions>
          <ns3:TrackPointExtension>
            <ns3:hr>103</ns3:hr>
            <ns3:cad>0</ns3:cad>
          </ns3:TrackPointExtension>
        </extensions>
      </trkpt>
      <trkpt lat="31.26550021581351757049560546875" lon="121.532923914492130279541015625">
        <ele>19</ele>
        <time>2026-09-01T07:02:16.000Z</time>
        <extensions>
          <ns3:TrackPointExtension>
            <ns3:hr>103</ns3:hr>
            <ns3:cad>53</ns3:cad>
          </ns3:TrackPointExtension>
        </extensions>
      </trkpt>
      <trkpt lat="31.265539862215518951416015625" lon="121.532921232283115386962890625">
        <ele>18.6000003814697265625</ele>
        <time>2026-09-01T07:02:19.000Z</time>
        <extensions>
          <ns3:TrackPointExtension>
            <ns3:hr>103</ns3:hr>
            <ns3:cad>53</ns3:cad>
          </ns3:TrackPointExtension>
        </extensions>
      </trkpt>
      <trkpt lat="31.26557179726660251617431640625" lon="121.5329227410256862640380859375">
        <ele>18.200000762939453125</ele>
        <time>2026-09-01T07:02:21.000Z</time>
        <extensions>
          <ns3:TrackPointExtension>
            <ns3:hr>103</ns3:hr>
            <ns3:cad>53</ns3:cad>
          </ns3:TrackPointExtension>
        </extensions>
      </trkpt>
      <trkpt lat="31.265615634620189666748046875" lon="121.53293120674788951873779296875">
        <ele>17.799999237060546875</ele>
        <time>2026-09-01T07:02:25.000Z</time>
        <extensions>
          <ns3:TrackPointExtension>
            <ns3:hr>104</ns3:hr>
            <ns3:cad>55</ns3:cad>
          </ns3:TrackPointExtension>
        </extensions>
      </trkpt>
      <trkpt lat="31.2656255252659320831298828125" lon="121.53292785398662090301513671875">
        <ele>17.799999237060546875</ele>
        <time>2026-09-01T07:02:29.000Z</time>
        <extensions>
          <ns3:TrackPointExtension>
            <ns3:hr>105</ns3:hr>
            <ns3:cad>55</ns3:cad>
          </ns3:TrackPointExtension>
        </extensions>
      </trkpt>
      <trkpt lat="31.26561605371534824371337890625" lon="121.53296758420765399932861328125">
        <ele>17.3999996185302734375</ele>
        <time>2026-09-01T07:02:33.000Z</time>
        <extensions>
          <ns3:TrackPointExtension>
            <ns3:hr>105</ns3:hr>
            <ns3:cad>0</ns3:cad>
          </ns3:TrackPointExtension>
        </extensions>
      </trkpt>
      <trkpt lat="31.26560532487928867340087890625" lon="121.53299725614488124847412109375">
        <ele>16.799999237060546875</ele>
        <time>2026-09-01T07:02:35.000Z</time>
        <extensions>
          <ns3:TrackPointExtension>
            <ns3:hr>105</ns3:hr>
            <ns3:cad>0</ns3:cad>
          </ns3:TrackPointExtension>
        </extensions>
      </trkpt>
      <trkpt lat="31.26565695740282535552978515625" lon="121.533054001629352569580078125">
        <ele>16.200000762939453125</ele>
        <time>2026-09-01T07:02:38.000Z</time>
        <extensions>
          <ns3:TrackPointExtension>
            <ns3:hr>106</ns3:hr>
            <ns3:cad>82</ns3:cad>
          </ns3:TrackPointExtension>
        </extensions>
      </trkpt>
      <trkpt lat="31.26575318165123462677001953125" lon="121.53312633745372295379638671875">
        <ele>15.6000003814697265625</ele>
        <time>2026-09-01T07:02:43.000Z</time>
        <extensions>
          <ns3:TrackPointExtension>
            <ns3:hr>108</ns3:hr>
            <ns3:cad>82</ns3:cad>
          </ns3:TrackPointExtension>
        </extensions>
      </trkpt>
      <trkpt lat="31.2657715380191802978515625" lon="121.53314729221165180206298828125">
        <ele>15.19999980926513671875</ele>
        <time>2026-09-01T07:02:44.000Z</time>
        <extensions>
          <ns3:TrackPointExtension>
            <ns3:hr>109</ns3:hr>
            <ns3:cad>82</ns3:cad>
          </ns3:TrackPointExtension>
        </extensions>
      </trkpt>
      <trkpt lat="31.26587815582752227783203125" lon="121.5332623757421970367431640625">
        <ele>15.3999996185302734375</ele>
        <time>2026-09-01T07:02:50.000Z</time>
        <extensions>
          <ns3:TrackPointExtension>
            <ns3:hr>112</ns3:hr>
            <ns3:cad>83</ns3:cad>
          </ns3:TrackPointExtension>
        </extensions>
      </trkpt>
      <trkpt lat="31.26595300622284412384033203125" lon="121.5332888625562191009521484375">
        <ele>15.19999980926513671875</ele>
        <time>2026-09-01T07:02:52.000Z</time>
        <extensions>
          <ns3:TrackPointExtension>
            <ns3:hr>112</ns3:hr>
            <ns3:cad>83</ns3:cad>
          </ns3:TrackPointExtension>
        </extensions>
      </trkpt>
      <trkpt lat="31.2659913115203380584716796875" lon="121.53330856002867221832275390625">
        <ele>15</ele>
        <time>2026-09-01T07:02:53.000Z</time>
        <extensions>
          <ns3:TrackPointExtension>
            <ns3:hr>115</ns3:hr>
            <ns3:cad>83</ns3:cad>
          </ns3:TrackPointExtension>
        </extensions>
      </trkpt>
      <trkpt lat="31.2660156190395355224609375" lon="121.53332700021564960479736328125">
        <ele>15</ele>
        <time>2026-09-01T07:02:54.000Z</time>
        <extensions>
          <ns3:TrackPointExtension>
            <ns3:hr>112</ns3:hr>
            <ns3:cad>83</ns3:cad>
          </ns3:TrackPointExtension>
        </extensions>
      </trkpt>
      <trkpt lat="31.26609407365322113037109375" lon="121.533398330211639404296875">
        <ele>15</ele>
        <time>2026-09-01T07:02:57.000Z</time>
        <extensions>
          <ns3:TrackPointExtension>
            <ns3:hr>112</ns3:hr>
            <ns3:cad>83</ns3:cad>
          </ns3:TrackPointExtension>
        </extensions>
      </trkpt>
      <trkpt lat="31.266242600977420806884765625" lon="121.53350654058158397674560546875">
        <ele>13.3999996185302734375</ele>
        <time>2026-09-01T07:03:02.000Z</time>
        <extensions>
          <ns3:TrackPointExtension>
            <ns3:hr>115</ns3:hr>
            <ns3:cad>83</ns3:cad>
          </ns3:TrackPointExtension>
        </extensions>
      </trkpt>
      <trkpt lat="31.26630655489861965179443359375" lon="121.5335525572299957275390625">
        <ele>12.19999980926513671875</ele>
        <time>2026-09-01T07:03:04.000Z</time>
        <extensions>
          <ns3:TrackPointExtension>
            <ns3:hr>116</ns3:hr>
            <ns3:cad>83</ns3:cad>
          </ns3:TrackPointExtension>
        </extensions>
      </trkpt>
      <trkpt lat="31.2664774619042873382568359375" lon="121.5336626954376697540283203125">
        <ele>9.3999996185302734375</ele>
        <time>2026-09-01T07:03:09.000Z</time>
        <extensions>
          <ns3:TrackPointExtension>
            <ns3:hr>119</ns3:hr>
            <ns3:cad>82</ns3:cad>
          </ns3:TrackPointExtension>
        </extensions>
      </trkpt>
      <trkpt lat="31.26648408360779285430908203125" lon="121.533698737621307373046875">
        <ele>9</ele>
        <time>2026-09-01T07:03:10.000Z</time>
        <extensions>
          <ns3:TrackPointExtension>
            <ns3:hr>120</ns3:hr>
            <ns3:cad>82</ns3:cad>
          </ns3:TrackPointExtension>
        </extensions>
      </trkpt>
      <trkpt lat="31.266597323119640350341796875" lon="121.53387953527271747589111328125">
        <ele>7.80000019073486328125</ele>
        <time>2026-09-01T07:03:18.000Z</time>
        <extensions>
          <ns3:TrackPointExtension>
            <ns3:hr>119</ns3:hr>
            <ns3:cad>83</ns3:cad>
          </ns3:TrackPointExtension>
        </extensions>
      </trkpt>
      <trkpt lat="31.26661098562180995941162109375" lon="121.5338863246142864227294921875">
        <ele>7.80000019073486328125</ele>
        <time>2026-09-01T07:03:19.000Z</time>
        <extensions>
          <ns3:TrackPointExtension>
            <ns3:hr>119</ns3:hr>
            <ns3:cad>83</ns3:cad>
          </ns3:TrackPointExtension>
        </extensions>
      </trkpt>
      <trkpt lat="31.26664769835770130157470703125" lon="121.5339066088199615478515625">
        <ele>7.400000095367431640625</ele>
        <time>2026-09-01T07:03:22.000Z</time>
        <extensions>
          <ns3:TrackPointExtension>
            <ns3:hr>120</ns3:hr>
            <ns3:cad>83</ns3:cad>
          </ns3:TrackPointExtension>
        </extensions>
      </trkpt>
      <trkpt lat="31.2666834890842437744140625" lon="121.53394357301294803619384765625">
        <ele>7.19999980926513671875</ele>
        <time>2026-09-01T07:03:25.000Z</time>
        <extensions>
          <ns3:TrackPointExtension>
            <ns3:hr>120</ns3:hr>
            <ns3:cad>83</ns3:cad>
          </ns3:TrackPointExtension>
        </extensions>
      </trkpt>
      <trkpt lat="31.2667520530521869659423828125" lon="121.53399168513715267181396484375">
        <ele>6.80000019073486328125</ele>
        <time>2026-09-01T07:03:29.000Z</time>
        <extensions>
          <ns3:TrackPointExtension>
            <ns3:hr>123</ns3:hr>
            <ns3:cad>83</ns3:cad>
          </ns3:TrackPointExtension>
        </extensions>
      </trkpt>
      <trkpt lat="31.26681558787822723388671875" lon="121.53403426520526409149169921875">
        <ele>6.599999904632568359375</ele>
        <time>2026-09-01T07:03:32.000Z</time>
        <extensions>
          <ns3:TrackPointExtension>
            <ns3:hr>125</ns3:hr>
            <ns3:cad>83</ns3:cad>
          </ns3:TrackPointExtension>
        </extensions>
      </trkpt>
      <trkpt lat="31.26697995699942111968994140625" lon="121.53416602872312068939208984375">
        <ele>7</ele>
        <time>2026-09-01T07:03:39.000Z</time>
        <extensions>
          <ns3:TrackPointExtension>
            <ns3:hr>125</ns3:hr>
            <ns3:cad>83</ns3:cad>
          </ns3:TrackPointExtension>
        </extensions>
      </trkpt>
      <trkpt lat="31.26702220179140567779541015625" lon="121.534208357334136962890625">
        <ele>7.19999980926513671875</ele>
        <time>2026-09-01T07:03:42.000Z</time>
        <extensions>
          <ns3:TrackPointExtension>
            <ns3:hr>125</ns3:hr>
            <ns3:cad>83</ns3:cad>
          </ns3:TrackPointExtension>
        </extensions>
      </trkpt>
      <trkpt lat="31.267174668610095977783203125" lon="121.53436266817152500152587890625">
        <ele>7.400000095367431640625</ele>
        <time>2026-09-01T07:03:48.000Z</time>
        <extensions>
          <ns3:TrackPointExtension>
            <ns3:hr>128</ns3:hr>
            <ns3:cad>83</ns3:cad>
          </ns3:TrackPointExtension>
        </extensions>
      </trkpt>
      <trkpt lat="31.26721079461276531219482421875" lon="121.5344234369695186614990234375">
        <ele>7.19999980926513671875</ele>
        <time>2026-09-01T07:03:50.000Z</time>
        <extensions>
          <ns3:TrackPointExtension>
            <ns3:hr>128</ns3:hr>
            <ns3:cad>83</ns3:cad>
          </ns3:TrackPointExtension>
        </extensions>
      </trkpt>
      <trkpt lat="31.267285645008087158203125" lon="121.53463440947234630584716796875">
        <ele>7.19999980926513671875</ele>
        <time>2026-09-01T07:03:58.000Z</time>
        <extensions>
          <ns3:TrackPointExtension>
            <ns3:hr>128</ns3:hr>
            <ns3:cad>81</ns3:cad>
          </ns3:TrackPointExtension>
        </extensions>
      </trkpt>
      <trkpt lat="31.26731556840240955352783203125" lon="121.53466911055147647857666015625">
        <ele>7.19999980926513671875</ele>
        <time>2026-09-01T07:04:00.000Z</time>
        <extensions>
          <ns3:TrackPointExtension>
            <ns3:hr>128</ns3:hr>
            <ns3:cad>82</ns3:cad>
          </ns3:TrackPointExtension>
        </extensions>
      </trkpt>
      <trkpt lat="31.26742503605782985687255859375" lon="121.5348603017628192901611328125">
        <ele>8</ele>
        <time>2026-09-01T07:04:08.000Z</time>
        <extensions>
          <ns3:TrackPointExtension>
            <ns3:hr>128</ns3:hr>
            <ns3:cad>82</ns3:cad>
          </ns3:TrackPointExtension>
        </extensions>
      </trkpt>
      <trkpt lat="31.267459653317928314208984375" lon="121.5349226631224155426025390625">
        <ele>8</ele>
        <time>2026-09-01T07:04:11.000Z</time>
        <extensions>
          <ns3:TrackPointExtension>
            <ns3:hr>128</ns3:hr>
            <ns3:cad>82</ns3:cad>
          </ns3:TrackPointExtension>
        </extensions>
      </trkpt>
      <trkpt lat="31.2675875611603260040283203125" lon="121.53508904390037059783935546875">
        <ele>7.80000019073486328125</ele>
        <time>2026-09-01T07:04:20.000Z</time>
        <extensions>
          <ns3:TrackPointExtension>
            <ns3:hr>130</ns3:hr>
            <ns3:cad>83</ns3:cad>
          </ns3:TrackPointExtension>
        </extensions>
      </trkpt>
      <trkpt lat="31.26772762276232242584228515625" lon="121.535254754126071929931640625">
        <ele>7.19999980926513671875</ele>
        <time>2026-09-01T07:04:29.000Z</time>
        <extensions>
          <ns3:TrackPointExtension>
            <ns3:hr>131</ns3:hr>
            <ns3:cad>83</ns3:cad>
          </ns3:TrackPointExtension>
        </extensions>
      </trkpt>
      <trkpt lat="31.2678557820618152618408203125" lon="121.53541744686663150787353515625">
        <ele>7.400000095367431640625</ele>
        <time>2026-09-01T07:04:38.000Z</time>
        <extensions>
          <ns3:TrackPointExtension>
            <ns3:hr>131</ns3:hr>
            <ns3:cad>83</ns3:cad>
          </ns3:TrackPointExtension>
        </extensions>
      </trkpt>
      <trkpt lat="31.267881095409393310546875" lon="121.5354502201080322265625">
        <ele>8.19999980926513671875</ele>
        <time>2026-09-01T07:04:40.000Z</time>
        <extensions>
          <ns3:TrackPointExtension>
            <ns3:hr>131</ns3:hr>
            <ns3:cad>82</ns3:cad>
          </ns3:TrackPointExtension>
        </extensions>
      </trkpt>
      <trkpt lat="31.2679798342287540435791015625" lon="121.5355429239571094512939453125">
        <ele>11.3999996185302734375</ele>
        <time>2026-09-01T07:04:46.000Z</time>
        <extensions>
          <ns3:TrackPointExtension>
            <ns3:hr>132</ns3:hr>
            <ns3:cad>82</ns3:cad>
          </ns3:TrackPointExtension>
        </extensions>
      </trkpt>
      <trkpt lat="31.26810732297599315643310546875" lon="121.535706035792827606201171875">
        <ele>16</ele>
        <time>2026-09-01T07:04:55.000Z</time>
        <extensions>
          <ns3:TrackPointExtension>
            <ns3:hr>133</ns3:hr>
            <ns3:cad>83</ns3:cad>
          </ns3:TrackPointExtension>
        </extensions>
      </trkpt>
      <trkpt lat="31.268213689327239990234375" lon="121.5357923693954944610595703125">
        <ele>19.200000762939453125</ele>
        <time>2026-09-01T07:05:01.000Z</time>
        <extensions>
          <ns3:TrackPointExtension>
            <ns3:hr>133</ns3:hr>
            <ns3:cad>83</ns3:cad>
          </ns3:TrackPointExtension>
        </extensions>
      </trkpt>
      <trkpt lat="31.26837529242038726806640625" lon="121.53590954840183258056640625">
        <ele>23.799999237060546875</ele>
        <time>2026-09-01T07:05:08.000Z</time>
        <extensions>
          <ns3:TrackPointExtension>
            <ns3:hr>133</ns3:hr>
            <ns3:cad>82</ns3:cad>
          </ns3:TrackPointExtension>
        </extensions>
      </trkpt>
      <trkpt lat="31.26840588636696338653564453125" lon="121.535962186753749847412109375">
        <ele>23.799999237060546875</ele>
        <time>2026-09-01T07:05:10.000Z</time>
        <extensions>
          <ns3:TrackPointExtension>
            <ns3:hr>133</ns3:hr>
            <ns3:cad>83</ns3:cad>
          </ns3:TrackPointExtension>
        </extensions>
      </trkpt>
      <trkpt lat="31.268483586609363555908203125" lon="121.53603427112102508544921875">
        <ele>21.3999996185302734375</ele>
        <time>2026-09-01T07:05:16.000Z</time>
        <extensions>
          <ns3:TrackPointExtension>
            <ns3:hr>133</ns3:hr>
            <ns3:cad>80</ns3:cad>
          </ns3:TrackPointExtension>
        </extensions>
      </trkpt>
      <trkpt lat="31.2685243226587772369384765625" lon="121.53608330525457859039306640625">
        <ele>20.200000762939453125</ele>
        <time>2026-09-01T07:05:23.000Z</time>
        <extensions>
          <ns3:TrackPointExtension>
            <ns3:hr>132</ns3:hr>
            <ns3:cad>0</ns3:cad>
          </ns3:TrackPointExtension>
        </extensions>
      </trkpt>
      <trkpt lat="31.26850814558565616607666015625" lon="121.53617508709430694580078125">
        <ele>19</ele>
        <time>2026-09-01T07:05:30.000Z</time>
        <extensions>
          <ns3:TrackPointExtension>
            <ns3:hr>132</ns3:hr>
            <ns3:cad>0</ns3:cad>
          </ns3:TrackPointExtension>
        </extensions>
      </trkpt>
      <trkpt lat="31.26845098100602626800537109375" lon="121.5362319163978099822998046875">
        <ele>17.6000003814697265625</ele>
        <time>2026-09-01T07:05:35.000Z</time>
        <extensions>
          <ns3:TrackPointExtension>
            <ns3:hr>131</ns3:hr>
            <ns3:cad>53</ns3:cad>
          </ns3:TrackPointExtension>
        </extensions>
      </trkpt>
      <trkpt lat="31.268428601324558258056640625" lon="121.53626083396375179290771484375">
        <ele>16.799999237060546875</ele>
        <time>2026-09-01T07:05:37.000Z</time>
        <extensions>
          <ns3:TrackPointExtension>
            <ns3:hr>130</ns3:hr>
            <ns3:cad>53</ns3:cad>
          </ns3:TrackPointExtension>
        </extensions>
      </trkpt>
      <trkpt lat="31.26840035431087017059326171875" lon="121.53633534908294677734375">
        <ele>15.80000019073486328125</ele>
        <time>2026-09-01T07:05:42.000Z</time>
        <extensions>
          <ns3:TrackPointExtension>
            <ns3:hr>127</ns3:hr>
            <ns3:cad>0</ns3:cad>
          </ns3:TrackPointExtension>
        </extensions>
      </trkpt>
      <trkpt lat="31.268389709293842315673828125" lon="121.53635856695473194122314453125">
        <ele>15.6000003814697265625</ele>
        <time>2026-09-01T07:05:44.000Z</time>
        <extensions>
          <ns3:TrackPointExtension>
            <ns3:hr>126</ns3:hr>
            <ns3:cad>0</ns3:cad>
          </ns3:TrackPointExtension>
        </extensions>
      </trkpt>
      <trkpt lat="31.2683657370507717132568359375" lon="121.53638186864554882049560546875">
        <ele>15</ele>
        <time>2026-09-01T07:05:46.000Z</time>
        <extensions>
          <ns3:TrackPointExtension>
            <ns3:hr>124</ns3:hr>
            <ns3:cad>0</ns3:cad>
          </ns3:TrackPointExtension>
        </extensions>
      </trkpt>
      <trkpt lat="31.26835475675761699676513671875" lon="121.53641975484788417816162109375">
        <ele>14.19999980926513671875</ele>
        <time>2026-09-01T07:05:48.000Z</time>
        <extensions>
          <ns3:TrackPointExtension>
            <ns3:hr>123</ns3:hr>
            <ns3:cad>0</ns3:cad>
          </ns3:TrackPointExtension>
        </extensions>
      </trkpt>
      <trkpt lat="31.2683399207890033721923828125" lon="121.5364642627537250518798828125">
        <ele>13.19999980926513671875</ele>
        <time>2026-09-01T07:05:50.000Z</time>
        <extensions>
          <ns3:TrackPointExtension>
            <ns3:hr>123</ns3:hr>
            <ns3:cad>0</ns3:cad>
          </ns3:TrackPointExtension>
        </extensions>
      </trkpt>
      <trkpt lat="31.2683355621993541717529296875" lon="121.5364880673587322235107421875">
        <ele>12.80000019073486328125</ele>
        <time>2026-09-01T07:05:51.000Z</time>
        <extensions>
          <ns3:TrackPointExtension>
            <ns3:hr>123</ns3:hr>
            <ns3:cad>52</ns3:cad>
          </ns3:TrackPointExtension>
        </extensions>
      </trkpt>
      <trkpt lat="31.26825300045311450958251953125" lon="121.5366060845553874969482421875">
        <ele>15.80000019073486328125</ele>
        <time>2026-09-01T07:06:00.000Z</time>
        <extensions>
          <ns3:TrackPointExtension>
            <ns3:hr>121</ns3:hr>
            <ns3:cad>54</ns3:cad>
          </ns3:TrackPointExtension>
        </extensions>
      </trkpt>
      <trkpt lat="31.26821829937398433685302734375" lon="121.5366503410041332244873046875">
        <ele>17</ele>
        <time>2026-09-01T07:06:03.000Z</time>
        <extensions>
          <ns3:TrackPointExtension>
            <ns3:hr>117</ns3:hr>
            <ns3:cad>53</ns3:cad>
          </ns3:TrackPointExtension>
        </extensions>
      </trkpt>
      <trkpt lat="31.26820069737732410430908203125" lon="121.53667205013334751129150390625">
        <ele>17.6000003814697265625</ele>
        <time>2026-09-01T07:06:05.000Z</time>
        <extensions>
          <ns3:TrackPointExtension>
            <ns3:hr>114</ns3:hr>
            <ns3:cad>54</ns3:cad>
          </ns3:TrackPointExtension>
        </extensions>
      </trkpt>
      <trkpt lat="31.26818326301872730255126953125" lon="121.536693759262561798095703125">
        <ele>18.200000762939453125</ele>
        <time>2026-09-01T07:06:07.000Z</time>
        <extensions>
          <ns3:TrackPointExtension>
            <ns3:hr>111</ns3:hr>
            <ns3:cad>53</ns3:cad>
          </ns3:TrackPointExtension>
        </extensions>
      </trkpt>
      <trkpt lat="31.268169097602367401123046875" lon="121.5367175638675689697265625">
        <ele>18.6000003814697265625</ele>
        <time>2026-09-01T07:06:09.000Z</time>
        <extensions>
          <ns3:TrackPointExtension>
            <ns3:hr>108</ns3:hr>
            <ns3:cad>53</ns3:cad>
          </ns3:TrackPointExtension>
        </extensions>
      </trkpt>
      <trkpt lat="31.26814663410186767578125" lon="121.53673709370195865631103515625">
        <ele>19.200000762939453125</ele>
        <time>2026-09-01T07:06:11.000Z</time>
        <extensions>
          <ns3:TrackPointExtension>
            <ns3:hr>105</ns3:hr>
            <ns3:cad>53</ns3:cad>
          </ns3:TrackPointExtension>
        </extensions>
      </trkpt>
      <trkpt lat="31.268119476735591888427734375" lon="121.5367683582007884979248046875">
        <ele>20.200000762939453125</ele>
        <time>2026-09-01T07:06:15.000Z</time>
        <extensions>
          <ns3:TrackPointExtension>
            <ns3:hr>101</ns3:hr>
            <ns3:cad>52</ns3:cad>
          </ns3:TrackPointExtension>
        </extensions>
      </trkpt>
      <trkpt lat="31.26810816116631031036376953125" lon="121.53678637929260730743408203125">
        <ele>20.6000003814697265625</ele>
        <time>2026-09-01T07:06:17.000Z</time>
        <extensions>
          <ns3:TrackPointExtension>
            <ns3:hr>98</ns3:hr>
            <ns3:cad>52</ns3:cad>
          </ns3:TrackPointExtension>
        </extensions>
      </trkpt>
      <trkpt lat="31.26810179091989994049072265625" lon="121.53679744340479373931884765625">
        <ele>20.799999237060546875</ele>
        <time>2026-09-01T07:06:18.000Z</time>
        <extensions>
          <ns3:TrackPointExtension>
            <ns3:hr>97</ns3:hr>
            <ns3:cad>52</ns3:cad>
          </ns3:TrackPointExtension>
        </extensions>
      </trkpt>
      <trkpt lat="31.268070526421070098876953125" lon="121.53685527853667736053466796875">
        <ele>20.3999996185302734375</ele>
        <time>2026-09-01T07:06:23.000Z</time>
        <extensions>
          <ns3:TrackPointExtension>
            <ns3:hr>94</ns3:hr>
            <ns3:cad>52</ns3:cad>
          </ns3:TrackPointExtension>
        </extensions>
      </trkpt>
      <trkpt lat="31.26806122250854969024658203125" lon="121.5368731319904327392578125">
        <ele>20.200000762939453125</ele>
        <time>2026-09-01T07:06:25.000Z</time>
        <extensions>
          <ns3:TrackPointExtension>
            <ns3:hr>94</ns3:hr>
            <ns3:cad>54</ns3:cad>
          </ns3:TrackPointExtension>
        </extensions>
      </trkpt>
      <trkpt lat="31.26805837266147136688232421875" lon="121.53688260354101657867431640625">
        <ele>20</ele>
        <time>2026-09-01T07:06:26.000Z</time>
        <extensions>
          <ns3:TrackPointExtension>
            <ns3:hr>94</ns3:hr>
            <ns3:cad>54</ns3:cad>
          </ns3:TrackPointExtension>
        </extensions>
      </trkpt>
      <trkpt lat="31.2680381722748279571533203125" lon="121.5369416959583759307861328125">
        <ele>19.200000762939453125</ele>
        <time>2026-09-01T07:06:30.000Z</time>
        <extensions>
          <ns3:TrackPointExtension>
            <ns3:hr>92</ns3:hr>
            <ns3:cad>55</ns3:cad>
          </ns3:TrackPointExtension>
        </extensions>
      </trkpt>
      <trkpt lat="31.26803842373192310333251953125" lon="121.5369923226535320281982421875">
        <ele>18.3999996185302734375</ele>
        <time>2026-09-01T07:06:33.000Z</time>
        <extensions>
          <ns3:TrackPointExtension>
            <ns3:hr>91</ns3:hr>
            <ns3:cad>53</ns3:cad>
          </ns3:TrackPointExtension>
        </extensions>
      </trkpt>
      <trkpt lat="31.26803238876163959503173828125" lon="121.53704588301479816436767578125">
        <ele>18.3999996185302734375</ele>
        <time>2026-09-01T07:06:36.000Z</time>
        <extensions>
          <ns3:TrackPointExtension>
            <ns3:hr>91</ns3:hr>
            <ns3:cad>53</ns3:cad>
          </ns3:TrackPointExtension>
        </extensions>
      </trkpt>
      <trkpt lat="31.26802886836230754852294921875" lon="121.53706767596304416656494140625">
        <ele>18.799999237060546875</ele>
        <time>2026-09-01T07:06:39.000Z</time>
        <extensions>
          <ns3:TrackPointExtension>
            <ns3:hr>92</ns3:hr>
            <ns3:cad>52</ns3:cad>
          </ns3:TrackPointExtension>
        </extensions>
      </trkpt>
      <trkpt lat="31.26801453530788421630859375" lon="121.5370778180658817291259765625">
        <ele>19.200000762939453125</ele>
        <time>2026-09-01T07:06:44.000Z</time>
        <extensions>
          <ns3:TrackPointExtension>
            <ns3:hr>93</ns3:hr>
            <ns3:cad>51</ns3:cad>
          </ns3:TrackPointExtension>
        </extensions>
      </trkpt>
      <trkpt lat="31.26798477955162525177001953125" lon="121.53705443255603313446044921875">
        <ele>19.6000003814697265625</ele>
        <time>2026-09-01T07:06:49.000Z</time>
        <extensions>
          <ns3:TrackPointExtension>
            <ns3:hr>93</ns3:hr>
            <ns3:cad>51</ns3:cad>
          </ns3:TrackPointExtension>
        </extensions>
      </trkpt>
      <trkpt lat="31.26799634657800197601318359375" lon="121.5370292030274868011474609375">
        <ele>19.200000762939453125</ele>
        <time>2026-09-01T07:06:51.000Z</time>
        <extensions>
          <ns3:TrackPointExtension>
            <ns3:hr>93</ns3:hr>
            <ns3:cad>51</ns3:cad>
          </ns3:TrackPointExtension>
        </extensions>
      </trkpt>
      <trkpt lat="31.26802920363843441009521484375" lon="121.53696441091597080230712890625">
        <ele>18.799999237060546875</ele>
        <time>2026-09-01T07:06:56.000Z</time>
        <extensions>
          <ns3:TrackPointExtension>
            <ns3:hr>95</ns3:hr>
            <ns3:cad>53</ns3:cad>
          </ns3:TrackPointExtension>
        </extensions>
      </trkpt>
      <trkpt lat="31.268053762614727020263671875" lon="121.53691646642982959747314453125">
        <ele>19.6000003814697265625</ele>
        <time>2026-09-01T07:06:59.000Z</time>
        <extensions>
          <ns3:TrackPointExtension>
            <ns3:hr>95</ns3:hr>
            <ns3:cad>53</ns3:cad>
          </ns3:TrackPointExtension>
        </extensions>
      </trkpt>
      <trkpt lat="31.2681055627763271331787109375" lon="121.536842286586761474609375">
        <ele>20.6000003814697265625</ele>
        <time>2026-09-01T07:07:03.000Z</time>
        <extensions>
          <ns3:TrackPointExtension>
            <ns3:hr>95</ns3:hr>
            <ns3:cad>82</ns3:cad>
          </ns3:TrackPointExtension>
        </extensions>
      </trkpt>
      <trkpt lat="31.2681734561920166015625" lon="121.53672535903751850128173828125">
        <ele>18.799999237060546875</ele>
        <time>2026-09-01T07:07:09.000Z</time>
        <extensions>
          <ns3:TrackPointExtension>
            <ns3:hr>98</ns3:hr>
            <ns3:cad>81</ns3:cad>
          </ns3:TrackPointExtension>
        </extensions>
      </trkpt>
      <trkpt lat="31.26819952391088008880615234375" lon="121.5366855449974536895751953125">
        <ele>17.799999237060546875</ele>
        <time>2026-09-01T07:07:10.000Z</time>
        <extensions>
          <ns3:TrackPointExtension>
            <ns3:hr>102</ns3:hr>
            <ns3:cad>81</ns3:cad>
          </ns3:TrackPointExtension>
        </extensions>
      </trkpt>
      <trkpt lat="31.26823984086513519287109375" lon="121.53662343509495258331298828125">
        <ele>16.3999996185302734375</ele>
        <time>2026-09-01T07:07:14.000Z</time>
        <extensions>
          <ns3:TrackPointExtension>
            <ns3:hr>105</ns3:hr>
            <ns3:cad>82</ns3:cad>
          </ns3:TrackPointExtension>
        </extensions>
      </trkpt>
      <trkpt lat="31.2682825885713100433349609375" lon="121.5365688689053058624267578125">
        <ele>15</ele>
        <time>2026-09-01T07:07:17.000Z</time>
        <extensions>
          <ns3:TrackPointExtension>
            <ns3:hr>107</ns3:hr>
            <ns3:cad>82</ns3:cad>
          </ns3:TrackPointExtension>
        </extensions>
      </trkpt>
      <trkpt lat="31.26831854693591594696044921875" lon="121.53650810010731220245361328125">
        <ele>13.3999996185302734375</ele>
        <time>2026-09-01T07:07:20.000Z</time>
        <extensions>
          <ns3:TrackPointExtension>
            <ns3:hr>110</ns3:hr>
            <ns3:cad>83</ns3:cad>
          </ns3:TrackPointExtension>
        </extensions>
      </trkpt>
      <trkpt lat="31.2683553434908390045166015625" lon="121.53641472570598125457763671875">
        <ele>14.19999980926513671875</ele>
        <time>2026-09-01T07:07:24.000Z</time>
        <extensions>
          <ns3:TrackPointExtension>
            <ns3:hr>111</ns3:hr>
            <ns3:cad>82</ns3:cad>
          </ns3:TrackPointExtension>
        </extensions>
      </trkpt>
      <trkpt lat="31.2684683315455913543701171875" lon="121.53628413565456867218017578125">
        <ele>16.200000762939453125</ele>
        <time>2026-09-01T07:07:31.000Z</time>
        <extensions>
          <ns3:TrackPointExtension>
            <ns3:hr>113</ns3:hr>
            <ns3:cad>82</ns3:cad>
          </ns3:TrackPointExtension>
        </extensions>
      </trkpt>
      <trkpt lat="31.26849867403507232666015625" lon="121.5362798608839511871337890625">
        <ele>16.200000762939453125</ele>
        <time>2026-09-01T07:07:33.000Z</time>
        <extensions>
          <ns3:TrackPointExtension>
            <ns3:hr>113</ns3:hr>
            <ns3:cad>82</ns3:cad>
          </ns3:TrackPointExtension>
        </extensions>
      </trkpt>
      <trkpt lat="31.2685179524123668670654296875" lon="121.53625278733670711517333984375">
        <ele>16.799999237060546875</ele>
        <time>2026-09-01T07:07:36.000Z</time>
        <extensions>
          <ns3:TrackPointExtension>
            <ns3:hr>113</ns3:hr>
            <ns3:cad>0</ns3:cad>
          </ns3:TrackPointExtension>
        </extensions>
      </trkpt>
      <trkpt lat="31.2685367278754711151123046875" lon="121.5362285636365413665771484375">
        <ele>17.3999996185302734375</ele>
        <time>2026-09-01T07:07:41.000Z</time>
        <extensions>
          <ns3:TrackPointExtension>
            <ns3:hr>114</ns3:hr>
            <ns3:cad>55</ns3:cad>
          </ns3:TrackPointExtension>
        </extensions>
      </trkpt>
      <trkpt lat="31.26860730350017547607421875" lon="121.53616444207727909088134765625">
        <ele>17.3999996185302734375</ele>
        <time>2026-09-01T07:07:51.000Z</time>
        <extensions>
          <ns3:TrackPointExtension>
            <ns3:hr>115</ns3:hr>
            <ns3:cad>53</ns3:cad>
          </ns3:TrackPointExtension>
        </extensions>
      </trkpt>
      <trkpt lat="31.26865549944341182708740234375" lon="121.53609872795641422271728515625">
        <ele>15</ele>
        <time>2026-09-01T07:07:55.000Z</time>
        <extensions>
          <ns3:TrackPointExtension>
            <ns3:hr>113</ns3:hr>
            <ns3:cad>81</ns3:cad>
          </ns3:TrackPointExtension>
        </extensions>
      </trkpt>
      <trkpt lat="31.26875658519566059112548828125" lon="121.5359767712652683258056640625">
        <ele>12</ele>
        <time>2026-09-01T07:08:01.000Z</time>
        <extensions>
          <ns3:TrackPointExtension>
            <ns3:hr>112</ns3:hr>
            <ns3:cad>84</ns3:cad>
          </ns3:TrackPointExtension>
        </extensions>
      </trkpt>
      <trkpt lat="31.26885800622403621673583984375" lon="121.53582246042788028717041015625">
        <ele>10</ele>
        <time>2026-09-01T07:08:08.000Z</time>
        <extensions>
          <ns3:TrackPointExtension>
            <ns3:hr>111</ns3:hr>
            <ns3:cad>83</ns3:cad>
          </ns3:TrackPointExtension>
        </extensions>
      </trkpt>
      <trkpt lat="31.26895071007311344146728515625" lon="121.53566186316311359405517578125">
        <ele>10.3999996185302734375</ele>
        <time>2026-09-01T07:08:15.000Z</time>
        <extensions>
          <ns3:TrackPointExtension>
            <ns3:hr>112</ns3:hr>
            <ns3:cad>83</ns3:cad>
          </ns3:TrackPointExtension>
        </extensions>
      </trkpt>
      <trkpt lat="31.2690416537225246429443359375" lon="121.53553864918649196624755859375">
        <ele>11.6000003814697265625</ele>
        <time>2026-09-01T07:08:21.000Z</time>
        <extensions>
          <ns3:TrackPointExtension>
            <ns3:hr>114</ns3:hr>
            <ns3:cad>82</ns3:cad>
          </ns3:TrackPointExtension>
        </extensions>
      </trkpt>
      <trkpt lat="31.26919093541800975799560546875" lon="121.535422392189502716064453125">
        <ele>12.19999980926513671875</ele>
        <time>2026-09-01T07:08:28.000Z</time>
        <extensions>
          <ns3:TrackPointExtension>
            <ns3:hr>116</ns3:hr>
            <ns3:cad>82</ns3:cad>
          </ns3:TrackPointExtension>
        </extensions>
      </trkpt>
      <trkpt lat="31.2692354433238506317138671875" lon="121.5353709273040294647216796875">
        <ele>12</ele>
        <time>2026-09-01T07:08:31.000Z</time>
        <extensions>
          <ns3:TrackPointExtension>
            <ns3:hr>117</ns3:hr>
            <ns3:cad>82</ns3:cad>
          </ns3:TrackPointExtension>
        </extensions>
      </trkpt>
      <trkpt lat="31.26925782300531864166259765625" lon="121.53536640107631683349609375">
        <ele>11.80000019073486328125</ele>
        <time>2026-09-01T07:08:33.000Z</time>
        <extensions>
          <ns3:TrackPointExtension>
            <ns3:hr>118</ns3:hr>
            <ns3:cad>41</ns3:cad>
          </ns3:TrackPointExtension>
        </extensions>
      </trkpt>
      <trkpt lat="31.2692864052951335906982421875" lon="121.53538073413074016571044921875">
        <ele>11.6000003814697265625</ele>
        <time>2026-09-01T07:08:36.000Z</time>
        <extensions>
          <ns3:TrackPointExtension>
            <ns3:hr>119</ns3:hr>
            <ns3:cad>41</ns3:cad>
          </ns3:TrackPointExtension>
        </extensions>
      </trkpt>
      <trkpt lat="31.2693013250827789306640625" lon="121.53534234501421451568603515625">
        <ele>11.6000003814697265625</ele>
        <time>2026-09-01T07:08:40.000Z</time>
        <extensions>
          <ns3:TrackPointExtension>
            <ns3:hr>119</ns3:hr>
            <ns3:cad>53</ns3:cad>
          </ns3:TrackPointExtension>
        </extensions>
      </trkpt>
      <trkpt lat="31.2693397141993045806884765625" lon="121.5352435223758220672607421875">
        <ele>11.80000019073486328125</ele>
        <time>2026-09-01T07:08:45.000Z</time>
        <extensions>
          <ns3:TrackPointExtension>
            <ns3:hr>121</ns3:hr>
            <ns3:cad>54</ns3:cad>
          </ns3:TrackPointExtension>
        </extensions>
      </trkpt>
      <trkpt lat="31.26944289542734622955322265625" lon="121.53512659482657909393310546875">
        <ele>12.19999980926513671875</ele>
        <time>2026-09-01T07:08:51.000Z</time>
        <extensions>
          <ns3:TrackPointExtension>
            <ns3:hr>121</ns3:hr>
            <ns3:cad>82</ns3:cad>
          </ns3:TrackPointExtension>
        </extensions>
      </trkpt>
      <trkpt lat="31.26959024928510189056396484375" lon="121.53498611412942409515380859375">
        <ele>13.19999980926513671875</ele>
        <time>2026-09-01T07:08:59.000Z</time>
        <extensions>
          <ns3:TrackPointExtension>
            <ns3:hr>119</ns3:hr>
            <ns3:cad>82</ns3:cad>
          </ns3:TrackPointExtension>
        </extensions>
      </trkpt>
      <trkpt lat="31.269665099680423736572265625" lon="121.5348244272172451019287109375">
        <ele>14</ele>
        <time>2026-09-01T07:09:06.000Z</time>
        <extensions>
          <ns3:TrackPointExtension>
            <ns3:hr>118</ns3:hr>
            <ns3:cad>82</ns3:cad>
          </ns3:TrackPointExtension>
        </extensions>
      </trkpt>
      <trkpt lat="31.26975587569177150726318359375" lon="121.53470884077250957489013671875">
        <ele>13.6000003814697265625</ele>
        <time>2026-09-01T07:09:12.000Z</time>
        <extensions>
          <ns3:TrackPointExtension>
            <ns3:hr>119</ns3:hr>
            <ns3:cad>83</ns3:cad>
          </ns3:TrackPointExtension>
        </extensions>
      </trkpt>
      <trkpt lat="31.26984179019927978515625" lon="121.5345944277942180633544921875">
        <ele>13</ele>
        <time>2026-09-01T07:09:18.000Z</time>
        <extensions>
          <ns3:TrackPointExtension>
            <ns3:hr>119</ns3:hr>
            <ns3:cad>83</ns3:cad>
          </ns3:TrackPointExtension>
        </extensions>
      </trkpt>
      <trkpt lat="31.26996391452848911285400390625" lon="121.53454354964196681976318359375">
        <ele>13</ele>
        <time>2026-09-01T07:09:23.000Z</time>
        <extensions>
          <ns3:TrackPointExtension>
            <ns3:hr>122</ns3:hr>
            <ns3:cad>82</ns3:cad>
          </ns3:TrackPointExtension>
        </extensions>
      </trkpt>
      <trkpt lat="31.269986964762210845947265625" lon="121.534529216587543487548828125">
        <ele>13</ele>
        <time>2026-09-01T07:09:24.000Z</time>
        <extensions>
          <ns3:TrackPointExtension>
            <ns3:hr>123</ns3:hr>
            <ns3:cad>82</ns3:cad>
          </ns3:TrackPointExtension>
        </extensions>
      </trkpt>
      <trkpt lat="31.27004940994083881378173828125" lon="121.53444732539355754852294921875">
        <ele>13.6000003814697265625</ele>
        <time>2026-09-01T07:09:30.000Z</time>
        <extensions>
          <ns3:TrackPointExtension>
            <ns3:hr>124</ns3:hr>
            <ns3:cad>0</ns3:cad>
          </ns3:TrackPointExtension>
        </extensions>
      </trkpt>
      <trkpt lat="31.27009131945669651031494140625" lon="121.5343989618122577667236328125">
        <ele>13.6000003814697265625</ele>
        <time>2026-09-01T07:09:37.000Z</time>
        <extensions>
          <ns3:TrackPointExtension>
            <ns3:hr>124</ns3:hr>
            <ns3:cad>0</ns3:cad>
          </ns3:TrackPointExtension>
        </extensions>
      </trkpt>
      <trkpt lat="31.27014664001762866973876953125" lon="121.534395776689052581787109375">
        <ele>13.6000003814697265625</ele>
        <time>2026-09-01T07:09:42.000Z</time>
        <extensions>
          <ns3:TrackPointExtension>
            <ns3:hr>125</ns3:hr>
            <ns3:cad>53</ns3:cad>
          </ns3:TrackPointExtension>
        </extensions>
      </trkpt>
      <trkpt lat="31.270227693021297454833984375" lon="121.53451102785766124725341796875">
        <ele>13.19999980926513671875</ele>
        <time>2026-09-01T07:09:49.000Z</time>
        <extensions>
          <ns3:TrackPointExtension>
            <ns3:hr>125</ns3:hr>
            <ns3:cad>54</ns3:cad>
          </ns3:TrackPointExtension>
        </extensions>
      </trkpt>
      <trkpt lat="31.27026516012847423553466796875" lon="121.53452276252210140228271484375">
        <ele>13.19999980926513671875</ele>
        <time>2026-09-01T07:09:53.000Z</time>
        <extensions>
          <ns3:TrackPointExtension>
            <ns3:hr>121</ns3:hr>
            <ns3:cad>54</ns3:cad>
          </ns3:TrackPointExtension>
        </extensions>
      </trkpt>
      <trkpt lat="31.270262897014617919921875" lon="121.53453147970139980316162109375">
        <ele>13.19999980926513671875</ele>
        <time>2026-09-01T07:09:55.000Z</time>
        <extensions>
          <ns3:TrackPointExtension>
            <ns3:hr>117</ns3:hr>
            <ns3:cad>54</ns3:cad>
          </ns3:TrackPointExtension>
        </extensions>
      </trkpt>
      <trkpt lat="31.27026800997555255889892578125" lon="121.5345427952706813812255859375">
        <ele>13.19999980926513671875</ele>
        <time>2026-09-01T07:09:57.000Z</time>
        <extensions>
          <ns3:TrackPointExtension>
            <ns3:hr>113</ns3:hr>
            <ns3:cad>0</ns3:cad>
          </ns3:TrackPointExtension>
        </extensions>
      </trkpt>
      <trkpt lat="31.2702776491641998291015625" lon="121.5345759876072406768798828125">
        <ele>13</ele>
        <time>2026-09-01T07:10:00.000Z</time>
        <extensions>
          <ns3:TrackPointExtension>
            <ns3:hr>110</ns3:hr>
            <ns3:cad>0</ns3:cad>
          </ns3:TrackPointExtension>
        </extensions>
      </trkpt>
      <trkpt lat="31.2702902220189571380615234375" lon="121.53459518216550350189208984375">
        <ele>13</ele>
        <time>2026-09-01T07:10:02.000Z</time>
        <extensions>
          <ns3:TrackPointExtension>
            <ns3:hr>110</ns3:hr>
            <ns3:cad>0</ns3:cad>
          </ns3:TrackPointExtension>
        </extensions>
      </trkpt>
      <trkpt lat="31.2703311257064342498779296875" lon="121.5346495807170867919921875">
        <ele>13.3999996185302734375</ele>
        <time>2026-09-01T07:10:08.000Z</time>
        <extensions>
          <ns3:TrackPointExtension>
            <ns3:hr>108</ns3:hr>
            <ns3:cad>53</ns3:cad>
          </ns3:TrackPointExtension>
        </extensions>
      </trkpt>
      <trkpt lat="31.270347721874713897705078125" lon="121.53467715717852115631103515625">
        <ele>13.6000003814697265625</ele>
        <time>2026-09-01T07:10:11.000Z</time>
        <extensions>
          <ns3:TrackPointExtension>
            <ns3:hr>104</ns3:hr>
            <ns3:cad>0</ns3:cad>
          </ns3:TrackPointExtension>
        </extensions>
      </trkpt>
      <trkpt lat="31.27037311904132366180419921875" lon="121.53469408862292766571044921875">
        <ele>13.6000003814697265625</ele>
        <time>2026-09-01T07:10:14.000Z</time>
        <extensions>
          <ns3:TrackPointExtension>
            <ns3:hr>101</ns3:hr>
            <ns3:cad>52</ns3:cad>
          </ns3:TrackPointExtension>
        </extensions>
      </trkpt>
      <trkpt lat="31.270379237830638885498046875" lon="121.534701548516750335693359375">
        <ele>13.6000003814697265625</ele>
        <time>2026-09-01T07:10:15.000Z</time>
        <extensions>
          <ns3:TrackPointExtension>
            <ns3:hr>100</ns3:hr>
            <ns3:cad>0</ns3:cad>
          </ns3:TrackPointExtension>
        </extensions>
      </trkpt>
      <trkpt lat="31.27038099803030490875244140625" lon="121.53471529483795166015625">
        <ele>13.80000019073486328125</ele>
        <time>2026-09-01T07:10:17.000Z</time>
        <extensions>
          <ns3:TrackPointExtension>
            <ns3:hr>97</ns3:hr>
            <ns3:cad>0</ns3:cad>
          </ns3:TrackPointExtension>
        </extensions>
      </trkpt>
      <trkpt lat="31.27037915401160717010498046875" lon="121.5347225032746791839599609375">
        <ele>13.80000019073486328125</ele>
        <time>2026-09-01T07:10:23.000Z</time>
        <extensions>
          <ns3:TrackPointExtension>
            <ns3:hr>97</ns3:hr>
            <ns3:cad>0</ns3:cad>
          </ns3:TrackPointExtension>
        </extensions>
      </trkpt>
      <trkpt lat="31.2703820876777172088623046875" lon="121.53471705503761768341064453125">
        <ele>13.80000019073486328125</ele>
        <time>2026-09-01T07:10:31.000Z</time>
        <extensions>
          <ns3:TrackPointExtension>
            <ns3:hr>100</ns3:hr>
            <ns3:cad>0</ns3:cad>
          </ns3:TrackPointExtension>
        </extensions>
      </trkpt>
      <trkpt lat="31.2703740410506725311279296875" lon="121.53471286408603191375732421875">
        <ele>13.80000019073486328125</ele>
        <time>2026-09-01T07:10:56.000Z</time>
        <extensions>
          <ns3:TrackPointExtension>
            <ns3:hr>102</ns3:hr>
            <ns3:cad>51</ns3:cad>
          </ns3:TrackPointExtension>
        </extensions>
      </trkpt>
      <trkpt lat="31.27033372409641742706298828125" lon="121.53464497067034244537353515625">
        <ele>13.3999996185302734375</ele>
        <time>2026-09-01T07:11:02.000Z</time>
        <extensions>
          <ns3:TrackPointExtension>
            <ns3:hr>102</ns3:hr>
            <ns3:cad>53</ns3:cad>
          </ns3:TrackPointExtension>
        </extensions>
      </trkpt>
      <trkpt lat="31.27032349817454814910888671875" lon="121.53463357128202915191650390625">
        <ele>13.3999996185302734375</ele>
        <time>2026-09-01T07:11:03.000Z</time>
        <extensions>
          <ns3:TrackPointExtension>
            <ns3:hr>103</ns3:hr>
            <ns3:cad>53</ns3:cad>
          </ns3:TrackPointExtension>
        </extensions>
      </trkpt>
      <trkpt lat="31.270319558680057525634765625" lon="121.5346132032573223114013671875">
        <ele>13.19999980926513671875</ele>
        <time>2026-09-01T07:11:05.000Z</time>
        <extensions>
          <ns3:TrackPointExtension>
            <ns3:hr>105</ns3:hr>
            <ns3:cad>53</ns3:cad>
          </ns3:TrackPointExtension>
        </extensions>
      </trkpt>
      <trkpt lat="31.2702942453324794769287109375" lon="121.53456509113311767578125">
        <ele>13</ele>
        <time>2026-09-01T07:11:09.000Z</time>
        <extensions>
          <ns3:TrackPointExtension>
            <ns3:hr>107</ns3:hr>
            <ns3:cad>54</ns3:cad>
          </ns3:TrackPointExtension>
        </extensions>
      </trkpt>
      <trkpt lat="31.2702347338199615478515625" lon="121.53446023352444171905517578125">
        <ele>13</ele>
        <time>2026-09-01T07:11:14.000Z</time>
        <extensions>
          <ns3:TrackPointExtension>
            <ns3:hr>108</ns3:hr>
            <ns3:cad>82</ns3:cad>
          </ns3:TrackPointExtension>
        </extensions>
      </trkpt>
      <trkpt lat="31.27021838910877704620361328125" lon="121.5344127081334590911865234375">
        <ele>12.80000019073486328125</ele>
        <time>2026-09-01T07:11:15.000Z</time>
        <extensions>
          <ns3:TrackPointExtension>
            <ns3:hr>108</ns3:hr>
            <ns3:cad>82</ns3:cad>
          </ns3:TrackPointExtension>
        </extensions>
      </trkpt>
      <trkpt lat="31.27021838910877704620361328125" lon="121.5343875624239444732666015625">
        <ele>12.80000019073486328125</ele>
        <time>2026-09-01T07:11:17.000Z</time>
        <extensions>
          <ns3:TrackPointExtension>
            <ns3:hr>108</ns3:hr>
            <ns3:cad>82</ns3:cad>
          </ns3:TrackPointExtension>
        </extensions>
      </trkpt>
      <trkpt lat="31.27023448236286640167236328125" lon="121.5343357622623443603515625">
        <ele>12.19999980926513671875</ele>
        <time>2026-09-01T07:11:19.000Z</time>
        <extensions>
          <ns3:TrackPointExtension>
            <ns3:hr>109</ns3:hr>
            <ns3:cad>82</ns3:cad>
          </ns3:TrackPointExtension>
        </extensions>
      </trkpt>
      <trkpt lat="31.270284019410610198974609375" lon="121.5342688746750354766845703125">
        <ele>11.3999996185302734375</ele>
        <time>2026-09-01T07:11:22.000Z</time>
        <extensions>
          <ns3:TrackPointExtension>
            <ns3:hr>112</ns3:hr>
            <ns3:cad>82</ns3:cad>
          </ns3:TrackPointExtension>
        </extensions>
      </trkpt>
      <trkpt lat="31.27033020369708538055419921875" lon="121.53421129100024700164794921875">
        <ele>11</ele>
        <time>2026-09-01T07:11:25.000Z</time>
        <extensions>
          <ns3:TrackPointExtension>
            <ns3:hr>115</ns3:hr>
            <ns3:cad>82</ns3:cad>
          </ns3:TrackPointExtension>
        </extensions>
      </trkpt>
      <trkpt lat="31.27036071382462978363037109375" lon="121.534168459475040435791015625">
        <ele>10.80000019073486328125</ele>
        <time>2026-09-01T07:11:27.000Z</time>
        <extensions>
          <ns3:TrackPointExtension>
            <ns3:hr>118</ns3:hr>
            <ns3:cad>82</ns3:cad>
          </ns3:TrackPointExtension>
        </extensions>
      </trkpt>
      <trkpt lat="31.2704146094620227813720703125" lon="121.53412026353180408477783203125">
        <ele>10.6000003814697265625</ele>
        <time>2026-09-01T07:11:30.000Z</time>
        <extensions>
          <ns3:TrackPointExtension>
            <ns3:hr>121</ns3:hr>
            <ns3:cad>83</ns3:cad>
          </ns3:TrackPointExtension>
        </extensions>
      </trkpt>
      <trkpt lat="31.27044654451310634613037109375" lon="121.5340764261782169342041015625">
        <ele>9.80000019073486328125</ele>
        <time>2026-09-01T07:11:32.000Z</time>
        <extensions>
          <ns3:TrackPointExtension>
            <ns3:hr>122</ns3:hr>
            <ns3:cad>83</ns3:cad>
          </ns3:TrackPointExtension>
        </extensions>
      </trkpt>
      <trkpt lat="31.2705121748149394989013671875" lon="121.5339745022356510162353515625">
        <ele>8.19999980926513671875</ele>
        <time>2026-09-01T07:11:37.000Z</time>
        <extensions>
          <ns3:TrackPointExtension>
            <ns3:hr>126</ns3:hr>
            <ns3:cad>83</ns3:cad>
          </ns3:TrackPointExtension>
        </extensions>
      </trkpt>
      <trkpt lat="31.27055869437754154205322265625" lon="121.5339201875030994415283203125">
        <ele>7.80000019073486328125</ele>
        <time>2026-09-01T07:11:40.000Z</time>
        <extensions>
          <ns3:TrackPointExtension>
            <ns3:hr>127</ns3:hr>
            <ns3:cad>82</ns3:cad>
          </ns3:TrackPointExtension>
        </extensions>
      </trkpt>
      <trkpt lat="31.27068358473479747772216796875" lon="121.53378247283399105072021484375">
        <ele>7.599999904632568359375</ele>
        <time>2026-09-01T07:11:47.000Z</time>
        <extensions>
          <ns3:TrackPointExtension>
            <ns3:hr>129</ns3:hr>
            <ns3:cad>83</ns3:cad>
          </ns3:TrackPointExtension>
        </extensions>
      </trkpt>
      <trkpt lat="31.27073136158287525177001953125" lon="121.53371323831379413604736328125">
        <ele>7.400000095367431640625</ele>
        <time>2026-09-01T07:11:50.000Z</time>
        <extensions>
          <ns3:TrackPointExtension>
            <ns3:hr>132</ns3:hr>
            <ns3:cad>83</ns3:cad>
          </ns3:TrackPointExtension>
        </extensions>
      </trkpt>
      <trkpt lat="31.27074963413178920745849609375" lon="121.533691026270389556884765625">
        <ele>7.599999904632568359375</ele>
        <time>2026-09-01T07:11:51.000Z</time>
        <extensions>
          <ns3:TrackPointExtension>
            <ns3:hr>129</ns3:hr>
            <ns3:cad>83</ns3:cad>
          </ns3:TrackPointExtension>
        </extensions>
      </trkpt>
      <trkpt lat="31.27078953199088573455810546875" lon="121.53365691192448139190673828125">
        <ele>7.599999904632568359375</ele>
        <time>2026-09-01T07:11:53.000Z</time>
        <extensions>
          <ns3:TrackPointExtension>
            <ns3:hr>126</ns3:hr>
            <ns3:cad>83</ns3:cad>
          </ns3:TrackPointExtension>
        </extensions>
      </trkpt>
      <trkpt lat="31.2708202935755252838134765625" lon="121.5336348675191402435302734375">
        <ele>7.19999980926513671875</ele>
        <time>2026-09-01T07:11:54.000Z</time>
        <extensions>
          <ns3:TrackPointExtension>
            <ns3:hr>123</ns3:hr>
            <ns3:cad>83</ns3:cad>
          </ns3:TrackPointExtension>
        </extensions>
      </trkpt>
      <trkpt lat="31.27084066160023212432861328125" lon="121.5336170978844165802001953125">
        <ele>7</ele>
        <time>2026-09-01T07:11:55.000Z</time>
        <extensions>
          <ns3:TrackPointExtension>
            <ns3:hr>123</ns3:hr>
            <ns3:cad>83</ns3:cad>
          </ns3:TrackPointExtension>
        </extensions>
      </trkpt>
      <trkpt lat="31.27093386836349964141845703125" lon="121.5334917046129703521728515625">
        <ele>6.599999904632568359375</ele>
        <time>2026-09-01T07:12:01.000Z</time>
        <extensions>
          <ns3:TrackPointExtension>
            <ns3:hr>120</ns3:hr>
            <ns3:cad>82</ns3:cad>
          </ns3:TrackPointExtension>
        </extensions>
      </trkpt>
      <trkpt lat="31.27099656499922275543212890625" lon="121.5334290079772472381591796875">
        <ele>5.599999904632568359375</ele>
        <time>2026-09-01T07:12:05.000Z</time>
        <extensions>
          <ns3:TrackPointExtension>
            <ns3:hr>120</ns3:hr>
            <ns3:cad>83</ns3:cad>
          </ns3:TrackPointExtension>
        </extensions>
      </trkpt>
      <trkpt lat="31.27109245397150516510009765625" lon="121.53332917951047420501708984375">
        <ele>4.19999980926513671875</ele>
        <time>2026-09-01T07:12:11.000Z</time>
        <extensions>
          <ns3:TrackPointExtension>
            <ns3:hr>122</ns3:hr>
            <ns3:cad>83</ns3:cad>
          </ns3:TrackPointExtension>
        </extensions>
      </trkpt>
      <trkpt lat="31.27123653888702392578125" lon="121.5331862680613994598388671875">
        <ele>3.7999999523162841796875</ele>
        <time>2026-09-01T07:12:19.000Z</time>
        <extensions>
          <ns3:TrackPointExtension>
            <ns3:hr>122</ns3:hr>
            <ns3:cad>82</ns3:cad>
          </ns3:TrackPointExtension>
        </extensions>
      </trkpt>
      <trkpt lat="31.27127517946064472198486328125" lon="121.5331591106951236724853515625">
        <ele>4.400000095367431640625</ele>
        <time>2026-09-01T07:12:21.000Z</time>
        <extensions>
          <ns3:TrackPointExtension>
            <ns3:hr>122</ns3:hr>
            <ns3:cad>82</ns3:cad>
          </ns3:TrackPointExtension>
        </extensions>
      </trkpt>
      <trkpt lat="31.271430663764476776123046875" lon="121.53303899802267551422119140625">
        <ele>5.400000095367431640625</ele>
        <time>2026-09-01T07:12:30.000Z</time>
        <extensions>
          <ns3:TrackPointExtension>
            <ns3:hr>123</ns3:hr>
            <ns3:cad>83</ns3:cad>
          </ns3:TrackPointExtension>
        </extensions>
      </trkpt>
      <trkpt lat="31.2715498544275760650634765625" lon="121.53293238021433353424072265625">
        <ele>5.599999904632568359375</ele>
        <time>2026-09-01T07:12:37.000Z</time>
        <extensions>
          <ns3:TrackPointExtension>
            <ns3:hr>126</ns3:hr>
            <ns3:cad>83</ns3:cad>
          </ns3:TrackPointExtension>
        </extensions>
      </trkpt>
      <trkpt lat="31.27159184776246547698974609375" lon="121.5328835137188434600830078125">
        <ele>6</ele>
        <time>2026-09-01T07:12:40.000Z</time>
        <extensions>
          <ns3:TrackPointExtension>
            <ns3:hr>127</ns3:hr>
            <ns3:cad>83</ns3:cad>
          </ns3:TrackPointExtension>
        </extensions>
      </trkpt>
      <trkpt lat="31.27160978503525257110595703125" lon="121.532861553132534027099609375">
        <ele>6.400000095367431640625</ele>
        <time>2026-09-01T07:12:44.000Z</time>
        <extensions>
          <ns3:TrackPointExtension>
            <ns3:hr>128</ns3:hr>
            <ns3:cad>82</ns3:cad>
          </ns3:TrackPointExtension>
        </extensions>
      </trkpt>
      <trkpt lat="31.27163275144994258880615234375" lon="121.532831378281116485595703125">
        <ele>6.80000019073486328125</ele>
        <time>2026-09-01T07:12:47.000Z</time>
        <extensions>
          <ns3:TrackPointExtension>
            <ns3:hr>127</ns3:hr>
            <ns3:cad>57</ns3:cad>
          </ns3:TrackPointExtension>
        </extensions>
      </trkpt>
      <trkpt lat="31.27165135927498340606689453125" lon="121.532791145145893096923828125">
        <ele>6.80000019073486328125</ele>
        <time>2026-09-01T07:12:50.000Z</time>
        <extensions>
          <ns3:TrackPointExtension>
            <ns3:hr>124</ns3:hr>
            <ns3:cad>55</ns3:cad>
          </ns3:TrackPointExtension>
        </extensions>
      </trkpt>
      <trkpt lat="31.27165873534977436065673828125" lon="121.532781757414340972900390625">
        <ele>6.80000019073486328125</ele>
        <time>2026-09-01T07:12:51.000Z</time>
        <extensions>
          <ns3:TrackPointExtension>
            <ns3:hr>125</ns3:hr>
            <ns3:cad>56</ns3:cad>
          </ns3:TrackPointExtension>
        </extensions>
      </trkpt>
      <trkpt lat="31.2716688774526119232177734375" lon="121.5327708609402179718017578125">
        <ele>6.80000019073486328125</ele>
        <time>2026-09-01T07:12:52.000Z</time>
        <extensions>
          <ns3:TrackPointExtension>
            <ns3:hr>124</ns3:hr>
            <ns3:cad>56</ns3:cad>
          </ns3:TrackPointExtension>
        </extensions>
      </trkpt>
      <trkpt lat="31.27177742309868335723876953125" lon="121.5326444618403911590576171875">
        <ele>6.400000095367431640625</ele>
        <time>2026-09-01T07:12:59.000Z</time>
        <extensions>
          <ns3:TrackPointExtension>
            <ns3:hr>122</ns3:hr>
            <ns3:cad>81</ns3:cad>
          </ns3:TrackPointExtension>
        </extensions>
      </trkpt>
      <trkpt lat="31.27183257602155208587646484375" lon="121.53255335055291652679443359375">
        <ele>6.400000095367431640625</ele>
        <time>2026-09-01T07:13:04.000Z</time>
        <extensions>
          <ns3:TrackPointExtension>
            <ns3:hr>124</ns3:hr>
            <ns3:cad>81</ns3:cad>
          </ns3:TrackPointExtension>
        </extensions>
      </trkpt>
      <trkpt lat="31.27187314443290233612060546875" lon="121.5325033105909824371337890625">
        <ele>6.400000095367431640625</ele>
        <time>2026-09-01T07:13:10.000Z</time>
        <extensions>
          <ns3:TrackPointExtension>
            <ns3:hr>121</ns3:hr>
            <ns3:cad>81</ns3:cad>
          </ns3:TrackPointExtension>
        </extensions>
      </trkpt>
      <trkpt lat="31.27187532372772693634033203125" lon="121.5324952639639377593994140625">
        <ele>6.400000095367431640625</ele>
        <time>2026-09-01T07:13:16.000Z</time>
        <extensions>
          <ns3:TrackPointExtension>
            <ns3:hr>119</ns3:hr>
            <ns3:cad>0</ns3:cad>
          </ns3:TrackPointExtension>
        </extensions>
      </trkpt>
      <trkpt lat="31.27187834121286869049072265625" lon="121.5325038135051727294921875">
        <ele>6.400000095367431640625</ele>
        <time>2026-09-01T07:13:23.000Z</time>
        <extensions>
          <ns3:TrackPointExtension>
            <ns3:hr>119</ns3:hr>
            <ns3:cad>0</ns3:cad>
          </ns3:TrackPointExtension>
        </extensions>
      </trkpt>
      <trkpt lat="31.2718787603080272674560546875" lon="121.5325019694864749908447265625">
        <ele>6.400000095367431640625</ele>
        <time>2026-09-01T07:13:39.000Z</time>
        <extensions>
          <ns3:TrackPointExtension>
            <ns3:hr>116</ns3:hr>
            <ns3:cad>0</ns3:cad>
          </ns3:TrackPointExtension>
        </extensions>
      </trkpt>
      <trkpt lat="31.27187834121286869049072265625" lon="121.5325019694864749908447265625">
        <ele>6.400000095367431640625</ele>
        <time>2026-09-01T07:13:43.000Z</time>
        <extensions>
          <ns3:TrackPointExtension>
            <ns3:hr>114</ns3:hr>
            <ns3:cad>0</ns3:cad>
          </ns3:TrackPointExtension>
        </extensions>
      </trkpt>
      <trkpt lat="31.27187817357480525970458984375" lon="121.5325019694864749908447265625">
        <ele>6.400000095367431640625</ele>
        <time>2026-09-01T07:13:49.000Z</time>
        <extensions>
          <ns3:TrackPointExtension>
            <ns3:hr>111</ns3:hr>
            <ns3:cad>0</ns3:cad>
          </ns3:TrackPointExtension>
        </extensions>
      </trkpt>
      <trkpt lat="31.27187825739383697509765625" lon="121.5325016342103481292724609375">
        <ele>6.400000095367431640625</ele>
        <time>2026-09-01T07:13:52.000Z</time>
        <extensions>
          <ns3:TrackPointExtension>
            <ns3:hr>108</ns3:hr>
            <ns3:cad>0</ns3:cad>
          </ns3:TrackPointExtension>
        </extensions>
      </trkpt>
      <trkpt lat="31.27194506116211414337158203125" lon="121.532433740794658660888671875">
        <ele>6.599999904632568359375</ele>
        <time>2026-09-01T07:14:01.000Z</time>
        <extensions>
          <ns3:TrackPointExtension>
            <ns3:hr>108</ns3:hr>
            <ns3:cad>55</ns3:cad>
          </ns3:TrackPointExtension>
        </extensions>
      </trkpt>
      <trkpt lat="31.2719639204442501068115234375" lon="121.53242644853889942169189453125">
        <ele>6.599999904632568359375</ele>
        <time>2026-09-01T07:14:02.000Z</time>
        <extensions>
          <ns3:TrackPointExtension>
            <ns3:hr>108</ns3:hr>
            <ns3:cad>55</ns3:cad>
          </ns3:TrackPointExtension>
        </extensions>
      </trkpt>
      <trkpt lat="31.2719961069524288177490234375" lon="121.532420329749584197998046875">
        <ele>6.599999904632568359375</ele>
        <time>2026-09-01T07:14:04.000Z</time>
        <extensions>
          <ns3:TrackPointExtension>
            <ns3:hr>108</ns3:hr>
            <ns3:cad>55</ns3:cad>
          </ns3:TrackPointExtension>
        </extensions>
      </trkpt>
    </trkseg>
  </trk>
</gpx>
