<gpx xmlns:ns3="http://www.garmin.com/xmlschemas/TrackPointExtension/v1" xmlns="http://www.topografix.com/GPX/1/1" xmlns:xsi="http://www.w3.org/2001/XMLSchema-instance" xmlns:ns2="http://www.garmin.com/xmlschemas/GpxExtensions/v3" creator="Garmin Connect" version="1.1" xsi:schemaLocation="http://www.topografix.com/GPX/1/1 http://www.topografix.com/GPX/11.xsd">
  <extensions>
<distance>3690.0</distance>
<average_hr>132.0</average_hr>
<average_speed>2.3559999465942383</average_speed>
<start_time>2026-09-09T08:55:07+00:00</start_time>
<end_time>2026-09-09T09:21:13.452000+00:00</end_time>
<moving_time>1232.436</moving_time>
<elapsed_time>1566.452</elapsed_time>
</extensions>
<metadata>
    <link href="connect.garmin.com">
      <text>Garmin Connect</text>
    </link>
    <time>2026-09-09T08:55:07.000Z</time>
  </metadata>
  <trk>
    <name>虹口区 操场跑步</name>
    <type>track_running</type>
    <trkseg>
      <trkpt lat="31.27827289514243602752685546875" lon="121.47741165943443775177001953125">
        <ele>9.80000019073486328125</ele>
        <time>2026-09-09T08:55:07.000Z</time>
        <extensions>
          <ns3:TrackPointExtension>
            <ns3:hr>107</ns3:hr>
            <ns3:cad>49</ns3:cad>
          </ns3:TrackPointExtension>
        </extensions>
      </trkpt>
      <trkpt lat="31.27831715159118175506591796875" lon="121.47743864916265010833740234375">
        <ele>10.3999996185302734375</ele>
        <time>2026-09-09T08:55:08.000Z</time>
        <extensions>
          <ns3:TrackPointExtension>
            <ns3:hr>107</ns3:hr>
            <ns3:cad>49</ns3:cad>
          </ns3:TrackPointExtension>
        </extensions>
      </trkpt>
      <trkpt lat="31.2783368490636348724365234375" lon="121.47742071188986301422119140625">
        <ele>10.80000019073486328125</ele>
        <time>2026-09-09T08:55:09.000Z</time>
        <extensions>
          <ns3:TrackPointExtension>
            <ns3:hr>106</ns3:hr>
            <ns3:cad>56</ns3:cad>
          </ns3:TrackPointExtension>
        </extensions>
      </trkpt>
      <trkpt lat="31.27836911939084529876708984375" lon="121.477386765182018280029296875">
        <ele>11.19999980926513671875</ele>
        <time>2026-09-09T08:55:10.000Z</time>
        <extensions>
          <ns3:TrackPointExtension>
            <ns3:hr>106</ns3:hr>
            <ns3:cad>56</ns3:cad>
          </ns3:TrackPointExtension>
        </extensions>
      </trkpt>
      <trkpt lat="31.27840834669768810272216796875" lon="121.4773342944681644439697265625">
        <ele>11.6000003814697265625</ele>
        <time>2026-09-09T08:55:11.000Z</time>
        <extensions>
          <ns3:TrackPointExtension>
            <ns3:hr>106</ns3:hr>
            <ns3:cad>56</ns3:cad>
          </ns3:TrackPointExtension>
        </extensions>
      </trkpt>
      <trkpt lat="31.27843634225428104400634765625" lon="121.47728609852492809295654296875">
        <ele>11.19999980926513671875</ele>
        <time>2026-09-09T08:55:12.000Z</time>
        <extensions>
          <ns3:TrackPointExtension>
            <ns3:hr>105</ns3:hr>
            <ns3:cad>92</ns3:cad>
          </ns3:TrackPointExtension>
        </extensions>
      </trkpt>
      <trkpt lat="31.27846634946763515472412109375" lon="121.4772169478237628936767578125">
        <ele>10.6000003814697265625</ele>
        <time>2026-09-09T08:55:13.000Z</time>
        <extensions>
          <ns3:TrackPointExtension>
            <ns3:hr>105</ns3:hr>
            <ns3:cad>92</ns3:cad>
          </ns3:TrackPointExtension>
        </extensions>
      </trkpt>
      <trkpt lat="31.278486214578151702880859375" lon="121.47714343853294849395751953125">
        <ele>10</ele>
        <time>2026-09-09T08:55:14.000Z</time>
        <extensions>
          <ns3:TrackPointExtension>
            <ns3:hr>105</ns3:hr>
            <ns3:cad>93</ns3:cad>
          </ns3:TrackPointExtension>
        </extensions>
      </trkpt>
      <trkpt lat="31.2784964405000209808349609375" lon="121.47707638330757617950439453125">
        <ele>9.19999980926513671875</ele>
        <time>2026-09-09T08:55:15.000Z</time>
        <extensions>
          <ns3:TrackPointExtension>
            <ns3:hr>106</ns3:hr>
            <ns3:cad>94</ns3:cad>
          </ns3:TrackPointExtension>
        </extensions>
      </trkpt>
      <trkpt lat="31.27849903889000415802001953125" lon="121.47701804526150226593017578125">
        <ele>8.6000003814697265625</ele>
        <time>2026-09-09T08:55:16.000Z</time>
        <extensions>
          <ns3:TrackPointExtension>
            <ns3:hr>109</ns3:hr>
            <ns3:cad>93</ns3:cad>
          </ns3:TrackPointExtension>
        </extensions>
      </trkpt>
      <trkpt lat="31.27849660813808441162109375" lon="121.47697010077536106109619140625">
        <ele>8</ele>
        <time>2026-09-09T08:55:17.000Z</time>
        <extensions>
          <ns3:TrackPointExtension>
            <ns3:hr>109</ns3:hr>
            <ns3:cad>94</ns3:cad>
          </ns3:TrackPointExtension>
        </extensions>
      </trkpt>
      <trkpt lat="31.27849082462489604949951171875" lon="121.47692483849823474884033203125">
        <ele>7.599999904632568359375</ele>
        <time>2026-09-09T08:55:18.000Z</time>
        <extensions>
          <ns3:TrackPointExtension>
            <ns3:hr>111</ns3:hr>
            <ns3:cad>94</ns3:cad>
          </ns3:TrackPointExtension>
        </extensions>
      </trkpt>
      <trkpt lat="31.27848261035978794097900390625" lon="121.47688376717269420623779296875">
        <ele>7.19999980926513671875</ele>
        <time>2026-09-09T08:55:19.000Z</time>
        <extensions>
          <ns3:TrackPointExtension>
            <ns3:hr>111</ns3:hr>
            <ns3:cad>94</ns3:cad>
          </ns3:TrackPointExtension>
        </extensions>
      </trkpt>
      <trkpt lat="31.27846919931471347808837890625" lon="121.4768360741436481475830078125">
        <ele>7.400000095367431640625</ele>
        <time>2026-09-09T08:55:20.000Z</time>
        <extensions>
          <ns3:TrackPointExtension>
            <ns3:hr>112</ns3:hr>
            <ns3:cad>94</ns3:cad>
          </ns3:TrackPointExtension>
        </extensions>
      </trkpt>
      <trkpt lat="31.27845243550837039947509765625" lon="121.47679139859974384307861328125">
        <ele>7.80000019073486328125</ele>
        <time>2026-09-09T08:55:21.000Z</time>
        <extensions>
          <ns3:TrackPointExtension>
            <ns3:hr>117</ns3:hr>
            <ns3:cad>94</ns3:cad>
          </ns3:TrackPointExtension>
        </extensions>
      </trkpt>
      <trkpt lat="31.27843550406396389007568359375" lon="121.4767546020448207855224609375">
        <ele>8.19999980926513671875</ele>
        <time>2026-09-09T08:55:22.000Z</time>
        <extensions>
          <ns3:TrackPointExtension>
            <ns3:hr>117</ns3:hr>
            <ns3:cad>94</ns3:cad>
          </ns3:TrackPointExtension>
        </extensions>
      </trkpt>
      <trkpt lat="31.27841538749635219573974609375" lon="121.47671998478472232818603515625">
        <ele>8.6000003814697265625</ele>
        <time>2026-09-09T08:55:23.000Z</time>
        <extensions>
          <ns3:TrackPointExtension>
            <ns3:hr>117</ns3:hr>
            <ns3:cad>94</ns3:cad>
          </ns3:TrackPointExtension>
        </extensions>
      </trkpt>
      <trkpt lat="31.278388984501361846923828125" lon="121.47668142803013324737548828125">
        <ele>9</ele>
        <time>2026-09-09T08:55:24.000Z</time>
        <extensions>
          <ns3:TrackPointExtension>
            <ns3:hr>119</ns3:hr>
            <ns3:cad>94</ns3:cad>
          </ns3:TrackPointExtension>
        </extensions>
      </trkpt>
      <trkpt lat="31.27836291678249835968017578125" lon="121.476649828255176544189453125">
        <ele>9.3999996185302734375</ele>
        <time>2026-09-09T08:55:25.000Z</time>
        <extensions>
          <ns3:TrackPointExtension>
            <ns3:hr>119</ns3:hr>
            <ns3:cad>93</ns3:cad>
          </ns3:TrackPointExtension>
        </extensions>
      </trkpt>
      <trkpt lat="31.2783341668546199798583984375" lon="121.47662024013698101043701171875">
        <ele>9.6000003814697265625</ele>
        <time>2026-09-09T08:55:26.000Z</time>
        <extensions>
          <ns3:TrackPointExtension>
            <ns3:hr>120</ns3:hr>
            <ns3:cad>93</ns3:cad>
          </ns3:TrackPointExtension>
        </extensions>
      </trkpt>
      <trkpt lat="31.27830441109836101531982421875" lon="121.4765943400561809539794921875">
        <ele>10</ele>
        <time>2026-09-09T08:55:27.000Z</time>
        <extensions>
          <ns3:TrackPointExtension>
            <ns3:hr>123</ns3:hr>
            <ns3:cad>93</ns3:cad>
          </ns3:TrackPointExtension>
        </extensions>
      </trkpt>
      <trkpt lat="31.27826937474310398101806640625" lon="121.4765691943466663360595703125">
        <ele>10.3999996185302734375</ele>
        <time>2026-09-09T08:55:28.000Z</time>
        <extensions>
          <ns3:TrackPointExtension>
            <ns3:hr>123</ns3:hr>
            <ns3:cad>93</ns3:cad>
          </ns3:TrackPointExtension>
        </extensions>
      </trkpt>
      <trkpt lat="31.278236098587512969970703125" lon="121.47655033506453037261962890625">
        <ele>10.80000019073486328125</ele>
        <time>2026-09-09T08:55:29.000Z</time>
        <extensions>
          <ns3:TrackPointExtension>
            <ns3:hr>125</ns3:hr>
            <ns3:cad>92</ns3:cad>
          </ns3:TrackPointExtension>
        </extensions>
      </trkpt>
      <trkpt lat="31.27820064313709735870361328125" lon="121.476532481610774993896484375">
        <ele>11</ele>
        <time>2026-09-09T08:55:30.000Z</time>
        <extensions>
          <ns3:TrackPointExtension>
            <ns3:hr>128</ns3:hr>
            <ns3:cad>92</ns3:cad>
          </ns3:TrackPointExtension>
        </extensions>
      </trkpt>
      <trkpt lat="31.27816309221088886260986328125" lon="121.476514041423797607421875">
        <ele>10.80000019073486328125</ele>
        <time>2026-09-09T08:55:31.000Z</time>
        <extensions>
          <ns3:TrackPointExtension>
            <ns3:hr>128</ns3:hr>
            <ns3:cad>92</ns3:cad>
          </ns3:TrackPointExtension>
        </extensions>
      </trkpt>
      <trkpt lat="31.27813006751239299774169921875" lon="121.47649786435067653656005859375">
        <ele>10.6000003814697265625</ele>
        <time>2026-09-09T08:55:32.000Z</time>
        <extensions>
          <ns3:TrackPointExtension>
            <ns3:hr>128</ns3:hr>
            <ns3:cad>92</ns3:cad>
          </ns3:TrackPointExtension>
        </extensions>
      </trkpt>
      <trkpt lat="31.278095953166484832763671875" lon="121.47648110054433345794677734375">
        <ele>10.3999996185302734375</ele>
        <time>2026-09-09T08:55:33.000Z</time>
        <extensions>
          <ns3:TrackPointExtension>
            <ns3:hr>129</ns3:hr>
            <ns3:cad>92</ns3:cad>
          </ns3:TrackPointExtension>
        </extensions>
      </trkpt>
      <trkpt lat="31.27806183882057666778564453125" lon="121.47646433673799037933349609375">
        <ele>10.19999980926513671875</ele>
        <time>2026-09-09T08:55:34.000Z</time>
        <extensions>
          <ns3:TrackPointExtension>
            <ns3:hr>129</ns3:hr>
            <ns3:cad>92</ns3:cad>
          </ns3:TrackPointExtension>
        </extensions>
      </trkpt>
      <trkpt lat="31.278025545179843902587890625" lon="121.47644656710326671600341796875">
        <ele>10.19999980926513671875</ele>
        <time>2026-09-09T08:55:35.000Z</time>
        <extensions>
          <ns3:TrackPointExtension>
            <ns3:hr>131</ns3:hr>
            <ns3:cad>92</ns3:cad>
          </ns3:TrackPointExtension>
        </extensions>
      </trkpt>
      <trkpt lat="31.2779911793768405914306640625" lon="121.4764297194778919219970703125">
        <ele>10.19999980926513671875</ele>
        <time>2026-09-09T08:55:36.000Z</time>
        <extensions>
          <ns3:TrackPointExtension>
            <ns3:hr>133</ns3:hr>
            <ns3:cad>92</ns3:cad>
          </ns3:TrackPointExtension>
        </extensions>
      </trkpt>
      <trkpt lat="31.27795505337417125701904296875" lon="121.4764119498431682586669921875">
        <ele>10</ele>
        <time>2026-09-09T08:55:37.000Z</time>
        <extensions>
          <ns3:TrackPointExtension>
            <ns3:hr>133</ns3:hr>
            <ns3:cad>92</ns3:cad>
          </ns3:TrackPointExtension>
        </extensions>
      </trkpt>
      <trkpt lat="31.27792102284729480743408203125" lon="121.47639526985585689544677734375">
        <ele>10</ele>
        <time>2026-09-09T08:55:38.000Z</time>
        <extensions>
          <ns3:TrackPointExtension>
            <ns3:hr>133</ns3:hr>
            <ns3:cad>92</ns3:cad>
          </ns3:TrackPointExtension>
        </extensions>
      </trkpt>
      <trkpt lat="31.27788514830172061920166015625" lon="121.47637766785919666290283203125">
        <ele>10.19999980926513671875</ele>
        <time>2026-09-09T08:55:39.000Z</time>
        <extensions>
          <ns3:TrackPointExtension>
            <ns3:hr>134</ns3:hr>
            <ns3:cad>92</ns3:cad>
          </ns3:TrackPointExtension>
        </extensions>
      </trkpt>
      <trkpt lat="31.27784994430840015411376953125" lon="121.47636040113866329193115234375">
        <ele>10.19999980926513671875</ele>
        <time>2026-09-09T08:55:40.000Z</time>
        <extensions>
          <ns3:TrackPointExtension>
            <ns3:hr>134</ns3:hr>
            <ns3:cad>92</ns3:cad>
          </ns3:TrackPointExtension>
        </extensions>
      </trkpt>
      <trkpt lat="31.277813650667667388916015625" lon="121.47634263150393962860107421875">
        <ele>10.19999980926513671875</ele>
        <time>2026-09-09T08:55:41.000Z</time>
        <extensions>
          <ns3:TrackPointExtension>
            <ns3:hr>133</ns3:hr>
            <ns3:cad>92</ns3:cad>
          </ns3:TrackPointExtension>
        </extensions>
      </trkpt>
      <trkpt lat="31.2777812965214252471923828125" lon="121.47632670588791370391845703125">
        <ele>10.19999980926513671875</ele>
        <time>2026-09-09T08:55:42.000Z</time>
        <extensions>
          <ns3:TrackPointExtension>
            <ns3:hr>135</ns3:hr>
            <ns3:cad>92</ns3:cad>
          </ns3:TrackPointExtension>
        </extensions>
      </trkpt>
      <trkpt lat="31.27774701453745365142822265625" lon="121.476309858262538909912109375">
        <ele>10.3999996185302734375</ele>
        <time>2026-09-09T08:55:43.000Z</time>
        <extensions>
          <ns3:TrackPointExtension>
            <ns3:hr>135</ns3:hr>
            <ns3:cad>91</ns3:cad>
          </ns3:TrackPointExtension>
        </extensions>
      </trkpt>
      <trkpt lat="31.27771248109638690948486328125" lon="121.4762935973703861236572265625">
        <ele>10.19999980926513671875</ele>
        <time>2026-09-09T08:55:44.000Z</time>
        <extensions>
          <ns3:TrackPointExtension>
            <ns3:hr>134</ns3:hr>
            <ns3:cad>91</ns3:cad>
          </ns3:TrackPointExtension>
        </extensions>
      </trkpt>
      <trkpt lat="31.2776793725788593292236328125" lon="121.476279683411121368408203125">
        <ele>10.19999980926513671875</ele>
        <time>2026-09-09T08:55:45.000Z</time>
        <extensions>
          <ns3:TrackPointExtension>
            <ns3:hr>136</ns3:hr>
            <ns3:cad>91</ns3:cad>
          </ns3:TrackPointExtension>
        </extensions>
      </trkpt>
      <trkpt lat="31.277641989290714263916015625" lon="121.4762687869369983673095703125">
        <ele>10.19999980926513671875</ele>
        <time>2026-09-09T08:55:46.000Z</time>
        <extensions>
          <ns3:TrackPointExtension>
            <ns3:hr>136</ns3:hr>
            <ns3:cad>91</ns3:cad>
          </ns3:TrackPointExtension>
        </extensions>
      </trkpt>
      <trkpt lat="31.27760603092610836029052734375" lon="121.47626199759542942047119140625">
        <ele>10</ele>
        <time>2026-09-09T08:55:47.000Z</time>
        <extensions>
          <ns3:TrackPointExtension>
            <ns3:hr>137</ns3:hr>
            <ns3:cad>91</ns3:cad>
          </ns3:TrackPointExtension>
        </extensions>
      </trkpt>
      <trkpt lat="31.27756713889539241790771484375" lon="121.47625830955803394317626953125">
        <ele>9.6000003814697265625</ele>
        <time>2026-09-09T08:55:48.000Z</time>
        <extensions>
          <ns3:TrackPointExtension>
            <ns3:hr>139</ns3:hr>
            <ns3:cad>92</ns3:cad>
          </ns3:TrackPointExtension>
        </extensions>
      </trkpt>
      <trkpt lat="31.2775321863591670989990234375" lon="121.476258225739002227783203125">
        <ele>9.19999980926513671875</ele>
        <time>2026-09-09T08:55:49.000Z</time>
        <extensions>
          <ns3:TrackPointExtension>
            <ns3:hr>139</ns3:hr>
            <ns3:cad>92</ns3:cad>
          </ns3:TrackPointExtension>
        </extensions>
      </trkpt>
      <trkpt lat="31.27749756909906864166259765625" lon="121.47626124322414398193359375">
        <ele>8.80000019073486328125</ele>
        <time>2026-09-09T08:55:50.000Z</time>
        <extensions>
          <ns3:TrackPointExtension>
            <ns3:hr>138</ns3:hr>
            <ns3:cad>92</ns3:cad>
          </ns3:TrackPointExtension>
        </extensions>
      </trkpt>
      <trkpt lat="31.27746102400124073028564453125" lon="121.47626870311796665191650390625">
        <ele>8.3999996185302734375</ele>
        <time>2026-09-09T08:55:51.000Z</time>
        <extensions>
          <ns3:TrackPointExtension>
            <ns3:hr>139</ns3:hr>
            <ns3:cad>92</ns3:cad>
          </ns3:TrackPointExtension>
        </extensions>
      </trkpt>
      <trkpt lat="31.27742682583630084991455078125" lon="121.47627892903983592987060546875">
        <ele>7.80000019073486328125</ele>
        <time>2026-09-09T08:55:52.000Z</time>
        <extensions>
          <ns3:TrackPointExtension>
            <ns3:hr>139</ns3:hr>
            <ns3:cad>92</ns3:cad>
          </ns3:TrackPointExtension>
        </extensions>
      </trkpt>
      <trkpt lat="31.27738793380558490753173828125" lon="121.47629468701779842376708984375">
        <ele>7.400000095367431640625</ele>
        <time>2026-09-09T08:55:53.000Z</time>
        <extensions>
          <ns3:TrackPointExtension>
            <ns3:hr>140</ns3:hr>
            <ns3:cad>92</ns3:cad>
          </ns3:TrackPointExtension>
        </extensions>
      </trkpt>
      <trkpt lat="31.27735407091677188873291015625" lon="121.47631228901445865631103515625">
        <ele>7.19999980926513671875</ele>
        <time>2026-09-09T08:55:54.000Z</time>
        <extensions>
          <ns3:TrackPointExtension>
            <ns3:hr>140</ns3:hr>
            <ns3:cad>92</ns3:cad>
          </ns3:TrackPointExtension>
        </extensions>
      </trkpt>
      <trkpt lat="31.2773212976753711700439453125" lon="121.4763331599533557891845703125">
        <ele>7.400000095367431640625</ele>
        <time>2026-09-09T08:55:55.000Z</time>
        <extensions>
          <ns3:TrackPointExtension>
            <ns3:hr>140</ns3:hr>
            <ns3:cad>92</ns3:cad>
          </ns3:TrackPointExtension>
        </extensions>
      </trkpt>
      <trkpt lat="31.277291290462017059326171875" lon="121.4763569645583629608154296875">
        <ele>7.400000095367431640625</ele>
        <time>2026-09-09T08:55:56.000Z</time>
        <extensions>
          <ns3:TrackPointExtension>
            <ns3:hr>141</ns3:hr>
            <ns3:cad>92</ns3:cad>
          </ns3:TrackPointExtension>
        </extensions>
      </trkpt>
      <trkpt lat="31.2772653065621852874755859375" lon="121.4763814397156238555908203125">
        <ele>7.599999904632568359375</ele>
        <time>2026-09-09T08:55:57.000Z</time>
        <extensions>
          <ns3:TrackPointExtension>
            <ns3:hr>142</ns3:hr>
            <ns3:cad>92</ns3:cad>
          </ns3:TrackPointExtension>
        </extensions>
      </trkpt>
      <trkpt lat="31.27723974175751209259033203125" lon="121.47640901617705821990966796875">
        <ele>7.599999904632568359375</ele>
        <time>2026-09-09T08:55:58.000Z</time>
        <extensions>
          <ns3:TrackPointExtension>
            <ns3:hr>142</ns3:hr>
            <ns3:cad>92</ns3:cad>
          </ns3:TrackPointExtension>
        </extensions>
      </trkpt>
      <trkpt lat="31.27721576951444149017333984375" lon="121.4764387719333171844482421875">
        <ele>7.80000019073486328125</ele>
        <time>2026-09-09T08:55:59.000Z</time>
        <extensions>
          <ns3:TrackPointExtension>
            <ns3:hr>142</ns3:hr>
            <ns3:cad>92</ns3:cad>
          </ns3:TrackPointExtension>
        </extensions>
      </trkpt>
      <trkpt lat="31.2771950662136077880859375" lon="121.47647003643214702606201171875">
        <ele>7.80000019073486328125</ele>
        <time>2026-09-09T08:56:00.000Z</time>
        <extensions>
          <ns3:TrackPointExtension>
            <ns3:hr>142</ns3:hr>
            <ns3:cad>92</ns3:cad>
          </ns3:TrackPointExtension>
        </extensions>
      </trkpt>
      <trkpt lat="31.2771670706570148468017578125" lon="121.47652066312730312347412109375">
        <ele>7.80000019073486328125</ele>
        <time>2026-09-09T08:56:01.000Z</time>
        <extensions>
          <ns3:TrackPointExtension>
            <ns3:hr>142</ns3:hr>
            <ns3:cad>92</ns3:cad>
          </ns3:TrackPointExtension>
        </extensions>
      </trkpt>
      <trkpt lat="31.2771503068506717681884765625" lon="121.47656030952930450439453125">
        <ele>7.80000019073486328125</ele>
        <time>2026-09-09T08:56:02.000Z</time>
        <extensions>
          <ns3:TrackPointExtension>
            <ns3:hr>143</ns3:hr>
            <ns3:cad>92</ns3:cad>
          </ns3:TrackPointExtension>
        </extensions>
      </trkpt>
      <trkpt lat="31.27713178284466266632080078125" lon="121.476616300642490386962890625">
        <ele>7.80000019073486328125</ele>
        <time>2026-09-09T08:56:03.000Z</time>
        <extensions>
          <ns3:TrackPointExtension>
            <ns3:hr>143</ns3:hr>
            <ns3:cad>91</ns3:cad>
          </ns3:TrackPointExtension>
        </extensions>
      </trkpt>
      <trkpt lat="31.27712138928472995758056640625" lon="121.476661898195743560791015625">
        <ele>7.400000095367431640625</ele>
        <time>2026-09-09T08:56:04.000Z</time>
        <extensions>
          <ns3:TrackPointExtension>
            <ns3:hr>142</ns3:hr>
            <ns3:cad>91</ns3:cad>
          </ns3:TrackPointExtension>
        </extensions>
      </trkpt>
      <trkpt lat="31.2771151028573513031005859375" lon="121.47670447826385498046875">
        <ele>7.19999980926513671875</ele>
        <time>2026-09-09T08:56:05.000Z</time>
        <extensions>
          <ns3:TrackPointExtension>
            <ns3:hr>143</ns3:hr>
            <ns3:cad>91</ns3:cad>
          </ns3:TrackPointExtension>
        </extensions>
      </trkpt>
      <trkpt lat="31.2771117500960826873779296875" lon="121.47674546577036380767822265625">
        <ele>6.80000019073486328125</ele>
        <time>2026-09-09T08:56:06.000Z</time>
        <extensions>
          <ns3:TrackPointExtension>
            <ns3:hr>143</ns3:hr>
            <ns3:cad>91</ns3:cad>
          </ns3:TrackPointExtension>
        </extensions>
      </trkpt>
      <trkpt lat="31.27711124718189239501953125" lon="121.47679206915199756622314453125">
        <ele>6.599999904632568359375</ele>
        <time>2026-09-09T08:56:07.000Z</time>
        <extensions>
          <ns3:TrackPointExtension>
            <ns3:hr>145</ns3:hr>
            <ns3:cad>91</ns3:cad>
          </ns3:TrackPointExtension>
        </extensions>
      </trkpt>
      <trkpt lat="31.27711351029574871063232421875" lon="121.4768273569643497467041015625">
        <ele>6.400000095367431640625</ele>
        <time>2026-09-09T08:56:08.000Z</time>
        <extensions>
          <ns3:TrackPointExtension>
            <ns3:hr>143</ns3:hr>
            <ns3:cad>92</ns3:cad>
          </ns3:TrackPointExtension>
        </extensions>
      </trkpt>
      <trkpt lat="31.27711971290409564971923828125" lon="121.476873792707920074462890625">
        <ele>6</ele>
        <time>2026-09-09T08:56:09.000Z</time>
        <extensions>
          <ns3:TrackPointExtension>
            <ns3:hr>143</ns3:hr>
            <ns3:cad>92</ns3:cad>
          </ns3:TrackPointExtension>
        </extensions>
      </trkpt>
      <trkpt lat="31.27712910063564777374267578125" lon="121.4769178815186023712158203125">
        <ele>6.19999980926513671875</ele>
        <time>2026-09-09T08:56:10.000Z</time>
        <extensions>
          <ns3:TrackPointExtension>
            <ns3:hr>144</ns3:hr>
            <ns3:cad>91</ns3:cad>
          </ns3:TrackPointExtension>
        </extensions>
      </trkpt>
      <trkpt lat="31.27714217640459537506103515625" lon="121.4769624732434749603271484375">
        <ele>6.599999904632568359375</ele>
        <time>2026-09-09T08:56:11.000Z</time>
        <extensions>
          <ns3:TrackPointExtension>
            <ns3:hr>144</ns3:hr>
            <ns3:cad>91</ns3:cad>
          </ns3:TrackPointExtension>
        </extensions>
      </trkpt>
      <trkpt lat="31.27715491689741611480712890625" lon="121.47699725814163684844970703125">
        <ele>6.80000019073486328125</ele>
        <time>2026-09-09T08:56:12.000Z</time>
        <extensions>
          <ns3:TrackPointExtension>
            <ns3:hr>145</ns3:hr>
            <ns3:cad>91</ns3:cad>
          </ns3:TrackPointExtension>
        </extensions>
      </trkpt>
      <trkpt lat="31.27717151306569576263427734375" lon="121.47703346796333789825439453125">
        <ele>7</ele>
        <time>2026-09-09T08:56:13.000Z</time>
        <extensions>
          <ns3:TrackPointExtension>
            <ns3:hr>148</ns3:hr>
            <ns3:cad>91</ns3:cad>
          </ns3:TrackPointExtension>
        </extensions>
      </trkpt>
      <trkpt lat="31.27719079144299030303955078125" lon="121.47706800140440464019775390625">
        <ele>7.19999980926513671875</ele>
        <time>2026-09-09T08:56:14.000Z</time>
        <extensions>
          <ns3:TrackPointExtension>
            <ns3:hr>146</ns3:hr>
            <ns3:cad>91</ns3:cad>
          </ns3:TrackPointExtension>
        </extensions>
      </trkpt>
      <trkpt lat="31.277208812534809112548828125" lon="121.47709616459906101226806640625">
        <ele>7.19999980926513671875</ele>
        <time>2026-09-09T08:56:15.000Z</time>
        <extensions>
          <ns3:TrackPointExtension>
            <ns3:hr>146</ns3:hr>
            <ns3:cad>91</ns3:cad>
          </ns3:TrackPointExtension>
        </extensions>
      </trkpt>
      <trkpt lat="31.27723622135818004608154296875" lon="121.4771324582397937774658203125">
        <ele>7.400000095367431640625</ele>
        <time>2026-09-09T08:56:16.000Z</time>
        <extensions>
          <ns3:TrackPointExtension>
            <ns3:hr>146</ns3:hr>
            <ns3:cad>91</ns3:cad>
          </ns3:TrackPointExtension>
        </extensions>
      </trkpt>
      <trkpt lat="31.27726220525801181793212890625" lon="121.47716154344379901885986328125">
        <ele>7.599999904632568359375</ele>
        <time>2026-09-09T08:56:17.000Z</time>
        <extensions>
          <ns3:TrackPointExtension>
            <ns3:hr>146</ns3:hr>
            <ns3:cad>92</ns3:cad>
          </ns3:TrackPointExtension>
        </extensions>
      </trkpt>
      <trkpt lat="31.27729229629039764404296875" lon="121.4771891199052333831787109375">
        <ele>7.80000019073486328125</ele>
        <time>2026-09-09T08:56:18.000Z</time>
        <extensions>
          <ns3:TrackPointExtension>
            <ns3:hr>147</ns3:hr>
            <ns3:cad>92</ns3:cad>
          </ns3:TrackPointExtension>
        </extensions>
      </trkpt>
      <trkpt lat="31.27732557244598865509033203125" lon="121.4772146008908748626708984375">
        <ele>8</ele>
        <time>2026-09-09T08:56:19.000Z</time>
        <extensions>
          <ns3:TrackPointExtension>
            <ns3:hr>148</ns3:hr>
            <ns3:cad>91</ns3:cad>
          </ns3:TrackPointExtension>
        </extensions>
      </trkpt>
      <trkpt lat="31.27736412920057773590087890625" lon="121.477238573133945465087890625">
        <ele>8</ele>
        <time>2026-09-09T08:56:20.000Z</time>
        <extensions>
          <ns3:TrackPointExtension>
            <ns3:hr>149</ns3:hr>
            <ns3:cad>91</ns3:cad>
          </ns3:TrackPointExtension>
        </extensions>
      </trkpt>
      <trkpt lat="31.277391202747821807861328125" lon="121.47725307382643222808837890625">
        <ele>8</ele>
        <time>2026-09-09T08:56:21.000Z</time>
        <extensions>
          <ns3:TrackPointExtension>
            <ns3:hr>150</ns3:hr>
            <ns3:cad>91</ns3:cad>
          </ns3:TrackPointExtension>
        </extensions>
      </trkpt>
      <trkpt lat="31.27743504010140895843505859375" lon="121.4772746153175830841064453125">
        <ele>8</ele>
        <time>2026-09-09T08:56:22.000Z</time>
        <extensions>
          <ns3:TrackPointExtension>
            <ns3:hr>151</ns3:hr>
            <ns3:cad>92</ns3:cad>
          </ns3:TrackPointExtension>
        </extensions>
      </trkpt>
      <trkpt lat="31.27746663987636566162109375" lon="121.47729012183845043182373046875">
        <ele>8</ele>
        <time>2026-09-09T08:56:23.000Z</time>
        <extensions>
          <ns3:TrackPointExtension>
            <ns3:hr>151</ns3:hr>
            <ns3:cad>92</ns3:cad>
          </ns3:TrackPointExtension>
        </extensions>
      </trkpt>
      <trkpt lat="31.2775023467838764190673828125" lon="121.477307640016078948974609375">
        <ele>7.80000019073486328125</ele>
        <time>2026-09-09T08:56:24.000Z</time>
        <extensions>
          <ns3:TrackPointExtension>
            <ns3:hr>153</ns3:hr>
            <ns3:cad>92</ns3:cad>
          </ns3:TrackPointExtension>
        </extensions>
      </trkpt>
      <trkpt lat="31.2775358743965625762939453125" lon="121.477324068546295166015625">
        <ele>7.80000019073486328125</ele>
        <time>2026-09-09T08:56:25.000Z</time>
        <extensions>
          <ns3:TrackPointExtension>
            <ns3:hr>154</ns3:hr>
            <ns3:cad>92</ns3:cad>
          </ns3:TrackPointExtension>
        </extensions>
      </trkpt>
      <trkpt lat="31.2775620259344577789306640625" lon="121.47733689285814762115478515625">
        <ele>7.80000019073486328125</ele>
        <time>2026-09-09T08:56:26.000Z</time>
        <extensions>
          <ns3:TrackPointExtension>
            <ns3:hr>154</ns3:hr>
            <ns3:cad>91</ns3:cad>
          </ns3:TrackPointExtension>
        </extensions>
      </trkpt>
      <trkpt lat="31.27759538590908050537109375" lon="121.477353237569332122802734375">
        <ele>7.80000019073486328125</ele>
        <time>2026-09-09T08:56:27.000Z</time>
        <extensions>
          <ns3:TrackPointExtension>
            <ns3:hr>154</ns3:hr>
            <ns3:cad>91</ns3:cad>
          </ns3:TrackPointExtension>
        </extensions>
      </trkpt>
      <trkpt lat="31.27763972617685794830322265625" lon="121.477375030517578125">
        <ele>8</ele>
        <time>2026-09-09T08:56:28.000Z</time>
        <extensions>
          <ns3:TrackPointExtension>
            <ns3:hr>154</ns3:hr>
            <ns3:cad>91</ns3:cad>
          </ns3:TrackPointExtension>
        </extensions>
      </trkpt>
      <trkpt lat="31.27767275087535381317138671875" lon="121.47739120759069919586181640625">
        <ele>8.19999980926513671875</ele>
        <time>2026-09-09T08:56:29.000Z</time>
        <extensions>
          <ns3:TrackPointExtension>
            <ns3:hr>154</ns3:hr>
            <ns3:cad>92</ns3:cad>
          </ns3:TrackPointExtension>
        </extensions>
      </trkpt>
      <trkpt lat="31.2777078710496425628662109375" lon="121.47740847431123256683349609375">
        <ele>8</ele>
        <time>2026-09-09T08:56:30.000Z</time>
        <extensions>
          <ns3:TrackPointExtension>
            <ns3:hr>154</ns3:hr>
            <ns3:cad>92</ns3:cad>
          </ns3:TrackPointExtension>
        </extensions>
      </trkpt>
      <trkpt lat="31.27774047665297985076904296875" lon="121.4774244837462902069091796875">
        <ele>8</ele>
        <time>2026-09-09T08:56:31.000Z</time>
        <extensions>
          <ns3:TrackPointExtension>
            <ns3:hr>154</ns3:hr>
            <ns3:cad>92</ns3:cad>
          </ns3:TrackPointExtension>
        </extensions>
      </trkpt>
      <trkpt lat="31.2777745909988880157470703125" lon="121.47744116373360157012939453125">
        <ele>8</ele>
        <time>2026-09-09T08:56:32.000Z</time>
        <extensions>
          <ns3:TrackPointExtension>
            <ns3:hr>154</ns3:hr>
            <ns3:cad>92</ns3:cad>
          </ns3:TrackPointExtension>
        </extensions>
      </trkpt>
      <trkpt lat="31.2778037600219249725341796875" lon="121.47745549678802490234375">
        <ele>8</ele>
        <time>2026-09-09T08:56:33.000Z</time>
        <extensions>
          <ns3:TrackPointExtension>
            <ns3:hr>154</ns3:hr>
            <ns3:cad>91</ns3:cad>
          </ns3:TrackPointExtension>
        </extensions>
      </trkpt>
      <trkpt lat="31.2778399698436260223388671875" lon="121.477473266422748565673828125">
        <ele>8</ele>
        <time>2026-09-09T08:56:34.000Z</time>
        <extensions>
          <ns3:TrackPointExtension>
            <ns3:hr>154</ns3:hr>
            <ns3:cad>91</ns3:cad>
          </ns3:TrackPointExtension>
        </extensions>
      </trkpt>
      <trkpt lat="31.27787089906632900238037109375" lon="121.47748843766748905181884765625">
        <ele>8</ele>
        <time>2026-09-09T08:56:35.000Z</time>
        <extensions>
          <ns3:TrackPointExtension>
            <ns3:hr>154</ns3:hr>
            <ns3:cad>91</ns3:cad>
          </ns3:TrackPointExtension>
        </extensions>
      </trkpt>
      <trkpt lat="31.2779040075838565826416015625" lon="121.4775036089122295379638671875">
        <ele>8</ele>
        <time>2026-09-09T08:56:36.000Z</time>
        <extensions>
          <ns3:TrackPointExtension>
            <ns3:hr>154</ns3:hr>
            <ns3:cad>91</ns3:cad>
          </ns3:TrackPointExtension>
        </extensions>
      </trkpt>
      <trkpt lat="31.27794046886265277862548828125" lon="121.47751777432858943939208984375">
        <ele>8</ele>
        <time>2026-09-09T08:56:37.000Z</time>
        <extensions>
          <ns3:TrackPointExtension>
            <ns3:hr>154</ns3:hr>
            <ns3:cad>91</ns3:cad>
          </ns3:TrackPointExtension>
        </extensions>
      </trkpt>
      <trkpt lat="31.2779796123504638671875" lon="121.47752858698368072509765625">
        <ele>8.3999996185302734375</ele>
        <time>2026-09-09T08:56:38.000Z</time>
        <extensions>
          <ns3:TrackPointExtension>
            <ns3:hr>154</ns3:hr>
            <ns3:cad>91</ns3:cad>
          </ns3:TrackPointExtension>
        </extensions>
      </trkpt>
      <trkpt lat="31.27801590599119663238525390625" lon="121.47753437049686908721923828125">
        <ele>8.6000003814697265625</ele>
        <time>2026-09-09T08:56:39.000Z</time>
        <extensions>
          <ns3:TrackPointExtension>
            <ns3:hr>154</ns3:hr>
            <ns3:cad>91</ns3:cad>
          </ns3:TrackPointExtension>
        </extensions>
      </trkpt>
      <trkpt lat="31.27805597148835659027099609375" lon="121.47753663361072540283203125">
        <ele>8.80000019073486328125</ele>
        <time>2026-09-09T08:56:40.000Z</time>
        <extensions>
          <ns3:TrackPointExtension>
            <ns3:hr>154</ns3:hr>
            <ns3:cad>91</ns3:cad>
          </ns3:TrackPointExtension>
        </extensions>
      </trkpt>
      <trkpt lat="31.27809318713843822479248046875" lon="121.47753487341105937957763671875">
        <ele>9</ele>
        <time>2026-09-09T08:56:41.000Z</time>
        <extensions>
          <ns3:TrackPointExtension>
            <ns3:hr>154</ns3:hr>
            <ns3:cad>91</ns3:cad>
          </ns3:TrackPointExtension>
        </extensions>
      </trkpt>
      <trkpt lat="31.27813207916915416717529296875" lon="121.47752934135496616363525390625">
        <ele>9</ele>
        <time>2026-09-09T08:56:42.000Z</time>
        <extensions>
          <ns3:TrackPointExtension>
            <ns3:hr>154</ns3:hr>
            <ns3:cad>91</ns3:cad>
          </ns3:TrackPointExtension>
        </extensions>
      </trkpt>
      <trkpt lat="31.278167702257633209228515625" lon="121.4775207079946994781494140625">
        <ele>9.19999980926513671875</ele>
        <time>2026-09-09T08:56:43.000Z</time>
        <extensions>
          <ns3:TrackPointExtension>
            <ns3:hr>154</ns3:hr>
            <ns3:cad>91</ns3:cad>
          </ns3:TrackPointExtension>
        </extensions>
      </trkpt>
      <trkpt lat="31.278191842138767242431640625" lon="121.47751249372959136962890625">
        <ele>9.19999980926513671875</ele>
        <time>2026-09-09T08:56:44.000Z</time>
        <extensions>
          <ns3:TrackPointExtension>
            <ns3:hr>154</ns3:hr>
            <ns3:cad>90</ns3:cad>
          </ns3:TrackPointExtension>
        </extensions>
      </trkpt>
      <trkpt lat="31.27820567227900028228759765625" lon="121.47750754840672016143798828125">
        <ele>9.19999980926513671875</ele>
        <time>2026-09-09T08:56:45.000Z</time>
        <extensions>
          <ns3:TrackPointExtension>
            <ns3:hr>154</ns3:hr>
            <ns3:cad>90</ns3:cad>
          </ns3:TrackPointExtension>
        </extensions>
      </trkpt>
      <trkpt lat="31.27821941860020160675048828125" lon="121.47750101052224636077880859375">
        <ele>9.3999996185302734375</ele>
        <time>2026-09-09T08:56:46.000Z</time>
        <extensions>
          <ns3:TrackPointExtension>
            <ns3:hr>154</ns3:hr>
            <ns3:cad>90</ns3:cad>
          </ns3:TrackPointExtension>
        </extensions>
      </trkpt>
      <trkpt lat="31.2782245315611362457275390625" lon="121.4774985797703266143798828125">
        <ele>9.3999996185302734375</ele>
        <time>2026-09-09T08:56:47.000Z</time>
        <extensions>
          <ns3:TrackPointExtension>
            <ns3:hr>154</ns3:hr>
            <ns3:cad>90</ns3:cad>
          </ns3:TrackPointExtension>
        </extensions>
      </trkpt>
      <trkpt lat="31.27823567949235439300537109375" lon="121.4774932153522968292236328125">
        <ele>9.3999996185302734375</ele>
        <time>2026-09-09T08:56:48.000Z</time>
        <extensions>
          <ns3:TrackPointExtension>
            <ns3:hr>155</ns3:hr>
            <ns3:cad>90</ns3:cad>
          </ns3:TrackPointExtension>
        </extensions>
      </trkpt>
      <trkpt lat="31.27824448049068450927734375" lon="121.47748894058167934417724609375">
        <ele>9.3999996185302734375</ele>
        <time>2026-09-09T08:56:49.000Z</time>
        <extensions>
          <ns3:TrackPointExtension>
            <ns3:hr>155</ns3:hr>
            <ns3:cad>90</ns3:cad>
          </ns3:TrackPointExtension>
        </extensions>
      </trkpt>
      <trkpt lat="31.278256885707378387451171875" lon="121.47748156450688838958740234375">
        <ele>9.6000003814697265625</ele>
        <time>2026-09-09T08:56:50.000Z</time>
        <extensions>
          <ns3:TrackPointExtension>
            <ns3:hr>155</ns3:hr>
            <ns3:cad>0</ns3:cad>
          </ns3:TrackPointExtension>
        </extensions>
      </trkpt>
      <trkpt lat="31.27827289514243602752685546875" lon="121.4774714224040508270263671875">
        <ele>9.6000003814697265625</ele>
        <time>2026-09-09T08:56:51.000Z</time>
        <extensions>
          <ns3:TrackPointExtension>
            <ns3:hr>155</ns3:hr>
            <ns3:cad>0</ns3:cad>
          </ns3:TrackPointExtension>
        </extensions>
      </trkpt>
      <trkpt lat="31.2782835401594638824462890625" lon="121.47746480070054531097412109375">
        <ele>9.80000019073486328125</ele>
        <time>2026-09-09T08:56:52.000Z</time>
        <extensions>
          <ns3:TrackPointExtension>
            <ns3:hr>155</ns3:hr>
            <ns3:cad>0</ns3:cad>
          </ns3:TrackPointExtension>
        </extensions>
      </trkpt>
      <trkpt lat="31.2782872281968593597412109375" lon="121.47746245376765727996826171875">
        <ele>10</ele>
        <time>2026-09-09T08:56:53.000Z</time>
        <extensions>
          <ns3:TrackPointExtension>
            <ns3:hr>155</ns3:hr>
            <ns3:cad>49</ns3:cad>
          </ns3:TrackPointExtension>
        </extensions>
      </trkpt>
      <trkpt lat="31.27829334698617458343505859375" lon="121.47745759226381778717041015625">
        <ele>10</ele>
        <time>2026-09-09T08:56:54.000Z</time>
        <extensions>
          <ns3:TrackPointExtension>
            <ns3:hr>155</ns3:hr>
            <ns3:cad>49</ns3:cad>
          </ns3:TrackPointExtension>
        </extensions>
      </trkpt>
      <trkpt lat="31.278299130499362945556640625" lon="121.4774529822170734405517578125">
        <ele>10.19999980926513671875</ele>
        <time>2026-09-09T08:56:55.000Z</time>
        <extensions>
          <ns3:TrackPointExtension>
            <ns3:hr>155</ns3:hr>
            <ns3:cad>49</ns3:cad>
          </ns3:TrackPointExtension>
        </extensions>
      </trkpt>
      <trkpt lat="31.2783046625554561614990234375" lon="121.47744853980839252471923828125">
        <ele>10.19999980926513671875</ele>
        <time>2026-09-09T08:56:56.000Z</time>
        <extensions>
          <ns3:TrackPointExtension>
            <ns3:hr>155</ns3:hr>
            <ns3:cad>49</ns3:cad>
          </ns3:TrackPointExtension>
        </extensions>
      </trkpt>
      <trkpt lat="31.278310529887676239013671875" lon="121.4774439297616481781005859375">
        <ele>10.3999996185302734375</ele>
        <time>2026-09-09T08:56:57.000Z</time>
        <extensions>
          <ns3:TrackPointExtension>
            <ns3:hr>155</ns3:hr>
            <ns3:cad>53</ns3:cad>
          </ns3:TrackPointExtension>
        </extensions>
      </trkpt>
      <trkpt lat="31.27831765450537204742431640625" lon="121.4774382300674915313720703125">
        <ele>10.3999996185302734375</ele>
        <time>2026-09-09T08:56:58.000Z</time>
        <extensions>
          <ns3:TrackPointExtension>
            <ns3:hr>155</ns3:hr>
            <ns3:cad>53</ns3:cad>
          </ns3:TrackPointExtension>
        </extensions>
      </trkpt>
      <trkpt lat="31.2783271260559558868408203125" lon="121.477430351078510284423828125">
        <ele>10.6000003814697265625</ele>
        <time>2026-09-09T08:56:59.000Z</time>
        <extensions>
          <ns3:TrackPointExtension>
            <ns3:hr>155</ns3:hr>
            <ns3:cad>53</ns3:cad>
          </ns3:TrackPointExtension>
        </extensions>
      </trkpt>
      <trkpt lat="31.2783323228359222412109375" lon="121.47742523811757564544677734375">
        <ele>10.80000019073486328125</ele>
        <time>2026-09-09T08:57:00.000Z</time>
        <extensions>
          <ns3:TrackPointExtension>
            <ns3:hr>154</ns3:hr>
            <ns3:cad>52</ns3:cad>
          </ns3:TrackPointExtension>
        </extensions>
      </trkpt>
      <trkpt lat="31.27833860926330089569091796875" lon="121.477418951690196990966796875">
        <ele>10.80000019073486328125</ele>
        <time>2026-09-09T08:57:01.000Z</time>
        <extensions>
          <ns3:TrackPointExtension>
            <ns3:hr>154</ns3:hr>
            <ns3:cad>52</ns3:cad>
          </ns3:TrackPointExtension>
        </extensions>
      </trkpt>
      <trkpt lat="31.27834715880453586578369140625" lon="121.47741048596799373626708984375">
        <ele>11</ele>
        <time>2026-09-09T08:57:02.000Z</time>
        <extensions>
          <ns3:TrackPointExtension>
            <ns3:hr>154</ns3:hr>
            <ns3:cad>0</ns3:cad>
          </ns3:TrackPointExtension>
        </extensions>
      </trkpt>
      <trkpt lat="31.278351433575153350830078125" lon="121.47740629501640796661376953125">
        <ele>11</ele>
        <time>2026-09-09T08:57:03.000Z</time>
        <extensions>
          <ns3:TrackPointExtension>
            <ns3:hr>154</ns3:hr>
            <ns3:cad>0</ns3:cad>
          </ns3:TrackPointExtension>
        </extensions>
      </trkpt>
      <trkpt lat="31.2783542834222316741943359375" lon="121.477403528988361358642578125">
        <ele>11</ele>
        <time>2026-09-09T08:57:04.000Z</time>
        <extensions>
          <ns3:TrackPointExtension>
            <ns3:hr>154</ns3:hr>
            <ns3:cad>0</ns3:cad>
          </ns3:TrackPointExtension>
        </extensions>
      </trkpt>
      <trkpt lat="31.27835470251739025115966796875" lon="121.4774030260741710662841796875">
        <ele>11</ele>
        <time>2026-09-09T08:57:05.000Z</time>
        <extensions>
          <ns3:TrackPointExtension>
            <ns3:hr>153</ns3:hr>
            <ns3:cad>0</ns3:cad>
          </ns3:TrackPointExtension>
        </extensions>
      </trkpt>
      <trkpt lat="31.27835889346897602081298828125" lon="121.477398835122585296630859375">
        <ele>11</ele>
        <time>2026-09-09T08:57:06.000Z</time>
        <extensions>
          <ns3:TrackPointExtension>
            <ns3:hr>153</ns3:hr>
            <ns3:cad>0</ns3:cad>
          </ns3:TrackPointExtension>
        </extensions>
      </trkpt>
      <trkpt lat="31.2783616594970226287841796875" lon="121.47739590145647525787353515625">
        <ele>11.19999980926513671875</ele>
        <time>2026-09-09T08:57:07.000Z</time>
        <extensions>
          <ns3:TrackPointExtension>
            <ns3:hr>153</ns3:hr>
            <ns3:cad>0</ns3:cad>
          </ns3:TrackPointExtension>
        </extensions>
      </trkpt>
      <trkpt lat="31.27836652100086212158203125" lon="121.4773899503052234649658203125">
        <ele>11.19999980926513671875</ele>
        <time>2026-09-09T08:57:08.000Z</time>
        <extensions>
          <ns3:TrackPointExtension>
            <ns3:hr>153</ns3:hr>
            <ns3:cad>0</ns3:cad>
          </ns3:TrackPointExtension>
        </extensions>
      </trkpt>
      <trkpt lat="31.27837766893208026885986328125" lon="121.4773763716220855712890625">
        <ele>11.3999996185302734375</ele>
        <time>2026-09-09T08:57:09.000Z</time>
        <extensions>
          <ns3:TrackPointExtension>
            <ns3:hr>153</ns3:hr>
            <ns3:cad>0</ns3:cad>
          </ns3:TrackPointExtension>
        </extensions>
      </trkpt>
      <trkpt lat="31.278382278978824615478515625" lon="121.477370671927928924560546875">
        <ele>11.3999996185302734375</ele>
        <time>2026-09-09T08:57:10.000Z</time>
        <extensions>
          <ns3:TrackPointExtension>
            <ns3:hr>153</ns3:hr>
            <ns3:cad>0</ns3:cad>
          </ns3:TrackPointExtension>
        </extensions>
      </trkpt>
      <trkpt lat="31.278388984501361846923828125" lon="121.47736254148185253143310546875">
        <ele>11.6000003814697265625</ele>
        <time>2026-09-09T08:57:11.000Z</time>
        <extensions>
          <ns3:TrackPointExtension>
            <ns3:hr>153</ns3:hr>
            <ns3:cad>0</ns3:cad>
          </ns3:TrackPointExtension>
        </extensions>
      </trkpt>
      <trkpt lat="31.2783955223858356475830078125" lon="121.47735365666449069976806640625">
        <ele>11.6000003814697265625</ele>
        <time>2026-09-09T08:57:12.000Z</time>
        <extensions>
          <ns3:TrackPointExtension>
            <ns3:hr>153</ns3:hr>
            <ns3:cad>0</ns3:cad>
          </ns3:TrackPointExtension>
        </extensions>
      </trkpt>
      <trkpt lat="31.27840817905962467193603515625" lon="121.4773346297442913055419921875">
        <ele>11.80000019073486328125</ele>
        <time>2026-09-09T08:57:13.000Z</time>
        <extensions>
          <ns3:TrackPointExtension>
            <ns3:hr>153</ns3:hr>
            <ns3:cad>50</ns3:cad>
          </ns3:TrackPointExtension>
        </extensions>
      </trkpt>
      <trkpt lat="31.278415806591510772705078125" lon="121.47732297889888286590576171875">
        <ele>11.6000003814697265625</ele>
        <time>2026-09-09T08:57:14.000Z</time>
        <extensions>
          <ns3:TrackPointExtension>
            <ns3:hr>154</ns3:hr>
            <ns3:cad>50</ns3:cad>
          </ns3:TrackPointExtension>
        </extensions>
      </trkpt>
      <trkpt lat="31.278422512114048004150390625" lon="121.47731225006282329559326171875">
        <ele>11.6000003814697265625</ele>
        <time>2026-09-09T08:57:15.000Z</time>
        <extensions>
          <ns3:TrackPointExtension>
            <ns3:hr>154</ns3:hr>
            <ns3:cad>0</ns3:cad>
          </ns3:TrackPointExtension>
        </extensions>
      </trkpt>
      <trkpt lat="31.27842410467565059661865234375" lon="121.47730923257768154144287109375">
        <ele>11.3999996185302734375</ele>
        <time>2026-09-09T08:57:16.000Z</time>
        <extensions>
          <ns3:TrackPointExtension>
            <ns3:hr>154</ns3:hr>
            <ns3:cad>0</ns3:cad>
          </ns3:TrackPointExtension>
        </extensions>
      </trkpt>
      <trkpt lat="31.27841991372406482696533203125" lon="121.47731677629053592681884765625">
        <ele>11.6000003814697265625</ele>
        <time>2026-09-09T08:57:17.000Z</time>
        <extensions>
          <ns3:TrackPointExtension>
            <ns3:hr>152</ns3:hr>
            <ns3:cad>0</ns3:cad>
          </ns3:TrackPointExtension>
        </extensions>
      </trkpt>
      <trkpt lat="31.27842175774276256561279296875" lon="121.477313674986362457275390625">
        <ele>11.6000003814697265625</ele>
        <time>2026-09-09T08:57:18.000Z</time>
        <extensions>
          <ns3:TrackPointExtension>
            <ns3:hr>152</ns3:hr>
            <ns3:cad>0</ns3:cad>
          </ns3:TrackPointExtension>
        </extensions>
      </trkpt>
      <trkpt lat="31.278421171009540557861328125" lon="121.47731476463377475738525390625">
        <ele>11.6000003814697265625</ele>
        <time>2026-09-09T08:57:19.000Z</time>
        <extensions>
          <ns3:TrackPointExtension>
            <ns3:hr>150</ns3:hr>
            <ns3:cad>0</ns3:cad>
          </ns3:TrackPointExtension>
        </extensions>
      </trkpt>
      <trkpt lat="31.27842259593307971954345703125" lon="121.47731208242475986480712890625">
        <ele>11.6000003814697265625</ele>
        <time>2026-09-09T08:57:20.000Z</time>
        <extensions>
          <ns3:TrackPointExtension>
            <ns3:hr>147</ns3:hr>
            <ns3:cad>0</ns3:cad>
          </ns3:TrackPointExtension>
        </extensions>
      </trkpt>
      <trkpt lat="31.27842326648533344268798828125" lon="121.4773108251392841339111328125">
        <ele>11.6000003814697265625</ele>
        <time>2026-09-09T08:57:21.000Z</time>
        <extensions>
          <ns3:TrackPointExtension>
            <ns3:hr>147</ns3:hr>
            <ns3:cad>0</ns3:cad>
          </ns3:TrackPointExtension>
        </extensions>
      </trkpt>
      <trkpt lat="31.27842879854142665863037109375" lon="121.47730034776031970977783203125">
        <ele>11.3999996185302734375</ele>
        <time>2026-09-09T08:57:22.000Z</time>
        <extensions>
          <ns3:TrackPointExtension>
            <ns3:hr>146</ns3:hr>
            <ns3:cad>0</ns3:cad>
          </ns3:TrackPointExtension>
        </extensions>
      </trkpt>
      <trkpt lat="31.2784330733120441436767578125" lon="121.47729230113327503204345703125">
        <ele>11.3999996185302734375</ele>
        <time>2026-09-09T08:57:23.000Z</time>
        <extensions>
          <ns3:TrackPointExtension>
            <ns3:hr>145</ns3:hr>
            <ns3:cad>0</ns3:cad>
          </ns3:TrackPointExtension>
        </extensions>
      </trkpt>
      <trkpt lat="31.27843433059751987457275390625" lon="121.47728987038135528564453125">
        <ele>11.3999996185302734375</ele>
        <time>2026-09-09T08:57:24.000Z</time>
        <extensions>
          <ns3:TrackPointExtension>
            <ns3:hr>145</ns3:hr>
            <ns3:cad>0</ns3:cad>
          </ns3:TrackPointExtension>
        </extensions>
      </trkpt>
      <trkpt lat="31.278436593711376190185546875" lon="121.47728559561073780059814453125">
        <ele>11.19999980926513671875</ele>
        <time>2026-09-09T08:57:25.000Z</time>
        <extensions>
          <ns3:TrackPointExtension>
            <ns3:hr>144</ns3:hr>
            <ns3:cad>0</ns3:cad>
          </ns3:TrackPointExtension>
        </extensions>
      </trkpt>
      <trkpt lat="31.27843935973942279815673828125" lon="121.4772803150117397308349609375">
        <ele>11.19999980926513671875</ele>
        <time>2026-09-09T08:57:26.000Z</time>
        <extensions>
          <ns3:TrackPointExtension>
            <ns3:hr>144</ns3:hr>
            <ns3:cad>0</ns3:cad>
          </ns3:TrackPointExtension>
        </extensions>
      </trkpt>
      <trkpt lat="31.278445981442928314208984375" lon="121.4772672392427921295166015625">
        <ele>11.19999980926513671875</ele>
        <time>2026-09-09T08:57:27.000Z</time>
        <extensions>
          <ns3:TrackPointExtension>
            <ns3:hr>143</ns3:hr>
            <ns3:cad>0</ns3:cad>
          </ns3:TrackPointExtension>
        </extensions>
      </trkpt>
      <trkpt lat="31.27845696173608303070068359375" lon="121.47724066860973834991455078125">
        <ele>10.80000019073486328125</ele>
        <time>2026-09-09T08:57:28.000Z</time>
        <extensions>
          <ns3:TrackPointExtension>
            <ns3:hr>142</ns3:hr>
            <ns3:cad>0</ns3:cad>
          </ns3:TrackPointExtension>
        </extensions>
      </trkpt>
      <trkpt lat="31.27846215851604938507080078125" lon="121.47722809575498104095458984375">
        <ele>10.80000019073486328125</ele>
        <time>2026-09-09T08:57:29.000Z</time>
        <extensions>
          <ns3:TrackPointExtension>
            <ns3:hr>141</ns3:hr>
            <ns3:cad>48</ns3:cad>
          </ns3:TrackPointExtension>
        </extensions>
      </trkpt>
      <trkpt lat="31.27846584655344486236572265625" lon="121.477218456566333770751953125">
        <ele>10.6000003814697265625</ele>
        <time>2026-09-09T08:57:30.000Z</time>
        <extensions>
          <ns3:TrackPointExtension>
            <ns3:hr>141</ns3:hr>
            <ns3:cad>48</ns3:cad>
          </ns3:TrackPointExtension>
        </extensions>
      </trkpt>
      <trkpt lat="31.27846836112439632415771484375" lon="121.47721032612025737762451171875">
        <ele>10.6000003814697265625</ele>
        <time>2026-09-09T08:57:31.000Z</time>
        <extensions>
          <ns3:TrackPointExtension>
            <ns3:hr>139</ns3:hr>
            <ns3:cad>48</ns3:cad>
          </ns3:TrackPointExtension>
        </extensions>
      </trkpt>
      <trkpt lat="31.27847540192306041717529296875" lon="121.4771874435245990753173828125">
        <ele>10.3999996185302734375</ele>
        <time>2026-09-09T08:57:32.000Z</time>
        <extensions>
          <ns3:TrackPointExtension>
            <ns3:hr>139</ns3:hr>
            <ns3:cad>0</ns3:cad>
          </ns3:TrackPointExtension>
        </extensions>
      </trkpt>
      <trkpt lat="31.2784790061414241790771484375" lon="121.477175541222095489501953125">
        <ele>10.19999980926513671875</ele>
        <time>2026-09-09T08:57:33.000Z</time>
        <extensions>
          <ns3:TrackPointExtension>
            <ns3:hr>138</ns3:hr>
            <ns3:cad>0</ns3:cad>
          </ns3:TrackPointExtension>
        </extensions>
      </trkpt>
      <trkpt lat="31.27848143689334392547607421875" lon="121.47716623730957508087158203125">
        <ele>10.19999980926513671875</ele>
        <time>2026-09-09T08:57:34.000Z</time>
        <extensions>
          <ns3:TrackPointExtension>
            <ns3:hr>134</ns3:hr>
            <ns3:cad>0</ns3:cad>
          </ns3:TrackPointExtension>
        </extensions>
      </trkpt>
      <trkpt lat="31.278483532369136810302734375" lon="121.4771565981209278106689453125">
        <ele>10</ele>
        <time>2026-09-09T08:57:35.000Z</time>
        <extensions>
          <ns3:TrackPointExtension>
            <ns3:hr>134</ns3:hr>
            <ns3:cad>0</ns3:cad>
          </ns3:TrackPointExtension>
        </extensions>
      </trkpt>
      <trkpt lat="31.27848797477781772613525390625" lon="121.4771349728107452392578125">
        <ele>9.80000019073486328125</ele>
        <time>2026-09-09T08:57:36.000Z</time>
        <extensions>
          <ns3:TrackPointExtension>
            <ns3:hr>132</ns3:hr>
            <ns3:cad>0</ns3:cad>
          </ns3:TrackPointExtension>
        </extensions>
      </trkpt>
      <trkpt lat="31.27849015407264232635498046875" lon="121.47712466306984424591064453125">
        <ele>9.80000019073486328125</ele>
        <time>2026-09-09T08:57:37.000Z</time>
        <extensions>
          <ns3:TrackPointExtension>
            <ns3:hr>128</ns3:hr>
            <ns3:cad>0</ns3:cad>
          </ns3:TrackPointExtension>
        </extensions>
      </trkpt>
      <trkpt lat="31.27849166281521320343017578125" lon="121.47711711935698986053466796875">
        <ele>9.6000003814697265625</ele>
        <time>2026-09-09T08:57:38.000Z</time>
        <extensions>
          <ns3:TrackPointExtension>
            <ns3:hr>128</ns3:hr>
            <ns3:cad>0</ns3:cad>
          </ns3:TrackPointExtension>
        </extensions>
      </trkpt>
      <trkpt lat="31.2784927524626255035400390625" lon="121.47710773162543773651123046875">
        <ele>9.6000003814697265625</ele>
        <time>2026-09-09T08:57:39.000Z</time>
        <extensions>
          <ns3:TrackPointExtension>
            <ns3:hr>127</ns3:hr>
            <ns3:cad>0</ns3:cad>
          </ns3:TrackPointExtension>
        </extensions>
      </trkpt>
      <trkpt lat="31.27849518321454524993896484375" lon="121.4770866930484771728515625">
        <ele>9.3999996185302734375</ele>
        <time>2026-09-09T08:57:40.000Z</time>
        <extensions>
          <ns3:TrackPointExtension>
            <ns3:hr>127</ns3:hr>
            <ns3:cad>0</ns3:cad>
          </ns3:TrackPointExtension>
        </extensions>
      </trkpt>
      <trkpt lat="31.27849635668098926544189453125" lon="121.47707671858370304107666015625">
        <ele>9.19999980926513671875</ele>
        <time>2026-09-09T08:57:41.000Z</time>
        <extensions>
          <ns3:TrackPointExtension>
            <ns3:hr>127</ns3:hr>
            <ns3:cad>0</ns3:cad>
          </ns3:TrackPointExtension>
        </extensions>
      </trkpt>
      <trkpt lat="31.27849702723324298858642578125" lon="121.4770711027085781097412109375">
        <ele>9.19999980926513671875</ele>
        <time>2026-09-09T08:57:42.000Z</time>
        <extensions>
          <ns3:TrackPointExtension>
            <ns3:hr>126</ns3:hr>
            <ns3:cad>0</ns3:cad>
          </ns3:TrackPointExtension>
        </extensions>
      </trkpt>
      <trkpt lat="31.27849803306162357330322265625" lon="121.47705693729221820831298828125">
        <ele>9</ele>
        <time>2026-09-09T08:57:43.000Z</time>
        <extensions>
          <ns3:TrackPointExtension>
            <ns3:hr>126</ns3:hr>
            <ns3:cad>0</ns3:cad>
          </ns3:TrackPointExtension>
        </extensions>
      </trkpt>
      <trkpt lat="31.27849853597581386566162109375" lon="121.47703682072460651397705078125">
        <ele>8.80000019073486328125</ele>
        <time>2026-09-09T08:57:44.000Z</time>
        <extensions>
          <ns3:TrackPointExtension>
            <ns3:hr>125</ns3:hr>
            <ns3:cad>0</ns3:cad>
          </ns3:TrackPointExtension>
        </extensions>
      </trkpt>
      <trkpt lat="31.2784987874329090118408203125" lon="121.4770251698791980743408203125">
        <ele>8.6000003814697265625</ele>
        <time>2026-09-09T08:57:45.000Z</time>
        <extensions>
          <ns3:TrackPointExtension>
            <ns3:hr>122</ns3:hr>
            <ns3:cad>0</ns3:cad>
          </ns3:TrackPointExtension>
        </extensions>
      </trkpt>
      <trkpt lat="31.27849887125194072723388671875" lon="121.47702475078403949737548828125">
        <ele>8.6000003814697265625</ele>
        <time>2026-09-09T08:57:46.000Z</time>
        <extensions>
          <ns3:TrackPointExtension>
            <ns3:hr>122</ns3:hr>
            <ns3:cad>0</ns3:cad>
          </ns3:TrackPointExtension>
        </extensions>
      </trkpt>
      <trkpt lat="31.27849903889000415802001953125" lon="121.47701838053762912750244140625">
        <ele>8.6000003814697265625</ele>
        <time>2026-09-09T08:57:47.000Z</time>
        <extensions>
          <ns3:TrackPointExtension>
            <ns3:hr>118</ns3:hr>
            <ns3:cad>0</ns3:cad>
          </ns3:TrackPointExtension>
        </extensions>
      </trkpt>
      <trkpt lat="31.27849920652806758880615234375" lon="121.4770100824534893035888671875">
        <ele>8.3999996185302734375</ele>
        <time>2026-09-09T08:57:48.000Z</time>
        <extensions>
          <ns3:TrackPointExtension>
            <ns3:hr>116</ns3:hr>
            <ns3:cad>0</ns3:cad>
          </ns3:TrackPointExtension>
        </extensions>
      </trkpt>
      <trkpt lat="31.27849853597581386566162109375" lon="121.47700061090290546417236328125">
        <ele>8.3999996185302734375</ele>
        <time>2026-09-09T08:57:49.000Z</time>
        <extensions>
          <ns3:TrackPointExtension>
            <ns3:hr>116</ns3:hr>
            <ns3:cad>0</ns3:cad>
          </ns3:TrackPointExtension>
        </extensions>
      </trkpt>
      <trkpt lat="31.27849685959517955780029296875" lon="121.47697395645081996917724609375">
        <ele>8</ele>
        <time>2026-09-09T08:57:50.000Z</time>
        <extensions>
          <ns3:TrackPointExtension>
            <ns3:hr>115</ns3:hr>
            <ns3:cad>0</ns3:cad>
          </ns3:TrackPointExtension>
        </extensions>
      </trkpt>
      <trkpt lat="31.27849602140486240386962890625" lon="121.4769597910344600677490234375">
        <ele>8</ele>
        <time>2026-09-09T08:57:51.000Z</time>
        <extensions>
          <ns3:TrackPointExtension>
            <ns3:hr>113</ns3:hr>
            <ns3:cad>0</ns3:cad>
          </ns3:TrackPointExtension>
        </extensions>
      </trkpt>
      <trkpt lat="31.27849501557648181915283203125" lon="121.47695191204547882080078125">
        <ele>7.80000019073486328125</ele>
        <time>2026-09-09T08:57:52.000Z</time>
        <extensions>
          <ns3:TrackPointExtension>
            <ns3:hr>113</ns3:hr>
            <ns3:cad>50</ns3:cad>
          </ns3:TrackPointExtension>
        </extensions>
      </trkpt>
      <trkpt lat="31.27849124372005462646484375" lon="121.47692735306918621063232421875">
        <ele>7.599999904632568359375</ele>
        <time>2026-09-09T08:57:53.000Z</time>
        <extensions>
          <ns3:TrackPointExtension>
            <ns3:hr>110</ns3:hr>
            <ns3:cad>52</ns3:cad>
          </ns3:TrackPointExtension>
        </extensions>
      </trkpt>
      <trkpt lat="31.27849124372005462646484375" lon="121.47692735306918621063232421875">
        <ele>7.599999904632568359375</ele>
        <time>2026-09-09T08:57:54.000Z</time>
        <extensions>
          <ns3:TrackPointExtension>
            <ns3:hr>108</ns3:hr>
            <ns3:cad>52</ns3:cad>
          </ns3:TrackPointExtension>
        </extensions>
      </trkpt>
      <trkpt lat="31.27848990261554718017578125" lon="121.47691880352795124053955078125">
        <ele>7.599999904632568359375</ele>
        <time>2026-09-09T08:57:55.000Z</time>
        <extensions>
          <ns3:TrackPointExtension>
            <ns3:hr>108</ns3:hr>
            <ns3:cad>52</ns3:cad>
          </ns3:TrackPointExtension>
        </extensions>
      </trkpt>
      <trkpt lat="31.27848856151103973388671875" lon="121.4769098348915576934814453125">
        <ele>7.400000095367431640625</ele>
        <time>2026-09-09T08:57:56.000Z</time>
        <extensions>
          <ns3:TrackPointExtension>
            <ns3:hr>104</ns3:hr>
            <ns3:cad>53</ns3:cad>
          </ns3:TrackPointExtension>
        </extensions>
      </trkpt>
      <trkpt lat="31.27848680131137371063232421875" lon="121.47690036334097385406494140625">
        <ele>7.400000095367431640625</ele>
        <time>2026-09-09T08:57:57.000Z</time>
        <extensions>
          <ns3:TrackPointExtension>
            <ns3:hr>103</ns3:hr>
            <ns3:cad>53</ns3:cad>
          </ns3:TrackPointExtension>
        </extensions>
      </trkpt>
      <trkpt lat="31.278483532369136810302734375" lon="121.4768873713910579681396484375">
        <ele>7.19999980926513671875</ele>
        <time>2026-09-09T08:57:58.000Z</time>
        <extensions>
          <ns3:TrackPointExtension>
            <ns3:hr>103</ns3:hr>
            <ns3:cad>53</ns3:cad>
          </ns3:TrackPointExtension>
        </extensions>
      </trkpt>
      <trkpt lat="31.2784783355891704559326171875" lon="121.4768665842711925506591796875">
        <ele>7</ele>
        <time>2026-09-09T08:57:59.000Z</time>
        <extensions>
          <ns3:TrackPointExtension>
            <ns3:hr>104</ns3:hr>
            <ns3:cad>53</ns3:cad>
          </ns3:TrackPointExtension>
        </extensions>
      </trkpt>
      <trkpt lat="31.27847406081855297088623046875" lon="121.47684998810291290283203125">
        <ele>7.19999980926513671875</ele>
        <time>2026-09-09T08:58:00.000Z</time>
        <extensions>
          <ns3:TrackPointExtension>
            <ns3:hr>104</ns3:hr>
            <ns3:cad>53</ns3:cad>
          </ns3:TrackPointExtension>
        </extensions>
      </trkpt>
      <trkpt lat="31.278470791876316070556640625" lon="121.4768407680094242095947265625">
        <ele>7.400000095367431640625</ele>
        <time>2026-09-09T08:58:01.000Z</time>
        <extensions>
          <ns3:TrackPointExtension>
            <ns3:hr>104</ns3:hr>
            <ns3:cad>54</ns3:cad>
          </ns3:TrackPointExtension>
        </extensions>
      </trkpt>
      <trkpt lat="31.27846400253474712371826171875" lon="121.4768213219940662384033203125">
        <ele>7.599999904632568359375</ele>
        <time>2026-09-09T08:58:02.000Z</time>
        <extensions>
          <ns3:TrackPointExtension>
            <ns3:hr>104</ns3:hr>
            <ns3:cad>54</ns3:cad>
          </ns3:TrackPointExtension>
        </extensions>
      </trkpt>
      <trkpt lat="31.2784612365067005157470703125" lon="121.47681352682411670684814453125">
        <ele>7.599999904632568359375</ele>
        <time>2026-09-09T08:58:03.000Z</time>
        <extensions>
          <ns3:TrackPointExtension>
            <ns3:hr>104</ns3:hr>
            <ns3:cad>54</ns3:cad>
          </ns3:TrackPointExtension>
        </extensions>
      </trkpt>
      <trkpt lat="31.278458051383495330810546875" lon="121.47680430673062801361083984375">
        <ele>7.80000019073486328125</ele>
        <time>2026-09-09T08:58:04.000Z</time>
        <extensions>
          <ns3:TrackPointExtension>
            <ns3:hr>103</ns3:hr>
            <ns3:cad>53</ns3:cad>
          </ns3:TrackPointExtension>
        </extensions>
      </trkpt>
      <trkpt lat="31.2784558720886707305908203125" lon="121.47679894231259822845458984375">
        <ele>7.80000019073486328125</ele>
        <time>2026-09-09T08:58:05.000Z</time>
        <extensions>
          <ns3:TrackPointExtension>
            <ns3:hr>103</ns3:hr>
            <ns3:cad>52</ns3:cad>
          </ns3:TrackPointExtension>
        </extensions>
      </trkpt>
      <trkpt lat="31.2784531898796558380126953125" lon="121.4767931587994098663330078125">
        <ele>7.80000019073486328125</ele>
        <time>2026-09-09T08:58:06.000Z</time>
        <extensions>
          <ns3:TrackPointExtension>
            <ns3:hr>104</ns3:hr>
            <ns3:cad>51</ns3:cad>
          </ns3:TrackPointExtension>
        </extensions>
      </trkpt>
      <trkpt lat="31.278451345860958099365234375" lon="121.47678905166685581207275390625">
        <ele>7.80000019073486328125</ele>
        <time>2026-09-09T08:58:07.000Z</time>
        <extensions>
          <ns3:TrackPointExtension>
            <ns3:hr>104</ns3:hr>
            <ns3:cad>51</ns3:cad>
          </ns3:TrackPointExtension>
        </extensions>
      </trkpt>
      <trkpt lat="31.27844455651938915252685546875" lon="121.4767743833363056182861328125">
        <ele>8</ele>
        <time>2026-09-09T08:58:08.000Z</time>
        <extensions>
          <ns3:TrackPointExtension>
            <ns3:hr>99</ns3:hr>
            <ns3:cad>51</ns3:cad>
          </ns3:TrackPointExtension>
        </extensions>
      </trkpt>
      <trkpt lat="31.27844430506229400634765625" lon="121.47677379660308361053466796875">
        <ele>8</ele>
        <time>2026-09-09T08:58:09.000Z</time>
        <extensions>
          <ns3:TrackPointExtension>
            <ns3:hr>99</ns3:hr>
            <ns3:cad>51</ns3:cad>
          </ns3:TrackPointExtension>
        </extensions>
      </trkpt>
      <trkpt lat="31.278439275920391082763671875" lon="121.47676290012896060943603515625">
        <ele>8.19999980926513671875</ele>
        <time>2026-09-09T08:58:10.000Z</time>
        <extensions>
          <ns3:TrackPointExtension>
            <ns3:hr>97</ns3:hr>
            <ns3:cad>51</ns3:cad>
          </ns3:TrackPointExtension>
        </extensions>
      </trkpt>
      <trkpt lat="31.27843500114977359771728515625" lon="121.476753763854503631591796875">
        <ele>8.19999980926513671875</ele>
        <time>2026-09-09T08:58:11.000Z</time>
        <extensions>
          <ns3:TrackPointExtension>
            <ns3:hr>96</ns3:hr>
            <ns3:cad>51</ns3:cad>
          </ns3:TrackPointExtension>
        </extensions>
      </trkpt>
      <trkpt lat="31.27843164838850498199462890625" lon="121.4767478965222835540771484375">
        <ele>8.3999996185302734375</ele>
        <time>2026-09-09T08:58:12.000Z</time>
        <extensions>
          <ns3:TrackPointExtension>
            <ns3:hr>96</ns3:hr>
            <ns3:cad>50</ns3:cad>
          </ns3:TrackPointExtension>
        </extensions>
      </trkpt>
      <trkpt lat="31.2784256972372531890869140625" lon="121.476737670600414276123046875">
        <ele>8.3999996185302734375</ele>
        <time>2026-09-09T08:58:13.000Z</time>
        <extensions>
          <ns3:TrackPointExtension>
            <ns3:hr>96</ns3:hr>
            <ns3:cad>49</ns3:cad>
          </ns3:TrackPointExtension>
        </extensions>
      </trkpt>
      <trkpt lat="31.27842008136212825775146484375" lon="121.47672803141176700592041015625">
        <ele>8.6000003814697265625</ele>
        <time>2026-09-09T08:58:14.000Z</time>
        <extensions>
          <ns3:TrackPointExtension>
            <ns3:hr>96</ns3:hr>
            <ns3:cad>50</ns3:cad>
          </ns3:TrackPointExtension>
        </extensions>
      </trkpt>
      <trkpt lat="31.2784122861921787261962890625" lon="121.4767147041857242584228515625">
        <ele>8.6000003814697265625</ele>
        <time>2026-09-09T08:58:15.000Z</time>
        <extensions>
          <ns3:TrackPointExtension>
            <ns3:hr>95</ns3:hr>
            <ns3:cad>53</ns3:cad>
          </ns3:TrackPointExtension>
        </extensions>
      </trkpt>
      <trkpt lat="31.2784047424793243408203125" lon="121.4767033047974109649658203125">
        <ele>8.80000019073486328125</ele>
        <time>2026-09-09T08:58:16.000Z</time>
        <extensions>
          <ns3:TrackPointExtension>
            <ns3:hr>95</ns3:hr>
            <ns3:cad>53</ns3:cad>
          </ns3:TrackPointExtension>
        </extensions>
      </trkpt>
      <trkpt lat="31.278403066098690032958984375" lon="121.4767009578645229339599609375">
        <ele>8.80000019073486328125</ele>
        <time>2026-09-09T08:58:17.000Z</time>
        <extensions>
          <ns3:TrackPointExtension>
            <ns3:hr>95</ns3:hr>
            <ns3:cad>51</ns3:cad>
          </ns3:TrackPointExtension>
        </extensions>
      </trkpt>
      <trkpt lat="31.2784102745354175567626953125" lon="121.4767111837863922119140625">
        <ele>8.80000019073486328125</ele>
        <time>2026-09-09T08:58:18.000Z</time>
        <extensions>
          <ns3:TrackPointExtension>
            <ns3:hr>95</ns3:hr>
            <ns3:cad>51</ns3:cad>
          </ns3:TrackPointExtension>
        </extensions>
      </trkpt>
      <trkpt lat="31.27841689623892307281494140625" lon="121.47672258317470550537109375">
        <ele>8.6000003814697265625</ele>
        <time>2026-09-09T08:58:19.000Z</time>
        <extensions>
          <ns3:TrackPointExtension>
            <ns3:hr>94</ns3:hr>
            <ns3:cad>51</ns3:cad>
          </ns3:TrackPointExtension>
        </extensions>
      </trkpt>
      <trkpt lat="31.2784213386476039886474609375" lon="121.47673021070659160614013671875">
        <ele>8.6000003814697265625</ele>
        <time>2026-09-09T08:58:20.000Z</time>
        <extensions>
          <ns3:TrackPointExtension>
            <ns3:hr>94</ns3:hr>
            <ns3:cad>51</ns3:cad>
          </ns3:TrackPointExtension>
        </extensions>
      </trkpt>
      <trkpt lat="31.27842410467565059661865234375" lon="121.476734988391399383544921875">
        <ele>8.3999996185302734375</ele>
        <time>2026-09-09T08:58:21.000Z</time>
        <extensions>
          <ns3:TrackPointExtension>
            <ns3:hr>94</ns3:hr>
            <ns3:cad>54</ns3:cad>
          </ns3:TrackPointExtension>
        </extensions>
      </trkpt>
      <trkpt lat="31.27842796035110950469970703125" lon="121.47674161009490489959716796875">
        <ele>8.3999996185302734375</ele>
        <time>2026-09-09T08:58:22.000Z</time>
        <extensions>
          <ns3:TrackPointExtension>
            <ns3:hr>94</ns3:hr>
            <ns3:cad>54</ns3:cad>
          </ns3:TrackPointExtension>
        </extensions>
      </trkpt>
      <trkpt lat="31.27843298949301242828369140625" lon="121.4767502434551715850830078125">
        <ele>8.19999980926513671875</ele>
        <time>2026-09-09T08:58:23.000Z</time>
        <extensions>
          <ns3:TrackPointExtension>
            <ns3:hr>94</ns3:hr>
            <ns3:cad>54</ns3:cad>
          </ns3:TrackPointExtension>
        </extensions>
      </trkpt>
      <trkpt lat="31.27843868918716907501220703125" lon="121.47676147520542144775390625">
        <ele>8.19999980926513671875</ele>
        <time>2026-09-09T08:58:24.000Z</time>
        <extensions>
          <ns3:TrackPointExtension>
            <ns3:hr>94</ns3:hr>
            <ns3:cad>54</ns3:cad>
          </ns3:TrackPointExtension>
        </extensions>
      </trkpt>
      <trkpt lat="31.27844723872840404510498046875" lon="121.47678016684949398040771484375">
        <ele>8</ele>
        <time>2026-09-09T08:58:25.000Z</time>
        <extensions>
          <ns3:TrackPointExtension>
            <ns3:hr>92</ns3:hr>
            <ns3:cad>54</ns3:cad>
          </ns3:TrackPointExtension>
        </extensions>
      </trkpt>
      <trkpt lat="31.2784515134990215301513671875" lon="121.47678955458104610443115234375">
        <ele>7.80000019073486328125</ele>
        <time>2026-09-09T08:58:26.000Z</time>
        <extensions>
          <ns3:TrackPointExtension>
            <ns3:hr>92</ns3:hr>
            <ns3:cad>54</ns3:cad>
          </ns3:TrackPointExtension>
        </extensions>
      </trkpt>
      <trkpt lat="31.27845394425094127655029296875" lon="121.476794667541980743408203125">
        <ele>7.80000019073486328125</ele>
        <time>2026-09-09T08:58:27.000Z</time>
        <extensions>
          <ns3:TrackPointExtension>
            <ns3:hr>91</ns3:hr>
            <ns3:cad>54</ns3:cad>
          </ns3:TrackPointExtension>
        </extensions>
      </trkpt>
      <trkpt lat="31.2784578837454319000244140625" lon="121.476803719997406005859375">
        <ele>7.80000019073486328125</ele>
        <time>2026-09-09T08:58:28.000Z</time>
        <extensions>
          <ns3:TrackPointExtension>
            <ns3:hr>90</ns3:hr>
            <ns3:cad>54</ns3:cad>
          </ns3:TrackPointExtension>
        </extensions>
      </trkpt>
      <trkpt lat="31.27845863811671733856201171875" lon="121.4768058992922306060791015625">
        <ele>7.599999904632568359375</ele>
        <time>2026-09-09T08:58:29.000Z</time>
        <extensions>
          <ns3:TrackPointExtension>
            <ns3:hr>90</ns3:hr>
            <ns3:cad>51</ns3:cad>
          </ns3:TrackPointExtension>
        </extensions>
      </trkpt>
      <trkpt lat="31.27846282906830310821533203125" lon="121.4768179692327976226806640625">
        <ele>7.599999904632568359375</ele>
        <time>2026-09-09T08:58:30.000Z</time>
        <extensions>
          <ns3:TrackPointExtension>
            <ns3:hr>90</ns3:hr>
            <ns3:cad>51</ns3:cad>
          </ns3:TrackPointExtension>
        </extensions>
      </trkpt>
      <trkpt lat="31.27846442162990570068359375" lon="121.47682257927954196929931640625">
        <ele>7.599999904632568359375</ele>
        <time>2026-09-09T08:58:31.000Z</time>
        <extensions>
          <ns3:TrackPointExtension>
            <ns3:hr>89</ns3:hr>
            <ns3:cad>51</ns3:cad>
          </ns3:TrackPointExtension>
        </extensions>
      </trkpt>
      <trkpt lat="31.2784672714769840240478515625" lon="121.47683062590658664703369140625">
        <ele>7.400000095367431640625</ele>
        <time>2026-09-09T08:58:32.000Z</time>
        <extensions>
          <ns3:TrackPointExtension>
            <ns3:hr>89</ns3:hr>
            <ns3:cad>51</ns3:cad>
          </ns3:TrackPointExtension>
        </extensions>
      </trkpt>
      <trkpt lat="31.2784691154956817626953125" lon="121.47683599032461643218994140625">
        <ele>7.400000095367431640625</ele>
        <time>2026-09-09T08:58:33.000Z</time>
        <extensions>
          <ns3:TrackPointExtension>
            <ns3:hr>89</ns3:hr>
            <ns3:cad>51</ns3:cad>
          </ns3:TrackPointExtension>
        </extensions>
      </trkpt>
      <trkpt lat="31.278470121324062347412109375" lon="121.4768387563526630401611328125">
        <ele>7.400000095367431640625</ele>
        <time>2026-09-09T08:58:34.000Z</time>
        <extensions>
          <ns3:TrackPointExtension>
            <ns3:hr>90</ns3:hr>
            <ns3:cad>0</ns3:cad>
          </ns3:TrackPointExtension>
        </extensions>
      </trkpt>
      <trkpt lat="31.27847246825695037841796875" lon="121.47684554569423198699951171875">
        <ele>7.19999980926513671875</ele>
        <time>2026-09-09T08:58:35.000Z</time>
        <extensions>
          <ns3:TrackPointExtension>
            <ns3:hr>90</ns3:hr>
            <ns3:cad>0</ns3:cad>
          </ns3:TrackPointExtension>
        </extensions>
      </trkpt>
      <trkpt lat="31.2784746475517749786376953125" lon="121.4768518321216106414794921875">
        <ele>7.19999980926513671875</ele>
        <time>2026-09-09T08:58:36.000Z</time>
        <extensions>
          <ns3:TrackPointExtension>
            <ns3:hr>90</ns3:hr>
            <ns3:cad>50</ns3:cad>
          </ns3:TrackPointExtension>
        </extensions>
      </trkpt>
      <trkpt lat="31.27847707830369472503662109375" lon="121.47686130367219448089599609375">
        <ele>7</ele>
        <time>2026-09-09T08:58:37.000Z</time>
        <extensions>
          <ns3:TrackPointExtension>
            <ns3:hr>90</ns3:hr>
            <ns3:cad>50</ns3:cad>
          </ns3:TrackPointExtension>
        </extensions>
      </trkpt>
      <trkpt lat="31.27847808413207530975341796875" lon="121.47686541080474853515625">
        <ele>7</ele>
        <time>2026-09-09T08:58:38.000Z</time>
        <extensions>
          <ns3:TrackPointExtension>
            <ns3:hr>90</ns3:hr>
            <ns3:cad>50</ns3:cad>
          </ns3:TrackPointExtension>
        </extensions>
      </trkpt>
      <trkpt lat="31.2784840352833271026611328125" lon="121.4768893830478191375732421875">
        <ele>7.19999980926513671875</ele>
        <time>2026-09-09T08:58:39.000Z</time>
        <extensions>
          <ns3:TrackPointExtension>
            <ns3:hr>90</ns3:hr>
            <ns3:cad>50</ns3:cad>
          </ns3:TrackPointExtension>
        </extensions>
      </trkpt>
      <trkpt lat="31.27848797477781772613525390625" lon="121.4769061468541622161865234375">
        <ele>7.400000095367431640625</ele>
        <time>2026-09-09T08:58:40.000Z</time>
        <extensions>
          <ns3:TrackPointExtension>
            <ns3:hr>90</ns3:hr>
            <ns3:cad>50</ns3:cad>
          </ns3:TrackPointExtension>
        </extensions>
      </trkpt>
      <trkpt lat="31.2784904055297374725341796875" lon="121.47692182101309299468994140625">
        <ele>7.599999904632568359375</ele>
        <time>2026-09-09T08:58:41.000Z</time>
        <extensions>
          <ns3:TrackPointExtension>
            <ns3:hr>90</ns3:hr>
            <ns3:cad>0</ns3:cad>
          </ns3:TrackPointExtension>
        </extensions>
      </trkpt>
      <trkpt lat="31.2784930877387523651123046875" lon="121.47693942300975322723388671875">
        <ele>7.80000019073486328125</ele>
        <time>2026-09-09T08:58:42.000Z</time>
        <extensions>
          <ns3:TrackPointExtension>
            <ns3:hr>89</ns3:hr>
            <ns3:cad>0</ns3:cad>
          </ns3:TrackPointExtension>
        </extensions>
      </trkpt>
      <trkpt lat="31.278494931757450103759765625" lon="121.47695124149322509765625">
        <ele>7.80000019073486328125</ele>
        <time>2026-09-09T08:58:43.000Z</time>
        <extensions>
          <ns3:TrackPointExtension>
            <ns3:hr>89</ns3:hr>
            <ns3:cad>50</ns3:cad>
          </ns3:TrackPointExtension>
        </extensions>
      </trkpt>
      <trkpt lat="31.27849618904292583465576171875" lon="121.47696264088153839111328125">
        <ele>8</ele>
        <time>2026-09-09T08:58:44.000Z</time>
        <extensions>
          <ns3:TrackPointExtension>
            <ns3:hr>89</ns3:hr>
            <ns3:cad>50</ns3:cad>
          </ns3:TrackPointExtension>
        </extensions>
      </trkpt>
      <trkpt lat="31.27849618904292583465576171875" lon="121.47696264088153839111328125">
        <ele>8</ele>
        <time>2026-09-09T08:58:45.000Z</time>
        <extensions>
          <ns3:TrackPointExtension>
            <ns3:hr>89</ns3:hr>
            <ns3:cad>0</ns3:cad>
          </ns3:TrackPointExtension>
        </extensions>
      </trkpt>
      <trkpt lat="31.27849417738616466522216796875" lon="121.476946212351322174072265625">
        <ele>7.80000019073486328125</ele>
        <time>2026-09-09T08:58:46.000Z</time>
        <extensions>
          <ns3:TrackPointExtension>
            <ns3:hr>89</ns3:hr>
            <ns3:cad>0</ns3:cad>
          </ns3:TrackPointExtension>
        </extensions>
      </trkpt>
      <trkpt lat="31.27849317155778408050537109375" lon="121.47693975828588008880615234375">
        <ele>7.80000019073486328125</ele>
        <time>2026-09-09T08:58:47.000Z</time>
        <extensions>
          <ns3:TrackPointExtension>
            <ns3:hr>89</ns3:hr>
            <ns3:cad>0</ns3:cad>
          </ns3:TrackPointExtension>
        </extensions>
      </trkpt>
      <trkpt lat="31.27849132753908634185791015625" lon="121.47692777216434478759765625">
        <ele>7.599999904632568359375</ele>
        <time>2026-09-09T08:58:48.000Z</time>
        <extensions>
          <ns3:TrackPointExtension>
            <ns3:hr>89</ns3:hr>
            <ns3:cad>0</ns3:cad>
          </ns3:TrackPointExtension>
        </extensions>
      </trkpt>
      <trkpt lat="31.2784880585968494415283203125" lon="121.476906649768352508544921875">
        <ele>7.400000095367431640625</ele>
        <time>2026-09-09T08:58:49.000Z</time>
        <extensions>
          <ns3:TrackPointExtension>
            <ns3:hr>89</ns3:hr>
            <ns3:cad>0</ns3:cad>
          </ns3:TrackPointExtension>
        </extensions>
      </trkpt>
      <trkpt lat="31.2784796766936779022216796875" lon="121.47687203250825405120849609375">
        <ele>7</ele>
        <time>2026-09-09T08:58:50.000Z</time>
        <extensions>
          <ns3:TrackPointExtension>
            <ns3:hr>88</ns3:hr>
            <ns3:cad>0</ns3:cad>
          </ns3:TrackPointExtension>
        </extensions>
      </trkpt>
      <trkpt lat="31.27846333198249340057373046875" lon="121.4768193103373050689697265625">
        <ele>7.599999904632568359375</ele>
        <time>2026-09-09T08:58:51.000Z</time>
        <extensions>
          <ns3:TrackPointExtension>
            <ns3:hr>88</ns3:hr>
            <ns3:cad>0</ns3:cad>
          </ns3:TrackPointExtension>
        </extensions>
      </trkpt>
      <trkpt lat="31.2784434668719768524169921875" lon="121.4767720364034175872802734375">
        <ele>8</ele>
        <time>2026-09-09T08:58:52.000Z</time>
        <extensions>
          <ns3:TrackPointExtension>
            <ns3:hr>88</ns3:hr>
            <ns3:cad>88</ns3:cad>
          </ns3:TrackPointExtension>
        </extensions>
      </trkpt>
      <trkpt lat="31.27842209301888942718505859375" lon="121.4767314679920673370361328125">
        <ele>8.3999996185302734375</ele>
        <time>2026-09-09T08:58:53.000Z</time>
        <extensions>
          <ns3:TrackPointExtension>
            <ns3:hr>87</ns3:hr>
            <ns3:cad>88</ns3:cad>
          </ns3:TrackPointExtension>
        </extensions>
      </trkpt>
      <trkpt lat="31.278401054441928863525390625" lon="121.47669819183647632598876953125">
        <ele>8.80000019073486328125</ele>
        <time>2026-09-09T08:58:54.000Z</time>
        <extensions>
          <ns3:TrackPointExtension>
            <ns3:hr>89</ns3:hr>
            <ns3:cad>92</ns3:cad>
          </ns3:TrackPointExtension>
        </extensions>
      </trkpt>
      <trkpt lat="31.278381608426570892333984375" lon="121.476671285927295684814453125">
        <ele>9.19999980926513671875</ele>
        <time>2026-09-09T08:58:55.000Z</time>
        <extensions>
          <ns3:TrackPointExtension>
            <ns3:hr>89</ns3:hr>
            <ns3:cad>91</ns3:cad>
          </ns3:TrackPointExtension>
        </extensions>
      </trkpt>
      <trkpt lat="31.27836249768733978271484375" lon="121.47664940916001796722412109375">
        <ele>9.3999996185302734375</ele>
        <time>2026-09-09T08:58:56.000Z</time>
        <extensions>
          <ns3:TrackPointExtension>
            <ns3:hr>92</ns3:hr>
            <ns3:cad>92</ns3:cad>
          </ns3:TrackPointExtension>
        </extensions>
      </trkpt>
      <trkpt lat="31.2783355079591274261474609375" lon="121.4766214974224567413330078125">
        <ele>9.6000003814697265625</ele>
        <time>2026-09-09T08:58:57.000Z</time>
        <extensions>
          <ns3:TrackPointExtension>
            <ns3:hr>93</ns3:hr>
            <ns3:cad>92</ns3:cad>
          </ns3:TrackPointExtension>
        </extensions>
      </trkpt>
      <trkpt lat="31.27830809913575649261474609375" lon="121.47659693844616413116455078125">
        <ele>10</ele>
        <time>2026-09-09T08:58:58.000Z</time>
        <extensions>
          <ns3:TrackPointExtension>
            <ns3:hr>93</ns3:hr>
            <ns3:cad>92</ns3:cad>
          </ns3:TrackPointExtension>
        </extensions>
      </trkpt>
      <trkpt lat="31.27827800810337066650390625" lon="121.4765752293169498443603515625">
        <ele>10.3999996185302734375</ele>
        <time>2026-09-09T08:58:59.000Z</time>
        <extensions>
          <ns3:TrackPointExtension>
            <ns3:hr>93</ns3:hr>
            <ns3:cad>93</ns3:cad>
          </ns3:TrackPointExtension>
        </extensions>
      </trkpt>
      <trkpt lat="31.27824607305228710174560546875" lon="121.476555950939655303955078125">
        <ele>10.80000019073486328125</ele>
        <time>2026-09-09T08:59:00.000Z</time>
        <extensions>
          <ns3:TrackPointExtension>
            <ns3:hr>93</ns3:hr>
            <ns3:cad>93</ns3:cad>
          </ns3:TrackPointExtension>
        </extensions>
      </trkpt>
      <trkpt lat="31.27821489237248897552490234375" lon="121.47653943859040737152099609375">
        <ele>11.19999980926513671875</ele>
        <time>2026-09-09T08:59:01.000Z</time>
        <extensions>
          <ns3:TrackPointExtension>
            <ns3:hr>95</ns3:hr>
            <ns3:cad>93</ns3:cad>
          </ns3:TrackPointExtension>
        </extensions>
      </trkpt>
      <trkpt lat="31.27818010747432708740234375" lon="121.476522423326969146728515625">
        <ele>11</ele>
        <time>2026-09-09T08:59:02.000Z</time>
        <extensions>
          <ns3:TrackPointExtension>
            <ns3:hr>96</ns3:hr>
            <ns3:cad>93</ns3:cad>
          </ns3:TrackPointExtension>
        </extensions>
      </trkpt>
      <trkpt lat="31.2781447358429431915283203125" lon="121.47650507278740406036376953125">
        <ele>10.6000003814697265625</ele>
        <time>2026-09-09T08:59:03.000Z</time>
        <extensions>
          <ns3:TrackPointExtension>
            <ns3:hr>96</ns3:hr>
            <ns3:cad>92</ns3:cad>
          </ns3:TrackPointExtension>
        </extensions>
      </trkpt>
      <trkpt lat="31.2781085260212421417236328125" lon="121.47648730315268039703369140625">
        <ele>10.3999996185302734375</ele>
        <time>2026-09-09T08:59:04.000Z</time>
        <extensions>
          <ns3:TrackPointExtension>
            <ns3:hr>97</ns3:hr>
            <ns3:cad>92</ns3:cad>
          </ns3:TrackPointExtension>
        </extensions>
      </trkpt>
      <trkpt lat="31.27807307057082653045654296875" lon="121.47646986879408359527587890625">
        <ele>10.3999996185302734375</ele>
        <time>2026-09-09T08:59:05.000Z</time>
        <extensions>
          <ns3:TrackPointExtension>
            <ns3:hr>98</ns3:hr>
            <ns3:cad>92</ns3:cad>
          </ns3:TrackPointExtension>
        </extensions>
      </trkpt>
      <trkpt lat="31.2780351005494594573974609375" lon="121.47645126096904277801513671875">
        <ele>10.19999980926513671875</ele>
        <time>2026-09-09T08:59:06.000Z</time>
        <extensions>
          <ns3:TrackPointExtension>
            <ns3:hr>98</ns3:hr>
            <ns3:cad>92</ns3:cad>
          </ns3:TrackPointExtension>
        </extensions>
      </trkpt>
      <trkpt lat="31.27800081856548786163330078125" lon="121.4764344133436679840087890625">
        <ele>10.19999980926513671875</ele>
        <time>2026-09-09T08:59:07.000Z</time>
        <extensions>
          <ns3:TrackPointExtension>
            <ns3:hr>101</ns3:hr>
            <ns3:cad>91</ns3:cad>
          </ns3:TrackPointExtension>
        </extensions>
      </trkpt>
      <trkpt lat="31.2779653631150722503662109375" lon="121.47641706280410289764404296875">
        <ele>10.19999980926513671875</ele>
        <time>2026-09-09T08:59:08.000Z</time>
        <extensions>
          <ns3:TrackPointExtension>
            <ns3:hr>101</ns3:hr>
            <ns3:cad>91</ns3:cad>
          </ns3:TrackPointExtension>
        </extensions>
      </trkpt>
      <trkpt lat="31.277930997312068939208984375" lon="121.47640013135969638824462890625">
        <ele>10</ele>
        <time>2026-09-09T08:59:09.000Z</time>
        <extensions>
          <ns3:TrackPointExtension>
            <ns3:hr>103</ns3:hr>
            <ns3:cad>91</ns3:cad>
          </ns3:TrackPointExtension>
        </extensions>
      </trkpt>
      <trkpt lat="31.27789520658552646636962890625" lon="121.47638261318206787109375">
        <ele>10.19999980926513671875</ele>
        <time>2026-09-09T08:59:10.000Z</time>
        <extensions>
          <ns3:TrackPointExtension>
            <ns3:hr>105</ns3:hr>
            <ns3:cad>91</ns3:cad>
          </ns3:TrackPointExtension>
        </extensions>
      </trkpt>
      <trkpt lat="31.27786033786833286285400390625" lon="121.476365514099597930908203125">
        <ele>10.19999980926513671875</ele>
        <time>2026-09-09T08:59:11.000Z</time>
        <extensions>
          <ns3:TrackPointExtension>
            <ns3:hr>105</ns3:hr>
            <ns3:cad>92</ns3:cad>
          </ns3:TrackPointExtension>
        </extensions>
      </trkpt>
      <trkpt lat="31.2778255529701709747314453125" lon="121.47634841501712799072265625">
        <ele>10.19999980926513671875</ele>
        <time>2026-09-09T08:59:12.000Z</time>
        <extensions>
          <ns3:TrackPointExtension>
            <ns3:hr>105</ns3:hr>
            <ns3:cad>92</ns3:cad>
          </ns3:TrackPointExtension>
        </extensions>
      </trkpt>
      <trkpt lat="31.27779127098619937896728515625" lon="121.47633156739175319671630859375">
        <ele>10.19999980926513671875</ele>
        <time>2026-09-09T08:59:13.000Z</time>
        <extensions>
          <ns3:TrackPointExtension>
            <ns3:hr>110</ns3:hr>
            <ns3:cad>92</ns3:cad>
          </ns3:TrackPointExtension>
        </extensions>
      </trkpt>
      <trkpt lat="31.277757994830608367919921875" lon="121.476315222680568695068359375">
        <ele>10.3999996185302734375</ele>
        <time>2026-09-09T08:59:14.000Z</time>
        <extensions>
          <ns3:TrackPointExtension>
            <ns3:hr>110</ns3:hr>
            <ns3:cad>93</ns3:cad>
          </ns3:TrackPointExtension>
        </extensions>
      </trkpt>
      <trkpt lat="31.2777249701321125030517578125" lon="121.47629904560744762420654296875">
        <ele>10.19999980926513671875</ele>
        <time>2026-09-09T08:59:15.000Z</time>
        <extensions>
          <ns3:TrackPointExtension>
            <ns3:hr>111</ns3:hr>
            <ns3:cad>93</ns3:cad>
          </ns3:TrackPointExtension>
        </extensions>
      </trkpt>
      <trkpt lat="31.277692280709743499755859375" lon="121.47628513164818286895751953125">
        <ele>10.19999980926513671875</ele>
        <time>2026-09-09T08:59:16.000Z</time>
        <extensions>
          <ns3:TrackPointExtension>
            <ns3:hr>115</ns3:hr>
            <ns3:cad>93</ns3:cad>
          </ns3:TrackPointExtension>
        </extensions>
      </trkpt>
      <trkpt lat="31.2776572443544864654541015625" lon="121.4762731455266475677490234375">
        <ele>10.19999980926513671875</ele>
        <time>2026-09-09T08:59:17.000Z</time>
        <extensions>
          <ns3:TrackPointExtension>
            <ns3:hr>115</ns3:hr>
            <ns3:cad>91</ns3:cad>
          </ns3:TrackPointExtension>
        </extensions>
      </trkpt>
      <trkpt lat="31.2776242196559906005859375" lon="121.47626484744250774383544921875">
        <ele>10</ele>
        <time>2026-09-09T08:59:18.000Z</time>
        <extensions>
          <ns3:TrackPointExtension>
            <ns3:hr>115</ns3:hr>
            <ns3:cad>91</ns3:cad>
          </ns3:TrackPointExtension>
        </extensions>
      </trkpt>
      <trkpt lat="31.27759270370006561279296875" lon="121.47625981830060482025146484375">
        <ele>9.80000019073486328125</ele>
        <time>2026-09-09T08:59:19.000Z</time>
        <extensions>
          <ns3:TrackPointExtension>
            <ns3:hr>115</ns3:hr>
            <ns3:cad>91</ns3:cad>
          </ns3:TrackPointExtension>
        </extensions>
      </trkpt>
      <trkpt lat="31.27756076864898204803466796875" lon="121.4762580581009387969970703125">
        <ele>9.6000003814697265625</ele>
        <time>2026-09-09T08:59:20.000Z</time>
        <extensions>
          <ns3:TrackPointExtension>
            <ns3:hr>115</ns3:hr>
            <ns3:cad>92</ns3:cad>
          </ns3:TrackPointExtension>
        </extensions>
      </trkpt>
      <trkpt lat="31.27753327600657939910888671875" lon="121.47625814191997051239013671875">
        <ele>9.19999980926513671875</ele>
        <time>2026-09-09T08:59:21.000Z</time>
        <extensions>
          <ns3:TrackPointExtension>
            <ns3:hr>116</ns3:hr>
            <ns3:cad>92</ns3:cad>
          </ns3:TrackPointExtension>
        </extensions>
      </trkpt>
      <trkpt lat="31.2775043584406375885009765625" lon="121.47626065649092197418212890625">
        <ele>9</ele>
        <time>2026-09-09T08:59:22.000Z</time>
        <extensions>
          <ns3:TrackPointExtension>
            <ns3:hr>116</ns3:hr>
            <ns3:cad>92</ns3:cad>
          </ns3:TrackPointExtension>
        </extensions>
      </trkpt>
      <trkpt lat="31.27747259102761745452880859375" lon="121.476266272366046905517578125">
        <ele>8.6000003814697265625</ele>
        <time>2026-09-09T08:59:23.000Z</time>
        <extensions>
          <ns3:TrackPointExtension>
            <ns3:hr>116</ns3:hr>
            <ns3:cad>91</ns3:cad>
          </ns3:TrackPointExtension>
        </extensions>
      </trkpt>
      <trkpt lat="31.27743520773947238922119140625" lon="121.47627607919275760650634765625">
        <ele>8</ele>
        <time>2026-09-09T08:59:24.000Z</time>
        <extensions>
          <ns3:TrackPointExtension>
            <ns3:hr>116</ns3:hr>
            <ns3:cad>91</ns3:cad>
          </ns3:TrackPointExtension>
        </extensions>
      </trkpt>
      <trkpt lat="31.27737418748438358306884765625" lon="121.4763013087213039398193359375">
        <ele>7.19999980926513671875</ele>
        <time>2026-09-09T08:59:25.000Z</time>
        <extensions>
          <ns3:TrackPointExtension>
            <ns3:hr>116</ns3:hr>
            <ns3:cad>91</ns3:cad>
          </ns3:TrackPointExtension>
        </extensions>
      </trkpt>
      <trkpt lat="31.27737418748438358306884765625" lon="121.4763013087213039398193359375">
        <ele>7.19999980926513671875</ele>
        <time>2026-09-09T08:59:26.000Z</time>
        <extensions>
          <ns3:TrackPointExtension>
            <ns3:hr>120</ns3:hr>
            <ns3:cad>91</ns3:cad>
          </ns3:TrackPointExtension>
        </extensions>
      </trkpt>
      <trkpt lat="31.277342252433300018310546875" lon="121.4763197489082813262939453125">
        <ele>7.19999980926513671875</ele>
        <time>2026-09-09T08:59:27.000Z</time>
        <extensions>
          <ns3:TrackPointExtension>
            <ns3:hr>122</ns3:hr>
            <ns3:cad>91</ns3:cad>
          </ns3:TrackPointExtension>
        </extensions>
      </trkpt>
      <trkpt lat="31.2773159332573413848876953125" lon="121.476337350904941558837890625">
        <ele>7.400000095367431640625</ele>
        <time>2026-09-09T08:59:28.000Z</time>
        <extensions>
          <ns3:TrackPointExtension>
            <ns3:hr>122</ns3:hr>
            <ns3:cad>92</ns3:cad>
          </ns3:TrackPointExtension>
        </extensions>
      </trkpt>
      <trkpt lat="31.27728550694882869720458984375" lon="121.47636157460510730743408203125">
        <ele>7.400000095367431640625</ele>
        <time>2026-09-09T08:59:29.000Z</time>
        <extensions>
          <ns3:TrackPointExtension>
            <ns3:hr>124</ns3:hr>
            <ns3:cad>92</ns3:cad>
          </ns3:TrackPointExtension>
        </extensions>
      </trkpt>
      <trkpt lat="31.27726145088672637939453125" lon="121.476385295391082763671875">
        <ele>7.599999904632568359375</ele>
        <time>2026-09-09T08:59:30.000Z</time>
        <extensions>
          <ns3:TrackPointExtension>
            <ns3:hr>125</ns3:hr>
            <ns3:cad>92</ns3:cad>
          </ns3:TrackPointExtension>
        </extensions>
      </trkpt>
      <trkpt lat="31.27724041230976581573486328125" lon="121.47640817798674106597900390625">
        <ele>7.599999904632568359375</ele>
        <time>2026-09-09T08:59:31.000Z</time>
        <extensions>
          <ns3:TrackPointExtension>
            <ns3:hr>125</ns3:hr>
            <ns3:cad>91</ns3:cad>
          </ns3:TrackPointExtension>
        </extensions>
      </trkpt>
      <trkpt lat="31.27721409313380718231201171875" lon="121.47644120268523693084716796875">
        <ele>7.80000019073486328125</ele>
        <time>2026-09-09T08:59:32.000Z</time>
        <extensions>
          <ns3:TrackPointExtension>
            <ns3:hr>125</ns3:hr>
            <ns3:cad>92</ns3:cad>
          </ns3:TrackPointExtension>
        </extensions>
      </trkpt>
      <trkpt lat="31.27718693576753139495849609375" lon="121.4764831960201263427734375">
        <ele>7.80000019073486328125</ele>
        <time>2026-09-09T08:59:33.000Z</time>
        <extensions>
          <ns3:TrackPointExtension>
            <ns3:hr>125</ns3:hr>
            <ns3:cad>92</ns3:cad>
          </ns3:TrackPointExtension>
        </extensions>
      </trkpt>
      <trkpt lat="31.2771628797054290771484375" lon="121.476529799401760101318359375">
        <ele>7.80000019073486328125</ele>
        <time>2026-09-09T08:59:34.000Z</time>
        <extensions>
          <ns3:TrackPointExtension>
            <ns3:hr>125</ns3:hr>
            <ns3:cad>92</ns3:cad>
          </ns3:TrackPointExtension>
        </extensions>
      </trkpt>
      <trkpt lat="31.277142427861690521240234375" lon="121.476581431925296783447265625">
        <ele>7.80000019073486328125</ele>
        <time>2026-09-09T08:59:35.000Z</time>
        <extensions>
          <ns3:TrackPointExtension>
            <ns3:hr>125</ns3:hr>
            <ns3:cad>92</ns3:cad>
          </ns3:TrackPointExtension>
        </extensions>
      </trkpt>
      <trkpt lat="31.27712658606469631195068359375" lon="121.47663717158138751983642578125">
        <ele>7.599999904632568359375</ele>
        <time>2026-09-09T08:59:36.000Z</time>
        <extensions>
          <ns3:TrackPointExtension>
            <ns3:hr>125</ns3:hr>
            <ns3:cad>92</ns3:cad>
          </ns3:TrackPointExtension>
        </extensions>
      </trkpt>
      <trkpt lat="31.277116946876049041748046875" lon="121.47668863646686077117919921875">
        <ele>7.400000095367431640625</ele>
        <time>2026-09-09T08:59:37.000Z</time>
        <extensions>
          <ns3:TrackPointExtension>
            <ns3:hr>125</ns3:hr>
            <ns3:cad>92</ns3:cad>
          </ns3:TrackPointExtension>
        </extensions>
      </trkpt>
      <trkpt lat="31.27711200155317783355712890625" lon="121.47673591040074825286865234375">
        <ele>7</ele>
        <time>2026-09-09T08:59:38.000Z</time>
        <extensions>
          <ns3:TrackPointExtension>
            <ns3:hr>129</ns3:hr>
            <ns3:cad>92</ns3:cad>
          </ns3:TrackPointExtension>
        </extensions>
      </trkpt>
      <trkpt lat="31.27711082808673381805419921875" lon="121.4767847768962383270263671875">
        <ele>6.599999904632568359375</ele>
        <time>2026-09-09T08:59:39.000Z</time>
        <extensions>
          <ns3:TrackPointExtension>
            <ns3:hr>126</ns3:hr>
            <ns3:cad>92</ns3:cad>
          </ns3:TrackPointExtension>
        </extensions>
      </trkpt>
      <trkpt lat="31.277113594114780426025390625" lon="121.4768293686211109161376953125">
        <ele>6.19999980926513671875</ele>
        <time>2026-09-09T08:59:40.000Z</time>
        <extensions>
          <ns3:TrackPointExtension>
            <ns3:hr>126</ns3:hr>
            <ns3:cad>92</ns3:cad>
          </ns3:TrackPointExtension>
        </extensions>
      </trkpt>
      <trkpt lat="31.2771184556186199188232421875" lon="121.47686541080474853515625">
        <ele>6</ele>
        <time>2026-09-09T08:59:41.000Z</time>
        <extensions>
          <ns3:TrackPointExtension>
            <ns3:hr>127</ns3:hr>
            <ns3:cad>92</ns3:cad>
          </ns3:TrackPointExtension>
        </extensions>
      </trkpt>
      <trkpt lat="31.27712692134082317352294921875" lon="121.47690908052027225494384765625">
        <ele>6.19999980926513671875</ele>
        <time>2026-09-09T08:59:42.000Z</time>
        <extensions>
          <ns3:TrackPointExtension>
            <ns3:hr>127</ns3:hr>
            <ns3:cad>92</ns3:cad>
          </ns3:TrackPointExtension>
        </extensions>
      </trkpt>
      <trkpt lat="31.27713815309107303619384765625" lon="121.47695082239806652069091796875">
        <ele>6.400000095367431640625</ele>
        <time>2026-09-09T08:59:43.000Z</time>
        <extensions>
          <ns3:TrackPointExtension>
            <ns3:hr>127</ns3:hr>
            <ns3:cad>91</ns3:cad>
          </ns3:TrackPointExtension>
        </extensions>
      </trkpt>
      <trkpt lat="31.27715089358389377593994140625" lon="121.47698736749589443206787109375">
        <ele>6.599999904632568359375</ele>
        <time>2026-09-09T08:59:44.000Z</time>
        <extensions>
          <ns3:TrackPointExtension>
            <ns3:hr>127</ns3:hr>
            <ns3:cad>90</ns3:cad>
          </ns3:TrackPointExtension>
        </extensions>
      </trkpt>
      <trkpt lat="31.2771670706570148468017578125" lon="121.47702374495565891265869140625">
        <ele>6.80000019073486328125</ele>
        <time>2026-09-09T08:59:45.000Z</time>
        <extensions>
          <ns3:TrackPointExtension>
            <ns3:hr>127</ns3:hr>
            <ns3:cad>90</ns3:cad>
          </ns3:TrackPointExtension>
        </extensions>
      </trkpt>
      <trkpt lat="31.277185343205928802490234375" lon="121.4770586974918842315673828125">
        <ele>7</ele>
        <time>2026-09-09T08:59:46.000Z</time>
        <extensions>
          <ns3:TrackPointExtension>
            <ns3:hr>127</ns3:hr>
            <ns3:cad>91</ns3:cad>
          </ns3:TrackPointExtension>
        </extensions>
      </trkpt>
      <trkpt lat="31.27720470540225505828857421875" lon="121.47709046490490436553955078125">
        <ele>7.19999980926513671875</ele>
        <time>2026-09-09T08:59:47.000Z</time>
        <extensions>
          <ns3:TrackPointExtension>
            <ns3:hr>128</ns3:hr>
            <ns3:cad>91</ns3:cad>
          </ns3:TrackPointExtension>
        </extensions>
      </trkpt>
      <trkpt lat="31.2772280909121036529541015625" lon="121.47712281905114650726318359375">
        <ele>7.400000095367431640625</ele>
        <time>2026-09-09T08:59:48.000Z</time>
        <extensions>
          <ns3:TrackPointExtension>
            <ns3:hr>128</ns3:hr>
            <ns3:cad>91</ns3:cad>
          </ns3:TrackPointExtension>
        </extensions>
      </trkpt>
      <trkpt lat="31.2772500514984130859375" lon="121.47714796476066112518310546875">
        <ele>7.400000095367431640625</ele>
        <time>2026-09-09T08:59:49.000Z</time>
        <extensions>
          <ns3:TrackPointExtension>
            <ns3:hr>128</ns3:hr>
            <ns3:cad>91</ns3:cad>
          </ns3:TrackPointExtension>
        </extensions>
      </trkpt>
      <trkpt lat="31.2772746942937374114990234375" lon="121.47717319428920745849609375">
        <ele>7.599999904632568359375</ele>
        <time>2026-09-09T08:59:50.000Z</time>
        <extensions>
          <ns3:TrackPointExtension>
            <ns3:hr>128</ns3:hr>
            <ns3:cad>91</ns3:cad>
          </ns3:TrackPointExtension>
        </extensions>
      </trkpt>
      <trkpt lat="31.2773015163838863372802734375" lon="121.47719725035130977630615234375">
        <ele>7.80000019073486328125</ele>
        <time>2026-09-09T08:59:51.000Z</time>
        <extensions>
          <ns3:TrackPointExtension>
            <ns3:hr>128</ns3:hr>
            <ns3:cad>91</ns3:cad>
          </ns3:TrackPointExtension>
        </extensions>
      </trkpt>
      <trkpt lat="31.2773316912353038787841796875" lon="121.477219127118587493896484375">
        <ele>8</ele>
        <time>2026-09-09T08:59:52.000Z</time>
        <extensions>
          <ns3:TrackPointExtension>
            <ns3:hr>129</ns3:hr>
            <ns3:cad>91</ns3:cad>
          </ns3:TrackPointExtension>
        </extensions>
      </trkpt>
      <trkpt lat="31.2773652188479900360107421875" lon="121.477239243686199188232421875">
        <ele>8</ele>
        <time>2026-09-09T08:59:53.000Z</time>
        <extensions>
          <ns3:TrackPointExtension>
            <ns3:hr>131</ns3:hr>
            <ns3:cad>91</ns3:cad>
          </ns3:TrackPointExtension>
        </extensions>
      </trkpt>
      <trkpt lat="31.27739556133747100830078125" lon="121.47725525312125682830810546875">
        <ele>8</ele>
        <time>2026-09-09T08:59:54.000Z</time>
        <extensions>
          <ns3:TrackPointExtension>
            <ns3:hr>131</ns3:hr>
            <ns3:cad>92</ns3:cad>
          </ns3:TrackPointExtension>
        </extensions>
      </trkpt>
      <trkpt lat="31.277427412569522857666015625" lon="121.47727084346115589141845703125">
        <ele>8</ele>
        <time>2026-09-09T08:59:55.000Z</time>
        <extensions>
          <ns3:TrackPointExtension>
            <ns3:hr>132</ns3:hr>
            <ns3:cad>92</ns3:cad>
          </ns3:TrackPointExtension>
        </extensions>
      </trkpt>
      <trkpt lat="31.27745683304965496063232421875" lon="121.4772853441536426544189453125">
        <ele>8</ele>
        <time>2026-09-09T08:59:56.000Z</time>
        <extensions>
          <ns3:TrackPointExtension>
            <ns3:hr>133</ns3:hr>
            <ns3:cad>92</ns3:cad>
          </ns3:TrackPointExtension>
        </extensions>
      </trkpt>
      <trkpt lat="31.27748700790107250213623046875" lon="121.4773000963032245635986328125">
        <ele>7.80000019073486328125</ele>
        <time>2026-09-09T08:59:57.000Z</time>
        <extensions>
          <ns3:TrackPointExtension>
            <ns3:hr>133</ns3:hr>
            <ns3:cad>92</ns3:cad>
          </ns3:TrackPointExtension>
        </extensions>
      </trkpt>
      <trkpt lat="31.27751634456217288970947265625" lon="121.4773145131766796112060546875">
        <ele>7.80000019073486328125</ele>
        <time>2026-09-09T08:59:58.000Z</time>
        <extensions>
          <ns3:TrackPointExtension>
            <ns3:hr>132</ns3:hr>
            <ns3:cad>91</ns3:cad>
          </ns3:TrackPointExtension>
        </extensions>
      </trkpt>
      <trkpt lat="31.27755054272711277008056640625" lon="121.4773312769830226898193359375">
        <ele>7.80000019073486328125</ele>
        <time>2026-09-09T08:59:59.000Z</time>
        <extensions>
          <ns3:TrackPointExtension>
            <ns3:hr>135</ns3:hr>
            <ns3:cad>91</ns3:cad>
          </ns3:TrackPointExtension>
        </extensions>
      </trkpt>
      <trkpt lat="31.27758465707302093505859375" lon="121.4773480407893657684326171875">
        <ele>7.80000019073486328125</ele>
        <time>2026-09-09T09:00:00.000Z</time>
        <extensions>
          <ns3:TrackPointExtension>
            <ns3:hr>135</ns3:hr>
            <ns3:cad>91</ns3:cad>
          </ns3:TrackPointExtension>
        </extensions>
      </trkpt>
      <trkpt lat="31.27760946750640869140625" lon="121.47736019454896450042724609375">
        <ele>7.80000019073486328125</ele>
        <time>2026-09-09T09:00:01.000Z</time>
        <extensions>
          <ns3:TrackPointExtension>
            <ns3:hr>136</ns3:hr>
            <ns3:cad>91</ns3:cad>
          </ns3:TrackPointExtension>
        </extensions>
      </trkpt>
      <trkpt lat="31.2776465155184268951416015625" lon="121.47737838327884674072265625">
        <ele>8</ele>
        <time>2026-09-09T09:00:02.000Z</time>
        <extensions>
          <ns3:TrackPointExtension>
            <ns3:hr>136</ns3:hr>
            <ns3:cad>91</ns3:cad>
          </ns3:TrackPointExtension>
        </extensions>
      </trkpt>
      <trkpt lat="31.27767694182693958282470703125" lon="121.4773933030664920806884765625">
        <ele>8.19999980926513671875</ele>
        <time>2026-09-09T09:00:03.000Z</time>
        <extensions>
          <ns3:TrackPointExtension>
            <ns3:hr>136</ns3:hr>
            <ns3:cad>91</ns3:cad>
          </ns3:TrackPointExtension>
        </extensions>
      </trkpt>
      <trkpt lat="31.2777038477361202239990234375" lon="121.47740654647350311279296875">
        <ele>8</ele>
        <time>2026-09-09T09:00:04.000Z</time>
        <extensions>
          <ns3:TrackPointExtension>
            <ns3:hr>138</ns3:hr>
            <ns3:cad>91</ns3:cad>
          </ns3:TrackPointExtension>
        </extensions>
      </trkpt>
      <trkpt lat="31.2777370400726795196533203125" lon="121.4774228073656558990478515625">
        <ele>8</ele>
        <time>2026-09-09T09:00:05.000Z</time>
        <extensions>
          <ns3:TrackPointExtension>
            <ns3:hr>138</ns3:hr>
            <ns3:cad>91</ns3:cad>
          </ns3:TrackPointExtension>
        </extensions>
      </trkpt>
      <trkpt lat="31.27776713110506534576416015625" lon="121.4774375595152378082275390625">
        <ele>8</ele>
        <time>2026-09-09T09:00:06.000Z</time>
        <extensions>
          <ns3:TrackPointExtension>
            <ns3:hr>137</ns3:hr>
            <ns3:cad>91</ns3:cad>
          </ns3:TrackPointExtension>
        </extensions>
      </trkpt>
      <trkpt lat="31.27780183218419551849365234375" lon="121.47745457477867603302001953125">
        <ele>8</ele>
        <time>2026-09-09T09:00:07.000Z</time>
        <extensions>
          <ns3:TrackPointExtension>
            <ns3:hr>138</ns3:hr>
            <ns3:cad>91</ns3:cad>
          </ns3:TrackPointExtension>
        </extensions>
      </trkpt>
      <trkpt lat="31.2778295762836933135986328125" lon="121.47746815346181392669677734375">
        <ele>8</ele>
        <time>2026-09-09T09:00:08.000Z</time>
        <extensions>
          <ns3:TrackPointExtension>
            <ns3:hr>138</ns3:hr>
            <ns3:cad>92</ns3:cad>
          </ns3:TrackPointExtension>
        </extensions>
      </trkpt>
      <trkpt lat="31.277859918773174285888671875" lon="121.47748307324945926666259765625">
        <ele>8</ele>
        <time>2026-09-09T09:00:09.000Z</time>
        <extensions>
          <ns3:TrackPointExtension>
            <ns3:hr>140</ns3:hr>
            <ns3:cad>92</ns3:cad>
          </ns3:TrackPointExtension>
        </extensions>
      </trkpt>
      <trkpt lat="31.27789017744362354278564453125" lon="121.47749782539904117584228515625">
        <ele>8</ele>
        <time>2026-09-09T09:00:10.000Z</time>
        <extensions>
          <ns3:TrackPointExtension>
            <ns3:hr>138</ns3:hr>
            <ns3:cad>92</ns3:cad>
          </ns3:TrackPointExtension>
        </extensions>
      </trkpt>
      <trkpt lat="31.27792672254145145416259765625" lon="121.4775131642818450927734375">
        <ele>8</ele>
        <time>2026-09-09T09:00:11.000Z</time>
        <extensions>
          <ns3:TrackPointExtension>
            <ns3:hr>138</ns3:hr>
            <ns3:cad>91</ns3:cad>
          </ns3:TrackPointExtension>
        </extensions>
      </trkpt>
      <trkpt lat="31.2779683806002140045166015625" lon="121.4775257371366024017333984375">
        <ele>8.19999980926513671875</ele>
        <time>2026-09-09T09:00:12.000Z</time>
        <extensions>
          <ns3:TrackPointExtension>
            <ns3:hr>141</ns3:hr>
            <ns3:cad>91</ns3:cad>
          </ns3:TrackPointExtension>
        </extensions>
      </trkpt>
      <trkpt lat="31.27800718881189823150634765625" lon="121.47753302939236164093017578125">
        <ele>8.6000003814697265625</ele>
        <time>2026-09-09T09:00:13.000Z</time>
        <extensions>
          <ns3:TrackPointExtension>
            <ns3:hr>142</ns3:hr>
            <ns3:cad>91</ns3:cad>
          </ns3:TrackPointExtension>
        </extensions>
      </trkpt>
      <trkpt lat="31.27804599702358245849609375" lon="121.47753621451556682586669921875">
        <ele>8.80000019073486328125</ele>
        <time>2026-09-09T09:00:14.000Z</time>
        <extensions>
          <ns3:TrackPointExtension>
            <ns3:hr>142</ns3:hr>
            <ns3:cad>91</ns3:cad>
          </ns3:TrackPointExtension>
        </extensions>
      </trkpt>
      <trkpt lat="31.27808296121656894683837890625" lon="121.4775357954204082489013671875">
        <ele>9</ele>
        <time>2026-09-09T09:00:15.000Z</time>
        <extensions>
          <ns3:TrackPointExtension>
            <ns3:hr>145</ns3:hr>
            <ns3:cad>90</ns3:cad>
          </ns3:TrackPointExtension>
        </extensions>
      </trkpt>
      <trkpt lat="31.278118081390857696533203125" lon="121.477532275021076202392578125">
        <ele>9</ele>
        <time>2026-09-09T09:00:16.000Z</time>
        <extensions>
          <ns3:TrackPointExtension>
            <ns3:hr>146</ns3:hr>
            <ns3:cad>90</ns3:cad>
          </ns3:TrackPointExtension>
        </extensions>
      </trkpt>
      <trkpt lat="31.2781571410596370697021484375" lon="121.47752397693693637847900390625">
        <ele>9.19999980926513671875</ele>
        <time>2026-09-09T09:00:17.000Z</time>
        <extensions>
          <ns3:TrackPointExtension>
            <ns3:hr>146</ns3:hr>
            <ns3:cad>90</ns3:cad>
          </ns3:TrackPointExtension>
        </extensions>
      </trkpt>
      <trkpt lat="31.278192512691020965576171875" lon="121.4775123260915279388427734375">
        <ele>9.19999980926513671875</ele>
        <time>2026-09-09T09:00:18.000Z</time>
        <extensions>
          <ns3:TrackPointExtension>
            <ns3:hr>147</ns3:hr>
            <ns3:cad>90</ns3:cad>
          </ns3:TrackPointExtension>
        </extensions>
      </trkpt>
      <trkpt lat="31.27822101116180419921875" lon="121.4775002561509609222412109375">
        <ele>9.3999996185302734375</ele>
        <time>2026-09-09T09:00:19.000Z</time>
        <extensions>
          <ns3:TrackPointExtension>
            <ns3:hr>147</ns3:hr>
            <ns3:cad>91</ns3:cad>
          </ns3:TrackPointExtension>
        </extensions>
      </trkpt>
      <trkpt lat="31.27825378440320491790771484375" lon="121.4774834923446178436279296875">
        <ele>9.3999996185302734375</ele>
        <time>2026-09-09T09:00:20.000Z</time>
        <extensions>
          <ns3:TrackPointExtension>
            <ns3:hr>147</ns3:hr>
            <ns3:cad>91</ns3:cad>
          </ns3:TrackPointExtension>
        </extensions>
      </trkpt>
      <trkpt lat="31.278291754424571990966796875" lon="121.47745884954929351806640625">
        <ele>10</ele>
        <time>2026-09-09T09:00:21.000Z</time>
        <extensions>
          <ns3:TrackPointExtension>
            <ns3:hr>148</ns3:hr>
            <ns3:cad>92</ns3:cad>
          </ns3:TrackPointExtension>
        </extensions>
      </trkpt>
      <trkpt lat="31.27832368947565555572509765625" lon="121.47743336856365203857421875">
        <ele>10.6000003814697265625</ele>
        <time>2026-09-09T09:00:22.000Z</time>
        <extensions>
          <ns3:TrackPointExtension>
            <ns3:hr>148</ns3:hr>
            <ns3:cad>92</ns3:cad>
          </ns3:TrackPointExtension>
        </extensions>
      </trkpt>
      <trkpt lat="31.27835252322256565093994140625" lon="121.47740520536899566650390625">
        <ele>11</ele>
        <time>2026-09-09T09:00:23.000Z</time>
        <extensions>
          <ns3:TrackPointExtension>
            <ns3:hr>148</ns3:hr>
            <ns3:cad>92</ns3:cad>
          </ns3:TrackPointExtension>
        </extensions>
      </trkpt>
      <trkpt lat="31.27837196923792362213134765625" lon="121.4773832447826862335205078125">
        <ele>11.19999980926513671875</ele>
        <time>2026-09-09T09:00:24.000Z</time>
        <extensions>
          <ns3:TrackPointExtension>
            <ns3:hr>150</ns3:hr>
            <ns3:cad>92</ns3:cad>
          </ns3:TrackPointExtension>
        </extensions>
      </trkpt>
      <trkpt lat="31.27839225344359874725341796875" lon="121.47735851816833019256591796875">
        <ele>11.6000003814697265625</ele>
        <time>2026-09-09T09:00:25.000Z</time>
        <extensions>
          <ns3:TrackPointExtension>
            <ns3:hr>148</ns3:hr>
            <ns3:cad>91</ns3:cad>
          </ns3:TrackPointExtension>
        </extensions>
      </trkpt>
      <trkpt lat="31.27841337583959102630615234375" lon="121.47732675075531005859375">
        <ele>11.6000003814697265625</ele>
        <time>2026-09-09T09:00:26.000Z</time>
        <extensions>
          <ns3:TrackPointExtension>
            <ns3:hr>148</ns3:hr>
            <ns3:cad>91</ns3:cad>
          </ns3:TrackPointExtension>
        </extensions>
      </trkpt>
      <trkpt lat="31.2784369289875030517578125" lon="121.47728492505848407745361328125">
        <ele>11.19999980926513671875</ele>
        <time>2026-09-09T09:00:27.000Z</time>
        <extensions>
          <ns3:TrackPointExtension>
            <ns3:hr>147</ns3:hr>
            <ns3:cad>91</ns3:cad>
          </ns3:TrackPointExtension>
        </extensions>
      </trkpt>
      <trkpt lat="31.278462074697017669677734375" lon="121.47722817957401275634765625">
        <ele>10.80000019073486328125</ele>
        <time>2026-09-09T09:00:28.000Z</time>
        <extensions>
          <ns3:TrackPointExtension>
            <ns3:hr>152</ns3:hr>
            <ns3:cad>91</ns3:cad>
          </ns3:TrackPointExtension>
        </extensions>
      </trkpt>
      <trkpt lat="31.278480850160121917724609375" lon="121.47716925479471683502197265625">
        <ele>10.19999980926513671875</ele>
        <time>2026-09-09T09:00:29.000Z</time>
        <extensions>
          <ns3:TrackPointExtension>
            <ns3:hr>152</ns3:hr>
            <ns3:cad>90</ns3:cad>
          </ns3:TrackPointExtension>
        </extensions>
      </trkpt>
      <trkpt lat="31.278492920100688934326171875" lon="121.47710672579705715179443359375">
        <ele>9.6000003814697265625</ele>
        <time>2026-09-09T09:00:30.000Z</time>
        <extensions>
          <ns3:TrackPointExtension>
            <ns3:hr>152</ns3:hr>
            <ns3:cad>90</ns3:cad>
          </ns3:TrackPointExtension>
        </extensions>
      </trkpt>
      <trkpt lat="31.2784981168806552886962890625" lon="121.47705257870256900787353515625">
        <ele>9</ele>
        <time>2026-09-09T09:00:31.000Z</time>
        <extensions>
          <ns3:TrackPointExtension>
            <ns3:hr>152</ns3:hr>
            <ns3:cad>91</ns3:cad>
          </ns3:TrackPointExtension>
        </extensions>
      </trkpt>
      <trkpt lat="31.27849903889000415802001953125" lon="121.47700731642544269561767578125">
        <ele>8.3999996185302734375</ele>
        <time>2026-09-09T09:00:32.000Z</time>
        <extensions>
          <ns3:TrackPointExtension>
            <ns3:hr>154</ns3:hr>
            <ns3:cad>91</ns3:cad>
          </ns3:TrackPointExtension>
        </extensions>
      </trkpt>
      <trkpt lat="31.278496943414211273193359375" lon="121.4769748784601688385009765625">
        <ele>8.19999980926513671875</ele>
        <time>2026-09-09T09:00:33.000Z</time>
        <extensions>
          <ns3:TrackPointExtension>
            <ns3:hr>154</ns3:hr>
            <ns3:cad>92</ns3:cad>
          </ns3:TrackPointExtension>
        </extensions>
      </trkpt>
      <trkpt lat="31.27849660813808441162109375" lon="121.47697010077536106109619140625">
        <ele>8</ele>
        <time>2026-09-09T09:00:34.000Z</time>
        <extensions>
          <ns3:TrackPointExtension>
            <ns3:hr>154</ns3:hr>
            <ns3:cad>92</ns3:cad>
          </ns3:TrackPointExtension>
        </extensions>
      </trkpt>
      <trkpt lat="31.27849635668098926544189453125" lon="121.47696557454764842987060546875">
        <ele>8</ele>
        <time>2026-09-09T09:00:35.000Z</time>
        <extensions>
          <ns3:TrackPointExtension>
            <ns3:hr>154</ns3:hr>
            <ns3:cad>92</ns3:cad>
          </ns3:TrackPointExtension>
        </extensions>
      </trkpt>
      <trkpt lat="31.278496943414211273193359375" lon="121.476975381374359130859375">
        <ele>8.19999980926513671875</ele>
        <time>2026-09-09T09:00:36.000Z</time>
        <extensions>
          <ns3:TrackPointExtension>
            <ns3:hr>152</ns3:hr>
            <ns3:cad>0</ns3:cad>
          </ns3:TrackPointExtension>
        </extensions>
      </trkpt>
      <trkpt lat="31.278497278690338134765625" lon="121.47697999142110347747802734375">
        <ele>8.19999980926513671875</ele>
        <time>2026-09-09T09:00:37.000Z</time>
        <extensions>
          <ns3:TrackPointExtension>
            <ns3:hr>152</ns3:hr>
            <ns3:cad>0</ns3:cad>
          </ns3:TrackPointExtension>
        </extensions>
      </trkpt>
      <trkpt lat="31.2784977816045284271240234375" lon="121.4769886247813701629638671875">
        <ele>8.19999980926513671875</ele>
        <time>2026-09-09T09:00:38.000Z</time>
        <extensions>
          <ns3:TrackPointExtension>
            <ns3:hr>152</ns3:hr>
            <ns3:cad>0</ns3:cad>
          </ns3:TrackPointExtension>
        </extensions>
      </trkpt>
      <trkpt lat="31.27849803306162357330322265625" lon="121.47699189372360706329345703125">
        <ele>8.19999980926513671875</ele>
        <time>2026-09-09T09:00:39.000Z</time>
        <extensions>
          <ns3:TrackPointExtension>
            <ns3:hr>153</ns3:hr>
            <ns3:cad>0</ns3:cad>
          </ns3:TrackPointExtension>
        </extensions>
      </trkpt>
      <trkpt lat="31.27849803306162357330322265625" lon="121.4769923128187656402587890625">
        <ele>8.19999980926513671875</ele>
        <time>2026-09-09T09:00:40.000Z</time>
        <extensions>
          <ns3:TrackPointExtension>
            <ns3:hr>153</ns3:hr>
            <ns3:cad>0</ns3:cad>
          </ns3:TrackPointExtension>
        </extensions>
      </trkpt>
      <trkpt lat="31.27849803306162357330322265625" lon="121.47699155844748020172119140625">
        <ele>8.19999980926513671875</ele>
        <time>2026-09-09T09:00:41.000Z</time>
        <extensions>
          <ns3:TrackPointExtension>
            <ns3:hr>153</ns3:hr>
            <ns3:cad>0</ns3:cad>
          </ns3:TrackPointExtension>
        </extensions>
      </trkpt>
      <trkpt lat="31.27849719487130641937255859375" lon="121.4769782312214374542236328125">
        <ele>8.19999980926513671875</ele>
        <time>2026-09-09T09:00:42.000Z</time>
        <extensions>
          <ns3:TrackPointExtension>
            <ns3:hr>151</ns3:hr>
            <ns3:cad>0</ns3:cad>
          </ns3:TrackPointExtension>
        </extensions>
      </trkpt>
      <trkpt lat="31.27849618904292583465576171875" lon="121.4769631437957286834716796875">
        <ele>8</ele>
        <time>2026-09-09T09:00:43.000Z</time>
        <extensions>
          <ns3:TrackPointExtension>
            <ns3:hr>151</ns3:hr>
            <ns3:cad>0</ns3:cad>
          </ns3:TrackPointExtension>
        </extensions>
      </trkpt>
      <trkpt lat="31.27849551849067211151123046875" lon="121.476954929530620574951171875">
        <ele>7.80000019073486328125</ele>
        <time>2026-09-09T09:00:44.000Z</time>
        <extensions>
          <ns3:TrackPointExtension>
            <ns3:hr>150</ns3:hr>
            <ns3:cad>0</ns3:cad>
          </ns3:TrackPointExtension>
        </extensions>
      </trkpt>
      <trkpt lat="31.278493590652942657470703125" lon="121.47694260813295841217041015625">
        <ele>7.80000019073486328125</ele>
        <time>2026-09-09T09:00:45.000Z</time>
        <extensions>
          <ns3:TrackPointExtension>
            <ns3:hr>148</ns3:hr>
            <ns3:cad>0</ns3:cad>
          </ns3:TrackPointExtension>
        </extensions>
      </trkpt>
      <trkpt lat="31.2784914113581180572509765625" lon="121.4769284427165985107421875">
        <ele>7.599999904632568359375</ele>
        <time>2026-09-09T09:00:46.000Z</time>
        <extensions>
          <ns3:TrackPointExtension>
            <ns3:hr>148</ns3:hr>
            <ns3:cad>0</ns3:cad>
          </ns3:TrackPointExtension>
        </extensions>
      </trkpt>
      <trkpt lat="31.278491578996181488037109375" lon="121.4769292809069156646728515625">
        <ele>7.599999904632568359375</ele>
        <time>2026-09-09T09:00:47.000Z</time>
        <extensions>
          <ns3:TrackPointExtension>
            <ns3:hr>145</ns3:hr>
            <ns3:cad>0</ns3:cad>
          </ns3:TrackPointExtension>
        </extensions>
      </trkpt>
      <trkpt lat="31.27848931588232517242431640625" lon="121.4769150316715240478515625">
        <ele>7.400000095367431640625</ele>
        <time>2026-09-09T09:00:48.000Z</time>
        <extensions>
          <ns3:TrackPointExtension>
            <ns3:hr>145</ns3:hr>
            <ns3:cad>0</ns3:cad>
          </ns3:TrackPointExtension>
        </extensions>
      </trkpt>
      <trkpt lat="31.278489567339420318603515625" lon="121.476916372776031494140625">
        <ele>7.599999904632568359375</ele>
        <time>2026-09-09T09:00:49.000Z</time>
        <extensions>
          <ns3:TrackPointExtension>
            <ns3:hr>145</ns3:hr>
            <ns3:cad>0</ns3:cad>
          </ns3:TrackPointExtension>
        </extensions>
      </trkpt>
      <trkpt lat="31.2784914113581180572509765625" lon="121.47692835889756679534912109375">
        <ele>7.599999904632568359375</ele>
        <time>2026-09-09T09:00:50.000Z</time>
        <extensions>
          <ns3:TrackPointExtension>
            <ns3:hr>144</ns3:hr>
            <ns3:cad>0</ns3:cad>
          </ns3:TrackPointExtension>
        </extensions>
      </trkpt>
      <trkpt lat="31.278494261205196380615234375" lon="121.47694663144648075103759765625">
        <ele>7.80000019073486328125</ele>
        <time>2026-09-09T09:00:51.000Z</time>
        <extensions>
          <ns3:TrackPointExtension>
            <ns3:hr>143</ns3:hr>
            <ns3:cad>0</ns3:cad>
          </ns3:TrackPointExtension>
        </extensions>
      </trkpt>
      <trkpt lat="31.27849669195711612701416015625" lon="121.4769711904227733612060546875">
        <ele>8</ele>
        <time>2026-09-09T09:00:52.000Z</time>
        <extensions>
          <ns3:TrackPointExtension>
            <ns3:hr>143</ns3:hr>
            <ns3:cad>0</ns3:cad>
          </ns3:TrackPointExtension>
        </extensions>
      </trkpt>
      <trkpt lat="31.278498284518718719482421875" lon="121.4769954979419708251953125">
        <ele>8.3999996185302734375</ele>
        <time>2026-09-09T09:00:53.000Z</time>
        <extensions>
          <ns3:TrackPointExtension>
            <ns3:hr>142</ns3:hr>
            <ns3:cad>0</ns3:cad>
          </ns3:TrackPointExtension>
        </extensions>
      </trkpt>
      <trkpt lat="31.27849920652806758880615234375" lon="121.4770115911960601806640625">
        <ele>8.3999996185302734375</ele>
        <time>2026-09-09T09:00:54.000Z</time>
        <extensions>
          <ns3:TrackPointExtension>
            <ns3:hr>142</ns3:hr>
            <ns3:cad>0</ns3:cad>
          </ns3:TrackPointExtension>
        </extensions>
      </trkpt>
      <trkpt lat="31.2784991227090358734130859375" lon="121.4770144410431385040283203125">
        <ele>8.6000003814697265625</ele>
        <time>2026-09-09T09:00:55.000Z</time>
        <extensions>
          <ns3:TrackPointExtension>
            <ns3:hr>141</ns3:hr>
            <ns3:cad>0</ns3:cad>
          </ns3:TrackPointExtension>
        </extensions>
      </trkpt>
      <trkpt lat="31.27849920652806758880615234375" lon="121.477011926472187042236328125">
        <ele>8.3999996185302734375</ele>
        <time>2026-09-09T09:00:56.000Z</time>
        <extensions>
          <ns3:TrackPointExtension>
            <ns3:hr>140</ns3:hr>
            <ns3:cad>0</ns3:cad>
          </ns3:TrackPointExtension>
        </extensions>
      </trkpt>
      <trkpt lat="31.27849870361387729644775390625" lon="121.47702994756400585174560546875">
        <ele>8.6000003814697265625</ele>
        <time>2026-09-09T09:00:57.000Z</time>
        <extensions>
          <ns3:TrackPointExtension>
            <ns3:hr>140</ns3:hr>
            <ns3:cad>0</ns3:cad>
          </ns3:TrackPointExtension>
        </extensions>
      </trkpt>
      <trkpt lat="31.2784981168806552886962890625" lon="121.4770516566932201385498046875">
        <ele>9</ele>
        <time>2026-09-09T09:00:58.000Z</time>
        <extensions>
          <ns3:TrackPointExtension>
            <ns3:hr>139</ns3:hr>
            <ns3:cad>50</ns3:cad>
          </ns3:TrackPointExtension>
        </extensions>
      </trkpt>
      <trkpt lat="31.27849702723324298858642578125" lon="121.4770711027085781097412109375">
        <ele>9.19999980926513671875</ele>
        <time>2026-09-09T09:00:59.000Z</time>
        <extensions>
          <ns3:TrackPointExtension>
            <ns3:hr>138</ns3:hr>
            <ns3:cad>50</ns3:cad>
          </ns3:TrackPointExtension>
        </extensions>
      </trkpt>
      <trkpt lat="31.27849618904292583465576171875" lon="121.477078311145305633544921875">
        <ele>9.19999980926513671875</ele>
        <time>2026-09-09T09:01:00.000Z</time>
        <extensions>
          <ns3:TrackPointExtension>
            <ns3:hr>138</ns3:hr>
            <ns3:cad>50</ns3:cad>
          </ns3:TrackPointExtension>
        </extensions>
      </trkpt>
      <trkpt lat="31.2784950993955135345458984375" lon="121.47708736360073089599609375">
        <ele>9.3999996185302734375</ele>
        <time>2026-09-09T09:01:01.000Z</time>
        <extensions>
          <ns3:TrackPointExtension>
            <ns3:hr>136</ns3:hr>
            <ns3:cad>0</ns3:cad>
          </ns3:TrackPointExtension>
        </extensions>
      </trkpt>
      <trkpt lat="31.278491578996181488037109375" lon="121.4771177060902118682861328125">
        <ele>9.6000003814697265625</ele>
        <time>2026-09-09T09:01:02.000Z</time>
        <extensions>
          <ns3:TrackPointExtension>
            <ns3:hr>133</ns3:hr>
            <ns3:cad>0</ns3:cad>
          </ns3:TrackPointExtension>
        </extensions>
      </trkpt>
      <trkpt lat="31.278491578996181488037109375" lon="121.4771177060902118682861328125">
        <ele>9.6000003814697265625</ele>
        <time>2026-09-09T09:01:03.000Z</time>
        <extensions>
          <ns3:TrackPointExtension>
            <ns3:hr>135</ns3:hr>
            <ns3:cad>50</ns3:cad>
          </ns3:TrackPointExtension>
        </extensions>
      </trkpt>
      <trkpt lat="31.2784900702536106109619140625" lon="121.47712516598403453826904296875">
        <ele>9.80000019073486328125</ele>
        <time>2026-09-09T09:01:04.000Z</time>
        <extensions>
          <ns3:TrackPointExtension>
            <ns3:hr>135</ns3:hr>
            <ns3:cad>50</ns3:cad>
          </ns3:TrackPointExtension>
        </extensions>
      </trkpt>
      <trkpt lat="31.27848730422556400299072265625" lon="121.4771384932100772857666015625">
        <ele>9.80000019073486328125</ele>
        <time>2026-09-09T09:01:05.000Z</time>
        <extensions>
          <ns3:TrackPointExtension>
            <ns3:hr>134</ns3:hr>
            <ns3:cad>50</ns3:cad>
          </ns3:TrackPointExtension>
        </extensions>
      </trkpt>
      <trkpt lat="31.27848185598850250244140625" lon="121.47716456092894077301025390625">
        <ele>10.19999980926513671875</ele>
        <time>2026-09-09T09:01:06.000Z</time>
        <extensions>
          <ns3:TrackPointExtension>
            <ns3:hr>134</ns3:hr>
            <ns3:cad>0</ns3:cad>
          </ns3:TrackPointExtension>
        </extensions>
      </trkpt>
      <trkpt lat="31.2784813530743122100830078125" lon="121.47716690786182880401611328125">
        <ele>10.19999980926513671875</ele>
        <time>2026-09-09T09:01:07.000Z</time>
        <extensions>
          <ns3:TrackPointExtension>
            <ns3:hr>133</ns3:hr>
            <ns3:cad>0</ns3:cad>
          </ns3:TrackPointExtension>
        </extensions>
      </trkpt>
      <trkpt lat="31.2784800119698047637939453125" lon="121.477172188460826873779296875">
        <ele>10.19999980926513671875</ele>
        <time>2026-09-09T09:01:08.000Z</time>
        <extensions>
          <ns3:TrackPointExtension>
            <ns3:hr>131</ns3:hr>
            <ns3:cad>0</ns3:cad>
          </ns3:TrackPointExtension>
        </extensions>
      </trkpt>
      <trkpt lat="31.27847640775144100189208984375" lon="121.4771840907633304595947265625">
        <ele>10.3999996185302734375</ele>
        <time>2026-09-09T09:01:09.000Z</time>
        <extensions>
          <ns3:TrackPointExtension>
            <ns3:hr>131</ns3:hr>
            <ns3:cad>51</ns3:cad>
          </ns3:TrackPointExtension>
        </extensions>
      </trkpt>
      <trkpt lat="31.27847590483725070953369140625" lon="121.47718568332493305206298828125">
        <ele>10.3999996185302734375</ele>
        <time>2026-09-09T09:01:10.000Z</time>
        <extensions>
          <ns3:TrackPointExtension>
            <ns3:hr>131</ns3:hr>
            <ns3:cad>51</ns3:cad>
          </ns3:TrackPointExtension>
        </extensions>
      </trkpt>
      <trkpt lat="31.2784733064472675323486328125" lon="121.4771941490471363067626953125">
        <ele>10.3999996185302734375</ele>
        <time>2026-09-09T09:01:11.000Z</time>
        <extensions>
          <ns3:TrackPointExtension>
            <ns3:hr>130</ns3:hr>
            <ns3:cad>51</ns3:cad>
          </ns3:TrackPointExtension>
        </extensions>
      </trkpt>
      <trkpt lat="31.2784664332866668701171875" lon="121.477216444909572601318359375">
        <ele>10.6000003814697265625</ele>
        <time>2026-09-09T09:01:12.000Z</time>
        <extensions>
          <ns3:TrackPointExtension>
            <ns3:hr>130</ns3:hr>
            <ns3:cad>52</ns3:cad>
          </ns3:TrackPointExtension>
        </extensions>
      </trkpt>
      <trkpt lat="31.27845880575478076934814453125" lon="121.47723614238202571868896484375">
        <ele>10.80000019073486328125</ele>
        <time>2026-09-09T09:01:13.000Z</time>
        <extensions>
          <ns3:TrackPointExtension>
            <ns3:hr>129</ns3:hr>
            <ns3:cad>52</ns3:cad>
          </ns3:TrackPointExtension>
        </extensions>
      </trkpt>
      <trkpt lat="31.27845511771738529205322265625" lon="121.4772451110184192657470703125">
        <ele>11</ele>
        <time>2026-09-09T09:01:14.000Z</time>
        <extensions>
          <ns3:TrackPointExtension>
            <ns3:hr>128</ns3:hr>
            <ns3:cad>52</ns3:cad>
          </ns3:TrackPointExtension>
        </extensions>
      </trkpt>
      <trkpt lat="31.27844790928065776824951171875" lon="121.4772625453770160675048828125">
        <ele>11</ele>
        <time>2026-09-09T09:01:15.000Z</time>
        <extensions>
          <ns3:TrackPointExtension>
            <ns3:hr>128</ns3:hr>
            <ns3:cad>52</ns3:cad>
          </ns3:TrackPointExtension>
        </extensions>
      </trkpt>
      <trkpt lat="31.27844589762389659881591796875" lon="121.4772675745189189910888671875">
        <ele>11.19999980926513671875</ele>
        <time>2026-09-09T09:01:16.000Z</time>
        <extensions>
          <ns3:TrackPointExtension>
            <ns3:hr>127</ns3:hr>
            <ns3:cad>52</ns3:cad>
          </ns3:TrackPointExtension>
        </extensions>
      </trkpt>
      <trkpt lat="31.2784404493868350982666015625" lon="121.4772783033549785614013671875">
        <ele>11.19999980926513671875</ele>
        <time>2026-09-09T09:01:17.000Z</time>
        <extensions>
          <ns3:TrackPointExtension>
            <ns3:hr>127</ns3:hr>
            <ns3:cad>52</ns3:cad>
          </ns3:TrackPointExtension>
        </extensions>
      </trkpt>
      <trkpt lat="31.27843533642590045928955078125" lon="121.47728794254362583160400390625">
        <ele>11.19999980926513671875</ele>
        <time>2026-09-09T09:01:18.000Z</time>
        <extensions>
          <ns3:TrackPointExtension>
            <ns3:hr>128</ns3:hr>
            <ns3:cad>51</ns3:cad>
          </ns3:TrackPointExtension>
        </extensions>
      </trkpt>
      <trkpt lat="31.278433240950107574462890625" lon="121.47729196585714817047119140625">
        <ele>11.3999996185302734375</ele>
        <time>2026-09-09T09:01:19.000Z</time>
        <extensions>
          <ns3:TrackPointExtension>
            <ns3:hr>128</ns3:hr>
            <ns3:cad>53</ns3:cad>
          </ns3:TrackPointExtension>
        </extensions>
      </trkpt>
      <trkpt lat="31.27842427231371402740478515625" lon="121.477308981120586395263671875">
        <ele>11.3999996185302734375</ele>
        <time>2026-09-09T09:01:20.000Z</time>
        <extensions>
          <ns3:TrackPointExtension>
            <ns3:hr>128</ns3:hr>
            <ns3:cad>53</ns3:cad>
          </ns3:TrackPointExtension>
        </extensions>
      </trkpt>
      <trkpt lat="31.278415136039257049560546875" lon="121.477324068546295166015625">
        <ele>11.6000003814697265625</ele>
        <time>2026-09-09T09:01:21.000Z</time>
        <extensions>
          <ns3:TrackPointExtension>
            <ns3:hr>130</ns3:hr>
            <ns3:cad>53</ns3:cad>
          </ns3:TrackPointExtension>
        </extensions>
      </trkpt>
      <trkpt lat="31.2784089334309101104736328125" lon="121.47733337245881557464599609375">
        <ele>11.6000003814697265625</ele>
        <time>2026-09-09T09:01:22.000Z</time>
        <extensions>
          <ns3:TrackPointExtension>
            <ns3:hr>135</ns3:hr>
            <ns3:cad>53</ns3:cad>
          </ns3:TrackPointExtension>
        </extensions>
      </trkpt>
      <trkpt lat="31.27839946188032627105712890625" lon="121.4773477055132389068603515625">
        <ele>11.6000003814697265625</ele>
        <time>2026-09-09T09:01:23.000Z</time>
        <extensions>
          <ns3:TrackPointExtension>
            <ns3:hr>135</ns3:hr>
            <ns3:cad>53</ns3:cad>
          </ns3:TrackPointExtension>
        </extensions>
      </trkpt>
      <trkpt lat="31.2783938460052013397216796875" lon="121.47735617123544216156005859375">
        <ele>11.6000003814697265625</ele>
        <time>2026-09-09T09:01:24.000Z</time>
        <extensions>
          <ns3:TrackPointExtension>
            <ns3:hr>137</ns3:hr>
            <ns3:cad>52</ns3:cad>
          </ns3:TrackPointExtension>
        </extensions>
      </trkpt>
      <trkpt lat="31.27838554792106151580810546875" lon="121.47736673243343830108642578125">
        <ele>11.3999996185302734375</ele>
        <time>2026-09-09T09:01:25.000Z</time>
        <extensions>
          <ns3:TrackPointExtension>
            <ns3:hr>137</ns3:hr>
            <ns3:cad>51</ns3:cad>
          </ns3:TrackPointExtension>
        </extensions>
      </trkpt>
      <trkpt lat="31.2783817760646343231201171875" lon="121.477371342480182647705078125">
        <ele>11.3999996185302734375</ele>
        <time>2026-09-09T09:01:26.000Z</time>
        <extensions>
          <ns3:TrackPointExtension>
            <ns3:hr>137</ns3:hr>
            <ns3:cad>0</ns3:cad>
          </ns3:TrackPointExtension>
        </extensions>
      </trkpt>
      <trkpt lat="31.27836559899151325225830078125" lon="121.47739103995263576507568359375">
        <ele>11.19999980926513671875</ele>
        <time>2026-09-09T09:01:27.000Z</time>
        <extensions>
          <ns3:TrackPointExtension>
            <ns3:hr>136</ns3:hr>
            <ns3:cad>0</ns3:cad>
          </ns3:TrackPointExtension>
        </extensions>
      </trkpt>
      <trkpt lat="31.27836258150637149810791015625" lon="121.47739472799003124237060546875">
        <ele>11.19999980926513671875</ele>
        <time>2026-09-09T09:01:28.000Z</time>
        <extensions>
          <ns3:TrackPointExtension>
            <ns3:hr>136</ns3:hr>
            <ns3:cad>0</ns3:cad>
          </ns3:TrackPointExtension>
        </extensions>
      </trkpt>
      <trkpt lat="31.2783532775938510894775390625" lon="121.47740445099771022796630859375">
        <ele>11</ele>
        <time>2026-09-09T09:01:29.000Z</time>
        <extensions>
          <ns3:TrackPointExtension>
            <ns3:hr>136</ns3:hr>
            <ns3:cad>0</ns3:cad>
          </ns3:TrackPointExtension>
        </extensions>
      </trkpt>
      <trkpt lat="31.27835042774677276611328125" lon="121.47740730084478855133056640625">
        <ele>11</ele>
        <time>2026-09-09T09:01:30.000Z</time>
        <extensions>
          <ns3:TrackPointExtension>
            <ns3:hr>134</ns3:hr>
            <ns3:cad>0</ns3:cad>
          </ns3:TrackPointExtension>
        </extensions>
      </trkpt>
      <trkpt lat="31.27834766171872615814208984375" lon="121.4774100668728351593017578125">
        <ele>11</ele>
        <time>2026-09-09T09:01:31.000Z</time>
        <extensions>
          <ns3:TrackPointExtension>
            <ns3:hr>134</ns3:hr>
            <ns3:cad>0</ns3:cad>
          </ns3:TrackPointExtension>
        </extensions>
      </trkpt>
      <trkpt lat="31.278338022530078887939453125" lon="121.47741953842341899871826171875">
        <ele>10.80000019073486328125</ele>
        <time>2026-09-09T09:01:32.000Z</time>
        <extensions>
          <ns3:TrackPointExtension>
            <ns3:hr>133</ns3:hr>
            <ns3:cad>0</ns3:cad>
          </ns3:TrackPointExtension>
        </extensions>
      </trkpt>
      <trkpt lat="31.27833701670169830322265625" lon="121.47742054425179958343505859375">
        <ele>10.80000019073486328125</ele>
        <time>2026-09-09T09:01:33.000Z</time>
        <extensions>
          <ns3:TrackPointExtension>
            <ns3:hr>132</ns3:hr>
            <ns3:cad>0</ns3:cad>
          </ns3:TrackPointExtension>
        </extensions>
      </trkpt>
      <trkpt lat="31.2783294729888439178466796875" lon="121.47742808796465396881103515625">
        <ele>10.6000003814697265625</ele>
        <time>2026-09-09T09:01:34.000Z</time>
        <extensions>
          <ns3:TrackPointExtension>
            <ns3:hr>132</ns3:hr>
            <ns3:cad>0</ns3:cad>
          </ns3:TrackPointExtension>
        </extensions>
      </trkpt>
      <trkpt lat="31.2783147208392620086669921875" lon="121.4774405770003795623779296875">
        <ele>10.3999996185302734375</ele>
        <time>2026-09-09T09:01:35.000Z</time>
        <extensions>
          <ns3:TrackPointExtension>
            <ns3:hr>131</ns3:hr>
            <ns3:cad>0</ns3:cad>
          </ns3:TrackPointExtension>
        </extensions>
      </trkpt>
      <trkpt lat="31.27830793149769306182861328125" lon="121.47744602523744106292724609375">
        <ele>10.19999980926513671875</ele>
        <time>2026-09-09T09:01:36.000Z</time>
        <extensions>
          <ns3:TrackPointExtension>
            <ns3:hr>129</ns3:hr>
            <ns3:cad>50</ns3:cad>
          </ns3:TrackPointExtension>
        </extensions>
      </trkpt>
      <trkpt lat="31.2783103622496128082275390625" lon="121.47744409739971160888671875">
        <ele>10.3999996185302734375</ele>
        <time>2026-09-09T09:01:37.000Z</time>
        <extensions>
          <ns3:TrackPointExtension>
            <ns3:hr>129</ns3:hr>
            <ns3:cad>50</ns3:cad>
          </ns3:TrackPointExtension>
        </extensions>
      </trkpt>
      <trkpt lat="31.2783113680779933929443359375" lon="121.4774432592093944549560546875">
        <ele>10.3999996185302734375</ele>
        <time>2026-09-09T09:01:38.000Z</time>
        <extensions>
          <ns3:TrackPointExtension>
            <ns3:hr>128</ns3:hr>
            <ns3:cad>50</ns3:cad>
          </ns3:TrackPointExtension>
        </extensions>
      </trkpt>
      <trkpt lat="31.2783108651638031005859375" lon="121.47744367830455303192138671875">
        <ele>10.3999996185302734375</ele>
        <time>2026-09-09T09:01:39.000Z</time>
        <extensions>
          <ns3:TrackPointExtension>
            <ns3:hr>125</ns3:hr>
            <ns3:cad>50</ns3:cad>
          </ns3:TrackPointExtension>
        </extensions>
      </trkpt>
      <trkpt lat="31.2783090211451053619384765625" lon="121.477445103228092193603515625">
        <ele>10.3999996185302734375</ele>
        <time>2026-09-09T09:01:40.000Z</time>
        <extensions>
          <ns3:TrackPointExtension>
            <ns3:hr>125</ns3:hr>
            <ns3:cad>50</ns3:cad>
          </ns3:TrackPointExtension>
        </extensions>
      </trkpt>
      <trkpt lat="31.27830826677381992340087890625" lon="121.47744568996131420135498046875">
        <ele>10.19999980926513671875</ele>
        <time>2026-09-09T09:01:41.000Z</time>
        <extensions>
          <ns3:TrackPointExtension>
            <ns3:hr>124</ns3:hr>
            <ns3:cad>0</ns3:cad>
          </ns3:TrackPointExtension>
        </extensions>
      </trkpt>
      <trkpt lat="31.27831011079251766204833984375" lon="121.4774442650377750396728515625">
        <ele>10.3999996185302734375</ele>
        <time>2026-09-09T09:01:42.000Z</time>
        <extensions>
          <ns3:TrackPointExtension>
            <ns3:hr>123</ns3:hr>
            <ns3:cad>0</ns3:cad>
          </ns3:TrackPointExtension>
        </extensions>
      </trkpt>
      <trkpt lat="31.278309524059295654296875" lon="121.47744476795196533203125">
        <ele>10.3999996185302734375</ele>
        <time>2026-09-09T09:01:43.000Z</time>
        <extensions>
          <ns3:TrackPointExtension>
            <ns3:hr>123</ns3:hr>
            <ns3:cad>0</ns3:cad>
          </ns3:TrackPointExtension>
        </extensions>
      </trkpt>
      <trkpt lat="31.27831094898283481597900390625" lon="121.47744351066648960113525390625">
        <ele>10.3999996185302734375</ele>
        <time>2026-09-09T09:01:44.000Z</time>
        <extensions>
          <ns3:TrackPointExtension>
            <ns3:hr>122</ns3:hr>
            <ns3:cad>0</ns3:cad>
          </ns3:TrackPointExtension>
        </extensions>
      </trkpt>
      <trkpt lat="31.278313212096691131591796875" lon="121.47744183428585529327392578125">
        <ele>10.3999996185302734375</ele>
        <time>2026-09-09T09:01:45.000Z</time>
        <extensions>
          <ns3:TrackPointExtension>
            <ns3:hr>121</ns3:hr>
            <ns3:cad>0</ns3:cad>
          </ns3:TrackPointExtension>
        </extensions>
      </trkpt>
      <trkpt lat="31.27831757068634033203125" lon="121.47743831388652324676513671875">
        <ele>10.3999996185302734375</ele>
        <time>2026-09-09T09:01:46.000Z</time>
        <extensions>
          <ns3:TrackPointExtension>
            <ns3:hr>121</ns3:hr>
            <ns3:cad>0</ns3:cad>
          </ns3:TrackPointExtension>
        </extensions>
      </trkpt>
      <trkpt lat="31.27831547521054744720458984375" lon="121.47743999026715755462646484375">
        <ele>10.3999996185302734375</ele>
        <time>2026-09-09T09:01:47.000Z</time>
        <extensions>
          <ns3:TrackPointExtension>
            <ns3:hr>120</ns3:hr>
            <ns3:cad>0</ns3:cad>
          </ns3:TrackPointExtension>
        </extensions>
      </trkpt>
      <trkpt lat="31.27831614576280117034912109375" lon="121.477439403533935546875">
        <ele>10.3999996185302734375</ele>
        <time>2026-09-09T09:01:48.000Z</time>
        <extensions>
          <ns3:TrackPointExtension>
            <ns3:hr>120</ns3:hr>
            <ns3:cad>0</ns3:cad>
          </ns3:TrackPointExtension>
        </extensions>
      </trkpt>
      <trkpt lat="31.2783163972198963165283203125" lon="121.4774392358958721160888671875">
        <ele>10.3999996185302734375</ele>
        <time>2026-09-09T09:01:49.000Z</time>
        <extensions>
          <ns3:TrackPointExtension>
            <ns3:hr>119</ns3:hr>
            <ns3:cad>0</ns3:cad>
          </ns3:TrackPointExtension>
        </extensions>
      </trkpt>
      <trkpt lat="31.2783163972198963165283203125" lon="121.4774392358958721160888671875">
        <ele>10.3999996185302734375</ele>
        <time>2026-09-09T09:01:50.000Z</time>
        <extensions>
          <ns3:TrackPointExtension>
            <ns3:hr>116</ns3:hr>
            <ns3:cad>0</ns3:cad>
          </ns3:TrackPointExtension>
        </extensions>
      </trkpt>
      <trkpt lat="31.2783163972198963165283203125" lon="121.4774392358958721160888671875">
        <ele>10.3999996185302734375</ele>
        <time>2026-09-09T09:01:51.000Z</time>
        <extensions>
          <ns3:TrackPointExtension>
            <ns3:hr>116</ns3:hr>
            <ns3:cad>0</ns3:cad>
          </ns3:TrackPointExtension>
        </extensions>
      </trkpt>
      <trkpt lat="31.2783163972198963165283203125" lon="121.4774392358958721160888671875">
        <ele>10.3999996185302734375</ele>
        <time>2026-09-09T09:01:52.000Z</time>
        <extensions>
          <ns3:TrackPointExtension>
            <ns3:hr>114</ns3:hr>
            <ns3:cad>0</ns3:cad>
          </ns3:TrackPointExtension>
        </extensions>
      </trkpt>
      <trkpt lat="31.2783163972198963165283203125" lon="121.4774392358958721160888671875">
        <ele>10.3999996185302734375</ele>
        <time>2026-09-09T09:01:53.000Z</time>
        <extensions>
          <ns3:TrackPointExtension>
            <ns3:hr>112</ns3:hr>
            <ns3:cad>0</ns3:cad>
          </ns3:TrackPointExtension>
        </extensions>
      </trkpt>
      <trkpt lat="31.2783163972198963165283203125" lon="121.4774392358958721160888671875">
        <ele>10.3999996185302734375</ele>
        <time>2026-09-09T09:01:54.000Z</time>
        <extensions>
          <ns3:TrackPointExtension>
            <ns3:hr>112</ns3:hr>
            <ns3:cad>0</ns3:cad>
          </ns3:TrackPointExtension>
        </extensions>
      </trkpt>
      <trkpt lat="31.2783163972198963165283203125" lon="121.4774392358958721160888671875">
        <ele>10.3999996185302734375</ele>
        <time>2026-09-09T09:01:55.000Z</time>
        <extensions>
          <ns3:TrackPointExtension>
            <ns3:hr>111</ns3:hr>
            <ns3:cad>0</ns3:cad>
          </ns3:TrackPointExtension>
        </extensions>
      </trkpt>
      <trkpt lat="31.2783163972198963165283203125" lon="121.4774392358958721160888671875">
        <ele>10.3999996185302734375</ele>
        <time>2026-09-09T09:01:56.000Z</time>
        <extensions>
          <ns3:TrackPointExtension>
            <ns3:hr>111</ns3:hr>
            <ns3:cad>0</ns3:cad>
          </ns3:TrackPointExtension>
        </extensions>
      </trkpt>
      <trkpt lat="31.2783163972198963165283203125" lon="121.4774392358958721160888671875">
        <ele>10.3999996185302734375</ele>
        <time>2026-09-09T09:01:57.000Z</time>
        <extensions>
          <ns3:TrackPointExtension>
            <ns3:hr>110</ns3:hr>
            <ns3:cad>0</ns3:cad>
          </ns3:TrackPointExtension>
        </extensions>
      </trkpt>
      <trkpt lat="31.2783162295818328857421875" lon="121.47743931971490383148193359375">
        <ele>10.3999996185302734375</ele>
        <time>2026-09-09T09:01:58.000Z</time>
        <extensions>
          <ns3:TrackPointExtension>
            <ns3:hr>109</ns3:hr>
            <ns3:cad>0</ns3:cad>
          </ns3:TrackPointExtension>
        </extensions>
      </trkpt>
      <trkpt lat="31.27831597812473773956298828125" lon="121.4774395711719989776611328125">
        <ele>10.3999996185302734375</ele>
        <time>2026-09-09T09:01:59.000Z</time>
        <extensions>
          <ns3:TrackPointExtension>
            <ns3:hr>109</ns3:hr>
            <ns3:cad>0</ns3:cad>
          </ns3:TrackPointExtension>
        </extensions>
      </trkpt>
      <trkpt lat="31.27831564284861087799072265625" lon="121.47743982262909412384033203125">
        <ele>10.3999996185302734375</ele>
        <time>2026-09-09T09:02:00.000Z</time>
        <extensions>
          <ns3:TrackPointExtension>
            <ns3:hr>108</ns3:hr>
            <ns3:cad>0</ns3:cad>
          </ns3:TrackPointExtension>
        </extensions>
      </trkpt>
      <trkpt lat="31.27831547521054744720458984375" lon="121.47743999026715755462646484375">
        <ele>10.3999996185302734375</ele>
        <time>2026-09-09T09:02:01.000Z</time>
        <extensions>
          <ns3:TrackPointExtension>
            <ns3:hr>108</ns3:hr>
            <ns3:cad>0</ns3:cad>
          </ns3:TrackPointExtension>
        </extensions>
      </trkpt>
      <trkpt lat="31.27830306999385356903076171875" lon="121.47744988091289997100830078125">
        <ele>10.19999980926513671875</ele>
        <time>2026-09-09T09:02:02.000Z</time>
        <extensions>
          <ns3:TrackPointExtension>
            <ns3:hr>109</ns3:hr>
            <ns3:cad>0</ns3:cad>
          </ns3:TrackPointExtension>
        </extensions>
      </trkpt>
      <trkpt lat="31.2782899104058742523193359375" lon="121.4774603582918643951416015625">
        <ele>10</ele>
        <time>2026-09-09T09:02:03.000Z</time>
        <extensions>
          <ns3:TrackPointExtension>
            <ns3:hr>109</ns3:hr>
            <ns3:cad>0</ns3:cad>
          </ns3:TrackPointExtension>
        </extensions>
      </trkpt>
      <trkpt lat="31.27828027121722698211669921875" lon="121.47746681235730648040771484375">
        <ele>9.80000019073486328125</ele>
        <time>2026-09-09T09:02:04.000Z</time>
        <extensions>
          <ns3:TrackPointExtension>
            <ns3:hr>109</ns3:hr>
            <ns3:cad>0</ns3:cad>
          </ns3:TrackPointExtension>
        </extensions>
      </trkpt>
      <trkpt lat="31.27827239222824573516845703125" lon="121.4774717576801776885986328125">
        <ele>9.6000003814697265625</ele>
        <time>2026-09-09T09:02:05.000Z</time>
        <extensions>
          <ns3:TrackPointExtension>
            <ns3:hr>109</ns3:hr>
            <ns3:cad>0</ns3:cad>
          </ns3:TrackPointExtension>
        </extensions>
      </trkpt>
      <trkpt lat="31.27826048992574214935302734375" lon="121.47747921757400035858154296875">
        <ele>9.6000003814697265625</ele>
        <time>2026-09-09T09:02:06.000Z</time>
        <extensions>
          <ns3:TrackPointExtension>
            <ns3:hr>108</ns3:hr>
            <ns3:cad>0</ns3:cad>
          </ns3:TrackPointExtension>
        </extensions>
      </trkpt>
      <trkpt lat="31.2782516889274120330810546875" lon="121.47748474963009357452392578125">
        <ele>9.3999996185302734375</ele>
        <time>2026-09-09T09:02:07.000Z</time>
        <extensions>
          <ns3:TrackPointExtension>
            <ns3:hr>107</ns3:hr>
            <ns3:cad>0</ns3:cad>
          </ns3:TrackPointExtension>
        </extensions>
      </trkpt>
      <trkpt lat="31.27824003808200359344482421875" lon="121.47749111987650394439697265625">
        <ele>9.3999996185302734375</ele>
        <time>2026-09-09T09:02:08.000Z</time>
        <extensions>
          <ns3:TrackPointExtension>
            <ns3:hr>107</ns3:hr>
            <ns3:cad>0</ns3:cad>
          </ns3:TrackPointExtension>
        </extensions>
      </trkpt>
      <trkpt lat="31.27822981216013431549072265625" lon="121.47749598138034343719482421875">
        <ele>9.3999996185302734375</ele>
        <time>2026-09-09T09:02:09.000Z</time>
        <extensions>
          <ns3:TrackPointExtension>
            <ns3:hr>105</ns3:hr>
            <ns3:cad>0</ns3:cad>
          </ns3:TrackPointExtension>
        </extensions>
      </trkpt>
      <trkpt lat="31.278223693370819091796875" lon="121.4774989150464534759521484375">
        <ele>9.3999996185302734375</ele>
        <time>2026-09-09T09:02:10.000Z</time>
        <extensions>
          <ns3:TrackPointExtension>
            <ns3:hr>101</ns3:hr>
            <ns3:cad>0</ns3:cad>
          </ns3:TrackPointExtension>
        </extensions>
      </trkpt>
      <trkpt lat="31.278212964534759521484375" lon="121.47750402800738811492919921875">
        <ele>9.19999980926513671875</ele>
        <time>2026-09-09T09:02:11.000Z</time>
        <extensions>
          <ns3:TrackPointExtension>
            <ns3:hr>101</ns3:hr>
            <ns3:cad>0</ns3:cad>
          </ns3:TrackPointExtension>
        </extensions>
      </trkpt>
      <trkpt lat="31.278199888765811920166015625" lon="121.47750972770154476165771484375">
        <ele>9.19999980926513671875</ele>
        <time>2026-09-09T09:02:12.000Z</time>
        <extensions>
          <ns3:TrackPointExtension>
            <ns3:hr>100</ns3:hr>
            <ns3:cad>0</ns3:cad>
          </ns3:TrackPointExtension>
        </extensions>
      </trkpt>
      <trkpt lat="31.27819376997649669647216796875" lon="121.477511823177337646484375">
        <ele>9.19999980926513671875</ele>
        <time>2026-09-09T09:02:13.000Z</time>
        <extensions>
          <ns3:TrackPointExtension>
            <ns3:hr>99</ns3:hr>
            <ns3:cad>0</ns3:cad>
          </ns3:TrackPointExtension>
        </extensions>
      </trkpt>
      <trkpt lat="31.278225369751453399658203125" lon="121.47749816067516803741455078125">
        <ele>9.3999996185302734375</ele>
        <time>2026-09-09T09:02:14.000Z</time>
        <extensions>
          <ns3:TrackPointExtension>
            <ns3:hr>99</ns3:hr>
            <ns3:cad>0</ns3:cad>
          </ns3:TrackPointExtension>
        </extensions>
      </trkpt>
      <trkpt lat="31.2782449834048748016357421875" lon="121.47748877294361591339111328125">
        <ele>9.3999996185302734375</ele>
        <time>2026-09-09T09:02:15.000Z</time>
        <extensions>
          <ns3:TrackPointExtension>
            <ns3:hr>98</ns3:hr>
            <ns3:cad>0</ns3:cad>
          </ns3:TrackPointExtension>
        </extensions>
      </trkpt>
      <trkpt lat="31.27825227566063404083251953125" lon="121.47748441435396671295166015625">
        <ele>9.3999996185302734375</ele>
        <time>2026-09-09T09:02:16.000Z</time>
        <extensions>
          <ns3:TrackPointExtension>
            <ns3:hr>98</ns3:hr>
            <ns3:cad>0</ns3:cad>
          </ns3:TrackPointExtension>
        </extensions>
      </trkpt>
      <trkpt lat="31.2782597355544567108154296875" lon="121.47747972048819065093994140625">
        <ele>9.6000003814697265625</ele>
        <time>2026-09-09T09:02:17.000Z</time>
        <extensions>
          <ns3:TrackPointExtension>
            <ns3:hr>97</ns3:hr>
            <ns3:cad>0</ns3:cad>
          </ns3:TrackPointExtension>
        </extensions>
      </trkpt>
      <trkpt lat="31.27826199866831302642822265625" lon="121.47747837938368320465087890625">
        <ele>9.6000003814697265625</ele>
        <time>2026-09-09T09:02:18.000Z</time>
        <extensions>
          <ns3:TrackPointExtension>
            <ns3:hr>96</ns3:hr>
            <ns3:cad>0</ns3:cad>
          </ns3:TrackPointExtension>
        </extensions>
      </trkpt>
      <trkpt lat="31.2782718054950237274169921875" lon="121.47747217677533626556396484375">
        <ele>9.6000003814697265625</ele>
        <time>2026-09-09T09:02:19.000Z</time>
        <extensions>
          <ns3:TrackPointExtension>
            <ns3:hr>96</ns3:hr>
            <ns3:cad>0</ns3:cad>
          </ns3:TrackPointExtension>
        </extensions>
      </trkpt>
      <trkpt lat="31.27827758900821208953857421875" lon="121.47746848873794078826904296875">
        <ele>9.80000019073486328125</ele>
        <time>2026-09-09T09:02:20.000Z</time>
        <extensions>
          <ns3:TrackPointExtension>
            <ns3:hr>96</ns3:hr>
            <ns3:cad>0</ns3:cad>
          </ns3:TrackPointExtension>
        </extensions>
      </trkpt>
      <trkpt lat="31.27827993594110012054443359375" lon="121.4774670638144016265869140625">
        <ele>9.80000019073486328125</ele>
        <time>2026-09-09T09:02:21.000Z</time>
        <extensions>
          <ns3:TrackPointExtension>
            <ns3:hr>96</ns3:hr>
            <ns3:cad>0</ns3:cad>
          </ns3:TrackPointExtension>
        </extensions>
      </trkpt>
      <trkpt lat="31.2782714702188968658447265625" lon="121.47747234441339969635009765625">
        <ele>9.6000003814697265625</ele>
        <time>2026-09-09T09:02:22.000Z</time>
        <extensions>
          <ns3:TrackPointExtension>
            <ns3:hr>96</ns3:hr>
            <ns3:cad>0</ns3:cad>
          </ns3:TrackPointExtension>
        </extensions>
      </trkpt>
      <trkpt lat="31.27828337252140045166015625" lon="121.4774648845195770263671875">
        <ele>9.80000019073486328125</ele>
        <time>2026-09-09T09:02:23.000Z</time>
        <extensions>
          <ns3:TrackPointExtension>
            <ns3:hr>96</ns3:hr>
            <ns3:cad>0</ns3:cad>
          </ns3:TrackPointExtension>
        </extensions>
      </trkpt>
      <trkpt lat="31.27829368226230144500732421875" lon="121.4774573408067226409912109375">
        <ele>10</ele>
        <time>2026-09-09T09:02:24.000Z</time>
        <extensions>
          <ns3:TrackPointExtension>
            <ns3:hr>98</ns3:hr>
            <ns3:cad>0</ns3:cad>
          </ns3:TrackPointExtension>
        </extensions>
      </trkpt>
      <trkpt lat="31.27829988487064838409423828125" lon="121.47745239548385143280029296875">
        <ele>10.19999980926513671875</ele>
        <time>2026-09-09T09:02:25.000Z</time>
        <extensions>
          <ns3:TrackPointExtension>
            <ns3:hr>98</ns3:hr>
            <ns3:cad>51</ns3:cad>
          </ns3:TrackPointExtension>
        </extensions>
      </trkpt>
      <trkpt lat="31.27830273471772670745849609375" lon="121.4774501323699951171875">
        <ele>10.19999980926513671875</ele>
        <time>2026-09-09T09:02:26.000Z</time>
        <extensions>
          <ns3:TrackPointExtension>
            <ns3:hr>99</ns3:hr>
            <ns3:cad>51</ns3:cad>
          </ns3:TrackPointExtension>
        </extensions>
      </trkpt>
      <trkpt lat="31.27830441109836101531982421875" lon="121.4774487912654876708984375">
        <ele>10.19999980926513671875</ele>
        <time>2026-09-09T09:02:27.000Z</time>
        <extensions>
          <ns3:TrackPointExtension>
            <ns3:hr>99</ns3:hr>
            <ns3:cad>51</ns3:cad>
          </ns3:TrackPointExtension>
        </extensions>
      </trkpt>
      <trkpt lat="31.27830994315445423126220703125" lon="121.47744434885680675506591796875">
        <ele>10.3999996185302734375</ele>
        <time>2026-09-09T09:02:28.000Z</time>
        <extensions>
          <ns3:TrackPointExtension>
            <ns3:hr>99</ns3:hr>
            <ns3:cad>51</ns3:cad>
          </ns3:TrackPointExtension>
        </extensions>
      </trkpt>
      <trkpt lat="31.2783184088766574859619140625" lon="121.47743764333426952362060546875">
        <ele>10.3999996185302734375</ele>
        <time>2026-09-09T09:02:29.000Z</time>
        <extensions>
          <ns3:TrackPointExtension>
            <ns3:hr>99</ns3:hr>
            <ns3:cad>51</ns3:cad>
          </ns3:TrackPointExtension>
        </extensions>
      </trkpt>
      <trkpt lat="31.2783269584178924560546875" lon="121.4774305187165737152099609375">
        <ele>10.6000003814697265625</ele>
        <time>2026-09-09T09:02:30.000Z</time>
        <extensions>
          <ns3:TrackPointExtension>
            <ns3:hr>98</ns3:hr>
            <ns3:cad>51</ns3:cad>
          </ns3:TrackPointExtension>
        </extensions>
      </trkpt>
      <trkpt lat="31.2783350050449371337890625" lon="121.47742255590856075286865234375">
        <ele>10.80000019073486328125</ele>
        <time>2026-09-09T09:02:31.000Z</time>
        <extensions>
          <ns3:TrackPointExtension>
            <ns3:hr>98</ns3:hr>
            <ns3:cad>87</ns3:cad>
          </ns3:TrackPointExtension>
        </extensions>
      </trkpt>
      <trkpt lat="31.27833835780620574951171875" lon="121.47741920314729213714599609375">
        <ele>10.80000019073486328125</ele>
        <time>2026-09-09T09:02:32.000Z</time>
        <extensions>
          <ns3:TrackPointExtension>
            <ns3:hr>98</ns3:hr>
            <ns3:cad>87</ns3:cad>
          </ns3:TrackPointExtension>
        </extensions>
      </trkpt>
      <trkpt lat="31.2783445604145526885986328125" lon="121.4774130843579769134521484375">
        <ele>10.80000019073486328125</ele>
        <time>2026-09-09T09:02:33.000Z</time>
        <extensions>
          <ns3:TrackPointExtension>
            <ns3:hr>98</ns3:hr>
            <ns3:cad>87</ns3:cad>
          </ns3:TrackPointExtension>
        </extensions>
      </trkpt>
      <trkpt lat="31.27835017628967761993408203125" lon="121.477407552301883697509765625">
        <ele>11</ele>
        <time>2026-09-09T09:02:34.000Z</time>
        <extensions>
          <ns3:TrackPointExtension>
            <ns3:hr>99</ns3:hr>
            <ns3:cad>87</ns3:cad>
          </ns3:TrackPointExtension>
        </extensions>
      </trkpt>
      <trkpt lat="31.27838487736880779266357421875" lon="121.4773674868047237396240234375">
        <ele>11.3999996185302734375</ele>
        <time>2026-09-09T09:02:35.000Z</time>
        <extensions>
          <ns3:TrackPointExtension>
            <ns3:hr>99</ns3:hr>
            <ns3:cad>87</ns3:cad>
          </ns3:TrackPointExtension>
        </extensions>
      </trkpt>
      <trkpt lat="31.27838487736880779266357421875" lon="121.4773674868047237396240234375">
        <ele>11.3999996185302734375</ele>
        <time>2026-09-09T09:02:36.000Z</time>
        <extensions>
          <ns3:TrackPointExtension>
            <ns3:hr>99</ns3:hr>
            <ns3:cad>87</ns3:cad>
          </ns3:TrackPointExtension>
        </extensions>
      </trkpt>
      <trkpt lat="31.27841345965862274169921875" lon="121.4773265831172466278076171875">
        <ele>11.6000003814697265625</ele>
        <time>2026-09-09T09:02:37.000Z</time>
        <extensions>
          <ns3:TrackPointExtension>
            <ns3:hr>99</ns3:hr>
            <ns3:cad>87</ns3:cad>
          </ns3:TrackPointExtension>
        </extensions>
      </trkpt>
      <trkpt lat="31.278443299233913421630859375" lon="121.4772729389369487762451171875">
        <ele>11.19999980926513671875</ele>
        <time>2026-09-09T09:02:38.000Z</time>
        <extensions>
          <ns3:TrackPointExtension>
            <ns3:hr>98</ns3:hr>
            <ns3:cad>87</ns3:cad>
          </ns3:TrackPointExtension>
        </extensions>
      </trkpt>
      <trkpt lat="31.278464756906032562255859375" lon="121.47722172550857067108154296875">
        <ele>10.6000003814697265625</ele>
        <time>2026-09-09T09:02:39.000Z</time>
        <extensions>
          <ns3:TrackPointExtension>
            <ns3:hr>99</ns3:hr>
            <ns3:cad>95</ns3:cad>
          </ns3:TrackPointExtension>
        </extensions>
      </trkpt>
      <trkpt lat="31.27848185598850250244140625" lon="121.4771643094718456268310546875">
        <ele>10.19999980926513671875</ele>
        <time>2026-09-09T09:02:40.000Z</time>
        <extensions>
          <ns3:TrackPointExtension>
            <ns3:hr>99</ns3:hr>
            <ns3:cad>95</ns3:cad>
          </ns3:TrackPointExtension>
        </extensions>
      </trkpt>
      <trkpt lat="31.27849250100553035736083984375" lon="121.47711016237735748291015625">
        <ele>9.6000003814697265625</ele>
        <time>2026-09-09T09:02:41.000Z</time>
        <extensions>
          <ns3:TrackPointExtension>
            <ns3:hr>100</ns3:hr>
            <ns3:cad>91</ns3:cad>
          </ns3:TrackPointExtension>
        </extensions>
      </trkpt>
      <trkpt lat="31.27849786542356014251708984375" lon="121.47706313990056514739990234375">
        <ele>9</ele>
        <time>2026-09-09T09:02:42.000Z</time>
        <extensions>
          <ns3:TrackPointExtension>
            <ns3:hr>100</ns3:hr>
            <ns3:cad>91</ns3:cad>
          </ns3:TrackPointExtension>
        </extensions>
      </trkpt>
      <trkpt lat="31.27849903889000415802001953125" lon="121.4770074002444744110107421875">
        <ele>8.3999996185302734375</ele>
        <time>2026-09-09T09:02:43.000Z</time>
        <extensions>
          <ns3:TrackPointExtension>
            <ns3:hr>100</ns3:hr>
            <ns3:cad>91</ns3:cad>
          </ns3:TrackPointExtension>
        </extensions>
      </trkpt>
      <trkpt lat="31.27849585376679897308349609375" lon="121.47695803083479404449462890625">
        <ele>8</ele>
        <time>2026-09-09T09:02:44.000Z</time>
        <extensions>
          <ns3:TrackPointExtension>
            <ns3:hr>103</ns3:hr>
            <ns3:cad>91</ns3:cad>
          </ns3:TrackPointExtension>
        </extensions>
      </trkpt>
      <trkpt lat="31.2784880585968494415283203125" lon="121.476906649768352508544921875">
        <ele>7.400000095367431640625</ele>
        <time>2026-09-09T09:02:45.000Z</time>
        <extensions>
          <ns3:TrackPointExtension>
            <ns3:hr>103</ns3:hr>
            <ns3:cad>91</ns3:cad>
          </ns3:TrackPointExtension>
        </extensions>
      </trkpt>
      <trkpt lat="31.27847875468432903289794921875" lon="121.47686817683279514312744140625">
        <ele>7</ele>
        <time>2026-09-09T09:02:46.000Z</time>
        <extensions>
          <ns3:TrackPointExtension>
            <ns3:hr>104</ns3:hr>
            <ns3:cad>91</ns3:cad>
          </ns3:TrackPointExtension>
        </extensions>
      </trkpt>
      <trkpt lat="31.2784652598202228546142578125" lon="121.476824842393398284912109375">
        <ele>7.400000095367431640625</ele>
        <time>2026-09-09T09:02:47.000Z</time>
        <extensions>
          <ns3:TrackPointExtension>
            <ns3:hr>105</ns3:hr>
            <ns3:cad>91</ns3:cad>
          </ns3:TrackPointExtension>
        </extensions>
      </trkpt>
      <trkpt lat="31.2784474901854991912841796875" lon="121.4767807535827159881591796875">
        <ele>8</ele>
        <time>2026-09-09T09:02:48.000Z</time>
        <extensions>
          <ns3:TrackPointExtension>
            <ns3:hr>105</ns3:hr>
            <ns3:cad>91</ns3:cad>
          </ns3:TrackPointExtension>
        </extensions>
      </trkpt>
      <trkpt lat="31.27842728979885578155517578125" lon="121.47674043662846088409423828125">
        <ele>8.3999996185302734375</ele>
        <time>2026-09-09T09:02:49.000Z</time>
        <extensions>
          <ns3:TrackPointExtension>
            <ns3:hr>107</ns3:hr>
            <ns3:cad>91</ns3:cad>
          </ns3:TrackPointExtension>
        </extensions>
      </trkpt>
      <trkpt lat="31.27840415574610233306884765625" lon="121.47670255042612552642822265625">
        <ele>8.80000019073486328125</ele>
        <time>2026-09-09T09:02:50.000Z</time>
        <extensions>
          <ns3:TrackPointExtension>
            <ns3:hr>108</ns3:hr>
            <ns3:cad>92</ns3:cad>
          </ns3:TrackPointExtension>
        </extensions>
      </trkpt>
      <trkpt lat="31.27838185988366603851318359375" lon="121.47667162120342254638671875">
        <ele>9.19999980926513671875</ele>
        <time>2026-09-09T09:02:51.000Z</time>
        <extensions>
          <ns3:TrackPointExtension>
            <ns3:hr>108</ns3:hr>
            <ns3:cad>93</ns3:cad>
          </ns3:TrackPointExtension>
        </extensions>
      </trkpt>
      <trkpt lat="31.2783559598028659820556640625" lon="121.47664203308522701263427734375">
        <ele>9.3999996185302734375</ele>
        <time>2026-09-09T09:02:52.000Z</time>
        <extensions>
          <ns3:TrackPointExtension>
            <ns3:hr>110</ns3:hr>
            <ns3:cad>93</ns3:cad>
          </ns3:TrackPointExtension>
        </extensions>
      </trkpt>
      <trkpt lat="31.27832586877048015594482421875" lon="121.4766127802431583404541015625">
        <ele>9.80000019073486328125</ele>
        <time>2026-09-09T09:02:53.000Z</time>
        <extensions>
          <ns3:TrackPointExtension>
            <ns3:hr>110</ns3:hr>
            <ns3:cad>92</ns3:cad>
          </ns3:TrackPointExtension>
        </extensions>
      </trkpt>
      <trkpt lat="31.27829837612807750701904296875" lon="121.47658989764750003814697265625">
        <ele>10</ele>
        <time>2026-09-09T09:02:54.000Z</time>
        <extensions>
          <ns3:TrackPointExtension>
            <ns3:hr>111</ns3:hr>
            <ns3:cad>92</ns3:cad>
          </ns3:TrackPointExtension>
        </extensions>
      </trkpt>
      <trkpt lat="31.278267614543437957763671875" lon="121.47656810469925403594970703125">
        <ele>10.3999996185302734375</ele>
        <time>2026-09-09T09:02:55.000Z</time>
        <extensions>
          <ns3:TrackPointExtension>
            <ns3:hr>115</ns3:hr>
            <ns3:cad>92</ns3:cad>
          </ns3:TrackPointExtension>
        </extensions>
      </trkpt>
      <trkpt lat="31.27823316492140293121337890625" lon="121.4765487425029277801513671875">
        <ele>11</ele>
        <time>2026-09-09T09:02:56.000Z</time>
        <extensions>
          <ns3:TrackPointExtension>
            <ns3:hr>117</ns3:hr>
            <ns3:cad>92</ns3:cad>
          </ns3:TrackPointExtension>
        </extensions>
      </trkpt>
      <trkpt lat="31.27820022404193878173828125" lon="121.47653223015367984771728515625">
        <ele>11</ele>
        <time>2026-09-09T09:02:57.000Z</time>
        <extensions>
          <ns3:TrackPointExtension>
            <ns3:hr>117</ns3:hr>
            <ns3:cad>91</ns3:cad>
          </ns3:TrackPointExtension>
        </extensions>
      </trkpt>
      <trkpt lat="31.27816845662891864776611328125" lon="121.47651663981378078460693359375">
        <ele>10.80000019073486328125</ele>
        <time>2026-09-09T09:02:58.000Z</time>
        <extensions>
          <ns3:TrackPointExtension>
            <ns3:hr>121</ns3:hr>
            <ns3:cad>91</ns3:cad>
          </ns3:TrackPointExtension>
        </extensions>
      </trkpt>
      <trkpt lat="31.27813727594912052154541015625" lon="121.47650138475000858306884765625">
        <ele>10.6000003814697265625</ele>
        <time>2026-09-09T09:02:59.000Z</time>
        <extensions>
          <ns3:TrackPointExtension>
            <ns3:hr>122</ns3:hr>
            <ns3:cad>92</ns3:cad>
          </ns3:TrackPointExtension>
        </extensions>
      </trkpt>
      <trkpt lat="31.27810626290738582611083984375" lon="121.47648612968623638153076171875">
        <ele>10.3999996185302734375</ele>
        <time>2026-09-09T09:03:00.000Z</time>
        <extensions>
          <ns3:TrackPointExtension>
            <ns3:hr>122</ns3:hr>
            <ns3:cad>92</ns3:cad>
          </ns3:TrackPointExtension>
        </extensions>
      </trkpt>
      <trkpt lat="31.27807793207466602325439453125" lon="121.4764722995460033416748046875">
        <ele>10.3999996185302734375</ele>
        <time>2026-09-09T09:03:01.000Z</time>
        <extensions>
          <ns3:TrackPointExtension>
            <ns3:hr>125</ns3:hr>
            <ns3:cad>92</ns3:cad>
          </ns3:TrackPointExtension>
        </extensions>
      </trkpt>
      <trkpt lat="31.278048343956470489501953125" lon="121.47645771503448486328125">
        <ele>10.19999980926513671875</ele>
        <time>2026-09-09T09:03:02.000Z</time>
        <extensions>
          <ns3:TrackPointExtension>
            <ns3:hr>125</ns3:hr>
            <ns3:cad>91</ns3:cad>
          </ns3:TrackPointExtension>
        </extensions>
      </trkpt>
      <trkpt lat="31.2780185043811798095703125" lon="121.47644304670393466949462890625">
        <ele>10.19999980926513671875</ele>
        <time>2026-09-09T09:03:03.000Z</time>
        <extensions>
          <ns3:TrackPointExtension>
            <ns3:hr>127</ns3:hr>
            <ns3:cad>91</ns3:cad>
          </ns3:TrackPointExtension>
        </extensions>
      </trkpt>
      <trkpt lat="31.2779858149588108062744140625" lon="121.4764270372688770294189453125">
        <ele>10.19999980926513671875</ele>
        <time>2026-09-09T09:03:04.000Z</time>
        <extensions>
          <ns3:TrackPointExtension>
            <ns3:hr>132</ns3:hr>
            <ns3:cad>91</ns3:cad>
          </ns3:TrackPointExtension>
        </extensions>
      </trkpt>
      <trkpt lat="31.2779583223164081573486328125" lon="121.47641354240477085113525390625">
        <ele>10</ele>
        <time>2026-09-09T09:03:05.000Z</time>
        <extensions>
          <ns3:TrackPointExtension>
            <ns3:hr>132</ns3:hr>
            <ns3:cad>91</ns3:cad>
          </ns3:TrackPointExtension>
        </extensions>
      </trkpt>
      <trkpt lat="31.27792336978018283843994140625" lon="121.47639644332230091094970703125">
        <ele>10</ele>
        <time>2026-09-09T09:03:06.000Z</time>
        <extensions>
          <ns3:TrackPointExtension>
            <ns3:hr>135</ns3:hr>
            <ns3:cad>91</ns3:cad>
          </ns3:TrackPointExtension>
        </extensions>
      </trkpt>
      <trkpt lat="31.2778976373374462127685546875" lon="121.4763837866485118865966796875">
        <ele>10.19999980926513671875</ele>
        <time>2026-09-09T09:03:07.000Z</time>
        <extensions>
          <ns3:TrackPointExtension>
            <ns3:hr>136</ns3:hr>
            <ns3:cad>91</ns3:cad>
          </ns3:TrackPointExtension>
        </extensions>
      </trkpt>
      <trkpt lat="31.27786586992442607879638671875" lon="121.476368196308612823486328125">
        <ele>10.19999980926513671875</ele>
        <time>2026-09-09T09:03:08.000Z</time>
        <extensions>
          <ns3:TrackPointExtension>
            <ns3:hr>136</ns3:hr>
            <ns3:cad>91</ns3:cad>
          </ns3:TrackPointExtension>
        </extensions>
      </trkpt>
      <trkpt lat="31.277835778892040252685546875" lon="121.476353444159030914306640625">
        <ele>10.19999980926513671875</ele>
        <time>2026-09-09T09:03:09.000Z</time>
        <extensions>
          <ns3:TrackPointExtension>
            <ns3:hr>139</ns3:hr>
            <ns3:cad>91</ns3:cad>
          </ns3:TrackPointExtension>
        </extensions>
      </trkpt>
      <trkpt lat="31.27780267037451267242431640625" lon="121.4763371832668781280517578125">
        <ele>10.19999980926513671875</ele>
        <time>2026-09-09T09:03:10.000Z</time>
        <extensions>
          <ns3:TrackPointExtension>
            <ns3:hr>141</ns3:hr>
            <ns3:cad>91</ns3:cad>
          </ns3:TrackPointExtension>
        </extensions>
      </trkpt>
      <trkpt lat="31.2777695618569850921630859375" lon="121.476320922374725341796875">
        <ele>10.3999996185302734375</ele>
        <time>2026-09-09T09:03:11.000Z</time>
        <extensions>
          <ns3:TrackPointExtension>
            <ns3:hr>141</ns3:hr>
            <ns3:cad>91</ns3:cad>
          </ns3:TrackPointExtension>
        </extensions>
      </trkpt>
      <trkpt lat="31.2777370400726795196533203125" lon="121.4763049967586994171142578125">
        <ele>10.3999996185302734375</ele>
        <time>2026-09-09T09:03:12.000Z</time>
        <extensions>
          <ns3:TrackPointExtension>
            <ns3:hr>142</ns3:hr>
            <ns3:cad>91</ns3:cad>
          </ns3:TrackPointExtension>
        </extensions>
      </trkpt>
      <trkpt lat="31.2777095474302768707275390625" lon="121.47629234008491039276123046875">
        <ele>10.19999980926513671875</ele>
        <time>2026-09-09T09:03:13.000Z</time>
        <extensions>
          <ns3:TrackPointExtension>
            <ns3:hr>143</ns3:hr>
            <ns3:cad>91</ns3:cad>
          </ns3:TrackPointExtension>
        </extensions>
      </trkpt>
      <trkpt lat="31.2776766903698444366455078125" lon="121.47627876140177249908447265625">
        <ele>10.19999980926513671875</ele>
        <time>2026-09-09T09:03:14.000Z</time>
        <extensions>
          <ns3:TrackPointExtension>
            <ns3:hr>143</ns3:hr>
            <ns3:cad>91</ns3:cad>
          </ns3:TrackPointExtension>
        </extensions>
      </trkpt>
      <trkpt lat="31.27764391712844371795654296875" lon="121.47626937367022037506103515625">
        <ele>10.19999980926513671875</ele>
        <time>2026-09-09T09:03:15.000Z</time>
        <extensions>
          <ns3:TrackPointExtension>
            <ns3:hr>145</ns3:hr>
            <ns3:cad>91</ns3:cad>
          </ns3:TrackPointExtension>
        </extensions>
      </trkpt>
      <trkpt lat="31.27761173062026500701904296875" lon="121.47626283578574657440185546875">
        <ele>10</ele>
        <time>2026-09-09T09:03:16.000Z</time>
        <extensions>
          <ns3:TrackPointExtension>
            <ns3:hr>145</ns3:hr>
            <ns3:cad>90</ns3:cad>
          </ns3:TrackPointExtension>
        </extensions>
      </trkpt>
      <trkpt lat="31.2775824777781963348388671875" lon="121.47625881247222423553466796875">
        <ele>9.80000019073486328125</ele>
        <time>2026-09-09T09:03:17.000Z</time>
        <extensions>
          <ns3:TrackPointExtension>
            <ns3:hr>145</ns3:hr>
            <ns3:cad>90</ns3:cad>
          </ns3:TrackPointExtension>
        </extensions>
      </trkpt>
      <trkpt lat="31.2775502912700176239013671875" lon="121.4762577228248119354248046875">
        <ele>9.3999996185302734375</ele>
        <time>2026-09-09T09:03:18.000Z</time>
        <extensions>
          <ns3:TrackPointExtension>
            <ns3:hr>147</ns3:hr>
            <ns3:cad>90</ns3:cad>
          </ns3:TrackPointExtension>
        </extensions>
      </trkpt>
      <trkpt lat="31.27751902677118778228759765625" lon="121.47625931538641452789306640625">
        <ele>9</ele>
        <time>2026-09-09T09:03:19.000Z</time>
        <extensions>
          <ns3:TrackPointExtension>
            <ns3:hr>147</ns3:hr>
            <ns3:cad>90</ns3:cad>
          </ns3:TrackPointExtension>
        </extensions>
      </trkpt>
      <trkpt lat="31.27748633734881877899169921875" lon="121.47626333869993686676025390625">
        <ele>8.80000019073486328125</ele>
        <time>2026-09-09T09:03:20.000Z</time>
        <extensions>
          <ns3:TrackPointExtension>
            <ns3:hr>148</ns3:hr>
            <ns3:cad>90</ns3:cad>
          </ns3:TrackPointExtension>
        </extensions>
      </trkpt>
      <trkpt lat="31.27745884470641613006591796875" lon="121.4762691222131252288818359375">
        <ele>8.3999996185302734375</ele>
        <time>2026-09-09T09:03:21.000Z</time>
        <extensions>
          <ns3:TrackPointExtension>
            <ns3:hr>150</ns3:hr>
            <ns3:cad>90</ns3:cad>
          </ns3:TrackPointExtension>
        </extensions>
      </trkpt>
      <trkpt lat="31.27742699347436428070068359375" lon="121.47627892903983592987060546875">
        <ele>7.80000019073486328125</ele>
        <time>2026-09-09T09:03:22.000Z</time>
        <extensions>
          <ns3:TrackPointExtension>
            <ns3:hr>150</ns3:hr>
            <ns3:cad>90</ns3:cad>
          </ns3:TrackPointExtension>
        </extensions>
      </trkpt>
      <trkpt lat="31.27739178948104381561279296875" lon="121.47629284299910068511962890625">
        <ele>7.400000095367431640625</ele>
        <time>2026-09-09T09:03:23.000Z</time>
        <extensions>
          <ns3:TrackPointExtension>
            <ns3:hr>151</ns3:hr>
            <ns3:cad>90</ns3:cad>
          </ns3:TrackPointExtension>
        </extensions>
      </trkpt>
      <trkpt lat="31.27736060880124568939208984375" lon="121.47630818188190460205078125">
        <ele>7.19999980926513671875</ele>
        <time>2026-09-09T09:03:24.000Z</time>
        <extensions>
          <ns3:TrackPointExtension>
            <ns3:hr>152</ns3:hr>
            <ns3:cad>90</ns3:cad>
          </ns3:TrackPointExtension>
        </extensions>
      </trkpt>
      <trkpt lat="31.27733177505433559417724609375" lon="121.476326286792755126953125">
        <ele>7.19999980926513671875</ele>
        <time>2026-09-09T09:03:25.000Z</time>
        <extensions>
          <ns3:TrackPointExtension>
            <ns3:hr>152</ns3:hr>
            <ns3:cad>90</ns3:cad>
          </ns3:TrackPointExtension>
        </extensions>
      </trkpt>
      <trkpt lat="31.27730260603129863739013671875" lon="121.47634799592196941375732421875">
        <ele>7.400000095367431640625</ele>
        <time>2026-09-09T09:03:26.000Z</time>
        <extensions>
          <ns3:TrackPointExtension>
            <ns3:hr>153</ns3:hr>
            <ns3:cad>90</ns3:cad>
          </ns3:TrackPointExtension>
        </extensions>
      </trkpt>
      <trkpt lat="31.2772782146930694580078125" lon="121.47636861540377140045166015625">
        <ele>7.599999904632568359375</ele>
        <time>2026-09-09T09:03:27.000Z</time>
        <extensions>
          <ns3:TrackPointExtension>
            <ns3:hr>154</ns3:hr>
            <ns3:cad>91</ns3:cad>
          </ns3:TrackPointExtension>
        </extensions>
      </trkpt>
      <trkpt lat="31.27725080586969852447509765625" lon="121.47639577277004718780517578125">
        <ele>7.599999904632568359375</ele>
        <time>2026-09-09T09:03:28.000Z</time>
        <extensions>
          <ns3:TrackPointExtension>
            <ns3:hr>154</ns3:hr>
            <ns3:cad>92</ns3:cad>
          </ns3:TrackPointExtension>
        </extensions>
      </trkpt>
      <trkpt lat="31.2772244028747081756591796875" lon="121.47642779164016246795654296875">
        <ele>7.599999904632568359375</ele>
        <time>2026-09-09T09:03:29.000Z</time>
        <extensions>
          <ns3:TrackPointExtension>
            <ns3:hr>155</ns3:hr>
            <ns3:cad>92</ns3:cad>
          </ns3:TrackPointExtension>
        </extensions>
      </trkpt>
      <trkpt lat="31.27719900570809841156005859375" lon="121.47646400146186351776123046875">
        <ele>7.80000019073486328125</ele>
        <time>2026-09-09T09:03:30.000Z</time>
        <extensions>
          <ns3:TrackPointExtension>
            <ns3:hr>155</ns3:hr>
            <ns3:cad>92</ns3:cad>
          </ns3:TrackPointExtension>
        </extensions>
      </trkpt>
      <trkpt lat="31.27717704512178897857666015625" lon="121.47650188766419887542724609375">
        <ele>7.80000019073486328125</ele>
        <time>2026-09-09T09:03:31.000Z</time>
        <extensions>
          <ns3:TrackPointExtension>
            <ns3:hr>155</ns3:hr>
            <ns3:cad>92</ns3:cad>
          </ns3:TrackPointExtension>
        </extensions>
      </trkpt>
      <trkpt lat="31.27715910784900188446044921875" lon="121.47653885185718536376953125">
        <ele>7.80000019073486328125</ele>
        <time>2026-09-09T09:03:32.000Z</time>
        <extensions>
          <ns3:TrackPointExtension>
            <ns3:hr>156</ns3:hr>
            <ns3:cad>92</ns3:cad>
          </ns3:TrackPointExtension>
        </extensions>
      </trkpt>
      <trkpt lat="31.27714167349040508270263671875" lon="121.47658386267721652984619140625">
        <ele>7.80000019073486328125</ele>
        <time>2026-09-09T09:03:33.000Z</time>
        <extensions>
          <ns3:TrackPointExtension>
            <ns3:hr>156</ns3:hr>
            <ns3:cad>92</ns3:cad>
          </ns3:TrackPointExtension>
        </extensions>
      </trkpt>
      <trkpt lat="31.27712843008339405059814453125" lon="121.4766285382211208343505859375">
        <ele>7.80000019073486328125</ele>
        <time>2026-09-09T09:03:34.000Z</time>
        <extensions>
          <ns3:TrackPointExtension>
            <ns3:hr>157</ns3:hr>
            <ns3:cad>92</ns3:cad>
          </ns3:TrackPointExtension>
        </extensions>
      </trkpt>
      <trkpt lat="31.277118287980556488037109375" lon="121.476677320897579193115234375">
        <ele>7.400000095367431640625</ele>
        <time>2026-09-09T09:03:35.000Z</time>
        <extensions>
          <ns3:TrackPointExtension>
            <ns3:hr>158</ns3:hr>
            <ns3:cad>91</ns3:cad>
          </ns3:TrackPointExtension>
        </extensions>
      </trkpt>
      <trkpt lat="31.2771127559244632720947265625" lon="121.47672501392662525177001953125">
        <ele>7</ele>
        <time>2026-09-09T09:03:36.000Z</time>
        <extensions>
          <ns3:TrackPointExtension>
            <ns3:hr>158</ns3:hr>
            <ns3:cad>91</ns3:cad>
          </ns3:TrackPointExtension>
        </extensions>
      </trkpt>
      <trkpt lat="31.277110911905765533447265625" lon="121.4767782390117645263671875">
        <ele>6.599999904632568359375</ele>
        <time>2026-09-09T09:03:37.000Z</time>
        <extensions>
          <ns3:TrackPointExtension>
            <ns3:hr>158</ns3:hr>
            <ns3:cad>91</ns3:cad>
          </ns3:TrackPointExtension>
        </extensions>
      </trkpt>
      <trkpt lat="31.2771134264767169952392578125" lon="121.47682626731693744659423828125">
        <ele>6.400000095367431640625</ele>
        <time>2026-09-09T09:03:38.000Z</time>
        <extensions>
          <ns3:TrackPointExtension>
            <ns3:hr>159</ns3:hr>
            <ns3:cad>91</ns3:cad>
          </ns3:TrackPointExtension>
        </extensions>
      </trkpt>
      <trkpt lat="31.27711786888539791107177734375" lon="121.4768618904054164886474609375">
        <ele>6</ele>
        <time>2026-09-09T09:03:39.000Z</time>
        <extensions>
          <ns3:TrackPointExtension>
            <ns3:hr>159</ns3:hr>
            <ns3:cad>92</ns3:cad>
          </ns3:TrackPointExtension>
        </extensions>
      </trkpt>
      <trkpt lat="31.27712423913180828094482421875" lon="121.47689835168421268463134765625">
        <ele>6.19999980926513671875</ele>
        <time>2026-09-09T09:03:40.000Z</time>
        <extensions>
          <ns3:TrackPointExtension>
            <ns3:hr>159</ns3:hr>
            <ns3:cad>92</ns3:cad>
          </ns3:TrackPointExtension>
        </extensions>
      </trkpt>
      <trkpt lat="31.27713262103497982025146484375" lon="121.47693204693496227264404296875">
        <ele>6.400000095367431640625</ele>
        <time>2026-09-09T09:03:41.000Z</time>
        <extensions>
          <ns3:TrackPointExtension>
            <ns3:hr>160</ns3:hr>
            <ns3:cad>92</ns3:cad>
          </ns3:TrackPointExtension>
        </extensions>
      </trkpt>
      <trkpt lat="31.2771425954997539520263671875" lon="121.47696356289088726043701171875">
        <ele>6.599999904632568359375</ele>
        <time>2026-09-09T09:03:42.000Z</time>
        <extensions>
          <ns3:TrackPointExtension>
            <ns3:hr>160</ns3:hr>
            <ns3:cad>92</ns3:cad>
          </ns3:TrackPointExtension>
        </extensions>
      </trkpt>
      <trkpt lat="31.2771546654403209686279296875" lon="121.47699675522744655609130859375">
        <ele>6.80000019073486328125</ele>
        <time>2026-09-09T09:03:43.000Z</time>
        <extensions>
          <ns3:TrackPointExtension>
            <ns3:hr>160</ns3:hr>
            <ns3:cad>91</ns3:cad>
          </ns3:TrackPointExtension>
        </extensions>
      </trkpt>
      <trkpt lat="31.27717117778956890106201171875" lon="121.477032713592052459716796875">
        <ele>7</ele>
        <time>2026-09-09T09:03:44.000Z</time>
        <extensions>
          <ns3:TrackPointExtension>
            <ns3:hr>160</ns3:hr>
            <ns3:cad>91</ns3:cad>
          </ns3:TrackPointExtension>
        </extensions>
      </trkpt>
      <trkpt lat="31.2771898694336414337158203125" lon="121.4770664088428020477294921875">
        <ele>7</ele>
        <time>2026-09-09T09:03:45.000Z</time>
        <extensions>
          <ns3:TrackPointExtension>
            <ns3:hr>160</ns3:hr>
            <ns3:cad>91</ns3:cad>
          </ns3:TrackPointExtension>
        </extensions>
      </trkpt>
      <trkpt lat="31.27721124328672885894775390625" lon="121.47709951736032962799072265625">
        <ele>7.19999980926513671875</ele>
        <time>2026-09-09T09:03:46.000Z</time>
        <extensions>
          <ns3:TrackPointExtension>
            <ns3:hr>161</ns3:hr>
            <ns3:cad>91</ns3:cad>
          </ns3:TrackPointExtension>
        </extensions>
      </trkpt>
      <trkpt lat="31.27723462879657745361328125" lon="121.47713069804012775421142578125">
        <ele>7.400000095367431640625</ele>
        <time>2026-09-09T09:03:47.000Z</time>
        <extensions>
          <ns3:TrackPointExtension>
            <ns3:hr>161</ns3:hr>
            <ns3:cad>91</ns3:cad>
          </ns3:TrackPointExtension>
        </extensions>
      </trkpt>
      <trkpt lat="31.27725566737353801727294921875" lon="121.4771542511880397796630859375">
        <ele>7.599999904632568359375</ele>
        <time>2026-09-09T09:03:48.000Z</time>
        <extensions>
          <ns3:TrackPointExtension>
            <ns3:hr>161</ns3:hr>
            <ns3:cad>91</ns3:cad>
          </ns3:TrackPointExtension>
        </extensions>
      </trkpt>
      <trkpt lat="31.27728383056819438934326171875" lon="121.47718149237334728240966796875">
        <ele>7.80000019073486328125</ele>
        <time>2026-09-09T09:03:49.000Z</time>
        <extensions>
          <ns3:TrackPointExtension>
            <ns3:hr>162</ns3:hr>
            <ns3:cad>91</ns3:cad>
          </ns3:TrackPointExtension>
        </extensions>
      </trkpt>
      <trkpt lat="31.27730973064899444580078125" lon="121.4772032015025615692138671875">
        <ele>7.80000019073486328125</ele>
        <time>2026-09-09T09:03:50.000Z</time>
        <extensions>
          <ns3:TrackPointExtension>
            <ns3:hr>162</ns3:hr>
            <ns3:cad>92</ns3:cad>
          </ns3:TrackPointExtension>
        </extensions>
      </trkpt>
      <trkpt lat="31.2773504666984081268310546875" lon="121.47723086178302764892578125">
        <ele>8</ele>
        <time>2026-09-09T09:03:51.000Z</time>
        <extensions>
          <ns3:TrackPointExtension>
            <ns3:hr>163</ns3:hr>
            <ns3:cad>92</ns3:cad>
          </ns3:TrackPointExtension>
        </extensions>
      </trkpt>
      <trkpt lat="31.277386844158172607421875" lon="121.47725097835063934326171875">
        <ele>8</ele>
        <time>2026-09-09T09:03:52.000Z</time>
        <extensions>
          <ns3:TrackPointExtension>
            <ns3:hr>162</ns3:hr>
            <ns3:cad>91</ns3:cad>
          </ns3:TrackPointExtension>
        </extensions>
      </trkpt>
      <trkpt lat="31.277425400912761688232421875" lon="121.4772699214518070220947265625">
        <ele>8</ele>
        <time>2026-09-09T09:03:53.000Z</time>
        <extensions>
          <ns3:TrackPointExtension>
            <ns3:hr>162</ns3:hr>
            <ns3:cad>91</ns3:cad>
          </ns3:TrackPointExtension>
        </extensions>
      </trkpt>
      <trkpt lat="31.2774594314396381378173828125" lon="121.47728660143911838531494140625">
        <ele>8</ele>
        <time>2026-09-09T09:03:54.000Z</time>
        <extensions>
          <ns3:TrackPointExtension>
            <ns3:hr>162</ns3:hr>
            <ns3:cad>91</ns3:cad>
          </ns3:TrackPointExtension>
        </extensions>
      </trkpt>
      <trkpt lat="31.27749069593846797943115234375" lon="121.47730194032192230224609375">
        <ele>7.80000019073486328125</ele>
        <time>2026-09-09T09:03:55.000Z</time>
        <extensions>
          <ns3:TrackPointExtension>
            <ns3:hr>162</ns3:hr>
            <ns3:cad>91</ns3:cad>
          </ns3:TrackPointExtension>
        </extensions>
      </trkpt>
      <trkpt lat="31.27752120606601238250732421875" lon="121.47731694392859935760498046875">
        <ele>7.80000019073486328125</ele>
        <time>2026-09-09T09:03:56.000Z</time>
        <extensions>
          <ns3:TrackPointExtension>
            <ns3:hr>162</ns3:hr>
            <ns3:cad>91</ns3:cad>
          </ns3:TrackPointExtension>
        </extensions>
      </trkpt>
      <trkpt lat="31.27755381166934967041015625" lon="121.47733286954462528228759765625">
        <ele>7.80000019073486328125</ele>
        <time>2026-09-09T09:03:57.000Z</time>
        <extensions>
          <ns3:TrackPointExtension>
            <ns3:hr>163</ns3:hr>
            <ns3:cad>91</ns3:cad>
          </ns3:TrackPointExtension>
        </extensions>
      </trkpt>
      <trkpt lat="31.277577616274356842041015625" lon="121.47734460420906543731689453125">
        <ele>7.80000019073486328125</ele>
        <time>2026-09-09T09:03:58.000Z</time>
        <extensions>
          <ns3:TrackPointExtension>
            <ns3:hr>163</ns3:hr>
            <ns3:cad>91</ns3:cad>
          </ns3:TrackPointExtension>
        </extensions>
      </trkpt>
      <trkpt lat="31.27761240117251873016357421875" lon="121.477361619472503662109375">
        <ele>8</ele>
        <time>2026-09-09T09:03:59.000Z</time>
        <extensions>
          <ns3:TrackPointExtension>
            <ns3:hr>163</ns3:hr>
            <ns3:cad>91</ns3:cad>
          </ns3:TrackPointExtension>
        </extensions>
      </trkpt>
      <trkpt lat="31.2776388041675090789794921875" lon="121.47737461142241954803466796875">
        <ele>8</ele>
        <time>2026-09-09T09:04:00.000Z</time>
        <extensions>
          <ns3:TrackPointExtension>
            <ns3:hr>163</ns3:hr>
            <ns3:cad>90</ns3:cad>
          </ns3:TrackPointExtension>
        </extensions>
      </trkpt>
      <trkpt lat="31.27767208032310009002685546875" lon="121.47739087231457233428955078125">
        <ele>8.19999980926513671875</ele>
        <time>2026-09-09T09:04:01.000Z</time>
        <extensions>
          <ns3:TrackPointExtension>
            <ns3:hr>163</ns3:hr>
            <ns3:cad>90</ns3:cad>
          </ns3:TrackPointExtension>
        </extensions>
      </trkpt>
      <trkpt lat="31.27770535647869110107421875" lon="121.4774072170257568359375">
        <ele>8</ele>
        <time>2026-09-09T09:04:02.000Z</time>
        <extensions>
          <ns3:TrackPointExtension>
            <ns3:hr>164</ns3:hr>
            <ns3:cad>90</ns3:cad>
          </ns3:TrackPointExtension>
        </extensions>
      </trkpt>
      <trkpt lat="31.27773427404463291168212890625" lon="121.4774214662611484527587890625">
        <ele>8</ele>
        <time>2026-09-09T09:04:03.000Z</time>
        <extensions>
          <ns3:TrackPointExtension>
            <ns3:hr>164</ns3:hr>
            <ns3:cad>90</ns3:cad>
          </ns3:TrackPointExtension>
        </extensions>
      </trkpt>
      <trkpt lat="31.27775925211608409881591796875" lon="121.477433703839778900146484375">
        <ele>8</ele>
        <time>2026-09-09T09:04:04.000Z</time>
        <extensions>
          <ns3:TrackPointExtension>
            <ns3:hr>164</ns3:hr>
            <ns3:cad>90</ns3:cad>
          </ns3:TrackPointExtension>
        </extensions>
      </trkpt>
      <trkpt lat="31.27778892405331134796142578125" lon="121.4774482883512973785400390625">
        <ele>8</ele>
        <time>2026-09-09T09:04:05.000Z</time>
        <extensions>
          <ns3:TrackPointExtension>
            <ns3:hr>164</ns3:hr>
            <ns3:cad>90</ns3:cad>
          </ns3:TrackPointExtension>
        </extensions>
      </trkpt>
      <trkpt lat="31.27781725488603115081787109375" lon="121.47746211849153041839599609375">
        <ele>8</ele>
        <time>2026-09-09T09:04:06.000Z</time>
        <extensions>
          <ns3:TrackPointExtension>
            <ns3:hr>165</ns3:hr>
            <ns3:cad>90</ns3:cad>
          </ns3:TrackPointExtension>
        </extensions>
      </trkpt>
      <trkpt lat="31.2778523750603199005126953125" lon="121.47747938521206378936767578125">
        <ele>8</ele>
        <time>2026-09-09T09:04:07.000Z</time>
        <extensions>
          <ns3:TrackPointExtension>
            <ns3:hr>165</ns3:hr>
            <ns3:cad>90</ns3:cad>
          </ns3:TrackPointExtension>
        </extensions>
      </trkpt>
      <trkpt lat="31.27787944860756397247314453125" lon="121.47749262861907482147216796875">
        <ele>8</ele>
        <time>2026-09-09T09:04:08.000Z</time>
        <extensions>
          <ns3:TrackPointExtension>
            <ns3:hr>165</ns3:hr>
            <ns3:cad>90</ns3:cad>
          </ns3:TrackPointExtension>
        </extensions>
      </trkpt>
      <trkpt lat="31.2779152393341064453125" lon="121.4775083027780055999755859375">
        <ele>8</ele>
        <time>2026-09-09T09:04:09.000Z</time>
        <extensions>
          <ns3:TrackPointExtension>
            <ns3:hr>165</ns3:hr>
            <ns3:cad>90</ns3:cad>
          </ns3:TrackPointExtension>
        </extensions>
      </trkpt>
      <trkpt lat="31.2779425643384456634521484375" lon="121.4775183610618114471435546875">
        <ele>8</ele>
        <time>2026-09-09T09:04:10.000Z</time>
        <extensions>
          <ns3:TrackPointExtension>
            <ns3:hr>165</ns3:hr>
            <ns3:cad>90</ns3:cad>
          </ns3:TrackPointExtension>
        </extensions>
      </trkpt>
      <trkpt lat="31.277980618178844451904296875" lon="121.4775287546217441558837890625">
        <ele>8.3999996185302734375</ele>
        <time>2026-09-09T09:04:11.000Z</time>
        <extensions>
          <ns3:TrackPointExtension>
            <ns3:hr>165</ns3:hr>
            <ns3:cad>90</ns3:cad>
          </ns3:TrackPointExtension>
        </extensions>
      </trkpt>
      <trkpt lat="31.27801037393510341644287109375" lon="121.47753353230655193328857421875">
        <ele>8.6000003814697265625</ele>
        <time>2026-09-09T09:04:12.000Z</time>
        <extensions>
          <ns3:TrackPointExtension>
            <ns3:hr>166</ns3:hr>
            <ns3:cad>90</ns3:cad>
          </ns3:TrackPointExtension>
        </extensions>
      </trkpt>
      <trkpt lat="31.27805228345096111297607421875" lon="121.4775364659726619720458984375">
        <ele>8.80000019073486328125</ele>
        <time>2026-09-09T09:04:13.000Z</time>
        <extensions>
          <ns3:TrackPointExtension>
            <ns3:hr>166</ns3:hr>
            <ns3:cad>90</ns3:cad>
          </ns3:TrackPointExtension>
        </extensions>
      </trkpt>
      <trkpt lat="31.27808011136949062347412109375" lon="121.47753604687750339508056640625">
        <ele>9</ele>
        <time>2026-09-09T09:04:14.000Z</time>
        <extensions>
          <ns3:TrackPointExtension>
            <ns3:hr>166</ns3:hr>
            <ns3:cad>91</ns3:cad>
          </ns3:TrackPointExtension>
        </extensions>
      </trkpt>
      <trkpt lat="31.2781125493347644805908203125" lon="121.47753319703042507171630859375">
        <ele>9</ele>
        <time>2026-09-09T09:04:15.000Z</time>
        <extensions>
          <ns3:TrackPointExtension>
            <ns3:hr>166</ns3:hr>
            <ns3:cad>91</ns3:cad>
          </ns3:TrackPointExtension>
        </extensions>
      </trkpt>
      <trkpt lat="31.278140209615230560302734375" lon="121.477527581155300140380859375">
        <ele>9</ele>
        <time>2026-09-09T09:04:16.000Z</time>
        <extensions>
          <ns3:TrackPointExtension>
            <ns3:hr>167</ns3:hr>
            <ns3:cad>91</ns3:cad>
          </ns3:TrackPointExtension>
        </extensions>
      </trkpt>
      <trkpt lat="31.278170049190521240234375" lon="121.47751995362341403961181640625">
        <ele>9.19999980926513671875</ele>
        <time>2026-09-09T09:04:17.000Z</time>
        <extensions>
          <ns3:TrackPointExtension>
            <ns3:hr>167</ns3:hr>
            <ns3:cad>91</ns3:cad>
          </ns3:TrackPointExtension>
        </extensions>
      </trkpt>
      <trkpt lat="31.27819879911839962005615234375" lon="121.477510146796703338623046875">
        <ele>9.19999980926513671875</ele>
        <time>2026-09-09T09:04:18.000Z</time>
        <extensions>
          <ns3:TrackPointExtension>
            <ns3:hr>167</ns3:hr>
            <ns3:cad>91</ns3:cad>
          </ns3:TrackPointExtension>
        </extensions>
      </trkpt>
      <trkpt lat="31.27822511829435825347900390625" lon="121.4774982444941997528076171875">
        <ele>9.3999996185302734375</ele>
        <time>2026-09-09T09:04:19.000Z</time>
        <extensions>
          <ns3:TrackPointExtension>
            <ns3:hr>167</ns3:hr>
            <ns3:cad>90</ns3:cad>
          </ns3:TrackPointExtension>
        </extensions>
      </trkpt>
      <trkpt lat="31.2782493419945240020751953125" lon="121.47748625837266445159912109375">
        <ele>9.3999996185302734375</ele>
        <time>2026-09-09T09:04:20.000Z</time>
        <extensions>
          <ns3:TrackPointExtension>
            <ns3:hr>167</ns3:hr>
            <ns3:cad>90</ns3:cad>
          </ns3:TrackPointExtension>
        </extensions>
      </trkpt>
      <trkpt lat="31.27825512550771236419677734375" lon="121.477482654154300689697265625">
        <ele>9.3999996185302734375</ele>
        <time>2026-09-09T09:04:21.000Z</time>
        <extensions>
          <ns3:TrackPointExtension>
            <ns3:hr>167</ns3:hr>
            <ns3:cad>90</ns3:cad>
          </ns3:TrackPointExtension>
        </extensions>
      </trkpt>
      <trkpt lat="31.278267614543437957763671875" lon="121.4774747751653194427490234375">
        <ele>9.6000003814697265625</ele>
        <time>2026-09-09T09:04:22.000Z</time>
        <extensions>
          <ns3:TrackPointExtension>
            <ns3:hr>168</ns3:hr>
            <ns3:cad>90</ns3:cad>
          </ns3:TrackPointExtension>
        </extensions>
      </trkpt>
      <trkpt lat="31.27827691845595836639404296875" lon="121.477468907833099365234375">
        <ele>9.80000019073486328125</ele>
        <time>2026-09-09T09:04:23.000Z</time>
        <extensions>
          <ns3:TrackPointExtension>
            <ns3:hr>168</ns3:hr>
            <ns3:cad>90</ns3:cad>
          </ns3:TrackPointExtension>
        </extensions>
      </trkpt>
      <trkpt lat="31.2782840430736541748046875" lon="121.47746446542441844940185546875">
        <ele>9.80000019073486328125</ele>
        <time>2026-09-09T09:04:24.000Z</time>
        <extensions>
          <ns3:TrackPointExtension>
            <ns3:hr>168</ns3:hr>
            <ns3:cad>79</ns3:cad>
          </ns3:TrackPointExtension>
        </extensions>
      </trkpt>
      <trkpt lat="31.278291083872318267822265625" lon="121.4774593524634838104248046875">
        <ele>10</ele>
        <time>2026-09-09T09:04:25.000Z</time>
        <extensions>
          <ns3:TrackPointExtension>
            <ns3:hr>167</ns3:hr>
            <ns3:cad>79</ns3:cad>
          </ns3:TrackPointExtension>
        </extensions>
      </trkpt>
      <trkpt lat="31.27829703502357006072998046875" lon="121.4774546585977077484130859375">
        <ele>10</ele>
        <time>2026-09-09T09:04:26.000Z</time>
        <extensions>
          <ns3:TrackPointExtension>
            <ns3:hr>167</ns3:hr>
            <ns3:cad>79</ns3:cad>
          </ns3:TrackPointExtension>
        </extensions>
      </trkpt>
      <trkpt lat="31.278300471603870391845703125" lon="121.47745189256966114044189453125">
        <ele>10.19999980926513671875</ele>
        <time>2026-09-09T09:04:27.000Z</time>
        <extensions>
          <ns3:TrackPointExtension>
            <ns3:hr>166</ns3:hr>
            <ns3:cad>79</ns3:cad>
          </ns3:TrackPointExtension>
        </extensions>
      </trkpt>
      <trkpt lat="31.2783123739063739776611328125" lon="121.477442421019077301025390625">
        <ele>10.3999996185302734375</ele>
        <time>2026-09-09T09:04:28.000Z</time>
        <extensions>
          <ns3:TrackPointExtension>
            <ns3:hr>166</ns3:hr>
            <ns3:cad>79</ns3:cad>
          </ns3:TrackPointExtension>
        </extensions>
      </trkpt>
      <trkpt lat="31.2783160619437694549560546875" lon="121.47743948735296726226806640625">
        <ele>10.3999996185302734375</ele>
        <time>2026-09-09T09:04:29.000Z</time>
        <extensions>
          <ns3:TrackPointExtension>
            <ns3:hr>165</ns3:hr>
            <ns3:cad>51</ns3:cad>
          </ns3:TrackPointExtension>
        </extensions>
      </trkpt>
      <trkpt lat="31.278321929275989532470703125" lon="121.47743479348719120025634765625">
        <ele>10.6000003814697265625</ele>
        <time>2026-09-09T09:04:30.000Z</time>
        <extensions>
          <ns3:TrackPointExtension>
            <ns3:hr>164</ns3:hr>
            <ns3:cad>51</ns3:cad>
          </ns3:TrackPointExtension>
        </extensions>
      </trkpt>
      <trkpt lat="31.27832788042724132537841796875" lon="121.47742959670722484588623046875">
        <ele>10.6000003814697265625</ele>
        <time>2026-09-09T09:04:31.000Z</time>
        <extensions>
          <ns3:TrackPointExtension>
            <ns3:hr>164</ns3:hr>
            <ns3:cad>0</ns3:cad>
          </ns3:TrackPointExtension>
        </extensions>
      </trkpt>
      <trkpt lat="31.27833508886396884918212890625" lon="121.4774224720895290374755859375">
        <ele>10.80000019073486328125</ele>
        <time>2026-09-09T09:04:32.000Z</time>
        <extensions>
          <ns3:TrackPointExtension>
            <ns3:hr>164</ns3:hr>
            <ns3:cad>0</ns3:cad>
          </ns3:TrackPointExtension>
        </extensions>
      </trkpt>
      <trkpt lat="31.2783459015190601348876953125" lon="121.47741182707250118255615234375">
        <ele>11</ele>
        <time>2026-09-09T09:04:33.000Z</time>
        <extensions>
          <ns3:TrackPointExtension>
            <ns3:hr>164</ns3:hr>
            <ns3:cad>0</ns3:cad>
          </ns3:TrackPointExtension>
        </extensions>
      </trkpt>
      <trkpt lat="31.2783505953848361968994140625" lon="121.4774070493876934051513671875">
        <ele>11</ele>
        <time>2026-09-09T09:04:34.000Z</time>
        <extensions>
          <ns3:TrackPointExtension>
            <ns3:hr>164</ns3:hr>
            <ns3:cad>0</ns3:cad>
          </ns3:TrackPointExtension>
        </extensions>
      </trkpt>
      <trkpt lat="31.2783549539744853973388671875" lon="121.47740277461707592010498046875">
        <ele>11</ele>
        <time>2026-09-09T09:04:35.000Z</time>
        <extensions>
          <ns3:TrackPointExtension>
            <ns3:hr>165</ns3:hr>
            <ns3:cad>53</ns3:cad>
          </ns3:TrackPointExtension>
        </extensions>
      </trkpt>
      <trkpt lat="31.27835772000253200531005859375" lon="121.47740009240806102752685546875">
        <ele>11</ele>
        <time>2026-09-09T09:04:36.000Z</time>
        <extensions>
          <ns3:TrackPointExtension>
            <ns3:hr>164</ns3:hr>
            <ns3:cad>53</ns3:cad>
          </ns3:TrackPointExtension>
        </extensions>
      </trkpt>
      <trkpt lat="31.278354115784168243408203125" lon="121.4774036966264247894287109375">
        <ele>11</ele>
        <time>2026-09-09T09:04:37.000Z</time>
        <extensions>
          <ns3:TrackPointExtension>
            <ns3:hr>164</ns3:hr>
            <ns3:cad>53</ns3:cad>
          </ns3:TrackPointExtension>
        </extensions>
      </trkpt>
      <trkpt lat="31.27835872583091259002685546875" lon="121.47739908657968044281005859375">
        <ele>11</ele>
        <time>2026-09-09T09:04:38.000Z</time>
        <extensions>
          <ns3:TrackPointExtension>
            <ns3:hr>164</ns3:hr>
            <ns3:cad>53</ns3:cad>
          </ns3:TrackPointExtension>
        </extensions>
      </trkpt>
      <trkpt lat="31.27836777828633785247802734375" lon="121.47738835774362087249755859375">
        <ele>11.19999980926513671875</ele>
        <time>2026-09-09T09:04:39.000Z</time>
        <extensions>
          <ns3:TrackPointExtension>
            <ns3:hr>164</ns3:hr>
            <ns3:cad>53</ns3:cad>
          </ns3:TrackPointExtension>
        </extensions>
      </trkpt>
      <trkpt lat="31.2783794291317462921142578125" lon="121.4773741923272609710693359375">
        <ele>11.3999996185302734375</ele>
        <time>2026-09-09T09:04:40.000Z</time>
        <extensions>
          <ns3:TrackPointExtension>
            <ns3:hr>164</ns3:hr>
            <ns3:cad>53</ns3:cad>
          </ns3:TrackPointExtension>
        </extensions>
      </trkpt>
      <trkpt lat="31.278389655053615570068359375" lon="121.47736170329153537750244140625">
        <ele>11.6000003814697265625</ele>
        <time>2026-09-09T09:04:41.000Z</time>
        <extensions>
          <ns3:TrackPointExtension>
            <ns3:hr>166</ns3:hr>
            <ns3:cad>50</ns3:cad>
          </ns3:TrackPointExtension>
        </extensions>
      </trkpt>
      <trkpt lat="31.2783982045948505401611328125" lon="121.47734963335096836090087890625">
        <ele>11.6000003814697265625</ele>
        <time>2026-09-09T09:04:42.000Z</time>
        <extensions>
          <ns3:TrackPointExtension>
            <ns3:hr>166</ns3:hr>
            <ns3:cad>0</ns3:cad>
          </ns3:TrackPointExtension>
        </extensions>
      </trkpt>
      <trkpt lat="31.27841387875378131866455078125" lon="121.47732582874596118927001953125">
        <ele>11.6000003814697265625</ele>
        <time>2026-09-09T09:04:43.000Z</time>
        <extensions>
          <ns3:TrackPointExtension>
            <ns3:hr>166</ns3:hr>
            <ns3:cad>0</ns3:cad>
          </ns3:TrackPointExtension>
        </extensions>
      </trkpt>
      <trkpt lat="31.2784154713153839111328125" lon="121.4773235656321048736572265625">
        <ele>11.6000003814697265625</ele>
        <time>2026-09-09T09:04:44.000Z</time>
        <extensions>
          <ns3:TrackPointExtension>
            <ns3:hr>165</ns3:hr>
            <ns3:cad>0</ns3:cad>
          </ns3:TrackPointExtension>
        </extensions>
      </trkpt>
      <trkpt lat="31.27841270528733730316162109375" lon="121.47732767276465892791748046875">
        <ele>11.6000003814697265625</ele>
        <time>2026-09-09T09:04:45.000Z</time>
        <extensions>
          <ns3:TrackPointExtension>
            <ns3:hr>165</ns3:hr>
            <ns3:cad>0</ns3:cad>
          </ns3:TrackPointExtension>
        </extensions>
      </trkpt>
      <trkpt lat="31.278413124382495880126953125" lon="121.47732700221240520477294921875">
        <ele>11.6000003814697265625</ele>
        <time>2026-09-09T09:04:46.000Z</time>
        <extensions>
          <ns3:TrackPointExtension>
            <ns3:hr>165</ns3:hr>
            <ns3:cad>0</ns3:cad>
          </ns3:TrackPointExtension>
        </extensions>
      </trkpt>
      <trkpt lat="31.278413124382495880126953125" lon="121.477327086031436920166015625">
        <ele>11.6000003814697265625</ele>
        <time>2026-09-09T09:04:47.000Z</time>
        <extensions>
          <ns3:TrackPointExtension>
            <ns3:hr>164</ns3:hr>
            <ns3:cad>0</ns3:cad>
          </ns3:TrackPointExtension>
        </extensions>
      </trkpt>
      <trkpt lat="31.278413124382495880126953125" lon="121.477327086031436920166015625">
        <ele>11.6000003814697265625</ele>
        <time>2026-09-09T09:04:48.000Z</time>
        <extensions>
          <ns3:TrackPointExtension>
            <ns3:hr>164</ns3:hr>
            <ns3:cad>0</ns3:cad>
          </ns3:TrackPointExtension>
        </extensions>
      </trkpt>
      <trkpt lat="31.2784129567444324493408203125" lon="121.47732733748853206634521484375">
        <ele>11.6000003814697265625</ele>
        <time>2026-09-09T09:04:49.000Z</time>
        <extensions>
          <ns3:TrackPointExtension>
            <ns3:hr>163</ns3:hr>
            <ns3:cad>0</ns3:cad>
          </ns3:TrackPointExtension>
        </extensions>
      </trkpt>
      <trkpt lat="31.27841270528733730316162109375" lon="121.47732767276465892791748046875">
        <ele>11.6000003814697265625</ele>
        <time>2026-09-09T09:04:50.000Z</time>
        <extensions>
          <ns3:TrackPointExtension>
            <ns3:hr>163</ns3:hr>
            <ns3:cad>0</ns3:cad>
          </ns3:TrackPointExtension>
        </extensions>
      </trkpt>
      <trkpt lat="31.27841237001121044158935546875" lon="121.47732817567884922027587890625">
        <ele>11.6000003814697265625</ele>
        <time>2026-09-09T09:04:51.000Z</time>
        <extensions>
          <ns3:TrackPointExtension>
            <ns3:hr>163</ns3:hr>
            <ns3:cad>0</ns3:cad>
          </ns3:TrackPointExtension>
        </extensions>
      </trkpt>
      <trkpt lat="31.27841086126863956451416015625" lon="121.477330438792705535888671875">
        <ele>11.6000003814697265625</ele>
        <time>2026-09-09T09:04:52.000Z</time>
        <extensions>
          <ns3:TrackPointExtension>
            <ns3:hr>162</ns3:hr>
            <ns3:cad>0</ns3:cad>
          </ns3:TrackPointExtension>
        </extensions>
      </trkpt>
      <trkpt lat="31.2784099392592906951904296875" lon="121.4773319475352764129638671875">
        <ele>11.6000003814697265625</ele>
        <time>2026-09-09T09:04:53.000Z</time>
        <extensions>
          <ns3:TrackPointExtension>
            <ns3:hr>162</ns3:hr>
            <ns3:cad>0</ns3:cad>
          </ns3:TrackPointExtension>
        </extensions>
      </trkpt>
      <trkpt lat="31.27841002307832241058349609375" lon="121.477331779897212982177734375">
        <ele>11.6000003814697265625</ele>
        <time>2026-09-09T09:04:54.000Z</time>
        <extensions>
          <ns3:TrackPointExtension>
            <ns3:hr>162</ns3:hr>
            <ns3:cad>0</ns3:cad>
          </ns3:TrackPointExtension>
        </extensions>
      </trkpt>
      <trkpt lat="31.27841019071638584136962890625" lon="121.47733152844011783599853515625">
        <ele>11.6000003814697265625</ele>
        <time>2026-09-09T09:04:55.000Z</time>
        <extensions>
          <ns3:TrackPointExtension>
            <ns3:hr>160</ns3:hr>
            <ns3:cad>0</ns3:cad>
          </ns3:TrackPointExtension>
        </extensions>
      </trkpt>
      <trkpt lat="31.27841102890670299530029296875" lon="121.4773302711546421051025390625">
        <ele>11.6000003814697265625</ele>
        <time>2026-09-09T09:04:56.000Z</time>
        <extensions>
          <ns3:TrackPointExtension>
            <ns3:hr>160</ns3:hr>
            <ns3:cad>0</ns3:cad>
          </ns3:TrackPointExtension>
        </extensions>
      </trkpt>
      <trkpt lat="31.27841086126863956451416015625" lon="121.47733052261173725128173828125">
        <ele>11.6000003814697265625</ele>
        <time>2026-09-09T09:04:57.000Z</time>
        <extensions>
          <ns3:TrackPointExtension>
            <ns3:hr>160</ns3:hr>
            <ns3:cad>0</ns3:cad>
          </ns3:TrackPointExtension>
        </extensions>
      </trkpt>
      <trkpt lat="31.27841169945895671844482421875" lon="121.47732918150722980499267578125">
        <ele>11.6000003814697265625</ele>
        <time>2026-09-09T09:04:58.000Z</time>
        <extensions>
          <ns3:TrackPointExtension>
            <ns3:hr>159</ns3:hr>
            <ns3:cad>0</ns3:cad>
          </ns3:TrackPointExtension>
        </extensions>
      </trkpt>
      <trkpt lat="31.27841169945895671844482421875" lon="121.4773292653262615203857421875">
        <ele>11.6000003814697265625</ele>
        <time>2026-09-09T09:04:59.000Z</time>
        <extensions>
          <ns3:TrackPointExtension>
            <ns3:hr>159</ns3:hr>
            <ns3:cad>0</ns3:cad>
          </ns3:TrackPointExtension>
        </extensions>
      </trkpt>
      <trkpt lat="31.27841169945895671844482421875" lon="121.4773292653262615203857421875">
        <ele>11.6000003814697265625</ele>
        <time>2026-09-09T09:05:00.000Z</time>
        <extensions>
          <ns3:TrackPointExtension>
            <ns3:hr>159</ns3:hr>
            <ns3:cad>0</ns3:cad>
          </ns3:TrackPointExtension>
        </extensions>
      </trkpt>
      <trkpt lat="31.27841169945895671844482421875" lon="121.4773292653262615203857421875">
        <ele>11.6000003814697265625</ele>
        <time>2026-09-09T09:05:01.000Z</time>
        <extensions>
          <ns3:TrackPointExtension>
            <ns3:hr>156</ns3:hr>
            <ns3:cad>0</ns3:cad>
          </ns3:TrackPointExtension>
        </extensions>
      </trkpt>
      <trkpt lat="31.27841169945895671844482421875" lon="121.4773292653262615203857421875">
        <ele>11.6000003814697265625</ele>
        <time>2026-09-09T09:05:02.000Z</time>
        <extensions>
          <ns3:TrackPointExtension>
            <ns3:hr>156</ns3:hr>
            <ns3:cad>0</ns3:cad>
          </ns3:TrackPointExtension>
        </extensions>
      </trkpt>
      <trkpt lat="31.27841169945895671844482421875" lon="121.4773292653262615203857421875">
        <ele>11.6000003814697265625</ele>
        <time>2026-09-09T09:05:03.000Z</time>
        <extensions>
          <ns3:TrackPointExtension>
            <ns3:hr>153</ns3:hr>
            <ns3:cad>0</ns3:cad>
          </ns3:TrackPointExtension>
        </extensions>
      </trkpt>
      <trkpt lat="31.27841169945895671844482421875" lon="121.4773292653262615203857421875">
        <ele>11.6000003814697265625</ele>
        <time>2026-09-09T09:05:04.000Z</time>
        <extensions>
          <ns3:TrackPointExtension>
            <ns3:hr>148</ns3:hr>
            <ns3:cad>0</ns3:cad>
          </ns3:TrackPointExtension>
        </extensions>
      </trkpt>
      <trkpt lat="31.27841169945895671844482421875" lon="121.4773292653262615203857421875">
        <ele>11.6000003814697265625</ele>
        <time>2026-09-09T09:05:05.000Z</time>
        <extensions>
          <ns3:TrackPointExtension>
            <ns3:hr>148</ns3:hr>
            <ns3:cad>0</ns3:cad>
          </ns3:TrackPointExtension>
        </extensions>
      </trkpt>
      <trkpt lat="31.27841169945895671844482421875" lon="121.4773292653262615203857421875">
        <ele>11.6000003814697265625</ele>
        <time>2026-09-09T09:05:06.000Z</time>
        <extensions>
          <ns3:TrackPointExtension>
            <ns3:hr>144</ns3:hr>
            <ns3:cad>0</ns3:cad>
          </ns3:TrackPointExtension>
        </extensions>
      </trkpt>
      <trkpt lat="31.27841169945895671844482421875" lon="121.4773292653262615203857421875">
        <ele>11.6000003814697265625</ele>
        <time>2026-09-09T09:05:07.000Z</time>
        <extensions>
          <ns3:TrackPointExtension>
            <ns3:hr>142</ns3:hr>
            <ns3:cad>0</ns3:cad>
          </ns3:TrackPointExtension>
        </extensions>
      </trkpt>
      <trkpt lat="31.27841169945895671844482421875" lon="121.4773292653262615203857421875">
        <ele>11.6000003814697265625</ele>
        <time>2026-09-09T09:05:08.000Z</time>
        <extensions>
          <ns3:TrackPointExtension>
            <ns3:hr>142</ns3:hr>
            <ns3:cad>0</ns3:cad>
          </ns3:TrackPointExtension>
        </extensions>
      </trkpt>
      <trkpt lat="31.27841169945895671844482421875" lon="121.4773292653262615203857421875">
        <ele>11.6000003814697265625</ele>
        <time>2026-09-09T09:05:09.000Z</time>
        <extensions>
          <ns3:TrackPointExtension>
            <ns3:hr>138</ns3:hr>
            <ns3:cad>0</ns3:cad>
          </ns3:TrackPointExtension>
        </extensions>
      </trkpt>
      <trkpt lat="31.27841102890670299530029296875" lon="121.4773302711546421051025390625">
        <ele>11.6000003814697265625</ele>
        <time>2026-09-09T09:05:10.000Z</time>
        <extensions>
          <ns3:TrackPointExtension>
            <ns3:hr>136</ns3:hr>
            <ns3:cad>0</ns3:cad>
          </ns3:TrackPointExtension>
        </extensions>
      </trkpt>
      <trkpt lat="31.27841421402990818023681640625" lon="121.47732532583177089691162109375">
        <ele>11.6000003814697265625</ele>
        <time>2026-09-09T09:05:11.000Z</time>
        <extensions>
          <ns3:TrackPointExtension>
            <ns3:hr>136</ns3:hr>
            <ns3:cad>0</ns3:cad>
          </ns3:TrackPointExtension>
        </extensions>
      </trkpt>
      <trkpt lat="31.278412453830242156982421875" lon="121.4773280918598175048828125">
        <ele>11.6000003814697265625</ele>
        <time>2026-09-09T09:05:12.000Z</time>
        <extensions>
          <ns3:TrackPointExtension>
            <ns3:hr>134</ns3:hr>
            <ns3:cad>0</ns3:cad>
          </ns3:TrackPointExtension>
        </extensions>
      </trkpt>
      <trkpt lat="31.27841237001121044158935546875" lon="121.4773282594978809356689453125">
        <ele>11.6000003814697265625</ele>
        <time>2026-09-09T09:05:13.000Z</time>
        <extensions>
          <ns3:TrackPointExtension>
            <ns3:hr>134</ns3:hr>
            <ns3:cad>0</ns3:cad>
          </ns3:TrackPointExtension>
        </extensions>
      </trkpt>
      <trkpt lat="31.27841404639184474945068359375" lon="121.47732566110789775848388671875">
        <ele>11.6000003814697265625</ele>
        <time>2026-09-09T09:05:14.000Z</time>
        <extensions>
          <ns3:TrackPointExtension>
            <ns3:hr>134</ns3:hr>
            <ns3:cad>0</ns3:cad>
          </ns3:TrackPointExtension>
        </extensions>
      </trkpt>
      <trkpt lat="31.27841354347765445709228515625" lon="121.477326415479183197021484375">
        <ele>11.6000003814697265625</ele>
        <time>2026-09-09T09:05:15.000Z</time>
        <extensions>
          <ns3:TrackPointExtension>
            <ns3:hr>133</ns3:hr>
            <ns3:cad>0</ns3:cad>
          </ns3:TrackPointExtension>
        </extensions>
      </trkpt>
      <trkpt lat="31.278412453830242156982421875" lon="121.4773280918598175048828125">
        <ele>11.6000003814697265625</ele>
        <time>2026-09-09T09:05:16.000Z</time>
        <extensions>
          <ns3:TrackPointExtension>
            <ns3:hr>132</ns3:hr>
            <ns3:cad>0</ns3:cad>
          </ns3:TrackPointExtension>
        </extensions>
      </trkpt>
      <trkpt lat="31.27840851433575153350830078125" lon="121.47733404301106929779052734375">
        <ele>11.6000003814697265625</ele>
        <time>2026-09-09T09:05:17.000Z</time>
        <extensions>
          <ns3:TrackPointExtension>
            <ns3:hr>132</ns3:hr>
            <ns3:cad>0</ns3:cad>
          </ns3:TrackPointExtension>
        </extensions>
      </trkpt>
      <trkpt lat="31.27839208580553531646728515625" lon="121.47735868580639362335205078125">
        <ele>11.6000003814697265625</ele>
        <time>2026-09-09T09:05:18.000Z</time>
        <extensions>
          <ns3:TrackPointExtension>
            <ns3:hr>129</ns3:hr>
            <ns3:cad>0</ns3:cad>
          </ns3:TrackPointExtension>
        </extensions>
      </trkpt>
      <trkpt lat="31.27838990651071071624755859375" lon="121.47736136801540851593017578125">
        <ele>11.6000003814697265625</ele>
        <time>2026-09-09T09:05:19.000Z</time>
        <extensions>
          <ns3:TrackPointExtension>
            <ns3:hr>129</ns3:hr>
            <ns3:cad>0</ns3:cad>
          </ns3:TrackPointExtension>
        </extensions>
      </trkpt>
      <trkpt lat="31.2783886492252349853515625" lon="121.4773629605770111083984375">
        <ele>11.6000003814697265625</ele>
        <time>2026-09-09T09:05:20.000Z</time>
        <extensions>
          <ns3:TrackPointExtension>
            <ns3:hr>127</ns3:hr>
            <ns3:cad>0</ns3:cad>
          </ns3:TrackPointExtension>
        </extensions>
      </trkpt>
      <trkpt lat="31.27838772721588611602783203125" lon="121.47736405022442340850830078125">
        <ele>11.6000003814697265625</ele>
        <time>2026-09-09T09:05:21.000Z</time>
        <extensions>
          <ns3:TrackPointExtension>
            <ns3:hr>125</ns3:hr>
            <ns3:cad>0</ns3:cad>
          </ns3:TrackPointExtension>
        </extensions>
      </trkpt>
      <trkpt lat="31.2783868052065372467041015625" lon="121.47736522369086742401123046875">
        <ele>11.3999996185302734375</ele>
        <time>2026-09-09T09:05:22.000Z</time>
        <extensions>
          <ns3:TrackPointExtension>
            <ns3:hr>125</ns3:hr>
            <ns3:cad>0</ns3:cad>
          </ns3:TrackPointExtension>
        </extensions>
      </trkpt>
      <trkpt lat="31.27838454209268093109130859375" lon="121.477367989718914031982421875">
        <ele>11.3999996185302734375</ele>
        <time>2026-09-09T09:05:23.000Z</time>
        <extensions>
          <ns3:TrackPointExtension>
            <ns3:hr>124</ns3:hr>
            <ns3:cad>0</ns3:cad>
          </ns3:TrackPointExtension>
        </extensions>
      </trkpt>
      <trkpt lat="31.27838487736880779266357421875" lon="121.47736757062375545501708984375">
        <ele>11.3999996185302734375</ele>
        <time>2026-09-09T09:05:24.000Z</time>
        <extensions>
          <ns3:TrackPointExtension>
            <ns3:hr>123</ns3:hr>
            <ns3:cad>0</ns3:cad>
          </ns3:TrackPointExtension>
        </extensions>
      </trkpt>
      <trkpt lat="31.27838672138750553131103515625" lon="121.47736522369086742401123046875">
        <ele>11.3999996185302734375</ele>
        <time>2026-09-09T09:05:25.000Z</time>
        <extensions>
          <ns3:TrackPointExtension>
            <ns3:hr>123</ns3:hr>
            <ns3:cad>0</ns3:cad>
          </ns3:TrackPointExtension>
        </extensions>
      </trkpt>
      <trkpt lat="31.27838454209268093109130859375" lon="121.47736790589988231658935546875">
        <ele>11.3999996185302734375</ele>
        <time>2026-09-09T09:05:26.000Z</time>
        <extensions>
          <ns3:TrackPointExtension>
            <ns3:hr>123</ns3:hr>
            <ns3:cad>0</ns3:cad>
          </ns3:TrackPointExtension>
        </extensions>
      </trkpt>
      <trkpt lat="31.27838529646396636962890625" lon="121.477366983890533447265625">
        <ele>11.3999996185302734375</ele>
        <time>2026-09-09T09:05:27.000Z</time>
        <extensions>
          <ns3:TrackPointExtension>
            <ns3:hr>123</ns3:hr>
            <ns3:cad>0</ns3:cad>
          </ns3:TrackPointExtension>
        </extensions>
      </trkpt>
      <trkpt lat="31.27835453487932682037353515625" lon="121.477332450449466705322265625">
        <ele>11</ele>
        <time>2026-09-09T09:05:28.000Z</time>
        <extensions>
          <ns3:TrackPointExtension>
            <ns3:hr>123</ns3:hr>
            <ns3:cad>0</ns3:cad>
          </ns3:TrackPointExtension>
        </extensions>
      </trkpt>
      <trkpt lat="31.27835453487932682037353515625" lon="121.477332450449466705322265625">
        <ele>11</ele>
        <time>2026-09-09T09:05:29.000Z</time>
        <extensions>
          <ns3:TrackPointExtension>
            <ns3:hr>122</ns3:hr>
            <ns3:cad>0</ns3:cad>
          </ns3:TrackPointExtension>
        </extensions>
      </trkpt>
      <trkpt lat="31.27835453487932682037353515625" lon="121.477332450449466705322265625">
        <ele>11</ele>
        <time>2026-09-09T09:05:30.000Z</time>
        <extensions>
          <ns3:TrackPointExtension>
            <ns3:hr>122</ns3:hr>
            <ns3:cad>0</ns3:cad>
          </ns3:TrackPointExtension>
        </extensions>
      </trkpt>
      <trkpt lat="31.27835453487932682037353515625" lon="121.477332450449466705322265625">
        <ele>11</ele>
        <time>2026-09-09T09:05:31.000Z</time>
        <extensions>
          <ns3:TrackPointExtension>
            <ns3:hr>122</ns3:hr>
            <ns3:cad>0</ns3:cad>
          </ns3:TrackPointExtension>
        </extensions>
      </trkpt>
      <trkpt lat="31.27835453487932682037353515625" lon="121.477332450449466705322265625">
        <ele>11</ele>
        <time>2026-09-09T09:05:32.000Z</time>
        <extensions>
          <ns3:TrackPointExtension>
            <ns3:hr>122</ns3:hr>
            <ns3:cad>0</ns3:cad>
          </ns3:TrackPointExtension>
        </extensions>
      </trkpt>
      <trkpt lat="31.27835453487932682037353515625" lon="121.477332450449466705322265625">
        <ele>11</ele>
        <time>2026-09-09T09:05:33.000Z</time>
        <extensions>
          <ns3:TrackPointExtension>
            <ns3:hr>122</ns3:hr>
            <ns3:cad>0</ns3:cad>
          </ns3:TrackPointExtension>
        </extensions>
      </trkpt>
      <trkpt lat="31.27835453487932682037353515625" lon="121.477332450449466705322265625">
        <ele>11</ele>
        <time>2026-09-09T09:05:34.000Z</time>
        <extensions>
          <ns3:TrackPointExtension>
            <ns3:hr>122</ns3:hr>
            <ns3:cad>0</ns3:cad>
          </ns3:TrackPointExtension>
        </extensions>
      </trkpt>
      <trkpt lat="31.27835453487932682037353515625" lon="121.477332450449466705322265625">
        <ele>11</ele>
        <time>2026-09-09T09:05:35.000Z</time>
        <extensions>
          <ns3:TrackPointExtension>
            <ns3:hr>122</ns3:hr>
            <ns3:cad>0</ns3:cad>
          </ns3:TrackPointExtension>
        </extensions>
      </trkpt>
      <trkpt lat="31.2783697061240673065185546875" lon="121.47738601081073284149169921875">
        <ele>11.19999980926513671875</ele>
        <time>2026-09-09T09:05:36.000Z</time>
        <extensions>
          <ns3:TrackPointExtension>
            <ns3:hr>122</ns3:hr>
            <ns3:cad>0</ns3:cad>
          </ns3:TrackPointExtension>
        </extensions>
      </trkpt>
      <trkpt lat="31.278362162411212921142578125" lon="121.4773953147232532501220703125">
        <ele>11.19999980926513671875</ele>
        <time>2026-09-09T09:05:37.000Z</time>
        <extensions>
          <ns3:TrackPointExtension>
            <ns3:hr>122</ns3:hr>
            <ns3:cad>0</ns3:cad>
          </ns3:TrackPointExtension>
        </extensions>
      </trkpt>
      <trkpt lat="31.2783395312726497650146484375" lon="121.47741802968084812164306640625">
        <ele>10.80000019073486328125</ele>
        <time>2026-09-09T09:05:38.000Z</time>
        <extensions>
          <ns3:TrackPointExtension>
            <ns3:hr>123</ns3:hr>
            <ns3:cad>0</ns3:cad>
          </ns3:TrackPointExtension>
        </extensions>
      </trkpt>
      <trkpt lat="31.27833173610270023345947265625" lon="121.4774258248507976531982421875">
        <ele>10.6000003814697265625</ele>
        <time>2026-09-09T09:05:39.000Z</time>
        <extensions>
          <ns3:TrackPointExtension>
            <ns3:hr>123</ns3:hr>
            <ns3:cad>0</ns3:cad>
          </ns3:TrackPointExtension>
        </extensions>
      </trkpt>
      <trkpt lat="31.27833307720720767974853515625" lon="121.4774244837462902069091796875">
        <ele>10.80000019073486328125</ele>
        <time>2026-09-09T09:05:40.000Z</time>
        <extensions>
          <ns3:TrackPointExtension>
            <ns3:hr>123</ns3:hr>
            <ns3:cad>0</ns3:cad>
          </ns3:TrackPointExtension>
        </extensions>
      </trkpt>
      <trkpt lat="31.27832402475178241729736328125" lon="121.47743311710655689239501953125">
        <ele>10.6000003814697265625</ele>
        <time>2026-09-09T09:05:41.000Z</time>
        <extensions>
          <ns3:TrackPointExtension>
            <ns3:hr>123</ns3:hr>
            <ns3:cad>51</ns3:cad>
          </ns3:TrackPointExtension>
        </extensions>
      </trkpt>
      <trkpt lat="31.27831212244927883148193359375" lon="121.47744267247617244720458984375">
        <ele>10.3999996185302734375</ele>
        <time>2026-09-09T09:05:42.000Z</time>
        <extensions>
          <ns3:TrackPointExtension>
            <ns3:hr>120</ns3:hr>
            <ns3:cad>51</ns3:cad>
          </ns3:TrackPointExtension>
        </extensions>
      </trkpt>
      <trkpt lat="31.27829812467098236083984375" lon="121.477453820407390594482421875">
        <ele>10.19999980926513671875</ele>
        <time>2026-09-09T09:05:43.000Z</time>
        <extensions>
          <ns3:TrackPointExtension>
            <ns3:hr>118</ns3:hr>
            <ns3:cad>51</ns3:cad>
          </ns3:TrackPointExtension>
        </extensions>
      </trkpt>
      <trkpt lat="31.27829141914844512939453125" lon="121.47745910100638866424560546875">
        <ele>10</ele>
        <time>2026-09-09T09:05:44.000Z</time>
        <extensions>
          <ns3:TrackPointExtension>
            <ns3:hr>118</ns3:hr>
            <ns3:cad>51</ns3:cad>
          </ns3:TrackPointExtension>
        </extensions>
      </trkpt>
      <trkpt lat="31.27827608026564121246337890625" lon="121.47746949456632137298583984375">
        <ele>9.80000019073486328125</ele>
        <time>2026-09-09T09:05:45.000Z</time>
        <extensions>
          <ns3:TrackPointExtension>
            <ns3:hr>117</ns3:hr>
            <ns3:cad>48</ns3:cad>
          </ns3:TrackPointExtension>
        </extensions>
      </trkpt>
      <trkpt lat="31.27826987765729427337646484375" lon="121.47747335024178028106689453125">
        <ele>9.6000003814697265625</ele>
        <time>2026-09-09T09:05:46.000Z</time>
        <extensions>
          <ns3:TrackPointExtension>
            <ns3:hr>114</ns3:hr>
            <ns3:cad>48</ns3:cad>
          </ns3:TrackPointExtension>
        </extensions>
      </trkpt>
      <trkpt lat="31.27826635725796222686767578125" lon="121.4774756133556365966796875">
        <ele>9.6000003814697265625</ele>
        <time>2026-09-09T09:05:47.000Z</time>
        <extensions>
          <ns3:TrackPointExtension>
            <ns3:hr>114</ns3:hr>
            <ns3:cad>48</ns3:cad>
          </ns3:TrackPointExtension>
        </extensions>
      </trkpt>
      <trkpt lat="31.278255544602870941162109375" lon="121.47748240269720554351806640625">
        <ele>9.3999996185302734375</ele>
        <time>2026-09-09T09:05:48.000Z</time>
        <extensions>
          <ns3:TrackPointExtension>
            <ns3:hr>113</ns3:hr>
            <ns3:cad>48</ns3:cad>
          </ns3:TrackPointExtension>
        </extensions>
      </trkpt>
      <trkpt lat="31.27824104391038417816162109375" lon="121.47749061696231365203857421875">
        <ele>9.3999996185302734375</ele>
        <time>2026-09-09T09:05:49.000Z</time>
        <extensions>
          <ns3:TrackPointExtension>
            <ns3:hr>112</ns3:hr>
            <ns3:cad>48</ns3:cad>
          </ns3:TrackPointExtension>
        </extensions>
      </trkpt>
      <trkpt lat="31.27823173999786376953125" lon="121.47749514319002628326416015625">
        <ele>9.3999996185302734375</ele>
        <time>2026-09-09T09:05:50.000Z</time>
        <extensions>
          <ns3:TrackPointExtension>
            <ns3:hr>112</ns3:hr>
            <ns3:cad>48</ns3:cad>
          </ns3:TrackPointExtension>
        </extensions>
      </trkpt>
      <trkpt lat="31.27823249436914920806884765625" lon="121.477494724094867706298828125">
        <ele>9.3999996185302734375</ele>
        <time>2026-09-09T09:05:51.000Z</time>
        <extensions>
          <ns3:TrackPointExtension>
            <ns3:hr>110</ns3:hr>
            <ns3:cad>0</ns3:cad>
          </ns3:TrackPointExtension>
        </extensions>
      </trkpt>
      <trkpt lat="31.27822847105562686920166015625" lon="121.47749665193259716033935546875">
        <ele>9.3999996185302734375</ele>
        <time>2026-09-09T09:05:52.000Z</time>
        <extensions>
          <ns3:TrackPointExtension>
            <ns3:hr>108</ns3:hr>
            <ns3:cad>0</ns3:cad>
          </ns3:TrackPointExtension>
        </extensions>
      </trkpt>
      <trkpt lat="31.278225369751453399658203125" lon="121.47749816067516803741455078125">
        <ele>9.3999996185302734375</ele>
        <time>2026-09-09T09:05:53.000Z</time>
        <extensions>
          <ns3:TrackPointExtension>
            <ns3:hr>108</ns3:hr>
            <ns3:cad>48</ns3:cad>
          </ns3:TrackPointExtension>
        </extensions>
      </trkpt>
      <trkpt lat="31.27821506001055240631103515625" lon="121.47750310599803924560546875">
        <ele>9.19999980926513671875</ele>
        <time>2026-09-09T09:05:54.000Z</time>
        <extensions>
          <ns3:TrackPointExtension>
            <ns3:hr>107</ns3:hr>
            <ns3:cad>48</ns3:cad>
          </ns3:TrackPointExtension>
        </extensions>
      </trkpt>
      <trkpt lat="31.27821338362991809844970703125" lon="121.47750386036932468414306640625">
        <ele>9.19999980926513671875</ele>
        <time>2026-09-09T09:05:55.000Z</time>
        <extensions>
          <ns3:TrackPointExtension>
            <ns3:hr>107</ns3:hr>
            <ns3:cad>0</ns3:cad>
          </ns3:TrackPointExtension>
        </extensions>
      </trkpt>
      <trkpt lat="31.2782054208219051361083984375" lon="121.47750771604478359222412109375">
        <ele>9.19999980926513671875</ele>
        <time>2026-09-09T09:05:56.000Z</time>
        <extensions>
          <ns3:TrackPointExtension>
            <ns3:hr>107</ns3:hr>
            <ns3:cad>0</ns3:cad>
          </ns3:TrackPointExtension>
        </extensions>
      </trkpt>
      <trkpt lat="31.278195194900035858154296875" lon="121.47751140408217906951904296875">
        <ele>9.19999980926513671875</ele>
        <time>2026-09-09T09:05:57.000Z</time>
        <extensions>
          <ns3:TrackPointExtension>
            <ns3:hr>106</ns3:hr>
            <ns3:cad>47</ns3:cad>
          </ns3:TrackPointExtension>
        </extensions>
      </trkpt>
      <trkpt lat="31.278184466063976287841796875" lon="121.4775150083005428314208984375">
        <ele>9.19999980926513671875</ele>
        <time>2026-09-09T09:05:58.000Z</time>
        <extensions>
          <ns3:TrackPointExtension>
            <ns3:hr>106</ns3:hr>
            <ns3:cad>47</ns3:cad>
          </ns3:TrackPointExtension>
        </extensions>
      </trkpt>
      <trkpt lat="31.27818278968334197998046875" lon="121.47751559503376483917236328125">
        <ele>9.19999980926513671875</ele>
        <time>2026-09-09T09:05:59.000Z</time>
        <extensions>
          <ns3:TrackPointExtension>
            <ns3:hr>106</ns3:hr>
            <ns3:cad>47</ns3:cad>
          </ns3:TrackPointExtension>
        </extensions>
      </trkpt>
      <trkpt lat="31.27817365340888500213623046875" lon="121.4775186963379383087158203125">
        <ele>9.19999980926513671875</ele>
        <time>2026-09-09T09:06:00.000Z</time>
        <extensions>
          <ns3:TrackPointExtension>
            <ns3:hr>106</ns3:hr>
            <ns3:cad>47</ns3:cad>
          </ns3:TrackPointExtension>
        </extensions>
      </trkpt>
      <trkpt lat="31.27817097119987010955810546875" lon="121.47751961834728717803955078125">
        <ele>9.19999980926513671875</ele>
        <time>2026-09-09T09:06:01.000Z</time>
        <extensions>
          <ns3:TrackPointExtension>
            <ns3:hr>106</ns3:hr>
            <ns3:cad>47</ns3:cad>
          </ns3:TrackPointExtension>
        </extensions>
      </trkpt>
      <trkpt lat="31.27818421460688114166259765625" lon="121.47751509211957454681396484375">
        <ele>9.19999980926513671875</ele>
        <time>2026-09-09T09:06:02.000Z</time>
        <extensions>
          <ns3:TrackPointExtension>
            <ns3:hr>106</ns3:hr>
            <ns3:cad>47</ns3:cad>
          </ns3:TrackPointExtension>
        </extensions>
      </trkpt>
      <trkpt lat="31.27819293178617954254150390625" lon="121.477512158453464508056640625">
        <ele>9.19999980926513671875</ele>
        <time>2026-09-09T09:06:03.000Z</time>
        <extensions>
          <ns3:TrackPointExtension>
            <ns3:hr>105</ns3:hr>
            <ns3:cad>47</ns3:cad>
          </ns3:TrackPointExtension>
        </extensions>
      </trkpt>
      <trkpt lat="31.27820667810738086700439453125" lon="121.47750712931156158447265625">
        <ele>9.19999980926513671875</ele>
        <time>2026-09-09T09:06:04.000Z</time>
        <extensions>
          <ns3:TrackPointExtension>
            <ns3:hr>105</ns3:hr>
            <ns3:cad>0</ns3:cad>
          </ns3:TrackPointExtension>
        </extensions>
      </trkpt>
      <trkpt lat="31.27821774221956729888916015625" lon="121.47750176489353179931640625">
        <ele>9.19999980926513671875</ele>
        <time>2026-09-09T09:06:05.000Z</time>
        <extensions>
          <ns3:TrackPointExtension>
            <ns3:hr>105</ns3:hr>
            <ns3:cad>0</ns3:cad>
          </ns3:TrackPointExtension>
        </extensions>
      </trkpt>
      <trkpt lat="31.27822838723659515380859375" lon="121.47749665193259716033935546875">
        <ele>9.3999996185302734375</ele>
        <time>2026-09-09T09:06:06.000Z</time>
        <extensions>
          <ns3:TrackPointExtension>
            <ns3:hr>104</ns3:hr>
            <ns3:cad>0</ns3:cad>
          </ns3:TrackPointExtension>
        </extensions>
      </trkpt>
      <trkpt lat="31.27823484130203723907470703125" lon="121.47749363444745540618896484375">
        <ele>9.3999996185302734375</ele>
        <time>2026-09-09T09:06:07.000Z</time>
        <extensions>
          <ns3:TrackPointExtension>
            <ns3:hr>104</ns3:hr>
            <ns3:cad>0</ns3:cad>
          </ns3:TrackPointExtension>
        </extensions>
      </trkpt>
      <trkpt lat="31.27824674360454082489013671875" lon="121.47748793475329875946044921875">
        <ele>9.3999996185302734375</ele>
        <time>2026-09-09T09:06:08.000Z</time>
        <extensions>
          <ns3:TrackPointExtension>
            <ns3:hr>103</ns3:hr>
            <ns3:cad>0</ns3:cad>
          </ns3:TrackPointExtension>
        </extensions>
      </trkpt>
      <trkpt lat="31.27824875526130199432373046875" lon="121.477486677467823028564453125">
        <ele>9.3999996185302734375</ele>
        <time>2026-09-09T09:06:09.000Z</time>
        <extensions>
          <ns3:TrackPointExtension>
            <ns3:hr>103</ns3:hr>
            <ns3:cad>0</ns3:cad>
          </ns3:TrackPointExtension>
        </extensions>
      </trkpt>
      <trkpt lat="31.27825613133609294891357421875" lon="121.477481983602046966552734375">
        <ele>9.3999996185302734375</ele>
        <time>2026-09-09T09:06:10.000Z</time>
        <extensions>
          <ns3:TrackPointExtension>
            <ns3:hr>103</ns3:hr>
            <ns3:cad>0</ns3:cad>
          </ns3:TrackPointExtension>
        </extensions>
      </trkpt>
      <trkpt lat="31.2782661058008670806884765625" lon="121.47747569717466831207275390625">
        <ele>9.6000003814697265625</ele>
        <time>2026-09-09T09:06:11.000Z</time>
        <extensions>
          <ns3:TrackPointExtension>
            <ns3:hr>102</ns3:hr>
            <ns3:cad>0</ns3:cad>
          </ns3:TrackPointExtension>
        </extensions>
      </trkpt>
      <trkpt lat="31.27827465534210205078125" lon="121.47747033275663852691650390625">
        <ele>9.80000019073486328125</ele>
        <time>2026-09-09T09:06:12.000Z</time>
        <extensions>
          <ns3:TrackPointExtension>
            <ns3:hr>102</ns3:hr>
            <ns3:cad>0</ns3:cad>
          </ns3:TrackPointExtension>
        </extensions>
      </trkpt>
      <trkpt lat="31.278285048902034759521484375" lon="121.47746379487216472625732421875">
        <ele>9.80000019073486328125</ele>
        <time>2026-09-09T09:06:13.000Z</time>
        <extensions>
          <ns3:TrackPointExtension>
            <ns3:hr>102</ns3:hr>
            <ns3:cad>0</ns3:cad>
          </ns3:TrackPointExtension>
        </extensions>
      </trkpt>
      <trkpt lat="31.27829452045261859893798828125" lon="121.4774566702544689178466796875">
        <ele>10</ele>
        <time>2026-09-09T09:06:14.000Z</time>
        <extensions>
          <ns3:TrackPointExtension>
            <ns3:hr>101</ns3:hr>
            <ns3:cad>0</ns3:cad>
          </ns3:TrackPointExtension>
        </extensions>
      </trkpt>
      <trkpt lat="31.2783016450703144073486328125" lon="121.4774509705603122711181640625">
        <ele>10.19999980926513671875</ele>
        <time>2026-09-09T09:06:15.000Z</time>
        <extensions>
          <ns3:TrackPointExtension>
            <ns3:hr>101</ns3:hr>
            <ns3:cad>0</ns3:cad>
          </ns3:TrackPointExtension>
        </extensions>
      </trkpt>
      <trkpt lat="31.27830508165061473846435546875" lon="121.4774482883512973785400390625">
        <ele>10.19999980926513671875</ele>
        <time>2026-09-09T09:06:16.000Z</time>
        <extensions>
          <ns3:TrackPointExtension>
            <ns3:hr>101</ns3:hr>
            <ns3:cad>0</ns3:cad>
          </ns3:TrackPointExtension>
        </extensions>
      </trkpt>
      <trkpt lat="31.278307177126407623291015625" lon="121.47744652815163135528564453125">
        <ele>10.19999980926513671875</ele>
        <time>2026-09-09T09:06:17.000Z</time>
        <extensions>
          <ns3:TrackPointExtension>
            <ns3:hr>101</ns3:hr>
            <ns3:cad>0</ns3:cad>
          </ns3:TrackPointExtension>
        </extensions>
      </trkpt>
      <trkpt lat="31.27830910496413707733154296875" lon="121.47744501940906047821044921875">
        <ele>10.3999996185302734375</ele>
        <time>2026-09-09T09:06:18.000Z</time>
        <extensions>
          <ns3:TrackPointExtension>
            <ns3:hr>101</ns3:hr>
            <ns3:cad>0</ns3:cad>
          </ns3:TrackPointExtension>
        </extensions>
      </trkpt>
      <trkpt lat="31.2783190794289112091064453125" lon="121.47743714042007923126220703125">
        <ele>10.3999996185302734375</ele>
        <time>2026-09-09T09:06:19.000Z</time>
        <extensions>
          <ns3:TrackPointExtension>
            <ns3:hr>102</ns3:hr>
            <ns3:cad>0</ns3:cad>
          </ns3:TrackPointExtension>
        </extensions>
      </trkpt>
      <trkpt lat="31.27831866033375263214111328125" lon="121.47743747569620609283447265625">
        <ele>10.3999996185302734375</ele>
        <time>2026-09-09T09:06:20.000Z</time>
        <extensions>
          <ns3:TrackPointExtension>
            <ns3:hr>103</ns3:hr>
            <ns3:cad>0</ns3:cad>
          </ns3:TrackPointExtension>
        </extensions>
      </trkpt>
      <trkpt lat="31.27832553349435329437255859375" lon="121.47743194364011287689208984375">
        <ele>10.6000003814697265625</ele>
        <time>2026-09-09T09:06:21.000Z</time>
        <extensions>
          <ns3:TrackPointExtension>
            <ns3:hr>103</ns3:hr>
            <ns3:cad>0</ns3:cad>
          </ns3:TrackPointExtension>
        </extensions>
      </trkpt>
      <trkpt lat="31.27833642996847629547119140625" lon="121.4774211309850215911865234375">
        <ele>10.80000019073486328125</ele>
        <time>2026-09-09T09:06:22.000Z</time>
        <extensions>
          <ns3:TrackPointExtension>
            <ns3:hr>104</ns3:hr>
            <ns3:cad>47</ns3:cad>
          </ns3:TrackPointExtension>
        </extensions>
      </trkpt>
      <trkpt lat="31.27834648825228214263916015625" lon="121.47741115652024745941162109375">
        <ele>11</ele>
        <time>2026-09-09T09:06:23.000Z</time>
        <extensions>
          <ns3:TrackPointExtension>
            <ns3:hr>104</ns3:hr>
            <ns3:cad>48</ns3:cad>
          </ns3:TrackPointExtension>
        </extensions>
      </trkpt>
      <trkpt lat="31.27834464423358440399169921875" lon="121.47741300053894519805908203125">
        <ele>10.80000019073486328125</ele>
        <time>2026-09-09T09:06:24.000Z</time>
        <extensions>
          <ns3:TrackPointExtension>
            <ns3:hr>104</ns3:hr>
            <ns3:cad>47</ns3:cad>
          </ns3:TrackPointExtension>
        </extensions>
      </trkpt>
      <trkpt lat="31.2783318199217319488525390625" lon="121.47742574103176593780517578125">
        <ele>10.6000003814697265625</ele>
        <time>2026-09-09T09:06:25.000Z</time>
        <extensions>
          <ns3:TrackPointExtension>
            <ns3:hr>105</ns3:hr>
            <ns3:cad>0</ns3:cad>
          </ns3:TrackPointExtension>
        </extensions>
      </trkpt>
      <trkpt lat="31.278348080813884735107421875" lon="121.47740964777767658233642578125">
        <ele>11</ele>
        <time>2026-09-09T09:06:26.000Z</time>
        <extensions>
          <ns3:TrackPointExtension>
            <ns3:hr>105</ns3:hr>
            <ns3:cad>0</ns3:cad>
          </ns3:TrackPointExtension>
        </extensions>
      </trkpt>
      <trkpt lat="31.2783562950789928436279296875" lon="121.477401517331600189208984375">
        <ele>11</ele>
        <time>2026-09-09T09:06:27.000Z</time>
        <extensions>
          <ns3:TrackPointExtension>
            <ns3:hr>105</ns3:hr>
            <ns3:cad>48</ns3:cad>
          </ns3:TrackPointExtension>
        </extensions>
      </trkpt>
      <trkpt lat="31.2783658504486083984375" lon="121.477390788495540618896484375">
        <ele>11.19999980926513671875</ele>
        <time>2026-09-09T09:06:28.000Z</time>
        <extensions>
          <ns3:TrackPointExtension>
            <ns3:hr>104</ns3:hr>
            <ns3:cad>48</ns3:cad>
          </ns3:TrackPointExtension>
        </extensions>
      </trkpt>
      <trkpt lat="31.27838269807398319244384765625" lon="121.47737025283277034759521484375">
        <ele>11.3999996185302734375</ele>
        <time>2026-09-09T09:06:29.000Z</time>
        <extensions>
          <ns3:TrackPointExtension>
            <ns3:hr>104</ns3:hr>
            <ns3:cad>49</ns3:cad>
          </ns3:TrackPointExtension>
        </extensions>
      </trkpt>
      <trkpt lat="31.278389990329742431640625" lon="121.477361284196376800537109375">
        <ele>11.6000003814697265625</ele>
        <time>2026-09-09T09:06:30.000Z</time>
        <extensions>
          <ns3:TrackPointExtension>
            <ns3:hr>103</ns3:hr>
            <ns3:cad>47</ns3:cad>
          </ns3:TrackPointExtension>
        </extensions>
      </trkpt>
      <trkpt lat="31.2783965282142162322998046875" lon="121.47735214792191982269287109375">
        <ele>11.6000003814697265625</ele>
        <time>2026-09-09T09:06:31.000Z</time>
        <extensions>
          <ns3:TrackPointExtension>
            <ns3:hr>101</ns3:hr>
            <ns3:cad>0</ns3:cad>
          </ns3:TrackPointExtension>
        </extensions>
      </trkpt>
      <trkpt lat="31.278400719165802001953125" lon="121.47734577767550945281982421875">
        <ele>11.6000003814697265625</ele>
        <time>2026-09-09T09:06:32.000Z</time>
        <extensions>
          <ns3:TrackPointExtension>
            <ns3:hr>101</ns3:hr>
            <ns3:cad>0</ns3:cad>
          </ns3:TrackPointExtension>
        </extensions>
      </trkpt>
      <trkpt lat="31.2783998809754848480224609375" lon="121.4773470349609851837158203125">
        <ele>11.6000003814697265625</ele>
        <time>2026-09-09T09:06:33.000Z</time>
        <extensions>
          <ns3:TrackPointExtension>
            <ns3:hr>100</ns3:hr>
            <ns3:cad>0</ns3:cad>
          </ns3:TrackPointExtension>
        </extensions>
      </trkpt>
      <trkpt lat="31.2783978693187236785888671875" lon="121.4773500524461269378662109375">
        <ele>11.6000003814697265625</ele>
        <time>2026-09-09T09:06:34.000Z</time>
        <extensions>
          <ns3:TrackPointExtension>
            <ns3:hr>99</ns3:hr>
            <ns3:cad>47</ns3:cad>
          </ns3:TrackPointExtension>
        </extensions>
      </trkpt>
      <trkpt lat="31.27840809524059295654296875" lon="121.4773346297442913055419921875">
        <ele>11.80000019073486328125</ele>
        <time>2026-09-09T09:06:35.000Z</time>
        <extensions>
          <ns3:TrackPointExtension>
            <ns3:hr>99</ns3:hr>
            <ns3:cad>47</ns3:cad>
          </ns3:TrackPointExtension>
        </extensions>
      </trkpt>
      <trkpt lat="31.27840683795511722564697265625" lon="121.477336473762989044189453125">
        <ele>11.80000019073486328125</ele>
        <time>2026-09-09T09:06:36.000Z</time>
        <extensions>
          <ns3:TrackPointExtension>
            <ns3:hr>99</ns3:hr>
            <ns3:cad>47</ns3:cad>
          </ns3:TrackPointExtension>
        </extensions>
      </trkpt>
      <trkpt lat="31.27839795313775539398193359375" lon="121.4773500524461269378662109375">
        <ele>11.6000003814697265625</ele>
        <time>2026-09-09T09:06:37.000Z</time>
        <extensions>
          <ns3:TrackPointExtension>
            <ns3:hr>99</ns3:hr>
            <ns3:cad>47</ns3:cad>
          </ns3:TrackPointExtension>
        </extensions>
      </trkpt>
      <trkpt lat="31.2783993780612945556640625" lon="121.477347873151302337646484375">
        <ele>11.6000003814697265625</ele>
        <time>2026-09-09T09:06:38.000Z</time>
        <extensions>
          <ns3:TrackPointExtension>
            <ns3:hr>99</ns3:hr>
            <ns3:cad>0</ns3:cad>
          </ns3:TrackPointExtension>
        </extensions>
      </trkpt>
      <trkpt lat="31.2784085981547832489013671875" lon="121.47733387537300586700439453125">
        <ele>11.6000003814697265625</ele>
        <time>2026-09-09T09:06:39.000Z</time>
        <extensions>
          <ns3:TrackPointExtension>
            <ns3:hr>99</ns3:hr>
            <ns3:cad>0</ns3:cad>
          </ns3:TrackPointExtension>
        </extensions>
      </trkpt>
      <trkpt lat="31.27841689623892307281494140625" lon="121.47732130251824855804443359375">
        <ele>11.6000003814697265625</ele>
        <time>2026-09-09T09:06:40.000Z</time>
        <extensions>
          <ns3:TrackPointExtension>
            <ns3:hr>99</ns3:hr>
            <ns3:cad>43</ns3:cad>
          </ns3:TrackPointExtension>
        </extensions>
      </trkpt>
      <trkpt lat="31.2784273736178874969482421875" lon="121.477302946150302886962890625">
        <ele>11.3999996185302734375</ele>
        <time>2026-09-09T09:06:41.000Z</time>
        <extensions>
          <ns3:TrackPointExtension>
            <ns3:hr>99</ns3:hr>
            <ns3:cad>43</ns3:cad>
          </ns3:TrackPointExtension>
        </extensions>
      </trkpt>
      <trkpt lat="31.278440952301025390625" lon="121.4772772975265979766845703125">
        <ele>11.19999980926513671875</ele>
        <time>2026-09-09T09:06:42.000Z</time>
        <extensions>
          <ns3:TrackPointExtension>
            <ns3:hr>99</ns3:hr>
            <ns3:cad>43</ns3:cad>
          </ns3:TrackPointExtension>
        </extensions>
      </trkpt>
      <trkpt lat="31.278445310890674591064453125" lon="121.47726883180439472198486328125">
        <ele>11.19999980926513671875</ele>
        <time>2026-09-09T09:06:43.000Z</time>
        <extensions>
          <ns3:TrackPointExtension>
            <ns3:hr>99</ns3:hr>
            <ns3:cad>43</ns3:cad>
          </ns3:TrackPointExtension>
        </extensions>
      </trkpt>
      <trkpt lat="31.27844572998583316802978515625" lon="121.4772679097950458526611328125">
        <ele>11.19999980926513671875</ele>
        <time>2026-09-09T09:06:44.000Z</time>
        <extensions>
          <ns3:TrackPointExtension>
            <ns3:hr>99</ns3:hr>
            <ns3:cad>50</ns3:cad>
          </ns3:TrackPointExtension>
        </extensions>
      </trkpt>
      <trkpt lat="31.2784498371183872222900390625" lon="121.47725793533027172088623046875">
        <ele>11</ele>
        <time>2026-09-09T09:06:45.000Z</time>
        <extensions>
          <ns3:TrackPointExtension>
            <ns3:hr>99</ns3:hr>
            <ns3:cad>50</ns3:cad>
          </ns3:TrackPointExtension>
        </extensions>
      </trkpt>
      <trkpt lat="31.2784609012305736541748046875" lon="121.47723111324012279510498046875">
        <ele>10.80000019073486328125</ele>
        <time>2026-09-09T09:06:46.000Z</time>
        <extensions>
          <ns3:TrackPointExtension>
            <ns3:hr>99</ns3:hr>
            <ns3:cad>50</ns3:cad>
          </ns3:TrackPointExtension>
        </extensions>
      </trkpt>
      <trkpt lat="31.278464086353778839111328125" lon="121.47722340188920497894287109375">
        <ele>10.80000019073486328125</ele>
        <time>2026-09-09T09:06:47.000Z</time>
        <extensions>
          <ns3:TrackPointExtension>
            <ns3:hr>99</ns3:hr>
            <ns3:cad>50</ns3:cad>
          </ns3:TrackPointExtension>
        </extensions>
      </trkpt>
      <trkpt lat="31.27846534363925457000732421875" lon="121.47722021676599979400634765625">
        <ele>10.6000003814697265625</ele>
        <time>2026-09-09T09:06:48.000Z</time>
        <extensions>
          <ns3:TrackPointExtension>
            <ns3:hr>99</ns3:hr>
            <ns3:cad>50</ns3:cad>
          </ns3:TrackPointExtension>
        </extensions>
      </trkpt>
      <trkpt lat="31.27846500836312770843505859375" lon="121.47722122259438037872314453125">
        <ele>10.6000003814697265625</ele>
        <time>2026-09-09T09:06:49.000Z</time>
        <extensions>
          <ns3:TrackPointExtension>
            <ns3:hr>99</ns3:hr>
            <ns3:cad>51</ns3:cad>
          </ns3:TrackPointExtension>
        </extensions>
      </trkpt>
      <trkpt lat="31.2784691154956817626953125" lon="121.47720781154930591583251953125">
        <ele>10.6000003814697265625</ele>
        <time>2026-09-09T09:06:50.000Z</time>
        <extensions>
          <ns3:TrackPointExtension>
            <ns3:hr>98</ns3:hr>
            <ns3:cad>51</ns3:cad>
          </ns3:TrackPointExtension>
        </extensions>
      </trkpt>
      <trkpt lat="31.27847556956112384796142578125" lon="121.4771867729723453521728515625">
        <ele>10.3999996185302734375</ele>
        <time>2026-09-09T09:06:51.000Z</time>
        <extensions>
          <ns3:TrackPointExtension>
            <ns3:hr>97</ns3:hr>
            <ns3:cad>51</ns3:cad>
          </ns3:TrackPointExtension>
        </extensions>
      </trkpt>
      <trkpt lat="31.278480179607868194580078125" lon="121.47717176936566829681396484375">
        <ele>10.19999980926513671875</ele>
        <time>2026-09-09T09:06:52.000Z</time>
        <extensions>
          <ns3:TrackPointExtension>
            <ns3:hr>97</ns3:hr>
            <ns3:cad>51</ns3:cad>
          </ns3:TrackPointExtension>
        </extensions>
      </trkpt>
      <trkpt lat="31.2784873880445957183837890625" lon="121.4771378226578235626220703125">
        <ele>9.80000019073486328125</ele>
        <time>2026-09-09T09:06:53.000Z</time>
        <extensions>
          <ns3:TrackPointExtension>
            <ns3:hr>95</ns3:hr>
            <ns3:cad>0</ns3:cad>
          </ns3:TrackPointExtension>
        </extensions>
      </trkpt>
      <trkpt lat="31.2784893997013568878173828125" lon="121.4771284349262714385986328125">
        <ele>9.80000019073486328125</ele>
        <time>2026-09-09T09:06:54.000Z</time>
        <extensions>
          <ns3:TrackPointExtension>
            <ns3:hr>94</ns3:hr>
            <ns3:cad>0</ns3:cad>
          </ns3:TrackPointExtension>
        </extensions>
      </trkpt>
      <trkpt lat="31.2784914113581180572509765625" lon="121.4771188795566558837890625">
        <ele>9.6000003814697265625</ele>
        <time>2026-09-09T09:06:55.000Z</time>
        <extensions>
          <ns3:TrackPointExtension>
            <ns3:hr>94</ns3:hr>
            <ns3:cad>0</ns3:cad>
          </ns3:TrackPointExtension>
        </extensions>
      </trkpt>
      <trkpt lat="31.2784920819103717803955078125" lon="121.47711359895765781402587890625">
        <ele>9.6000003814697265625</ele>
        <time>2026-09-09T09:06:56.000Z</time>
        <extensions>
          <ns3:TrackPointExtension>
            <ns3:hr>92</ns3:hr>
            <ns3:cad>0</ns3:cad>
          </ns3:TrackPointExtension>
        </extensions>
      </trkpt>
      <trkpt lat="31.2784934230148792266845703125" lon="121.47710236720740795135498046875">
        <ele>9.3999996185302734375</ele>
        <time>2026-09-09T09:06:57.000Z</time>
        <extensions>
          <ns3:TrackPointExtension>
            <ns3:hr>94</ns3:hr>
            <ns3:cad>0</ns3:cad>
          </ns3:TrackPointExtension>
        </extensions>
      </trkpt>
      <trkpt lat="31.278495602309703826904296875" lon="121.4770831726491451263427734375">
        <ele>9.19999980926513671875</ele>
        <time>2026-09-09T09:06:58.000Z</time>
        <extensions>
          <ns3:TrackPointExtension>
            <ns3:hr>94</ns3:hr>
            <ns3:cad>0</ns3:cad>
          </ns3:TrackPointExtension>
        </extensions>
      </trkpt>
      <trkpt lat="31.27849669195711612701416015625" lon="121.4770737849175930023193359375">
        <ele>9.19999980926513671875</ele>
        <time>2026-09-09T09:06:59.000Z</time>
        <extensions>
          <ns3:TrackPointExtension>
            <ns3:hr>93</ns3:hr>
            <ns3:cad>0</ns3:cad>
          </ns3:TrackPointExtension>
        </extensions>
      </trkpt>
      <trkpt lat="31.27849786542356014251708984375" lon="121.47706213407218456268310546875">
        <ele>9</ele>
        <time>2026-09-09T09:07:00.000Z</time>
        <extensions>
          <ns3:TrackPointExtension>
            <ns3:hr>93</ns3:hr>
            <ns3:cad>0</ns3:cad>
          </ns3:TrackPointExtension>
        </extensions>
      </trkpt>
      <trkpt lat="31.2784981168806552886962890625" lon="121.47705140523612499237060546875">
        <ele>9</ele>
        <time>2026-09-09T09:07:01.000Z</time>
        <extensions>
          <ns3:TrackPointExtension>
            <ns3:hr>93</ns3:hr>
            <ns3:cad>0</ns3:cad>
          </ns3:TrackPointExtension>
        </extensions>
      </trkpt>
      <trkpt lat="31.2784986197948455810546875" lon="121.47703246213495731353759765625">
        <ele>8.80000019073486328125</ele>
        <time>2026-09-09T09:07:02.000Z</time>
        <extensions>
          <ns3:TrackPointExtension>
            <ns3:hr>95</ns3:hr>
            <ns3:cad>0</ns3:cad>
          </ns3:TrackPointExtension>
        </extensions>
      </trkpt>
      <trkpt lat="31.27849887125194072723388671875" lon="121.47702223621308803558349609375">
        <ele>8.6000003814697265625</ele>
        <time>2026-09-09T09:07:03.000Z</time>
        <extensions>
          <ns3:TrackPointExtension>
            <ns3:hr>92</ns3:hr>
            <ns3:cad>0</ns3:cad>
          </ns3:TrackPointExtension>
        </extensions>
      </trkpt>
      <trkpt lat="31.2784991227090358734130859375" lon="121.47701519541442394256591796875">
        <ele>8.6000003814697265625</ele>
        <time>2026-09-09T09:07:04.000Z</time>
        <extensions>
          <ns3:TrackPointExtension>
            <ns3:hr>92</ns3:hr>
            <ns3:cad>0</ns3:cad>
          </ns3:TrackPointExtension>
        </extensions>
      </trkpt>
      <trkpt lat="31.27849887125194072723388671875" lon="121.47700564004480838775634765625">
        <ele>8.3999996185302734375</ele>
        <time>2026-09-09T09:07:05.000Z</time>
        <extensions>
          <ns3:TrackPointExtension>
            <ns3:hr>92</ns3:hr>
            <ns3:cad>0</ns3:cad>
          </ns3:TrackPointExtension>
        </extensions>
      </trkpt>
      <trkpt lat="31.27849794924259185791015625" lon="121.47699105553328990936279296875">
        <ele>8.19999980926513671875</ele>
        <time>2026-09-09T09:07:06.000Z</time>
        <extensions>
          <ns3:TrackPointExtension>
            <ns3:hr>92</ns3:hr>
            <ns3:cad>0</ns3:cad>
          </ns3:TrackPointExtension>
        </extensions>
      </trkpt>
      <trkpt lat="31.27849685959517955780029296875" lon="121.4769738726317882537841796875">
        <ele>8</ele>
        <time>2026-09-09T09:07:07.000Z</time>
        <extensions>
          <ns3:TrackPointExtension>
            <ns3:hr>92</ns3:hr>
            <ns3:cad>0</ns3:cad>
          </ns3:TrackPointExtension>
        </extensions>
      </trkpt>
      <trkpt lat="31.2784961052238941192626953125" lon="121.47696197032928466796875">
        <ele>8</ele>
        <time>2026-09-09T09:07:08.000Z</time>
        <extensions>
          <ns3:TrackPointExtension>
            <ns3:hr>94</ns3:hr>
            <ns3:cad>0</ns3:cad>
          </ns3:TrackPointExtension>
        </extensions>
      </trkpt>
      <trkpt lat="31.27849568612873554229736328125" lon="121.47695618681609630584716796875">
        <ele>8</ele>
        <time>2026-09-09T09:07:09.000Z</time>
        <extensions>
          <ns3:TrackPointExtension>
            <ns3:hr>94</ns3:hr>
            <ns3:cad>0</ns3:cad>
          </ns3:TrackPointExtension>
        </extensions>
      </trkpt>
      <trkpt lat="31.27849451266229152679443359375" lon="121.47694847546517848968505859375">
        <ele>7.80000019073486328125</ele>
        <time>2026-09-09T09:07:10.000Z</time>
        <extensions>
          <ns3:TrackPointExtension>
            <ns3:hr>94</ns3:hr>
            <ns3:cad>49</ns3:cad>
          </ns3:TrackPointExtension>
        </extensions>
      </trkpt>
      <trkpt lat="31.27849317155778408050537109375" lon="121.4769396744668483734130859375">
        <ele>7.80000019073486328125</ele>
        <time>2026-09-09T09:07:11.000Z</time>
        <extensions>
          <ns3:TrackPointExtension>
            <ns3:hr>95</ns3:hr>
            <ns3:cad>49</ns3:cad>
          </ns3:TrackPointExtension>
        </extensions>
      </trkpt>
      <trkpt lat="31.27849258482456207275390625" lon="121.47693607024848461151123046875">
        <ele>7.80000019073486328125</ele>
        <time>2026-09-09T09:07:12.000Z</time>
        <extensions>
          <ns3:TrackPointExtension>
            <ns3:hr>95</ns3:hr>
            <ns3:cad>49</ns3:cad>
          </ns3:TrackPointExtension>
        </extensions>
      </trkpt>
      <trkpt lat="31.2784910760819911956787109375" lon="121.47692601196467876434326171875">
        <ele>7.599999904632568359375</ele>
        <time>2026-09-09T09:07:13.000Z</time>
        <extensions>
          <ns3:TrackPointExtension>
            <ns3:hr>95</ns3:hr>
            <ns3:cad>49</ns3:cad>
          </ns3:TrackPointExtension>
        </extensions>
      </trkpt>
      <trkpt lat="31.27848914824426174163818359375" lon="121.47691394202411174774169921875">
        <ele>7.400000095367431640625</ele>
        <time>2026-09-09T09:07:14.000Z</time>
        <extensions>
          <ns3:TrackPointExtension>
            <ns3:hr>95</ns3:hr>
            <ns3:cad>49</ns3:cad>
          </ns3:TrackPointExtension>
        </extensions>
      </trkpt>
      <trkpt lat="31.2784863822162151336669921875" lon="121.47689885459840297698974609375">
        <ele>7.400000095367431640625</ele>
        <time>2026-09-09T09:07:15.000Z</time>
        <extensions>
          <ns3:TrackPointExtension>
            <ns3:hr>95</ns3:hr>
            <ns3:cad>0</ns3:cad>
          </ns3:TrackPointExtension>
        </extensions>
      </trkpt>
      <trkpt lat="31.278482861816883087158203125" lon="121.47688460536301136016845703125">
        <ele>7.19999980926513671875</ele>
        <time>2026-09-09T09:07:16.000Z</time>
        <extensions>
          <ns3:TrackPointExtension>
            <ns3:hr>95</ns3:hr>
            <ns3:cad>0</ns3:cad>
          </ns3:TrackPointExtension>
        </extensions>
      </trkpt>
      <trkpt lat="31.278476156294345855712890625" lon="121.47685778327286243438720703125">
        <ele>7.19999980926513671875</ele>
        <time>2026-09-09T09:07:17.000Z</time>
        <extensions>
          <ns3:TrackPointExtension>
            <ns3:hr>95</ns3:hr>
            <ns3:cad>0</ns3:cad>
          </ns3:TrackPointExtension>
        </extensions>
      </trkpt>
      <trkpt lat="31.2784743122756481170654296875" lon="121.47685074247419834136962890625">
        <ele>7.19999980926513671875</ele>
        <time>2026-09-09T09:07:18.000Z</time>
        <extensions>
          <ns3:TrackPointExtension>
            <ns3:hr>94</ns3:hr>
            <ns3:cad>0</ns3:cad>
          </ns3:TrackPointExtension>
        </extensions>
      </trkpt>
      <trkpt lat="31.278469450771808624267578125" lon="121.4768367446959018707275390625">
        <ele>7.400000095367431640625</ele>
        <time>2026-09-09T09:07:19.000Z</time>
        <extensions>
          <ns3:TrackPointExtension>
            <ns3:hr>94</ns3:hr>
            <ns3:cad>0</ns3:cad>
          </ns3:TrackPointExtension>
        </extensions>
      </trkpt>
      <trkpt lat="31.27846132032573223114013671875" lon="121.47681369446218013763427734375">
        <ele>7.599999904632568359375</ele>
        <time>2026-09-09T09:07:20.000Z</time>
        <extensions>
          <ns3:TrackPointExtension>
            <ns3:hr>94</ns3:hr>
            <ns3:cad>0</ns3:cad>
          </ns3:TrackPointExtension>
        </extensions>
      </trkpt>
      <trkpt lat="31.278457380831241607666015625" lon="121.47680229507386684417724609375">
        <ele>7.80000019073486328125</ele>
        <time>2026-09-09T09:07:21.000Z</time>
        <extensions>
          <ns3:TrackPointExtension>
            <ns3:hr>95</ns3:hr>
            <ns3:cad>0</ns3:cad>
          </ns3:TrackPointExtension>
        </extensions>
      </trkpt>
      <trkpt lat="31.278450675308704376220703125" lon="121.476787626743316650390625">
        <ele>7.80000019073486328125</ele>
        <time>2026-09-09T09:07:22.000Z</time>
        <extensions>
          <ns3:TrackPointExtension>
            <ns3:hr>95</ns3:hr>
            <ns3:cad>50</ns3:cad>
          </ns3:TrackPointExtension>
        </extensions>
      </trkpt>
      <trkpt lat="31.2784404493868350982666015625" lon="121.4767653308808803558349609375">
        <ele>8.19999980926513671875</ele>
        <time>2026-09-09T09:07:23.000Z</time>
        <extensions>
          <ns3:TrackPointExtension>
            <ns3:hr>95</ns3:hr>
            <ns3:cad>50</ns3:cad>
          </ns3:TrackPointExtension>
        </extensions>
      </trkpt>
      <trkpt lat="31.278434582054615020751953125" lon="121.47675300948321819305419921875">
        <ele>8.19999980926513671875</ele>
        <time>2026-09-09T09:07:24.000Z</time>
        <extensions>
          <ns3:TrackPointExtension>
            <ns3:hr>94</ns3:hr>
            <ns3:cad>50</ns3:cad>
          </ns3:TrackPointExtension>
        </extensions>
      </trkpt>
      <trkpt lat="31.2784313969314098358154296875" lon="121.47674747742712497711181640625">
        <ele>8.3999996185302734375</ele>
        <time>2026-09-09T09:07:25.000Z</time>
        <extensions>
          <ns3:TrackPointExtension>
            <ns3:hr>94</ns3:hr>
            <ns3:cad>50</ns3:cad>
          </ns3:TrackPointExtension>
        </extensions>
      </trkpt>
      <trkpt lat="31.27842645160853862762451171875" lon="121.476739011704921722412109375">
        <ele>8.3999996185302734375</ele>
        <time>2026-09-09T09:07:26.000Z</time>
        <extensions>
          <ns3:TrackPointExtension>
            <ns3:hr>94</ns3:hr>
            <ns3:cad>50</ns3:cad>
          </ns3:TrackPointExtension>
        </extensions>
      </trkpt>
      <trkpt lat="31.27841949462890625" lon="121.47672702558338642120361328125">
        <ele>8.6000003814697265625</ele>
        <time>2026-09-09T09:07:27.000Z</time>
        <extensions>
          <ns3:TrackPointExtension>
            <ns3:hr>94</ns3:hr>
            <ns3:cad>0</ns3:cad>
          </ns3:TrackPointExtension>
        </extensions>
      </trkpt>
      <trkpt lat="31.278417147696018218994140625" lon="121.4767230860888957977294921875">
        <ele>8.6000003814697265625</ele>
        <time>2026-09-09T09:07:28.000Z</time>
        <extensions>
          <ns3:TrackPointExtension>
            <ns3:hr>94</ns3:hr>
            <ns3:cad>0</ns3:cad>
          </ns3:TrackPointExtension>
        </extensions>
      </trkpt>
      <trkpt lat="31.27841421402990818023681640625" lon="121.4767180569469928741455078125">
        <ele>8.6000003814697265625</ele>
        <time>2026-09-09T09:07:29.000Z</time>
        <extensions>
          <ns3:TrackPointExtension>
            <ns3:hr>94</ns3:hr>
            <ns3:cad>49</ns3:cad>
          </ns3:TrackPointExtension>
        </extensions>
      </trkpt>
      <trkpt lat="31.27841153182089328765869140625" lon="121.4767133630812168121337890625">
        <ele>8.6000003814697265625</ele>
        <time>2026-09-09T09:07:30.000Z</time>
        <extensions>
          <ns3:TrackPointExtension>
            <ns3:hr>94</ns3:hr>
            <ns3:cad>49</ns3:cad>
          </ns3:TrackPointExtension>
        </extensions>
      </trkpt>
      <trkpt lat="31.278407759964466094970703125" lon="121.476707495748996734619140625">
        <ele>8.80000019073486328125</ele>
        <time>2026-09-09T09:07:31.000Z</time>
        <extensions>
          <ns3:TrackPointExtension>
            <ns3:hr>92</ns3:hr>
            <ns3:cad>49</ns3:cad>
          </ns3:TrackPointExtension>
        </extensions>
      </trkpt>
      <trkpt lat="31.27840164117515087127685546875" lon="121.4766989462077617645263671875">
        <ele>8.80000019073486328125</ele>
        <time>2026-09-09T09:07:32.000Z</time>
        <extensions>
          <ns3:TrackPointExtension>
            <ns3:hr>92</ns3:hr>
            <ns3:cad>50</ns3:cad>
          </ns3:TrackPointExtension>
        </extensions>
      </trkpt>
      <trkpt lat="31.2783971987664699554443359375" lon="121.47669282741844654083251953125">
        <ele>9</ele>
        <time>2026-09-09T09:07:33.000Z</time>
        <extensions>
          <ns3:TrackPointExtension>
            <ns3:hr>90</ns3:hr>
            <ns3:cad>50</ns3:cad>
          </ns3:TrackPointExtension>
        </extensions>
      </trkpt>
      <trkpt lat="31.27838797867298126220703125" lon="121.4766801707446575164794921875">
        <ele>9</ele>
        <time>2026-09-09T09:07:34.000Z</time>
        <extensions>
          <ns3:TrackPointExtension>
            <ns3:hr>90</ns3:hr>
            <ns3:cad>0</ns3:cad>
          </ns3:TrackPointExtension>
        </extensions>
      </trkpt>
      <trkpt lat="31.278384625911712646484375" lon="121.4766754768788814544677734375">
        <ele>9</ele>
        <time>2026-09-09T09:07:35.000Z</time>
        <extensions>
          <ns3:TrackPointExtension>
            <ns3:hr>90</ns3:hr>
            <ns3:cad>0</ns3:cad>
          </ns3:TrackPointExtension>
        </extensions>
      </trkpt>
      <trkpt lat="31.27838194370269775390625" lon="121.47667170502245426177978515625">
        <ele>9.19999980926513671875</ele>
        <time>2026-09-09T09:07:36.000Z</time>
        <extensions>
          <ns3:TrackPointExtension>
            <ns3:hr>91</ns3:hr>
            <ns3:cad>0</ns3:cad>
          </ns3:TrackPointExtension>
        </extensions>
      </trkpt>
      <trkpt lat="31.278374902904033660888671875" lon="121.476663239300251007080078125">
        <ele>9.19999980926513671875</ele>
        <time>2026-09-09T09:07:37.000Z</time>
        <extensions>
          <ns3:TrackPointExtension>
            <ns3:hr>91</ns3:hr>
            <ns3:cad>0</ns3:cad>
          </ns3:TrackPointExtension>
        </extensions>
      </trkpt>
      <trkpt lat="31.27835520543158054351806640625" lon="121.4766412787139415740966796875">
        <ele>9.3999996185302734375</ele>
        <time>2026-09-09T09:07:38.000Z</time>
        <extensions>
          <ns3:TrackPointExtension>
            <ns3:hr>91</ns3:hr>
            <ns3:cad>0</ns3:cad>
          </ns3:TrackPointExtension>
        </extensions>
      </trkpt>
      <trkpt lat="31.278335340321063995361328125" lon="121.476621329784393310546875">
        <ele>9.6000003814697265625</ele>
        <time>2026-09-09T09:07:39.000Z</time>
        <extensions>
          <ns3:TrackPointExtension>
            <ns3:hr>91</ns3:hr>
            <ns3:cad>0</ns3:cad>
          </ns3:TrackPointExtension>
        </extensions>
      </trkpt>
      <trkpt lat="31.2782821990549564361572265625" lon="121.4765782468020915985107421875">
        <ele>10.19999980926513671875</ele>
        <time>2026-09-09T09:07:40.000Z</time>
        <extensions>
          <ns3:TrackPointExtension>
            <ns3:hr>91</ns3:hr>
            <ns3:cad>92</ns3:cad>
          </ns3:TrackPointExtension>
        </extensions>
      </trkpt>
      <trkpt lat="31.27824456430971622467041015625" lon="121.4765551127493381500244140625">
        <ele>10.80000019073486328125</ele>
        <time>2026-09-09T09:07:41.000Z</time>
        <extensions>
          <ns3:TrackPointExtension>
            <ns3:hr>92</ns3:hr>
            <ns3:cad>92</ns3:cad>
          </ns3:TrackPointExtension>
        </extensions>
      </trkpt>
      <trkpt lat="31.27820399589836597442626953125" lon="121.47653407417237758636474609375">
        <ele>11</ele>
        <time>2026-09-09T09:07:42.000Z</time>
        <extensions>
          <ns3:TrackPointExtension>
            <ns3:hr>92</ns3:hr>
            <ns3:cad>91</ns3:cad>
          </ns3:TrackPointExtension>
        </extensions>
      </trkpt>
      <trkpt lat="31.2781708873808383941650390625" lon="121.4765178970992565155029296875">
        <ele>10.80000019073486328125</ele>
        <time>2026-09-09T09:07:43.000Z</time>
        <extensions>
          <ns3:TrackPointExtension>
            <ns3:hr>93</ns3:hr>
            <ns3:cad>91</ns3:cad>
          </ns3:TrackPointExtension>
        </extensions>
      </trkpt>
      <trkpt lat="31.27813911996781826019287109375" lon="121.476502306759357452392578125">
        <ele>10.6000003814697265625</ele>
        <time>2026-09-09T09:07:44.000Z</time>
        <extensions>
          <ns3:TrackPointExtension>
            <ns3:hr>93</ns3:hr>
            <ns3:cad>92</ns3:cad>
          </ns3:TrackPointExtension>
        </extensions>
      </trkpt>
      <trkpt lat="31.2781045027077198028564453125" lon="121.47648529149591922760009765625">
        <ele>10.3999996185302734375</ele>
        <time>2026-09-09T09:07:45.000Z</time>
        <extensions>
          <ns3:TrackPointExtension>
            <ns3:hr>99</ns3:hr>
            <ns3:cad>92</ns3:cad>
          </ns3:TrackPointExtension>
        </extensions>
      </trkpt>
      <trkpt lat="31.27807189710438251495361328125" lon="121.4764692820608615875244140625">
        <ele>10.3999996185302734375</ele>
        <time>2026-09-09T09:07:46.000Z</time>
        <extensions>
          <ns3:TrackPointExtension>
            <ns3:hr>99</ns3:hr>
            <ns3:cad>92</ns3:cad>
          </ns3:TrackPointExtension>
        </extensions>
      </trkpt>
      <trkpt lat="31.27803836949169635772705078125" lon="121.4764528535306453704833984375">
        <ele>10.19999980926513671875</ele>
        <time>2026-09-09T09:07:47.000Z</time>
        <extensions>
          <ns3:TrackPointExtension>
            <ns3:hr>104</ns3:hr>
            <ns3:cad>92</ns3:cad>
          </ns3:TrackPointExtension>
        </extensions>
      </trkpt>
      <trkpt lat="31.27800643444061279296875" lon="121.47643717937171459197998046875">
        <ele>10.19999980926513671875</ele>
        <time>2026-09-09T09:07:48.000Z</time>
        <extensions>
          <ns3:TrackPointExtension>
            <ns3:hr>106</ns3:hr>
            <ns3:cad>92</ns3:cad>
          </ns3:TrackPointExtension>
        </extensions>
      </trkpt>
      <trkpt lat="31.277973912656307220458984375" lon="121.47642125375568866729736328125">
        <ele>10.19999980926513671875</ele>
        <time>2026-09-09T09:07:49.000Z</time>
        <extensions>
          <ns3:TrackPointExtension>
            <ns3:hr>106</ns3:hr>
            <ns3:cad>92</ns3:cad>
          </ns3:TrackPointExtension>
        </extensions>
      </trkpt>
      <trkpt lat="31.27794315107166767120361328125" lon="121.47640616632997989654541015625">
        <ele>10</ele>
        <time>2026-09-09T09:07:50.000Z</time>
        <extensions>
          <ns3:TrackPointExtension>
            <ns3:hr>110</ns3:hr>
            <ns3:cad>92</ns3:cad>
          </ns3:TrackPointExtension>
        </extensions>
      </trkpt>
      <trkpt lat="31.27790945582091808319091796875" lon="121.47638957016170024871826171875">
        <ele>10</ele>
        <time>2026-09-09T09:07:51.000Z</time>
        <extensions>
          <ns3:TrackPointExtension>
            <ns3:hr>110</ns3:hr>
            <ns3:cad>92</ns3:cad>
          </ns3:TrackPointExtension>
        </extensions>
      </trkpt>
      <trkpt lat="31.27787978388369083404541015625" lon="121.47637498565018177032470703125">
        <ele>10.19999980926513671875</ele>
        <time>2026-09-09T09:07:52.000Z</time>
        <extensions>
          <ns3:TrackPointExtension>
            <ns3:hr>112</ns3:hr>
            <ns3:cad>92</ns3:cad>
          </ns3:TrackPointExtension>
        </extensions>
      </trkpt>
      <trkpt lat="31.2778486870229244232177734375" lon="121.47635973058640956878662109375">
        <ele>10.19999980926513671875</ele>
        <time>2026-09-09T09:07:53.000Z</time>
        <extensions>
          <ns3:TrackPointExtension>
            <ns3:hr>116</ns3:hr>
            <ns3:cad>92</ns3:cad>
          </ns3:TrackPointExtension>
        </extensions>
      </trkpt>
      <trkpt lat="31.27781826071441173553466796875" lon="121.47634481079876422882080078125">
        <ele>10.19999980926513671875</ele>
        <time>2026-09-09T09:07:54.000Z</time>
        <extensions>
          <ns3:TrackPointExtension>
            <ns3:hr>118</ns3:hr>
            <ns3:cad>92</ns3:cad>
          </ns3:TrackPointExtension>
        </extensions>
      </trkpt>
      <trkpt lat="31.2777863256633281707763671875" lon="121.4763291366398334503173828125">
        <ele>10.19999980926513671875</ele>
        <time>2026-09-09T09:07:55.000Z</time>
        <extensions>
          <ns3:TrackPointExtension>
            <ns3:hr>118</ns3:hr>
            <ns3:cad>92</ns3:cad>
          </ns3:TrackPointExtension>
        </extensions>
      </trkpt>
      <trkpt lat="31.2777558155357837677001953125" lon="121.4763142168521881103515625">
        <ele>10.3999996185302734375</ele>
        <time>2026-09-09T09:07:56.000Z</time>
        <extensions>
          <ns3:TrackPointExtension>
            <ns3:hr>121</ns3:hr>
            <ns3:cad>91</ns3:cad>
          </ns3:TrackPointExtension>
        </extensions>
      </trkpt>
      <trkpt lat="31.2777219526469707489013671875" lon="121.4762976206839084625244140625">
        <ele>10.19999980926513671875</ele>
        <time>2026-09-09T09:07:57.000Z</time>
        <extensions>
          <ns3:TrackPointExtension>
            <ns3:hr>121</ns3:hr>
            <ns3:cad>91</ns3:cad>
          </ns3:TrackPointExtension>
        </extensions>
      </trkpt>
      <trkpt lat="31.27768917940557003021240234375" lon="121.47628379054367542266845703125">
        <ele>10.19999980926513671875</ele>
        <time>2026-09-09T09:07:58.000Z</time>
        <extensions>
          <ns3:TrackPointExtension>
            <ns3:hr>122</ns3:hr>
            <ns3:cad>91</ns3:cad>
          </ns3:TrackPointExtension>
        </extensions>
      </trkpt>
      <trkpt lat="31.2776535563170909881591796875" lon="121.4762721396982669830322265625">
        <ele>10.19999980926513671875</ele>
        <time>2026-09-09T09:07:59.000Z</time>
        <extensions>
          <ns3:TrackPointExtension>
            <ns3:hr>124</ns3:hr>
            <ns3:cad>91</ns3:cad>
          </ns3:TrackPointExtension>
        </extensions>
      </trkpt>
      <trkpt lat="31.277622878551483154296875" lon="121.47626467980444431304931640625">
        <ele>10</ele>
        <time>2026-09-09T09:08:00.000Z</time>
        <extensions>
          <ns3:TrackPointExtension>
            <ns3:hr>124</ns3:hr>
            <ns3:cad>91</ns3:cad>
          </ns3:TrackPointExtension>
        </extensions>
      </trkpt>
      <trkpt lat="31.27758557908236980438232421875" lon="121.47625898011028766632080078125">
        <ele>9.80000019073486328125</ele>
        <time>2026-09-09T09:08:01.000Z</time>
        <extensions>
          <ns3:TrackPointExtension>
            <ns3:hr>126</ns3:hr>
            <ns3:cad>91</ns3:cad>
          </ns3:TrackPointExtension>
        </extensions>
      </trkpt>
      <trkpt lat="31.27755221910774707794189453125" lon="121.47625780664384365081787109375">
        <ele>9.3999996185302734375</ele>
        <time>2026-09-09T09:08:02.000Z</time>
        <extensions>
          <ns3:TrackPointExtension>
            <ns3:hr>128</ns3:hr>
            <ns3:cad>91</ns3:cad>
          </ns3:TrackPointExtension>
        </extensions>
      </trkpt>
      <trkpt lat="31.2775170989334583282470703125" lon="121.47625948302447795867919921875">
        <ele>9</ele>
        <time>2026-09-09T09:08:03.000Z</time>
        <extensions>
          <ns3:TrackPointExtension>
            <ns3:hr>128</ns3:hr>
            <ns3:cad>90</ns3:cad>
          </ns3:TrackPointExtension>
        </extensions>
      </trkpt>
      <trkpt lat="31.27748717553913593292236328125" lon="121.47626317106187343597412109375">
        <ele>8.80000019073486328125</ele>
        <time>2026-09-09T09:08:04.000Z</time>
        <extensions>
          <ns3:TrackPointExtension>
            <ns3:hr>130</ns3:hr>
            <ns3:cad>90</ns3:cad>
          </ns3:TrackPointExtension>
        </extensions>
      </trkpt>
      <trkpt lat="31.277452893555164337158203125" lon="121.47627037949860095977783203125">
        <ele>8.19999980926513671875</ele>
        <time>2026-09-09T09:08:05.000Z</time>
        <extensions>
          <ns3:TrackPointExtension>
            <ns3:hr>131</ns3:hr>
            <ns3:cad>90</ns3:cad>
          </ns3:TrackPointExtension>
        </extensions>
      </trkpt>
      <trkpt lat="31.2774230539798736572265625" lon="121.47628027014434337615966796875">
        <ele>7.80000019073486328125</ele>
        <time>2026-09-09T09:08:06.000Z</time>
        <extensions>
          <ns3:TrackPointExtension>
            <ns3:hr>131</ns3:hr>
            <ns3:cad>90</ns3:cad>
          </ns3:TrackPointExtension>
        </extensions>
      </trkpt>
      <trkpt lat="31.27739078365266323089599609375" lon="121.47629334591329097747802734375">
        <ele>7.400000095367431640625</ele>
        <time>2026-09-09T09:08:07.000Z</time>
        <extensions>
          <ns3:TrackPointExtension>
            <ns3:hr>133</ns3:hr>
            <ns3:cad>90</ns3:cad>
          </ns3:TrackPointExtension>
        </extensions>
      </trkpt>
      <trkpt lat="31.2773611955344676971435546875" lon="121.476307846605777740478515625">
        <ele>7.19999980926513671875</ele>
        <time>2026-09-09T09:08:08.000Z</time>
        <extensions>
          <ns3:TrackPointExtension>
            <ns3:hr>134</ns3:hr>
            <ns3:cad>90</ns3:cad>
          </ns3:TrackPointExtension>
        </extensions>
      </trkpt>
      <trkpt lat="31.27733076922595500946044921875" lon="121.47632695734500885009765625">
        <ele>7.19999980926513671875</ele>
        <time>2026-09-09T09:08:09.000Z</time>
        <extensions>
          <ns3:TrackPointExtension>
            <ns3:hr>134</ns3:hr>
            <ns3:cad>90</ns3:cad>
          </ns3:TrackPointExtension>
        </extensions>
      </trkpt>
      <trkpt lat="31.2773065455257892608642578125" lon="121.4763448946177959442138671875">
        <ele>7.400000095367431640625</ele>
        <time>2026-09-09T09:08:10.000Z</time>
        <extensions>
          <ns3:TrackPointExtension>
            <ns3:hr>135</ns3:hr>
            <ns3:cad>90</ns3:cad>
          </ns3:TrackPointExtension>
        </extensions>
      </trkpt>
      <trkpt lat="31.27727846615016460418701171875" lon="121.4763683639466762542724609375">
        <ele>7.599999904632568359375</ele>
        <time>2026-09-09T09:08:11.000Z</time>
        <extensions>
          <ns3:TrackPointExtension>
            <ns3:hr>136</ns3:hr>
            <ns3:cad>90</ns3:cad>
          </ns3:TrackPointExtension>
        </extensions>
      </trkpt>
      <trkpt lat="31.27725382335484027862548828125" lon="121.4763928391039371490478515625">
        <ele>7.599999904632568359375</ele>
        <time>2026-09-09T09:08:12.000Z</time>
        <extensions>
          <ns3:TrackPointExtension>
            <ns3:hr>136</ns3:hr>
            <ns3:cad>89</ns3:cad>
          </ns3:TrackPointExtension>
        </extensions>
      </trkpt>
      <trkpt lat="31.2772321142256259918212890625" lon="121.4764183200895786285400390625">
        <ele>7.599999904632568359375</ele>
        <time>2026-09-09T09:08:13.000Z</time>
        <extensions>
          <ns3:TrackPointExtension>
            <ns3:hr>139</ns3:hr>
            <ns3:cad>89</ns3:cad>
          </ns3:TrackPointExtension>
        </extensions>
      </trkpt>
      <trkpt lat="31.27721224911510944366455078125" lon="121.47644405253231525421142578125">
        <ele>7.80000019073486328125</ele>
        <time>2026-09-09T09:08:14.000Z</time>
        <extensions>
          <ns3:TrackPointExtension>
            <ns3:hr>139</ns3:hr>
            <ns3:cad>89</ns3:cad>
          </ns3:TrackPointExtension>
        </extensions>
      </trkpt>
      <trkpt lat="31.27718978561460971832275390625" lon="121.4764779992401599884033203125">
        <ele>7.80000019073486328125</ele>
        <time>2026-09-09T09:08:15.000Z</time>
        <extensions>
          <ns3:TrackPointExtension>
            <ns3:hr>140</ns3:hr>
            <ns3:cad>90</ns3:cad>
          </ns3:TrackPointExtension>
        </extensions>
      </trkpt>
      <trkpt lat="31.277167908847332000732421875" lon="121.47651915438473224639892578125">
        <ele>7.80000019073486328125</ele>
        <time>2026-09-09T09:08:16.000Z</time>
        <extensions>
          <ns3:TrackPointExtension>
            <ns3:hr>141</ns3:hr>
            <ns3:cad>90</ns3:cad>
          </ns3:TrackPointExtension>
        </extensions>
      </trkpt>
      <trkpt lat="31.27714720554649829864501953125" lon="121.47656776942312717437744140625">
        <ele>7.80000019073486328125</ele>
        <time>2026-09-09T09:08:17.000Z</time>
        <extensions>
          <ns3:TrackPointExtension>
            <ns3:hr>141</ns3:hr>
            <ns3:cad>89</ns3:cad>
          </ns3:TrackPointExtension>
        </extensions>
      </trkpt>
      <trkpt lat="31.2771305255591869354248046875" lon="121.4766201563179492950439453125">
        <ele>7.80000019073486328125</ele>
        <time>2026-09-09T09:08:18.000Z</time>
        <extensions>
          <ns3:TrackPointExtension>
            <ns3:hr>142</ns3:hr>
            <ns3:cad>89</ns3:cad>
          </ns3:TrackPointExtension>
        </extensions>
      </trkpt>
      <trkpt lat="31.27711837179958820343017578125" lon="121.4766764827072620391845703125">
        <ele>7.400000095367431640625</ele>
        <time>2026-09-09T09:08:19.000Z</time>
        <extensions>
          <ns3:TrackPointExtension>
            <ns3:hr>143</ns3:hr>
            <ns3:cad>89</ns3:cad>
          </ns3:TrackPointExtension>
        </extensions>
      </trkpt>
      <trkpt lat="31.2771127559244632720947265625" lon="121.4767247624695301055908203125">
        <ele>7</ele>
        <time>2026-09-09T09:08:20.000Z</time>
        <extensions>
          <ns3:TrackPointExtension>
            <ns3:hr>143</ns3:hr>
            <ns3:cad>89</ns3:cad>
          </ns3:TrackPointExtension>
        </extensions>
      </trkpt>
      <trkpt lat="31.27711133100092411041259765625" lon="121.4767626486718654632568359375">
        <ele>6.80000019073486328125</ele>
        <time>2026-09-09T09:08:21.000Z</time>
        <extensions>
          <ns3:TrackPointExtension>
            <ns3:hr>144</ns3:hr>
            <ns3:cad>89</ns3:cad>
          </ns3:TrackPointExtension>
        </extensions>
      </trkpt>
      <trkpt lat="31.27711166627705097198486328125" lon="121.47679810412228107452392578125">
        <ele>6.599999904632568359375</ele>
        <time>2026-09-09T09:08:22.000Z</time>
        <extensions>
          <ns3:TrackPointExtension>
            <ns3:hr>144</ns3:hr>
            <ns3:cad>89</ns3:cad>
          </ns3:TrackPointExtension>
        </extensions>
      </trkpt>
      <trkpt lat="31.27711384557187557220458984375" lon="121.47683330811560153961181640625">
        <ele>6.19999980926513671875</ele>
        <time>2026-09-09T09:08:23.000Z</time>
        <extensions>
          <ns3:TrackPointExtension>
            <ns3:hr>144</ns3:hr>
            <ns3:cad>89</ns3:cad>
          </ns3:TrackPointExtension>
        </extensions>
      </trkpt>
      <trkpt lat="31.27711954526603221893310546875" lon="121.47687270306050777435302734375">
        <ele>6</ele>
        <time>2026-09-09T09:08:24.000Z</time>
        <extensions>
          <ns3:TrackPointExtension>
            <ns3:hr>146</ns3:hr>
            <ns3:cad>89</ns3:cad>
          </ns3:TrackPointExtension>
        </extensions>
      </trkpt>
      <trkpt lat="31.27712734043598175048828125" lon="121.47691092453896999359130859375">
        <ele>6.19999980926513671875</ele>
        <time>2026-09-09T09:08:25.000Z</time>
        <extensions>
          <ns3:TrackPointExtension>
            <ns3:hr>146</ns3:hr>
            <ns3:cad>89</ns3:cad>
          </ns3:TrackPointExtension>
        </extensions>
      </trkpt>
      <trkpt lat="31.27713832072913646697998046875" lon="121.4769514091312885284423828125">
        <ele>6.400000095367431640625</ele>
        <time>2026-09-09T09:08:26.000Z</time>
        <extensions>
          <ns3:TrackPointExtension>
            <ns3:hr>146</ns3:hr>
            <ns3:cad>89</ns3:cad>
          </ns3:TrackPointExtension>
        </extensions>
      </trkpt>
      <trkpt lat="31.27715148031711578369140625" lon="121.47698904387652873992919921875">
        <ele>6.599999904632568359375</ele>
        <time>2026-09-09T09:08:27.000Z</time>
        <extensions>
          <ns3:TrackPointExtension>
            <ns3:hr>147</ns3:hr>
            <ns3:cad>89</ns3:cad>
          </ns3:TrackPointExtension>
        </extensions>
      </trkpt>
      <trkpt lat="31.27716648392379283905029296875" lon="121.47702240385115146636962890625">
        <ele>6.80000019073486328125</ele>
        <time>2026-09-09T09:08:28.000Z</time>
        <extensions>
          <ns3:TrackPointExtension>
            <ns3:hr>148</ns3:hr>
            <ns3:cad>89</ns3:cad>
          </ns3:TrackPointExtension>
        </extensions>
      </trkpt>
      <trkpt lat="31.2771856784820556640625" lon="121.47705928422510623931884765625">
        <ele>7</ele>
        <time>2026-09-09T09:08:29.000Z</time>
        <extensions>
          <ns3:TrackPointExtension>
            <ns3:hr>148</ns3:hr>
            <ns3:cad>89</ns3:cad>
          </ns3:TrackPointExtension>
        </extensions>
      </trkpt>
      <trkpt lat="31.2772073037922382354736328125" lon="121.47709398530423641204833984375">
        <ele>7.19999980926513671875</ele>
        <time>2026-09-09T09:08:30.000Z</time>
        <extensions>
          <ns3:TrackPointExtension>
            <ns3:hr>148</ns3:hr>
            <ns3:cad>89</ns3:cad>
          </ns3:TrackPointExtension>
        </extensions>
      </trkpt>
      <trkpt lat="31.2772284261882305145263671875" lon="121.477123238146305084228515625">
        <ele>7.400000095367431640625</ele>
        <time>2026-09-09T09:08:31.000Z</time>
        <extensions>
          <ns3:TrackPointExtension>
            <ns3:hr>148</ns3:hr>
            <ns3:cad>89</ns3:cad>
          </ns3:TrackPointExtension>
        </extensions>
      </trkpt>
      <trkpt lat="31.27725399099290370941162109375" lon="121.47715232335031032562255859375">
        <ele>7.400000095367431640625</ele>
        <time>2026-09-09T09:08:32.000Z</time>
        <extensions>
          <ns3:TrackPointExtension>
            <ns3:hr>148</ns3:hr>
            <ns3:cad>89</ns3:cad>
          </ns3:TrackPointExtension>
        </extensions>
      </trkpt>
      <trkpt lat="31.2772824056446552276611328125" lon="121.47718015126883983612060546875">
        <ele>7.599999904632568359375</ele>
        <time>2026-09-09T09:08:33.000Z</time>
        <extensions>
          <ns3:TrackPointExtension>
            <ns3:hr>148</ns3:hr>
            <ns3:cad>89</ns3:cad>
          </ns3:TrackPointExtension>
        </extensions>
      </trkpt>
      <trkpt lat="31.277311407029628753662109375" lon="121.477204374969005584716796875">
        <ele>7.80000019073486328125</ele>
        <time>2026-09-09T09:08:34.000Z</time>
        <extensions>
          <ns3:TrackPointExtension>
            <ns3:hr>148</ns3:hr>
            <ns3:cad>90</ns3:cad>
          </ns3:TrackPointExtension>
        </extensions>
      </trkpt>
      <trkpt lat="31.2773425877094268798828125" lon="121.47722641937434673309326171875">
        <ele>8</ele>
        <time>2026-09-09T09:08:35.000Z</time>
        <extensions>
          <ns3:TrackPointExtension>
            <ns3:hr>148</ns3:hr>
            <ns3:cad>90</ns3:cad>
          </ns3:TrackPointExtension>
        </extensions>
      </trkpt>
      <trkpt lat="31.27737670205533504486083984375" lon="121.47724569775164127349853515625">
        <ele>8</ele>
        <time>2026-09-09T09:08:36.000Z</time>
        <extensions>
          <ns3:TrackPointExtension>
            <ns3:hr>148</ns3:hr>
            <ns3:cad>90</ns3:cad>
          </ns3:TrackPointExtension>
        </extensions>
      </trkpt>
      <trkpt lat="31.27740763127803802490234375" lon="121.47726112045347690582275390625">
        <ele>8</ele>
        <time>2026-09-09T09:08:37.000Z</time>
        <extensions>
          <ns3:TrackPointExtension>
            <ns3:hr>148</ns3:hr>
            <ns3:cad>91</ns3:cad>
          </ns3:TrackPointExtension>
        </extensions>
      </trkpt>
      <trkpt lat="31.277440823614597320556640625" lon="121.477277465164661407470703125">
        <ele>8</ele>
        <time>2026-09-09T09:08:38.000Z</time>
        <extensions>
          <ns3:TrackPointExtension>
            <ns3:hr>148</ns3:hr>
            <ns3:cad>91</ns3:cad>
          </ns3:TrackPointExtension>
        </extensions>
      </trkpt>
      <trkpt lat="31.2774704955518245697021484375" lon="121.47729196585714817047119140625">
        <ele>7.80000019073486328125</ele>
        <time>2026-09-09T09:08:39.000Z</time>
        <extensions>
          <ns3:TrackPointExtension>
            <ns3:hr>147</ns3:hr>
            <ns3:cad>91</ns3:cad>
          </ns3:TrackPointExtension>
        </extensions>
      </trkpt>
      <trkpt lat="31.27750779502093791961669921875" lon="121.477310322225093841552734375">
        <ele>7.80000019073486328125</ele>
        <time>2026-09-09T09:08:40.000Z</time>
        <extensions>
          <ns3:TrackPointExtension>
            <ns3:hr>147</ns3:hr>
            <ns3:cad>90</ns3:cad>
          </ns3:TrackPointExtension>
        </extensions>
      </trkpt>
      <trkpt lat="31.277542077004909515380859375" lon="121.47732716985046863555908203125">
        <ele>7.80000019073486328125</ele>
        <time>2026-09-09T09:08:41.000Z</time>
        <extensions>
          <ns3:TrackPointExtension>
            <ns3:hr>146</ns3:hr>
            <ns3:cad>90</ns3:cad>
          </ns3:TrackPointExtension>
        </extensions>
      </trkpt>
      <trkpt lat="31.27757820300757884979248046875" lon="121.47734485566616058349609375">
        <ele>7.80000019073486328125</ele>
        <time>2026-09-09T09:08:42.000Z</time>
        <extensions>
          <ns3:TrackPointExtension>
            <ns3:hr>146</ns3:hr>
            <ns3:cad>90</ns3:cad>
          </ns3:TrackPointExtension>
        </extensions>
      </trkpt>
      <trkpt lat="31.2776081264019012451171875" lon="121.47735952399671077728271484375">
        <ele>7.80000019073486328125</ele>
        <time>2026-09-09T09:08:43.000Z</time>
        <extensions>
          <ns3:TrackPointExtension>
            <ns3:hr>146</ns3:hr>
            <ns3:cad>89</ns3:cad>
          </ns3:TrackPointExtension>
        </extensions>
      </trkpt>
      <trkpt lat="31.277641989290714263916015625" lon="121.47737612016499042510986328125">
        <ele>8</ele>
        <time>2026-09-09T09:08:44.000Z</time>
        <extensions>
          <ns3:TrackPointExtension>
            <ns3:hr>145</ns3:hr>
            <ns3:cad>89</ns3:cad>
          </ns3:TrackPointExtension>
        </extensions>
      </trkpt>
      <trkpt lat="31.2776713259518146514892578125" lon="121.47739053703844547271728515625">
        <ele>8.19999980926513671875</ele>
        <time>2026-09-09T09:08:45.000Z</time>
        <extensions>
          <ns3:TrackPointExtension>
            <ns3:hr>145</ns3:hr>
            <ns3:cad>89</ns3:cad>
          </ns3:TrackPointExtension>
        </extensions>
      </trkpt>
      <trkpt lat="31.27770409919321537017822265625" lon="121.47740663029253482818603515625">
        <ele>8</ele>
        <time>2026-09-09T09:08:46.000Z</time>
        <extensions>
          <ns3:TrackPointExtension>
            <ns3:hr>145</ns3:hr>
            <ns3:cad>89</ns3:cad>
          </ns3:TrackPointExtension>
        </extensions>
      </trkpt>
      <trkpt lat="31.27773460932075977325439453125" lon="121.477421633899211883544921875">
        <ele>8</ele>
        <time>2026-09-09T09:08:47.000Z</time>
        <extensions>
          <ns3:TrackPointExtension>
            <ns3:hr>147</ns3:hr>
            <ns3:cad>89</ns3:cad>
          </ns3:TrackPointExtension>
        </extensions>
      </trkpt>
      <trkpt lat="31.277769394218921661376953125" lon="121.47743864916265010833740234375">
        <ele>8</ele>
        <time>2026-09-09T09:08:48.000Z</time>
        <extensions>
          <ns3:TrackPointExtension>
            <ns3:hr>146</ns3:hr>
            <ns3:cad>89</ns3:cad>
          </ns3:TrackPointExtension>
        </extensions>
      </trkpt>
      <trkpt lat="31.27779646776616573333740234375" lon="121.4774519763886928558349609375">
        <ele>8</ele>
        <time>2026-09-09T09:08:49.000Z</time>
        <extensions>
          <ns3:TrackPointExtension>
            <ns3:hr>146</ns3:hr>
            <ns3:cad>89</ns3:cad>
          </ns3:TrackPointExtension>
        </extensions>
      </trkpt>
      <trkpt lat="31.2778255529701709747314453125" lon="121.47746622562408447265625">
        <ele>8</ele>
        <time>2026-09-09T09:08:50.000Z</time>
        <extensions>
          <ns3:TrackPointExtension>
            <ns3:hr>146</ns3:hr>
            <ns3:cad>89</ns3:cad>
          </ns3:TrackPointExtension>
        </extensions>
      </trkpt>
      <trkpt lat="31.27785547636449337005615234375" lon="121.47748089395463466644287109375">
        <ele>8</ele>
        <time>2026-09-09T09:08:51.000Z</time>
        <extensions>
          <ns3:TrackPointExtension>
            <ns3:hr>146</ns3:hr>
            <ns3:cad>89</ns3:cad>
          </ns3:TrackPointExtension>
        </extensions>
      </trkpt>
      <trkpt lat="31.27788749523460865020751953125" lon="121.47749665193259716033935546875">
        <ele>8</ele>
        <time>2026-09-09T09:08:52.000Z</time>
        <extensions>
          <ns3:TrackPointExtension>
            <ns3:hr>146</ns3:hr>
            <ns3:cad>89</ns3:cad>
          </ns3:TrackPointExtension>
        </extensions>
      </trkpt>
      <trkpt lat="31.2779154069721698760986328125" lon="121.47750838659703731536865234375">
        <ele>8</ele>
        <time>2026-09-09T09:08:53.000Z</time>
        <extensions>
          <ns3:TrackPointExtension>
            <ns3:hr>144</ns3:hr>
            <ns3:cad>89</ns3:cad>
          </ns3:TrackPointExtension>
        </extensions>
      </trkpt>
      <trkpt lat="31.27796008251607418060302734375" lon="121.4775233902037143707275390625">
        <ele>8.19999980926513671875</ele>
        <time>2026-09-09T09:08:54.000Z</time>
        <extensions>
          <ns3:TrackPointExtension>
            <ns3:hr>145</ns3:hr>
            <ns3:cad>89</ns3:cad>
          </ns3:TrackPointExtension>
        </extensions>
      </trkpt>
      <trkpt lat="31.27798556350171566009521484375" lon="121.477529592812061309814453125">
        <ele>8.3999996185302734375</ele>
        <time>2026-09-09T09:08:55.000Z</time>
        <extensions>
          <ns3:TrackPointExtension>
            <ns3:hr>147</ns3:hr>
            <ns3:cad>89</ns3:cad>
          </ns3:TrackPointExtension>
        </extensions>
      </trkpt>
      <trkpt lat="31.27802512608468532562255859375" lon="121.47753554396331310272216796875">
        <ele>8.6000003814697265625</ele>
        <time>2026-09-09T09:08:56.000Z</time>
        <extensions>
          <ns3:TrackPointExtension>
            <ns3:hr>146</ns3:hr>
            <ns3:cad>90</ns3:cad>
          </ns3:TrackPointExtension>
        </extensions>
      </trkpt>
      <trkpt lat="31.2780505232512950897216796875" lon="121.47753638215363025665283203125">
        <ele>8.80000019073486328125</ele>
        <time>2026-09-09T09:08:57.000Z</time>
        <extensions>
          <ns3:TrackPointExtension>
            <ns3:hr>146</ns3:hr>
            <ns3:cad>90</ns3:cad>
          </ns3:TrackPointExtension>
        </extensions>
      </trkpt>
      <trkpt lat="31.27807893790304660797119140625" lon="121.4775361306965351104736328125">
        <ele>9</ele>
        <time>2026-09-09T09:08:58.000Z</time>
        <extensions>
          <ns3:TrackPointExtension>
            <ns3:hr>146</ns3:hr>
            <ns3:cad>90</ns3:cad>
          </ns3:TrackPointExtension>
        </extensions>
      </trkpt>
      <trkpt lat="31.27810643054544925689697265625" lon="121.4775337837636470794677734375">
        <ele>9</ele>
        <time>2026-09-09T09:08:59.000Z</time>
        <extensions>
          <ns3:TrackPointExtension>
            <ns3:hr>146</ns3:hr>
            <ns3:cad>90</ns3:cad>
          </ns3:TrackPointExtension>
        </extensions>
      </trkpt>
      <trkpt lat="31.2781387008726596832275390625" lon="121.477527916431427001953125">
        <ele>9</ele>
        <time>2026-09-09T09:09:00.000Z</time>
        <extensions>
          <ns3:TrackPointExtension>
            <ns3:hr>146</ns3:hr>
            <ns3:cad>90</ns3:cad>
          </ns3:TrackPointExtension>
        </extensions>
      </trkpt>
      <trkpt lat="31.27816175110638141632080078125" lon="121.47752280347049236297607421875">
        <ele>9.19999980926513671875</ele>
        <time>2026-09-09T09:09:01.000Z</time>
        <extensions>
          <ns3:TrackPointExtension>
            <ns3:hr>146</ns3:hr>
            <ns3:cad>90</ns3:cad>
          </ns3:TrackPointExtension>
        </extensions>
      </trkpt>
      <trkpt lat="31.27819351851940155029296875" lon="121.4775119908154010772705078125">
        <ele>9.19999980926513671875</ele>
        <time>2026-09-09T09:09:02.000Z</time>
        <extensions>
          <ns3:TrackPointExtension>
            <ns3:hr>146</ns3:hr>
            <ns3:cad>90</ns3:cad>
          </ns3:TrackPointExtension>
        </extensions>
      </trkpt>
      <trkpt lat="31.27822101116180419921875" lon="121.4775002561509609222412109375">
        <ele>9.3999996185302734375</ele>
        <time>2026-09-09T09:09:03.000Z</time>
        <extensions>
          <ns3:TrackPointExtension>
            <ns3:hr>146</ns3:hr>
            <ns3:cad>90</ns3:cad>
          </ns3:TrackPointExtension>
        </extensions>
      </trkpt>
      <trkpt lat="31.27825479023158550262451171875" lon="121.47748290561139583587646484375">
        <ele>9.3999996185302734375</ele>
        <time>2026-09-09T09:09:04.000Z</time>
        <extensions>
          <ns3:TrackPointExtension>
            <ns3:hr>145</ns3:hr>
            <ns3:cad>90</ns3:cad>
          </ns3:TrackPointExtension>
        </extensions>
      </trkpt>
      <trkpt lat="31.2782842107117176055908203125" lon="121.47746429778635501861572265625">
        <ele>9.80000019073486328125</ele>
        <time>2026-09-09T09:09:05.000Z</time>
        <extensions>
          <ns3:TrackPointExtension>
            <ns3:hr>145</ns3:hr>
            <ns3:cad>90</ns3:cad>
          </ns3:TrackPointExtension>
        </extensions>
      </trkpt>
      <trkpt lat="31.278310529887676239013671875" lon="121.4774439297616481781005859375">
        <ele>10.3999996185302734375</ele>
        <time>2026-09-09T09:09:06.000Z</time>
        <extensions>
          <ns3:TrackPointExtension>
            <ns3:hr>145</ns3:hr>
            <ns3:cad>91</ns3:cad>
          </ns3:TrackPointExtension>
        </extensions>
      </trkpt>
      <trkpt lat="31.27833559177815914154052734375" lon="121.4774219691753387451171875">
        <ele>10.80000019073486328125</ele>
        <time>2026-09-09T09:09:07.000Z</time>
        <extensions>
          <ns3:TrackPointExtension>
            <ns3:hr>147</ns3:hr>
            <ns3:cad>91</ns3:cad>
          </ns3:TrackPointExtension>
        </extensions>
      </trkpt>
      <trkpt lat="31.27836492843925952911376953125" lon="121.4773919619619846343994140625">
        <ele>11.19999980926513671875</ele>
        <time>2026-09-09T09:09:08.000Z</time>
        <extensions>
          <ns3:TrackPointExtension>
            <ns3:hr>147</ns3:hr>
            <ns3:cad>91</ns3:cad>
          </ns3:TrackPointExtension>
        </extensions>
      </trkpt>
      <trkpt lat="31.27838906832039356231689453125" lon="121.4773624576628208160400390625">
        <ele>11.6000003814697265625</ele>
        <time>2026-09-09T09:09:09.000Z</time>
        <extensions>
          <ns3:TrackPointExtension>
            <ns3:hr>147</ns3:hr>
            <ns3:cad>91</ns3:cad>
          </ns3:TrackPointExtension>
        </extensions>
      </trkpt>
      <trkpt lat="31.2784126214683055877685546875" lon="121.47732784040272235870361328125">
        <ele>11.6000003814697265625</ele>
        <time>2026-09-09T09:09:10.000Z</time>
        <extensions>
          <ns3:TrackPointExtension>
            <ns3:hr>146</ns3:hr>
            <ns3:cad>91</ns3:cad>
          </ns3:TrackPointExtension>
        </extensions>
      </trkpt>
      <trkpt lat="31.27843617461621761322021484375" lon="121.47728643380105495452880859375">
        <ele>11.19999980926513671875</ele>
        <time>2026-09-09T09:09:11.000Z</time>
        <extensions>
          <ns3:TrackPointExtension>
            <ns3:hr>146</ns3:hr>
            <ns3:cad>91</ns3:cad>
          </ns3:TrackPointExtension>
        </extensions>
      </trkpt>
      <trkpt lat="31.278457380831241607666015625" lon="121.47723966278135776519775390625">
        <ele>10.80000019073486328125</ele>
        <time>2026-09-09T09:09:12.000Z</time>
        <extensions>
          <ns3:TrackPointExtension>
            <ns3:hr>147</ns3:hr>
            <ns3:cad>91</ns3:cad>
          </ns3:TrackPointExtension>
        </extensions>
      </trkpt>
      <trkpt lat="31.2784756533801555633544921875" lon="121.4771864376962184906005859375">
        <ele>10.3999996185302734375</ele>
        <time>2026-09-09T09:09:13.000Z</time>
        <extensions>
          <ns3:TrackPointExtension>
            <ns3:hr>148</ns3:hr>
            <ns3:cad>91</ns3:cad>
          </ns3:TrackPointExtension>
        </extensions>
      </trkpt>
      <trkpt lat="31.27848948352038860321044921875" lon="121.47712801583111286163330078125">
        <ele>9.80000019073486328125</ele>
        <time>2026-09-09T09:09:14.000Z</time>
        <extensions>
          <ns3:TrackPointExtension>
            <ns3:hr>148</ns3:hr>
            <ns3:cad>91</ns3:cad>
          </ns3:TrackPointExtension>
        </extensions>
      </trkpt>
      <trkpt lat="31.2784964405000209808349609375" lon="121.4770757965743541717529296875">
        <ele>9.19999980926513671875</ele>
        <time>2026-09-09T09:09:15.000Z</time>
        <extensions>
          <ns3:TrackPointExtension>
            <ns3:hr>147</ns3:hr>
            <ns3:cad>91</ns3:cad>
          </ns3:TrackPointExtension>
        </extensions>
      </trkpt>
      <trkpt lat="31.27849887125194072723388671875" lon="121.47702164947986602783203125">
        <ele>8.6000003814697265625</ele>
        <time>2026-09-09T09:09:16.000Z</time>
        <extensions>
          <ns3:TrackPointExtension>
            <ns3:hr>145</ns3:hr>
            <ns3:cad>90</ns3:cad>
          </ns3:TrackPointExtension>
        </extensions>
      </trkpt>
      <trkpt lat="31.278496943414211273193359375" lon="121.47697429172694683074951171875">
        <ele>8.19999980926513671875</ele>
        <time>2026-09-09T09:09:17.000Z</time>
        <extensions>
          <ns3:TrackPointExtension>
            <ns3:hr>141</ns3:hr>
            <ns3:cad>90</ns3:cad>
          </ns3:TrackPointExtension>
        </extensions>
      </trkpt>
      <trkpt lat="31.27849166281521320343017578125" lon="121.47692986764013767242431640625">
        <ele>7.599999904632568359375</ele>
        <time>2026-09-09T09:09:18.000Z</time>
        <extensions>
          <ns3:TrackPointExtension>
            <ns3:hr>141</ns3:hr>
            <ns3:cad>90</ns3:cad>
          </ns3:TrackPointExtension>
        </extensions>
      </trkpt>
      <trkpt lat="31.2784830294549465179443359375" lon="121.4768853597342967987060546875">
        <ele>7.19999980926513671875</ele>
        <time>2026-09-09T09:09:19.000Z</time>
        <extensions>
          <ns3:TrackPointExtension>
            <ns3:hr>144</ns3:hr>
            <ns3:cad>90</ns3:cad>
          </ns3:TrackPointExtension>
        </extensions>
      </trkpt>
      <trkpt lat="31.27847037278115749359130859375" lon="121.47683951072394847869873046875">
        <ele>7.400000095367431640625</ele>
        <time>2026-09-09T09:09:20.000Z</time>
        <extensions>
          <ns3:TrackPointExtension>
            <ns3:hr>143</ns3:hr>
            <ns3:cad>90</ns3:cad>
          </ns3:TrackPointExtension>
        </extensions>
      </trkpt>
      <trkpt lat="31.2784565426409244537353515625" lon="121.47680036723613739013671875">
        <ele>7.80000019073486328125</ele>
        <time>2026-09-09T09:09:21.000Z</time>
        <extensions>
          <ns3:TrackPointExtension>
            <ns3:hr>143</ns3:hr>
            <ns3:cad>90</ns3:cad>
          </ns3:TrackPointExtension>
        </extensions>
      </trkpt>
      <trkpt lat="31.27844036556780338287353515625" lon="121.47676524706184864044189453125">
        <ele>8.19999980926513671875</ele>
        <time>2026-09-09T09:09:22.000Z</time>
        <extensions>
          <ns3:TrackPointExtension>
            <ns3:hr>143</ns3:hr>
            <ns3:cad>90</ns3:cad>
          </ns3:TrackPointExtension>
        </extensions>
      </trkpt>
      <trkpt lat="31.27842712216079235076904296875" lon="121.47674010135233402252197265625">
        <ele>8.3999996185302734375</ele>
        <time>2026-09-09T09:09:23.000Z</time>
        <extensions>
          <ns3:TrackPointExtension>
            <ns3:hr>143</ns3:hr>
            <ns3:cad>90</ns3:cad>
          </ns3:TrackPointExtension>
        </extensions>
      </trkpt>
      <trkpt lat="31.27841371111571788787841796875" lon="121.47671713493764400482177734375">
        <ele>8.6000003814697265625</ele>
        <time>2026-09-09T09:09:24.000Z</time>
        <extensions>
          <ns3:TrackPointExtension>
            <ns3:hr>143</ns3:hr>
            <ns3:cad>90</ns3:cad>
          </ns3:TrackPointExtension>
        </extensions>
      </trkpt>
      <trkpt lat="31.278410442173480987548828125" lon="121.476711519062519073486328125">
        <ele>8.80000019073486328125</ele>
        <time>2026-09-09T09:09:25.000Z</time>
        <extensions>
          <ns3:TrackPointExtension>
            <ns3:hr>142</ns3:hr>
            <ns3:cad>90</ns3:cad>
          </ns3:TrackPointExtension>
        </extensions>
      </trkpt>
      <trkpt lat="31.2784055806696414947509765625" lon="121.47670439444482326507568359375">
        <ele>8.80000019073486328125</ele>
        <time>2026-09-09T09:09:26.000Z</time>
        <extensions>
          <ns3:TrackPointExtension>
            <ns3:hr>140</ns3:hr>
            <ns3:cad>87</ns3:cad>
          </ns3:TrackPointExtension>
        </extensions>
      </trkpt>
      <trkpt lat="31.27840499393641948699951171875" lon="121.4767036400735378265380859375">
        <ele>8.80000019073486328125</ele>
        <time>2026-09-09T09:09:27.000Z</time>
        <extensions>
          <ns3:TrackPointExtension>
            <ns3:hr>140</ns3:hr>
            <ns3:cad>87</ns3:cad>
          </ns3:TrackPointExtension>
        </extensions>
      </trkpt>
      <trkpt lat="31.27839979715645313262939453125" lon="121.476696431636810302734375">
        <ele>8.80000019073486328125</ele>
        <time>2026-09-09T09:09:28.000Z</time>
        <extensions>
          <ns3:TrackPointExtension>
            <ns3:hr>140</ns3:hr>
            <ns3:cad>0</ns3:cad>
          </ns3:TrackPointExtension>
        </extensions>
      </trkpt>
      <trkpt lat="31.27840273082256317138671875" lon="121.47670053876936435699462890625">
        <ele>8.80000019073486328125</ele>
        <time>2026-09-09T09:09:29.000Z</time>
        <extensions>
          <ns3:TrackPointExtension>
            <ns3:hr>140</ns3:hr>
            <ns3:cad>0</ns3:cad>
          </ns3:TrackPointExtension>
        </extensions>
      </trkpt>
      <trkpt lat="31.2784085981547832489013671875" lon="121.47670858539640903472900390625">
        <ele>8.80000019073486328125</ele>
        <time>2026-09-09T09:09:30.000Z</time>
        <extensions>
          <ns3:TrackPointExtension>
            <ns3:hr>140</ns3:hr>
            <ns3:cad>78</ns3:cad>
          </ns3:TrackPointExtension>
        </extensions>
      </trkpt>
      <trkpt lat="31.2784203328192234039306640625" lon="121.47672853432595729827880859375">
        <ele>8.6000003814697265625</ele>
        <time>2026-09-09T09:09:31.000Z</time>
        <extensions>
          <ns3:TrackPointExtension>
            <ns3:hr>140</ns3:hr>
            <ns3:cad>78</ns3:cad>
          </ns3:TrackPointExtension>
        </extensions>
      </trkpt>
      <trkpt lat="31.27842552959918975830078125" lon="121.47673741914331912994384765625">
        <ele>8.3999996185302734375</ele>
        <time>2026-09-09T09:09:32.000Z</time>
        <extensions>
          <ns3:TrackPointExtension>
            <ns3:hr>140</ns3:hr>
            <ns3:cad>78</ns3:cad>
          </ns3:TrackPointExtension>
        </extensions>
      </trkpt>
      <trkpt lat="31.2784283794462680816650390625" lon="121.47674228064715862274169921875">
        <ele>8.3999996185302734375</ele>
        <time>2026-09-09T09:09:33.000Z</time>
        <extensions>
          <ns3:TrackPointExtension>
            <ns3:hr>140</ns3:hr>
            <ns3:cad>0</ns3:cad>
          </ns3:TrackPointExtension>
        </extensions>
      </trkpt>
      <trkpt lat="31.2784334085881710052490234375" lon="121.4767509140074253082275390625">
        <ele>8.19999980926513671875</ele>
        <time>2026-09-09T09:09:34.000Z</time>
        <extensions>
          <ns3:TrackPointExtension>
            <ns3:hr>139</ns3:hr>
            <ns3:cad>0</ns3:cad>
          </ns3:TrackPointExtension>
        </extensions>
      </trkpt>
      <trkpt lat="31.27843567170202732086181640625" lon="121.4767549373209476470947265625">
        <ele>8.19999980926513671875</ele>
        <time>2026-09-09T09:09:35.000Z</time>
        <extensions>
          <ns3:TrackPointExtension>
            <ns3:hr>139</ns3:hr>
            <ns3:cad>0</ns3:cad>
          </ns3:TrackPointExtension>
        </extensions>
      </trkpt>
      <trkpt lat="31.27844053320586681365966796875" lon="121.47676558233797550201416015625">
        <ele>8.19999980926513671875</ele>
        <time>2026-09-09T09:09:36.000Z</time>
        <extensions>
          <ns3:TrackPointExtension>
            <ns3:hr>140</ns3:hr>
            <ns3:cad>0</ns3:cad>
          </ns3:TrackPointExtension>
        </extensions>
      </trkpt>
      <trkpt lat="31.278443299233913421630859375" lon="121.47677161730825901031494140625">
        <ele>8</ele>
        <time>2026-09-09T09:09:37.000Z</time>
        <extensions>
          <ns3:TrackPointExtension>
            <ns3:hr>139</ns3:hr>
            <ns3:cad>0</ns3:cad>
          </ns3:TrackPointExtension>
        </extensions>
      </trkpt>
      <trkpt lat="31.2784491665661334991455078125" lon="121.4767844416201114654541015625">
        <ele>8</ele>
        <time>2026-09-09T09:09:38.000Z</time>
        <extensions>
          <ns3:TrackPointExtension>
            <ns3:hr>139</ns3:hr>
            <ns3:cad>0</ns3:cad>
          </ns3:TrackPointExtension>
        </extensions>
      </trkpt>
      <trkpt lat="31.27845235168933868408203125" lon="121.47679123096168041229248046875">
        <ele>7.80000019073486328125</ele>
        <time>2026-09-09T09:09:39.000Z</time>
        <extensions>
          <ns3:TrackPointExtension>
            <ns3:hr>137</ns3:hr>
            <ns3:cad>0</ns3:cad>
          </ns3:TrackPointExtension>
        </extensions>
      </trkpt>
      <trkpt lat="31.27845578826963901519775390625" lon="121.47679877467453479766845703125">
        <ele>7.80000019073486328125</ele>
        <time>2026-09-09T09:09:40.000Z</time>
        <extensions>
          <ns3:TrackPointExtension>
            <ns3:hr>138</ns3:hr>
            <ns3:cad>0</ns3:cad>
          </ns3:TrackPointExtension>
        </extensions>
      </trkpt>
      <trkpt lat="31.27845947630703449249267578125" lon="121.47680849768221378326416015625">
        <ele>7.599999904632568359375</ele>
        <time>2026-09-09T09:09:41.000Z</time>
        <extensions>
          <ns3:TrackPointExtension>
            <ns3:hr>138</ns3:hr>
            <ns3:cad>0</ns3:cad>
          </ns3:TrackPointExtension>
        </extensions>
      </trkpt>
      <trkpt lat="31.27846132032573223114013671875" lon="121.47681352682411670684814453125">
        <ele>7.599999904632568359375</ele>
        <time>2026-09-09T09:09:42.000Z</time>
        <extensions>
          <ns3:TrackPointExtension>
            <ns3:hr>139</ns3:hr>
            <ns3:cad>0</ns3:cad>
          </ns3:TrackPointExtension>
        </extensions>
      </trkpt>
      <trkpt lat="31.27846400253474712371826171875" lon="121.47682123817503452301025390625">
        <ele>7.599999904632568359375</ele>
        <time>2026-09-09T09:09:43.000Z</time>
        <extensions>
          <ns3:TrackPointExtension>
            <ns3:hr>138</ns3:hr>
            <ns3:cad>0</ns3:cad>
          </ns3:TrackPointExtension>
        </extensions>
      </trkpt>
      <trkpt lat="31.27846576273441314697265625" lon="121.47682626731693744659423828125">
        <ele>7.400000095367431640625</ele>
        <time>2026-09-09T09:09:44.000Z</time>
        <extensions>
          <ns3:TrackPointExtension>
            <ns3:hr>138</ns3:hr>
            <ns3:cad>0</ns3:cad>
          </ns3:TrackPointExtension>
        </extensions>
      </trkpt>
      <trkpt lat="31.27847121097147464752197265625" lon="121.47684202529489994049072265625">
        <ele>7.19999980926513671875</ele>
        <time>2026-09-09T09:09:45.000Z</time>
        <extensions>
          <ns3:TrackPointExtension>
            <ns3:hr>138</ns3:hr>
            <ns3:cad>0</ns3:cad>
          </ns3:TrackPointExtension>
        </extensions>
      </trkpt>
      <trkpt lat="31.27847271971404552459716796875" lon="121.47684621624648571014404296875">
        <ele>7.19999980926513671875</ele>
        <time>2026-09-09T09:09:46.000Z</time>
        <extensions>
          <ns3:TrackPointExtension>
            <ns3:hr>138</ns3:hr>
            <ns3:cad>50</ns3:cad>
          </ns3:TrackPointExtension>
        </extensions>
      </trkpt>
      <trkpt lat="31.27847674302756786346435546875" lon="121.47686004638671875">
        <ele>7.19999980926513671875</ele>
        <time>2026-09-09T09:09:47.000Z</time>
        <extensions>
          <ns3:TrackPointExtension>
            <ns3:hr>137</ns3:hr>
            <ns3:cad>50</ns3:cad>
          </ns3:TrackPointExtension>
        </extensions>
      </trkpt>
      <trkpt lat="31.27848009578883647918701171875" lon="121.47687354125082492828369140625">
        <ele>7</ele>
        <time>2026-09-09T09:09:48.000Z</time>
        <extensions>
          <ns3:TrackPointExtension>
            <ns3:hr>136</ns3:hr>
            <ns3:cad>50</ns3:cad>
          </ns3:TrackPointExtension>
        </extensions>
      </trkpt>
      <trkpt lat="31.27848680131137371063232421875" lon="121.4769004471600055694580078125">
        <ele>7.400000095367431640625</ele>
        <time>2026-09-09T09:09:49.000Z</time>
        <extensions>
          <ns3:TrackPointExtension>
            <ns3:hr>136</ns3:hr>
            <ns3:cad>50</ns3:cad>
          </ns3:TrackPointExtension>
        </extensions>
      </trkpt>
      <trkpt lat="31.2784907408058643341064453125" lon="121.4769242517650127410888671875">
        <ele>7.599999904632568359375</ele>
        <time>2026-09-09T09:09:50.000Z</time>
        <extensions>
          <ns3:TrackPointExtension>
            <ns3:hr>134</ns3:hr>
            <ns3:cad>50</ns3:cad>
          </ns3:TrackPointExtension>
        </extensions>
      </trkpt>
      <trkpt lat="31.27849518321454524993896484375" lon="121.47695266641676425933837890625">
        <ele>7.80000019073486328125</ele>
        <time>2026-09-09T09:09:51.000Z</time>
        <extensions>
          <ns3:TrackPointExtension>
            <ns3:hr>133</ns3:hr>
            <ns3:cad>48</ns3:cad>
          </ns3:TrackPointExtension>
        </extensions>
      </trkpt>
      <trkpt lat="31.27849685959517955780029296875" lon="121.476973704993724822998046875">
        <ele>8</ele>
        <time>2026-09-09T09:09:52.000Z</time>
        <extensions>
          <ns3:TrackPointExtension>
            <ns3:hr>133</ns3:hr>
            <ns3:cad>0</ns3:cad>
          </ns3:TrackPointExtension>
        </extensions>
      </trkpt>
      <trkpt lat="31.27849702723324298858642578125" lon="121.47697663865983486175537109375">
        <ele>8.19999980926513671875</ele>
        <time>2026-09-09T09:09:53.000Z</time>
        <extensions>
          <ns3:TrackPointExtension>
            <ns3:hr>132</ns3:hr>
            <ns3:cad>47</ns3:cad>
          </ns3:TrackPointExtension>
        </extensions>
      </trkpt>
      <trkpt lat="31.27849803306162357330322265625" lon="121.47699206136167049407958984375">
        <ele>8.19999980926513671875</ele>
        <time>2026-09-09T09:09:54.000Z</time>
        <extensions>
          <ns3:TrackPointExtension>
            <ns3:hr>135</ns3:hr>
            <ns3:cad>47</ns3:cad>
          </ns3:TrackPointExtension>
        </extensions>
      </trkpt>
      <trkpt lat="31.27849903889000415802001953125" lon="121.4770084060728549957275390625">
        <ele>8.3999996185302734375</ele>
        <time>2026-09-09T09:09:55.000Z</time>
        <extensions>
          <ns3:TrackPointExtension>
            <ns3:hr>135</ns3:hr>
            <ns3:cad>47</ns3:cad>
          </ns3:TrackPointExtension>
        </extensions>
      </trkpt>
      <trkpt lat="31.2784986197948455810546875" lon="121.47703262977302074432373046875">
        <ele>8.80000019073486328125</ele>
        <time>2026-09-09T09:09:56.000Z</time>
        <extensions>
          <ns3:TrackPointExtension>
            <ns3:hr>135</ns3:hr>
            <ns3:cad>0</ns3:cad>
          </ns3:TrackPointExtension>
        </extensions>
      </trkpt>
      <trkpt lat="31.27849853597581386566162109375" lon="121.47703715600073337554931640625">
        <ele>8.80000019073486328125</ele>
        <time>2026-09-09T09:09:57.000Z</time>
        <extensions>
          <ns3:TrackPointExtension>
            <ns3:hr>138</ns3:hr>
            <ns3:cad>0</ns3:cad>
          </ns3:TrackPointExtension>
        </extensions>
      </trkpt>
      <trkpt lat="31.27849803306162357330322265625" lon="121.47705593146383762359619140625">
        <ele>9</ele>
        <time>2026-09-09T09:09:58.000Z</time>
        <extensions>
          <ns3:TrackPointExtension>
            <ns3:hr>138</ns3:hr>
            <ns3:cad>0</ns3:cad>
          </ns3:TrackPointExtension>
        </extensions>
      </trkpt>
      <trkpt lat="31.27849635668098926544189453125" lon="121.477076970040798187255859375">
        <ele>9.19999980926513671875</ele>
        <time>2026-09-09T09:09:59.000Z</time>
        <extensions>
          <ns3:TrackPointExtension>
            <ns3:hr>140</ns3:hr>
            <ns3:cad>48</ns3:cad>
          </ns3:TrackPointExtension>
        </extensions>
      </trkpt>
      <trkpt lat="31.27849317155778408050537109375" lon="121.4771042950451374053955078125">
        <ele>9.6000003814697265625</ele>
        <time>2026-09-09T09:10:00.000Z</time>
        <extensions>
          <ns3:TrackPointExtension>
            <ns3:hr>143</ns3:hr>
            <ns3:cad>48</ns3:cad>
          </ns3:TrackPointExtension>
        </extensions>
      </trkpt>
      <trkpt lat="31.2784897349774837493896484375" lon="121.477126590907573699951171875">
        <ele>9.80000019073486328125</ele>
        <time>2026-09-09T09:10:01.000Z</time>
        <extensions>
          <ns3:TrackPointExtension>
            <ns3:hr>143</ns3:hr>
            <ns3:cad>48</ns3:cad>
          </ns3:TrackPointExtension>
        </extensions>
      </trkpt>
      <trkpt lat="31.278487555682659149169921875" lon="121.4771371521055698394775390625">
        <ele>9.80000019073486328125</ele>
        <time>2026-09-09T09:10:02.000Z</time>
        <extensions>
          <ns3:TrackPointExtension>
            <ns3:hr>144</ns3:hr>
            <ns3:cad>48</ns3:cad>
          </ns3:TrackPointExtension>
        </extensions>
      </trkpt>
      <trkpt lat="31.278486885130405426025390625" lon="121.47714042104780673980712890625">
        <ele>10</ele>
        <time>2026-09-09T09:10:03.000Z</time>
        <extensions>
          <ns3:TrackPointExtension>
            <ns3:hr>144</ns3:hr>
            <ns3:cad>48</ns3:cad>
          </ns3:TrackPointExtension>
        </extensions>
      </trkpt>
      <trkpt lat="31.2784883938729763031005859375" lon="121.4771331287920475006103515625">
        <ele>9.80000019073486328125</ele>
        <time>2026-09-09T09:10:04.000Z</time>
        <extensions>
          <ns3:TrackPointExtension>
            <ns3:hr>146</ns3:hr>
            <ns3:cad>48</ns3:cad>
          </ns3:TrackPointExtension>
        </extensions>
      </trkpt>
      <trkpt lat="31.2784897349774837493896484375" lon="121.47712667472660541534423828125">
        <ele>9.80000019073486328125</ele>
        <time>2026-09-09T09:10:05.000Z</time>
        <extensions>
          <ns3:TrackPointExtension>
            <ns3:hr>149</ns3:hr>
            <ns3:cad>48</ns3:cad>
          </ns3:TrackPointExtension>
        </extensions>
      </trkpt>
      <trkpt lat="31.27848814241588115692138671875" lon="121.4771341346204280853271484375">
        <ele>9.80000019073486328125</ele>
        <time>2026-09-09T09:10:06.000Z</time>
        <extensions>
          <ns3:TrackPointExtension>
            <ns3:hr>149</ns3:hr>
            <ns3:cad>48</ns3:cad>
          </ns3:TrackPointExtension>
        </extensions>
      </trkpt>
      <trkpt lat="31.27848395146429538726806640625" lon="121.47715441882610321044921875">
        <ele>10</ele>
        <time>2026-09-09T09:10:07.000Z</time>
        <extensions>
          <ns3:TrackPointExtension>
            <ns3:hr>149</ns3:hr>
            <ns3:cad>48</ns3:cad>
          </ns3:TrackPointExtension>
        </extensions>
      </trkpt>
      <trkpt lat="31.27847942523658275604248046875" lon="121.47717411629855632781982421875">
        <ele>10.19999980926513671875</ele>
        <time>2026-09-09T09:10:08.000Z</time>
        <extensions>
          <ns3:TrackPointExtension>
            <ns3:hr>149</ns3:hr>
            <ns3:cad>48</ns3:cad>
          </ns3:TrackPointExtension>
        </extensions>
      </trkpt>
      <trkpt lat="31.27847607247531414031982421875" lon="121.4771850965917110443115234375">
        <ele>10.3999996185302734375</ele>
        <time>2026-09-09T09:10:09.000Z</time>
        <extensions>
          <ns3:TrackPointExtension>
            <ns3:hr>149</ns3:hr>
            <ns3:cad>49</ns3:cad>
          </ns3:TrackPointExtension>
        </extensions>
      </trkpt>
      <trkpt lat="31.2784739769995212554931640625" lon="121.47719188593327999114990234375">
        <ele>10.3999996185302734375</ele>
        <time>2026-09-09T09:10:10.000Z</time>
        <extensions>
          <ns3:TrackPointExtension>
            <ns3:hr>148</ns3:hr>
            <ns3:cad>50</ns3:cad>
          </ns3:TrackPointExtension>
        </extensions>
      </trkpt>
      <trkpt lat="31.27846844494342803955078125" lon="121.47720999084413051605224609375">
        <ele>10.6000003814697265625</ele>
        <time>2026-09-09T09:10:11.000Z</time>
        <extensions>
          <ns3:TrackPointExtension>
            <ns3:hr>146</ns3:hr>
            <ns3:cad>50</ns3:cad>
          </ns3:TrackPointExtension>
        </extensions>
      </trkpt>
      <trkpt lat="31.27846584655344486236572265625" lon="121.477218456566333770751953125">
        <ele>10.6000003814697265625</ele>
        <time>2026-09-09T09:10:12.000Z</time>
        <extensions>
          <ns3:TrackPointExtension>
            <ns3:hr>146</ns3:hr>
            <ns3:cad>50</ns3:cad>
          </ns3:TrackPointExtension>
        </extensions>
      </trkpt>
      <trkpt lat="31.278461404144763946533203125" lon="121.47722993977367877960205078125">
        <ele>10.80000019073486328125</ele>
        <time>2026-09-09T09:10:13.000Z</time>
        <extensions>
          <ns3:TrackPointExtension>
            <ns3:hr>145</ns3:hr>
            <ns3:cad>50</ns3:cad>
          </ns3:TrackPointExtension>
        </extensions>
      </trkpt>
      <trkpt lat="31.27845779992640018463134765625" lon="121.4772387407720088958740234375">
        <ele>10.80000019073486328125</ele>
        <time>2026-09-09T09:10:14.000Z</time>
        <extensions>
          <ns3:TrackPointExtension>
            <ns3:hr>143</ns3:hr>
            <ns3:cad>49</ns3:cad>
          </ns3:TrackPointExtension>
        </extensions>
      </trkpt>
      <trkpt lat="31.278450675308704376220703125" lon="121.4772558398544788360595703125">
        <ele>11</ele>
        <time>2026-09-09T09:10:15.000Z</time>
        <extensions>
          <ns3:TrackPointExtension>
            <ns3:hr>143</ns3:hr>
            <ns3:cad>49</ns3:cad>
          </ns3:TrackPointExtension>
        </extensions>
      </trkpt>
      <trkpt lat="31.2784474901854991912841796875" lon="121.4772637188434600830078125">
        <ele>11</ele>
        <time>2026-09-09T09:10:16.000Z</time>
        <extensions>
          <ns3:TrackPointExtension>
            <ns3:hr>141</ns3:hr>
            <ns3:cad>50</ns3:cad>
          </ns3:TrackPointExtension>
        </extensions>
      </trkpt>
      <trkpt lat="31.2784441374242305755615234375" lon="121.47727134637534618377685546875">
        <ele>11.19999980926513671875</ele>
        <time>2026-09-09T09:10:17.000Z</time>
        <extensions>
          <ns3:TrackPointExtension>
            <ns3:hr>140</ns3:hr>
            <ns3:cad>50</ns3:cad>
          </ns3:TrackPointExtension>
        </extensions>
      </trkpt>
      <trkpt lat="31.27843986265361309051513671875" lon="121.47727939300239086151123046875">
        <ele>11.19999980926513671875</ele>
        <time>2026-09-09T09:10:18.000Z</time>
        <extensions>
          <ns3:TrackPointExtension>
            <ns3:hr>140</ns3:hr>
            <ns3:cad>51</ns3:cad>
          </ns3:TrackPointExtension>
        </extensions>
      </trkpt>
      <trkpt lat="31.27842821180820465087890625" lon="121.47730135358870029449462890625">
        <ele>11.3999996185302734375</ele>
        <time>2026-09-09T09:10:19.000Z</time>
        <extensions>
          <ns3:TrackPointExtension>
            <ns3:hr>138</ns3:hr>
            <ns3:cad>51</ns3:cad>
          </ns3:TrackPointExtension>
        </extensions>
      </trkpt>
      <trkpt lat="31.2784159742295742034912109375" lon="121.4773227274417877197265625">
        <ele>11.6000003814697265625</ele>
        <time>2026-09-09T09:10:20.000Z</time>
        <extensions>
          <ns3:TrackPointExtension>
            <ns3:hr>137</ns3:hr>
            <ns3:cad>51</ns3:cad>
          </ns3:TrackPointExtension>
        </extensions>
      </trkpt>
      <trkpt lat="31.2784089334309101104736328125" lon="121.47733337245881557464599609375">
        <ele>11.6000003814697265625</ele>
        <time>2026-09-09T09:10:21.000Z</time>
        <extensions>
          <ns3:TrackPointExtension>
            <ns3:hr>137</ns3:hr>
            <ns3:cad>51</ns3:cad>
          </ns3:TrackPointExtension>
        </extensions>
      </trkpt>
      <trkpt lat="31.2783985398709774017333984375" lon="121.4773490466177463531494140625">
        <ele>11.6000003814697265625</ele>
        <time>2026-09-09T09:10:22.000Z</time>
        <extensions>
          <ns3:TrackPointExtension>
            <ns3:hr>135</ns3:hr>
            <ns3:cad>51</ns3:cad>
          </ns3:TrackPointExtension>
        </extensions>
      </trkpt>
      <trkpt lat="31.27839309163391590118408203125" lon="121.47735734470188617706298828125">
        <ele>11.6000003814697265625</ele>
        <time>2026-09-09T09:10:23.000Z</time>
        <extensions>
          <ns3:TrackPointExtension>
            <ns3:hr>134</ns3:hr>
            <ns3:cad>51</ns3:cad>
          </ns3:TrackPointExtension>
        </extensions>
      </trkpt>
      <trkpt lat="31.27839191816747188568115234375" lon="121.47735893726348876953125">
        <ele>11.6000003814697265625</ele>
        <time>2026-09-09T09:10:24.000Z</time>
        <extensions>
          <ns3:TrackPointExtension>
            <ns3:hr>134</ns3:hr>
            <ns3:cad>51</ns3:cad>
          </ns3:TrackPointExtension>
        </extensions>
      </trkpt>
      <trkpt lat="31.278386302292346954345703125" lon="121.4773658104240894317626953125">
        <ele>11.3999996185302734375</ele>
        <time>2026-09-09T09:10:25.000Z</time>
        <extensions>
          <ns3:TrackPointExtension>
            <ns3:hr>132</ns3:hr>
            <ns3:cad>51</ns3:cad>
          </ns3:TrackPointExtension>
        </extensions>
      </trkpt>
      <trkpt lat="31.2783868052065372467041015625" lon="121.4773651398718357086181640625">
        <ele>11.3999996185302734375</ele>
        <time>2026-09-09T09:10:26.000Z</time>
        <extensions>
          <ns3:TrackPointExtension>
            <ns3:hr>132</ns3:hr>
            <ns3:cad>51</ns3:cad>
          </ns3:TrackPointExtension>
        </extensions>
      </trkpt>
      <trkpt lat="31.2783814407885074615478515625" lon="121.47737176157534122467041015625">
        <ele>11.3999996185302734375</ele>
        <time>2026-09-09T09:10:27.000Z</time>
        <extensions>
          <ns3:TrackPointExtension>
            <ns3:hr>131</ns3:hr>
            <ns3:cad>50</ns3:cad>
          </ns3:TrackPointExtension>
        </extensions>
      </trkpt>
      <trkpt lat="31.27836710773408412933349609375" lon="121.4773892797529697418212890625">
        <ele>11.19999980926513671875</ele>
        <time>2026-09-09T09:10:28.000Z</time>
        <extensions>
          <ns3:TrackPointExtension>
            <ns3:hr>128</ns3:hr>
            <ns3:cad>50</ns3:cad>
          </ns3:TrackPointExtension>
        </extensions>
      </trkpt>
      <trkpt lat="31.278359480202198028564453125" lon="121.47739824838936328887939453125">
        <ele>11</ele>
        <time>2026-09-09T09:10:29.000Z</time>
        <extensions>
          <ns3:TrackPointExtension>
            <ns3:hr>128</ns3:hr>
            <ns3:cad>50</ns3:cad>
          </ns3:TrackPointExtension>
        </extensions>
      </trkpt>
      <trkpt lat="31.27835470251739025115966796875" lon="121.4774030260741710662841796875">
        <ele>11</ele>
        <time>2026-09-09T09:10:30.000Z</time>
        <extensions>
          <ns3:TrackPointExtension>
            <ns3:hr>127</ns3:hr>
            <ns3:cad>50</ns3:cad>
          </ns3:TrackPointExtension>
        </extensions>
      </trkpt>
      <trkpt lat="31.2783484160900115966796875" lon="121.47740922868251800537109375">
        <ele>11</ele>
        <time>2026-09-09T09:10:31.000Z</time>
        <extensions>
          <ns3:TrackPointExtension>
            <ns3:hr>124</ns3:hr>
            <ns3:cad>50</ns3:cad>
          </ns3:TrackPointExtension>
        </extensions>
      </trkpt>
      <trkpt lat="31.27833559177815914154052734375" lon="121.4774219691753387451171875">
        <ele>10.80000019073486328125</ele>
        <time>2026-09-09T09:10:32.000Z</time>
        <extensions>
          <ns3:TrackPointExtension>
            <ns3:hr>124</ns3:hr>
            <ns3:cad>0</ns3:cad>
          </ns3:TrackPointExtension>
        </extensions>
      </trkpt>
      <trkpt lat="31.27832419238984584808349609375" lon="121.477433033287525177001953125">
        <ele>10.6000003814697265625</ele>
        <time>2026-09-09T09:10:33.000Z</time>
        <extensions>
          <ns3:TrackPointExtension>
            <ns3:hr>121</ns3:hr>
            <ns3:cad>0</ns3:cad>
          </ns3:TrackPointExtension>
        </extensions>
      </trkpt>
      <trkpt lat="31.27832167781889438629150390625" lon="121.477435044944286346435546875">
        <ele>10.6000003814697265625</ele>
        <time>2026-09-09T09:10:34.000Z</time>
        <extensions>
          <ns3:TrackPointExtension>
            <ns3:hr>120</ns3:hr>
            <ns3:cad>0</ns3:cad>
          </ns3:TrackPointExtension>
        </extensions>
      </trkpt>
      <trkpt lat="31.27831949852406978607177734375" lon="121.477436721324920654296875">
        <ele>10.3999996185302734375</ele>
        <time>2026-09-09T09:10:35.000Z</time>
        <extensions>
          <ns3:TrackPointExtension>
            <ns3:hr>120</ns3:hr>
            <ns3:cad>0</ns3:cad>
          </ns3:TrackPointExtension>
        </extensions>
      </trkpt>
      <trkpt lat="31.2783177383244037628173828125" lon="121.4774382300674915313720703125">
        <ele>10.3999996185302734375</ele>
        <time>2026-09-09T09:10:36.000Z</time>
        <extensions>
          <ns3:TrackPointExtension>
            <ns3:hr>120</ns3:hr>
            <ns3:cad>0</ns3:cad>
          </ns3:TrackPointExtension>
        </extensions>
      </trkpt>
      <trkpt lat="31.27830826677381992340087890625" lon="121.47744568996131420135498046875">
        <ele>10.19999980926513671875</ele>
        <time>2026-09-09T09:10:37.000Z</time>
        <extensions>
          <ns3:TrackPointExtension>
            <ns3:hr>120</ns3:hr>
            <ns3:cad>50</ns3:cad>
          </ns3:TrackPointExtension>
        </extensions>
      </trkpt>
      <trkpt lat="31.27829837612807750701904296875" lon="121.47745356895029544830322265625">
        <ele>10.19999980926513671875</ele>
        <time>2026-09-09T09:10:38.000Z</time>
        <extensions>
          <ns3:TrackPointExtension>
            <ns3:hr>120</ns3:hr>
            <ns3:cad>50</ns3:cad>
          </ns3:TrackPointExtension>
        </extensions>
      </trkpt>
      <trkpt lat="31.27829141914844512939453125" lon="121.477459184825420379638671875">
        <ele>10</ele>
        <time>2026-09-09T09:10:39.000Z</time>
        <extensions>
          <ns3:TrackPointExtension>
            <ns3:hr>119</ns3:hr>
            <ns3:cad>50</ns3:cad>
          </ns3:TrackPointExtension>
        </extensions>
      </trkpt>
      <trkpt lat="31.27828664146363735198974609375" lon="121.47746278904378414154052734375">
        <ele>10</ele>
        <time>2026-09-09T09:10:40.000Z</time>
        <extensions>
          <ns3:TrackPointExtension>
            <ns3:hr>119</ns3:hr>
            <ns3:cad>0</ns3:cad>
          </ns3:TrackPointExtension>
        </extensions>
      </trkpt>
      <trkpt lat="31.2782855518162250518798828125" lon="121.477463543415069580078125">
        <ele>9.80000019073486328125</ele>
        <time>2026-09-09T09:10:41.000Z</time>
        <extensions>
          <ns3:TrackPointExtension>
            <ns3:hr>119</ns3:hr>
            <ns3:cad>0</ns3:cad>
          </ns3:TrackPointExtension>
        </extensions>
      </trkpt>
      <trkpt lat="31.27828429453074932098388671875" lon="121.47746429778635501861572265625">
        <ele>9.80000019073486328125</ele>
        <time>2026-09-09T09:10:42.000Z</time>
        <extensions>
          <ns3:TrackPointExtension>
            <ns3:hr>119</ns3:hr>
            <ns3:cad>0</ns3:cad>
          </ns3:TrackPointExtension>
        </extensions>
      </trkpt>
      <trkpt lat="31.27829200588166713714599609375" lon="121.4774586819112300872802734375">
        <ele>10</ele>
        <time>2026-09-09T09:10:43.000Z</time>
        <extensions>
          <ns3:TrackPointExtension>
            <ns3:hr>119</ns3:hr>
            <ns3:cad>0</ns3:cad>
          </ns3:TrackPointExtension>
        </extensions>
      </trkpt>
      <trkpt lat="31.27829267643392086029052734375" lon="121.477458178997039794921875">
        <ele>10</ele>
        <time>2026-09-09T09:10:44.000Z</time>
        <extensions>
          <ns3:TrackPointExtension>
            <ns3:hr>117</ns3:hr>
            <ns3:cad>0</ns3:cad>
          </ns3:TrackPointExtension>
        </extensions>
      </trkpt>
      <trkpt lat="31.2783093564212322235107421875" lon="121.47744485177099704742431640625">
        <ele>10.3999996185302734375</ele>
        <time>2026-09-09T09:10:45.000Z</time>
        <extensions>
          <ns3:TrackPointExtension>
            <ns3:hr>114</ns3:hr>
            <ns3:cad>0</ns3:cad>
          </ns3:TrackPointExtension>
        </extensions>
      </trkpt>
      <trkpt lat="31.27830089069902896881103515625" lon="121.47745155729353427886962890625">
        <ele>10.19999980926513671875</ele>
        <time>2026-09-09T09:10:46.000Z</time>
        <extensions>
          <ns3:TrackPointExtension>
            <ns3:hr>114</ns3:hr>
            <ns3:cad>0</ns3:cad>
          </ns3:TrackPointExtension>
        </extensions>
      </trkpt>
      <trkpt lat="31.2782919220626354217529296875" lon="121.47745876573026180267333984375">
        <ele>10</ele>
        <time>2026-09-09T09:10:47.000Z</time>
        <extensions>
          <ns3:TrackPointExtension>
            <ns3:hr>113</ns3:hr>
            <ns3:cad>0</ns3:cad>
          </ns3:TrackPointExtension>
        </extensions>
      </trkpt>
      <trkpt lat="31.27828546799719333648681640625" lon="121.477463543415069580078125">
        <ele>9.80000019073486328125</ele>
        <time>2026-09-09T09:10:48.000Z</time>
        <extensions>
          <ns3:TrackPointExtension>
            <ns3:hr>112</ns3:hr>
            <ns3:cad>0</ns3:cad>
          </ns3:TrackPointExtension>
        </extensions>
      </trkpt>
      <trkpt lat="31.278293766081333160400390625" lon="121.47745725698769092559814453125">
        <ele>10</ele>
        <time>2026-09-09T09:10:49.000Z</time>
        <extensions>
          <ns3:TrackPointExtension>
            <ns3:hr>112</ns3:hr>
            <ns3:cad>0</ns3:cad>
          </ns3:TrackPointExtension>
        </extensions>
      </trkpt>
      <trkpt lat="31.27829552628099918365478515625" lon="121.477455832064151763916015625">
        <ele>10</ele>
        <time>2026-09-09T09:10:50.000Z</time>
        <extensions>
          <ns3:TrackPointExtension>
            <ns3:hr>112</ns3:hr>
            <ns3:cad>0</ns3:cad>
          </ns3:TrackPointExtension>
        </extensions>
      </trkpt>
      <trkpt lat="31.2783076800405979156494140625" lon="121.47744619287550449371337890625">
        <ele>10.19999980926513671875</ele>
        <time>2026-09-09T09:10:51.000Z</time>
        <extensions>
          <ns3:TrackPointExtension>
            <ns3:hr>112</ns3:hr>
            <ns3:cad>0</ns3:cad>
          </ns3:TrackPointExtension>
        </extensions>
      </trkpt>
      <trkpt lat="31.2783140502870082855224609375" lon="121.477441079914569854736328125">
        <ele>10.3999996185302734375</ele>
        <time>2026-09-09T09:10:52.000Z</time>
        <extensions>
          <ns3:TrackPointExtension>
            <ns3:hr>112</ns3:hr>
            <ns3:cad>0</ns3:cad>
          </ns3:TrackPointExtension>
        </extensions>
      </trkpt>
      <trkpt lat="31.27832570113241672515869140625" lon="121.47743177600204944610595703125">
        <ele>10.6000003814697265625</ele>
        <time>2026-09-09T09:10:53.000Z</time>
        <extensions>
          <ns3:TrackPointExtension>
            <ns3:hr>113</ns3:hr>
            <ns3:cad>0</ns3:cad>
          </ns3:TrackPointExtension>
        </extensions>
      </trkpt>
      <trkpt lat="31.27832570113241672515869140625" lon="121.47743177600204944610595703125">
        <ele>10.6000003814697265625</ele>
        <time>2026-09-09T09:10:54.000Z</time>
        <extensions>
          <ns3:TrackPointExtension>
            <ns3:hr>113</ns3:hr>
            <ns3:cad>0</ns3:cad>
          </ns3:TrackPointExtension>
        </extensions>
      </trkpt>
      <trkpt lat="31.27833257429301738739013671875" lon="121.477424986660480499267578125">
        <ele>10.80000019073486328125</ele>
        <time>2026-09-09T09:10:55.000Z</time>
        <extensions>
          <ns3:TrackPointExtension>
            <ns3:hr>113</ns3:hr>
            <ns3:cad>0</ns3:cad>
          </ns3:TrackPointExtension>
        </extensions>
      </trkpt>
      <trkpt lat="31.27832972444593906402587890625" lon="121.47742775268852710723876953125">
        <ele>10.6000003814697265625</ele>
        <time>2026-09-09T09:10:56.000Z</time>
        <extensions>
          <ns3:TrackPointExtension>
            <ns3:hr>114</ns3:hr>
            <ns3:cad>0</ns3:cad>
          </ns3:TrackPointExtension>
        </extensions>
      </trkpt>
      <trkpt lat="31.27832754515111446380615234375" lon="121.47742993198335170745849609375">
        <ele>10.6000003814697265625</ele>
        <time>2026-09-09T09:10:57.000Z</time>
        <extensions>
          <ns3:TrackPointExtension>
            <ns3:hr>115</ns3:hr>
            <ns3:cad>0</ns3:cad>
          </ns3:TrackPointExtension>
        </extensions>
      </trkpt>
      <trkpt lat="31.27833358012139797210693359375" lon="121.47742398083209991455078125">
        <ele>10.80000019073486328125</ele>
        <time>2026-09-09T09:10:58.000Z</time>
        <extensions>
          <ns3:TrackPointExtension>
            <ns3:hr>115</ns3:hr>
            <ns3:cad>0</ns3:cad>
          </ns3:TrackPointExtension>
        </extensions>
      </trkpt>
      <trkpt lat="31.27834347076714038848876953125" lon="121.47741417400538921356201171875">
        <ele>10.80000019073486328125</ele>
        <time>2026-09-09T09:10:59.000Z</time>
        <extensions>
          <ns3:TrackPointExtension>
            <ns3:hr>115</ns3:hr>
            <ns3:cad>0</ns3:cad>
          </ns3:TrackPointExtension>
        </extensions>
      </trkpt>
      <trkpt lat="31.2783304788172245025634765625" lon="121.47742708213627338409423828125">
        <ele>10.6000003814697265625</ele>
        <time>2026-09-09T09:11:00.000Z</time>
        <extensions>
          <ns3:TrackPointExtension>
            <ns3:hr>115</ns3:hr>
            <ns3:cad>0</ns3:cad>
          </ns3:TrackPointExtension>
        </extensions>
      </trkpt>
      <trkpt lat="31.27831824123859405517578125" lon="121.47743781097233295440673828125">
        <ele>10.3999996185302734375</ele>
        <time>2026-09-09T09:11:01.000Z</time>
        <extensions>
          <ns3:TrackPointExtension>
            <ns3:hr>115</ns3:hr>
            <ns3:cad>49</ns3:cad>
          </ns3:TrackPointExtension>
        </extensions>
      </trkpt>
      <trkpt lat="31.27831824123859405517578125" lon="121.47743781097233295440673828125">
        <ele>10.3999996185302734375</ele>
        <time>2026-09-09T09:11:02.000Z</time>
        <extensions>
          <ns3:TrackPointExtension>
            <ns3:hr>114</ns3:hr>
            <ns3:cad>49</ns3:cad>
          </ns3:TrackPointExtension>
        </extensions>
      </trkpt>
      <trkpt lat="31.27831094898283481597900390625" lon="121.4774435944855213165283203125">
        <ele>10.3999996185302734375</ele>
        <time>2026-09-09T09:11:03.000Z</time>
        <extensions>
          <ns3:TrackPointExtension>
            <ns3:hr>114</ns3:hr>
            <ns3:cad>49</ns3:cad>
          </ns3:TrackPointExtension>
        </extensions>
      </trkpt>
      <trkpt lat="31.27830089069902896881103515625" lon="121.47745155729353427886962890625">
        <ele>10.19999980926513671875</ele>
        <time>2026-09-09T09:11:04.000Z</time>
        <extensions>
          <ns3:TrackPointExtension>
            <ns3:hr>114</ns3:hr>
            <ns3:cad>50</ns3:cad>
          </ns3:TrackPointExtension>
        </extensions>
      </trkpt>
      <trkpt lat="31.27829007804393768310546875" lon="121.47746019065380096435546875">
        <ele>10</ele>
        <time>2026-09-09T09:11:05.000Z</time>
        <extensions>
          <ns3:TrackPointExtension>
            <ns3:hr>111</ns3:hr>
            <ns3:cad>50</ns3:cad>
          </ns3:TrackPointExtension>
        </extensions>
      </trkpt>
      <trkpt lat="31.2782808579504489898681640625" lon="121.47746647708117961883544921875">
        <ele>9.80000019073486328125</ele>
        <time>2026-09-09T09:11:06.000Z</time>
        <extensions>
          <ns3:TrackPointExtension>
            <ns3:hr>111</ns3:hr>
            <ns3:cad>0</ns3:cad>
          </ns3:TrackPointExtension>
        </extensions>
      </trkpt>
      <trkpt lat="31.2782691232860088348388671875" lon="121.47747385315597057342529296875">
        <ele>9.6000003814697265625</ele>
        <time>2026-09-09T09:11:07.000Z</time>
        <extensions>
          <ns3:TrackPointExtension>
            <ns3:hr>110</ns3:hr>
            <ns3:cad>0</ns3:cad>
          </ns3:TrackPointExtension>
        </extensions>
      </trkpt>
      <trkpt lat="31.27826392650604248046875" lon="121.4774771220982074737548828125">
        <ele>9.6000003814697265625</ele>
        <time>2026-09-09T09:11:08.000Z</time>
        <extensions>
          <ns3:TrackPointExtension>
            <ns3:hr>110</ns3:hr>
            <ns3:cad>0</ns3:cad>
          </ns3:TrackPointExtension>
        </extensions>
      </trkpt>
      <trkpt lat="31.27825965173542499542236328125" lon="121.4774798043072223663330078125">
        <ele>9.6000003814697265625</ele>
        <time>2026-09-09T09:11:09.000Z</time>
        <extensions>
          <ns3:TrackPointExtension>
            <ns3:hr>110</ns3:hr>
            <ns3:cad>0</ns3:cad>
          </ns3:TrackPointExtension>
        </extensions>
      </trkpt>
      <trkpt lat="31.27825093455612659454345703125" lon="121.477485336363315582275390625">
        <ele>9.3999996185302734375</ele>
        <time>2026-09-09T09:11:10.000Z</time>
        <extensions>
          <ns3:TrackPointExtension>
            <ns3:hr>109</ns3:hr>
            <ns3:cad>48</ns3:cad>
          </ns3:TrackPointExtension>
        </extensions>
      </trkpt>
      <trkpt lat="31.2782506830990314483642578125" lon="121.47748542018234729766845703125">
        <ele>9.3999996185302734375</ele>
        <time>2026-09-09T09:11:11.000Z</time>
        <extensions>
          <ns3:TrackPointExtension>
            <ns3:hr>109</ns3:hr>
            <ns3:cad>49</ns3:cad>
          </ns3:TrackPointExtension>
        </extensions>
      </trkpt>
      <trkpt lat="31.27824741415679454803466796875" lon="121.4774875156581401824951171875">
        <ele>9.3999996185302734375</ele>
        <time>2026-09-09T09:11:12.000Z</time>
        <extensions>
          <ns3:TrackPointExtension>
            <ns3:hr>108</ns3:hr>
            <ns3:cad>49</ns3:cad>
          </ns3:TrackPointExtension>
        </extensions>
      </trkpt>
      <trkpt lat="31.27824448049068450927734375" lon="121.4774890244007110595703125">
        <ele>9.3999996185302734375</ele>
        <time>2026-09-09T09:11:13.000Z</time>
        <extensions>
          <ns3:TrackPointExtension>
            <ns3:hr>107</ns3:hr>
            <ns3:cad>0</ns3:cad>
          </ns3:TrackPointExtension>
        </extensions>
      </trkpt>
      <trkpt lat="31.2782345898449420928955078125" lon="121.47749371826648712158203125">
        <ele>9.3999996185302734375</ele>
        <time>2026-09-09T09:11:14.000Z</time>
        <extensions>
          <ns3:TrackPointExtension>
            <ns3:hr>107</ns3:hr>
            <ns3:cad>0</ns3:cad>
          </ns3:TrackPointExtension>
        </extensions>
      </trkpt>
      <trkpt lat="31.2782319076359272003173828125" lon="121.47749497555196285247802734375">
        <ele>9.3999996185302734375</ele>
        <time>2026-09-09T09:11:15.000Z</time>
        <extensions>
          <ns3:TrackPointExtension>
            <ns3:hr>107</ns3:hr>
            <ns3:cad>0</ns3:cad>
          </ns3:TrackPointExtension>
        </extensions>
      </trkpt>
      <trkpt lat="31.27822880633175373077392578125" lon="121.47749648429453372955322265625">
        <ele>9.3999996185302734375</ele>
        <time>2026-09-09T09:11:16.000Z</time>
        <extensions>
          <ns3:TrackPointExtension>
            <ns3:hr>107</ns3:hr>
            <ns3:cad>0</ns3:cad>
          </ns3:TrackPointExtension>
        </extensions>
      </trkpt>
      <trkpt lat="31.27821497619152069091796875" lon="121.47750310599803924560546875">
        <ele>9.19999980926513671875</ele>
        <time>2026-09-09T09:11:17.000Z</time>
        <extensions>
          <ns3:TrackPointExtension>
            <ns3:hr>107</ns3:hr>
            <ns3:cad>0</ns3:cad>
          </ns3:TrackPointExtension>
        </extensions>
      </trkpt>
      <trkpt lat="31.27821640111505985260009765625" lon="121.4775024354457855224609375">
        <ele>9.19999980926513671875</ele>
        <time>2026-09-09T09:11:18.000Z</time>
        <extensions>
          <ns3:TrackPointExtension>
            <ns3:hr>107</ns3:hr>
            <ns3:cad>0</ns3:cad>
          </ns3:TrackPointExtension>
        </extensions>
      </trkpt>
      <trkpt lat="31.2782272137701511383056640625" lon="121.4774972386658191680908203125">
        <ele>9.3999996185302734375</ele>
        <time>2026-09-09T09:11:19.000Z</time>
        <extensions>
          <ns3:TrackPointExtension>
            <ns3:hr>107</ns3:hr>
            <ns3:cad>0</ns3:cad>
          </ns3:TrackPointExtension>
        </extensions>
      </trkpt>
      <trkpt lat="31.27823173999786376953125" lon="121.47749505937099456787109375">
        <ele>9.3999996185302734375</ele>
        <time>2026-09-09T09:11:20.000Z</time>
        <extensions>
          <ns3:TrackPointExtension>
            <ns3:hr>106</ns3:hr>
            <ns3:cad>0</ns3:cad>
          </ns3:TrackPointExtension>
        </extensions>
      </trkpt>
      <trkpt lat="31.27824473194777965545654296875" lon="121.4774888567626476287841796875">
        <ele>9.3999996185302734375</ele>
        <time>2026-09-09T09:11:21.000Z</time>
        <extensions>
          <ns3:TrackPointExtension>
            <ns3:hr>106</ns3:hr>
            <ns3:cad>0</ns3:cad>
          </ns3:TrackPointExtension>
        </extensions>
      </trkpt>
      <trkpt lat="31.278244145214557647705078125" lon="121.4774891920387744903564453125">
        <ele>9.3999996185302734375</ele>
        <time>2026-09-09T09:11:22.000Z</time>
        <extensions>
          <ns3:TrackPointExtension>
            <ns3:hr>106</ns3:hr>
            <ns3:cad>0</ns3:cad>
          </ns3:TrackPointExtension>
        </extensions>
      </trkpt>
      <trkpt lat="31.2782412953674793243408203125" lon="121.4774905331432819366455078125">
        <ele>9.3999996185302734375</ele>
        <time>2026-09-09T09:11:23.000Z</time>
        <extensions>
          <ns3:TrackPointExtension>
            <ns3:hr>106</ns3:hr>
            <ns3:cad>0</ns3:cad>
          </ns3:TrackPointExtension>
        </extensions>
      </trkpt>
      <trkpt lat="31.2782402895390987396240234375" lon="121.47749103605747222900390625">
        <ele>9.3999996185302734375</ele>
        <time>2026-09-09T09:11:24.000Z</time>
        <extensions>
          <ns3:TrackPointExtension>
            <ns3:hr>105</ns3:hr>
            <ns3:cad>0</ns3:cad>
          </ns3:TrackPointExtension>
        </extensions>
      </trkpt>
      <trkpt lat="31.2782376073300838470458984375" lon="121.47749229334294795989990234375">
        <ele>9.3999996185302734375</ele>
        <time>2026-09-09T09:11:25.000Z</time>
        <extensions>
          <ns3:TrackPointExtension>
            <ns3:hr>104</ns3:hr>
            <ns3:cad>0</ns3:cad>
          </ns3:TrackPointExtension>
        </extensions>
      </trkpt>
      <trkpt lat="31.2782379426062107086181640625" lon="121.47749212570488452911376953125">
        <ele>9.3999996185302734375</ele>
        <time>2026-09-09T09:11:26.000Z</time>
        <extensions>
          <ns3:TrackPointExtension>
            <ns3:hr>104</ns3:hr>
            <ns3:cad>0</ns3:cad>
          </ns3:TrackPointExtension>
        </extensions>
      </trkpt>
      <trkpt lat="31.2782386131584644317626953125" lon="121.47749179042875766754150390625">
        <ele>9.3999996185302734375</ele>
        <time>2026-09-09T09:11:27.000Z</time>
        <extensions>
          <ns3:TrackPointExtension>
            <ns3:hr>103</ns3:hr>
            <ns3:cad>0</ns3:cad>
          </ns3:TrackPointExtension>
        </extensions>
      </trkpt>
      <trkpt lat="31.27824037335813045501708984375" lon="121.47749095223844051361083984375">
        <ele>9.3999996185302734375</ele>
        <time>2026-09-09T09:11:28.000Z</time>
        <extensions>
          <ns3:TrackPointExtension>
            <ns3:hr>103</ns3:hr>
            <ns3:cad>0</ns3:cad>
          </ns3:TrackPointExtension>
        </extensions>
      </trkpt>
      <trkpt lat="31.27823785878717899322509765625" lon="121.4774922095239162445068359375">
        <ele>9.3999996185302734375</ele>
        <time>2026-09-09T09:11:29.000Z</time>
        <extensions>
          <ns3:TrackPointExtension>
            <ns3:hr>103</ns3:hr>
            <ns3:cad>0</ns3:cad>
          </ns3:TrackPointExtension>
        </extensions>
      </trkpt>
      <trkpt lat="31.2782389484345912933349609375" lon="121.47749162279069423675537109375">
        <ele>9.3999996185302734375</ele>
        <time>2026-09-09T09:11:30.000Z</time>
        <extensions>
          <ns3:TrackPointExtension>
            <ns3:hr>102</ns3:hr>
            <ns3:cad>0</ns3:cad>
          </ns3:TrackPointExtension>
        </extensions>
      </trkpt>
      <trkpt lat="31.2782355956733226776123046875" lon="121.4774932153522968292236328125">
        <ele>9.3999996185302734375</ele>
        <time>2026-09-09T09:11:31.000Z</time>
        <extensions>
          <ns3:TrackPointExtension>
            <ns3:hr>102</ns3:hr>
            <ns3:cad>0</ns3:cad>
          </ns3:TrackPointExtension>
        </extensions>
      </trkpt>
      <trkpt lat="31.2782332487404346466064453125" lon="121.4774943888187408447265625">
        <ele>9.3999996185302734375</ele>
        <time>2026-09-09T09:11:32.000Z</time>
        <extensions>
          <ns3:TrackPointExtension>
            <ns3:hr>102</ns3:hr>
            <ns3:cad>0</ns3:cad>
          </ns3:TrackPointExtension>
        </extensions>
      </trkpt>
      <trkpt lat="31.27823375165462493896484375" lon="121.47749413736164569854736328125">
        <ele>9.3999996185302734375</ele>
        <time>2026-09-09T09:11:33.000Z</time>
        <extensions>
          <ns3:TrackPointExtension>
            <ns3:hr>102</ns3:hr>
            <ns3:cad>0</ns3:cad>
          </ns3:TrackPointExtension>
        </extensions>
      </trkpt>
      <trkpt lat="31.2782288901507854461669921875" lon="121.47749648429453372955322265625">
        <ele>9.3999996185302734375</ele>
        <time>2026-09-09T09:11:34.000Z</time>
        <extensions>
          <ns3:TrackPointExtension>
            <ns3:hr>102</ns3:hr>
            <ns3:cad>0</ns3:cad>
          </ns3:TrackPointExtension>
        </extensions>
      </trkpt>
      <trkpt lat="31.27822260372340679168701171875" lon="121.47749950177967548370361328125">
        <ele>9.3999996185302734375</ele>
        <time>2026-09-09T09:11:35.000Z</time>
        <extensions>
          <ns3:TrackPointExtension>
            <ns3:hr>101</ns3:hr>
            <ns3:cad>0</ns3:cad>
          </ns3:TrackPointExtension>
        </extensions>
      </trkpt>
      <trkpt lat="31.27822126261889934539794921875" lon="121.477500088512897491455078125">
        <ele>9.3999996185302734375</ele>
        <time>2026-09-09T09:11:36.000Z</time>
        <extensions>
          <ns3:TrackPointExtension>
            <ns3:hr>102</ns3:hr>
            <ns3:cad>0</ns3:cad>
          </ns3:TrackPointExtension>
        </extensions>
      </trkpt>
      <trkpt lat="31.2782288901507854461669921875" lon="121.47749648429453372955322265625">
        <ele>9.3999996185302734375</ele>
        <time>2026-09-09T09:11:37.000Z</time>
        <extensions>
          <ns3:TrackPointExtension>
            <ns3:hr>102</ns3:hr>
            <ns3:cad>0</ns3:cad>
          </ns3:TrackPointExtension>
        </extensions>
      </trkpt>
      <trkpt lat="31.2782362662255764007568359375" lon="121.47749296389520168304443359375">
        <ele>9.3999996185302734375</ele>
        <time>2026-09-09T09:11:38.000Z</time>
        <extensions>
          <ns3:TrackPointExtension>
            <ns3:hr>102</ns3:hr>
            <ns3:cad>0</ns3:cad>
          </ns3:TrackPointExtension>
        </extensions>
      </trkpt>
      <trkpt lat="31.278246156871318817138671875" lon="121.4774881862103939056396484375">
        <ele>9.3999996185302734375</ele>
        <time>2026-09-09T09:11:39.000Z</time>
        <extensions>
          <ns3:TrackPointExtension>
            <ns3:hr>102</ns3:hr>
            <ns3:cad>0</ns3:cad>
          </ns3:TrackPointExtension>
        </extensions>
      </trkpt>
      <trkpt lat="31.27824942581355571746826171875" lon="121.47748625837266445159912109375">
        <ele>9.3999996185302734375</ele>
        <time>2026-09-09T09:11:40.000Z</time>
        <extensions>
          <ns3:TrackPointExtension>
            <ns3:hr>102</ns3:hr>
            <ns3:cad>0</ns3:cad>
          </ns3:TrackPointExtension>
        </extensions>
      </trkpt>
      <trkpt lat="31.2782486714422702789306640625" lon="121.477486677467823028564453125">
        <ele>9.3999996185302734375</ele>
        <time>2026-09-09T09:11:41.000Z</time>
        <extensions>
          <ns3:TrackPointExtension>
            <ns3:hr>102</ns3:hr>
            <ns3:cad>0</ns3:cad>
          </ns3:TrackPointExtension>
        </extensions>
      </trkpt>
      <trkpt lat="31.27824607305228710174560546875" lon="121.47748827002942562103271484375">
        <ele>9.3999996185302734375</ele>
        <time>2026-09-09T09:11:42.000Z</time>
        <extensions>
          <ns3:TrackPointExtension>
            <ns3:hr>102</ns3:hr>
            <ns3:cad>0</ns3:cad>
          </ns3:TrackPointExtension>
        </extensions>
      </trkpt>
      <trkpt lat="31.27824925817549228668212890625" lon="121.4774863421916961669921875">
        <ele>9.3999996185302734375</ele>
        <time>2026-09-09T09:11:43.000Z</time>
        <extensions>
          <ns3:TrackPointExtension>
            <ns3:hr>102</ns3:hr>
            <ns3:cad>0</ns3:cad>
          </ns3:TrackPointExtension>
        </extensions>
      </trkpt>
      <trkpt lat="31.278255544602870941162109375" lon="121.47748240269720554351806640625">
        <ele>9.3999996185302734375</ele>
        <time>2026-09-09T09:11:44.000Z</time>
        <extensions>
          <ns3:TrackPointExtension>
            <ns3:hr>103</ns3:hr>
            <ns3:cad>0</ns3:cad>
          </ns3:TrackPointExtension>
        </extensions>
      </trkpt>
      <trkpt lat="31.2782610766589641571044921875" lon="121.47747888229787349700927734375">
        <ele>9.6000003814697265625</ele>
        <time>2026-09-09T09:11:45.000Z</time>
        <extensions>
          <ns3:TrackPointExtension>
            <ns3:hr>103</ns3:hr>
            <ns3:cad>0</ns3:cad>
          </ns3:TrackPointExtension>
        </extensions>
      </trkpt>
      <trkpt lat="31.27825948409736156463623046875" lon="121.47747988812625408172607421875">
        <ele>9.6000003814697265625</ele>
        <time>2026-09-09T09:11:46.000Z</time>
        <extensions>
          <ns3:TrackPointExtension>
            <ns3:hr>104</ns3:hr>
            <ns3:cad>0</ns3:cad>
          </ns3:TrackPointExtension>
        </extensions>
      </trkpt>
      <trkpt lat="31.27826786600053310394287109375" lon="121.477474607527256011962890625">
        <ele>9.6000003814697265625</ele>
        <time>2026-09-09T09:11:47.000Z</time>
        <extensions>
          <ns3:TrackPointExtension>
            <ns3:hr>104</ns3:hr>
            <ns3:cad>0</ns3:cad>
          </ns3:TrackPointExtension>
        </extensions>
      </trkpt>
      <trkpt lat="31.27827038057148456573486328125" lon="121.4774730987846851348876953125">
        <ele>9.6000003814697265625</ele>
        <time>2026-09-09T09:11:48.000Z</time>
        <extensions>
          <ns3:TrackPointExtension>
            <ns3:hr>104</ns3:hr>
            <ns3:cad>0</ns3:cad>
          </ns3:TrackPointExtension>
        </extensions>
      </trkpt>
      <trkpt lat="31.2782734818756580352783203125" lon="121.4774710871279239654541015625">
        <ele>9.6000003814697265625</ele>
        <time>2026-09-09T09:11:49.000Z</time>
        <extensions>
          <ns3:TrackPointExtension>
            <ns3:hr>103</ns3:hr>
            <ns3:cad>0</ns3:cad>
          </ns3:TrackPointExtension>
        </extensions>
      </trkpt>
      <trkpt lat="31.27827800810337066650390625" lon="121.47746823728084564208984375">
        <ele>9.80000019073486328125</ele>
        <time>2026-09-09T09:11:50.000Z</time>
        <extensions>
          <ns3:TrackPointExtension>
            <ns3:hr>102</ns3:hr>
            <ns3:cad>0</ns3:cad>
          </ns3:TrackPointExtension>
        </extensions>
      </trkpt>
      <trkpt lat="31.27828203141689300537109375" lon="121.4774657227098941802978515625">
        <ele>9.80000019073486328125</ele>
        <time>2026-09-09T09:11:51.000Z</time>
        <extensions>
          <ns3:TrackPointExtension>
            <ns3:hr>102</ns3:hr>
            <ns3:cad>0</ns3:cad>
          </ns3:TrackPointExtension>
        </extensions>
      </trkpt>
      <trkpt lat="31.27828228287398815155029296875" lon="121.47746555507183074951171875">
        <ele>9.80000019073486328125</ele>
        <time>2026-09-09T09:11:52.000Z</time>
        <extensions>
          <ns3:TrackPointExtension>
            <ns3:hr>102</ns3:hr>
            <ns3:cad>45</ns3:cad>
          </ns3:TrackPointExtension>
        </extensions>
      </trkpt>
      <trkpt lat="31.27828815020620822906494140625" lon="121.47746178321540355682373046875">
        <ele>10</ele>
        <time>2026-09-09T09:11:53.000Z</time>
        <extensions>
          <ns3:TrackPointExtension>
            <ns3:hr>102</ns3:hr>
            <ns3:cad>45</ns3:cad>
          </ns3:TrackPointExtension>
        </extensions>
      </trkpt>
      <trkpt lat="31.27830642275512218475341796875" lon="121.47744719870388507843017578125">
        <ele>10.19999980926513671875</ele>
        <time>2026-09-09T09:11:54.000Z</time>
        <extensions>
          <ns3:TrackPointExtension>
            <ns3:hr>102</ns3:hr>
            <ns3:cad>45</ns3:cad>
          </ns3:TrackPointExtension>
        </extensions>
      </trkpt>
      <trkpt lat="31.2783153913915157318115234375" lon="121.47743999026715755462646484375">
        <ele>10.3999996185302734375</ele>
        <time>2026-09-09T09:11:55.000Z</time>
        <extensions>
          <ns3:TrackPointExtension>
            <ns3:hr>102</ns3:hr>
            <ns3:cad>0</ns3:cad>
          </ns3:TrackPointExtension>
        </extensions>
      </trkpt>
      <trkpt lat="31.27831631340086460113525390625" lon="121.47743931971490383148193359375">
        <ele>10.3999996185302734375</ele>
        <time>2026-09-09T09:11:56.000Z</time>
        <extensions>
          <ns3:TrackPointExtension>
            <ns3:hr>102</ns3:hr>
            <ns3:cad>0</ns3:cad>
          </ns3:TrackPointExtension>
        </extensions>
      </trkpt>
      <trkpt lat="31.27832251600921154022216796875" lon="121.477434374392032623291015625">
        <ele>10.6000003814697265625</ele>
        <time>2026-09-09T09:11:57.000Z</time>
        <extensions>
          <ns3:TrackPointExtension>
            <ns3:hr>102</ns3:hr>
            <ns3:cad>0</ns3:cad>
          </ns3:TrackPointExtension>
        </extensions>
      </trkpt>
      <trkpt lat="31.2783341668546199798583984375" lon="121.47742339409887790679931640625">
        <ele>10.80000019073486328125</ele>
        <time>2026-09-09T09:11:58.000Z</time>
        <extensions>
          <ns3:TrackPointExtension>
            <ns3:hr>102</ns3:hr>
            <ns3:cad>0</ns3:cad>
          </ns3:TrackPointExtension>
        </extensions>
      </trkpt>
      <trkpt lat="31.2783552892506122589111328125" lon="121.47740252315998077392578125">
        <ele>11</ele>
        <time>2026-09-09T09:11:59.000Z</time>
        <extensions>
          <ns3:TrackPointExtension>
            <ns3:hr>101</ns3:hr>
            <ns3:cad>50</ns3:cad>
          </ns3:TrackPointExtension>
        </extensions>
      </trkpt>
      <trkpt lat="31.27836727537214756011962890625" lon="121.47738902829587459564208984375">
        <ele>11.19999980926513671875</ele>
        <time>2026-09-09T09:12:00.000Z</time>
        <extensions>
          <ns3:TrackPointExtension>
            <ns3:hr>101</ns3:hr>
            <ns3:cad>50</ns3:cad>
          </ns3:TrackPointExtension>
        </extensions>
      </trkpt>
      <trkpt lat="31.27840734086930751800537109375" lon="121.47733588702976703643798828125">
        <ele>11.80000019073486328125</ele>
        <time>2026-09-09T09:12:01.000Z</time>
        <extensions>
          <ns3:TrackPointExtension>
            <ns3:hr>100</ns3:hr>
            <ns3:cad>50</ns3:cad>
          </ns3:TrackPointExtension>
        </extensions>
      </trkpt>
      <trkpt lat="31.27844086848199367523193359375" lon="121.47727754898369312286376953125">
        <ele>11.19999980926513671875</ele>
        <time>2026-09-09T09:12:02.000Z</time>
        <extensions>
          <ns3:TrackPointExtension>
            <ns3:hr>100</ns3:hr>
            <ns3:cad>50</ns3:cad>
          </ns3:TrackPointExtension>
        </extensions>
      </trkpt>
      <trkpt lat="31.2784635834395885467529296875" lon="121.4772246591746807098388671875">
        <ele>10.80000019073486328125</ele>
        <time>2026-09-09T09:12:03.000Z</time>
        <extensions>
          <ns3:TrackPointExtension>
            <ns3:hr>101</ns3:hr>
            <ns3:cad>96</ns3:cad>
          </ns3:TrackPointExtension>
        </extensions>
      </trkpt>
      <trkpt lat="31.278481185436248779296875" lon="121.47716741077601909637451171875">
        <ele>10.19999980926513671875</ele>
        <time>2026-09-09T09:12:04.000Z</time>
        <extensions>
          <ns3:TrackPointExtension>
            <ns3:hr>99</ns3:hr>
            <ns3:cad>96</ns3:cad>
          </ns3:TrackPointExtension>
        </extensions>
      </trkpt>
      <trkpt lat="31.27849233336746692657470703125" lon="121.477111168205738067626953125">
        <ele>9.6000003814697265625</ele>
        <time>2026-09-09T09:12:05.000Z</time>
        <extensions>
          <ns3:TrackPointExtension>
            <ns3:hr>99</ns3:hr>
            <ns3:cad>92</ns3:cad>
          </ns3:TrackPointExtension>
        </extensions>
      </trkpt>
      <trkpt lat="31.27849794924259185791015625" lon="121.4770598709583282470703125">
        <ele>9</ele>
        <time>2026-09-09T09:12:06.000Z</time>
        <extensions>
          <ns3:TrackPointExtension>
            <ns3:hr>99</ns3:hr>
            <ns3:cad>91</ns3:cad>
          </ns3:TrackPointExtension>
        </extensions>
      </trkpt>
      <trkpt lat="31.27849887125194072723388671875" lon="121.47700555622577667236328125">
        <ele>8.3999996185302734375</ele>
        <time>2026-09-09T09:12:07.000Z</time>
        <extensions>
          <ns3:TrackPointExtension>
            <ns3:hr>103</ns3:hr>
            <ns3:cad>91</ns3:cad>
          </ns3:TrackPointExtension>
        </extensions>
      </trkpt>
      <trkpt lat="31.27849526703357696533203125" lon="121.4769530855119228363037109375">
        <ele>7.80000019073486328125</ele>
        <time>2026-09-09T09:12:08.000Z</time>
        <extensions>
          <ns3:TrackPointExtension>
            <ns3:hr>103</ns3:hr>
            <ns3:cad>91</ns3:cad>
          </ns3:TrackPointExtension>
        </extensions>
      </trkpt>
      <trkpt lat="31.278486214578151702880859375" lon="121.4768981002271175384521484375">
        <ele>7.400000095367431640625</ele>
        <time>2026-09-09T09:12:09.000Z</time>
        <extensions>
          <ns3:TrackPointExtension>
            <ns3:hr>105</ns3:hr>
            <ns3:cad>91</ns3:cad>
          </ns3:TrackPointExtension>
        </extensions>
      </trkpt>
      <trkpt lat="31.27847724594175815582275390625" lon="121.4768622256815433502197265625">
        <ele>7</ele>
        <time>2026-09-09T09:12:10.000Z</time>
        <extensions>
          <ns3:TrackPointExtension>
            <ns3:hr>108</ns3:hr>
            <ns3:cad>92</ns3:cad>
          </ns3:TrackPointExtension>
        </extensions>
      </trkpt>
      <trkpt lat="31.2784625776112079620361328125" lon="121.47681721486151218414306640625">
        <ele>7.599999904632568359375</ele>
        <time>2026-09-09T09:12:11.000Z</time>
        <extensions>
          <ns3:TrackPointExtension>
            <ns3:hr>108</ns3:hr>
            <ns3:cad>92</ns3:cad>
          </ns3:TrackPointExtension>
        </extensions>
      </trkpt>
      <trkpt lat="31.27844304777681827545166015625" lon="121.4767710305750370025634765625">
        <ele>8</ele>
        <time>2026-09-09T09:12:12.000Z</time>
        <extensions>
          <ns3:TrackPointExtension>
            <ns3:hr>110</ns3:hr>
            <ns3:cad>92</ns3:cad>
          </ns3:TrackPointExtension>
        </extensions>
      </trkpt>
      <trkpt lat="31.27842159010469913482666015625" lon="121.47673062980175018310546875">
        <ele>8.3999996185302734375</ele>
        <time>2026-09-09T09:12:13.000Z</time>
        <extensions>
          <ns3:TrackPointExtension>
            <ns3:hr>113</ns3:hr>
            <ns3:cad>92</ns3:cad>
          </ns3:TrackPointExtension>
        </extensions>
      </trkpt>
      <trkpt lat="31.278399713337421417236328125" lon="121.47669634781777858734130859375">
        <ele>8.80000019073486328125</ele>
        <time>2026-09-09T09:12:14.000Z</time>
        <extensions>
          <ns3:TrackPointExtension>
            <ns3:hr>113</ns3:hr>
            <ns3:cad>91</ns3:cad>
          </ns3:TrackPointExtension>
        </extensions>
      </trkpt>
      <trkpt lat="31.2783754058182239532470703125" lon="121.47666382603347301483154296875">
        <ele>9.19999980926513671875</ele>
        <time>2026-09-09T09:12:15.000Z</time>
        <extensions>
          <ns3:TrackPointExtension>
            <ns3:hr>115</ns3:hr>
            <ns3:cad>91</ns3:cad>
          </ns3:TrackPointExtension>
        </extensions>
      </trkpt>
      <trkpt lat="31.27834849990904331207275390625" lon="121.47663365118205547332763671875">
        <ele>9.6000003814697265625</ele>
        <time>2026-09-09T09:12:16.000Z</time>
        <extensions>
          <ns3:TrackPointExtension>
            <ns3:hr>117</ns3:hr>
            <ns3:cad>91</ns3:cad>
          </ns3:TrackPointExtension>
        </extensions>
      </trkpt>
      <trkpt lat="31.27831933088600635528564453125" lon="121.47660682909190654754638671875">
        <ele>9.80000019073486328125</ele>
        <time>2026-09-09T09:12:17.000Z</time>
        <extensions>
          <ns3:TrackPointExtension>
            <ns3:hr>117</ns3:hr>
            <ns3:cad>91</ns3:cad>
          </ns3:TrackPointExtension>
        </extensions>
      </trkpt>
      <trkpt lat="31.27828898839652538299560546875" lon="121.47658310830593109130859375">
        <ele>10.19999980926513671875</ele>
        <time>2026-09-09T09:12:18.000Z</time>
        <extensions>
          <ns3:TrackPointExtension>
            <ns3:hr>118</ns3:hr>
            <ns3:cad>91</ns3:cad>
          </ns3:TrackPointExtension>
        </extensions>
      </trkpt>
      <trkpt lat="31.278260909020900726318359375" lon="121.47656433284282684326171875">
        <ele>10.6000003814697265625</ele>
        <time>2026-09-09T09:12:19.000Z</time>
        <extensions>
          <ns3:TrackPointExtension>
            <ns3:hr>121</ns3:hr>
            <ns3:cad>92</ns3:cad>
          </ns3:TrackPointExtension>
        </extensions>
      </trkpt>
      <trkpt lat="31.27822629176080226898193359375" lon="121.4765450544655323028564453125">
        <ele>11</ele>
        <time>2026-09-09T09:12:20.000Z</time>
        <extensions>
          <ns3:TrackPointExtension>
            <ns3:hr>121</ns3:hr>
            <ns3:cad>92</ns3:cad>
          </ns3:TrackPointExtension>
        </extensions>
      </trkpt>
      <trkpt lat="31.2781941890716552734375" lon="121.4765292964875698089599609375">
        <ele>11</ele>
        <time>2026-09-09T09:12:21.000Z</time>
        <extensions>
          <ns3:TrackPointExtension>
            <ns3:hr>125</ns3:hr>
            <ns3:cad>91</ns3:cad>
          </ns3:TrackPointExtension>
        </extensions>
      </trkpt>
      <trkpt lat="31.278160326182842254638671875" lon="121.4765127003192901611328125">
        <ele>10.80000019073486328125</ele>
        <time>2026-09-09T09:12:22.000Z</time>
        <extensions>
          <ns3:TrackPointExtension>
            <ns3:hr>127</ns3:hr>
            <ns3:cad>91</ns3:cad>
          </ns3:TrackPointExtension>
        </extensions>
      </trkpt>
      <trkpt lat="31.27813107334077358245849609375" lon="121.476498283445835113525390625">
        <ele>10.6000003814697265625</ele>
        <time>2026-09-09T09:12:23.000Z</time>
        <extensions>
          <ns3:TrackPointExtension>
            <ns3:hr>127</ns3:hr>
            <ns3:cad>91</ns3:cad>
          </ns3:TrackPointExtension>
        </extensions>
      </trkpt>
      <trkpt lat="31.27809830009937286376953125" lon="121.47648227401077747344970703125">
        <ele>10.3999996185302734375</ele>
        <time>2026-09-09T09:12:24.000Z</time>
        <extensions>
          <ns3:TrackPointExtension>
            <ns3:hr>130</ns3:hr>
            <ns3:cad>91</ns3:cad>
          </ns3:TrackPointExtension>
        </extensions>
      </trkpt>
      <trkpt lat="31.27807374112308025360107421875" lon="121.47647020407021045684814453125">
        <ele>10.3999996185302734375</ele>
        <time>2026-09-09T09:12:25.000Z</time>
        <extensions>
          <ns3:TrackPointExtension>
            <ns3:hr>132</ns3:hr>
            <ns3:cad>91</ns3:cad>
          </ns3:TrackPointExtension>
        </extensions>
      </trkpt>
      <trkpt lat="31.27804675139486789703369140625" lon="121.47645696066319942474365234375">
        <ele>10.19999980926513671875</ele>
        <time>2026-09-09T09:12:26.000Z</time>
        <extensions>
          <ns3:TrackPointExtension>
            <ns3:hr>132</ns3:hr>
            <ns3:cad>91</ns3:cad>
          </ns3:TrackPointExtension>
        </extensions>
      </trkpt>
      <trkpt lat="31.27801523543894290924072265625" lon="121.4764414541423320770263671875">
        <ele>10.19999980926513671875</ele>
        <time>2026-09-09T09:12:27.000Z</time>
        <extensions>
          <ns3:TrackPointExtension>
            <ns3:hr>135</ns3:hr>
            <ns3:cad>91</ns3:cad>
          </ns3:TrackPointExtension>
        </extensions>
      </trkpt>
      <trkpt lat="31.27798556350171566009521484375" lon="121.47642695344984531402587890625">
        <ele>10.19999980926513671875</ele>
        <time>2026-09-09T09:12:28.000Z</time>
        <extensions>
          <ns3:TrackPointExtension>
            <ns3:hr>136</ns3:hr>
            <ns3:cad>92</ns3:cad>
          </ns3:TrackPointExtension>
        </extensions>
      </trkpt>
      <trkpt lat="31.2779594957828521728515625" lon="121.47641412913799285888671875">
        <ele>10</ele>
        <time>2026-09-09T09:12:29.000Z</time>
        <extensions>
          <ns3:TrackPointExtension>
            <ns3:hr>136</ns3:hr>
            <ns3:cad>92</ns3:cad>
          </ns3:TrackPointExtension>
        </extensions>
      </trkpt>
      <trkpt lat="31.2779271416366100311279296875" lon="121.47639828734099864959716796875">
        <ele>10</ele>
        <time>2026-09-09T09:12:30.000Z</time>
        <extensions>
          <ns3:TrackPointExtension>
            <ns3:hr>138</ns3:hr>
            <ns3:cad>92</ns3:cad>
          </ns3:TrackPointExtension>
        </extensions>
      </trkpt>
      <trkpt lat="31.277896463871002197265625" lon="121.47638319991528987884521484375">
        <ele>10.19999980926513671875</ele>
        <time>2026-09-09T09:12:31.000Z</time>
        <extensions>
          <ns3:TrackPointExtension>
            <ns3:hr>138</ns3:hr>
            <ns3:cad>91</ns3:cad>
          </ns3:TrackPointExtension>
        </extensions>
      </trkpt>
      <trkpt lat="31.27786486409604549407958984375" lon="121.4763676933944225311279296875">
        <ele>10.19999980926513671875</ele>
        <time>2026-09-09T09:12:32.000Z</time>
        <extensions>
          <ns3:TrackPointExtension>
            <ns3:hr>139</ns3:hr>
            <ns3:cad>91</ns3:cad>
          </ns3:TrackPointExtension>
        </extensions>
      </trkpt>
      <trkpt lat="31.27783519215881824493408203125" lon="121.476353108882904052734375">
        <ele>10.19999980926513671875</ele>
        <time>2026-09-09T09:12:33.000Z</time>
        <extensions>
          <ns3:TrackPointExtension>
            <ns3:hr>142</ns3:hr>
            <ns3:cad>91</ns3:cad>
          </ns3:TrackPointExtension>
        </extensions>
      </trkpt>
      <trkpt lat="31.27780459821224212646484375" lon="121.47633810527622699737548828125">
        <ele>10.19999980926513671875</ele>
        <time>2026-09-09T09:12:34.000Z</time>
        <extensions>
          <ns3:TrackPointExtension>
            <ns3:hr>142</ns3:hr>
            <ns3:cad>91</ns3:cad>
          </ns3:TrackPointExtension>
        </extensions>
      </trkpt>
      <trkpt lat="31.2777725793421268463134765625" lon="121.4763224311172962188720703125">
        <ele>10.3999996185302734375</ele>
        <time>2026-09-09T09:12:35.000Z</time>
        <extensions>
          <ns3:TrackPointExtension>
            <ns3:hr>143</ns3:hr>
            <ns3:cad>91</ns3:cad>
          </ns3:TrackPointExtension>
        </extensions>
      </trkpt>
      <trkpt lat="31.27773963846266269683837890625" lon="121.47630625404417514801025390625">
        <ele>10.3999996185302734375</ele>
        <time>2026-09-09T09:12:36.000Z</time>
        <extensions>
          <ns3:TrackPointExtension>
            <ns3:hr>145</ns3:hr>
            <ns3:cad>91</ns3:cad>
          </ns3:TrackPointExtension>
        </extensions>
      </trkpt>
      <trkpt lat="31.27770896069705486297607421875" lon="121.47629208862781524658203125">
        <ele>10.19999980926513671875</ele>
        <time>2026-09-09T09:12:37.000Z</time>
        <extensions>
          <ns3:TrackPointExtension>
            <ns3:hr>145</ns3:hr>
            <ns3:cad>90</ns3:cad>
          </ns3:TrackPointExtension>
        </extensions>
      </trkpt>
      <trkpt lat="31.27767459489405155181884765625" lon="121.47627809084951877593994140625">
        <ele>10.19999980926513671875</ele>
        <time>2026-09-09T09:12:38.000Z</time>
        <extensions>
          <ns3:TrackPointExtension>
            <ns3:hr>147</ns3:hr>
            <ns3:cad>90</ns3:cad>
          </ns3:TrackPointExtension>
        </extensions>
      </trkpt>
      <trkpt lat="31.27763830125331878662109375" lon="121.4762677811086177825927734375">
        <ele>10</ele>
        <time>2026-09-09T09:12:39.000Z</time>
        <extensions>
          <ns3:TrackPointExtension>
            <ns3:hr>148</ns3:hr>
            <ns3:cad>90</ns3:cad>
          </ns3:TrackPointExtension>
        </extensions>
      </trkpt>
      <trkpt lat="31.27760167233645915985107421875" lon="121.47626124322414398193359375">
        <ele>10</ele>
        <time>2026-09-09T09:12:40.000Z</time>
        <extensions>
          <ns3:TrackPointExtension>
            <ns3:hr>148</ns3:hr>
            <ns3:cad>90</ns3:cad>
          </ns3:TrackPointExtension>
        </extensions>
      </trkpt>
      <trkpt lat="31.27756361849606037139892578125" lon="121.47625814191997051239013671875">
        <ele>9.6000003814697265625</ele>
        <time>2026-09-09T09:12:41.000Z</time>
        <extensions>
          <ns3:TrackPointExtension>
            <ns3:hr>150</ns3:hr>
            <ns3:cad>90</ns3:cad>
          </ns3:TrackPointExtension>
        </extensions>
      </trkpt>
      <trkpt lat="31.2775315158069133758544921875" lon="121.476258225739002227783203125">
        <ele>9.19999980926513671875</ele>
        <time>2026-09-09T09:12:42.000Z</time>
        <extensions>
          <ns3:TrackPointExtension>
            <ns3:hr>151</ns3:hr>
            <ns3:cad>91</ns3:cad>
          </ns3:TrackPointExtension>
        </extensions>
      </trkpt>
      <trkpt lat="31.27749823965132236480712890625" lon="121.47626115940511226654052734375">
        <ele>8.80000019073486328125</ele>
        <time>2026-09-09T09:12:43.000Z</time>
        <extensions>
          <ns3:TrackPointExtension>
            <ns3:hr>151</ns3:hr>
            <ns3:cad>91</ns3:cad>
          </ns3:TrackPointExtension>
        </extensions>
      </trkpt>
      <trkpt lat="31.27746638841927051544189453125" lon="121.47626752965152263641357421875">
        <ele>8.3999996185302734375</ele>
        <time>2026-09-09T09:12:44.000Z</time>
        <extensions>
          <ns3:TrackPointExtension>
            <ns3:hr>152</ns3:hr>
            <ns3:cad>91</ns3:cad>
          </ns3:TrackPointExtension>
        </extensions>
      </trkpt>
      <trkpt lat="31.27743219025433063507080078125" lon="121.4762771688401699066162109375">
        <ele>8</ele>
        <time>2026-09-09T09:12:45.000Z</time>
        <extensions>
          <ns3:TrackPointExtension>
            <ns3:hr>153</ns3:hr>
            <ns3:cad>91</ns3:cad>
          </ns3:TrackPointExtension>
        </extensions>
      </trkpt>
      <trkpt lat="31.27740033902227878570556640625" lon="121.476288735866546630859375">
        <ele>7.400000095367431640625</ele>
        <time>2026-09-09T09:12:46.000Z</time>
        <extensions>
          <ns3:TrackPointExtension>
            <ns3:hr>153</ns3:hr>
            <ns3:cad>91</ns3:cad>
          </ns3:TrackPointExtension>
        </extensions>
      </trkpt>
      <trkpt lat="31.27737066708505153656005859375" lon="121.4763029851019382476806640625">
        <ele>7.19999980926513671875</ele>
        <time>2026-09-09T09:12:47.000Z</time>
        <extensions>
          <ns3:TrackPointExtension>
            <ns3:hr>153</ns3:hr>
            <ns3:cad>91</ns3:cad>
          </ns3:TrackPointExtension>
        </extensions>
      </trkpt>
      <trkpt lat="31.27734267152845859527587890625" lon="121.4763194136321544647216796875">
        <ele>7.19999980926513671875</ele>
        <time>2026-09-09T09:12:48.000Z</time>
        <extensions>
          <ns3:TrackPointExtension>
            <ns3:hr>153</ns3:hr>
            <ns3:cad>92</ns3:cad>
          </ns3:TrackPointExtension>
        </extensions>
      </trkpt>
      <trkpt lat="31.27731719054281711578369140625" lon="121.47633634507656097412109375">
        <ele>7.400000095367431640625</ele>
        <time>2026-09-09T09:12:49.000Z</time>
        <extensions>
          <ns3:TrackPointExtension>
            <ns3:hr>154</ns3:hr>
            <ns3:cad>92</ns3:cad>
          </ns3:TrackPointExtension>
        </extensions>
      </trkpt>
      <trkpt lat="31.27729229629039764404296875" lon="121.47635621018707752227783203125">
        <ele>7.400000095367431640625</ele>
        <time>2026-09-09T09:12:50.000Z</time>
        <extensions>
          <ns3:TrackPointExtension>
            <ns3:hr>154</ns3:hr>
            <ns3:cad>92</ns3:cad>
          </ns3:TrackPointExtension>
        </extensions>
      </trkpt>
      <trkpt lat="31.277266480028629302978515625" lon="121.476380266249179840087890625">
        <ele>7.599999904632568359375</ele>
        <time>2026-09-09T09:12:51.000Z</time>
        <extensions>
          <ns3:TrackPointExtension>
            <ns3:hr>154</ns3:hr>
            <ns3:cad>91</ns3:cad>
          </ns3:TrackPointExtension>
        </extensions>
      </trkpt>
      <trkpt lat="31.27724326215684413909912109375" lon="121.47640465758740901947021484375">
        <ele>7.599999904632568359375</ele>
        <time>2026-09-09T09:12:52.000Z</time>
        <extensions>
          <ns3:TrackPointExtension>
            <ns3:hr>155</ns3:hr>
            <ns3:cad>91</ns3:cad>
          </ns3:TrackPointExtension>
        </extensions>
      </trkpt>
      <trkpt lat="31.2772156856954097747802734375" lon="121.47643885575234889984130859375">
        <ele>7.80000019073486328125</ele>
        <time>2026-09-09T09:12:53.000Z</time>
        <extensions>
          <ns3:TrackPointExtension>
            <ns3:hr>155</ns3:hr>
            <ns3:cad>91</ns3:cad>
          </ns3:TrackPointExtension>
        </extensions>
      </trkpt>
      <trkpt lat="31.277193389832973480224609375" lon="121.47647255100309848785400390625">
        <ele>7.80000019073486328125</ele>
        <time>2026-09-09T09:12:54.000Z</time>
        <extensions>
          <ns3:TrackPointExtension>
            <ns3:hr>155</ns3:hr>
            <ns3:cad>91</ns3:cad>
          </ns3:TrackPointExtension>
        </extensions>
      </trkpt>
      <trkpt lat="31.27717201597988605499267578125" lon="121.47651135921478271484375">
        <ele>7.80000019073486328125</ele>
        <time>2026-09-09T09:12:55.000Z</time>
        <extensions>
          <ns3:TrackPointExtension>
            <ns3:hr>155</ns3:hr>
            <ns3:cad>91</ns3:cad>
          </ns3:TrackPointExtension>
        </extensions>
      </trkpt>
      <trkpt lat="31.27715282142162322998046875" lon="121.47655427455902099609375">
        <ele>7.80000019073486328125</ele>
        <time>2026-09-09T09:12:56.000Z</time>
        <extensions>
          <ns3:TrackPointExtension>
            <ns3:hr>156</ns3:hr>
            <ns3:cad>91</ns3:cad>
          </ns3:TrackPointExtension>
        </extensions>
      </trkpt>
      <trkpt lat="31.27713630907237529754638671875" lon="121.47660146467387676239013671875">
        <ele>7.80000019073486328125</ele>
        <time>2026-09-09T09:12:57.000Z</time>
        <extensions>
          <ns3:TrackPointExtension>
            <ns3:hr>156</ns3:hr>
            <ns3:cad>90</ns3:cad>
          </ns3:TrackPointExtension>
        </extensions>
      </trkpt>
      <trkpt lat="31.27712641842663288116455078125" lon="121.47663809359073638916015625">
        <ele>7.599999904632568359375</ele>
        <time>2026-09-09T09:12:58.000Z</time>
        <extensions>
          <ns3:TrackPointExtension>
            <ns3:hr>157</ns3:hr>
            <ns3:cad>90</ns3:cad>
          </ns3:TrackPointExtension>
        </extensions>
      </trkpt>
      <trkpt lat="31.27711736597120761871337890625" lon="121.47668503224849700927734375">
        <ele>7.400000095367431640625</ele>
        <time>2026-09-09T09:12:59.000Z</time>
        <extensions>
          <ns3:TrackPointExtension>
            <ns3:hr>157</ns3:hr>
            <ns3:cad>90</ns3:cad>
          </ns3:TrackPointExtension>
        </extensions>
      </trkpt>
      <trkpt lat="31.27711233682930469512939453125" lon="121.47672819904983043670654296875">
        <ele>7</ele>
        <time>2026-09-09T09:13:00.000Z</time>
        <extensions>
          <ns3:TrackPointExtension>
            <ns3:hr>157</ns3:hr>
            <ns3:cad>90</ns3:cad>
          </ns3:TrackPointExtension>
        </extensions>
      </trkpt>
      <trkpt lat="31.27711099572479724884033203125" lon="121.47677279077470302581787109375">
        <ele>6.599999904632568359375</ele>
        <time>2026-09-09T09:13:01.000Z</time>
        <extensions>
          <ns3:TrackPointExtension>
            <ns3:hr>157</ns3:hr>
            <ns3:cad>90</ns3:cad>
          </ns3:TrackPointExtension>
        </extensions>
      </trkpt>
      <trkpt lat="31.27711267210543155670166015625" lon="121.47681436501443386077880859375">
        <ele>6.400000095367431640625</ele>
        <time>2026-09-09T09:13:02.000Z</time>
        <extensions>
          <ns3:TrackPointExtension>
            <ns3:hr>158</ns3:hr>
            <ns3:cad>90</ns3:cad>
          </ns3:TrackPointExtension>
        </extensions>
      </trkpt>
      <trkpt lat="31.27711568959057331085205078125" lon="121.47684789262712001800537109375">
        <ele>6.19999980926513671875</ele>
        <time>2026-09-09T09:13:03.000Z</time>
        <extensions>
          <ns3:TrackPointExtension>
            <ns3:hr>158</ns3:hr>
            <ns3:cad>90</ns3:cad>
          </ns3:TrackPointExtension>
        </extensions>
      </trkpt>
      <trkpt lat="31.2771204672753810882568359375" lon="121.4768783189356327056884765625">
        <ele>6</ele>
        <time>2026-09-09T09:13:04.000Z</time>
        <extensions>
          <ns3:TrackPointExtension>
            <ns3:hr>159</ns3:hr>
            <ns3:cad>90</ns3:cad>
          </ns3:TrackPointExtension>
        </extensions>
      </trkpt>
      <trkpt lat="31.277129687368869781494140625" lon="121.4769202284514904022216796875">
        <ele>6.19999980926513671875</ele>
        <time>2026-09-09T09:13:05.000Z</time>
        <extensions>
          <ns3:TrackPointExtension>
            <ns3:hr>159</ns3:hr>
            <ns3:cad>90</ns3:cad>
          </ns3:TrackPointExtension>
        </extensions>
      </trkpt>
      <trkpt lat="31.27713865600526332855224609375" lon="121.476952247321605682373046875">
        <ele>6.400000095367431640625</ele>
        <time>2026-09-09T09:13:06.000Z</time>
        <extensions>
          <ns3:TrackPointExtension>
            <ns3:hr>160</ns3:hr>
            <ns3:cad>90</ns3:cad>
          </ns3:TrackPointExtension>
        </extensions>
      </trkpt>
      <trkpt lat="31.27715055830776691436767578125" lon="121.47698636166751384735107421875">
        <ele>6.599999904632568359375</ele>
        <time>2026-09-09T09:13:07.000Z</time>
        <extensions>
          <ns3:TrackPointExtension>
            <ns3:hr>161</ns3:hr>
            <ns3:cad>90</ns3:cad>
          </ns3:TrackPointExtension>
        </extensions>
      </trkpt>
      <trkpt lat="31.27716447226703166961669921875" lon="121.4770181290805339813232421875">
        <ele>6.80000019073486328125</ele>
        <time>2026-09-09T09:13:08.000Z</time>
        <extensions>
          <ns3:TrackPointExtension>
            <ns3:hr>161</ns3:hr>
            <ns3:cad>91</ns3:cad>
          </ns3:TrackPointExtension>
        </extensions>
      </trkpt>
      <trkpt lat="31.27717972733080387115478515625" lon="121.4770489744842052459716796875">
        <ele>7</ele>
        <time>2026-09-09T09:13:09.000Z</time>
        <extensions>
          <ns3:TrackPointExtension>
            <ns3:hr>161</ns3:hr>
            <ns3:cad>91</ns3:cad>
          </ns3:TrackPointExtension>
        </extensions>
      </trkpt>
      <trkpt lat="31.27719498239457607269287109375" lon="121.47707520984113216400146484375">
        <ele>7.19999980926513671875</ele>
        <time>2026-09-09T09:13:10.000Z</time>
        <extensions>
          <ns3:TrackPointExtension>
            <ns3:hr>162</ns3:hr>
            <ns3:cad>91</ns3:cad>
          </ns3:TrackPointExtension>
        </extensions>
      </trkpt>
      <trkpt lat="31.27721493132412433624267578125" lon="121.47710454650223255157470703125">
        <ele>7.19999980926513671875</ele>
        <time>2026-09-09T09:13:11.000Z</time>
        <extensions>
          <ns3:TrackPointExtension>
            <ns3:hr>162</ns3:hr>
            <ns3:cad>91</ns3:cad>
          </ns3:TrackPointExtension>
        </extensions>
      </trkpt>
      <trkpt lat="31.27723353914916515350341796875" lon="121.4771294407546520233154296875">
        <ele>7.400000095367431640625</ele>
        <time>2026-09-09T09:13:12.000Z</time>
        <extensions>
          <ns3:TrackPointExtension>
            <ns3:hr>162</ns3:hr>
            <ns3:cad>91</ns3:cad>
          </ns3:TrackPointExtension>
        </extensions>
      </trkpt>
      <trkpt lat="31.2772549130022525787353515625" lon="121.477153412997722625732421875">
        <ele>7.599999904632568359375</ele>
        <time>2026-09-09T09:13:13.000Z</time>
        <extensions>
          <ns3:TrackPointExtension>
            <ns3:hr>163</ns3:hr>
            <ns3:cad>91</ns3:cad>
          </ns3:TrackPointExtension>
        </extensions>
      </trkpt>
      <trkpt lat="31.27727712504565715789794921875" lon="121.4771753735840320587158203125">
        <ele>7.599999904632568359375</ele>
        <time>2026-09-09T09:13:14.000Z</time>
        <extensions>
          <ns3:TrackPointExtension>
            <ns3:hr>163</ns3:hr>
            <ns3:cad>91</ns3:cad>
          </ns3:TrackPointExtension>
        </extensions>
      </trkpt>
      <trkpt lat="31.2773031927645206451416015625" lon="121.47719842381775379180908203125">
        <ele>7.80000019073486328125</ele>
        <time>2026-09-09T09:13:15.000Z</time>
        <extensions>
          <ns3:TrackPointExtension>
            <ns3:hr>163</ns3:hr>
            <ns3:cad>91</ns3:cad>
          </ns3:TrackPointExtension>
        </extensions>
      </trkpt>
      <trkpt lat="31.2773306854069232940673828125" lon="121.47721837274730205535888671875">
        <ele>8</ele>
        <time>2026-09-09T09:13:16.000Z</time>
        <extensions>
          <ns3:TrackPointExtension>
            <ns3:hr>163</ns3:hr>
            <ns3:cad>91</ns3:cad>
          </ns3:TrackPointExtension>
        </extensions>
      </trkpt>
      <trkpt lat="31.27736203372478485107421875" lon="121.4772373996675014495849609375">
        <ele>8</ele>
        <time>2026-09-09T09:13:17.000Z</time>
        <extensions>
          <ns3:TrackPointExtension>
            <ns3:hr>163</ns3:hr>
            <ns3:cad>91</ns3:cad>
          </ns3:TrackPointExtension>
        </extensions>
      </trkpt>
      <trkpt lat="31.27739095129072666168212890625" lon="121.4772529900074005126953125">
        <ele>8</ele>
        <time>2026-09-09T09:13:18.000Z</time>
        <extensions>
          <ns3:TrackPointExtension>
            <ns3:hr>163</ns3:hr>
            <ns3:cad>91</ns3:cad>
          </ns3:TrackPointExtension>
        </extensions>
      </trkpt>
      <trkpt lat="31.27742665819823741912841796875" lon="121.47727050818502902984619140625">
        <ele>8</ele>
        <time>2026-09-09T09:13:19.000Z</time>
        <extensions>
          <ns3:TrackPointExtension>
            <ns3:hr>163</ns3:hr>
            <ns3:cad>91</ns3:cad>
          </ns3:TrackPointExtension>
        </extensions>
      </trkpt>
      <trkpt lat="31.27745884470641613006591796875" lon="121.47728626616299152374267578125">
        <ele>8</ele>
        <time>2026-09-09T09:13:20.000Z</time>
        <extensions>
          <ns3:TrackPointExtension>
            <ns3:hr>163</ns3:hr>
            <ns3:cad>91</ns3:cad>
          </ns3:TrackPointExtension>
        </extensions>
      </trkpt>
      <trkpt lat="31.27749555744230747222900390625" lon="121.477304287254810333251953125">
        <ele>7.80000019073486328125</ele>
        <time>2026-09-09T09:13:21.000Z</time>
        <extensions>
          <ns3:TrackPointExtension>
            <ns3:hr>165</ns3:hr>
            <ns3:cad>91</ns3:cad>
          </ns3:TrackPointExtension>
        </extensions>
      </trkpt>
      <trkpt lat="31.2775261513888835906982421875" lon="121.47731929086148738861083984375">
        <ele>7.80000019073486328125</ele>
        <time>2026-09-09T09:13:22.000Z</time>
        <extensions>
          <ns3:TrackPointExtension>
            <ns3:hr>166</ns3:hr>
            <ns3:cad>91</ns3:cad>
          </ns3:TrackPointExtension>
        </extensions>
      </trkpt>
      <trkpt lat="31.27756043337285518646240234375" lon="121.4773361384868621826171875">
        <ele>7.80000019073486328125</ele>
        <time>2026-09-09T09:13:23.000Z</time>
        <extensions>
          <ns3:TrackPointExtension>
            <ns3:hr>166</ns3:hr>
            <ns3:cad>90</ns3:cad>
          </ns3:TrackPointExtension>
        </extensions>
      </trkpt>
      <trkpt lat="31.2775905244052410125732421875" lon="121.477350890636444091796875">
        <ele>7.80000019073486328125</ele>
        <time>2026-09-09T09:13:24.000Z</time>
        <extensions>
          <ns3:TrackPointExtension>
            <ns3:hr>165</ns3:hr>
            <ns3:cad>90</ns3:cad>
          </ns3:TrackPointExtension>
        </extensions>
      </trkpt>
      <trkpt lat="31.2776253931224346160888671875" lon="121.477367989718914031982421875">
        <ele>8</ele>
        <time>2026-09-09T09:13:25.000Z</time>
        <extensions>
          <ns3:TrackPointExtension>
            <ns3:hr>165</ns3:hr>
            <ns3:cad>90</ns3:cad>
          </ns3:TrackPointExtension>
        </extensions>
      </trkpt>
      <trkpt lat="31.2776542268693447113037109375" lon="121.47738215513527393341064453125">
        <ele>8.19999980926513671875</ele>
        <time>2026-09-09T09:13:26.000Z</time>
        <extensions>
          <ns3:TrackPointExtension>
            <ns3:hr>165</ns3:hr>
            <ns3:cad>90</ns3:cad>
          </ns3:TrackPointExtension>
        </extensions>
      </trkpt>
      <trkpt lat="31.27768850885331630706787109375" lon="121.4773990027606487274169921875">
        <ele>8.19999980926513671875</ele>
        <time>2026-09-09T09:13:27.000Z</time>
        <extensions>
          <ns3:TrackPointExtension>
            <ns3:hr>166</ns3:hr>
            <ns3:cad>90</ns3:cad>
          </ns3:TrackPointExtension>
        </extensions>
      </trkpt>
      <trkpt lat="31.27771474421024322509765625" lon="121.47741182707250118255615234375">
        <ele>8</ele>
        <time>2026-09-09T09:13:28.000Z</time>
        <extensions>
          <ns3:TrackPointExtension>
            <ns3:hr>166</ns3:hr>
            <ns3:cad>90</ns3:cad>
          </ns3:TrackPointExtension>
        </extensions>
      </trkpt>
      <trkpt lat="31.2777502834796905517578125" lon="121.47742926143109798431396484375">
        <ele>8</ele>
        <time>2026-09-09T09:13:29.000Z</time>
        <extensions>
          <ns3:TrackPointExtension>
            <ns3:hr>166</ns3:hr>
            <ns3:cad>90</ns3:cad>
          </ns3:TrackPointExtension>
        </extensions>
      </trkpt>
      <trkpt lat="31.27777819521725177764892578125" lon="121.47744300775229930877685546875">
        <ele>8</ele>
        <time>2026-09-09T09:13:30.000Z</time>
        <extensions>
          <ns3:TrackPointExtension>
            <ns3:hr>166</ns3:hr>
            <ns3:cad>90</ns3:cad>
          </ns3:TrackPointExtension>
        </extensions>
      </trkpt>
      <trkpt lat="31.2778108008205890655517578125" lon="121.4774590171873569488525390625">
        <ele>8</ele>
        <time>2026-09-09T09:13:31.000Z</time>
        <extensions>
          <ns3:TrackPointExtension>
            <ns3:hr>166</ns3:hr>
            <ns3:cad>90</ns3:cad>
          </ns3:TrackPointExtension>
        </extensions>
      </trkpt>
      <trkpt lat="31.2778386287391185760498046875" lon="121.477472595870494842529296875">
        <ele>8</ele>
        <time>2026-09-09T09:13:32.000Z</time>
        <extensions>
          <ns3:TrackPointExtension>
            <ns3:hr>167</ns3:hr>
            <ns3:cad>90</ns3:cad>
          </ns3:TrackPointExtension>
        </extensions>
      </trkpt>
      <trkpt lat="31.27787877805531024932861328125" lon="121.47749229334294795989990234375">
        <ele>8</ele>
        <time>2026-09-09T09:13:33.000Z</time>
        <extensions>
          <ns3:TrackPointExtension>
            <ns3:hr>167</ns3:hr>
            <ns3:cad>90</ns3:cad>
          </ns3:TrackPointExtension>
        </extensions>
      </trkpt>
      <trkpt lat="31.27790308557450771331787109375" lon="121.47750318981707096099853515625">
        <ele>8</ele>
        <time>2026-09-09T09:13:34.000Z</time>
        <extensions>
          <ns3:TrackPointExtension>
            <ns3:hr>167</ns3:hr>
            <ns3:cad>90</ns3:cad>
          </ns3:TrackPointExtension>
        </extensions>
      </trkpt>
      <trkpt lat="31.27793812192976474761962890625" lon="121.47751710377633571624755859375">
        <ele>8</ele>
        <time>2026-09-09T09:13:35.000Z</time>
        <extensions>
          <ns3:TrackPointExtension>
            <ns3:hr>167</ns3:hr>
            <ns3:cad>90</ns3:cad>
          </ns3:TrackPointExtension>
        </extensions>
      </trkpt>
      <trkpt lat="31.2779727391898632049560546875" lon="121.47752699442207813262939453125">
        <ele>8.19999980926513671875</ele>
        <time>2026-09-09T09:13:36.000Z</time>
        <extensions>
          <ns3:TrackPointExtension>
            <ns3:hr>168</ns3:hr>
            <ns3:cad>90</ns3:cad>
          </ns3:TrackPointExtension>
        </extensions>
      </trkpt>
      <trkpt lat="31.278011463582515716552734375" lon="121.47753369994461536407470703125">
        <ele>8.6000003814697265625</ele>
        <time>2026-09-09T09:13:37.000Z</time>
        <extensions>
          <ns3:TrackPointExtension>
            <ns3:hr>168</ns3:hr>
            <ns3:cad>90</ns3:cad>
          </ns3:TrackPointExtension>
        </extensions>
      </trkpt>
      <trkpt lat="31.27803451381623744964599609375" lon="121.47753587923943996429443359375">
        <ele>8.80000019073486328125</ele>
        <time>2026-09-09T09:13:38.000Z</time>
        <extensions>
          <ns3:TrackPointExtension>
            <ns3:hr>168</ns3:hr>
            <ns3:cad>90</ns3:cad>
          </ns3:TrackPointExtension>
        </extensions>
      </trkpt>
      <trkpt lat="31.278079189360141754150390625" lon="121.4775361306965351104736328125">
        <ele>9</ele>
        <time>2026-09-09T09:13:39.000Z</time>
        <extensions>
          <ns3:TrackPointExtension>
            <ns3:hr>168</ns3:hr>
            <ns3:cad>90</ns3:cad>
          </ns3:TrackPointExtension>
        </extensions>
      </trkpt>
      <trkpt lat="31.27810173667967319488525390625" lon="121.4775341190397739410400390625">
        <ele>9</ele>
        <time>2026-09-09T09:13:40.000Z</time>
        <extensions>
          <ns3:TrackPointExtension>
            <ns3:hr>168</ns3:hr>
            <ns3:cad>90</ns3:cad>
          </ns3:TrackPointExtension>
        </extensions>
      </trkpt>
      <trkpt lat="31.27813911996781826019287109375" lon="121.47752783261239528656005859375">
        <ele>9</ele>
        <time>2026-09-09T09:13:41.000Z</time>
        <extensions>
          <ns3:TrackPointExtension>
            <ns3:hr>168</ns3:hr>
            <ns3:cad>90</ns3:cad>
          </ns3:TrackPointExtension>
        </extensions>
      </trkpt>
      <trkpt lat="31.27817247994244098663330078125" lon="121.47751911543309688568115234375">
        <ele>9.19999980926513671875</ele>
        <time>2026-09-09T09:13:42.000Z</time>
        <extensions>
          <ns3:TrackPointExtension>
            <ns3:hr>169</ns3:hr>
            <ns3:cad>91</ns3:cad>
          </ns3:TrackPointExtension>
        </extensions>
      </trkpt>
      <trkpt lat="31.27820583991706371307373046875" lon="121.47750754840672016143798828125">
        <ele>9.19999980926513671875</ele>
        <time>2026-09-09T09:13:43.000Z</time>
        <extensions>
          <ns3:TrackPointExtension>
            <ns3:hr>170</ns3:hr>
            <ns3:cad>91</ns3:cad>
          </ns3:TrackPointExtension>
        </extensions>
      </trkpt>
      <trkpt lat="31.278239451348781585693359375" lon="121.477491371333599090576171875">
        <ele>9.3999996185302734375</ele>
        <time>2026-09-09T09:13:44.000Z</time>
        <extensions>
          <ns3:TrackPointExtension>
            <ns3:hr>170</ns3:hr>
            <ns3:cad>91</ns3:cad>
          </ns3:TrackPointExtension>
        </extensions>
      </trkpt>
      <trkpt lat="31.27826786600053310394287109375" lon="121.477474607527256011962890625">
        <ele>9.6000003814697265625</ele>
        <time>2026-09-09T09:13:45.000Z</time>
        <extensions>
          <ns3:TrackPointExtension>
            <ns3:hr>170</ns3:hr>
            <ns3:cad>90</ns3:cad>
          </ns3:TrackPointExtension>
        </extensions>
      </trkpt>
      <trkpt lat="31.27828177995979785919189453125" lon="121.477465890347957611083984375">
        <ele>9.80000019073486328125</ele>
        <time>2026-09-09T09:13:46.000Z</time>
        <extensions>
          <ns3:TrackPointExtension>
            <ns3:hr>170</ns3:hr>
            <ns3:cad>90</ns3:cad>
          </ns3:TrackPointExtension>
        </extensions>
      </trkpt>
      <trkpt lat="31.2782867252826690673828125" lon="121.47746278904378414154052734375">
        <ele>10</ele>
        <time>2026-09-09T09:13:47.000Z</time>
        <extensions>
          <ns3:TrackPointExtension>
            <ns3:hr>170</ns3:hr>
            <ns3:cad>90</ns3:cad>
          </ns3:TrackPointExtension>
        </extensions>
      </trkpt>
      <trkpt lat="31.27829619683325290679931640625" lon="121.4774553291499614715576171875">
        <ele>10</ele>
        <time>2026-09-09T09:13:48.000Z</time>
        <extensions>
          <ns3:TrackPointExtension>
            <ns3:hr>171</ns3:hr>
            <ns3:cad>90</ns3:cad>
          </ns3:TrackPointExtension>
        </extensions>
      </trkpt>
      <trkpt lat="31.27829770557582378387451171875" lon="121.4774541556835174560546875">
        <ele>10.19999980926513671875</ele>
        <time>2026-09-09T09:13:49.000Z</time>
        <extensions>
          <ns3:TrackPointExtension>
            <ns3:hr>171</ns3:hr>
            <ns3:cad>42</ns3:cad>
          </ns3:TrackPointExtension>
        </extensions>
      </trkpt>
      <trkpt lat="31.27830206416547298431396484375" lon="121.4774506352841854095458984375">
        <ele>10.19999980926513671875</ele>
        <time>2026-09-09T09:13:50.000Z</time>
        <extensions>
          <ns3:TrackPointExtension>
            <ns3:hr>171</ns3:hr>
            <ns3:cad>42</ns3:cad>
          </ns3:TrackPointExtension>
        </extensions>
      </trkpt>
      <trkpt lat="31.27830642275512218475341796875" lon="121.47744719870388507843017578125">
        <ele>10.19999980926513671875</ele>
        <time>2026-09-09T09:13:51.000Z</time>
        <extensions>
          <ns3:TrackPointExtension>
            <ns3:hr>171</ns3:hr>
            <ns3:cad>42</ns3:cad>
          </ns3:TrackPointExtension>
        </extensions>
      </trkpt>
      <trkpt lat="31.27830876968801021575927734375" lon="121.4774452708661556243896484375">
        <ele>10.3999996185302734375</ele>
        <time>2026-09-09T09:13:52.000Z</time>
        <extensions>
          <ns3:TrackPointExtension>
            <ns3:hr>170</ns3:hr>
            <ns3:cad>42</ns3:cad>
          </ns3:TrackPointExtension>
        </extensions>
      </trkpt>
      <trkpt lat="31.27831530757248401641845703125" lon="121.47744007408618927001953125">
        <ele>10.3999996185302734375</ele>
        <time>2026-09-09T09:13:53.000Z</time>
        <extensions>
          <ns3:TrackPointExtension>
            <ns3:hr>170</ns3:hr>
            <ns3:cad>0</ns3:cad>
          </ns3:TrackPointExtension>
        </extensions>
      </trkpt>
      <trkpt lat="31.27831757068634033203125" lon="121.47743831388652324676513671875">
        <ele>10.3999996185302734375</ele>
        <time>2026-09-09T09:13:54.000Z</time>
        <extensions>
          <ns3:TrackPointExtension>
            <ns3:hr>170</ns3:hr>
            <ns3:cad>0</ns3:cad>
          </ns3:TrackPointExtension>
        </extensions>
      </trkpt>
      <trkpt lat="31.27832855097949504852294921875" lon="121.477429009974002838134765625">
        <ele>10.6000003814697265625</ele>
        <time>2026-09-09T09:13:55.000Z</time>
        <extensions>
          <ns3:TrackPointExtension>
            <ns3:hr>170</ns3:hr>
            <ns3:cad>0</ns3:cad>
          </ns3:TrackPointExtension>
        </extensions>
      </trkpt>
      <trkpt lat="31.278335340321063995361328125" lon="121.477422304451465606689453125">
        <ele>10.80000019073486328125</ele>
        <time>2026-09-09T09:13:56.000Z</time>
        <extensions>
          <ns3:TrackPointExtension>
            <ns3:hr>169</ns3:hr>
            <ns3:cad>0</ns3:cad>
          </ns3:TrackPointExtension>
        </extensions>
      </trkpt>
      <trkpt lat="31.2783432193100452423095703125" lon="121.4774144254624843597412109375">
        <ele>10.80000019073486328125</ele>
        <time>2026-09-09T09:13:57.000Z</time>
        <extensions>
          <ns3:TrackPointExtension>
            <ns3:hr>168</ns3:hr>
            <ns3:cad>0</ns3:cad>
          </ns3:TrackPointExtension>
        </extensions>
      </trkpt>
      <trkpt lat="31.27834514714777469635009765625" lon="121.47741249762475490570068359375">
        <ele>10.80000019073486328125</ele>
        <time>2026-09-09T09:13:58.000Z</time>
        <extensions>
          <ns3:TrackPointExtension>
            <ns3:hr>168</ns3:hr>
            <ns3:cad>0</ns3:cad>
          </ns3:TrackPointExtension>
        </extensions>
      </trkpt>
      <trkpt lat="31.27835470251739025115966796875" lon="121.47740310989320278167724609375">
        <ele>11</ele>
        <time>2026-09-09T09:13:59.000Z</time>
        <extensions>
          <ns3:TrackPointExtension>
            <ns3:hr>167</ns3:hr>
            <ns3:cad>0</ns3:cad>
          </ns3:TrackPointExtension>
        </extensions>
      </trkpt>
      <trkpt lat="31.2783618271350860595703125" lon="121.4773956499993801116943359375">
        <ele>11.19999980926513671875</ele>
        <time>2026-09-09T09:14:00.000Z</time>
        <extensions>
          <ns3:TrackPointExtension>
            <ns3:hr>167</ns3:hr>
            <ns3:cad>0</ns3:cad>
          </ns3:TrackPointExtension>
        </extensions>
      </trkpt>
      <trkpt lat="31.2783673591911792755126953125" lon="121.4773889444768428802490234375">
        <ele>11.19999980926513671875</ele>
        <time>2026-09-09T09:14:01.000Z</time>
        <extensions>
          <ns3:TrackPointExtension>
            <ns3:hr>167</ns3:hr>
            <ns3:cad>0</ns3:cad>
          </ns3:TrackPointExtension>
        </extensions>
      </trkpt>
      <trkpt lat="31.278379261493682861328125" lon="121.47737444378435611724853515625">
        <ele>11.3999996185302734375</ele>
        <time>2026-09-09T09:14:02.000Z</time>
        <extensions>
          <ns3:TrackPointExtension>
            <ns3:hr>167</ns3:hr>
            <ns3:cad>0</ns3:cad>
          </ns3:TrackPointExtension>
        </extensions>
      </trkpt>
      <trkpt lat="31.27838051877915859222412109375" lon="121.4773728512227535247802734375">
        <ele>11.3999996185302734375</ele>
        <time>2026-09-09T09:14:03.000Z</time>
        <extensions>
          <ns3:TrackPointExtension>
            <ns3:hr>167</ns3:hr>
            <ns3:cad>0</ns3:cad>
          </ns3:TrackPointExtension>
        </extensions>
      </trkpt>
      <trkpt lat="31.278384961187839508056640625" lon="121.47736740298569202423095703125">
        <ele>11.3999996185302734375</ele>
        <time>2026-09-09T09:14:04.000Z</time>
        <extensions>
          <ns3:TrackPointExtension>
            <ns3:hr>167</ns3:hr>
            <ns3:cad>0</ns3:cad>
          </ns3:TrackPointExtension>
        </extensions>
      </trkpt>
      <trkpt lat="31.2783894874155521392822265625" lon="121.47736187092959880828857421875">
        <ele>11.6000003814697265625</ele>
        <time>2026-09-09T09:14:05.000Z</time>
        <extensions>
          <ns3:TrackPointExtension>
            <ns3:hr>167</ns3:hr>
            <ns3:cad>0</ns3:cad>
          </ns3:TrackPointExtension>
        </extensions>
      </trkpt>
      <trkpt lat="31.2783938460052013397216796875" lon="121.47735617123544216156005859375">
        <ele>11.6000003814697265625</ele>
        <time>2026-09-09T09:14:06.000Z</time>
        <extensions>
          <ns3:TrackPointExtension>
            <ns3:hr>167</ns3:hr>
            <ns3:cad>0</ns3:cad>
          </ns3:TrackPointExtension>
        </extensions>
      </trkpt>
      <trkpt lat="31.27839677967131137847900390625" lon="121.4773517288267612457275390625">
        <ele>11.6000003814697265625</ele>
        <time>2026-09-09T09:14:07.000Z</time>
        <extensions>
          <ns3:TrackPointExtension>
            <ns3:hr>167</ns3:hr>
            <ns3:cad>0</ns3:cad>
          </ns3:TrackPointExtension>
        </extensions>
      </trkpt>
      <trkpt lat="31.2784075923264026641845703125" lon="121.47733538411557674407958984375">
        <ele>11.80000019073486328125</ele>
        <time>2026-09-09T09:14:08.000Z</time>
        <extensions>
          <ns3:TrackPointExtension>
            <ns3:hr>167</ns3:hr>
            <ns3:cad>0</ns3:cad>
          </ns3:TrackPointExtension>
        </extensions>
      </trkpt>
      <trkpt lat="31.2784092687070369720458984375" lon="121.47733286954462528228759765625">
        <ele>11.6000003814697265625</ele>
        <time>2026-09-09T09:14:09.000Z</time>
        <extensions>
          <ns3:TrackPointExtension>
            <ns3:hr>167</ns3:hr>
            <ns3:cad>0</ns3:cad>
          </ns3:TrackPointExtension>
        </extensions>
      </trkpt>
      <trkpt lat="31.27841614186763763427734375" lon="121.47732247598469257354736328125">
        <ele>11.6000003814697265625</ele>
        <time>2026-09-09T09:14:10.000Z</time>
        <extensions>
          <ns3:TrackPointExtension>
            <ns3:hr>167</ns3:hr>
            <ns3:cad>0</ns3:cad>
          </ns3:TrackPointExtension>
        </extensions>
      </trkpt>
      <trkpt lat="31.27841924317181110382080078125" lon="121.47731778211891651153564453125">
        <ele>11.6000003814697265625</ele>
        <time>2026-09-09T09:14:11.000Z</time>
        <extensions>
          <ns3:TrackPointExtension>
            <ns3:hr>168</ns3:hr>
            <ns3:cad>0</ns3:cad>
          </ns3:TrackPointExtension>
        </extensions>
      </trkpt>
      <trkpt lat="31.27843366004526615142822265625" lon="121.47729112766683101654052734375">
        <ele>11.3999996185302734375</ele>
        <time>2026-09-09T09:14:12.000Z</time>
        <extensions>
          <ns3:TrackPointExtension>
            <ns3:hr>167</ns3:hr>
            <ns3:cad>47</ns3:cad>
          </ns3:TrackPointExtension>
        </extensions>
      </trkpt>
      <trkpt lat="31.27844086848199367523193359375" lon="121.47727754898369312286376953125">
        <ele>11.19999980926513671875</ele>
        <time>2026-09-09T09:14:13.000Z</time>
        <extensions>
          <ns3:TrackPointExtension>
            <ns3:hr>167</ns3:hr>
            <ns3:cad>47</ns3:cad>
          </ns3:TrackPointExtension>
        </extensions>
      </trkpt>
      <trkpt lat="31.27845578826963901519775390625" lon="121.4772434346377849578857421875">
        <ele>10.80000019073486328125</ele>
        <time>2026-09-09T09:14:14.000Z</time>
        <extensions>
          <ns3:TrackPointExtension>
            <ns3:hr>167</ns3:hr>
            <ns3:cad>47</ns3:cad>
          </ns3:TrackPointExtension>
        </extensions>
      </trkpt>
      <trkpt lat="31.27846450544893741607666015625" lon="121.47722239606082439422607421875">
        <ele>10.6000003814697265625</ele>
        <time>2026-09-09T09:14:15.000Z</time>
        <extensions>
          <ns3:TrackPointExtension>
            <ns3:hr>167</ns3:hr>
            <ns3:cad>47</ns3:cad>
          </ns3:TrackPointExtension>
        </extensions>
      </trkpt>
      <trkpt lat="31.27846710383892059326171875" lon="121.47721434943377971649169921875">
        <ele>10.6000003814697265625</ele>
        <time>2026-09-09T09:14:16.000Z</time>
        <extensions>
          <ns3:TrackPointExtension>
            <ns3:hr>167</ns3:hr>
            <ns3:cad>49</ns3:cad>
          </ns3:TrackPointExtension>
        </extensions>
      </trkpt>
      <trkpt lat="31.2784743122756481170654296875" lon="121.47719088010489940643310546875">
        <ele>10.3999996185302734375</ele>
        <time>2026-09-09T09:14:17.000Z</time>
        <extensions>
          <ns3:TrackPointExtension>
            <ns3:hr>166</ns3:hr>
            <ns3:cad>49</ns3:cad>
          </ns3:TrackPointExtension>
        </extensions>
      </trkpt>
      <trkpt lat="31.278478167951107025146484375" lon="121.47717830725014209747314453125">
        <ele>10.19999980926513671875</ele>
        <time>2026-09-09T09:14:18.000Z</time>
        <extensions>
          <ns3:TrackPointExtension>
            <ns3:hr>166</ns3:hr>
            <ns3:cad>49</ns3:cad>
          </ns3:TrackPointExtension>
        </extensions>
      </trkpt>
      <trkpt lat="31.2784810177981853485107421875" lon="121.477168500423431396484375">
        <ele>10.19999980926513671875</ele>
        <time>2026-09-09T09:14:19.000Z</time>
        <extensions>
          <ns3:TrackPointExtension>
            <ns3:hr>164</ns3:hr>
            <ns3:cad>49</ns3:cad>
          </ns3:TrackPointExtension>
        </extensions>
      </trkpt>
      <trkpt lat="31.27848227508366107940673828125" lon="121.47716246545314788818359375">
        <ele>10.19999980926513671875</ele>
        <time>2026-09-09T09:14:20.000Z</time>
        <extensions>
          <ns3:TrackPointExtension>
            <ns3:hr>163</ns3:hr>
            <ns3:cad>48</ns3:cad>
          </ns3:TrackPointExtension>
        </extensions>
      </trkpt>
      <trkpt lat="31.278486214578151702880859375" lon="121.477143354713916778564453125">
        <ele>10</ele>
        <time>2026-09-09T09:14:21.000Z</time>
        <extensions>
          <ns3:TrackPointExtension>
            <ns3:hr>163</ns3:hr>
            <ns3:cad>48</ns3:cad>
          </ns3:TrackPointExtension>
        </extensions>
      </trkpt>
      <trkpt lat="31.27848780713975429534912109375" lon="121.4771358110010623931884765625">
        <ele>9.80000019073486328125</ele>
        <time>2026-09-09T09:14:22.000Z</time>
        <extensions>
          <ns3:TrackPointExtension>
            <ns3:hr>162</ns3:hr>
            <ns3:cad>48</ns3:cad>
          </ns3:TrackPointExtension>
        </extensions>
      </trkpt>
      <trkpt lat="31.27848898060619831085205078125" lon="121.47713019512593746185302734375">
        <ele>9.80000019073486328125</ele>
        <time>2026-09-09T09:14:23.000Z</time>
        <extensions>
          <ns3:TrackPointExtension>
            <ns3:hr>162</ns3:hr>
            <ns3:cad>0</ns3:cad>
          </ns3:TrackPointExtension>
        </extensions>
      </trkpt>
      <trkpt lat="31.27848965115845203399658203125" lon="121.47712734527885913848876953125">
        <ele>9.80000019073486328125</ele>
        <time>2026-09-09T09:14:24.000Z</time>
        <extensions>
          <ns3:TrackPointExtension>
            <ns3:hr>160</ns3:hr>
            <ns3:cad>0</ns3:cad>
          </ns3:TrackPointExtension>
        </extensions>
      </trkpt>
      <trkpt lat="31.27849216572940349578857421875" lon="121.477113179862499237060546875">
        <ele>9.6000003814697265625</ele>
        <time>2026-09-09T09:14:25.000Z</time>
        <extensions>
          <ns3:TrackPointExtension>
            <ns3:hr>158</ns3:hr>
            <ns3:cad>0</ns3:cad>
          </ns3:TrackPointExtension>
        </extensions>
      </trkpt>
      <trkpt lat="31.2784947641193866729736328125" lon="121.47709071636199951171875">
        <ele>9.3999996185302734375</ele>
        <time>2026-09-09T09:14:26.000Z</time>
        <extensions>
          <ns3:TrackPointExtension>
            <ns3:hr>157</ns3:hr>
            <ns3:cad>0</ns3:cad>
          </ns3:TrackPointExtension>
        </extensions>
      </trkpt>
      <trkpt lat="31.27849551849067211151123046875" lon="121.477084346115589141845703125">
        <ele>9.19999980926513671875</ele>
        <time>2026-09-09T09:14:27.000Z</time>
        <extensions>
          <ns3:TrackPointExtension>
            <ns3:hr>157</ns3:hr>
            <ns3:cad>0</ns3:cad>
          </ns3:TrackPointExtension>
        </extensions>
      </trkpt>
      <trkpt lat="31.27849669195711612701416015625" lon="121.47707403637468814849853515625">
        <ele>9.19999980926513671875</ele>
        <time>2026-09-09T09:14:28.000Z</time>
        <extensions>
          <ns3:TrackPointExtension>
            <ns3:hr>155</ns3:hr>
            <ns3:cad>0</ns3:cad>
          </ns3:TrackPointExtension>
        </extensions>
      </trkpt>
      <trkpt lat="31.2784971110522747039794921875" lon="121.47707068361341953277587890625">
        <ele>9.19999980926513671875</ele>
        <time>2026-09-09T09:14:29.000Z</time>
        <extensions>
          <ns3:TrackPointExtension>
            <ns3:hr>155</ns3:hr>
            <ns3:cad>0</ns3:cad>
          </ns3:TrackPointExtension>
        </extensions>
      </trkpt>
      <trkpt lat="31.2784977816045284271240234375" lon="121.47706381045281887054443359375">
        <ele>9</ele>
        <time>2026-09-09T09:14:30.000Z</time>
        <extensions>
          <ns3:TrackPointExtension>
            <ns3:hr>154</ns3:hr>
            <ns3:cad>47</ns3:cad>
          </ns3:TrackPointExtension>
        </extensions>
      </trkpt>
      <trkpt lat="31.2784977816045284271240234375" lon="121.47706381045281887054443359375">
        <ele>9</ele>
        <time>2026-09-09T09:14:31.000Z</time>
        <extensions>
          <ns3:TrackPointExtension>
            <ns3:hr>150</ns3:hr>
            <ns3:cad>47</ns3:cad>
          </ns3:TrackPointExtension>
        </extensions>
      </trkpt>
      <trkpt lat="31.27849794924259185791015625" lon="121.47705911658704280853271484375">
        <ele>9</ele>
        <time>2026-09-09T09:14:32.000Z</time>
        <extensions>
          <ns3:TrackPointExtension>
            <ns3:hr>150</ns3:hr>
            <ns3:cad>48</ns3:cad>
          </ns3:TrackPointExtension>
        </extensions>
      </trkpt>
      <trkpt lat="31.27849820069968700408935546875" lon="121.47704922594130039215087890625">
        <ele>9</ele>
        <time>2026-09-09T09:14:33.000Z</time>
        <extensions>
          <ns3:TrackPointExtension>
            <ns3:hr>148</ns3:hr>
            <ns3:cad>48</ns3:cad>
          </ns3:TrackPointExtension>
        </extensions>
      </trkpt>
      <trkpt lat="31.278498284518718719482421875" lon="121.4770452864468097686767578125">
        <ele>8.80000019073486328125</ele>
        <time>2026-09-09T09:14:34.000Z</time>
        <extensions>
          <ns3:TrackPointExtension>
            <ns3:hr>146</ns3:hr>
            <ns3:cad>0</ns3:cad>
          </ns3:TrackPointExtension>
        </extensions>
      </trkpt>
      <trkpt lat="31.27849870361387729644775390625" lon="121.47703095339238643646240234375">
        <ele>8.80000019073486328125</ele>
        <time>2026-09-09T09:14:35.000Z</time>
        <extensions>
          <ns3:TrackPointExtension>
            <ns3:hr>146</ns3:hr>
            <ns3:cad>0</ns3:cad>
          </ns3:TrackPointExtension>
        </extensions>
      </trkpt>
      <trkpt lat="31.27849887125194072723388671875" lon="121.47702206857502460479736328125">
        <ele>8.6000003814697265625</ele>
        <time>2026-09-09T09:14:36.000Z</time>
        <extensions>
          <ns3:TrackPointExtension>
            <ns3:hr>145</ns3:hr>
            <ns3:cad>0</ns3:cad>
          </ns3:TrackPointExtension>
        </extensions>
      </trkpt>
      <trkpt lat="31.27849887125194072723388671875" lon="121.4770224876701831817626953125">
        <ele>8.6000003814697265625</ele>
        <time>2026-09-09T09:14:37.000Z</time>
        <extensions>
          <ns3:TrackPointExtension>
            <ns3:hr>144</ns3:hr>
            <ns3:cad>0</ns3:cad>
          </ns3:TrackPointExtension>
        </extensions>
      </trkpt>
      <trkpt lat="31.27849836833775043487548828125" lon="121.47704184986650943756103515625">
        <ele>8.80000019073486328125</ele>
        <time>2026-09-09T09:14:38.000Z</time>
        <extensions>
          <ns3:TrackPointExtension>
            <ns3:hr>144</ns3:hr>
            <ns3:cad>0</ns3:cad>
          </ns3:TrackPointExtension>
        </extensions>
      </trkpt>
      <trkpt lat="31.2784986197948455810546875" lon="121.47703330032527446746826171875">
        <ele>8.80000019073486328125</ele>
        <time>2026-09-09T09:14:39.000Z</time>
        <extensions>
          <ns3:TrackPointExtension>
            <ns3:hr>144</ns3:hr>
            <ns3:cad>49</ns3:cad>
          </ns3:TrackPointExtension>
        </extensions>
      </trkpt>
      <trkpt lat="31.27849803306162357330322265625" lon="121.4770563505589962005615234375">
        <ele>9</ele>
        <time>2026-09-09T09:14:40.000Z</time>
        <extensions>
          <ns3:TrackPointExtension>
            <ns3:hr>143</ns3:hr>
            <ns3:cad>49</ns3:cad>
          </ns3:TrackPointExtension>
        </extensions>
      </trkpt>
      <trkpt lat="31.2784981168806552886962890625" lon="121.47705056704580783843994140625">
        <ele>9</ele>
        <time>2026-09-09T09:14:41.000Z</time>
        <extensions>
          <ns3:TrackPointExtension>
            <ns3:hr>143</ns3:hr>
            <ns3:cad>0</ns3:cad>
          </ns3:TrackPointExtension>
        </extensions>
      </trkpt>
      <trkpt lat="31.27849803306162357330322265625" lon="121.4770560152828693389892578125">
        <ele>9</ele>
        <time>2026-09-09T09:14:42.000Z</time>
        <extensions>
          <ns3:TrackPointExtension>
            <ns3:hr>141</ns3:hr>
            <ns3:cad>0</ns3:cad>
          </ns3:TrackPointExtension>
        </extensions>
      </trkpt>
      <trkpt lat="31.27849736250936985015869140625" lon="121.4770684204995632171630859375">
        <ele>9.19999980926513671875</ele>
        <time>2026-09-09T09:14:43.000Z</time>
        <extensions>
          <ns3:TrackPointExtension>
            <ns3:hr>139</ns3:hr>
            <ns3:cad>0</ns3:cad>
          </ns3:TrackPointExtension>
        </extensions>
      </trkpt>
      <trkpt lat="31.278496272861957550048828125" lon="121.47707772441208362579345703125">
        <ele>9.19999980926513671875</ele>
        <time>2026-09-09T09:14:44.000Z</time>
        <extensions>
          <ns3:TrackPointExtension>
            <ns3:hr>139</ns3:hr>
            <ns3:cad>0</ns3:cad>
          </ns3:TrackPointExtension>
        </extensions>
      </trkpt>
      <trkpt lat="31.27849501557648181915283203125" lon="121.477088369429111480712890625">
        <ele>9.3999996185302734375</ele>
        <time>2026-09-09T09:14:45.000Z</time>
        <extensions>
          <ns3:TrackPointExtension>
            <ns3:hr>137</ns3:hr>
            <ns3:cad>0</ns3:cad>
          </ns3:TrackPointExtension>
        </extensions>
      </trkpt>
      <trkpt lat="31.27849250100553035736083984375" lon="121.47710974328219890594482421875">
        <ele>9.6000003814697265625</ele>
        <time>2026-09-09T09:14:46.000Z</time>
        <extensions>
          <ns3:TrackPointExtension>
            <ns3:hr>137</ns3:hr>
            <ns3:cad>0</ns3:cad>
          </ns3:TrackPointExtension>
        </extensions>
      </trkpt>
      <trkpt lat="31.278490908443927764892578125" lon="121.4771210588514804840087890625">
        <ele>9.80000019073486328125</ele>
        <time>2026-09-09T09:14:47.000Z</time>
        <extensions>
          <ns3:TrackPointExtension>
            <ns3:hr>136</ns3:hr>
            <ns3:cad>0</ns3:cad>
          </ns3:TrackPointExtension>
        </extensions>
      </trkpt>
      <trkpt lat="31.27848864533007144927978515625" lon="121.47713203914463520050048828125">
        <ele>9.80000019073486328125</ele>
        <time>2026-09-09T09:14:48.000Z</time>
        <extensions>
          <ns3:TrackPointExtension>
            <ns3:hr>135</ns3:hr>
            <ns3:cad>48</ns3:cad>
          </ns3:TrackPointExtension>
        </extensions>
      </trkpt>
      <trkpt lat="31.278486214578151702880859375" lon="121.47714343853294849395751953125">
        <ele>10</ele>
        <time>2026-09-09T09:14:49.000Z</time>
        <extensions>
          <ns3:TrackPointExtension>
            <ns3:hr>135</ns3:hr>
            <ns3:cad>48</ns3:cad>
          </ns3:TrackPointExtension>
        </extensions>
      </trkpt>
      <trkpt lat="31.27848076634109020233154296875" lon="121.47716942243278026580810546875">
        <ele>10.19999980926513671875</ele>
        <time>2026-09-09T09:14:50.000Z</time>
        <extensions>
          <ns3:TrackPointExtension>
            <ns3:hr>133</ns3:hr>
            <ns3:cad>0</ns3:cad>
          </ns3:TrackPointExtension>
        </extensions>
      </trkpt>
      <trkpt lat="31.27847875468432903289794921875" lon="121.47717646323144435882568359375">
        <ele>10.19999980926513671875</ele>
        <time>2026-09-09T09:14:51.000Z</time>
        <extensions>
          <ns3:TrackPointExtension>
            <ns3:hr>128</ns3:hr>
            <ns3:cad>0</ns3:cad>
          </ns3:TrackPointExtension>
        </extensions>
      </trkpt>
      <trkpt lat="31.2784769944846630096435546875" lon="121.47718216292560100555419921875">
        <ele>10.3999996185302734375</ele>
        <time>2026-09-09T09:14:52.000Z</time>
        <extensions>
          <ns3:TrackPointExtension>
            <ns3:hr>128</ns3:hr>
            <ns3:cad>49</ns3:cad>
          </ns3:TrackPointExtension>
        </extensions>
      </trkpt>
      <trkpt lat="31.2784753181040287017822265625" lon="121.47718752734363079071044921875">
        <ele>10.3999996185302734375</ele>
        <time>2026-09-09T09:14:53.000Z</time>
        <extensions>
          <ns3:TrackPointExtension>
            <ns3:hr>127</ns3:hr>
            <ns3:cad>49</ns3:cad>
          </ns3:TrackPointExtension>
        </extensions>
      </trkpt>
      <trkpt lat="31.27846769057214260101318359375" lon="121.4772125892341136932373046875">
        <ele>10.6000003814697265625</ele>
        <time>2026-09-09T09:14:54.000Z</time>
        <extensions>
          <ns3:TrackPointExtension>
            <ns3:hr>124</ns3:hr>
            <ns3:cad>48</ns3:cad>
          </ns3:TrackPointExtension>
        </extensions>
      </trkpt>
      <trkpt lat="31.27846349962055683135986328125" lon="121.477224826812744140625">
        <ele>10.80000019073486328125</ele>
        <time>2026-09-09T09:14:55.000Z</time>
        <extensions>
          <ns3:TrackPointExtension>
            <ns3:hr>124</ns3:hr>
            <ns3:cad>48</ns3:cad>
          </ns3:TrackPointExtension>
        </extensions>
      </trkpt>
      <trkpt lat="31.2784572131931781768798828125" lon="121.47723999805748462677001953125">
        <ele>10.80000019073486328125</ele>
        <time>2026-09-09T09:14:56.000Z</time>
        <extensions>
          <ns3:TrackPointExtension>
            <ns3:hr>123</ns3:hr>
            <ns3:cad>48</ns3:cad>
          </ns3:TrackPointExtension>
        </extensions>
      </trkpt>
      <trkpt lat="31.27844790928065776824951171875" lon="121.4772625453770160675048828125">
        <ele>11</ele>
        <time>2026-09-09T09:14:57.000Z</time>
        <extensions>
          <ns3:TrackPointExtension>
            <ns3:hr>121</ns3:hr>
            <ns3:cad>47</ns3:cad>
          </ns3:TrackPointExtension>
        </extensions>
      </trkpt>
      <trkpt lat="31.2784404493868350982666015625" lon="121.47727838717401027679443359375">
        <ele>11.19999980926513671875</ele>
        <time>2026-09-09T09:14:58.000Z</time>
        <extensions>
          <ns3:TrackPointExtension>
            <ns3:hr>121</ns3:hr>
            <ns3:cad>47</ns3:cad>
          </ns3:TrackPointExtension>
        </extensions>
      </trkpt>
      <trkpt lat="31.2784340791404247283935546875" lon="121.47729028947651386260986328125">
        <ele>11.3999996185302734375</ele>
        <time>2026-09-09T09:14:59.000Z</time>
        <extensions>
          <ns3:TrackPointExtension>
            <ns3:hr>119</ns3:hr>
            <ns3:cad>47</ns3:cad>
          </ns3:TrackPointExtension>
        </extensions>
      </trkpt>
      <trkpt lat="31.27842293120920658111572265625" lon="121.47731141187250614166259765625">
        <ele>11.6000003814697265625</ele>
        <time>2026-09-09T09:15:00.000Z</time>
        <extensions>
          <ns3:TrackPointExtension>
            <ns3:hr>119</ns3:hr>
            <ns3:cad>47</ns3:cad>
          </ns3:TrackPointExtension>
        </extensions>
      </trkpt>
      <trkpt lat="31.2784142978489398956298828125" lon="121.4773252420127391815185546875">
        <ele>11.6000003814697265625</ele>
        <time>2026-09-09T09:15:01.000Z</time>
        <extensions>
          <ns3:TrackPointExtension>
            <ns3:hr>119</ns3:hr>
            <ns3:cad>47</ns3:cad>
          </ns3:TrackPointExtension>
        </extensions>
      </trkpt>
      <trkpt lat="31.278399713337421417236328125" lon="121.47734728641808032989501953125">
        <ele>11.6000003814697265625</ele>
        <time>2026-09-09T09:15:02.000Z</time>
        <extensions>
          <ns3:TrackPointExtension>
            <ns3:hr>117</ns3:hr>
            <ns3:cad>47</ns3:cad>
          </ns3:TrackPointExtension>
        </extensions>
      </trkpt>
      <trkpt lat="31.2783837877213954925537109375" lon="121.4773688279092311859130859375">
        <ele>11.3999996185302734375</ele>
        <time>2026-09-09T09:15:03.000Z</time>
        <extensions>
          <ns3:TrackPointExtension>
            <ns3:hr>116</ns3:hr>
            <ns3:cad>48</ns3:cad>
          </ns3:TrackPointExtension>
        </extensions>
      </trkpt>
      <trkpt lat="31.2783837877213954925537109375" lon="121.4773688279092311859130859375">
        <ele>11.3999996185302734375</ele>
        <time>2026-09-09T09:15:04.000Z</time>
        <extensions>
          <ns3:TrackPointExtension>
            <ns3:hr>115</ns3:hr>
            <ns3:cad>48</ns3:cad>
          </ns3:TrackPointExtension>
        </extensions>
      </trkpt>
      <trkpt lat="31.278368867933750152587890625" lon="121.4773871004581451416015625">
        <ele>11.19999980926513671875</ele>
        <time>2026-09-09T09:15:05.000Z</time>
        <extensions>
          <ns3:TrackPointExtension>
            <ns3:hr>115</ns3:hr>
            <ns3:cad>48</ns3:cad>
          </ns3:TrackPointExtension>
        </extensions>
      </trkpt>
      <trkpt lat="31.27835587598383426666259765625" lon="121.47740185260772705078125">
        <ele>11</ele>
        <time>2026-09-09T09:15:06.000Z</time>
        <extensions>
          <ns3:TrackPointExtension>
            <ns3:hr>114</ns3:hr>
            <ns3:cad>48</ns3:cad>
          </ns3:TrackPointExtension>
        </extensions>
      </trkpt>
      <trkpt lat="31.27834766171872615814208984375" lon="121.4774100668728351593017578125">
        <ele>11</ele>
        <time>2026-09-09T09:15:07.000Z</time>
        <extensions>
          <ns3:TrackPointExtension>
            <ns3:hr>114</ns3:hr>
            <ns3:cad>50</ns3:cad>
          </ns3:TrackPointExtension>
        </extensions>
      </trkpt>
      <trkpt lat="31.2783365137875080108642578125" lon="121.47742104716598987579345703125">
        <ele>10.80000019073486328125</ele>
        <time>2026-09-09T09:15:08.000Z</time>
        <extensions>
          <ns3:TrackPointExtension>
            <ns3:hr>113</ns3:hr>
            <ns3:cad>50</ns3:cad>
          </ns3:TrackPointExtension>
        </extensions>
      </trkpt>
      <trkpt lat="31.278326623141765594482421875" lon="121.4774308539927005767822265625">
        <ele>10.6000003814697265625</ele>
        <time>2026-09-09T09:15:09.000Z</time>
        <extensions>
          <ns3:TrackPointExtension>
            <ns3:hr>113</ns3:hr>
            <ns3:cad>50</ns3:cad>
          </ns3:TrackPointExtension>
        </extensions>
      </trkpt>
      <trkpt lat="31.27831983380019664764404296875" lon="121.47743646986782550811767578125">
        <ele>10.3999996185302734375</ele>
        <time>2026-09-09T09:15:10.000Z</time>
        <extensions>
          <ns3:TrackPointExtension>
            <ns3:hr>113</ns3:hr>
            <ns3:cad>50</ns3:cad>
          </ns3:TrackPointExtension>
        </extensions>
      </trkpt>
      <trkpt lat="31.27831765450537204742431640625" lon="121.4774382300674915313720703125">
        <ele>10.3999996185302734375</ele>
        <time>2026-09-09T09:15:11.000Z</time>
        <extensions>
          <ns3:TrackPointExtension>
            <ns3:hr>112</ns3:hr>
            <ns3:cad>49</ns3:cad>
          </ns3:TrackPointExtension>
        </extensions>
      </trkpt>
      <trkpt lat="31.2783110328018665313720703125" lon="121.47744351066648960113525390625">
        <ele>10.3999996185302734375</ele>
        <time>2026-09-09T09:15:12.000Z</time>
        <extensions>
          <ns3:TrackPointExtension>
            <ns3:hr>112</ns3:hr>
            <ns3:cad>49</ns3:cad>
          </ns3:TrackPointExtension>
        </extensions>
      </trkpt>
      <trkpt lat="31.27830189652740955352783203125" lon="121.47745080292224884033203125">
        <ele>10.19999980926513671875</ele>
        <time>2026-09-09T09:15:13.000Z</time>
        <extensions>
          <ns3:TrackPointExtension>
            <ns3:hr>112</ns3:hr>
            <ns3:cad>49</ns3:cad>
          </ns3:TrackPointExtension>
        </extensions>
      </trkpt>
      <trkpt lat="31.27829720266163349151611328125" lon="121.477454490959644317626953125">
        <ele>10.19999980926513671875</ele>
        <time>2026-09-09T09:15:14.000Z</time>
        <extensions>
          <ns3:TrackPointExtension>
            <ns3:hr>111</ns3:hr>
            <ns3:cad>49</ns3:cad>
          </ns3:TrackPointExtension>
        </extensions>
      </trkpt>
      <trkpt lat="31.27830055542290210723876953125" lon="121.47745189256966114044189453125">
        <ele>10.19999980926513671875</ele>
        <time>2026-09-09T09:15:15.000Z</time>
        <extensions>
          <ns3:TrackPointExtension>
            <ns3:hr>111</ns3:hr>
            <ns3:cad>49</ns3:cad>
          </ns3:TrackPointExtension>
        </extensions>
      </trkpt>
      <trkpt lat="31.2782867252826690673828125" lon="121.47746278904378414154052734375">
        <ele>10</ele>
        <time>2026-09-09T09:15:16.000Z</time>
        <extensions>
          <ns3:TrackPointExtension>
            <ns3:hr>110</ns3:hr>
            <ns3:cad>49</ns3:cad>
          </ns3:TrackPointExtension>
        </extensions>
      </trkpt>
      <trkpt lat="31.27827792428433895111083984375" lon="121.47746832109987735748291015625">
        <ele>9.80000019073486328125</ele>
        <time>2026-09-09T09:15:17.000Z</time>
        <extensions>
          <ns3:TrackPointExtension>
            <ns3:hr>110</ns3:hr>
            <ns3:cad>49</ns3:cad>
          </ns3:TrackPointExtension>
        </extensions>
      </trkpt>
      <trkpt lat="31.27826753072440624237060546875" lon="121.47747485898435115814208984375">
        <ele>9.6000003814697265625</ele>
        <time>2026-09-09T09:15:18.000Z</time>
        <extensions>
          <ns3:TrackPointExtension>
            <ns3:hr>110</ns3:hr>
            <ns3:cad>49</ns3:cad>
          </ns3:TrackPointExtension>
        </extensions>
      </trkpt>
      <trkpt lat="31.2782587297260761260986328125" lon="121.47748039104044437408447265625">
        <ele>9.6000003814697265625</ele>
        <time>2026-09-09T09:15:19.000Z</time>
        <extensions>
          <ns3:TrackPointExtension>
            <ns3:hr>110</ns3:hr>
            <ns3:cad>49</ns3:cad>
          </ns3:TrackPointExtension>
        </extensions>
      </trkpt>
      <trkpt lat="31.27825378440320491790771484375" lon="121.4774834923446178436279296875">
        <ele>9.3999996185302734375</ele>
        <time>2026-09-09T09:15:20.000Z</time>
        <extensions>
          <ns3:TrackPointExtension>
            <ns3:hr>110</ns3:hr>
            <ns3:cad>49</ns3:cad>
          </ns3:TrackPointExtension>
        </extensions>
      </trkpt>
      <trkpt lat="31.27824339084327220916748046875" lon="121.4774895273149013519287109375">
        <ele>9.3999996185302734375</ele>
        <time>2026-09-09T09:15:21.000Z</time>
        <extensions>
          <ns3:TrackPointExtension>
            <ns3:hr>110</ns3:hr>
            <ns3:cad>0</ns3:cad>
          </ns3:TrackPointExtension>
        </extensions>
      </trkpt>
      <trkpt lat="31.278227381408214569091796875" lon="121.47749715484678745269775390625">
        <ele>9.3999996185302734375</ele>
        <time>2026-09-09T09:15:22.000Z</time>
        <extensions>
          <ns3:TrackPointExtension>
            <ns3:hr>108</ns3:hr>
            <ns3:cad>0</ns3:cad>
          </ns3:TrackPointExtension>
        </extensions>
      </trkpt>
      <trkpt lat="31.27821187488734722137451171875" lon="121.4775046147406101226806640625">
        <ele>9.19999980926513671875</ele>
        <time>2026-09-09T09:15:23.000Z</time>
        <extensions>
          <ns3:TrackPointExtension>
            <ns3:hr>107</ns3:hr>
            <ns3:cad>48</ns3:cad>
          </ns3:TrackPointExtension>
        </extensions>
      </trkpt>
      <trkpt lat="31.278205253183841705322265625" lon="121.4775077998638153076171875">
        <ele>9.19999980926513671875</ele>
        <time>2026-09-09T09:15:24.000Z</time>
        <extensions>
          <ns3:TrackPointExtension>
            <ns3:hr>107</ns3:hr>
            <ns3:cad>48</ns3:cad>
          </ns3:TrackPointExtension>
        </extensions>
      </trkpt>
      <trkpt lat="31.2781983800232410430908203125" lon="121.4775103144347667694091796875">
        <ele>9.19999980926513671875</ele>
        <time>2026-09-09T09:15:25.000Z</time>
        <extensions>
          <ns3:TrackPointExtension>
            <ns3:hr>106</ns3:hr>
            <ns3:cad>48</ns3:cad>
          </ns3:TrackPointExtension>
        </extensions>
      </trkpt>
      <trkpt lat="31.27819259651005268096923828125" lon="121.47751224227249622344970703125">
        <ele>9.19999980926513671875</ele>
        <time>2026-09-09T09:15:26.000Z</time>
        <extensions>
          <ns3:TrackPointExtension>
            <ns3:hr>106</ns3:hr>
            <ns3:cad>47</ns3:cad>
          </ns3:TrackPointExtension>
        </extensions>
      </trkpt>
      <trkpt lat="31.27818756736814975738525390625" lon="121.4775140024721622467041015625">
        <ele>9.19999980926513671875</ele>
        <time>2026-09-09T09:15:27.000Z</time>
        <extensions>
          <ns3:TrackPointExtension>
            <ns3:hr>106</ns3:hr>
            <ns3:cad>47</ns3:cad>
          </ns3:TrackPointExtension>
        </extensions>
      </trkpt>
      <trkpt lat="31.27818387933075428009033203125" lon="121.47751525975763797760009765625">
        <ele>9.19999980926513671875</ele>
        <time>2026-09-09T09:15:28.000Z</time>
        <extensions>
          <ns3:TrackPointExtension>
            <ns3:hr>105</ns3:hr>
            <ns3:cad>0</ns3:cad>
          </ns3:TrackPointExtension>
        </extensions>
      </trkpt>
      <trkpt lat="31.27818237058818340301513671875" lon="121.47751576267182826995849609375">
        <ele>9.19999980926513671875</ele>
        <time>2026-09-09T09:15:29.000Z</time>
        <extensions>
          <ns3:TrackPointExtension>
            <ns3:hr>105</ns3:hr>
            <ns3:cad>0</ns3:cad>
          </ns3:TrackPointExtension>
        </extensions>
      </trkpt>
      <trkpt lat="31.2781749106943607330322265625" lon="121.47751827724277973175048828125">
        <ele>9.19999980926513671875</ele>
        <time>2026-09-09T09:15:30.000Z</time>
        <extensions>
          <ns3:TrackPointExtension>
            <ns3:hr>105</ns3:hr>
            <ns3:cad>0</ns3:cad>
          </ns3:TrackPointExtension>
        </extensions>
      </trkpt>
      <trkpt lat="31.278167702257633209228515625" lon="121.47752079181373119354248046875">
        <ele>9.19999980926513671875</ele>
        <time>2026-09-09T09:15:31.000Z</time>
        <extensions>
          <ns3:TrackPointExtension>
            <ns3:hr>105</ns3:hr>
            <ns3:cad>0</ns3:cad>
          </ns3:TrackPointExtension>
        </extensions>
      </trkpt>
      <trkpt lat="31.27816736698150634765625" lon="121.477520875632762908935546875">
        <ele>9.19999980926513671875</ele>
        <time>2026-09-09T09:15:32.000Z</time>
        <extensions>
          <ns3:TrackPointExtension>
            <ns3:hr>105</ns3:hr>
            <ns3:cad>47</ns3:cad>
          </ns3:TrackPointExtension>
        </extensions>
      </trkpt>
      <trkpt lat="31.2781655229628086090087890625" lon="121.47752146236598491668701171875">
        <ele>9.19999980926513671875</ele>
        <time>2026-09-09T09:15:33.000Z</time>
        <extensions>
          <ns3:TrackPointExtension>
            <ns3:hr>105</ns3:hr>
            <ns3:cad>47</ns3:cad>
          </ns3:TrackPointExtension>
        </extensions>
      </trkpt>
      <trkpt lat="31.27815772779285907745361328125" lon="121.4775238931179046630859375">
        <ele>9.19999980926513671875</ele>
        <time>2026-09-09T09:15:34.000Z</time>
        <extensions>
          <ns3:TrackPointExtension>
            <ns3:hr>105</ns3:hr>
            <ns3:cad>47</ns3:cad>
          </ns3:TrackPointExtension>
        </extensions>
      </trkpt>
      <trkpt lat="31.27814465202391147613525390625" lon="121.47752665914595127105712890625">
        <ele>9.19999980926513671875</ele>
        <time>2026-09-09T09:15:35.000Z</time>
        <extensions>
          <ns3:TrackPointExtension>
            <ns3:hr>104</ns3:hr>
            <ns3:cad>47</ns3:cad>
          </ns3:TrackPointExtension>
        </extensions>
      </trkpt>
      <trkpt lat="31.2781376950442790985107421875" lon="121.47752816788852214813232421875">
        <ele>9</ele>
        <time>2026-09-09T09:15:36.000Z</time>
        <extensions>
          <ns3:TrackPointExtension>
            <ns3:hr>104</ns3:hr>
            <ns3:cad>47</ns3:cad>
          </ns3:TrackPointExtension>
        </extensions>
      </trkpt>
      <trkpt lat="31.2781365215778350830078125" lon="121.4775284193456172943115234375">
        <ele>9</ele>
        <time>2026-09-09T09:15:37.000Z</time>
        <extensions>
          <ns3:TrackPointExtension>
            <ns3:hr>104</ns3:hr>
            <ns3:cad>47</ns3:cad>
          </ns3:TrackPointExtension>
        </extensions>
      </trkpt>
      <trkpt lat="31.2781330011785030364990234375" lon="121.4775290898978710174560546875">
        <ele>9</ele>
        <time>2026-09-09T09:15:38.000Z</time>
        <extensions>
          <ns3:TrackPointExtension>
            <ns3:hr>104</ns3:hr>
            <ns3:cad>72</ns3:cad>
          </ns3:TrackPointExtension>
        </extensions>
      </trkpt>
      <trkpt lat="31.278135515749454498291015625" lon="121.47752858698368072509765625">
        <ele>9</ele>
        <time>2026-09-09T09:15:39.000Z</time>
        <extensions>
          <ns3:TrackPointExtension>
            <ns3:hr>104</ns3:hr>
            <ns3:cad>72</ns3:cad>
          </ns3:TrackPointExtension>
        </extensions>
      </trkpt>
      <trkpt lat="31.27815236337482929229736328125" lon="121.47752498276531696319580078125">
        <ele>9.19999980926513671875</ele>
        <time>2026-09-09T09:15:40.000Z</time>
        <extensions>
          <ns3:TrackPointExtension>
            <ns3:hr>104</ns3:hr>
            <ns3:cad>0</ns3:cad>
          </ns3:TrackPointExtension>
        </extensions>
      </trkpt>
      <trkpt lat="31.27816124819219112396240234375" lon="121.47752297110855579376220703125">
        <ele>9.19999980926513671875</ele>
        <time>2026-09-09T09:15:41.000Z</time>
        <extensions>
          <ns3:TrackPointExtension>
            <ns3:hr>103</ns3:hr>
            <ns3:cad>0</ns3:cad>
          </ns3:TrackPointExtension>
        </extensions>
      </trkpt>
      <trkpt lat="31.27816560678184032440185546875" lon="121.47752146236598491668701171875">
        <ele>9.19999980926513671875</ele>
        <time>2026-09-09T09:15:42.000Z</time>
        <extensions>
          <ns3:TrackPointExtension>
            <ns3:hr>102</ns3:hr>
            <ns3:cad>0</ns3:cad>
          </ns3:TrackPointExtension>
        </extensions>
      </trkpt>
      <trkpt lat="31.27817164175212383270263671875" lon="121.4775193668901920318603515625">
        <ele>9.19999980926513671875</ele>
        <time>2026-09-09T09:15:43.000Z</time>
        <extensions>
          <ns3:TrackPointExtension>
            <ns3:hr>102</ns3:hr>
            <ns3:cad>0</ns3:cad>
          </ns3:TrackPointExtension>
        </extensions>
      </trkpt>
      <trkpt lat="31.278177760541439056396484375" lon="121.4775173552334308624267578125">
        <ele>9.19999980926513671875</ele>
        <time>2026-09-09T09:15:44.000Z</time>
        <extensions>
          <ns3:TrackPointExtension>
            <ns3:hr>102</ns3:hr>
            <ns3:cad>0</ns3:cad>
          </ns3:TrackPointExtension>
        </extensions>
      </trkpt>
      <trkpt lat="31.2781886570155620574951171875" lon="121.47751358337700366973876953125">
        <ele>9.19999980926513671875</ele>
        <time>2026-09-09T09:15:45.000Z</time>
        <extensions>
          <ns3:TrackPointExtension>
            <ns3:hr>101</ns3:hr>
            <ns3:cad>0</ns3:cad>
          </ns3:TrackPointExtension>
        </extensions>
      </trkpt>
      <trkpt lat="31.2782003916800022125244140625" lon="121.4775096438825130462646484375">
        <ele>9.19999980926513671875</ele>
        <time>2026-09-09T09:15:46.000Z</time>
        <extensions>
          <ns3:TrackPointExtension>
            <ns3:hr>101</ns3:hr>
            <ns3:cad>0</ns3:cad>
          </ns3:TrackPointExtension>
        </extensions>
      </trkpt>
      <trkpt lat="31.27821221016347408294677734375" lon="121.47750444710254669189453125">
        <ele>9.19999980926513671875</ele>
        <time>2026-09-09T09:15:47.000Z</time>
        <extensions>
          <ns3:TrackPointExtension>
            <ns3:hr>101</ns3:hr>
            <ns3:cad>0</ns3:cad>
          </ns3:TrackPointExtension>
        </extensions>
      </trkpt>
      <trkpt lat="31.27822595648467540740966796875" lon="121.4774979092180728912353515625">
        <ele>9.3999996185302734375</ele>
        <time>2026-09-09T09:15:48.000Z</time>
        <extensions>
          <ns3:TrackPointExtension>
            <ns3:hr>102</ns3:hr>
            <ns3:cad>47</ns3:cad>
          </ns3:TrackPointExtension>
        </extensions>
      </trkpt>
      <trkpt lat="31.2782330811023712158203125" lon="121.47749447263777256011962890625">
        <ele>9.3999996185302734375</ele>
        <time>2026-09-09T09:15:49.000Z</time>
        <extensions>
          <ns3:TrackPointExtension>
            <ns3:hr>102</ns3:hr>
            <ns3:cad>48</ns3:cad>
          </ns3:TrackPointExtension>
        </extensions>
      </trkpt>
      <trkpt lat="31.2782433070242404937744140625" lon="121.4774895273149013519287109375">
        <ele>9.3999996185302734375</ele>
        <time>2026-09-09T09:15:50.000Z</time>
        <extensions>
          <ns3:TrackPointExtension>
            <ns3:hr>100</ns3:hr>
            <ns3:cad>48</ns3:cad>
          </ns3:TrackPointExtension>
        </extensions>
      </trkpt>
      <trkpt lat="31.2782543711364269256591796875" lon="121.47748307324945926666259765625">
        <ele>9.3999996185302734375</ele>
        <time>2026-09-09T09:15:51.000Z</time>
        <extensions>
          <ns3:TrackPointExtension>
            <ns3:hr>99</ns3:hr>
            <ns3:cad>49</ns3:cad>
          </ns3:TrackPointExtension>
        </extensions>
      </trkpt>
      <trkpt lat="31.27826350741088390350341796875" lon="121.47747737355530261993408203125">
        <ele>9.6000003814697265625</ele>
        <time>2026-09-09T09:15:52.000Z</time>
        <extensions>
          <ns3:TrackPointExtension>
            <ns3:hr>99</ns3:hr>
            <ns3:cad>49</ns3:cad>
          </ns3:TrackPointExtension>
        </extensions>
      </trkpt>
      <trkpt lat="31.27827272750437259674072265625" lon="121.4774715900421142578125">
        <ele>9.6000003814697265625</ele>
        <time>2026-09-09T09:15:53.000Z</time>
        <extensions>
          <ns3:TrackPointExtension>
            <ns3:hr>97</ns3:hr>
            <ns3:cad>0</ns3:cad>
          </ns3:TrackPointExtension>
        </extensions>
      </trkpt>
      <trkpt lat="31.2782840430736541748046875" lon="121.47746446542441844940185546875">
        <ele>9.80000019073486328125</ele>
        <time>2026-09-09T09:15:54.000Z</time>
        <extensions>
          <ns3:TrackPointExtension>
            <ns3:hr>97</ns3:hr>
            <ns3:cad>0</ns3:cad>
          </ns3:TrackPointExtension>
        </extensions>
      </trkpt>
      <trkpt lat="31.27828865312039852142333984375" lon="121.4774613641202449798583984375">
        <ele>10</ele>
        <time>2026-09-09T09:15:55.000Z</time>
        <extensions>
          <ns3:TrackPointExtension>
            <ns3:hr>97</ns3:hr>
            <ns3:cad>0</ns3:cad>
          </ns3:TrackPointExtension>
        </extensions>
      </trkpt>
      <trkpt lat="31.27829301171004772186279296875" lon="121.477457843720912933349609375">
        <ele>10</ele>
        <time>2026-09-09T09:15:56.000Z</time>
        <extensions>
          <ns3:TrackPointExtension>
            <ns3:hr>96</ns3:hr>
            <ns3:cad>0</ns3:cad>
          </ns3:TrackPointExtension>
        </extensions>
      </trkpt>
      <trkpt lat="31.2783001363277435302734375" lon="121.47745214402675628662109375">
        <ele>10.19999980926513671875</ele>
        <time>2026-09-09T09:15:57.000Z</time>
        <extensions>
          <ns3:TrackPointExtension>
            <ns3:hr>96</ns3:hr>
            <ns3:cad>0</ns3:cad>
          </ns3:TrackPointExtension>
        </extensions>
      </trkpt>
      <trkpt lat="31.27831061370670795440673828125" lon="121.47744384594261646270751953125">
        <ele>10.3999996185302734375</ele>
        <time>2026-09-09T09:15:58.000Z</time>
        <extensions>
          <ns3:TrackPointExtension>
            <ns3:hr>95</ns3:hr>
            <ns3:cad>0</ns3:cad>
          </ns3:TrackPointExtension>
        </extensions>
      </trkpt>
      <trkpt lat="31.27831312827765941619873046875" lon="121.47744183428585529327392578125">
        <ele>10.3999996185302734375</ele>
        <time>2026-09-09T09:15:59.000Z</time>
        <extensions>
          <ns3:TrackPointExtension>
            <ns3:hr>97</ns3:hr>
            <ns3:cad>0</ns3:cad>
          </ns3:TrackPointExtension>
        </extensions>
      </trkpt>
      <trkpt lat="31.27831497229635715484619140625" lon="121.477440409362316131591796875">
        <ele>10.3999996185302734375</ele>
        <time>2026-09-09T09:16:00.000Z</time>
        <extensions>
          <ns3:TrackPointExtension>
            <ns3:hr>98</ns3:hr>
            <ns3:cad>0</ns3:cad>
          </ns3:TrackPointExtension>
        </extensions>
      </trkpt>
      <trkpt lat="31.27832234837114810943603515625" lon="121.47743445821106433868408203125">
        <ele>10.6000003814697265625</ele>
        <time>2026-09-09T09:16:01.000Z</time>
        <extensions>
          <ns3:TrackPointExtension>
            <ns3:hr>98</ns3:hr>
            <ns3:cad>0</ns3:cad>
          </ns3:TrackPointExtension>
        </extensions>
      </trkpt>
      <trkpt lat="31.27832620404660701751708984375" lon="121.47743127308785915374755859375">
        <ele>10.6000003814697265625</ele>
        <time>2026-09-09T09:16:02.000Z</time>
        <extensions>
          <ns3:TrackPointExtension>
            <ns3:hr>98</ns3:hr>
            <ns3:cad>0</ns3:cad>
          </ns3:TrackPointExtension>
        </extensions>
      </trkpt>
      <trkpt lat="31.27833089791238307952880859375" lon="121.47742666304111480712890625">
        <ele>10.6000003814697265625</ele>
        <time>2026-09-09T09:16:03.000Z</time>
        <extensions>
          <ns3:TrackPointExtension>
            <ns3:hr>98</ns3:hr>
            <ns3:cad>51</ns3:cad>
          </ns3:TrackPointExtension>
        </extensions>
      </trkpt>
      <trkpt lat="31.27834380604326725006103515625" lon="121.47741383872926235198974609375">
        <ele>10.80000019073486328125</ele>
        <time>2026-09-09T09:16:04.000Z</time>
        <extensions>
          <ns3:TrackPointExtension>
            <ns3:hr>98</ns3:hr>
            <ns3:cad>51</ns3:cad>
          </ns3:TrackPointExtension>
        </extensions>
      </trkpt>
      <trkpt lat="31.27835051156580448150634765625" lon="121.47740713320672512054443359375">
        <ele>11</ele>
        <time>2026-09-09T09:16:05.000Z</time>
        <extensions>
          <ns3:TrackPointExtension>
            <ns3:hr>98</ns3:hr>
            <ns3:cad>51</ns3:cad>
          </ns3:TrackPointExtension>
        </extensions>
      </trkpt>
      <trkpt lat="31.278358809649944305419921875" lon="121.4773990027606487274169921875">
        <ele>11</ele>
        <time>2026-09-09T09:16:06.000Z</time>
        <extensions>
          <ns3:TrackPointExtension>
            <ns3:hr>98</ns3:hr>
            <ns3:cad>50</ns3:cad>
          </ns3:TrackPointExtension>
        </extensions>
      </trkpt>
      <trkpt lat="31.2783824466168880462646484375" lon="121.47737058810889720916748046875">
        <ele>11.3999996185302734375</ele>
        <time>2026-09-09T09:16:07.000Z</time>
        <extensions>
          <ns3:TrackPointExtension>
            <ns3:hr>98</ns3:hr>
            <ns3:cad>50</ns3:cad>
          </ns3:TrackPointExtension>
        </extensions>
      </trkpt>
      <trkpt lat="31.27839460037648677825927734375" lon="121.4773550815880298614501953125">
        <ele>11.6000003814697265625</ele>
        <time>2026-09-09T09:16:08.000Z</time>
        <extensions>
          <ns3:TrackPointExtension>
            <ns3:hr>98</ns3:hr>
            <ns3:cad>48</ns3:cad>
          </ns3:TrackPointExtension>
        </extensions>
      </trkpt>
      <trkpt lat="31.278411112725734710693359375" lon="121.47733010351657867431640625">
        <ele>11.6000003814697265625</ele>
        <time>2026-09-09T09:16:09.000Z</time>
        <extensions>
          <ns3:TrackPointExtension>
            <ns3:hr>98</ns3:hr>
            <ns3:cad>48</ns3:cad>
          </ns3:TrackPointExtension>
        </extensions>
      </trkpt>
      <trkpt lat="31.2784181535243988037109375" lon="121.47731945849955081939697265625">
        <ele>11.6000003814697265625</ele>
        <time>2026-09-09T09:16:10.000Z</time>
        <extensions>
          <ns3:TrackPointExtension>
            <ns3:hr>98</ns3:hr>
            <ns3:cad>48</ns3:cad>
          </ns3:TrackPointExtension>
        </extensions>
      </trkpt>
      <trkpt lat="31.27842460758984088897705078125" lon="121.477308310568332672119140625">
        <ele>11.3999996185302734375</ele>
        <time>2026-09-09T09:16:11.000Z</time>
        <extensions>
          <ns3:TrackPointExtension>
            <ns3:hr>98</ns3:hr>
            <ns3:cad>48</ns3:cad>
          </ns3:TrackPointExtension>
        </extensions>
      </trkpt>
      <trkpt lat="31.27843634225428104400634765625" lon="121.47728609852492809295654296875">
        <ele>11.19999980926513671875</ele>
        <time>2026-09-09T09:16:12.000Z</time>
        <extensions>
          <ns3:TrackPointExtension>
            <ns3:hr>98</ns3:hr>
            <ns3:cad>49</ns3:cad>
          </ns3:TrackPointExtension>
        </extensions>
      </trkpt>
      <trkpt lat="31.27843969501554965972900390625" lon="121.47727972827851772308349609375">
        <ele>11.19999980926513671875</ele>
        <time>2026-09-09T09:16:13.000Z</time>
        <extensions>
          <ns3:TrackPointExtension>
            <ns3:hr>98</ns3:hr>
            <ns3:cad>50</ns3:cad>
          </ns3:TrackPointExtension>
        </extensions>
      </trkpt>
      <trkpt lat="31.27844271250069141387939453125" lon="121.47727402858436107635498046875">
        <ele>11.19999980926513671875</ele>
        <time>2026-09-09T09:16:14.000Z</time>
        <extensions>
          <ns3:TrackPointExtension>
            <ns3:hr>98</ns3:hr>
            <ns3:cad>50</ns3:cad>
          </ns3:TrackPointExtension>
        </extensions>
      </trkpt>
      <trkpt lat="31.27845637500286102294921875" lon="121.47724217735230922698974609375">
        <ele>10.80000019073486328125</ele>
        <time>2026-09-09T09:16:15.000Z</time>
        <extensions>
          <ns3:TrackPointExtension>
            <ns3:hr>98</ns3:hr>
            <ns3:cad>50</ns3:cad>
          </ns3:TrackPointExtension>
        </extensions>
      </trkpt>
      <trkpt lat="31.2784619070589542388916015625" lon="121.47722876630723476409912109375">
        <ele>10.80000019073486328125</ele>
        <time>2026-09-09T09:16:16.000Z</time>
        <extensions>
          <ns3:TrackPointExtension>
            <ns3:hr>98</ns3:hr>
            <ns3:cad>49</ns3:cad>
          </ns3:TrackPointExtension>
        </extensions>
      </trkpt>
      <trkpt lat="31.27846735529601573944091796875" lon="121.47721351124346256256103515625">
        <ele>10.6000003814697265625</ele>
        <time>2026-09-09T09:16:17.000Z</time>
        <extensions>
          <ns3:TrackPointExtension>
            <ns3:hr>98</ns3:hr>
            <ns3:cad>49</ns3:cad>
          </ns3:TrackPointExtension>
        </extensions>
      </trkpt>
      <trkpt lat="31.27847355790436267852783203125" lon="121.47719339467585086822509765625">
        <ele>10.3999996185302734375</ele>
        <time>2026-09-09T09:16:18.000Z</time>
        <extensions>
          <ns3:TrackPointExtension>
            <ns3:hr>98</ns3:hr>
            <ns3:cad>50</ns3:cad>
          </ns3:TrackPointExtension>
        </extensions>
      </trkpt>
      <trkpt lat="31.27847649157047271728515625" lon="121.47718383930623531341552734375">
        <ele>10.3999996185302734375</ele>
        <time>2026-09-09T09:16:19.000Z</time>
        <extensions>
          <ns3:TrackPointExtension>
            <ns3:hr>98</ns3:hr>
            <ns3:cad>50</ns3:cad>
          </ns3:TrackPointExtension>
        </extensions>
      </trkpt>
      <trkpt lat="31.27848051488399505615234375" lon="121.47717051208019256591796875">
        <ele>10.19999980926513671875</ele>
        <time>2026-09-09T09:16:20.000Z</time>
        <extensions>
          <ns3:TrackPointExtension>
            <ns3:hr>98</ns3:hr>
            <ns3:cad>50</ns3:cad>
          </ns3:TrackPointExtension>
        </extensions>
      </trkpt>
      <trkpt lat="31.2784867174923419952392578125" lon="121.47714100778102874755859375">
        <ele>10</ele>
        <time>2026-09-09T09:16:21.000Z</time>
        <extensions>
          <ns3:TrackPointExtension>
            <ns3:hr>98</ns3:hr>
            <ns3:cad>57</ns3:cad>
          </ns3:TrackPointExtension>
        </extensions>
      </trkpt>
      <trkpt lat="31.2784950993955135345458984375" lon="121.47708778269588947296142578125">
        <ele>9.3999996185302734375</ele>
        <time>2026-09-09T09:16:22.000Z</time>
        <extensions>
          <ns3:TrackPointExtension>
            <ns3:hr>97</ns3:hr>
            <ns3:cad>57</ns3:cad>
          </ns3:TrackPointExtension>
        </extensions>
      </trkpt>
      <trkpt lat="31.27849870361387729644775390625" lon="121.4770312048494815826416015625">
        <ele>8.80000019073486328125</ele>
        <time>2026-09-09T09:16:23.000Z</time>
        <extensions>
          <ns3:TrackPointExtension>
            <ns3:hr>97</ns3:hr>
            <ns3:cad>57</ns3:cad>
          </ns3:TrackPointExtension>
        </extensions>
      </trkpt>
      <trkpt lat="31.27849685959517955780029296875" lon="121.47697345353662967681884765625">
        <ele>8</ele>
        <time>2026-09-09T09:16:24.000Z</time>
        <extensions>
          <ns3:TrackPointExtension>
            <ns3:hr>97</ns3:hr>
            <ns3:cad>57</ns3:cad>
          </ns3:TrackPointExtension>
        </extensions>
      </trkpt>
      <trkpt lat="31.278493590652942657470703125" lon="121.47694244049489498138427734375">
        <ele>7.80000019073486328125</ele>
        <time>2026-09-09T09:16:25.000Z</time>
        <extensions>
          <ns3:TrackPointExtension>
            <ns3:hr>97</ns3:hr>
            <ns3:cad>89</ns3:cad>
          </ns3:TrackPointExtension>
        </extensions>
      </trkpt>
      <trkpt lat="31.2784863822162151336669921875" lon="121.4768989384174346923828125">
        <ele>7.400000095367431640625</ele>
        <time>2026-09-09T09:16:26.000Z</time>
        <extensions>
          <ns3:TrackPointExtension>
            <ns3:hr>97</ns3:hr>
            <ns3:cad>91</ns3:cad>
          </ns3:TrackPointExtension>
        </extensions>
      </trkpt>
      <trkpt lat="31.278476156294345855712890625" lon="121.47685761563479900360107421875">
        <ele>7.19999980926513671875</ele>
        <time>2026-09-09T09:16:27.000Z</time>
        <extensions>
          <ns3:TrackPointExtension>
            <ns3:hr>96</ns3:hr>
            <ns3:cad>91</ns3:cad>
          </ns3:TrackPointExtension>
        </extensions>
      </trkpt>
      <trkpt lat="31.2784639187157154083251953125" lon="121.47682107053697109222412109375">
        <ele>7.599999904632568359375</ele>
        <time>2026-09-09T09:16:28.000Z</time>
        <extensions>
          <ns3:TrackPointExtension>
            <ns3:hr>99</ns3:hr>
            <ns3:cad>91</ns3:cad>
          </ns3:TrackPointExtension>
        </extensions>
      </trkpt>
      <trkpt lat="31.2784461490809917449951171875" lon="121.4767777360975742340087890625">
        <ele>8</ele>
        <time>2026-09-09T09:16:29.000Z</time>
        <extensions>
          <ns3:TrackPointExtension>
            <ns3:hr>99</ns3:hr>
            <ns3:cad>92</ns3:cad>
          </ns3:TrackPointExtension>
        </extensions>
      </trkpt>
      <trkpt lat="31.27842712216079235076904296875" lon="121.47674010135233402252197265625">
        <ele>8.3999996185302734375</ele>
        <time>2026-09-09T09:16:30.000Z</time>
        <extensions>
          <ns3:TrackPointExtension>
            <ns3:hr>102</ns3:hr>
            <ns3:cad>92</ns3:cad>
          </ns3:TrackPointExtension>
        </extensions>
      </trkpt>
      <trkpt lat="31.27840231172740459442138671875" lon="121.4766999520361423492431640625">
        <ele>8.80000019073486328125</ele>
        <time>2026-09-09T09:16:31.000Z</time>
        <extensions>
          <ns3:TrackPointExtension>
            <ns3:hr>102</ns3:hr>
            <ns3:cad>92</ns3:cad>
          </ns3:TrackPointExtension>
        </extensions>
      </trkpt>
      <trkpt lat="31.27838395535945892333984375" lon="121.476674638688564300537109375">
        <ele>9</ele>
        <time>2026-09-09T09:16:32.000Z</time>
        <extensions>
          <ns3:TrackPointExtension>
            <ns3:hr>104</ns3:hr>
            <ns3:cad>91</ns3:cad>
          </ns3:TrackPointExtension>
        </extensions>
      </trkpt>
      <trkpt lat="31.2783546186983585357666015625" lon="121.47664052434265613555908203125">
        <ele>9.3999996185302734375</ele>
        <time>2026-09-09T09:16:33.000Z</time>
        <extensions>
          <ns3:TrackPointExtension>
            <ns3:hr>107</ns3:hr>
            <ns3:cad>91</ns3:cad>
          </ns3:TrackPointExtension>
        </extensions>
      </trkpt>
      <trkpt lat="31.27832788042724132537841796875" lon="121.47661454044282436370849609375">
        <ele>9.80000019073486328125</ele>
        <time>2026-09-09T09:16:34.000Z</time>
        <extensions>
          <ns3:TrackPointExtension>
            <ns3:hr>107</ns3:hr>
            <ns3:cad>91</ns3:cad>
          </ns3:TrackPointExtension>
        </extensions>
      </trkpt>
      <trkpt lat="31.27829854376614093780517578125" lon="121.47659006528556346893310546875">
        <ele>10</ele>
        <time>2026-09-09T09:16:35.000Z</time>
        <extensions>
          <ns3:TrackPointExtension>
            <ns3:hr>109</ns3:hr>
            <ns3:cad>91</ns3:cad>
          </ns3:TrackPointExtension>
        </extensions>
      </trkpt>
      <trkpt lat="31.2782671116292476654052734375" lon="121.4765678532421588897705078125">
        <ele>10.3999996185302734375</ele>
        <time>2026-09-09T09:16:36.000Z</time>
        <extensions>
          <ns3:TrackPointExtension>
            <ns3:hr>111</ns3:hr>
            <ns3:cad>91</ns3:cad>
          </ns3:TrackPointExtension>
        </extensions>
      </trkpt>
      <trkpt lat="31.278232745826244354248046875" lon="121.47654849104583263397216796875">
        <ele>11</ele>
        <time>2026-09-09T09:16:37.000Z</time>
        <extensions>
          <ns3:TrackPointExtension>
            <ns3:hr>111</ns3:hr>
            <ns3:cad>91</ns3:cad>
          </ns3:TrackPointExtension>
        </extensions>
      </trkpt>
      <trkpt lat="31.27819226123392581939697265625" lon="121.47652837447822093963623046875">
        <ele>11</ele>
        <time>2026-09-09T09:16:38.000Z</time>
        <extensions>
          <ns3:TrackPointExtension>
            <ns3:hr>111</ns3:hr>
            <ns3:cad>92</ns3:cad>
          </ns3:TrackPointExtension>
        </extensions>
      </trkpt>
      <trkpt lat="31.27815655432641506195068359375" lon="121.4765108563005924224853515625">
        <ele>10.80000019073486328125</ele>
        <time>2026-09-09T09:16:39.000Z</time>
        <extensions>
          <ns3:TrackPointExtension>
            <ns3:hr>114</ns3:hr>
            <ns3:cad>92</ns3:cad>
          </ns3:TrackPointExtension>
        </extensions>
      </trkpt>
      <trkpt lat="31.27812554128468036651611328125" lon="121.476495601236820220947265625">
        <ele>10.6000003814697265625</ele>
        <time>2026-09-09T09:16:40.000Z</time>
        <extensions>
          <ns3:TrackPointExtension>
            <ns3:hr>114</ns3:hr>
            <ns3:cad>92</ns3:cad>
          </ns3:TrackPointExtension>
        </extensions>
      </trkpt>
      <trkpt lat="31.278095953166484832763671875" lon="121.47648110054433345794677734375">
        <ele>10.3999996185302734375</ele>
        <time>2026-09-09T09:16:41.000Z</time>
        <extensions>
          <ns3:TrackPointExtension>
            <ns3:hr>115</ns3:hr>
            <ns3:cad>92</ns3:cad>
          </ns3:TrackPointExtension>
        </extensions>
      </trkpt>
      <trkpt lat="31.2780649401247501373291015625" lon="121.47646584548056125640869140625">
        <ele>10.19999980926513671875</ele>
        <time>2026-09-09T09:16:42.000Z</time>
        <extensions>
          <ns3:TrackPointExtension>
            <ns3:hr>119</ns3:hr>
            <ns3:cad>92</ns3:cad>
          </ns3:TrackPointExtension>
        </extensions>
      </trkpt>
      <trkpt lat="31.278035938739776611328125" lon="121.47645168006420135498046875">
        <ele>10.19999980926513671875</ele>
        <time>2026-09-09T09:16:43.000Z</time>
        <extensions>
          <ns3:TrackPointExtension>
            <ns3:hr>119</ns3:hr>
            <ns3:cad>92</ns3:cad>
          </ns3:TrackPointExtension>
        </extensions>
      </trkpt>
      <trkpt lat="31.27800534479320049285888671875" lon="121.476436592638492584228515625">
        <ele>10.19999980926513671875</ele>
        <time>2026-09-09T09:16:44.000Z</time>
        <extensions>
          <ns3:TrackPointExtension>
            <ns3:hr>121</ns3:hr>
            <ns3:cad>92</ns3:cad>
          </ns3:TrackPointExtension>
        </extensions>
      </trkpt>
      <trkpt lat="31.27797625958919525146484375" lon="121.4764223434031009674072265625">
        <ele>10.19999980926513671875</ele>
        <time>2026-09-09T09:16:45.000Z</time>
        <extensions>
          <ns3:TrackPointExtension>
            <ns3:hr>125</ns3:hr>
            <ns3:cad>91</ns3:cad>
          </ns3:TrackPointExtension>
        </extensions>
      </trkpt>
      <trkpt lat="31.27794365398585796356201171875" lon="121.47640633396804332733154296875">
        <ele>10</ele>
        <time>2026-09-09T09:16:46.000Z</time>
        <extensions>
          <ns3:TrackPointExtension>
            <ns3:hr>125</ns3:hr>
            <ns3:cad>91</ns3:cad>
          </ns3:TrackPointExtension>
        </extensions>
      </trkpt>
      <trkpt lat="31.27791381441056728363037109375" lon="121.47639174945652484893798828125">
        <ele>10</ele>
        <time>2026-09-09T09:16:47.000Z</time>
        <extensions>
          <ns3:TrackPointExtension>
            <ns3:hr>133</ns3:hr>
            <ns3:cad>91</ns3:cad>
          </ns3:TrackPointExtension>
        </extensions>
      </trkpt>
      <trkpt lat="31.277884058654308319091796875" lon="121.47637716494500637054443359375">
        <ele>10.19999980926513671875</ele>
        <time>2026-09-09T09:16:48.000Z</time>
        <extensions>
          <ns3:TrackPointExtension>
            <ns3:hr>136</ns3:hr>
            <ns3:cad>91</ns3:cad>
          </ns3:TrackPointExtension>
        </extensions>
      </trkpt>
      <trkpt lat="31.2778543867170810699462890625" lon="121.47636258043348789215087890625">
        <ele>10.19999980926513671875</ele>
        <time>2026-09-09T09:16:49.000Z</time>
        <extensions>
          <ns3:TrackPointExtension>
            <ns3:hr>138</ns3:hr>
            <ns3:cad>92</ns3:cad>
          </ns3:TrackPointExtension>
        </extensions>
      </trkpt>
      <trkpt lat="31.277820356190204620361328125" lon="121.4763459004461765289306640625">
        <ele>10.19999980926513671875</ele>
        <time>2026-09-09T09:16:50.000Z</time>
        <extensions>
          <ns3:TrackPointExtension>
            <ns3:hr>140</ns3:hr>
            <ns3:cad>92</ns3:cad>
          </ns3:TrackPointExtension>
        </extensions>
      </trkpt>
      <trkpt lat="31.27779026515781879425048828125" lon="121.4763311482965946197509765625">
        <ele>10.19999980926513671875</ele>
        <time>2026-09-09T09:16:51.000Z</time>
        <extensions>
          <ns3:TrackPointExtension>
            <ns3:hr>141</ns3:hr>
            <ns3:cad>92</ns3:cad>
          </ns3:TrackPointExtension>
        </extensions>
      </trkpt>
      <trkpt lat="31.2777571566402912139892578125" lon="121.47631488740444183349609375">
        <ele>10.3999996185302734375</ele>
        <time>2026-09-09T09:16:52.000Z</time>
        <extensions>
          <ns3:TrackPointExtension>
            <ns3:hr>141</ns3:hr>
            <ns3:cad>91</ns3:cad>
          </ns3:TrackPointExtension>
        </extensions>
      </trkpt>
      <trkpt lat="31.277725137770175933837890625" lon="121.476299129426479339599609375">
        <ele>10.19999980926513671875</ele>
        <time>2026-09-09T09:16:53.000Z</time>
        <extensions>
          <ns3:TrackPointExtension>
            <ns3:hr>143</ns3:hr>
            <ns3:cad>91</ns3:cad>
          </ns3:TrackPointExtension>
        </extensions>
      </trkpt>
      <trkpt lat="31.27769085578620433807373046875" lon="121.4762845449149608612060546875">
        <ele>10.19999980926513671875</ele>
        <time>2026-09-09T09:16:54.000Z</time>
        <extensions>
          <ns3:TrackPointExtension>
            <ns3:hr>144</ns3:hr>
            <ns3:cad>91</ns3:cad>
          </ns3:TrackPointExtension>
        </extensions>
      </trkpt>
      <trkpt lat="31.2776589207351207733154296875" lon="121.476273648440837860107421875">
        <ele>10.19999980926513671875</ele>
        <time>2026-09-09T09:16:55.000Z</time>
        <extensions>
          <ns3:TrackPointExtension>
            <ns3:hr>144</ns3:hr>
            <ns3:cad>91</ns3:cad>
          </ns3:TrackPointExtension>
        </extensions>
      </trkpt>
      <trkpt lat="31.27762296237051486968994140625" lon="121.47626467980444431304931640625">
        <ele>10</ele>
        <time>2026-09-09T09:16:56.000Z</time>
        <extensions>
          <ns3:TrackPointExtension>
            <ns3:hr>147</ns3:hr>
            <ns3:cad>90</ns3:cad>
          </ns3:TrackPointExtension>
        </extensions>
      </trkpt>
      <trkpt lat="31.27758541144430637359619140625" lon="121.47625898011028766632080078125">
        <ele>9.80000019073486328125</ele>
        <time>2026-09-09T09:16:57.000Z</time>
        <extensions>
          <ns3:TrackPointExtension>
            <ns3:hr>148</ns3:hr>
            <ns3:cad>90</ns3:cad>
          </ns3:TrackPointExtension>
        </extensions>
      </trkpt>
      <trkpt lat="31.27755054272711277008056640625" lon="121.4762577228248119354248046875">
        <ele>9.3999996185302734375</ele>
        <time>2026-09-09T09:16:58.000Z</time>
        <extensions>
          <ns3:TrackPointExtension>
            <ns3:hr>148</ns3:hr>
            <ns3:cad>90</ns3:cad>
          </ns3:TrackPointExtension>
        </extensions>
      </trkpt>
      <trkpt lat="31.27751835621893405914306640625" lon="121.4762593992054462432861328125">
        <ele>9</ele>
        <time>2026-09-09T09:16:59.000Z</time>
        <extensions>
          <ns3:TrackPointExtension>
            <ns3:hr>150</ns3:hr>
            <ns3:cad>91</ns3:cad>
          </ns3:TrackPointExtension>
        </extensions>
      </trkpt>
      <trkpt lat="31.277485750615596771240234375" lon="121.4762634225189685821533203125">
        <ele>8.6000003814697265625</ele>
        <time>2026-09-09T09:17:00.000Z</time>
        <extensions>
          <ns3:TrackPointExtension>
            <ns3:hr>150</ns3:hr>
            <ns3:cad>92</ns3:cad>
          </ns3:TrackPointExtension>
        </extensions>
      </trkpt>
      <trkpt lat="31.2774493731558322906494140625" lon="121.4762713015079498291015625">
        <ele>8.19999980926513671875</ele>
        <time>2026-09-09T09:17:01.000Z</time>
        <extensions>
          <ns3:TrackPointExtension>
            <ns3:hr>151</ns3:hr>
            <ns3:cad>92</ns3:cad>
          </ns3:TrackPointExtension>
        </extensions>
      </trkpt>
      <trkpt lat="31.2774202041327953338623046875" lon="121.4762811921536922454833984375">
        <ele>7.80000019073486328125</ele>
        <time>2026-09-09T09:17:02.000Z</time>
        <extensions>
          <ns3:TrackPointExtension>
            <ns3:hr>153</ns3:hr>
            <ns3:cad>91</ns3:cad>
          </ns3:TrackPointExtension>
        </extensions>
      </trkpt>
      <trkpt lat="31.27738273702561855316162109375" lon="121.47629720158874988555908203125">
        <ele>7.19999980926513671875</ele>
        <time>2026-09-09T09:17:03.000Z</time>
        <extensions>
          <ns3:TrackPointExtension>
            <ns3:hr>153</ns3:hr>
            <ns3:cad>91</ns3:cad>
          </ns3:TrackPointExtension>
        </extensions>
      </trkpt>
      <trkpt lat="31.27735071815550327301025390625" lon="121.4763143844902515411376953125">
        <ele>7.19999980926513671875</ele>
        <time>2026-09-09T09:17:04.000Z</time>
        <extensions>
          <ns3:TrackPointExtension>
            <ns3:hr>153</ns3:hr>
            <ns3:cad>91</ns3:cad>
          </ns3:TrackPointExtension>
        </extensions>
      </trkpt>
      <trkpt lat="31.27732154913246631622314453125" lon="121.47633290849626064300537109375">
        <ele>7.400000095367431640625</ele>
        <time>2026-09-09T09:17:05.000Z</time>
        <extensions>
          <ns3:TrackPointExtension>
            <ns3:hr>153</ns3:hr>
            <ns3:cad>91</ns3:cad>
          </ns3:TrackPointExtension>
        </extensions>
      </trkpt>
      <trkpt lat="31.27729321829974651336669921875" lon="121.476355455815792083740234375">
        <ele>7.400000095367431640625</ele>
        <time>2026-09-09T09:17:06.000Z</time>
        <extensions>
          <ns3:TrackPointExtension>
            <ns3:hr>153</ns3:hr>
            <ns3:cad>91</ns3:cad>
          </ns3:TrackPointExtension>
        </extensions>
      </trkpt>
      <trkpt lat="31.27726539038121700286865234375" lon="121.4763812720775604248046875">
        <ele>7.599999904632568359375</ele>
        <time>2026-09-09T09:17:07.000Z</time>
        <extensions>
          <ns3:TrackPointExtension>
            <ns3:hr>154</ns3:hr>
            <ns3:cad>91</ns3:cad>
          </ns3:TrackPointExtension>
        </extensions>
      </trkpt>
      <trkpt lat="31.27723923884332180023193359375" lon="121.4764096029102802276611328125">
        <ele>7.599999904632568359375</ele>
        <time>2026-09-09T09:17:08.000Z</time>
        <extensions>
          <ns3:TrackPointExtension>
            <ns3:hr>154</ns3:hr>
            <ns3:cad>91</ns3:cad>
          </ns3:TrackPointExtension>
        </extensions>
      </trkpt>
      <trkpt lat="31.2772119976580142974853515625" lon="121.47644438780844211578369140625">
        <ele>7.80000019073486328125</ele>
        <time>2026-09-09T09:17:09.000Z</time>
        <extensions>
          <ns3:TrackPointExtension>
            <ns3:hr>154</ns3:hr>
            <ns3:cad>91</ns3:cad>
          </ns3:TrackPointExtension>
        </extensions>
      </trkpt>
      <trkpt lat="31.27718660049140453338623046875" lon="121.47648378275334835052490234375">
        <ele>7.80000019073486328125</ele>
        <time>2026-09-09T09:17:10.000Z</time>
        <extensions>
          <ns3:TrackPointExtension>
            <ns3:hr>155</ns3:hr>
            <ns3:cad>92</ns3:cad>
          </ns3:TrackPointExtension>
        </extensions>
      </trkpt>
      <trkpt lat="31.2771610356867313385009765625" lon="121.4765343256294727325439453125">
        <ele>7.80000019073486328125</ele>
        <time>2026-09-09T09:17:11.000Z</time>
        <extensions>
          <ns3:TrackPointExtension>
            <ns3:hr>155</ns3:hr>
            <ns3:cad>93</ns3:cad>
          </ns3:TrackPointExtension>
        </extensions>
      </trkpt>
      <trkpt lat="31.27714217640459537506103515625" lon="121.47658235393464565277099609375">
        <ele>7.80000019073486328125</ele>
        <time>2026-09-09T09:17:12.000Z</time>
        <extensions>
          <ns3:TrackPointExtension>
            <ns3:hr>155</ns3:hr>
            <ns3:cad>93</ns3:cad>
          </ns3:TrackPointExtension>
        </extensions>
      </trkpt>
      <trkpt lat="31.2771288491785526275634765625" lon="121.476626358926296234130859375">
        <ele>7.80000019073486328125</ele>
        <time>2026-09-09T09:17:13.000Z</time>
        <extensions>
          <ns3:TrackPointExtension>
            <ns3:hr>156</ns3:hr>
            <ns3:cad>92</ns3:cad>
          </ns3:TrackPointExtension>
        </extensions>
      </trkpt>
      <trkpt lat="31.27711971290409564971923828125" lon="121.47667019627988338470458984375">
        <ele>7.400000095367431640625</ele>
        <time>2026-09-09T09:17:14.000Z</time>
        <extensions>
          <ns3:TrackPointExtension>
            <ns3:hr>157</ns3:hr>
            <ns3:cad>91</ns3:cad>
          </ns3:TrackPointExtension>
        </extensions>
      </trkpt>
      <trkpt lat="31.27711367793381214141845703125" lon="121.476716883480548858642578125">
        <ele>7</ele>
        <time>2026-09-09T09:17:15.000Z</time>
        <extensions>
          <ns3:TrackPointExtension>
            <ns3:hr>157</ns3:hr>
            <ns3:cad>91</ns3:cad>
          </ns3:TrackPointExtension>
        </extensions>
      </trkpt>
      <trkpt lat="31.2771117500960826873779296875" lon="121.476745046675205230712890625">
        <ele>6.80000019073486328125</ele>
        <time>2026-09-09T09:17:16.000Z</time>
        <extensions>
          <ns3:TrackPointExtension>
            <ns3:hr>158</ns3:hr>
            <ns3:cad>91</ns3:cad>
          </ns3:TrackPointExtension>
        </extensions>
      </trkpt>
      <trkpt lat="31.27711082808673381805419921875" lon="121.4767857827246189117431640625">
        <ele>6.599999904632568359375</ele>
        <time>2026-09-09T09:17:17.000Z</time>
        <extensions>
          <ns3:TrackPointExtension>
            <ns3:hr>159</ns3:hr>
            <ns3:cad>91</ns3:cad>
          </ns3:TrackPointExtension>
        </extensions>
      </trkpt>
      <trkpt lat="31.277113258838653564453125" lon="121.47682308219373226165771484375">
        <ele>6.400000095367431640625</ele>
        <time>2026-09-09T09:17:18.000Z</time>
        <extensions>
          <ns3:TrackPointExtension>
            <ns3:hr>159</ns3:hr>
            <ns3:cad>90</ns3:cad>
          </ns3:TrackPointExtension>
        </extensions>
      </trkpt>
      <trkpt lat="31.277118623256683349609375" lon="121.4768667519092559814453125">
        <ele>6</ele>
        <time>2026-09-09T09:17:19.000Z</time>
        <extensions>
          <ns3:TrackPointExtension>
            <ns3:hr>160</ns3:hr>
            <ns3:cad>90</ns3:cad>
          </ns3:TrackPointExtension>
        </extensions>
      </trkpt>
      <trkpt lat="31.277124993503093719482421875" lon="121.476901285350322723388671875">
        <ele>6.19999980926513671875</ele>
        <time>2026-09-09T09:17:20.000Z</time>
        <extensions>
          <ns3:TrackPointExtension>
            <ns3:hr>160</ns3:hr>
            <ns3:cad>91</ns3:cad>
          </ns3:TrackPointExtension>
        </extensions>
      </trkpt>
      <trkpt lat="31.277135722339153289794921875" lon="121.47694386541843414306640625">
        <ele>6.400000095367431640625</ele>
        <time>2026-09-09T09:17:21.000Z</time>
        <extensions>
          <ns3:TrackPointExtension>
            <ns3:hr>161</ns3:hr>
            <ns3:cad>91</ns3:cad>
          </ns3:TrackPointExtension>
        </extensions>
      </trkpt>
      <trkpt lat="31.27714921720325946807861328125" lon="121.47698250599205493927001953125">
        <ele>6.599999904632568359375</ele>
        <time>2026-09-09T09:17:22.000Z</time>
        <extensions>
          <ns3:TrackPointExtension>
            <ns3:hr>161</ns3:hr>
            <ns3:cad>91</ns3:cad>
          </ns3:TrackPointExtension>
        </extensions>
      </trkpt>
      <trkpt lat="31.27716413699090480804443359375" lon="121.4770174585282802581787109375">
        <ele>6.80000019073486328125</ele>
        <time>2026-09-09T09:17:23.000Z</time>
        <extensions>
          <ns3:TrackPointExtension>
            <ns3:hr>161</ns3:hr>
            <ns3:cad>91</ns3:cad>
          </ns3:TrackPointExtension>
        </extensions>
      </trkpt>
      <trkpt lat="31.27717964351177215576171875" lon="121.47704889066517353057861328125">
        <ele>7</ele>
        <time>2026-09-09T09:17:24.000Z</time>
        <extensions>
          <ns3:TrackPointExtension>
            <ns3:hr>162</ns3:hr>
            <ns3:cad>91</ns3:cad>
          </ns3:TrackPointExtension>
        </extensions>
      </trkpt>
      <trkpt lat="31.27720084972679615020751953125" lon="121.4770851843059062957763671875">
        <ele>7.19999980926513671875</ele>
        <time>2026-09-09T09:17:25.000Z</time>
        <extensions>
          <ns3:TrackPointExtension>
            <ns3:hr>163</ns3:hr>
            <ns3:cad>91</ns3:cad>
          </ns3:TrackPointExtension>
        </extensions>
      </trkpt>
      <trkpt lat="31.27722046338021755218505859375" lon="121.47711225785315036773681640625">
        <ele>7.400000095367431640625</ele>
        <time>2026-09-09T09:17:26.000Z</time>
        <extensions>
          <ns3:TrackPointExtension>
            <ns3:hr>163</ns3:hr>
            <ns3:cad>91</ns3:cad>
          </ns3:TrackPointExtension>
        </extensions>
      </trkpt>
      <trkpt lat="31.27724342979490756988525390625" lon="121.4771405048668384552001953125">
        <ele>7.400000095367431640625</ele>
        <time>2026-09-09T09:17:27.000Z</time>
        <extensions>
          <ns3:TrackPointExtension>
            <ns3:hr>163</ns3:hr>
            <ns3:cad>91</ns3:cad>
          </ns3:TrackPointExtension>
        </extensions>
      </trkpt>
      <trkpt lat="31.27726639620959758758544921875" lon="121.4771656505763530731201171875">
        <ele>7.599999904632568359375</ele>
        <time>2026-09-09T09:17:28.000Z</time>
        <extensions>
          <ns3:TrackPointExtension>
            <ns3:hr>163</ns3:hr>
            <ns3:cad>91</ns3:cad>
          </ns3:TrackPointExtension>
        </extensions>
      </trkpt>
      <trkpt lat="31.27729455940425395965576171875" lon="121.47719121538102626800537109375">
        <ele>7.80000019073486328125</ele>
        <time>2026-09-09T09:17:29.000Z</time>
        <extensions>
          <ns3:TrackPointExtension>
            <ns3:hr>163</ns3:hr>
            <ns3:cad>91</ns3:cad>
          </ns3:TrackPointExtension>
        </extensions>
      </trkpt>
      <trkpt lat="31.27732221968472003936767578125" lon="121.4772122539579868316650390625">
        <ele>7.80000019073486328125</ele>
        <time>2026-09-09T09:17:30.000Z</time>
        <extensions>
          <ns3:TrackPointExtension>
            <ns3:hr>165</ns3:hr>
            <ns3:cad>91</ns3:cad>
          </ns3:TrackPointExtension>
        </extensions>
      </trkpt>
      <trkpt lat="31.27734971232712268829345703125" lon="121.47723044268786907196044921875">
        <ele>8</ele>
        <time>2026-09-09T09:17:31.000Z</time>
        <extensions>
          <ns3:TrackPointExtension>
            <ns3:hr>166</ns3:hr>
            <ns3:cad>91</ns3:cad>
          </ns3:TrackPointExtension>
        </extensions>
      </trkpt>
      <trkpt lat="31.27738751471042633056640625" lon="121.477251313626766204833984375">
        <ele>8</ele>
        <time>2026-09-09T09:17:32.000Z</time>
        <extensions>
          <ns3:TrackPointExtension>
            <ns3:hr>166</ns3:hr>
            <ns3:cad>91</ns3:cad>
          </ns3:TrackPointExtension>
        </extensions>
      </trkpt>
      <trkpt lat="31.2774262391030788421630859375" lon="121.4772702567279338836669921875">
        <ele>8</ele>
        <time>2026-09-09T09:17:33.000Z</time>
        <extensions>
          <ns3:TrackPointExtension>
            <ns3:hr>166</ns3:hr>
            <ns3:cad>91</ns3:cad>
          </ns3:TrackPointExtension>
        </extensions>
      </trkpt>
      <trkpt lat="31.27746052108705043792724609375" lon="121.47728710435330867767333984375">
        <ele>8</ele>
        <time>2026-09-09T09:17:34.000Z</time>
        <extensions>
          <ns3:TrackPointExtension>
            <ns3:hr>166</ns3:hr>
            <ns3:cad>91</ns3:cad>
          </ns3:TrackPointExtension>
        </extensions>
      </trkpt>
      <trkpt lat="31.27749086357653141021728515625" lon="121.47730202414095401763916015625">
        <ele>7.80000019073486328125</ele>
        <time>2026-09-09T09:17:35.000Z</time>
        <extensions>
          <ns3:TrackPointExtension>
            <ns3:hr>166</ns3:hr>
            <ns3:cad>91</ns3:cad>
          </ns3:TrackPointExtension>
        </extensions>
      </trkpt>
      <trkpt lat="31.277520619332790374755859375" lon="121.47731660865247249603271484375">
        <ele>7.80000019073486328125</ele>
        <time>2026-09-09T09:17:36.000Z</time>
        <extensions>
          <ns3:TrackPointExtension>
            <ns3:hr>167</ns3:hr>
            <ns3:cad>91</ns3:cad>
          </ns3:TrackPointExtension>
        </extensions>
      </trkpt>
      <trkpt lat="31.277552805840969085693359375" lon="121.47733236663043498992919921875">
        <ele>7.80000019073486328125</ele>
        <time>2026-09-09T09:17:37.000Z</time>
        <extensions>
          <ns3:TrackPointExtension>
            <ns3:hr>167</ns3:hr>
            <ns3:cad>91</ns3:cad>
          </ns3:TrackPointExtension>
        </extensions>
      </trkpt>
      <trkpt lat="31.2775824777781963348388671875" lon="121.47734695114195346832275390625">
        <ele>7.80000019073486328125</ele>
        <time>2026-09-09T09:17:38.000Z</time>
        <extensions>
          <ns3:TrackPointExtension>
            <ns3:hr>167</ns3:hr>
            <ns3:cad>91</ns3:cad>
          </ns3:TrackPointExtension>
        </extensions>
      </trkpt>
      <trkpt lat="31.27761390991508960723876953125" lon="121.47736237384378910064697265625">
        <ele>8</ele>
        <time>2026-09-09T09:17:39.000Z</time>
        <extensions>
          <ns3:TrackPointExtension>
            <ns3:hr>168</ns3:hr>
            <ns3:cad>91</ns3:cad>
          </ns3:TrackPointExtension>
        </extensions>
      </trkpt>
      <trkpt lat="31.2776456773281097412109375" lon="121.47737796418368816375732421875">
        <ele>8</ele>
        <time>2026-09-09T09:17:40.000Z</time>
        <extensions>
          <ns3:TrackPointExtension>
            <ns3:hr>168</ns3:hr>
            <ns3:cad>91</ns3:cad>
          </ns3:TrackPointExtension>
        </extensions>
      </trkpt>
      <trkpt lat="31.27767526544630527496337890625" lon="121.4773924648761749267578125">
        <ele>8.19999980926513671875</ele>
        <time>2026-09-09T09:17:41.000Z</time>
        <extensions>
          <ns3:TrackPointExtension>
            <ns3:hr>167</ns3:hr>
            <ns3:cad>91</ns3:cad>
          </ns3:TrackPointExtension>
        </extensions>
      </trkpt>
      <trkpt lat="31.27770476974546909332275390625" lon="121.47740696556866168975830078125">
        <ele>8</ele>
        <time>2026-09-09T09:17:42.000Z</time>
        <extensions>
          <ns3:TrackPointExtension>
            <ns3:hr>167</ns3:hr>
            <ns3:cad>91</ns3:cad>
          </ns3:TrackPointExtension>
        </extensions>
      </trkpt>
      <trkpt lat="31.27773460932075977325439453125" lon="121.477421633899211883544921875">
        <ele>8</ele>
        <time>2026-09-09T09:17:43.000Z</time>
        <extensions>
          <ns3:TrackPointExtension>
            <ns3:hr>167</ns3:hr>
            <ns3:cad>91</ns3:cad>
          </ns3:TrackPointExtension>
        </extensions>
      </trkpt>
      <trkpt lat="31.277769394218921661376953125" lon="121.47743864916265010833740234375">
        <ele>8</ele>
        <time>2026-09-09T09:17:44.000Z</time>
        <extensions>
          <ns3:TrackPointExtension>
            <ns3:hr>168</ns3:hr>
            <ns3:cad>90</ns3:cad>
          </ns3:TrackPointExtension>
        </extensions>
      </trkpt>
      <trkpt lat="31.27780459821224212646484375" lon="121.47745591588318347930908203125">
        <ele>8</ele>
        <time>2026-09-09T09:17:45.000Z</time>
        <extensions>
          <ns3:TrackPointExtension>
            <ns3:hr>168</ns3:hr>
            <ns3:cad>90</ns3:cad>
          </ns3:TrackPointExtension>
        </extensions>
      </trkpt>
      <trkpt lat="31.27784105949103832244873046875" lon="121.47747385315597057342529296875">
        <ele>8</ele>
        <time>2026-09-09T09:17:46.000Z</time>
        <extensions>
          <ns3:TrackPointExtension>
            <ns3:hr>168</ns3:hr>
            <ns3:cad>91</ns3:cad>
          </ns3:TrackPointExtension>
        </extensions>
      </trkpt>
      <trkpt lat="31.27787609584629535675048828125" lon="121.47749095223844051361083984375">
        <ele>8</ele>
        <time>2026-09-09T09:17:47.000Z</time>
        <extensions>
          <ns3:TrackPointExtension>
            <ns3:hr>168</ns3:hr>
            <ns3:cad>91</ns3:cad>
          </ns3:TrackPointExtension>
        </extensions>
      </trkpt>
      <trkpt lat="31.27791750244796276092529296875" lon="121.4775093086063861846923828125">
        <ele>8</ele>
        <time>2026-09-09T09:17:48.000Z</time>
        <extensions>
          <ns3:TrackPointExtension>
            <ns3:hr>168</ns3:hr>
            <ns3:cad>91</ns3:cad>
          </ns3:TrackPointExtension>
        </extensions>
      </trkpt>
      <trkpt lat="31.2779620103538036346435546875" lon="121.47752397693693637847900390625">
        <ele>8.19999980926513671875</ele>
        <time>2026-09-09T09:17:49.000Z</time>
        <extensions>
          <ns3:TrackPointExtension>
            <ns3:hr>168</ns3:hr>
            <ns3:cad>93</ns3:cad>
          </ns3:TrackPointExtension>
        </extensions>
      </trkpt>
      <trkpt lat="31.278010793030261993408203125" lon="121.47753353230655193328857421875">
        <ele>8.6000003814697265625</ele>
        <time>2026-09-09T09:17:50.000Z</time>
        <extensions>
          <ns3:TrackPointExtension>
            <ns3:hr>169</ns3:hr>
            <ns3:cad>93</ns3:cad>
          </ns3:TrackPointExtension>
        </extensions>
      </trkpt>
      <trkpt lat="31.27804826013743877410888671875" lon="121.477536298334598541259765625">
        <ele>8.80000019073486328125</ele>
        <time>2026-09-09T09:17:51.000Z</time>
        <extensions>
          <ns3:TrackPointExtension>
            <ns3:hr>169</ns3:hr>
            <ns3:cad>92</ns3:cad>
          </ns3:TrackPointExtension>
        </extensions>
      </trkpt>
      <trkpt lat="31.2780820392072200775146484375" lon="121.47753587923943996429443359375">
        <ele>9</ele>
        <time>2026-09-09T09:17:52.000Z</time>
        <extensions>
          <ns3:TrackPointExtension>
            <ns3:hr>169</ns3:hr>
            <ns3:cad>92</ns3:cad>
          </ns3:TrackPointExtension>
        </extensions>
      </trkpt>
      <trkpt lat="31.27811372280120849609375" lon="121.4775331132113933563232421875">
        <ele>9</ele>
        <time>2026-09-09T09:17:53.000Z</time>
        <extensions>
          <ns3:TrackPointExtension>
            <ns3:hr>169</ns3:hr>
            <ns3:cad>92</ns3:cad>
          </ns3:TrackPointExtension>
        </extensions>
      </trkpt>
      <trkpt lat="31.27815403975546360015869140625" lon="121.47752464748919010162353515625">
        <ele>9.19999980926513671875</ele>
        <time>2026-09-09T09:17:54.000Z</time>
        <extensions>
          <ns3:TrackPointExtension>
            <ns3:hr>169</ns3:hr>
            <ns3:cad>92</ns3:cad>
          </ns3:TrackPointExtension>
        </extensions>
      </trkpt>
      <trkpt lat="31.27818924374878406524658203125" lon="121.47751341573894023895263671875">
        <ele>9.19999980926513671875</ele>
        <time>2026-09-09T09:17:55.000Z</time>
        <extensions>
          <ns3:TrackPointExtension>
            <ns3:hr>169</ns3:hr>
            <ns3:cad>91</ns3:cad>
          </ns3:TrackPointExtension>
        </extensions>
      </trkpt>
      <trkpt lat="31.278210617601871490478515625" lon="121.47750520147383213043212890625">
        <ele>9.19999980926513671875</ele>
        <time>2026-09-09T09:17:56.000Z</time>
        <extensions>
          <ns3:TrackPointExtension>
            <ns3:hr>170</ns3:hr>
            <ns3:cad>90</ns3:cad>
          </ns3:TrackPointExtension>
        </extensions>
      </trkpt>
      <trkpt lat="31.27823509275913238525390625" lon="121.47749346680939197540283203125">
        <ele>9.3999996185302734375</ele>
        <time>2026-09-09T09:17:57.000Z</time>
        <extensions>
          <ns3:TrackPointExtension>
            <ns3:hr>170</ns3:hr>
            <ns3:cad>90</ns3:cad>
          </ns3:TrackPointExtension>
        </extensions>
      </trkpt>
      <trkpt lat="31.278272308409214019775390625" lon="121.47747184149920940399169921875">
        <ele>9.6000003814697265625</ele>
        <time>2026-09-09T09:17:58.000Z</time>
        <extensions>
          <ns3:TrackPointExtension>
            <ns3:hr>170</ns3:hr>
            <ns3:cad>91</ns3:cad>
          </ns3:TrackPointExtension>
        </extensions>
      </trkpt>
      <trkpt lat="31.27830675803124904632568359375" lon="121.4774469472467899322509765625">
        <ele>10.19999980926513671875</ele>
        <time>2026-09-09T09:17:59.000Z</time>
        <extensions>
          <ns3:TrackPointExtension>
            <ns3:hr>170</ns3:hr>
            <ns3:cad>91</ns3:cad>
          </ns3:TrackPointExtension>
        </extensions>
      </trkpt>
      <trkpt lat="31.278333999216556549072265625" lon="121.47742356173694133758544921875">
        <ele>10.80000019073486328125</ele>
        <time>2026-09-09T09:18:00.000Z</time>
        <extensions>
          <ns3:TrackPointExtension>
            <ns3:hr>171</ns3:hr>
            <ns3:cad>91</ns3:cad>
          </ns3:TrackPointExtension>
        </extensions>
      </trkpt>
      <trkpt lat="31.27836274914443492889404296875" lon="121.4773946441709995269775390625">
        <ele>11.19999980926513671875</ele>
        <time>2026-09-09T09:18:01.000Z</time>
        <extensions>
          <ns3:TrackPointExtension>
            <ns3:hr>171</ns3:hr>
            <ns3:cad>91</ns3:cad>
          </ns3:TrackPointExtension>
        </extensions>
      </trkpt>
      <trkpt lat="31.27838504500687122344970703125" lon="121.47736740298569202423095703125">
        <ele>11.3999996185302734375</ele>
        <time>2026-09-09T09:18:02.000Z</time>
        <extensions>
          <ns3:TrackPointExtension>
            <ns3:hr>171</ns3:hr>
            <ns3:cad>92</ns3:cad>
          </ns3:TrackPointExtension>
        </extensions>
      </trkpt>
      <trkpt lat="31.2783975340425968170166015625" lon="121.47735063917934894561767578125">
        <ele>11.6000003814697265625</ele>
        <time>2026-09-09T09:18:03.000Z</time>
        <extensions>
          <ns3:TrackPointExtension>
            <ns3:hr>171</ns3:hr>
            <ns3:cad>92</ns3:cad>
          </ns3:TrackPointExtension>
        </extensions>
      </trkpt>
      <trkpt lat="31.27841102890670299530029296875" lon="121.4773302711546421051025390625">
        <ele>11.6000003814697265625</ele>
        <time>2026-09-09T09:18:04.000Z</time>
        <extensions>
          <ns3:TrackPointExtension>
            <ns3:hr>171</ns3:hr>
            <ns3:cad>91</ns3:cad>
          </ns3:TrackPointExtension>
        </extensions>
      </trkpt>
      <trkpt lat="31.2784196622669696807861328125" lon="121.4773171953856945037841796875">
        <ele>11.6000003814697265625</ele>
        <time>2026-09-09T09:18:05.000Z</time>
        <extensions>
          <ns3:TrackPointExtension>
            <ns3:hr>171</ns3:hr>
            <ns3:cad>91</ns3:cad>
          </ns3:TrackPointExtension>
        </extensions>
      </trkpt>
      <trkpt lat="31.2784233503043651580810546875" lon="121.47731057368218898773193359375">
        <ele>11.3999996185302734375</ele>
        <time>2026-09-09T09:18:06.000Z</time>
        <extensions>
          <ns3:TrackPointExtension>
            <ns3:hr>172</ns3:hr>
            <ns3:cad>91</ns3:cad>
          </ns3:TrackPointExtension>
        </extensions>
      </trkpt>
      <trkpt lat="31.2784280441701412200927734375" lon="121.4773017726838588714599609375">
        <ele>11.3999996185302734375</ele>
        <time>2026-09-09T09:18:07.000Z</time>
        <extensions>
          <ns3:TrackPointExtension>
            <ns3:hr>173</ns3:hr>
            <ns3:cad>91</ns3:cad>
          </ns3:TrackPointExtension>
        </extensions>
      </trkpt>
      <trkpt lat="31.27843533642590045928955078125" lon="121.4772880263626575469970703125">
        <ele>11.19999980926513671875</ele>
        <time>2026-09-09T09:18:08.000Z</time>
        <extensions>
          <ns3:TrackPointExtension>
            <ns3:hr>173</ns3:hr>
            <ns3:cad>91</ns3:cad>
          </ns3:TrackPointExtension>
        </extensions>
      </trkpt>
      <trkpt lat="31.278440952301025390625" lon="121.4772772975265979766845703125">
        <ele>11.19999980926513671875</ele>
        <time>2026-09-09T09:18:09.000Z</time>
        <extensions>
          <ns3:TrackPointExtension>
            <ns3:hr>172</ns3:hr>
            <ns3:cad>0</ns3:cad>
          </ns3:TrackPointExtension>
        </extensions>
      </trkpt>
      <trkpt lat="31.278445981442928314208984375" lon="121.47726732306182384490966796875">
        <ele>11.19999980926513671875</ele>
        <time>2026-09-09T09:18:10.000Z</time>
        <extensions>
          <ns3:TrackPointExtension>
            <ns3:hr>172</ns3:hr>
            <ns3:cad>0</ns3:cad>
          </ns3:TrackPointExtension>
        </extensions>
      </trkpt>
      <trkpt lat="31.2784572131931781768798828125" lon="121.4772400818765163421630859375">
        <ele>10.80000019073486328125</ele>
        <time>2026-09-09T09:18:11.000Z</time>
        <extensions>
          <ns3:TrackPointExtension>
            <ns3:hr>172</ns3:hr>
            <ns3:cad>0</ns3:cad>
          </ns3:TrackPointExtension>
        </extensions>
      </trkpt>
      <trkpt lat="31.27845964394509792327880859375" lon="121.4772342145442962646484375">
        <ele>10.80000019073486328125</ele>
        <time>2026-09-09T09:18:12.000Z</time>
        <extensions>
          <ns3:TrackPointExtension>
            <ns3:hr>170</ns3:hr>
            <ns3:cad>0</ns3:cad>
          </ns3:TrackPointExtension>
        </extensions>
      </trkpt>
      <trkpt lat="31.2784635834395885467529296875" lon="121.4772246591746807098388671875">
        <ele>10.80000019073486328125</ele>
        <time>2026-09-09T09:18:13.000Z</time>
        <extensions>
          <ns3:TrackPointExtension>
            <ns3:hr>170</ns3:hr>
            <ns3:cad>0</ns3:cad>
          </ns3:TrackPointExtension>
        </extensions>
      </trkpt>
      <trkpt lat="31.278466768562793731689453125" lon="121.4772152714431285858154296875">
        <ele>10.6000003814697265625</ele>
        <time>2026-09-09T09:18:14.000Z</time>
        <extensions>
          <ns3:TrackPointExtension>
            <ns3:hr>170</ns3:hr>
            <ns3:cad>0</ns3:cad>
          </ns3:TrackPointExtension>
        </extensions>
      </trkpt>
      <trkpt lat="31.27846936695277690887451171875" lon="121.47720697335898876190185546875">
        <ele>10.6000003814697265625</ele>
        <time>2026-09-09T09:18:15.000Z</time>
        <extensions>
          <ns3:TrackPointExtension>
            <ns3:hr>170</ns3:hr>
            <ns3:cad>0</ns3:cad>
          </ns3:TrackPointExtension>
        </extensions>
      </trkpt>
      <trkpt lat="31.27847556956112384796142578125" lon="121.4771867729723453521728515625">
        <ele>10.3999996185302734375</ele>
        <time>2026-09-09T09:18:16.000Z</time>
        <extensions>
          <ns3:TrackPointExtension>
            <ns3:hr>170</ns3:hr>
            <ns3:cad>0</ns3:cad>
          </ns3:TrackPointExtension>
        </extensions>
      </trkpt>
      <trkpt lat="31.27847917377948760986328125" lon="121.477174870669841766357421875">
        <ele>10.19999980926513671875</ele>
        <time>2026-09-09T09:18:17.000Z</time>
        <extensions>
          <ns3:TrackPointExtension>
            <ns3:hr>170</ns3:hr>
            <ns3:cad>0</ns3:cad>
          </ns3:TrackPointExtension>
        </extensions>
      </trkpt>
      <trkpt lat="31.27848177216947078704833984375" lon="121.477164812386035919189453125">
        <ele>10.19999980926513671875</ele>
        <time>2026-09-09T09:18:18.000Z</time>
        <extensions>
          <ns3:TrackPointExtension>
            <ns3:hr>169</ns3:hr>
            <ns3:cad>0</ns3:cad>
          </ns3:TrackPointExtension>
        </extensions>
      </trkpt>
      <trkpt lat="31.27848629839718341827392578125" lon="121.47714327089488506317138671875">
        <ele>10</ele>
        <time>2026-09-09T09:18:19.000Z</time>
        <extensions>
          <ns3:TrackPointExtension>
            <ns3:hr>169</ns3:hr>
            <ns3:cad>0</ns3:cad>
          </ns3:TrackPointExtension>
        </extensions>
      </trkpt>
      <trkpt lat="31.27848713658750057220458984375" lon="121.4771391637623310089111328125">
        <ele>9.80000019073486328125</ele>
        <time>2026-09-09T09:18:20.000Z</time>
        <extensions>
          <ns3:TrackPointExtension>
            <ns3:hr>169</ns3:hr>
            <ns3:cad>0</ns3:cad>
          </ns3:TrackPointExtension>
        </extensions>
      </trkpt>
      <trkpt lat="31.2784887291491031646728515625" lon="121.4771314524114131927490234375">
        <ele>9.80000019073486328125</ele>
        <time>2026-09-09T09:18:21.000Z</time>
        <extensions>
          <ns3:TrackPointExtension>
            <ns3:hr>169</ns3:hr>
            <ns3:cad>0</ns3:cad>
          </ns3:TrackPointExtension>
        </extensions>
      </trkpt>
      <trkpt lat="31.27849065698683261871337890625" lon="121.47712248377501964569091796875">
        <ele>9.80000019073486328125</ele>
        <time>2026-09-09T09:18:22.000Z</time>
        <extensions>
          <ns3:TrackPointExtension>
            <ns3:hr>169</ns3:hr>
            <ns3:cad>0</ns3:cad>
          </ns3:TrackPointExtension>
        </extensions>
      </trkpt>
      <trkpt lat="31.27849183045327663421630859375" lon="121.47711561061441898345947265625">
        <ele>9.6000003814697265625</ele>
        <time>2026-09-09T09:18:23.000Z</time>
        <extensions>
          <ns3:TrackPointExtension>
            <ns3:hr>169</ns3:hr>
            <ns3:cad>0</ns3:cad>
          </ns3:TrackPointExtension>
        </extensions>
      </trkpt>
      <trkpt lat="31.27849283628165721893310546875" lon="121.477107144892215728759765625">
        <ele>9.6000003814697265625</ele>
        <time>2026-09-09T09:18:24.000Z</time>
        <extensions>
          <ns3:TrackPointExtension>
            <ns3:hr>169</ns3:hr>
            <ns3:cad>0</ns3:cad>
          </ns3:TrackPointExtension>
        </extensions>
      </trkpt>
      <trkpt lat="31.27849535085260868072509765625" lon="121.47708560340106487274169921875">
        <ele>9.3999996185302734375</ele>
        <time>2026-09-09T09:18:25.000Z</time>
        <extensions>
          <ns3:TrackPointExtension>
            <ns3:hr>169</ns3:hr>
            <ns3:cad>51</ns3:cad>
          </ns3:TrackPointExtension>
        </extensions>
      </trkpt>
      <trkpt lat="31.27849719487130641937255859375" lon="121.47706992924213409423828125">
        <ele>9.19999980926513671875</ele>
        <time>2026-09-09T09:18:26.000Z</time>
        <extensions>
          <ns3:TrackPointExtension>
            <ns3:hr>168</ns3:hr>
            <ns3:cad>51</ns3:cad>
          </ns3:TrackPointExtension>
        </extensions>
      </trkpt>
      <trkpt lat="31.27849786542356014251708984375" lon="121.47706179879605770111083984375">
        <ele>9</ele>
        <time>2026-09-09T09:18:27.000Z</time>
        <extensions>
          <ns3:TrackPointExtension>
            <ns3:hr>168</ns3:hr>
            <ns3:cad>0</ns3:cad>
          </ns3:TrackPointExtension>
        </extensions>
      </trkpt>
      <trkpt lat="31.2784981168806552886962890625" lon="121.477050818502902984619140625">
        <ele>9</ele>
        <time>2026-09-09T09:18:28.000Z</time>
        <extensions>
          <ns3:TrackPointExtension>
            <ns3:hr>168</ns3:hr>
            <ns3:cad>0</ns3:cad>
          </ns3:TrackPointExtension>
        </extensions>
      </trkpt>
      <trkpt lat="31.27849853597581386566162109375" lon="121.47703464142978191375732421875">
        <ele>8.80000019073486328125</ele>
        <time>2026-09-09T09:18:29.000Z</time>
        <extensions>
          <ns3:TrackPointExtension>
            <ns3:hr>168</ns3:hr>
            <ns3:cad>0</ns3:cad>
          </ns3:TrackPointExtension>
        </extensions>
      </trkpt>
      <trkpt lat="31.2784987874329090118408203125" lon="121.47702525369822978973388671875">
        <ele>8.6000003814697265625</ele>
        <time>2026-09-09T09:18:30.000Z</time>
        <extensions>
          <ns3:TrackPointExtension>
            <ns3:hr>168</ns3:hr>
            <ns3:cad>0</ns3:cad>
          </ns3:TrackPointExtension>
        </extensions>
      </trkpt>
      <trkpt lat="31.2784991227090358734130859375" lon="121.47701402194797992706298828125">
        <ele>8.6000003814697265625</ele>
        <time>2026-09-09T09:18:31.000Z</time>
        <extensions>
          <ns3:TrackPointExtension>
            <ns3:hr>168</ns3:hr>
            <ns3:cad>0</ns3:cad>
          </ns3:TrackPointExtension>
        </extensions>
      </trkpt>
      <trkpt lat="31.2784987874329090118408203125" lon="121.4770043827593326568603515625">
        <ele>8.3999996185302734375</ele>
        <time>2026-09-09T09:18:32.000Z</time>
        <extensions>
          <ns3:TrackPointExtension>
            <ns3:hr>168</ns3:hr>
            <ns3:cad>0</ns3:cad>
          </ns3:TrackPointExtension>
        </extensions>
      </trkpt>
      <trkpt lat="31.2784981168806552886962890625" lon="121.4769936539232730865478515625">
        <ele>8.3999996185302734375</ele>
        <time>2026-09-09T09:18:33.000Z</time>
        <extensions>
          <ns3:TrackPointExtension>
            <ns3:hr>168</ns3:hr>
            <ns3:cad>0</ns3:cad>
          </ns3:TrackPointExtension>
        </extensions>
      </trkpt>
      <trkpt lat="31.27849736250936985015869140625" lon="121.47698166780173778533935546875">
        <ele>8.19999980926513671875</ele>
        <time>2026-09-09T09:18:34.000Z</time>
        <extensions>
          <ns3:TrackPointExtension>
            <ns3:hr>168</ns3:hr>
            <ns3:cad>76</ns3:cad>
          </ns3:TrackPointExtension>
        </extensions>
      </trkpt>
      <trkpt lat="31.27849635668098926544189453125" lon="121.4769661612808704376220703125">
        <ele>8</ele>
        <time>2026-09-09T09:18:35.000Z</time>
        <extensions>
          <ns3:TrackPointExtension>
            <ns3:hr>167</ns3:hr>
            <ns3:cad>76</ns3:cad>
          </ns3:TrackPointExtension>
        </extensions>
      </trkpt>
      <trkpt lat="31.2784944288432598114013671875" lon="121.47694788873195648193359375">
        <ele>7.80000019073486328125</ele>
        <time>2026-09-09T09:18:36.000Z</time>
        <extensions>
          <ns3:TrackPointExtension>
            <ns3:hr>167</ns3:hr>
            <ns3:cad>76</ns3:cad>
          </ns3:TrackPointExtension>
        </extensions>
      </trkpt>
      <trkpt lat="31.27848990261554718017578125" lon="121.4769188873469829559326171875">
        <ele>7.599999904632568359375</ele>
        <time>2026-09-09T09:18:37.000Z</time>
        <extensions>
          <ns3:TrackPointExtension>
            <ns3:hr>166</ns3:hr>
            <ns3:cad>76</ns3:cad>
          </ns3:TrackPointExtension>
        </extensions>
      </trkpt>
      <trkpt lat="31.2784852087497711181640625" lon="121.4768940769135951995849609375">
        <ele>7.19999980926513671875</ele>
        <time>2026-09-09T09:18:38.000Z</time>
        <extensions>
          <ns3:TrackPointExtension>
            <ns3:hr>165</ns3:hr>
            <ns3:cad>76</ns3:cad>
          </ns3:TrackPointExtension>
        </extensions>
      </trkpt>
      <trkpt lat="31.27848009578883647918701171875" lon="121.47687354125082492828369140625">
        <ele>7</ele>
        <time>2026-09-09T09:18:39.000Z</time>
        <extensions>
          <ns3:TrackPointExtension>
            <ns3:hr>165</ns3:hr>
            <ns3:cad>82</ns3:cad>
          </ns3:TrackPointExtension>
        </extensions>
      </trkpt>
      <trkpt lat="31.2784744799137115478515625" lon="121.47685132920742034912109375">
        <ele>7.19999980926513671875</ele>
        <time>2026-09-09T09:18:40.000Z</time>
        <extensions>
          <ns3:TrackPointExtension>
            <ns3:hr>164</ns3:hr>
            <ns3:cad>82</ns3:cad>
          </ns3:TrackPointExtension>
        </extensions>
      </trkpt>
      <trkpt lat="31.27846869640052318572998046875" lon="121.47683464922010898590087890625">
        <ele>7.400000095367431640625</ele>
        <time>2026-09-09T09:18:41.000Z</time>
        <extensions>
          <ns3:TrackPointExtension>
            <ns3:hr>162</ns3:hr>
            <ns3:cad>82</ns3:cad>
          </ns3:TrackPointExtension>
        </extensions>
      </trkpt>
      <trkpt lat="31.2784605659544467926025390625" lon="121.47681151516735553741455078125">
        <ele>7.599999904632568359375</ele>
        <time>2026-09-09T09:18:42.000Z</time>
        <extensions>
          <ns3:TrackPointExtension>
            <ns3:hr>162</ns3:hr>
            <ns3:cad>83</ns3:cad>
          </ns3:TrackPointExtension>
        </extensions>
      </trkpt>
      <trkpt lat="31.2784531898796558380126953125" lon="121.47679307498037815093994140625">
        <ele>7.80000019073486328125</ele>
        <time>2026-09-09T09:18:43.000Z</time>
        <extensions>
          <ns3:TrackPointExtension>
            <ns3:hr>161</ns3:hr>
            <ns3:cad>83</ns3:cad>
          </ns3:TrackPointExtension>
        </extensions>
      </trkpt>
      <trkpt lat="31.27844572998583316802978515625" lon="121.47677681408822536468505859375">
        <ele>8</ele>
        <time>2026-09-09T09:18:44.000Z</time>
        <extensions>
          <ns3:TrackPointExtension>
            <ns3:hr>160</ns3:hr>
            <ns3:cad>84</ns3:cad>
          </ns3:TrackPointExtension>
        </extensions>
      </trkpt>
      <trkpt lat="31.27843282185494899749755859375" lon="121.47674999199807643890380859375">
        <ele>8.19999980926513671875</ele>
        <time>2026-09-09T09:18:45.000Z</time>
        <extensions>
          <ns3:TrackPointExtension>
            <ns3:hr>160</ns3:hr>
            <ns3:cad>84</ns3:cad>
          </ns3:TrackPointExtension>
        </extensions>
      </trkpt>
      <trkpt lat="31.2784210033714771270751953125" lon="121.47672970779240131378173828125">
        <ele>8.6000003814697265625</ele>
        <time>2026-09-09T09:18:46.000Z</time>
        <extensions>
          <ns3:TrackPointExtension>
            <ns3:hr>158</ns3:hr>
            <ns3:cad>84</ns3:cad>
          </ns3:TrackPointExtension>
        </extensions>
      </trkpt>
      <trkpt lat="31.27841002307832241058349609375" lon="121.47671076469123363494873046875">
        <ele>8.80000019073486328125</ele>
        <time>2026-09-09T09:18:47.000Z</time>
        <extensions>
          <ns3:TrackPointExtension>
            <ns3:hr>158</ns3:hr>
            <ns3:cad>84</ns3:cad>
          </ns3:TrackPointExtension>
        </extensions>
      </trkpt>
      <trkpt lat="31.278397031128406524658203125" lon="121.4766925759613513946533203125">
        <ele>9</ele>
        <time>2026-09-09T09:18:48.000Z</time>
        <extensions>
          <ns3:TrackPointExtension>
            <ns3:hr>157</ns3:hr>
            <ns3:cad>84</ns3:cad>
          </ns3:TrackPointExtension>
        </extensions>
      </trkpt>
      <trkpt lat="31.27838303335011005401611328125" lon="121.476673297584056854248046875">
        <ele>9.19999980926513671875</ele>
        <time>2026-09-09T09:18:49.000Z</time>
        <extensions>
          <ns3:TrackPointExtension>
            <ns3:hr>154</ns3:hr>
            <ns3:cad>84</ns3:cad>
          </ns3:TrackPointExtension>
        </extensions>
      </trkpt>
      <trkpt lat="31.2783666886389255523681640625" lon="121.47665410302579402923583984375">
        <ele>9.3999996185302734375</ele>
        <time>2026-09-09T09:18:50.000Z</time>
        <extensions>
          <ns3:TrackPointExtension>
            <ns3:hr>154</ns3:hr>
            <ns3:cad>84</ns3:cad>
          </ns3:TrackPointExtension>
        </extensions>
      </trkpt>
      <trkpt lat="31.27834917046129703521728515625" lon="121.47663448937237262725830078125">
        <ele>9.6000003814697265625</ele>
        <time>2026-09-09T09:18:51.000Z</time>
        <extensions>
          <ns3:TrackPointExtension>
            <ns3:hr>153</ns3:hr>
            <ns3:cad>84</ns3:cad>
          </ns3:TrackPointExtension>
        </extensions>
      </trkpt>
      <trkpt lat="31.2783336639404296875" lon="121.4766198210418224334716796875">
        <ele>9.6000003814697265625</ele>
        <time>2026-09-09T09:18:52.000Z</time>
        <extensions>
          <ns3:TrackPointExtension>
            <ns3:hr>151</ns3:hr>
            <ns3:cad>84</ns3:cad>
          </ns3:TrackPointExtension>
        </extensions>
      </trkpt>
      <trkpt lat="31.27830977551639080047607421875" lon="121.476598195731639862060546875">
        <ele>10</ele>
        <time>2026-09-09T09:18:53.000Z</time>
        <extensions>
          <ns3:TrackPointExtension>
            <ns3:hr>151</ns3:hr>
            <ns3:cad>84</ns3:cad>
          </ns3:TrackPointExtension>
        </extensions>
      </trkpt>
      <trkpt lat="31.278286390006542205810546875" lon="121.4765812642872333526611328125">
        <ele>10.19999980926513671875</ele>
        <time>2026-09-09T09:18:54.000Z</time>
        <extensions>
          <ns3:TrackPointExtension>
            <ns3:hr>151</ns3:hr>
            <ns3:cad>84</ns3:cad>
          </ns3:TrackPointExtension>
        </extensions>
      </trkpt>
      <trkpt lat="31.27826401032507419586181640625" lon="121.47656609304249286651611328125">
        <ele>10.6000003814697265625</ele>
        <time>2026-09-09T09:18:55.000Z</time>
        <extensions>
          <ns3:TrackPointExtension>
            <ns3:hr>149</ns3:hr>
            <ns3:cad>84</ns3:cad>
          </ns3:TrackPointExtension>
        </extensions>
      </trkpt>
      <trkpt lat="31.2782411277294158935546875" lon="121.47655318491160869598388671875">
        <ele>10.80000019073486328125</ele>
        <time>2026-09-09T09:18:56.000Z</time>
        <extensions>
          <ns3:TrackPointExtension>
            <ns3:hr>149</ns3:hr>
            <ns3:cad>84</ns3:cad>
          </ns3:TrackPointExtension>
        </extensions>
      </trkpt>
      <trkpt lat="31.27821690402925014495849609375" lon="121.47654044441878795623779296875">
        <ele>11</ele>
        <time>2026-09-09T09:18:57.000Z</time>
        <extensions>
          <ns3:TrackPointExtension>
            <ns3:hr>149</ns3:hr>
            <ns3:cad>84</ns3:cad>
          </ns3:TrackPointExtension>
        </extensions>
      </trkpt>
      <trkpt lat="31.2781920097768306732177734375" lon="121.47652820684015750885009765625">
        <ele>11</ele>
        <time>2026-09-09T09:18:58.000Z</time>
        <extensions>
          <ns3:TrackPointExtension>
            <ns3:hr>148</ns3:hr>
            <ns3:cad>84</ns3:cad>
          </ns3:TrackPointExtension>
        </extensions>
      </trkpt>
      <trkpt lat="31.27817247994244098663330078125" lon="121.47651865147054195404052734375">
        <ele>10.80000019073486328125</ele>
        <time>2026-09-09T09:18:59.000Z</time>
        <extensions>
          <ns3:TrackPointExtension>
            <ns3:hr>148</ns3:hr>
            <ns3:cad>85</ns3:cad>
          </ns3:TrackPointExtension>
        </extensions>
      </trkpt>
      <trkpt lat="31.278149597346782684326171875" lon="121.47650741972029209136962890625">
        <ele>10.6000003814697265625</ele>
        <time>2026-09-09T09:19:00.000Z</time>
        <extensions>
          <ns3:TrackPointExtension>
            <ns3:hr>148</ns3:hr>
            <ns3:cad>85</ns3:cad>
          </ns3:TrackPointExtension>
        </extensions>
      </trkpt>
      <trkpt lat="31.27812721766531467437744140625" lon="121.4764964394271373748779296875">
        <ele>10.6000003814697265625</ele>
        <time>2026-09-09T09:19:01.000Z</time>
        <extensions>
          <ns3:TrackPointExtension>
            <ns3:hr>147</ns3:hr>
            <ns3:cad>85</ns3:cad>
          </ns3:TrackPointExtension>
        </extensions>
      </trkpt>
      <trkpt lat="31.27810475416481494903564453125" lon="121.4764853753149509429931640625">
        <ele>10.3999996185302734375</ele>
        <time>2026-09-09T09:19:02.000Z</time>
        <extensions>
          <ns3:TrackPointExtension>
            <ns3:hr>147</ns3:hr>
            <ns3:cad>84</ns3:cad>
          </ns3:TrackPointExtension>
        </extensions>
      </trkpt>
      <trkpt lat="31.2780828773975372314453125" lon="121.47647473029792308807373046875">
        <ele>10.3999996185302734375</ele>
        <time>2026-09-09T09:19:03.000Z</time>
        <extensions>
          <ns3:TrackPointExtension>
            <ns3:hr>147</ns3:hr>
            <ns3:cad>84</ns3:cad>
          </ns3:TrackPointExtension>
        </extensions>
      </trkpt>
      <trkpt lat="31.27806083299219608306884765625" lon="121.47646383382380008697509765625">
        <ele>10.19999980926513671875</ele>
        <time>2026-09-09T09:19:04.000Z</time>
        <extensions>
          <ns3:TrackPointExtension>
            <ns3:hr>146</ns3:hr>
            <ns3:cad>84</ns3:cad>
          </ns3:TrackPointExtension>
        </extensions>
      </trkpt>
      <trkpt lat="31.27803619019687175750732421875" lon="121.47645176388323307037353515625">
        <ele>10.19999980926513671875</ele>
        <time>2026-09-09T09:19:05.000Z</time>
        <extensions>
          <ns3:TrackPointExtension>
            <ns3:hr>146</ns3:hr>
            <ns3:cad>84</ns3:cad>
          </ns3:TrackPointExtension>
        </extensions>
      </trkpt>
      <trkpt lat="31.278014816343784332275390625" lon="121.476441286504268646240234375">
        <ele>10.19999980926513671875</ele>
        <time>2026-09-09T09:19:06.000Z</time>
        <extensions>
          <ns3:TrackPointExtension>
            <ns3:hr>146</ns3:hr>
            <ns3:cad>84</ns3:cad>
          </ns3:TrackPointExtension>
        </extensions>
      </trkpt>
      <trkpt lat="31.27799109555780887603759765625" lon="121.47642963565886020660400390625">
        <ele>10.19999980926513671875</ele>
        <time>2026-09-09T09:19:07.000Z</time>
        <extensions>
          <ns3:TrackPointExtension>
            <ns3:hr>146</ns3:hr>
            <ns3:cad>84</ns3:cad>
          </ns3:TrackPointExtension>
        </extensions>
      </trkpt>
      <trkpt lat="31.27796779386699199676513671875" lon="121.47641823627054691314697265625">
        <ele>10.19999980926513671875</ele>
        <time>2026-09-09T09:19:08.000Z</time>
        <extensions>
          <ns3:TrackPointExtension>
            <ns3:hr>146</ns3:hr>
            <ns3:cad>84</ns3:cad>
          </ns3:TrackPointExtension>
        </extensions>
      </trkpt>
      <trkpt lat="31.2779432348906993865966796875" lon="121.47640616632997989654541015625">
        <ele>10</ele>
        <time>2026-09-09T09:19:09.000Z</time>
        <extensions>
          <ns3:TrackPointExtension>
            <ns3:hr>146</ns3:hr>
            <ns3:cad>85</ns3:cad>
          </ns3:TrackPointExtension>
        </extensions>
      </trkpt>
      <trkpt lat="31.27792001701891422271728515625" lon="121.47639476694166660308837890625">
        <ele>10</ele>
        <time>2026-09-09T09:19:10.000Z</time>
        <extensions>
          <ns3:TrackPointExtension>
            <ns3:hr>146</ns3:hr>
            <ns3:cad>85</ns3:cad>
          </ns3:TrackPointExtension>
        </extensions>
      </trkpt>
      <trkpt lat="31.277898810803890228271484375" lon="121.47638437338173389434814453125">
        <ele>10</ele>
        <time>2026-09-09T09:19:11.000Z</time>
        <extensions>
          <ns3:TrackPointExtension>
            <ns3:hr>146</ns3:hr>
            <ns3:cad>85</ns3:cad>
          </ns3:TrackPointExtension>
        </extensions>
      </trkpt>
      <trkpt lat="31.27787567675113677978515625" lon="121.4763730578124523162841796875">
        <ele>10.19999980926513671875</ele>
        <time>2026-09-09T09:19:12.000Z</time>
        <extensions>
          <ns3:TrackPointExtension>
            <ns3:hr>146</ns3:hr>
            <ns3:cad>85</ns3:cad>
          </ns3:TrackPointExtension>
        </extensions>
      </trkpt>
      <trkpt lat="31.277853213250637054443359375" lon="121.4763619937002658843994140625">
        <ele>10.19999980926513671875</ele>
        <time>2026-09-09T09:19:13.000Z</time>
        <extensions>
          <ns3:TrackPointExtension>
            <ns3:hr>146</ns3:hr>
            <ns3:cad>85</ns3:cad>
          </ns3:TrackPointExtension>
        </extensions>
      </trkpt>
      <trkpt lat="31.2778319232165813446044921875" lon="121.47635151632130146026611328125">
        <ele>10.19999980926513671875</ele>
        <time>2026-09-09T09:19:14.000Z</time>
        <extensions>
          <ns3:TrackPointExtension>
            <ns3:hr>146</ns3:hr>
            <ns3:cad>85</ns3:cad>
          </ns3:TrackPointExtension>
        </extensions>
      </trkpt>
      <trkpt lat="31.27781038172543048858642578125" lon="121.47634095512330532073974609375">
        <ele>10.19999980926513671875</ele>
        <time>2026-09-09T09:19:15.000Z</time>
        <extensions>
          <ns3:TrackPointExtension>
            <ns3:hr>145</ns3:hr>
            <ns3:cad>84</ns3:cad>
          </ns3:TrackPointExtension>
        </extensions>
      </trkpt>
      <trkpt lat="31.277789175510406494140625" lon="121.47633056156337261199951171875">
        <ele>10.19999980926513671875</ele>
        <time>2026-09-09T09:19:16.000Z</time>
        <extensions>
          <ns3:TrackPointExtension>
            <ns3:hr>145</ns3:hr>
            <ns3:cad>84</ns3:cad>
          </ns3:TrackPointExtension>
        </extensions>
      </trkpt>
      <trkpt lat="31.27776796929538249969482421875" lon="121.47632016800343990325927734375">
        <ele>10.3999996185302734375</ele>
        <time>2026-09-09T09:19:17.000Z</time>
        <extensions>
          <ns3:TrackPointExtension>
            <ns3:hr>145</ns3:hr>
            <ns3:cad>84</ns3:cad>
          </ns3:TrackPointExtension>
        </extensions>
      </trkpt>
      <trkpt lat="31.27774919383227825164794921875" lon="121.47631094790995121002197265625">
        <ele>10.3999996185302734375</ele>
        <time>2026-09-09T09:19:18.000Z</time>
        <extensions>
          <ns3:TrackPointExtension>
            <ns3:hr>145</ns3:hr>
            <ns3:cad>84</ns3:cad>
          </ns3:TrackPointExtension>
        </extensions>
      </trkpt>
      <trkpt lat="31.27772974781692028045654296875" lon="121.47630139254033565521240234375">
        <ele>10.3999996185302734375</ele>
        <time>2026-09-09T09:19:19.000Z</time>
        <extensions>
          <ns3:TrackPointExtension>
            <ns3:hr>145</ns3:hr>
            <ns3:cad>84</ns3:cad>
          </ns3:TrackPointExtension>
        </extensions>
      </trkpt>
      <trkpt lat="31.2777100503444671630859375" lon="121.4762925915420055389404296875">
        <ele>10.19999980926513671875</ele>
        <time>2026-09-09T09:19:20.000Z</time>
        <extensions>
          <ns3:TrackPointExtension>
            <ns3:hr>145</ns3:hr>
            <ns3:cad>83</ns3:cad>
          </ns3:TrackPointExtension>
        </extensions>
      </trkpt>
      <trkpt lat="31.277690939605236053466796875" lon="121.4762845449149608612060546875">
        <ele>10.19999980926513671875</ele>
        <time>2026-09-09T09:19:21.000Z</time>
        <extensions>
          <ns3:TrackPointExtension>
            <ns3:hr>145</ns3:hr>
            <ns3:cad>83</ns3:cad>
          </ns3:TrackPointExtension>
        </extensions>
      </trkpt>
      <trkpt lat="31.2776706553995609283447265625" lon="121.476277001202106475830078125">
        <ele>10.19999980926513671875</ele>
        <time>2026-09-09T09:19:22.000Z</time>
        <extensions>
          <ns3:TrackPointExtension>
            <ns3:hr>145</ns3:hr>
            <ns3:cad>83</ns3:cad>
          </ns3:TrackPointExtension>
        </extensions>
      </trkpt>
      <trkpt lat="31.27764760516583919525146484375" lon="121.47627037949860095977783203125">
        <ele>10.19999980926513671875</ele>
        <time>2026-09-09T09:19:23.000Z</time>
        <extensions>
          <ns3:TrackPointExtension>
            <ns3:hr>145</ns3:hr>
            <ns3:cad>83</ns3:cad>
          </ns3:TrackPointExtension>
        </extensions>
      </trkpt>
      <trkpt lat="31.2776284106075763702392578125" lon="121.47626551799476146697998046875">
        <ele>10</ele>
        <time>2026-09-09T09:19:24.000Z</time>
        <extensions>
          <ns3:TrackPointExtension>
            <ns3:hr>145</ns3:hr>
            <ns3:cad>84</ns3:cad>
          </ns3:TrackPointExtension>
        </extensions>
      </trkpt>
      <trkpt lat="31.27760636620223522186279296875" lon="121.47626199759542942047119140625">
        <ele>10</ele>
        <time>2026-09-09T09:19:25.000Z</time>
        <extensions>
          <ns3:TrackPointExtension>
            <ns3:hr>145</ns3:hr>
            <ns3:cad>84</ns3:cad>
          </ns3:TrackPointExtension>
        </extensions>
      </trkpt>
      <trkpt lat="31.277588345110416412353515625" lon="121.47625914774835109710693359375">
        <ele>9.80000019073486328125</ele>
        <time>2026-09-09T09:19:26.000Z</time>
        <extensions>
          <ns3:TrackPointExtension>
            <ns3:hr>145</ns3:hr>
            <ns3:cad>83</ns3:cad>
          </ns3:TrackPointExtension>
        </extensions>
      </trkpt>
      <trkpt lat="31.27757417969405651092529296875" lon="121.47625856101512908935546875">
        <ele>9.80000019073486328125</ele>
        <time>2026-09-09T09:19:27.000Z</time>
        <extensions>
          <ns3:TrackPointExtension>
            <ns3:hr>144</ns3:hr>
            <ns3:cad>82</ns3:cad>
          </ns3:TrackPointExtension>
        </extensions>
      </trkpt>
      <trkpt lat="31.27755590714514255523681640625" lon="121.4762578904628753662109375">
        <ele>9.6000003814697265625</ele>
        <time>2026-09-09T09:19:28.000Z</time>
        <extensions>
          <ns3:TrackPointExtension>
            <ns3:hr>144</ns3:hr>
            <ns3:cad>82</ns3:cad>
          </ns3:TrackPointExtension>
        </extensions>
      </trkpt>
      <trkpt lat="31.27753327600657939910888671875" lon="121.47625814191997051239013671875">
        <ele>9.19999980926513671875</ele>
        <time>2026-09-09T09:19:29.000Z</time>
        <extensions>
          <ns3:TrackPointExtension>
            <ns3:hr>144</ns3:hr>
            <ns3:cad>83</ns3:cad>
          </ns3:TrackPointExtension>
        </extensions>
      </trkpt>
      <trkpt lat="31.27750997431576251983642578125" lon="121.47626015357673168182373046875">
        <ele>9</ele>
        <time>2026-09-09T09:19:30.000Z</time>
        <extensions>
          <ns3:TrackPointExtension>
            <ns3:hr>144</ns3:hr>
            <ns3:cad>83</ns3:cad>
          </ns3:TrackPointExtension>
        </extensions>
      </trkpt>
      <trkpt lat="31.2774892710149288177490234375" lon="121.4762627519667148590087890625">
        <ele>8.80000019073486328125</ele>
        <time>2026-09-09T09:19:31.000Z</time>
        <extensions>
          <ns3:TrackPointExtension>
            <ns3:hr>144</ns3:hr>
            <ns3:cad>84</ns3:cad>
          </ns3:TrackPointExtension>
        </extensions>
      </trkpt>
      <trkpt lat="31.27746739424765110015869140625" lon="121.47626736201345920562744140625">
        <ele>8.3999996185302734375</ele>
        <time>2026-09-09T09:19:32.000Z</time>
        <extensions>
          <ns3:TrackPointExtension>
            <ns3:hr>144</ns3:hr>
            <ns3:cad>84</ns3:cad>
          </ns3:TrackPointExtension>
        </extensions>
      </trkpt>
      <trkpt lat="31.2774497084319591522216796875" lon="121.4762711338698863983154296875">
        <ele>8.19999980926513671875</ele>
        <time>2026-09-09T09:19:33.000Z</time>
        <extensions>
          <ns3:TrackPointExtension>
            <ns3:hr>144</ns3:hr>
            <ns3:cad>84</ns3:cad>
          </ns3:TrackPointExtension>
        </extensions>
      </trkpt>
      <trkpt lat="31.2774309329688549041748046875" lon="121.4762775041162967681884765625">
        <ele>8</ele>
        <time>2026-09-09T09:19:34.000Z</time>
        <extensions>
          <ns3:TrackPointExtension>
            <ns3:hr>144</ns3:hr>
            <ns3:cad>84</ns3:cad>
          </ns3:TrackPointExtension>
        </extensions>
      </trkpt>
      <trkpt lat="31.277407966554164886474609375" lon="121.47628538310527801513671875">
        <ele>7.599999904632568359375</ele>
        <time>2026-09-09T09:19:35.000Z</time>
        <extensions>
          <ns3:TrackPointExtension>
            <ns3:hr>143</ns3:hr>
            <ns3:cad>85</ns3:cad>
          </ns3:TrackPointExtension>
        </extensions>
      </trkpt>
      <trkpt lat="31.27738709561526775360107421875" lon="121.476295106112957000732421875">
        <ele>7.19999980926513671875</ele>
        <time>2026-09-09T09:19:36.000Z</time>
        <extensions>
          <ns3:TrackPointExtension>
            <ns3:hr>143</ns3:hr>
            <ns3:cad>85</ns3:cad>
          </ns3:TrackPointExtension>
        </extensions>
      </trkpt>
      <trkpt lat="31.27736681140959262847900390625" lon="121.476304829120635986328125">
        <ele>7.19999980926513671875</ele>
        <time>2026-09-09T09:19:37.000Z</time>
        <extensions>
          <ns3:TrackPointExtension>
            <ns3:hr>143</ns3:hr>
            <ns3:cad>84</ns3:cad>
          </ns3:TrackPointExtension>
        </extensions>
      </trkpt>
      <trkpt lat="31.2773514725267887115478515625" lon="121.47631396539509296417236328125">
        <ele>7.19999980926513671875</ele>
        <time>2026-09-09T09:19:38.000Z</time>
        <extensions>
          <ns3:TrackPointExtension>
            <ns3:hr>143</ns3:hr>
            <ns3:cad>84</ns3:cad>
          </ns3:TrackPointExtension>
        </extensions>
      </trkpt>
      <trkpt lat="31.27733546309173107147216796875" lon="121.476323939859867095947265625">
        <ele>7.19999980926513671875</ele>
        <time>2026-09-09T09:19:39.000Z</time>
        <extensions>
          <ns3:TrackPointExtension>
            <ns3:hr>143</ns3:hr>
            <ns3:cad>84</ns3:cad>
          </ns3:TrackPointExtension>
        </extensions>
      </trkpt>
      <trkpt lat="31.27731869928538799285888671875" lon="121.4763351716101169586181640625">
        <ele>7.400000095367431640625</ele>
        <time>2026-09-09T09:19:40.000Z</time>
        <extensions>
          <ns3:TrackPointExtension>
            <ns3:hr>143</ns3:hr>
            <ns3:cad>84</ns3:cad>
          </ns3:TrackPointExtension>
        </extensions>
      </trkpt>
      <trkpt lat="31.27730327658355236053466796875" lon="121.47634749300777912139892578125">
        <ele>7.400000095367431640625</ele>
        <time>2026-09-09T09:19:41.000Z</time>
        <extensions>
          <ns3:TrackPointExtension>
            <ns3:hr>143</ns3:hr>
            <ns3:cad>83</ns3:cad>
          </ns3:TrackPointExtension>
        </extensions>
      </trkpt>
      <trkpt lat="31.27728768624365329742431640625" lon="121.4763598144054412841796875">
        <ele>7.400000095367431640625</ele>
        <time>2026-09-09T09:19:42.000Z</time>
        <extensions>
          <ns3:TrackPointExtension>
            <ns3:hr>143</ns3:hr>
            <ns3:cad>83</ns3:cad>
          </ns3:TrackPointExtension>
        </extensions>
      </trkpt>
      <trkpt lat="31.27727293409407138824462890625" lon="121.47637389600276947021484375">
        <ele>7.599999904632568359375</ele>
        <time>2026-09-09T09:19:43.000Z</time>
        <extensions>
          <ns3:TrackPointExtension>
            <ns3:hr>143</ns3:hr>
            <ns3:cad>83</ns3:cad>
          </ns3:TrackPointExtension>
        </extensions>
      </trkpt>
      <trkpt lat="31.2772575952112674713134765625" lon="121.47638906724750995635986328125">
        <ele>7.599999904632568359375</ele>
        <time>2026-09-09T09:19:44.000Z</time>
        <extensions>
          <ns3:TrackPointExtension>
            <ns3:hr>142</ns3:hr>
            <ns3:cad>83</ns3:cad>
          </ns3:TrackPointExtension>
        </extensions>
      </trkpt>
      <trkpt lat="31.27724401652812957763671875" lon="121.476403735578060150146484375">
        <ele>7.599999904632568359375</ele>
        <time>2026-09-09T09:19:45.000Z</time>
        <extensions>
          <ns3:TrackPointExtension>
            <ns3:hr>142</ns3:hr>
            <ns3:cad>83</ns3:cad>
          </ns3:TrackPointExtension>
        </extensions>
      </trkpt>
      <trkpt lat="31.27723001874983310699462890625" lon="121.47642091847956180572509765625">
        <ele>7.599999904632568359375</ele>
        <time>2026-09-09T09:19:46.000Z</time>
        <extensions>
          <ns3:TrackPointExtension>
            <ns3:hr>142</ns3:hr>
            <ns3:cad>83</ns3:cad>
          </ns3:TrackPointExtension>
        </extensions>
      </trkpt>
      <trkpt lat="31.277218200266361236572265625" lon="121.476435251533985137939453125">
        <ele>7.80000019073486328125</ele>
        <time>2026-09-09T09:19:47.000Z</time>
        <extensions>
          <ns3:TrackPointExtension>
            <ns3:hr>142</ns3:hr>
            <ns3:cad>83</ns3:cad>
          </ns3:TrackPointExtension>
        </extensions>
      </trkpt>
      <trkpt lat="31.2772029452025890350341796875" lon="121.47645813412964344024658203125">
        <ele>7.80000019073486328125</ele>
        <time>2026-09-09T09:19:48.000Z</time>
        <extensions>
          <ns3:TrackPointExtension>
            <ns3:hr>142</ns3:hr>
            <ns3:cad>83</ns3:cad>
          </ns3:TrackPointExtension>
        </extensions>
      </trkpt>
      <trkpt lat="31.277192048728466033935546875" lon="121.4764746464788913726806640625">
        <ele>7.80000019073486328125</ele>
        <time>2026-09-09T09:19:49.000Z</time>
        <extensions>
          <ns3:TrackPointExtension>
            <ns3:hr>142</ns3:hr>
            <ns3:cad>83</ns3:cad>
          </ns3:TrackPointExtension>
        </extensions>
      </trkpt>
      <trkpt lat="31.2771818228065967559814453125" lon="121.47649283520877361297607421875">
        <ele>7.80000019073486328125</ele>
        <time>2026-09-09T09:19:50.000Z</time>
        <extensions>
          <ns3:TrackPointExtension>
            <ns3:hr>142</ns3:hr>
            <ns3:cad>84</ns3:cad>
          </ns3:TrackPointExtension>
        </extensions>
      </trkpt>
      <trkpt lat="31.27716665156185626983642578125" lon="121.47652150131762027740478515625">
        <ele>7.80000019073486328125</ele>
        <time>2026-09-09T09:19:51.000Z</time>
        <extensions>
          <ns3:TrackPointExtension>
            <ns3:hr>142</ns3:hr>
            <ns3:cad>84</ns3:cad>
          </ns3:TrackPointExtension>
        </extensions>
      </trkpt>
      <trkpt lat="31.2771548330783843994140625" lon="121.476549245417118072509765625">
        <ele>7.80000019073486328125</ele>
        <time>2026-09-09T09:19:52.000Z</time>
        <extensions>
          <ns3:TrackPointExtension>
            <ns3:hr>142</ns3:hr>
            <ns3:cad>84</ns3:cad>
          </ns3:TrackPointExtension>
        </extensions>
      </trkpt>
      <trkpt lat="31.27714653499424457550048828125" lon="121.47656944580376148223876953125">
        <ele>7.80000019073486328125</ele>
        <time>2026-09-09T09:19:53.000Z</time>
        <extensions>
          <ns3:TrackPointExtension>
            <ns3:hr>142</ns3:hr>
            <ns3:cad>84</ns3:cad>
          </ns3:TrackPointExtension>
        </extensions>
      </trkpt>
      <trkpt lat="31.27714083530008792877197265625" lon="121.47658671252429485321044921875">
        <ele>7.80000019073486328125</ele>
        <time>2026-09-09T09:19:54.000Z</time>
        <extensions>
          <ns3:TrackPointExtension>
            <ns3:hr>142</ns3:hr>
            <ns3:cad>84</ns3:cad>
          </ns3:TrackPointExtension>
        </extensions>
      </trkpt>
      <trkpt lat="31.27713295631110668182373046875" lon="121.47661236114799976348876953125">
        <ele>7.80000019073486328125</ele>
        <time>2026-09-09T09:19:55.000Z</time>
        <extensions>
          <ns3:TrackPointExtension>
            <ns3:hr>142</ns3:hr>
            <ns3:cad>84</ns3:cad>
          </ns3:TrackPointExtension>
        </extensions>
      </trkpt>
      <trkpt lat="31.2771275080740451812744140625" lon="121.47663281299173831939697265625">
        <ele>7.80000019073486328125</ele>
        <time>2026-09-09T09:19:56.000Z</time>
        <extensions>
          <ns3:TrackPointExtension>
            <ns3:hr>142</ns3:hr>
            <ns3:cad>84</ns3:cad>
          </ns3:TrackPointExtension>
        </extensions>
      </trkpt>
      <trkpt lat="31.2771213054656982421875" lon="121.4766627363860607147216796875">
        <ele>7.400000095367431640625</ele>
        <time>2026-09-09T09:19:57.000Z</time>
        <extensions>
          <ns3:TrackPointExtension>
            <ns3:hr>142</ns3:hr>
            <ns3:cad>84</ns3:cad>
          </ns3:TrackPointExtension>
        </extensions>
      </trkpt>
      <trkpt lat="31.277116946876049041748046875" lon="121.47668880410492420196533203125">
        <ele>7.19999980926513671875</ele>
        <time>2026-09-09T09:19:58.000Z</time>
        <extensions>
          <ns3:TrackPointExtension>
            <ns3:hr>142</ns3:hr>
            <ns3:cad>83</ns3:cad>
          </ns3:TrackPointExtension>
        </extensions>
      </trkpt>
      <trkpt lat="31.27711334265768527984619140625" lon="121.47671998478472232818603515625">
        <ele>7</ele>
        <time>2026-09-09T09:19:59.000Z</time>
        <extensions>
          <ns3:TrackPointExtension>
            <ns3:hr>142</ns3:hr>
            <ns3:cad>83</ns3:cad>
          </ns3:TrackPointExtension>
        </extensions>
      </trkpt>
      <trkpt lat="31.27711166627705097198486328125" lon="121.4767472259700298309326171875">
        <ele>6.80000019073486328125</ele>
        <time>2026-09-09T09:20:00.000Z</time>
        <extensions>
          <ns3:TrackPointExtension>
            <ns3:hr>142</ns3:hr>
            <ns3:cad>83</ns3:cad>
          </ns3:TrackPointExtension>
        </extensions>
      </trkpt>
      <trkpt lat="31.27711082808673381805419921875" lon="121.4767814241349697113037109375">
        <ele>6.599999904632568359375</ele>
        <time>2026-09-09T09:20:01.000Z</time>
        <extensions>
          <ns3:TrackPointExtension>
            <ns3:hr>141</ns3:hr>
            <ns3:cad>83</ns3:cad>
          </ns3:TrackPointExtension>
        </extensions>
      </trkpt>
      <trkpt lat="31.2771120853722095489501953125" lon="121.47680548019707202911376953125">
        <ele>6.400000095367431640625</ele>
        <time>2026-09-09T09:20:02.000Z</time>
        <extensions>
          <ns3:TrackPointExtension>
            <ns3:hr>140</ns3:hr>
            <ns3:cad>83</ns3:cad>
          </ns3:TrackPointExtension>
        </extensions>
      </trkpt>
      <trkpt lat="31.2771140970289707183837890625" lon="121.4768364094197750091552734375">
        <ele>6.19999980926513671875</ele>
        <time>2026-09-09T09:20:03.000Z</time>
        <extensions>
          <ns3:TrackPointExtension>
            <ns3:hr>140</ns3:hr>
            <ns3:cad>83</ns3:cad>
          </ns3:TrackPointExtension>
        </extensions>
      </trkpt>
      <trkpt lat="31.27711736597120761871337890625" lon="121.47685845382511615753173828125">
        <ele>6</ele>
        <time>2026-09-09T09:20:04.000Z</time>
        <extensions>
          <ns3:TrackPointExtension>
            <ns3:hr>138</ns3:hr>
            <ns3:cad>83</ns3:cad>
          </ns3:TrackPointExtension>
        </extensions>
      </trkpt>
      <trkpt lat="31.2771201319992542266845703125" lon="121.4768763072788715362548828125">
        <ele>6</ele>
        <time>2026-09-09T09:20:05.000Z</time>
        <extensions>
          <ns3:TrackPointExtension>
            <ns3:hr>138</ns3:hr>
            <ns3:cad>83</ns3:cad>
          </ns3:TrackPointExtension>
        </extensions>
      </trkpt>
      <trkpt lat="31.27712323330342769622802734375" lon="121.4768944121897220611572265625">
        <ele>6</ele>
        <time>2026-09-09T09:20:06.000Z</time>
        <extensions>
          <ns3:TrackPointExtension>
            <ns3:hr>138</ns3:hr>
            <ns3:cad>83</ns3:cad>
          </ns3:TrackPointExtension>
        </extensions>
      </trkpt>
      <trkpt lat="31.27712809480726718902587890625" lon="121.47691394202411174774169921875">
        <ele>6.19999980926513671875</ele>
        <time>2026-09-09T09:20:07.000Z</time>
        <extensions>
          <ns3:TrackPointExtension>
            <ns3:hr>138</ns3:hr>
            <ns3:cad>83</ns3:cad>
          </ns3:TrackPointExtension>
        </extensions>
      </trkpt>
      <trkpt lat="31.27713429741561412811279296875" lon="121.47693858481943607330322265625">
        <ele>6.400000095367431640625</ele>
        <time>2026-09-09T09:20:08.000Z</time>
        <extensions>
          <ns3:TrackPointExtension>
            <ns3:hr>138</ns3:hr>
            <ns3:cad>83</ns3:cad>
          </ns3:TrackPointExtension>
        </extensions>
      </trkpt>
      <trkpt lat="31.2771415896713733673095703125" lon="121.4769607968628406524658203125">
        <ele>6.599999904632568359375</ele>
        <time>2026-09-09T09:20:09.000Z</time>
        <extensions>
          <ns3:TrackPointExtension>
            <ns3:hr>137</ns3:hr>
            <ns3:cad>84</ns3:cad>
          </ns3:TrackPointExtension>
        </extensions>
      </trkpt>
      <trkpt lat="31.2771496362984180450439453125" lon="121.4769835956394672393798828125">
        <ele>6.599999904632568359375</ele>
        <time>2026-09-09T09:20:10.000Z</time>
        <extensions>
          <ns3:TrackPointExtension>
            <ns3:hr>137</ns3:hr>
            <ns3:cad>84</ns3:cad>
          </ns3:TrackPointExtension>
        </extensions>
      </trkpt>
      <trkpt lat="31.277159191668033599853515625" lon="121.47700664587318897247314453125">
        <ele>6.80000019073486328125</ele>
        <time>2026-09-09T09:20:11.000Z</time>
        <extensions>
          <ns3:TrackPointExtension>
            <ns3:hr>137</ns3:hr>
            <ns3:cad>84</ns3:cad>
          </ns3:TrackPointExtension>
        </extensions>
      </trkpt>
      <trkpt lat="31.27716849558055400848388671875" lon="121.47702693007886409759521484375">
        <ele>6.80000019073486328125</ele>
        <time>2026-09-09T09:20:12.000Z</time>
        <extensions>
          <ns3:TrackPointExtension>
            <ns3:hr>137</ns3:hr>
            <ns3:cad>84</ns3:cad>
          </ns3:TrackPointExtension>
        </extensions>
      </trkpt>
      <trkpt lat="31.2771808169782161712646484375" lon="121.477050818502902984619140625">
        <ele>7</ele>
        <time>2026-09-09T09:20:13.000Z</time>
        <extensions>
          <ns3:TrackPointExtension>
            <ns3:hr>137</ns3:hr>
            <ns3:cad>84</ns3:cad>
          </ns3:TrackPointExtension>
        </extensions>
      </trkpt>
      <trkpt lat="31.2771955691277980804443359375" lon="121.4770761318504810333251953125">
        <ele>7.19999980926513671875</ele>
        <time>2026-09-09T09:20:14.000Z</time>
        <extensions>
          <ns3:TrackPointExtension>
            <ns3:hr>137</ns3:hr>
            <ns3:cad>84</ns3:cad>
          </ns3:TrackPointExtension>
        </extensions>
      </trkpt>
      <trkpt lat="31.27720872871577739715576171875" lon="121.47709599696099758148193359375">
        <ele>7.19999980926513671875</ele>
        <time>2026-09-09T09:20:15.000Z</time>
        <extensions>
          <ns3:TrackPointExtension>
            <ns3:hr>136</ns3:hr>
            <ns3:cad>84</ns3:cad>
          </ns3:TrackPointExtension>
        </extensions>
      </trkpt>
      <trkpt lat="31.2772230617702007293701171875" lon="121.477115862071514129638671875">
        <ele>7.400000095367431640625</ele>
        <time>2026-09-09T09:20:16.000Z</time>
        <extensions>
          <ns3:TrackPointExtension>
            <ns3:hr>136</ns3:hr>
            <ns3:cad>84</ns3:cad>
          </ns3:TrackPointExtension>
        </extensions>
      </trkpt>
      <trkpt lat="31.277236305177211761474609375" lon="121.47713254205882549285888671875">
        <ele>7.400000095367431640625</ele>
        <time>2026-09-09T09:20:17.000Z</time>
        <extensions>
          <ns3:TrackPointExtension>
            <ns3:hr>136</ns3:hr>
            <ns3:cad>84</ns3:cad>
          </ns3:TrackPointExtension>
        </extensions>
      </trkpt>
      <trkpt lat="31.2772542424499988555908203125" lon="121.47715265862643718719482421875">
        <ele>7.400000095367431640625</ele>
        <time>2026-09-09T09:20:18.000Z</time>
        <extensions>
          <ns3:TrackPointExtension>
            <ns3:hr>135</ns3:hr>
            <ns3:cad>84</ns3:cad>
          </ns3:TrackPointExtension>
        </extensions>
      </trkpt>
      <trkpt lat="31.27726891078054904937744140625" lon="121.4771679975092411041259765625">
        <ele>7.599999904632568359375</ele>
        <time>2026-09-09T09:20:19.000Z</time>
        <extensions>
          <ns3:TrackPointExtension>
            <ns3:hr>135</ns3:hr>
            <ns3:cad>84</ns3:cad>
          </ns3:TrackPointExtension>
        </extensions>
      </trkpt>
      <trkpt lat="31.2772881053388118743896484375" lon="121.47718534804880619049072265625">
        <ele>7.80000019073486328125</ele>
        <time>2026-09-09T09:20:20.000Z</time>
        <extensions>
          <ns3:TrackPointExtension>
            <ns3:hr>135</ns3:hr>
            <ns3:cad>84</ns3:cad>
          </ns3:TrackPointExtension>
        </extensions>
      </trkpt>
      <trkpt lat="31.2773296795785427093505859375" lon="121.4772176183760166168212890625">
        <ele>8</ele>
        <time>2026-09-09T09:20:21.000Z</time>
        <extensions>
          <ns3:TrackPointExtension>
            <ns3:hr>135</ns3:hr>
            <ns3:cad>83</ns3:cad>
          </ns3:TrackPointExtension>
        </extensions>
      </trkpt>
      <trkpt lat="31.2773296795785427093505859375" lon="121.4772176183760166168212890625">
        <ele>8</ele>
        <time>2026-09-09T09:20:22.000Z</time>
        <extensions>
          <ns3:TrackPointExtension>
            <ns3:hr>135</ns3:hr>
            <ns3:cad>83</ns3:cad>
          </ns3:TrackPointExtension>
        </extensions>
      </trkpt>
      <trkpt lat="31.2773588486015796661376953125" lon="121.47723563946783542633056640625">
        <ele>8</ele>
        <time>2026-09-09T09:20:23.000Z</time>
        <extensions>
          <ns3:TrackPointExtension>
            <ns3:hr>135</ns3:hr>
            <ns3:cad>83</ns3:cad>
          </ns3:TrackPointExtension>
        </extensions>
      </trkpt>
      <trkpt lat="31.277375109493732452392578125" lon="121.4772447757422924041748046875">
        <ele>8</ele>
        <time>2026-09-09T09:20:24.000Z</time>
        <extensions>
          <ns3:TrackPointExtension>
            <ns3:hr>134</ns3:hr>
            <ns3:cad>83</ns3:cad>
          </ns3:TrackPointExtension>
        </extensions>
      </trkpt>
      <trkpt lat="31.277395226061344146728515625" lon="121.47725508548319339752197265625">
        <ele>8</ele>
        <time>2026-09-09T09:20:25.000Z</time>
        <extensions>
          <ns3:TrackPointExtension>
            <ns3:hr>134</ns3:hr>
            <ns3:cad>83</ns3:cad>
          </ns3:TrackPointExtension>
        </extensions>
      </trkpt>
      <trkpt lat="31.27741961739957332611083984375" lon="121.47726707160472869873046875">
        <ele>8</ele>
        <time>2026-09-09T09:20:26.000Z</time>
        <extensions>
          <ns3:TrackPointExtension>
            <ns3:hr>134</ns3:hr>
            <ns3:cad>84</ns3:cad>
          </ns3:TrackPointExtension>
        </extensions>
      </trkpt>
      <trkpt lat="31.2774391472339630126953125" lon="121.4772766269743442535400390625">
        <ele>8</ele>
        <time>2026-09-09T09:20:27.000Z</time>
        <extensions>
          <ns3:TrackPointExtension>
            <ns3:hr>135</ns3:hr>
            <ns3:cad>84</ns3:cad>
          </ns3:TrackPointExtension>
        </extensions>
      </trkpt>
      <trkpt lat="31.2774637900292873382568359375" lon="121.4772886969149112701416015625">
        <ele>8</ele>
        <time>2026-09-09T09:20:28.000Z</time>
        <extensions>
          <ns3:TrackPointExtension>
            <ns3:hr>135</ns3:hr>
            <ns3:cad>84</ns3:cad>
          </ns3:TrackPointExtension>
        </extensions>
      </trkpt>
      <trkpt lat="31.2774835713207721710205078125" lon="121.4772984199225902557373046875">
        <ele>7.80000019073486328125</ele>
        <time>2026-09-09T09:20:29.000Z</time>
        <extensions>
          <ns3:TrackPointExtension>
            <ns3:hr>135</ns3:hr>
            <ns3:cad>84</ns3:cad>
          </ns3:TrackPointExtension>
        </extensions>
      </trkpt>
      <trkpt lat="31.2775053642690181732177734375" lon="121.47730906493961811065673828125">
        <ele>7.80000019073486328125</ele>
        <time>2026-09-09T09:20:30.000Z</time>
        <extensions>
          <ns3:TrackPointExtension>
            <ns3:hr>135</ns3:hr>
            <ns3:cad>84</ns3:cad>
          </ns3:TrackPointExtension>
        </extensions>
      </trkpt>
      <trkpt lat="31.2775249779224395751953125" lon="121.47731878794729709625244140625">
        <ele>7.80000019073486328125</ele>
        <time>2026-09-09T09:20:31.000Z</time>
        <extensions>
          <ns3:TrackPointExtension>
            <ns3:hr>135</ns3:hr>
            <ns3:cad>84</ns3:cad>
          </ns3:TrackPointExtension>
        </extensions>
      </trkpt>
      <trkpt lat="31.27754299901425838470458984375" lon="121.4773275889456272125244140625">
        <ele>7.80000019073486328125</ele>
        <time>2026-09-09T09:20:32.000Z</time>
        <extensions>
          <ns3:TrackPointExtension>
            <ns3:hr>135</ns3:hr>
            <ns3:cad>84</ns3:cad>
          </ns3:TrackPointExtension>
        </extensions>
      </trkpt>
      <trkpt lat="31.2775643728673458099365234375" lon="121.47733806632459163665771484375">
        <ele>7.80000019073486328125</ele>
        <time>2026-09-09T09:20:33.000Z</time>
        <extensions>
          <ns3:TrackPointExtension>
            <ns3:hr>136</ns3:hr>
            <ns3:cad>83</ns3:cad>
          </ns3:TrackPointExtension>
        </extensions>
      </trkpt>
      <trkpt lat="31.27758339978754520416259765625" lon="121.4773473702371120452880859375">
        <ele>7.80000019073486328125</ele>
        <time>2026-09-09T09:20:34.000Z</time>
        <extensions>
          <ns3:TrackPointExtension>
            <ns3:hr>136</ns3:hr>
            <ns3:cad>83</ns3:cad>
          </ns3:TrackPointExtension>
        </extensions>
      </trkpt>
      <trkpt lat="31.27760167233645915985107421875" lon="121.47735633887350559234619140625">
        <ele>7.80000019073486328125</ele>
        <time>2026-09-09T09:20:35.000Z</time>
        <extensions>
          <ns3:TrackPointExtension>
            <ns3:hr>136</ns3:hr>
            <ns3:cad>83</ns3:cad>
          </ns3:TrackPointExtension>
        </extensions>
      </trkpt>
      <trkpt lat="31.27761952579021453857421875" lon="121.4773651398718357086181640625">
        <ele>8</ele>
        <time>2026-09-09T09:20:36.000Z</time>
        <extensions>
          <ns3:TrackPointExtension>
            <ns3:hr>137</ns3:hr>
            <ns3:cad>83</ns3:cad>
          </ns3:TrackPointExtension>
        </extensions>
      </trkpt>
      <trkpt lat="31.27763821743428707122802734375" lon="121.47737427614629268646240234375">
        <ele>8</ele>
        <time>2026-09-09T09:20:37.000Z</time>
        <extensions>
          <ns3:TrackPointExtension>
            <ns3:hr>137</ns3:hr>
            <ns3:cad>83</ns3:cad>
          </ns3:TrackPointExtension>
        </extensions>
      </trkpt>
      <trkpt lat="31.27765866927802562713623046875" lon="121.47738433443009853363037109375">
        <ele>8.19999980926513671875</ele>
        <time>2026-09-09T09:20:38.000Z</time>
        <extensions>
          <ns3:TrackPointExtension>
            <ns3:hr>137</ns3:hr>
            <ns3:cad>83</ns3:cad>
          </ns3:TrackPointExtension>
        </extensions>
      </trkpt>
      <trkpt lat="31.2776743434369564056396484375" lon="121.47739204578101634979248046875">
        <ele>8.19999980926513671875</ele>
        <time>2026-09-09T09:20:39.000Z</time>
        <extensions>
          <ns3:TrackPointExtension>
            <ns3:hr>137</ns3:hr>
            <ns3:cad>83</ns3:cad>
          </ns3:TrackPointExtension>
        </extensions>
      </trkpt>
      <trkpt lat="31.2776937894523143768310546875" lon="121.47740160115063190460205078125">
        <ele>8</ele>
        <time>2026-09-09T09:20:40.000Z</time>
        <extensions>
          <ns3:TrackPointExtension>
            <ns3:hr>137</ns3:hr>
            <ns3:cad>83</ns3:cad>
          </ns3:TrackPointExtension>
        </extensions>
      </trkpt>
      <trkpt lat="31.27771340310573577880859375" lon="121.4774112403392791748046875">
        <ele>8</ele>
        <time>2026-09-09T09:20:41.000Z</time>
        <extensions>
          <ns3:TrackPointExtension>
            <ns3:hr>137</ns3:hr>
            <ns3:cad>83</ns3:cad>
          </ns3:TrackPointExtension>
        </extensions>
      </trkpt>
      <trkpt lat="31.2777293287217617034912109375" lon="121.477418951690196990966796875">
        <ele>8</ele>
        <time>2026-09-09T09:20:42.000Z</time>
        <extensions>
          <ns3:TrackPointExtension>
            <ns3:hr>137</ns3:hr>
            <ns3:cad>83</ns3:cad>
          </ns3:TrackPointExtension>
        </extensions>
      </trkpt>
      <trkpt lat="31.27774936147034168243408203125" lon="121.4774288423359394073486328125">
        <ele>8</ele>
        <time>2026-09-09T09:20:43.000Z</time>
        <extensions>
          <ns3:TrackPointExtension>
            <ns3:hr>137</ns3:hr>
            <ns3:cad>83</ns3:cad>
          </ns3:TrackPointExtension>
        </extensions>
      </trkpt>
      <trkpt lat="31.27777182497084140777587890625" lon="121.47743982262909412384033203125">
        <ele>8</ele>
        <time>2026-09-09T09:20:44.000Z</time>
        <extensions>
          <ns3:TrackPointExtension>
            <ns3:hr>137</ns3:hr>
            <ns3:cad>83</ns3:cad>
          </ns3:TrackPointExtension>
        </extensions>
      </trkpt>
      <trkpt lat="31.27779261209070682525634765625" lon="121.47745004855096340179443359375">
        <ele>8</ele>
        <time>2026-09-09T09:20:45.000Z</time>
        <extensions>
          <ns3:TrackPointExtension>
            <ns3:hr>138</ns3:hr>
            <ns3:cad>83</ns3:cad>
          </ns3:TrackPointExtension>
        </extensions>
      </trkpt>
      <trkpt lat="31.277813650667667388916015625" lon="121.4774603582918643951416015625">
        <ele>8</ele>
        <time>2026-09-09T09:20:46.000Z</time>
        <extensions>
          <ns3:TrackPointExtension>
            <ns3:hr>138</ns3:hr>
            <ns3:cad>83</ns3:cad>
          </ns3:TrackPointExtension>
        </extensions>
      </trkpt>
      <trkpt lat="31.27783368341624736785888671875" lon="121.47747016511857509613037109375">
        <ele>8</ele>
        <time>2026-09-09T09:20:47.000Z</time>
        <extensions>
          <ns3:TrackPointExtension>
            <ns3:hr>138</ns3:hr>
            <ns3:cad>83</ns3:cad>
          </ns3:TrackPointExtension>
        </extensions>
      </trkpt>
      <trkpt lat="31.27785447053611278533935546875" lon="121.47748039104044437408447265625">
        <ele>8</ele>
        <time>2026-09-09T09:20:48.000Z</time>
        <extensions>
          <ns3:TrackPointExtension>
            <ns3:hr>137</ns3:hr>
            <ns3:cad>83</ns3:cad>
          </ns3:TrackPointExtension>
        </extensions>
      </trkpt>
      <trkpt lat="31.27787433564662933349609375" lon="121.47749011404812335968017578125">
        <ele>8</ele>
        <time>2026-09-09T09:20:49.000Z</time>
        <extensions>
          <ns3:TrackPointExtension>
            <ns3:hr>137</ns3:hr>
            <ns3:cad>83</ns3:cad>
          </ns3:TrackPointExtension>
        </extensions>
      </trkpt>
      <trkpt lat="31.2778969667851924896240234375" lon="121.47750067524611949920654296875">
        <ele>8</ele>
        <time>2026-09-09T09:20:50.000Z</time>
        <extensions>
          <ns3:TrackPointExtension>
            <ns3:hr>138</ns3:hr>
            <ns3:cad>83</ns3:cad>
          </ns3:TrackPointExtension>
        </extensions>
      </trkpt>
      <trkpt lat="31.27792353741824626922607421875" lon="121.477511823177337646484375">
        <ele>8</ele>
        <time>2026-09-09T09:20:51.000Z</time>
        <extensions>
          <ns3:TrackPointExtension>
            <ns3:hr>138</ns3:hr>
            <ns3:cad>83</ns3:cad>
          </ns3:TrackPointExtension>
        </extensions>
      </trkpt>
      <trkpt lat="31.277945749461650848388671875" lon="121.47751928307116031646728515625">
        <ele>8</ele>
        <time>2026-09-09T09:20:52.000Z</time>
        <extensions>
          <ns3:TrackPointExtension>
            <ns3:hr>138</ns3:hr>
            <ns3:cad>83</ns3:cad>
          </ns3:TrackPointExtension>
        </extensions>
      </trkpt>
      <trkpt lat="31.27797357738018035888671875" lon="121.47752724587917327880859375">
        <ele>8.19999980926513671875</ele>
        <time>2026-09-09T09:20:53.000Z</time>
        <extensions>
          <ns3:TrackPointExtension>
            <ns3:hr>138</ns3:hr>
            <ns3:cad>83</ns3:cad>
          </ns3:TrackPointExtension>
        </extensions>
      </trkpt>
      <trkpt lat="31.27799076028168201446533203125" lon="121.47753034718334674835205078125">
        <ele>8.3999996185302734375</ele>
        <time>2026-09-09T09:20:54.000Z</time>
        <extensions>
          <ns3:TrackPointExtension>
            <ns3:hr>138</ns3:hr>
            <ns3:cad>83</ns3:cad>
          </ns3:TrackPointExtension>
        </extensions>
      </trkpt>
      <trkpt lat="31.27801825292408466339111328125" lon="121.4775347895920276641845703125">
        <ele>8.6000003814697265625</ele>
        <time>2026-09-09T09:20:55.000Z</time>
        <extensions>
          <ns3:TrackPointExtension>
            <ns3:hr>138</ns3:hr>
            <ns3:cad>83</ns3:cad>
          </ns3:TrackPointExtension>
        </extensions>
      </trkpt>
      <trkpt lat="31.2780468352138996124267578125" lon="121.477536298334598541259765625">
        <ele>8.80000019073486328125</ele>
        <time>2026-09-09T09:20:56.000Z</time>
        <extensions>
          <ns3:TrackPointExtension>
            <ns3:hr>138</ns3:hr>
            <ns3:cad>83</ns3:cad>
          </ns3:TrackPointExtension>
        </extensions>
      </trkpt>
      <trkpt lat="31.27806234173476696014404296875" lon="121.4775368012487888336181640625">
        <ele>8.80000019073486328125</ele>
        <time>2026-09-09T09:20:57.000Z</time>
        <extensions>
          <ns3:TrackPointExtension>
            <ns3:hr>138</ns3:hr>
            <ns3:cad>83</ns3:cad>
          </ns3:TrackPointExtension>
        </extensions>
      </trkpt>
      <trkpt lat="31.2780833803117275238037109375" lon="121.47753571160137653350830078125">
        <ele>9</ele>
        <time>2026-09-09T09:20:58.000Z</time>
        <extensions>
          <ns3:TrackPointExtension>
            <ns3:hr>138</ns3:hr>
            <ns3:cad>83</ns3:cad>
          </ns3:TrackPointExtension>
        </extensions>
      </trkpt>
      <trkpt lat="31.2781102024018764495849609375" lon="121.4775334484875202178955078125">
        <ele>9</ele>
        <time>2026-09-09T09:20:59.000Z</time>
        <extensions>
          <ns3:TrackPointExtension>
            <ns3:hr>138</ns3:hr>
            <ns3:cad>83</ns3:cad>
          </ns3:TrackPointExtension>
        </extensions>
      </trkpt>
      <trkpt lat="31.27813224680721759796142578125" lon="121.4775292575359344482421875">
        <ele>9</ele>
        <time>2026-09-09T09:21:00.000Z</time>
        <extensions>
          <ns3:TrackPointExtension>
            <ns3:hr>138</ns3:hr>
            <ns3:cad>83</ns3:cad>
          </ns3:TrackPointExtension>
        </extensions>
      </trkpt>
      <trkpt lat="31.2781517766416072845458984375" lon="121.47752515040338039398193359375">
        <ele>9.19999980926513671875</ele>
        <time>2026-09-09T09:21:01.000Z</time>
        <extensions>
          <ns3:TrackPointExtension>
            <ns3:hr>138</ns3:hr>
            <ns3:cad>84</ns3:cad>
          </ns3:TrackPointExtension>
        </extensions>
      </trkpt>
      <trkpt lat="31.2781695462763309478759765625" lon="121.47752012126147747039794921875">
        <ele>9.19999980926513671875</ele>
        <time>2026-09-09T09:21:02.000Z</time>
        <extensions>
          <ns3:TrackPointExtension>
            <ns3:hr>138</ns3:hr>
            <ns3:cad>84</ns3:cad>
          </ns3:TrackPointExtension>
        </extensions>
      </trkpt>
      <trkpt lat="31.2781876511871814727783203125" lon="121.47751391865313053131103515625">
        <ele>9.19999980926513671875</ele>
        <time>2026-09-09T09:21:03.000Z</time>
        <extensions>
          <ns3:TrackPointExtension>
            <ns3:hr>138</ns3:hr>
            <ns3:cad>84</ns3:cad>
          </ns3:TrackPointExtension>
        </extensions>
      </trkpt>
      <trkpt lat="31.27820734865963459014892578125" lon="121.477506794035434722900390625">
        <ele>9.19999980926513671875</ele>
        <time>2026-09-09T09:21:04.000Z</time>
        <extensions>
          <ns3:TrackPointExtension>
            <ns3:hr>139</ns3:hr>
            <ns3:cad>83</ns3:cad>
          </ns3:TrackPointExtension>
        </extensions>
      </trkpt>
      <trkpt lat="31.27822662703692913055419921875" lon="121.4774975739419460296630859375">
        <ele>9.3999996185302734375</ele>
        <time>2026-09-09T09:21:05.000Z</time>
        <extensions>
          <ns3:TrackPointExtension>
            <ns3:hr>139</ns3:hr>
            <ns3:cad>83</ns3:cad>
          </ns3:TrackPointExtension>
        </extensions>
      </trkpt>
      <trkpt lat="31.27824339084327220916748046875" lon="121.4774895273149013519287109375">
        <ele>9.3999996185302734375</ele>
        <time>2026-09-09T09:21:06.000Z</time>
        <extensions>
          <ns3:TrackPointExtension>
            <ns3:hr>139</ns3:hr>
            <ns3:cad>83</ns3:cad>
          </ns3:TrackPointExtension>
        </extensions>
      </trkpt>
      <trkpt lat="31.27825965173542499542236328125" lon="121.4774798043072223663330078125">
        <ele>9.6000003814697265625</ele>
        <time>2026-09-09T09:21:07.000Z</time>
        <extensions>
          <ns3:TrackPointExtension>
            <ns3:hr>139</ns3:hr>
            <ns3:cad>83</ns3:cad>
          </ns3:TrackPointExtension>
        </extensions>
      </trkpt>
      <trkpt lat="31.27828278578817844390869140625" lon="121.477465219795703887939453125">
        <ele>9.80000019073486328125</ele>
        <time>2026-09-09T09:21:08.000Z</time>
        <extensions>
          <ns3:TrackPointExtension>
            <ns3:hr>139</ns3:hr>
            <ns3:cad>83</ns3:cad>
          </ns3:TrackPointExtension>
        </extensions>
      </trkpt>
      <trkpt lat="31.27830005250871181488037109375" lon="121.47745222784578800201416015625">
        <ele>10.19999980926513671875</ele>
        <time>2026-09-09T09:21:09.000Z</time>
        <extensions>
          <ns3:TrackPointExtension>
            <ns3:hr>139</ns3:hr>
            <ns3:cad>83</ns3:cad>
          </ns3:TrackPointExtension>
        </extensions>
      </trkpt>
      <trkpt lat="31.27831513993442058563232421875" lon="121.4774402417242527008056640625">
        <ele>10.3999996185302734375</ele>
        <time>2026-09-09T09:21:10.000Z</time>
        <extensions>
          <ns3:TrackPointExtension>
            <ns3:hr>139</ns3:hr>
            <ns3:cad>83</ns3:cad>
          </ns3:TrackPointExtension>
        </extensions>
      </trkpt>
      <trkpt lat="31.2783277966082096099853515625" lon="121.477429680526256561279296875">
        <ele>10.6000003814697265625</ele>
        <time>2026-09-09T09:21:11.000Z</time>
        <extensions>
          <ns3:TrackPointExtension>
            <ns3:hr>139</ns3:hr>
            <ns3:cad>83</ns3:cad>
          </ns3:TrackPointExtension>
        </extensions>
      </trkpt>
      <trkpt lat="31.2783408723771572113037109375" lon="121.47741668857634067535400390625">
        <ele>10.80000019073486328125</ele>
        <time>2026-09-09T09:21:12.000Z</time>
        <extensions>
          <ns3:TrackPointExtension>
            <ns3:hr>139</ns3:hr>
            <ns3:cad>83</ns3:cad>
          </ns3:TrackPointExtension>
        </extensions>
      </trkpt>
      <trkpt lat="31.27835403196513652801513671875" lon="121.4774036966264247894287109375">
        <ele>11</ele>
        <time>2026-09-09T09:21:13.000Z</time>
        <extensions>
          <ns3:TrackPointExtension>
            <ns3:hr>139</ns3:hr>
            <ns3:cad>83</ns3:cad>
          </ns3:TrackPointExtension>
        </extensions>
      </trkpt>
      <trkpt lat="31.27836124040186405181884765625" lon="121.477396488189697265625">
        <ele>11.19999980926513671875</ele>
        <time>2026-09-09T09:21:14.000Z</time>
        <extensions>
          <ns3:TrackPointExtension>
            <ns3:hr>139</ns3:hr>
            <ns3:cad>83</ns3:cad>
          </ns3:TrackPointExtension>
        </extensions>
      </trkpt>
    </trkseg>
  </trk>
</gpx>
