<gpx xmlns:ns3="http://www.garmin.com/xmlschemas/TrackPointExtension/v1" xmlns="http://www.topografix.com/GPX/1/1" xmlns:xsi="http://www.w3.org/2001/XMLSchema-instance" xmlns:ns2="http://www.garmin.com/xmlschemas/GpxExtensions/v3" creator="Garmin Connect" version="1.1" xsi:schemaLocation="http://www.topografix.com/GPX/1/1 http://www.topografix.com/GPX/11.xsd">
  <extensions>
<distance>6943.36</distance>
<average_hr>109.0</average_hr>
<average_speed>1.875</average_speed>
<start_time>2026-09-13T11:41:20+00:00</start_time>
<end_time>2026-09-13T12:43:02.177000+00:00</end_time>
<moving_time>3313.0</moving_time>
<elapsed_time>3702.177</elapsed_time>
</extensions>
<metadata>
    <link href="connect.garmin.com">
      <text>Garmin Connect</text>
    </link>
    <time>2026-09-13T11:41:20.000Z</time>
  </metadata>
  <trk>
    <name>虹口区 跑步</name>
    <type>running</type>
    <trkseg>
      <trkpt lat="31.298921965062618255615234375" lon="121.471134535968303680419921875">
        <ele>6.80000019073486328125</ele>
        <time>2026-09-13T11:41:20.000Z</time>
        <extensions>
          <ns3:TrackPointExtension>
            <ns3:hr>74</ns3:hr>
            <ns3:cad>54</ns3:cad>
          </ns3:TrackPointExtension>
        </extensions>
      </trkpt>
      <trkpt lat="31.2989211268723011016845703125" lon="121.4711360447108745574951171875">
        <ele>6.80000019073486328125</ele>
        <time>2026-09-13T11:41:21.000Z</time>
        <extensions>
          <ns3:TrackPointExtension>
            <ns3:hr>74</ns3:hr>
            <ns3:cad>54</ns3:cad>
          </ns3:TrackPointExtension>
        </extensions>
      </trkpt>
      <trkpt lat="31.29894711077213287353515625" lon="121.47115825675427913665771484375">
        <ele>7</ele>
        <time>2026-09-13T11:41:24.000Z</time>
        <extensions>
          <ns3:TrackPointExtension>
            <ns3:hr>74</ns3:hr>
            <ns3:cad>60</ns3:cad>
          </ns3:TrackPointExtension>
        </extensions>
      </trkpt>
      <trkpt lat="31.2989536486566066741943359375" lon="121.47117250598967075347900390625">
        <ele>7.19999980926513671875</ele>
        <time>2026-09-13T11:41:25.000Z</time>
        <extensions>
          <ns3:TrackPointExtension>
            <ns3:hr>75</ns3:hr>
            <ns3:cad>60</ns3:cad>
          </ns3:TrackPointExtension>
        </extensions>
      </trkpt>
      <trkpt lat="31.29896714352071285247802734375" lon="121.4712909422814846038818359375">
        <ele>7.400000095367431640625</ele>
        <time>2026-09-13T11:41:30.000Z</time>
        <extensions>
          <ns3:TrackPointExtension>
            <ns3:hr>77</ns3:hr>
            <ns3:cad>84</ns3:cad>
          </ns3:TrackPointExtension>
        </extensions>
      </trkpt>
      <trkpt lat="31.2989616952836513519287109375" lon="121.47133410908281803131103515625">
        <ele>7.19999980926513671875</ele>
        <time>2026-09-13T11:41:32.000Z</time>
        <extensions>
          <ns3:TrackPointExtension>
            <ns3:hr>81</ns3:hr>
            <ns3:cad>85</ns3:cad>
          </ns3:TrackPointExtension>
        </extensions>
      </trkpt>
      <trkpt lat="31.2989298440515995025634765625" lon="121.4713888429105281829833984375">
        <ele>7</ele>
        <time>2026-09-13T11:41:34.000Z</time>
        <extensions>
          <ns3:TrackPointExtension>
            <ns3:hr>85</ns3:hr>
            <ns3:cad>85</ns3:cad>
          </ns3:TrackPointExtension>
        </extensions>
      </trkpt>
      <trkpt lat="31.29893126897513866424560546875" lon="121.4714755117893218994140625">
        <ele>7</ele>
        <time>2026-09-13T11:41:37.000Z</time>
        <extensions>
          <ns3:TrackPointExtension>
            <ns3:hr>88</ns3:hr>
            <ns3:cad>85</ns3:cad>
          </ns3:TrackPointExtension>
        </extensions>
      </trkpt>
      <trkpt lat="31.29894887097179889678955078125" lon="121.47148950956761837005615234375">
        <ele>7.19999980926513671875</ele>
        <time>2026-09-13T11:41:38.000Z</time>
        <extensions>
          <ns3:TrackPointExtension>
            <ns3:hr>89</ns3:hr>
            <ns3:cad>85</ns3:cad>
          </ns3:TrackPointExtension>
        </extensions>
      </trkpt>
      <trkpt lat="31.29896295256912708282470703125" lon="121.4715318381786346435546875">
        <ele>7.400000095367431640625</ele>
        <time>2026-09-13T11:41:41.000Z</time>
        <extensions>
          <ns3:TrackPointExtension>
            <ns3:hr>92</ns3:hr>
            <ns3:cad>85</ns3:cad>
          </ns3:TrackPointExtension>
        </extensions>
      </trkpt>
      <trkpt lat="31.298985667526721954345703125" lon="121.47159880958497524261474609375">
        <ele>8</ele>
        <time>2026-09-13T11:41:46.000Z</time>
        <extensions>
          <ns3:TrackPointExtension>
            <ns3:hr>94</ns3:hr>
            <ns3:cad>85</ns3:cad>
          </ns3:TrackPointExtension>
        </extensions>
      </trkpt>
      <trkpt lat="31.29899765364825725555419921875" lon="121.47160802967846393585205078125">
        <ele>8.19999980926513671875</ele>
        <time>2026-09-13T11:41:47.000Z</time>
        <extensions>
          <ns3:TrackPointExtension>
            <ns3:hr>95</ns3:hr>
            <ns3:cad>85</ns3:cad>
          </ns3:TrackPointExtension>
        </extensions>
      </trkpt>
      <trkpt lat="31.29900033585727214813232421875" lon="121.47163485176861286163330078125">
        <ele>8.3999996185302734375</ele>
        <time>2026-09-13T11:41:51.000Z</time>
        <extensions>
          <ns3:TrackPointExtension>
            <ns3:hr>95</ns3:hr>
            <ns3:cad>0</ns3:cad>
          </ns3:TrackPointExtension>
        </extensions>
      </trkpt>
      <trkpt lat="31.29900100640952587127685546875" lon="121.47162613458931446075439453125">
        <ele>8.19999980926513671875</ele>
        <time>2026-09-13T11:41:57.000Z</time>
        <extensions>
          <ns3:TrackPointExtension>
            <ns3:hr>94</ns3:hr>
            <ns3:cad>0</ns3:cad>
          </ns3:TrackPointExtension>
        </extensions>
      </trkpt>
      <trkpt lat="31.29899648018181324005126953125" lon="121.47161188535392284393310546875">
        <ele>8.19999980926513671875</ele>
        <time>2026-09-13T11:42:04.000Z</time>
        <extensions>
          <ns3:TrackPointExtension>
            <ns3:hr>93</ns3:hr>
            <ns3:cad>0</ns3:cad>
          </ns3:TrackPointExtension>
        </extensions>
      </trkpt>
      <trkpt lat="31.299000084400177001953125" lon="121.47161188535392284393310546875">
        <ele>8.19999980926513671875</ele>
        <time>2026-09-13T11:42:10.000Z</time>
        <extensions>
          <ns3:TrackPointExtension>
            <ns3:hr>96</ns3:hr>
            <ns3:cad>0</ns3:cad>
          </ns3:TrackPointExtension>
        </extensions>
      </trkpt>
      <trkpt lat="31.298999749124050140380859375" lon="121.4716895855963230133056640625">
        <ele>8.80000019073486328125</ele>
        <time>2026-09-13T11:42:14.000Z</time>
        <extensions>
          <ns3:TrackPointExtension>
            <ns3:hr>97</ns3:hr>
            <ns3:cad>0</ns3:cad>
          </ns3:TrackPointExtension>
        </extensions>
      </trkpt>
      <trkpt lat="31.2990042753517627716064453125" lon="121.471771560609340667724609375">
        <ele>9.3999996185302734375</ele>
        <time>2026-09-13T11:42:17.000Z</time>
        <extensions>
          <ns3:TrackPointExtension>
            <ns3:hr>101</ns3:hr>
            <ns3:cad>84</ns3:cad>
          </ns3:TrackPointExtension>
        </extensions>
      </trkpt>
      <trkpt lat="31.2990170158445835113525390625" lon="121.47181673906743526458740234375">
        <ele>9.80000019073486328125</ele>
        <time>2026-09-13T11:42:19.000Z</time>
        <extensions>
          <ns3:TrackPointExtension>
            <ns3:hr>100</ns3:hr>
            <ns3:cad>84</ns3:cad>
          </ns3:TrackPointExtension>
        </extensions>
      </trkpt>
      <trkpt lat="31.29906177520751953125" lon="121.47191078402101993560791015625">
        <ele>10.19999980926513671875</ele>
        <time>2026-09-13T11:42:26.000Z</time>
        <extensions>
          <ns3:TrackPointExtension>
            <ns3:hr>102</ns3:hr>
            <ns3:cad>0</ns3:cad>
          </ns3:TrackPointExtension>
        </extensions>
      </trkpt>
      <trkpt lat="31.29907979629933834075927734375" lon="121.47191899828612804412841796875">
        <ele>10.19999980926513671875</ele>
        <time>2026-09-13T11:42:33.000Z</time>
        <extensions>
          <ns3:TrackPointExtension>
            <ns3:hr>99</ns3:hr>
            <ns3:cad>0</ns3:cad>
          </ns3:TrackPointExtension>
        </extensions>
      </trkpt>
      <trkpt lat="31.29907979629933834075927734375" lon="121.47191899828612804412841796875">
        <ele>10.19999980926513671875</ele>
        <time>2026-09-13T11:42:34.000Z</time>
        <extensions>
          <ns3:TrackPointExtension>
            <ns3:hr>99</ns3:hr>
            <ns3:cad>0</ns3:cad>
          </ns3:TrackPointExtension>
        </extensions>
      </trkpt>
      <trkpt lat="31.2990783713757991790771484375" lon="121.4719185791909694671630859375">
        <ele>10.19999980926513671875</ele>
        <time>2026-09-13T11:42:38.000Z</time>
        <extensions>
          <ns3:TrackPointExtension>
            <ns3:hr>96</ns3:hr>
            <ns3:cad>0</ns3:cad>
          </ns3:TrackPointExtension>
        </extensions>
      </trkpt>
      <trkpt lat="31.29907811991870403289794921875" lon="121.4719192497432231903076171875">
        <ele>10.19999980926513671875</ele>
        <time>2026-09-13T11:42:41.000Z</time>
        <extensions>
          <ns3:TrackPointExtension>
            <ns3:hr>93</ns3:hr>
            <ns3:cad>0</ns3:cad>
          </ns3:TrackPointExtension>
        </extensions>
      </trkpt>
      <trkpt lat="31.29907811991870403289794921875" lon="121.4719192497432231903076171875">
        <ele>10.19999980926513671875</ele>
        <time>2026-09-13T11:42:45.000Z</time>
        <extensions>
          <ns3:TrackPointExtension>
            <ns3:hr>90</ns3:hr>
            <ns3:cad>0</ns3:cad>
          </ns3:TrackPointExtension>
        </extensions>
      </trkpt>
      <trkpt lat="31.299078203737735748291015625" lon="121.4719192497432231903076171875">
        <ele>10.19999980926513671875</ele>
        <time>2026-09-13T11:42:49.000Z</time>
        <extensions>
          <ns3:TrackPointExtension>
            <ns3:hr>87</ns3:hr>
            <ns3:cad>0</ns3:cad>
          </ns3:TrackPointExtension>
        </extensions>
      </trkpt>
      <trkpt lat="31.2990783713757991790771484375" lon="121.47191916592419147491455078125">
        <ele>10.19999980926513671875</ele>
        <time>2026-09-13T11:42:53.000Z</time>
        <extensions>
          <ns3:TrackPointExtension>
            <ns3:hr>83</ns3:hr>
            <ns3:cad>0</ns3:cad>
          </ns3:TrackPointExtension>
        </extensions>
      </trkpt>
      <trkpt lat="31.2990783713757991790771484375" lon="121.47191899828612804412841796875">
        <ele>10.19999980926513671875</ele>
        <time>2026-09-13T11:42:56.000Z</time>
        <extensions>
          <ns3:TrackPointExtension>
            <ns3:hr>79</ns3:hr>
            <ns3:cad>0</ns3:cad>
          </ns3:TrackPointExtension>
        </extensions>
      </trkpt>
      <trkpt lat="31.2990783713757991790771484375" lon="121.4719189144670963287353515625">
        <ele>10.19999980926513671875</ele>
        <time>2026-09-13T11:42:57.000Z</time>
        <extensions>
          <ns3:TrackPointExtension>
            <ns3:hr>74</ns3:hr>
            <ns3:cad>0</ns3:cad>
          </ns3:TrackPointExtension>
        </extensions>
      </trkpt>
      <trkpt lat="31.2990783713757991790771484375" lon="121.47191883064806461334228515625">
        <ele>10.19999980926513671875</ele>
        <time>2026-09-13T11:42:59.000Z</time>
        <extensions>
          <ns3:TrackPointExtension>
            <ns3:hr>70</ns3:hr>
            <ns3:cad>0</ns3:cad>
          </ns3:TrackPointExtension>
        </extensions>
      </trkpt>
      <trkpt lat="31.2990639545023441314697265625" lon="121.4718907512724399566650390625">
        <ele>10</ele>
        <time>2026-09-13T11:43:14.000Z</time>
        <extensions>
          <ns3:TrackPointExtension>
            <ns3:hr>67</ns3:hr>
            <ns3:cad>0</ns3:cad>
          </ns3:TrackPointExtension>
        </extensions>
      </trkpt>
      <trkpt lat="31.2990857474505901336669921875" lon="121.47191614843904972076416015625">
        <ele>10</ele>
        <time>2026-09-13T11:43:21.000Z</time>
        <extensions>
          <ns3:TrackPointExtension>
            <ns3:hr>66</ns3:hr>
            <ns3:cad>0</ns3:cad>
          </ns3:TrackPointExtension>
        </extensions>
      </trkpt>
      <trkpt lat="31.29910946823656558990478515625" lon="121.47209837101399898529052734375">
        <ele>11.19999980926513671875</ele>
        <time>2026-09-13T11:43:28.000Z</time>
        <extensions>
          <ns3:TrackPointExtension>
            <ns3:hr>64</ns3:hr>
            <ns3:cad>0</ns3:cad>
          </ns3:TrackPointExtension>
        </extensions>
      </trkpt>
      <trkpt lat="31.29910510964691638946533203125" lon="121.4721621572971343994140625">
        <ele>11.6000003814697265625</ele>
        <time>2026-09-13T11:43:30.000Z</time>
        <extensions>
          <ns3:TrackPointExtension>
            <ns3:hr>61</ns3:hr>
            <ns3:cad>78</ns3:cad>
          </ns3:TrackPointExtension>
        </extensions>
      </trkpt>
      <trkpt lat="31.29910527728497982025146484375" lon="121.4722790010273456573486328125">
        <ele>12.19999980926513671875</ele>
        <time>2026-09-13T11:43:34.000Z</time>
        <extensions>
          <ns3:TrackPointExtension>
            <ns3:hr>63</ns3:hr>
            <ns3:cad>85</ns3:cad>
          </ns3:TrackPointExtension>
        </extensions>
      </trkpt>
      <trkpt lat="31.29911340773105621337890625" lon="121.4723393507301807403564453125">
        <ele>12.6000003814697265625</ele>
        <time>2026-09-13T11:43:36.000Z</time>
        <extensions>
          <ns3:TrackPointExtension>
            <ns3:hr>66</ns3:hr>
            <ns3:cad>85</ns3:cad>
          </ns3:TrackPointExtension>
        </extensions>
      </trkpt>
      <trkpt lat="31.2991303391754627227783203125" lon="121.4723936654627323150634765625">
        <ele>12.80000019073486328125</ele>
        <time>2026-09-13T11:43:38.000Z</time>
        <extensions>
          <ns3:TrackPointExtension>
            <ns3:hr>70</ns3:hr>
            <ns3:cad>85</ns3:cad>
          </ns3:TrackPointExtension>
        </extensions>
      </trkpt>
      <trkpt lat="31.2991357035934925079345703125" lon="121.4724258519709110260009765625">
        <ele>13</ele>
        <time>2026-09-13T11:43:39.000Z</time>
        <extensions>
          <ns3:TrackPointExtension>
            <ns3:hr>73</ns3:hr>
            <ns3:cad>84</ns3:cad>
          </ns3:TrackPointExtension>
        </extensions>
      </trkpt>
      <trkpt lat="31.29914333112537860870361328125" lon="121.47246164269745349884033203125">
        <ele>13.19999980926513671875</ele>
        <time>2026-09-13T11:43:40.000Z</time>
        <extensions>
          <ns3:TrackPointExtension>
            <ns3:hr>76</ns3:hr>
            <ns3:cad>84</ns3:cad>
          </ns3:TrackPointExtension>
        </extensions>
      </trkpt>
      <trkpt lat="31.29914802499115467071533203125" lon="121.47249164991080760955810546875">
        <ele>13.3999996185302734375</ele>
        <time>2026-09-13T11:43:41.000Z</time>
        <extensions>
          <ns3:TrackPointExtension>
            <ns3:hr>78</ns3:hr>
            <ns3:cad>84</ns3:cad>
          </ns3:TrackPointExtension>
        </extensions>
      </trkpt>
      <trkpt lat="31.2991797924041748046875" lon="121.47257731296122074127197265625">
        <ele>13.3999996185302734375</ele>
        <time>2026-09-13T11:43:44.000Z</time>
        <extensions>
          <ns3:TrackPointExtension>
            <ns3:hr>81</ns3:hr>
            <ns3:cad>84</ns3:cad>
          </ns3:TrackPointExtension>
        </extensions>
      </trkpt>
      <trkpt lat="31.299202255904674530029296875" lon="121.4726394228637218475341796875">
        <ele>13</ele>
        <time>2026-09-13T11:43:47.000Z</time>
        <extensions>
          <ns3:TrackPointExtension>
            <ns3:hr>84</ns3:hr>
            <ns3:cad>84</ns3:cad>
          </ns3:TrackPointExtension>
        </extensions>
      </trkpt>
      <trkpt lat="31.29921667277812957763671875" lon="121.47265375591814517974853515625">
        <ele>13</ele>
        <time>2026-09-13T11:43:48.000Z</time>
        <extensions>
          <ns3:TrackPointExtension>
            <ns3:hr>85</ns3:hr>
            <ns3:cad>84</ns3:cad>
          </ns3:TrackPointExtension>
        </extensions>
      </trkpt>
      <trkpt lat="31.29923435859382152557373046875" lon="121.47270605899393558502197265625">
        <ele>12.6000003814697265625</ele>
        <time>2026-09-13T11:43:50.000Z</time>
        <extensions>
          <ns3:TrackPointExtension>
            <ns3:hr>89</ns3:hr>
            <ns3:cad>83</ns3:cad>
          </ns3:TrackPointExtension>
        </extensions>
      </trkpt>
      <trkpt lat="31.2992295809090137481689453125" lon="121.472756601870059967041015625">
        <ele>12.3999996185302734375</ele>
        <time>2026-09-13T11:43:52.000Z</time>
        <extensions>
          <ns3:TrackPointExtension>
            <ns3:hr>93</ns3:hr>
            <ns3:cad>83</ns3:cad>
          </ns3:TrackPointExtension>
        </extensions>
      </trkpt>
      <trkpt lat="31.29923469386994838714599609375" lon="121.472798176109790802001953125">
        <ele>12.3999996185302734375</ele>
        <time>2026-09-13T11:43:53.000Z</time>
        <extensions>
          <ns3:TrackPointExtension>
            <ns3:hr>95</ns3:hr>
            <ns3:cad>83</ns3:cad>
          </ns3:TrackPointExtension>
        </extensions>
      </trkpt>
      <trkpt lat="31.29923335276544094085693359375" lon="121.47293907590210437774658203125">
        <ele>11.6000003814697265625</ele>
        <time>2026-09-13T11:43:58.000Z</time>
        <extensions>
          <ns3:TrackPointExtension>
            <ns3:hr>98</ns3:hr>
            <ns3:cad>83</ns3:cad>
          </ns3:TrackPointExtension>
        </extensions>
      </trkpt>
      <trkpt lat="31.299231089651584625244140625" lon="121.47298224270343780517578125">
        <ele>11.3999996185302734375</ele>
        <time>2026-09-13T11:44:00.000Z</time>
        <extensions>
          <ns3:TrackPointExtension>
            <ns3:hr>99</ns3:hr>
            <ns3:cad>83</ns3:cad>
          </ns3:TrackPointExtension>
        </extensions>
      </trkpt>
      <trkpt lat="31.2991906888782978057861328125" lon="121.473113335669040679931640625">
        <ele>10.6000003814697265625</ele>
        <time>2026-09-13T11:44:05.000Z</time>
        <extensions>
          <ns3:TrackPointExtension>
            <ns3:hr>102</ns3:hr>
            <ns3:cad>81</ns3:cad>
          </ns3:TrackPointExtension>
        </extensions>
      </trkpt>
      <trkpt lat="31.2991802953183650970458984375" lon="121.4731371402740478515625">
        <ele>10.3999996185302734375</ele>
        <time>2026-09-13T11:44:06.000Z</time>
        <extensions>
          <ns3:TrackPointExtension>
            <ns3:hr>103</ns3:hr>
            <ns3:cad>81</ns3:cad>
          </ns3:TrackPointExtension>
        </extensions>
      </trkpt>
      <trkpt lat="31.29918691702187061309814453125" lon="121.47325742058455944061279296875">
        <ele>9.6000003814697265625</ele>
        <time>2026-09-13T11:44:14.000Z</time>
        <extensions>
          <ns3:TrackPointExtension>
            <ns3:hr>105</ns3:hr>
            <ns3:cad>81</ns3:cad>
          </ns3:TrackPointExtension>
        </extensions>
      </trkpt>
      <trkpt lat="31.29917635582387447357177734375" lon="121.4734839834272861480712890625">
        <ele>9</ele>
        <time>2026-09-13T11:44:23.000Z</time>
        <extensions>
          <ns3:TrackPointExtension>
            <ns3:hr>108</ns3:hr>
            <ns3:cad>83</ns3:cad>
          </ns3:TrackPointExtension>
        </extensions>
      </trkpt>
      <trkpt lat="31.29918691702187061309814453125" lon="121.4735403098165988922119140625">
        <ele>9</ele>
        <time>2026-09-13T11:44:25.000Z</time>
        <extensions>
          <ns3:TrackPointExtension>
            <ns3:hr>109</ns3:hr>
            <ns3:cad>83</ns3:cad>
          </ns3:TrackPointExtension>
        </extensions>
      </trkpt>
      <trkpt lat="31.2991368770599365234375" lon="121.47373401559889316558837890625">
        <ele>8.80000019073486328125</ele>
        <time>2026-09-13T11:44:33.000Z</time>
        <extensions>
          <ns3:TrackPointExtension>
            <ns3:hr>111</ns3:hr>
            <ns3:cad>82</ns3:cad>
          </ns3:TrackPointExtension>
        </extensions>
      </trkpt>
      <trkpt lat="31.299177110195159912109375" lon="121.47386997006833553314208984375">
        <ele>8.80000019073486328125</ele>
        <time>2026-09-13T11:44:40.000Z</time>
        <extensions>
          <ns3:TrackPointExtension>
            <ns3:hr>111</ns3:hr>
            <ns3:cad>81</ns3:cad>
          </ns3:TrackPointExtension>
        </extensions>
      </trkpt>
      <trkpt lat="31.29916378296911716461181640625" lon="121.4740858040750026702880859375">
        <ele>9</ele>
        <time>2026-09-13T11:44:48.000Z</time>
        <extensions>
          <ns3:TrackPointExtension>
            <ns3:hr>113</ns3:hr>
            <ns3:cad>83</ns3:cad>
          </ns3:TrackPointExtension>
        </extensions>
      </trkpt>
      <trkpt lat="31.2991695664823055267333984375" lon="121.47410181351006031036376953125">
        <ele>9</ele>
        <time>2026-09-13T11:44:49.000Z</time>
        <extensions>
          <ns3:TrackPointExtension>
            <ns3:hr>113</ns3:hr>
            <ns3:cad>83</ns3:cad>
          </ns3:TrackPointExtension>
        </extensions>
      </trkpt>
      <trkpt lat="31.29919278435409069061279296875" lon="121.47421446628868579864501953125">
        <ele>8.3999996185302734375</ele>
        <time>2026-09-13T11:44:55.000Z</time>
        <extensions>
          <ns3:TrackPointExtension>
            <ns3:hr>114</ns3:hr>
            <ns3:cad>83</ns3:cad>
          </ns3:TrackPointExtension>
        </extensions>
      </trkpt>
      <trkpt lat="31.2991544790565967559814453125" lon="121.47434086538851261138916015625">
        <ele>8.19999980926513671875</ele>
        <time>2026-09-13T11:45:02.000Z</time>
        <extensions>
          <ns3:TrackPointExtension>
            <ns3:hr>114</ns3:hr>
            <ns3:cad>82</ns3:cad>
          </ns3:TrackPointExtension>
        </extensions>
      </trkpt>
      <trkpt lat="31.29915489815175533294677734375" lon="121.474345140159130096435546875">
        <ele>8.19999980926513671875</ele>
        <time>2026-09-13T11:45:03.000Z</time>
        <extensions>
          <ns3:TrackPointExtension>
            <ns3:hr>114</ns3:hr>
            <ns3:cad>82</ns3:cad>
          </ns3:TrackPointExtension>
        </extensions>
      </trkpt>
      <trkpt lat="31.29917241632938385009765625" lon="121.4744163863360881805419921875">
        <ele>7.80000019073486328125</ele>
        <time>2026-09-13T11:45:08.000Z</time>
        <extensions>
          <ns3:TrackPointExtension>
            <ns3:hr>112</ns3:hr>
            <ns3:cad>0</ns3:cad>
          </ns3:TrackPointExtension>
        </extensions>
      </trkpt>
      <trkpt lat="31.2991692312061786651611328125" lon="121.47444128058850765228271484375">
        <ele>7.80000019073486328125</ele>
        <time>2026-09-13T11:45:09.000Z</time>
        <extensions>
          <ns3:TrackPointExtension>
            <ns3:hr>112</ns3:hr>
            <ns3:cad>0</ns3:cad>
          </ns3:TrackPointExtension>
        </extensions>
      </trkpt>
      <trkpt lat="31.29917233251035213470458984375" lon="121.47449106909334659576416015625">
        <ele>7.599999904632568359375</ele>
        <time>2026-09-13T11:45:11.000Z</time>
        <extensions>
          <ns3:TrackPointExtension>
            <ns3:hr>109</ns3:hr>
            <ns3:cad>82</ns3:cad>
          </ns3:TrackPointExtension>
        </extensions>
      </trkpt>
      <trkpt lat="31.29916210658848285675048828125" lon="121.47458327002823352813720703125">
        <ele>7.19999980926513671875</ele>
        <time>2026-09-13T11:45:14.000Z</time>
        <extensions>
          <ns3:TrackPointExtension>
            <ns3:hr>109</ns3:hr>
            <ns3:cad>83</ns3:cad>
          </ns3:TrackPointExtension>
        </extensions>
      </trkpt>
      <trkpt lat="31.29913712851703166961669921875" lon="121.47477672435343265533447265625">
        <ele>7.19999980926513671875</ele>
        <time>2026-09-13T11:45:21.000Z</time>
        <extensions>
          <ns3:TrackPointExtension>
            <ns3:hr>110</ns3:hr>
            <ns3:cad>83</ns3:cad>
          </ns3:TrackPointExtension>
        </extensions>
      </trkpt>
      <trkpt lat="31.2991189397871494293212890625" lon="121.47494050674140453338623046875">
        <ele>6.80000019073486328125</ele>
        <time>2026-09-13T11:45:29.000Z</time>
        <extensions>
          <ns3:TrackPointExtension>
            <ns3:hr>112</ns3:hr>
            <ns3:cad>84</ns3:cad>
          </ns3:TrackPointExtension>
        </extensions>
      </trkpt>
      <trkpt lat="31.29912069998681545257568359375" lon="121.4750017784535884857177734375">
        <ele>6.80000019073486328125</ele>
        <time>2026-09-13T11:45:33.000Z</time>
        <extensions>
          <ns3:TrackPointExtension>
            <ns3:hr>115</ns3:hr>
            <ns3:cad>84</ns3:cad>
          </ns3:TrackPointExtension>
        </extensions>
      </trkpt>
      <trkpt lat="31.2991125695407390594482421875" lon="121.4750353060662746429443359375">
        <ele>6.80000019073486328125</ele>
        <time>2026-09-13T11:45:35.000Z</time>
        <extensions>
          <ns3:TrackPointExtension>
            <ns3:hr>115</ns3:hr>
            <ns3:cad>82</ns3:cad>
          </ns3:TrackPointExtension>
        </extensions>
      </trkpt>
      <trkpt lat="31.29914601333439350128173828125" lon="121.47517050616443157196044921875">
        <ele>6.599999904632568359375</ele>
        <time>2026-09-13T11:45:42.000Z</time>
        <extensions>
          <ns3:TrackPointExtension>
            <ns3:hr>114</ns3:hr>
            <ns3:cad>83</ns3:cad>
          </ns3:TrackPointExtension>
        </extensions>
      </trkpt>
      <trkpt lat="31.2991596758365631103515625" lon="121.4753917045891284942626953125">
        <ele>7</ele>
        <time>2026-09-13T11:45:50.000Z</time>
        <extensions>
          <ns3:TrackPointExtension>
            <ns3:hr>113</ns3:hr>
            <ns3:cad>83</ns3:cad>
          </ns3:TrackPointExtension>
        </extensions>
      </trkpt>
      <trkpt lat="31.29915975965559482574462890625" lon="121.4754156768321990966796875">
        <ele>7</ele>
        <time>2026-09-13T11:45:51.000Z</time>
        <extensions>
          <ns3:TrackPointExtension>
            <ns3:hr>113</ns3:hr>
            <ns3:cad>83</ns3:cad>
          </ns3:TrackPointExtension>
        </extensions>
      </trkpt>
      <trkpt lat="31.2991561554372310638427734375" lon="121.47563268430531024932861328125">
        <ele>7.80000019073486328125</ele>
        <time>2026-09-13T11:46:00.000Z</time>
        <extensions>
          <ns3:TrackPointExtension>
            <ns3:hr>112</ns3:hr>
            <ns3:cad>83</ns3:cad>
          </ns3:TrackPointExtension>
        </extensions>
      </trkpt>
      <trkpt lat="31.29917602054774761199951171875" lon="121.4758483506739139556884765625">
        <ele>7.19999980926513671875</ele>
        <time>2026-09-13T11:46:09.000Z</time>
        <extensions>
          <ns3:TrackPointExtension>
            <ns3:hr>111</ns3:hr>
            <ns3:cad>82</ns3:cad>
          </ns3:TrackPointExtension>
        </extensions>
      </trkpt>
      <trkpt lat="31.29916545934975147247314453125" lon="121.475900150835514068603515625">
        <ele>7</ele>
        <time>2026-09-13T11:46:11.000Z</time>
        <extensions>
          <ns3:TrackPointExtension>
            <ns3:hr>111</ns3:hr>
            <ns3:cad>82</ns3:cad>
          </ns3:TrackPointExtension>
        </extensions>
      </trkpt>
      <trkpt lat="31.29909555427730083465576171875" lon="121.47612302564084529876708984375">
        <ele>6.400000095367431640625</ele>
        <time>2026-09-13T11:46:20.000Z</time>
        <extensions>
          <ns3:TrackPointExtension>
            <ns3:hr>109</ns3:hr>
            <ns3:cad>82</ns3:cad>
          </ns3:TrackPointExtension>
        </extensions>
      </trkpt>
      <trkpt lat="31.299091614782810211181640625" lon="121.47613023407757282257080078125">
        <ele>6.400000095367431640625</ele>
        <time>2026-09-13T11:46:21.000Z</time>
        <extensions>
          <ns3:TrackPointExtension>
            <ns3:hr>109</ns3:hr>
            <ns3:cad>82</ns3:cad>
          </ns3:TrackPointExtension>
        </extensions>
      </trkpt>
      <trkpt lat="31.29906177520751953125" lon="121.47619075141847133636474609375">
        <ele>6.400000095367431640625</ele>
        <time>2026-09-13T11:46:28.000Z</time>
        <extensions>
          <ns3:TrackPointExtension>
            <ns3:hr>107</ns3:hr>
            <ns3:cad>0</ns3:cad>
          </ns3:TrackPointExtension>
        </extensions>
      </trkpt>
      <trkpt lat="31.2991313450038433074951171875" lon="121.47628127597272396087646484375">
        <ele>5.80000019073486328125</ele>
        <time>2026-09-13T11:46:37.000Z</time>
        <extensions>
          <ns3:TrackPointExtension>
            <ns3:hr>104</ns3:hr>
            <ns3:cad>55</ns3:cad>
          </ns3:TrackPointExtension>
        </extensions>
      </trkpt>
      <trkpt lat="31.29914827644824981689453125" lon="121.476299129426479339599609375">
        <ele>5.599999904632568359375</ele>
        <time>2026-09-13T11:46:38.000Z</time>
        <extensions>
          <ns3:TrackPointExtension>
            <ns3:hr>103</ns3:hr>
            <ns3:cad>55</ns3:cad>
          </ns3:TrackPointExtension>
        </extensions>
      </trkpt>
      <trkpt lat="31.29920619539916515350341796875" lon="121.47647322155535221099853515625">
        <ele>5.400000095367431640625</ele>
        <time>2026-09-13T11:46:45.000Z</time>
        <extensions>
          <ns3:TrackPointExtension>
            <ns3:hr>103</ns3:hr>
            <ns3:cad>83</ns3:cad>
          </ns3:TrackPointExtension>
        </extensions>
      </trkpt>
      <trkpt lat="31.29922614432871341705322265625" lon="121.476682685315608978271484375">
        <ele>6.400000095367431640625</ele>
        <time>2026-09-13T11:46:53.000Z</time>
        <extensions>
          <ns3:TrackPointExtension>
            <ns3:hr>103</ns3:hr>
            <ns3:cad>84</ns3:cad>
          </ns3:TrackPointExtension>
        </extensions>
      </trkpt>
      <trkpt lat="31.29922899417579174041748046875" lon="121.47673197090625762939453125">
        <ele>6.599999904632568359375</ele>
        <time>2026-09-13T11:46:55.000Z</time>
        <extensions>
          <ns3:TrackPointExtension>
            <ns3:hr>103</ns3:hr>
            <ns3:cad>84</ns3:cad>
          </ns3:TrackPointExtension>
        </extensions>
      </trkpt>
      <trkpt lat="31.29923419095575809478759765625" lon="121.47685627453029155731201171875">
        <ele>7.19999980926513671875</ele>
        <time>2026-09-13T11:47:00.000Z</time>
        <extensions>
          <ns3:TrackPointExtension>
            <ns3:hr>106</ns3:hr>
            <ns3:cad>85</ns3:cad>
          </ns3:TrackPointExtension>
        </extensions>
      </trkpt>
      <trkpt lat="31.29924575798213481903076171875" lon="121.47693037055432796478271484375">
        <ele>7.400000095367431640625</ele>
        <time>2026-09-13T11:47:03.000Z</time>
        <extensions>
          <ns3:TrackPointExtension>
            <ns3:hr>107</ns3:hr>
            <ns3:cad>84</ns3:cad>
          </ns3:TrackPointExtension>
        </extensions>
      </trkpt>
      <trkpt lat="31.2992621026933193206787109375" lon="121.4771482162177562713623046875">
        <ele>7.80000019073486328125</ele>
        <time>2026-09-13T11:47:11.000Z</time>
        <extensions>
          <ns3:TrackPointExtension>
            <ns3:hr>107</ns3:hr>
            <ns3:cad>84</ns3:cad>
          </ns3:TrackPointExtension>
        </extensions>
      </trkpt>
      <trkpt lat="31.29927207715809345245361328125" lon="121.4771964959800243377685546875">
        <ele>7.599999904632568359375</ele>
        <time>2026-09-13T11:47:13.000Z</time>
        <extensions>
          <ns3:TrackPointExtension>
            <ns3:hr>107</ns3:hr>
            <ns3:cad>84</ns3:cad>
          </ns3:TrackPointExtension>
        </extensions>
      </trkpt>
      <trkpt lat="31.29931633360683917999267578125" lon="121.4773701690137386322021484375">
        <ele>7.19999980926513671875</ele>
        <time>2026-09-13T11:47:20.000Z</time>
        <extensions>
          <ns3:TrackPointExtension>
            <ns3:hr>109</ns3:hr>
            <ns3:cad>83</ns3:cad>
          </ns3:TrackPointExtension>
        </extensions>
      </trkpt>
      <trkpt lat="31.299365200102329254150390625" lon="121.4775237254798412322998046875">
        <ele>6.80000019073486328125</ele>
        <time>2026-09-13T11:47:27.000Z</time>
        <extensions>
          <ns3:TrackPointExtension>
            <ns3:hr>112</ns3:hr>
            <ns3:cad>83</ns3:cad>
          </ns3:TrackPointExtension>
        </extensions>
      </trkpt>
      <trkpt lat="31.299372576177120208740234375" lon="121.477552391588687896728515625">
        <ele>6.599999904632568359375</ele>
        <time>2026-09-13T11:47:28.000Z</time>
        <extensions>
          <ns3:TrackPointExtension>
            <ns3:hr>112</ns3:hr>
            <ns3:cad>83</ns3:cad>
          </ns3:TrackPointExtension>
        </extensions>
      </trkpt>
      <trkpt lat="31.2994196824729442596435546875" lon="121.47769999690353870391845703125">
        <ele>6</ele>
        <time>2026-09-13T11:47:35.000Z</time>
        <extensions>
          <ns3:TrackPointExtension>
            <ns3:hr>111</ns3:hr>
            <ns3:cad>83</ns3:cad>
          </ns3:TrackPointExtension>
        </extensions>
      </trkpt>
      <trkpt lat="31.29944843240082263946533203125" lon="121.47783092223107814788818359375">
        <ele>6.400000095367431640625</ele>
        <time>2026-09-13T11:47:41.000Z</time>
        <extensions>
          <ns3:TrackPointExtension>
            <ns3:hr>112</ns3:hr>
            <ns3:cad>83</ns3:cad>
          </ns3:TrackPointExtension>
        </extensions>
      </trkpt>
      <trkpt lat="31.2994646094739437103271484375" lon="121.478031165897846221923828125">
        <ele>7.19999980926513671875</ele>
        <time>2026-09-13T11:47:48.000Z</time>
        <extensions>
          <ns3:TrackPointExtension>
            <ns3:hr>113</ns3:hr>
            <ns3:cad>83</ns3:cad>
          </ns3:TrackPointExtension>
        </extensions>
      </trkpt>
      <trkpt lat="31.29950257949531078338623046875" lon="121.47823794744908809661865234375">
        <ele>8.19999980926513671875</ele>
        <time>2026-09-13T11:47:57.000Z</time>
        <extensions>
          <ns3:TrackPointExtension>
            <ns3:hr>114</ns3:hr>
            <ns3:cad>83</ns3:cad>
          </ns3:TrackPointExtension>
        </extensions>
      </trkpt>
      <trkpt lat="31.29954499192535877227783203125" lon="121.4784346707165241241455078125">
        <ele>7.400000095367431640625</ele>
        <time>2026-09-13T11:48:06.000Z</time>
        <extensions>
          <ns3:TrackPointExtension>
            <ns3:hr>116</ns3:hr>
            <ns3:cad>84</ns3:cad>
          </ns3:TrackPointExtension>
        </extensions>
      </trkpt>
      <trkpt lat="31.2995779328048229217529296875" lon="121.47859149612486362457275390625">
        <ele>6.400000095367431640625</ele>
        <time>2026-09-13T11:48:14.000Z</time>
        <extensions>
          <ns3:TrackPointExtension>
            <ns3:hr>116</ns3:hr>
            <ns3:cad>82</ns3:cad>
          </ns3:TrackPointExtension>
        </extensions>
      </trkpt>
      <trkpt lat="31.29961229860782623291015625" lon="121.47873968817293643951416015625">
        <ele>4.80000019073486328125</ele>
        <time>2026-09-13T11:48:21.000Z</time>
        <extensions>
          <ns3:TrackPointExtension>
            <ns3:hr>114</ns3:hr>
            <ns3:cad>84</ns3:cad>
          </ns3:TrackPointExtension>
        </extensions>
      </trkpt>
      <trkpt lat="31.29960534162819385528564453125" lon="121.4789696037769317626953125">
        <ele>4</ele>
        <time>2026-09-13T11:48:28.000Z</time>
        <extensions>
          <ns3:TrackPointExtension>
            <ns3:hr>114</ns3:hr>
            <ns3:cad>84</ns3:cad>
          </ns3:TrackPointExtension>
        </extensions>
      </trkpt>
      <trkpt lat="31.29952303133904933929443359375" lon="121.479074545204639434814453125">
        <ele>4.19999980926513671875</ele>
        <time>2026-09-13T11:48:33.000Z</time>
        <extensions>
          <ns3:TrackPointExtension>
            <ns3:hr>113</ns3:hr>
            <ns3:cad>84</ns3:cad>
          </ns3:TrackPointExtension>
        </extensions>
      </trkpt>
      <trkpt lat="31.2994662858545780181884765625" lon="121.479078568518161773681640625">
        <ele>4.400000095367431640625</ele>
        <time>2026-09-13T11:48:36.000Z</time>
        <extensions>
          <ns3:TrackPointExtension>
            <ns3:hr>112</ns3:hr>
            <ns3:cad>81</ns3:cad>
          </ns3:TrackPointExtension>
        </extensions>
      </trkpt>
      <trkpt lat="31.2994394637644290924072265625" lon="121.479062139987945556640625">
        <ele>4.599999904632568359375</ele>
        <time>2026-09-13T11:48:38.000Z</time>
        <extensions>
          <ns3:TrackPointExtension>
            <ns3:hr>111</ns3:hr>
            <ns3:cad>0</ns3:cad>
          </ns3:TrackPointExtension>
        </extensions>
      </trkpt>
      <trkpt lat="31.29942110739648342132568359375" lon="121.4790505729615688323974609375">
        <ele>4.599999904632568359375</ele>
        <time>2026-09-13T11:48:40.000Z</time>
        <extensions>
          <ns3:TrackPointExtension>
            <ns3:hr>111</ns3:hr>
            <ns3:cad>0</ns3:cad>
          </ns3:TrackPointExtension>
        </extensions>
      </trkpt>
      <trkpt lat="31.29939126782119274139404296875" lon="121.479030959308147430419921875">
        <ele>4.80000019073486328125</ele>
        <time>2026-09-13T11:48:44.000Z</time>
        <extensions>
          <ns3:TrackPointExtension>
            <ns3:hr>111</ns3:hr>
            <ns3:cad>49</ns3:cad>
          </ns3:TrackPointExtension>
        </extensions>
      </trkpt>
      <trkpt lat="31.2992822192609310150146484375" lon="121.47905585356056690216064453125">
        <ele>5.19999980926513671875</ele>
        <time>2026-09-13T11:48:51.000Z</time>
        <extensions>
          <ns3:TrackPointExtension>
            <ns3:hr>112</ns3:hr>
            <ns3:cad>54</ns3:cad>
          </ns3:TrackPointExtension>
        </extensions>
      </trkpt>
      <trkpt lat="31.29909186623990535736083984375" lon="121.479051075875759124755859375">
        <ele>5.19999980926513671875</ele>
        <time>2026-09-13T11:48:59.000Z</time>
        <extensions>
          <ns3:TrackPointExtension>
            <ns3:hr>110</ns3:hr>
            <ns3:cad>84</ns3:cad>
          </ns3:TrackPointExtension>
        </extensions>
      </trkpt>
      <trkpt lat="31.29907309077680110931396484375" lon="121.47905409336090087890625">
        <ele>5.19999980926513671875</ele>
        <time>2026-09-13T11:49:00.000Z</time>
        <extensions>
          <ns3:TrackPointExtension>
            <ns3:hr>109</ns3:hr>
            <ns3:cad>85</ns3:cad>
          </ns3:TrackPointExtension>
        </extensions>
      </trkpt>
      <trkpt lat="31.2990485318005084991455078125" lon="121.47904629819095134735107421875">
        <ele>5.19999980926513671875</ele>
        <time>2026-09-13T11:49:03.000Z</time>
        <extensions>
          <ns3:TrackPointExtension>
            <ns3:hr>106</ns3:hr>
            <ns3:cad>84</ns3:cad>
          </ns3:TrackPointExtension>
        </extensions>
      </trkpt>
      <trkpt lat="31.299041993916034698486328125" lon="121.47904629819095134735107421875">
        <ele>5.19999980926513671875</ele>
        <time>2026-09-13T11:49:05.000Z</time>
        <extensions>
          <ns3:TrackPointExtension>
            <ns3:hr>104</ns3:hr>
            <ns3:cad>0</ns3:cad>
          </ns3:TrackPointExtension>
        </extensions>
      </trkpt>
      <trkpt lat="31.29901827313005924224853515625" lon="121.47903841920197010040283203125">
        <ele>5.400000095367431640625</ele>
        <time>2026-09-13T11:49:08.000Z</time>
        <extensions>
          <ns3:TrackPointExtension>
            <ns3:hr>101</ns3:hr>
            <ns3:cad>0</ns3:cad>
          </ns3:TrackPointExtension>
        </extensions>
      </trkpt>
      <trkpt lat="31.298946104943752288818359375" lon="121.4790334738790988922119140625">
        <ele>5.400000095367431640625</ele>
        <time>2026-09-13T11:49:12.000Z</time>
        <extensions>
          <ns3:TrackPointExtension>
            <ns3:hr>100</ns3:hr>
            <ns3:cad>0</ns3:cad>
          </ns3:TrackPointExtension>
        </extensions>
      </trkpt>
      <trkpt lat="31.2988604418933391571044921875" lon="121.47901729680597782135009765625">
        <ele>5.599999904632568359375</ele>
        <time>2026-09-13T11:49:16.000Z</time>
        <extensions>
          <ns3:TrackPointExtension>
            <ns3:hr>103</ns3:hr>
            <ns3:cad>83</ns3:cad>
          </ns3:TrackPointExtension>
        </extensions>
      </trkpt>
      <trkpt lat="31.29877821542322635650634765625" lon="121.4790093339979648590087890625">
        <ele>5.599999904632568359375</ele>
        <time>2026-09-13T11:49:20.000Z</time>
        <extensions>
          <ns3:TrackPointExtension>
            <ns3:hr>104</ns3:hr>
            <ns3:cad>84</ns3:cad>
          </ns3:TrackPointExtension>
        </extensions>
      </trkpt>
      <trkpt lat="31.2986612878739833831787109375" lon="121.478986702859401702880859375">
        <ele>6.19999980926513671875</ele>
        <time>2026-09-13T11:49:25.000Z</time>
        <extensions>
          <ns3:TrackPointExtension>
            <ns3:hr>101</ns3:hr>
            <ns3:cad>85</ns3:cad>
          </ns3:TrackPointExtension>
        </extensions>
      </trkpt>
      <trkpt lat="31.2985828332602977752685546875" lon="121.478981338441371917724609375">
        <ele>6.599999904632568359375</ele>
        <time>2026-09-13T11:49:29.000Z</time>
        <extensions>
          <ns3:TrackPointExtension>
            <ns3:hr>101</ns3:hr>
            <ns3:cad>83</ns3:cad>
          </ns3:TrackPointExtension>
        </extensions>
      </trkpt>
      <trkpt lat="31.298449896275997161865234375" lon="121.47897991351783275604248046875">
        <ele>6.80000019073486328125</ele>
        <time>2026-09-13T11:49:35.000Z</time>
        <extensions>
          <ns3:TrackPointExtension>
            <ns3:hr>104</ns3:hr>
            <ns3:cad>83</ns3:cad>
          </ns3:TrackPointExtension>
        </extensions>
      </trkpt>
      <trkpt lat="31.29842600785195827484130859375" lon="121.47897697985172271728515625">
        <ele>6.80000019073486328125</ele>
        <time>2026-09-13T11:49:36.000Z</time>
        <extensions>
          <ns3:TrackPointExtension>
            <ns3:hr>104</ns3:hr>
            <ns3:cad>83</ns3:cad>
          </ns3:TrackPointExtension>
        </extensions>
      </trkpt>
      <trkpt lat="31.29834470339119434356689453125" lon="121.4789563603699207305908203125">
        <ele>7</ele>
        <time>2026-09-13T11:49:40.000Z</time>
        <extensions>
          <ns3:TrackPointExtension>
            <ns3:hr>107</ns3:hr>
            <ns3:cad>84</ns3:cad>
          </ns3:TrackPointExtension>
        </extensions>
      </trkpt>
      <trkpt lat="31.2982785701751708984375" lon="121.47895376197993755340576171875">
        <ele>7</ele>
        <time>2026-09-13T11:49:43.000Z</time>
        <extensions>
          <ns3:TrackPointExtension>
            <ns3:hr>109</ns3:hr>
            <ns3:cad>84</ns3:cad>
          </ns3:TrackPointExtension>
        </extensions>
      </trkpt>
      <trkpt lat="31.29814781248569488525390625" lon="121.47897169925272464752197265625">
        <ele>7.19999980926513671875</ele>
        <time>2026-09-13T11:49:50.000Z</time>
        <extensions>
          <ns3:TrackPointExtension>
            <ns3:hr>112</ns3:hr>
            <ns3:cad>83</ns3:cad>
          </ns3:TrackPointExtension>
        </extensions>
      </trkpt>
      <trkpt lat="31.29812710918486118316650390625" lon="121.47896851412951946258544921875">
        <ele>7.19999980926513671875</ele>
        <time>2026-09-13T11:49:51.000Z</time>
        <extensions>
          <ns3:TrackPointExtension>
            <ns3:hr>112</ns3:hr>
            <ns3:cad>83</ns3:cad>
          </ns3:TrackPointExtension>
        </extensions>
      </trkpt>
      <trkpt lat="31.2979629077017307281494140625" lon="121.47898980416357517242431640625">
        <ele>7.19999980926513671875</ele>
        <time>2026-09-13T11:49:59.000Z</time>
        <extensions>
          <ns3:TrackPointExtension>
            <ns3:hr>112</ns3:hr>
            <ns3:cad>83</ns3:cad>
          </ns3:TrackPointExtension>
        </extensions>
      </trkpt>
      <trkpt lat="31.2978663481771945953369140625" lon="121.47904797457158565521240234375">
        <ele>6.80000019073486328125</ele>
        <time>2026-09-13T11:50:05.000Z</time>
        <extensions>
          <ns3:TrackPointExtension>
            <ns3:hr>113</ns3:hr>
            <ns3:cad>84</ns3:cad>
          </ns3:TrackPointExtension>
        </extensions>
      </trkpt>
      <trkpt lat="31.29781899042427539825439453125" lon="121.4790743775665760040283203125">
        <ele>6.599999904632568359375</ele>
        <time>2026-09-13T11:50:09.000Z</time>
        <extensions>
          <ns3:TrackPointExtension>
            <ns3:hr>112</ns3:hr>
            <ns3:cad>82</ns3:cad>
          </ns3:TrackPointExtension>
        </extensions>
      </trkpt>
      <trkpt lat="31.2978043220937252044677734375" lon="121.4790686778724193572998046875">
        <ele>6.80000019073486328125</ele>
        <time>2026-09-13T11:50:11.000Z</time>
        <extensions>
          <ns3:TrackPointExtension>
            <ns3:hr>112</ns3:hr>
            <ns3:cad>80</ns3:cad>
          </ns3:TrackPointExtension>
        </extensions>
      </trkpt>
      <trkpt lat="31.29772343672811985015869140625" lon="121.47908560931682586669921875">
        <ele>7</ele>
        <time>2026-09-13T11:50:16.000Z</time>
        <extensions>
          <ns3:TrackPointExtension>
            <ns3:hr>111</ns3:hr>
            <ns3:cad>82</ns3:cad>
          </ns3:TrackPointExtension>
        </extensions>
      </trkpt>
      <trkpt lat="31.29769862629473209381103515625" lon="121.4791226573288440704345703125">
        <ele>6.599999904632568359375</ele>
        <time>2026-09-13T11:50:18.000Z</time>
        <extensions>
          <ns3:TrackPointExtension>
            <ns3:hr>111</ns3:hr>
            <ns3:cad>82</ns3:cad>
          </ns3:TrackPointExtension>
        </extensions>
      </trkpt>
      <trkpt lat="31.29767968319356441497802734375" lon="121.47921259514987468719482421875">
        <ele>6.19999980926513671875</ele>
        <time>2026-09-13T11:50:22.000Z</time>
        <extensions>
          <ns3:TrackPointExtension>
            <ns3:hr>111</ns3:hr>
            <ns3:cad>82</ns3:cad>
          </ns3:TrackPointExtension>
        </extensions>
      </trkpt>
      <trkpt lat="31.29768337123095989227294921875" lon="121.479250229895114898681640625">
        <ele>5.80000019073486328125</ele>
        <time>2026-09-13T11:50:24.000Z</time>
        <extensions>
          <ns3:TrackPointExtension>
            <ns3:hr>111</ns3:hr>
            <ns3:cad>82</ns3:cad>
          </ns3:TrackPointExtension>
        </extensions>
      </trkpt>
      <trkpt lat="31.2977211736142635345458984375" lon="121.4794121682643890380859375">
        <ele>4.599999904632568359375</ele>
        <time>2026-09-13T11:50:31.000Z</time>
        <extensions>
          <ns3:TrackPointExtension>
            <ns3:hr>111</ns3:hr>
            <ns3:cad>82</ns3:cad>
          </ns3:TrackPointExtension>
        </extensions>
      </trkpt>
      <trkpt lat="31.29773885942995548248291015625" lon="121.47946489043533802032470703125">
        <ele>4.400000095367431640625</ele>
        <time>2026-09-13T11:50:34.000Z</time>
        <extensions>
          <ns3:TrackPointExtension>
            <ns3:hr>111</ns3:hr>
            <ns3:cad>81</ns3:cad>
          </ns3:TrackPointExtension>
        </extensions>
      </trkpt>
      <trkpt lat="31.2977503426373004913330078125" lon="121.47949992679059505462646484375">
        <ele>4.19999980926513671875</ele>
        <time>2026-09-13T11:50:37.000Z</time>
        <extensions>
          <ns3:TrackPointExtension>
            <ns3:hr>111</ns3:hr>
            <ns3:cad>55</ns3:cad>
          </ns3:TrackPointExtension>
        </extensions>
      </trkpt>
      <trkpt lat="31.29776601679623126983642578125" lon="121.47952205501496791839599609375">
        <ele>4.19999980926513671875</ele>
        <time>2026-09-13T11:50:39.000Z</time>
        <extensions>
          <ns3:TrackPointExtension>
            <ns3:hr>111</ns3:hr>
            <ns3:cad>55</ns3:cad>
          </ns3:TrackPointExtension>
        </extensions>
      </trkpt>
      <trkpt lat="31.29780507646501064300537109375" lon="121.4795625396072864532470703125">
        <ele>3.7999999523162841796875</ele>
        <time>2026-09-13T11:50:43.000Z</time>
        <extensions>
          <ns3:TrackPointExtension>
            <ns3:hr>109</ns3:hr>
            <ns3:cad>55</ns3:cad>
          </ns3:TrackPointExtension>
        </extensions>
      </trkpt>
      <trkpt lat="31.29786542616784572601318359375" lon="121.47958626039326190948486328125">
        <ele>3.599999904632568359375</ele>
        <time>2026-09-13T11:50:47.000Z</time>
        <extensions>
          <ns3:TrackPointExtension>
            <ns3:hr>109</ns3:hr>
            <ns3:cad>54</ns3:cad>
          </ns3:TrackPointExtension>
        </extensions>
      </trkpt>
      <trkpt lat="31.297893337905406951904296875" lon="121.4796091429889202117919921875">
        <ele>3.400000095367431640625</ele>
        <time>2026-09-13T11:50:49.000Z</time>
        <extensions>
          <ns3:TrackPointExtension>
            <ns3:hr>109</ns3:hr>
            <ns3:cad>0</ns3:cad>
          </ns3:TrackPointExtension>
        </extensions>
      </trkpt>
      <trkpt lat="31.2979277037084102630615234375" lon="121.47967913188040256500244140625">
        <ele>3</ele>
        <time>2026-09-13T11:50:55.000Z</time>
        <extensions>
          <ns3:TrackPointExtension>
            <ns3:hr>109</ns3:hr>
            <ns3:cad>72</ns3:cad>
          </ns3:TrackPointExtension>
        </extensions>
      </trkpt>
      <trkpt lat="31.297949664294719696044921875" lon="121.47969388402998447418212890625">
        <ele>3</ele>
        <time>2026-09-13T11:50:57.000Z</time>
        <extensions>
          <ns3:TrackPointExtension>
            <ns3:hr>107</ns3:hr>
            <ns3:cad>57</ns3:cad>
          </ns3:TrackPointExtension>
        </extensions>
      </trkpt>
      <trkpt lat="31.2979649193584918975830078125" lon="121.4796993322670459747314453125">
        <ele>3.2000000476837158203125</ele>
        <time>2026-09-13T11:50:59.000Z</time>
        <extensions>
          <ns3:TrackPointExtension>
            <ns3:hr>104</ns3:hr>
            <ns3:cad>57</ns3:cad>
          </ns3:TrackPointExtension>
        </extensions>
      </trkpt>
      <trkpt lat="31.2979991175234317779541015625" lon="121.479710228741168975830078125">
        <ele>3.400000095367431640625</ele>
        <time>2026-09-13T11:51:01.000Z</time>
        <extensions>
          <ns3:TrackPointExtension>
            <ns3:hr>105</ns3:hr>
            <ns3:cad>57</ns3:cad>
          </ns3:TrackPointExtension>
        </extensions>
      </trkpt>
      <trkpt lat="31.29802954383194446563720703125" lon="121.4797352068126201629638671875">
        <ele>3.599999904632568359375</ele>
        <time>2026-09-13T11:51:03.000Z</time>
        <extensions>
          <ns3:TrackPointExtension>
            <ns3:hr>105</ns3:hr>
            <ns3:cad>83</ns3:cad>
          </ns3:TrackPointExtension>
        </extensions>
      </trkpt>
      <trkpt lat="31.29811721853911876678466796875" lon="121.47988733835518360137939453125">
        <ele>4.19999980926513671875</ele>
        <time>2026-09-13T11:51:09.000Z</time>
        <extensions>
          <ns3:TrackPointExtension>
            <ns3:hr>103</ns3:hr>
            <ns3:cad>85</ns3:cad>
          </ns3:TrackPointExtension>
        </extensions>
      </trkpt>
      <trkpt lat="31.29807027988135814666748046875" lon="121.4800741709768772125244140625">
        <ele>5</ele>
        <time>2026-09-13T11:51:14.000Z</time>
        <extensions>
          <ns3:TrackPointExtension>
            <ns3:hr>103</ns3:hr>
            <ns3:cad>85</ns3:cad>
          </ns3:TrackPointExtension>
        </extensions>
      </trkpt>
      <trkpt lat="31.298044882714748382568359375" lon="121.480103842914104461669921875">
        <ele>5.19999980926513671875</ele>
        <time>2026-09-13T11:51:15.000Z</time>
        <extensions>
          <ns3:TrackPointExtension>
            <ns3:hr>103</ns3:hr>
            <ns3:cad>85</ns3:cad>
          </ns3:TrackPointExtension>
        </extensions>
      </trkpt>
      <trkpt lat="31.2979655899107456207275390625" lon="121.4801578223705291748046875">
        <ele>5.400000095367431640625</ele>
        <time>2026-09-13T11:51:18.000Z</time>
        <extensions>
          <ns3:TrackPointExtension>
            <ns3:hr>104</ns3:hr>
            <ns3:cad>83</ns3:cad>
          </ns3:TrackPointExtension>
        </extensions>
      </trkpt>
      <trkpt lat="31.2977671064436435699462890625" lon="121.4802200160920619964599609375">
        <ele>5.400000095367431640625</ele>
        <time>2026-09-13T11:51:25.000Z</time>
        <extensions>
          <ns3:TrackPointExtension>
            <ns3:hr>107</ns3:hr>
            <ns3:cad>83</ns3:cad>
          </ns3:TrackPointExtension>
        </extensions>
      </trkpt>
      <trkpt lat="31.297568120062351226806640625" lon="121.48027642630040645599365234375">
        <ele>5.19999980926513671875</ele>
        <time>2026-09-13T11:51:33.000Z</time>
        <extensions>
          <ns3:TrackPointExtension>
            <ns3:hr>107</ns3:hr>
            <ns3:cad>82</ns3:cad>
          </ns3:TrackPointExtension>
        </extensions>
      </trkpt>
      <trkpt lat="31.29740257747471332550048828125" lon="121.48032520897686481475830078125">
        <ele>4.80000019073486328125</ele>
        <time>2026-09-13T11:51:41.000Z</time>
        <extensions>
          <ns3:TrackPointExtension>
            <ns3:hr>107</ns3:hr>
            <ns3:cad>81</ns3:cad>
          </ns3:TrackPointExtension>
        </extensions>
      </trkpt>
      <trkpt lat="31.297212056815624237060546875" lon="121.4803469181060791015625">
        <ele>5.19999980926513671875</ele>
        <time>2026-09-13T11:51:50.000Z</time>
        <extensions>
          <ns3:TrackPointExtension>
            <ns3:hr>110</ns3:hr>
            <ns3:cad>82</ns3:cad>
          </ns3:TrackPointExtension>
        </extensions>
      </trkpt>
      <trkpt lat="31.29702673293650150299072265625" lon="121.48033090867102146148681640625">
        <ele>5.599999904632568359375</ele>
        <time>2026-09-13T11:51:58.000Z</time>
        <extensions>
          <ns3:TrackPointExtension>
            <ns3:hr>113</ns3:hr>
            <ns3:cad>83</ns3:cad>
          </ns3:TrackPointExtension>
        </extensions>
      </trkpt>
      <trkpt lat="31.2968970648944377899169921875" lon="121.48035253398120403289794921875">
        <ele>5.80000019073486328125</ele>
        <time>2026-09-13T11:52:07.000Z</time>
        <extensions>
          <ns3:TrackPointExtension>
            <ns3:hr>115</ns3:hr>
            <ns3:cad>83</ns3:cad>
          </ns3:TrackPointExtension>
        </extensions>
      </trkpt>
      <trkpt lat="31.29675935022532939910888671875" lon="121.48037902079522609710693359375">
        <ele>6</ele>
        <time>2026-09-13T11:52:13.000Z</time>
        <extensions>
          <ns3:TrackPointExtension>
            <ns3:hr>116</ns3:hr>
            <ns3:cad>82</ns3:cad>
          </ns3:TrackPointExtension>
        </extensions>
      </trkpt>
      <trkpt lat="31.296694390475749969482421875" lon="121.4803745783865451812744140625">
        <ele>6</ele>
        <time>2026-09-13T11:52:16.000Z</time>
        <extensions>
          <ns3:TrackPointExtension>
            <ns3:hr>116</ns3:hr>
            <ns3:cad>83</ns3:cad>
          </ns3:TrackPointExtension>
        </extensions>
      </trkpt>
      <trkpt lat="31.29665021784603595733642578125" lon="121.480384133756160736083984375">
        <ele>6</ele>
        <time>2026-09-13T11:52:18.000Z</time>
        <extensions>
          <ns3:TrackPointExtension>
            <ns3:hr>116</ns3:hr>
            <ns3:cad>83</ns3:cad>
          </ns3:TrackPointExtension>
        </extensions>
      </trkpt>
      <trkpt lat="31.29654091782867908477783203125" lon="121.4803420566022396087646484375">
        <ele>6</ele>
        <time>2026-09-13T11:52:25.000Z</time>
        <extensions>
          <ns3:TrackPointExtension>
            <ns3:hr>116</ns3:hr>
            <ns3:cad>84</ns3:cad>
          </ns3:TrackPointExtension>
        </extensions>
      </trkpt>
      <trkpt lat="31.2963562645018100738525390625" lon="121.4804138056933879852294921875">
        <ele>6.599999904632568359375</ele>
        <time>2026-09-13T11:52:34.000Z</time>
        <extensions>
          <ns3:TrackPointExtension>
            <ns3:hr>115</ns3:hr>
            <ns3:cad>82</ns3:cad>
          </ns3:TrackPointExtension>
        </extensions>
      </trkpt>
      <trkpt lat="31.2961976788938045501708984375" lon="121.48047340102493762969970703125">
        <ele>8</ele>
        <time>2026-09-13T11:52:42.000Z</time>
        <extensions>
          <ns3:TrackPointExtension>
            <ns3:hr>114</ns3:hr>
            <ns3:cad>81</ns3:cad>
          </ns3:TrackPointExtension>
        </extensions>
      </trkpt>
      <trkpt lat="31.2960912287235260009765625" lon="121.480549760162830352783203125">
        <ele>8</ele>
        <time>2026-09-13T11:52:47.000Z</time>
        <extensions>
          <ns3:TrackPointExtension>
            <ns3:hr>113</ns3:hr>
            <ns3:cad>81</ns3:cad>
          </ns3:TrackPointExtension>
        </extensions>
      </trkpt>
      <trkpt lat="31.2959571182727813720703125" lon="121.48058555088937282562255859375">
        <ele>8.80000019073486328125</ele>
        <time>2026-09-13T11:52:54.000Z</time>
        <extensions>
          <ns3:TrackPointExtension>
            <ns3:hr>115</ns3:hr>
            <ns3:cad>84</ns3:cad>
          </ns3:TrackPointExtension>
        </extensions>
      </trkpt>
      <trkpt lat="31.29577095620334148406982421875" lon="121.48064858280122280120849609375">
        <ele>8.3999996185302734375</ele>
        <time>2026-09-13T11:53:02.000Z</time>
        <extensions>
          <ns3:TrackPointExtension>
            <ns3:hr>118</ns3:hr>
            <ns3:cad>83</ns3:cad>
          </ns3:TrackPointExtension>
        </extensions>
      </trkpt>
      <trkpt lat="31.295593343675136566162109375" lon="121.48066769354045391082763671875">
        <ele>7.80000019073486328125</ele>
        <time>2026-09-13T11:53:11.000Z</time>
        <extensions>
          <ns3:TrackPointExtension>
            <ns3:hr>119</ns3:hr>
            <ns3:cad>84</ns3:cad>
          </ns3:TrackPointExtension>
        </extensions>
      </trkpt>
      <trkpt lat="31.29544707946479320526123046875" lon="121.48069493472576141357421875">
        <ele>8.19999980926513671875</ele>
        <time>2026-09-13T11:53:18.000Z</time>
        <extensions>
          <ns3:TrackPointExtension>
            <ns3:hr>119</ns3:hr>
            <ns3:cad>83</ns3:cad>
          </ns3:TrackPointExtension>
        </extensions>
      </trkpt>
      <trkpt lat="31.295268796384334564208984375" lon="121.48071915842592716217041015625">
        <ele>8.6000003814697265625</ele>
        <time>2026-09-13T11:53:26.000Z</time>
        <extensions>
          <ns3:TrackPointExtension>
            <ns3:hr>118</ns3:hr>
            <ns3:cad>83</ns3:cad>
          </ns3:TrackPointExtension>
        </extensions>
      </trkpt>
      <trkpt lat="31.29509956575930118560791015625" lon="121.48075687699019908905029296875">
        <ele>8.6000003814697265625</ele>
        <time>2026-09-13T11:53:34.000Z</time>
        <extensions>
          <ns3:TrackPointExtension>
            <ns3:hr>116</ns3:hr>
            <ns3:cad>83</ns3:cad>
          </ns3:TrackPointExtension>
        </extensions>
      </trkpt>
      <trkpt lat="31.29490829072892665863037109375" lon="121.480778753757476806640625">
        <ele>7.19999980926513671875</ele>
        <time>2026-09-13T11:53:43.000Z</time>
        <extensions>
          <ns3:TrackPointExtension>
            <ns3:hr>117</ns3:hr>
            <ns3:cad>83</ns3:cad>
          </ns3:TrackPointExtension>
        </extensions>
      </trkpt>
      <trkpt lat="31.29488716833293437957763671875" lon="121.4807802625000476837158203125">
        <ele>7</ele>
        <time>2026-09-13T11:53:44.000Z</time>
        <extensions>
          <ns3:TrackPointExtension>
            <ns3:hr>117</ns3:hr>
            <ns3:cad>83</ns3:cad>
          </ns3:TrackPointExtension>
        </extensions>
      </trkpt>
      <trkpt lat="31.29471860826015472412109375" lon="121.48082678206264972686767578125">
        <ele>6.19999980926513671875</ele>
        <time>2026-09-13T11:53:52.000Z</time>
        <extensions>
          <ns3:TrackPointExtension>
            <ns3:hr>117</ns3:hr>
            <ns3:cad>83</ns3:cad>
          </ns3:TrackPointExtension>
        </extensions>
      </trkpt>
      <trkpt lat="31.2945839948952198028564453125" lon="121.4808885566890239715576171875">
        <ele>5.80000019073486328125</ele>
        <time>2026-09-13T11:53:59.000Z</time>
        <extensions>
          <ns3:TrackPointExtension>
            <ns3:hr>117</ns3:hr>
            <ns3:cad>82</ns3:cad>
          </ns3:TrackPointExtension>
        </extensions>
      </trkpt>
      <trkpt lat="31.29443429410457611083984375" lon="121.481020152568817138671875">
        <ele>6.19999980926513671875</ele>
        <time>2026-09-13T11:54:08.000Z</time>
        <extensions>
          <ns3:TrackPointExtension>
            <ns3:hr>117</ns3:hr>
            <ns3:cad>82</ns3:cad>
          </ns3:TrackPointExtension>
        </extensions>
      </trkpt>
      <trkpt lat="31.29433664493262767791748046875" lon="121.48109190165996551513671875">
        <ele>6</ele>
        <time>2026-09-13T11:54:15.000Z</time>
        <extensions>
          <ns3:TrackPointExtension>
            <ns3:hr>116</ns3:hr>
            <ns3:cad>81</ns3:cad>
          </ns3:TrackPointExtension>
        </extensions>
      </trkpt>
      <trkpt lat="31.29425701685249805450439453125" lon="121.481190137565135955810546875">
        <ele>6.599999904632568359375</ele>
        <time>2026-09-13T11:54:23.000Z</time>
        <extensions>
          <ns3:TrackPointExtension>
            <ns3:hr>114</ns3:hr>
            <ns3:cad>80</ns3:cad>
          </ns3:TrackPointExtension>
        </extensions>
      </trkpt>
      <trkpt lat="31.294164396822452545166015625" lon="121.4813629724085330963134765625">
        <ele>7.599999904632568359375</ele>
        <time>2026-09-13T11:54:31.000Z</time>
        <extensions>
          <ns3:TrackPointExtension>
            <ns3:hr>114</ns3:hr>
            <ns3:cad>81</ns3:cad>
          </ns3:TrackPointExtension>
        </extensions>
      </trkpt>
      <trkpt lat="31.294052414596080780029296875" lon="121.481440253555774688720703125">
        <ele>8</ele>
        <time>2026-09-13T11:54:38.000Z</time>
        <extensions>
          <ns3:TrackPointExtension>
            <ns3:hr>113</ns3:hr>
            <ns3:cad>81</ns3:cad>
          </ns3:TrackPointExtension>
        </extensions>
      </trkpt>
      <trkpt lat="31.2938722036778926849365234375" lon="121.48151258938014507293701171875">
        <ele>10</ele>
        <time>2026-09-13T11:54:47.000Z</time>
        <extensions>
          <ns3:TrackPointExtension>
            <ns3:hr>115</ns3:hr>
            <ns3:cad>83</ns3:cad>
          </ns3:TrackPointExtension>
        </extensions>
      </trkpt>
      <trkpt lat="31.293771453201770782470703125" lon="121.481573022902011871337890625">
        <ele>10.3999996185302734375</ele>
        <time>2026-09-13T11:54:53.000Z</time>
        <extensions>
          <ns3:TrackPointExtension>
            <ns3:hr>116</ns3:hr>
            <ns3:cad>83</ns3:cad>
          </ns3:TrackPointExtension>
        </extensions>
      </trkpt>
      <trkpt lat="31.29371219314634799957275390625" lon="121.48155936039984226226806640625">
        <ele>10.6000003814697265625</ele>
        <time>2026-09-13T11:55:00.000Z</time>
        <extensions>
          <ns3:TrackPointExtension>
            <ns3:hr>116</ns3:hr>
            <ns3:cad>83</ns3:cad>
          </ns3:TrackPointExtension>
        </extensions>
      </trkpt>
      <trkpt lat="31.29369559697806835174560546875" lon="121.48156539537012577056884765625">
        <ele>10.3999996185302734375</ele>
        <time>2026-09-13T11:55:02.000Z</time>
        <extensions>
          <ns3:TrackPointExtension>
            <ns3:hr>116</ns3:hr>
            <ns3:cad>83</ns3:cad>
          </ns3:TrackPointExtension>
        </extensions>
      </trkpt>
      <trkpt lat="31.29367883317172527313232421875" lon="121.48158484138548374176025390625">
        <ele>10</ele>
        <time>2026-09-13T11:55:06.000Z</time>
        <extensions>
          <ns3:TrackPointExtension>
            <ns3:hr>116</ns3:hr>
            <ns3:cad>83</ns3:cad>
          </ns3:TrackPointExtension>
        </extensions>
      </trkpt>
      <trkpt lat="31.2936764024198055267333984375" lon="121.48162725381553173065185546875">
        <ele>9.6000003814697265625</ele>
        <time>2026-09-13T11:55:09.000Z</time>
        <extensions>
          <ns3:TrackPointExtension>
            <ns3:hr>116</ns3:hr>
            <ns3:cad>83</ns3:cad>
          </ns3:TrackPointExtension>
        </extensions>
      </trkpt>
      <trkpt lat="31.2936831079423427581787109375" lon="121.4816667325794696807861328125">
        <ele>9.6000003814697265625</ele>
        <time>2026-09-13T11:55:12.000Z</time>
        <extensions>
          <ns3:TrackPointExtension>
            <ns3:hr>115</ns3:hr>
            <ns3:cad>83</ns3:cad>
          </ns3:TrackPointExtension>
        </extensions>
      </trkpt>
      <trkpt lat="31.293689310550689697265625" lon="121.48170352913439273834228515625">
        <ele>9.6000003814697265625</ele>
        <time>2026-09-13T11:55:20.000Z</time>
        <extensions>
          <ns3:TrackPointExtension>
            <ns3:hr>115</ns3:hr>
            <ns3:cad>0</ns3:cad>
          </ns3:TrackPointExtension>
        </extensions>
      </trkpt>
      <trkpt lat="31.2936901487410068511962890625" lon="121.48176723159849643707275390625">
        <ele>9.6000003814697265625</ele>
        <time>2026-09-13T11:55:25.000Z</time>
        <extensions>
          <ns3:TrackPointExtension>
            <ns3:hr>114</ns3:hr>
            <ns3:cad>0</ns3:cad>
          </ns3:TrackPointExtension>
        </extensions>
      </trkpt>
      <trkpt lat="31.2936844490468502044677734375" lon="121.48177309893071651458740234375">
        <ele>9.6000003814697265625</ele>
        <time>2026-09-13T11:55:28.000Z</time>
        <extensions>
          <ns3:TrackPointExtension>
            <ns3:hr>112</ns3:hr>
            <ns3:cad>0</ns3:cad>
          </ns3:TrackPointExtension>
        </extensions>
      </trkpt>
      <trkpt lat="31.2936787493526935577392578125" lon="121.48176153190433979034423828125">
        <ele>9.6000003814697265625</ele>
        <time>2026-09-13T11:55:34.000Z</time>
        <extensions>
          <ns3:TrackPointExtension>
            <ns3:hr>111</ns3:hr>
            <ns3:cad>0</ns3:cad>
          </ns3:TrackPointExtension>
        </extensions>
      </trkpt>
      <trkpt lat="31.29367657005786895751953125" lon="121.48177728988230228424072265625">
        <ele>9.6000003814697265625</ele>
        <time>2026-09-13T11:55:40.000Z</time>
        <extensions>
          <ns3:TrackPointExtension>
            <ns3:hr>108</ns3:hr>
            <ns3:cad>0</ns3:cad>
          </ns3:TrackPointExtension>
        </extensions>
      </trkpt>
      <trkpt lat="31.29367657005786895751953125" lon="121.48177728988230228424072265625">
        <ele>9.6000003814697265625</ele>
        <time>2026-09-13T11:55:42.000Z</time>
        <extensions>
          <ns3:TrackPointExtension>
            <ns3:hr>105</ns3:hr>
            <ns3:cad>0</ns3:cad>
          </ns3:TrackPointExtension>
        </extensions>
      </trkpt>
      <trkpt lat="31.29367657005786895751953125" lon="121.48177728988230228424072265625">
        <ele>9.6000003814697265625</ele>
        <time>2026-09-13T11:55:44.000Z</time>
        <extensions>
          <ns3:TrackPointExtension>
            <ns3:hr>102</ns3:hr>
            <ns3:cad>0</ns3:cad>
          </ns3:TrackPointExtension>
        </extensions>
      </trkpt>
      <trkpt lat="31.29367657005786895751953125" lon="121.48177728988230228424072265625">
        <ele>9.6000003814697265625</ele>
        <time>2026-09-13T11:55:46.000Z</time>
        <extensions>
          <ns3:TrackPointExtension>
            <ns3:hr>101</ns3:hr>
            <ns3:cad>0</ns3:cad>
          </ns3:TrackPointExtension>
        </extensions>
      </trkpt>
      <trkpt lat="31.29360138438642024993896484375" lon="121.4817824028432369232177734375">
        <ele>9</ele>
        <time>2026-09-13T11:56:10.000Z</time>
        <extensions>
          <ns3:TrackPointExtension>
            <ns3:hr>100</ns3:hr>
            <ns3:cad>55</ns3:cad>
          </ns3:TrackPointExtension>
        </extensions>
      </trkpt>
      <trkpt lat="31.2935516797006130218505859375" lon="121.48179464042186737060546875">
        <ele>8.6000003814697265625</ele>
        <time>2026-09-13T11:56:12.000Z</time>
        <extensions>
          <ns3:TrackPointExtension>
            <ns3:hr>100</ns3:hr>
            <ns3:cad>56</ns3:cad>
          </ns3:TrackPointExtension>
        </extensions>
      </trkpt>
      <trkpt lat="31.29348504357039928436279296875" lon="121.48185507394373416900634765625">
        <ele>8</ele>
        <time>2026-09-13T11:56:14.000Z</time>
        <extensions>
          <ns3:TrackPointExtension>
            <ns3:hr>101</ns3:hr>
            <ns3:cad>56</ns3:cad>
          </ns3:TrackPointExtension>
        </extensions>
      </trkpt>
      <trkpt lat="31.29337691701948642730712890625" lon="121.48197392933070659637451171875">
        <ele>8.3999996185302734375</ele>
        <time>2026-09-13T11:56:19.000Z</time>
        <extensions>
          <ns3:TrackPointExtension>
            <ns3:hr>104</ns3:hr>
            <ns3:cad>86</ns3:cad>
          </ns3:TrackPointExtension>
        </extensions>
      </trkpt>
      <trkpt lat="31.2933312356472015380859375" lon="121.4820090495049953460693359375">
        <ele>8.3999996185302734375</ele>
        <time>2026-09-13T11:56:21.000Z</time>
        <extensions>
          <ns3:TrackPointExtension>
            <ns3:hr>104</ns3:hr>
            <ns3:cad>86</ns3:cad>
          </ns3:TrackPointExtension>
        </extensions>
      </trkpt>
      <trkpt lat="31.2932972051203250885009765625" lon="121.4820398949086666107177734375">
        <ele>8.6000003814697265625</ele>
        <time>2026-09-13T11:56:23.000Z</time>
        <extensions>
          <ns3:TrackPointExtension>
            <ns3:hr>105</ns3:hr>
            <ns3:cad>86</ns3:cad>
          </ns3:TrackPointExtension>
        </extensions>
      </trkpt>
      <trkpt lat="31.29329393617808818817138671875" lon="121.48205925710499286651611328125">
        <ele>8.6000003814697265625</ele>
        <time>2026-09-13T11:56:25.000Z</time>
        <extensions>
          <ns3:TrackPointExtension>
            <ns3:hr>105</ns3:hr>
            <ns3:cad>85</ns3:cad>
          </ns3:TrackPointExtension>
        </extensions>
      </trkpt>
      <trkpt lat="31.29330500029027462005615234375" lon="121.4820921979844570159912109375">
        <ele>8.80000019073486328125</ele>
        <time>2026-09-13T11:56:27.000Z</time>
        <extensions>
          <ns3:TrackPointExtension>
            <ns3:hr>107</ns3:hr>
            <ns3:cad>85</ns3:cad>
          </ns3:TrackPointExtension>
        </extensions>
      </trkpt>
      <trkpt lat="31.29334121011197566986083984375" lon="121.48215028457343578338623046875">
        <ele>9</ele>
        <time>2026-09-13T11:56:30.000Z</time>
        <extensions>
          <ns3:TrackPointExtension>
            <ns3:hr>109</ns3:hr>
            <ns3:cad>85</ns3:cad>
          </ns3:TrackPointExtension>
        </extensions>
      </trkpt>
      <trkpt lat="31.2933407910168170928955078125" lon="121.4823921024799346923828125">
        <ele>7.80000019073486328125</ele>
        <time>2026-09-13T11:56:38.000Z</time>
        <extensions>
          <ns3:TrackPointExtension>
            <ns3:hr>110</ns3:hr>
            <ns3:cad>84</ns3:cad>
          </ns3:TrackPointExtension>
        </extensions>
      </trkpt>
      <trkpt lat="31.29333324730396270751953125" lon="121.4824234507977962493896484375">
        <ele>7.599999904632568359375</ele>
        <time>2026-09-13T11:56:39.000Z</time>
        <extensions>
          <ns3:TrackPointExtension>
            <ns3:hr>107</ns3:hr>
            <ns3:cad>84</ns3:cad>
          </ns3:TrackPointExtension>
        </extensions>
      </trkpt>
      <trkpt lat="31.29331254400312900543212890625" lon="121.48247768171131610870361328125">
        <ele>6.80000019073486328125</ele>
        <time>2026-09-13T11:56:41.000Z</time>
        <extensions>
          <ns3:TrackPointExtension>
            <ns3:hr>104</ns3:hr>
            <ns3:cad>84</ns3:cad>
          </ns3:TrackPointExtension>
        </extensions>
      </trkpt>
      <trkpt lat="31.29326074384152889251708984375" lon="121.48264213465154170989990234375">
        <ele>5.400000095367431640625</ele>
        <time>2026-09-13T11:56:47.000Z</time>
        <extensions>
          <ns3:TrackPointExtension>
            <ns3:hr>103</ns3:hr>
            <ns3:cad>83</ns3:cad>
          </ns3:TrackPointExtension>
        </extensions>
      </trkpt>
      <trkpt lat="31.29319720901548862457275390625" lon="121.48281564004719257354736328125">
        <ele>4.19999980926513671875</ele>
        <time>2026-09-13T11:56:53.000Z</time>
        <extensions>
          <ns3:TrackPointExtension>
            <ns3:hr>106</ns3:hr>
            <ns3:cad>83</ns3:cad>
          </ns3:TrackPointExtension>
        </extensions>
      </trkpt>
      <trkpt lat="31.29318346269428730010986328125" lon="121.4828395284712314605712890625">
        <ele>4</ele>
        <time>2026-09-13T11:56:55.000Z</time>
        <extensions>
          <ns3:TrackPointExtension>
            <ns3:hr>107</ns3:hr>
            <ns3:cad>0</ns3:cad>
          </ns3:TrackPointExtension>
        </extensions>
      </trkpt>
      <trkpt lat="31.2931376136839389801025390625" lon="121.4828925020992755889892578125">
        <ele>3.7999999523162841796875</ele>
        <time>2026-09-13T11:57:01.000Z</time>
        <extensions>
          <ns3:TrackPointExtension>
            <ns3:hr>107</ns3:hr>
            <ns3:cad>55</ns3:cad>
          </ns3:TrackPointExtension>
        </extensions>
      </trkpt>
      <trkpt lat="31.29315798170864582061767578125" lon="121.4829347468912601470947265625">
        <ele>3.2000000476837158203125</ele>
        <time>2026-09-13T11:57:08.000Z</time>
        <extensions>
          <ns3:TrackPointExtension>
            <ns3:hr>104</ns3:hr>
            <ns3:cad>0</ns3:cad>
          </ns3:TrackPointExtension>
        </extensions>
      </trkpt>
      <trkpt lat="31.293153874576091766357421875" lon="121.48295226506888866424560546875">
        <ele>3.400000095367431640625</ele>
        <time>2026-09-13T11:57:15.000Z</time>
        <extensions>
          <ns3:TrackPointExtension>
            <ns3:hr>102</ns3:hr>
            <ns3:cad>0</ns3:cad>
          </ns3:TrackPointExtension>
        </extensions>
      </trkpt>
      <trkpt lat="31.293140463531017303466796875" lon="121.48297347128391265869140625">
        <ele>3.599999904632568359375</ele>
        <time>2026-09-13T11:57:21.000Z</time>
        <extensions>
          <ns3:TrackPointExtension>
            <ns3:hr>100</ns3:hr>
            <ns3:cad>49</ns3:cad>
          </ns3:TrackPointExtension>
        </extensions>
      </trkpt>
      <trkpt lat="31.29310551099479198455810546875" lon="121.4830990321934223175048828125">
        <ele>3.7999999523162841796875</ele>
        <time>2026-09-13T11:57:30.000Z</time>
        <extensions>
          <ns3:TrackPointExtension>
            <ns3:hr>96</ns3:hr>
            <ns3:cad>83</ns3:cad>
          </ns3:TrackPointExtension>
        </extensions>
      </trkpt>
      <trkpt lat="31.29306309856474399566650390625" lon="121.48310330696403980255126953125">
        <ele>4.599999904632568359375</ele>
        <time>2026-09-13T11:57:31.000Z</time>
        <extensions>
          <ns3:TrackPointExtension>
            <ns3:hr>95</ns3:hr>
            <ns3:cad>83</ns3:cad>
          </ns3:TrackPointExtension>
        </extensions>
      </trkpt>
      <trkpt lat="31.29302035085856914520263671875" lon="121.4831372536718845367431640625">
        <ele>4.599999904632568359375</ele>
        <time>2026-09-13T11:57:34.000Z</time>
        <extensions>
          <ns3:TrackPointExtension>
            <ns3:hr>94</ns3:hr>
            <ns3:cad>83</ns3:cad>
          </ns3:TrackPointExtension>
        </extensions>
      </trkpt>
      <trkpt lat="31.293011046946048736572265625" lon="121.483187377452850341796875">
        <ele>4</ele>
        <time>2026-09-13T11:57:37.000Z</time>
        <extensions>
          <ns3:TrackPointExtension>
            <ns3:hr>94</ns3:hr>
            <ns3:cad>83</ns3:cad>
          </ns3:TrackPointExtension>
        </extensions>
      </trkpt>
      <trkpt lat="31.29302320070564746856689453125" lon="121.483207829296588897705078125">
        <ele>3.599999904632568359375</ele>
        <time>2026-09-13T11:57:38.000Z</time>
        <extensions>
          <ns3:TrackPointExtension>
            <ns3:hr>95</ns3:hr>
            <ns3:cad>83</ns3:cad>
          </ns3:TrackPointExtension>
        </extensions>
      </trkpt>
      <trkpt lat="31.29300291649997234344482421875" lon="121.48324278183281421661376953125">
        <ele>3.2000000476837158203125</ele>
        <time>2026-09-13T11:57:40.000Z</time>
        <extensions>
          <ns3:TrackPointExtension>
            <ns3:hr>94</ns3:hr>
            <ns3:cad>84</ns3:cad>
          </ns3:TrackPointExtension>
        </extensions>
      </trkpt>
      <trkpt lat="31.29300677217543125152587890625" lon="121.4832767285406589508056640625">
        <ele>2.599999904632568359375</ele>
        <time>2026-09-13T11:57:41.000Z</time>
        <extensions>
          <ns3:TrackPointExtension>
            <ns3:hr>94</ns3:hr>
            <ns3:cad>83</ns3:cad>
          </ns3:TrackPointExtension>
        </extensions>
      </trkpt>
      <trkpt lat="31.2930008210241794586181640625" lon="121.4833578653633594512939453125">
        <ele>2.7999999523162841796875</ele>
        <time>2026-09-13T11:57:44.000Z</time>
        <extensions>
          <ns3:TrackPointExtension>
            <ns3:hr>93</ns3:hr>
            <ns3:cad>84</ns3:cad>
          </ns3:TrackPointExtension>
        </extensions>
      </trkpt>
      <trkpt lat="31.29300828091800212860107421875" lon="121.48339684121310710906982421875">
        <ele>2.7999999523162841796875</ele>
        <time>2026-09-13T11:57:46.000Z</time>
        <extensions>
          <ns3:TrackPointExtension>
            <ns3:hr>94</ns3:hr>
            <ns3:cad>84</ns3:cad>
          </ns3:TrackPointExtension>
        </extensions>
      </trkpt>
      <trkpt lat="31.293045580387115478515625" lon="121.4834301173686981201171875">
        <ele>2.599999904632568359375</ele>
        <time>2026-09-13T11:57:49.000Z</time>
        <extensions>
          <ns3:TrackPointExtension>
            <ns3:hr>94</ns3:hr>
            <ns3:cad>84</ns3:cad>
          </ns3:TrackPointExtension>
        </extensions>
      </trkpt>
      <trkpt lat="31.29309847019612789154052734375" lon="121.48348669521510601043701171875">
        <ele>2.400000095367431640625</ele>
        <time>2026-09-13T11:57:53.000Z</time>
        <extensions>
          <ns3:TrackPointExtension>
            <ns3:hr>97</ns3:hr>
            <ns3:cad>83</ns3:cad>
          </ns3:TrackPointExtension>
        </extensions>
      </trkpt>
      <trkpt lat="31.2931265495717525482177734375" lon="121.483513601124286651611328125">
        <ele>2.400000095367431640625</ele>
        <time>2026-09-13T11:57:55.000Z</time>
        <extensions>
          <ns3:TrackPointExtension>
            <ns3:hr>96</ns3:hr>
            <ns3:cad>84</ns3:cad>
          </ns3:TrackPointExtension>
        </extensions>
      </trkpt>
      <trkpt lat="31.2931758351624011993408203125" lon="121.48359918035566806793212890625">
        <ele>2.599999904632568359375</ele>
        <time>2026-09-13T11:57:59.000Z</time>
        <extensions>
          <ns3:TrackPointExtension>
            <ns3:hr>99</ns3:hr>
            <ns3:cad>82</ns3:cad>
          </ns3:TrackPointExtension>
        </extensions>
      </trkpt>
      <trkpt lat="31.29317357204854488372802734375" lon="121.48372289724647998809814453125">
        <ele>4</ele>
        <time>2026-09-13T11:58:03.000Z</time>
        <extensions>
          <ns3:TrackPointExtension>
            <ns3:hr>102</ns3:hr>
            <ns3:cad>82</ns3:cad>
          </ns3:TrackPointExtension>
        </extensions>
      </trkpt>
      <trkpt lat="31.293174661695957183837890625" lon="121.48373798467218875885009765625">
        <ele>4.19999980926513671875</ele>
        <time>2026-09-13T11:58:04.000Z</time>
        <extensions>
          <ns3:TrackPointExtension>
            <ns3:hr>103</ns3:hr>
            <ns3:cad>82</ns3:cad>
          </ns3:TrackPointExtension>
        </extensions>
      </trkpt>
      <trkpt lat="31.2931902520358562469482421875" lon="121.48374888114631175994873046875">
        <ele>4.19999980926513671875</ele>
        <time>2026-09-13T11:58:05.000Z</time>
        <extensions>
          <ns3:TrackPointExtension>
            <ns3:hr>103</ns3:hr>
            <ns3:cad>82</ns3:cad>
          </ns3:TrackPointExtension>
        </extensions>
      </trkpt>
      <trkpt lat="31.29323107190430164337158203125" lon="121.4838007651269435882568359375">
        <ele>4.599999904632568359375</ele>
        <time>2026-09-13T11:58:08.000Z</time>
        <extensions>
          <ns3:TrackPointExtension>
            <ns3:hr>105</ns3:hr>
            <ns3:cad>82</ns3:cad>
          </ns3:TrackPointExtension>
        </extensions>
      </trkpt>
      <trkpt lat="31.2932673655450344085693359375" lon="121.48388274013996124267578125">
        <ele>5.19999980926513671875</ele>
        <time>2026-09-13T11:58:12.000Z</time>
        <extensions>
          <ns3:TrackPointExtension>
            <ns3:hr>108</ns3:hr>
            <ns3:cad>83</ns3:cad>
          </ns3:TrackPointExtension>
        </extensions>
      </trkpt>
      <trkpt lat="31.293289661407470703125" lon="121.4839834906160831451416015625">
        <ele>5.599999904632568359375</ele>
        <time>2026-09-13T11:58:16.000Z</time>
        <extensions>
          <ns3:TrackPointExtension>
            <ns3:hr>111</ns3:hr>
            <ns3:cad>82</ns3:cad>
          </ns3:TrackPointExtension>
        </extensions>
      </trkpt>
      <trkpt lat="31.29337155260145664215087890625" lon="121.48415288887917995452880859375">
        <ele>6.19999980926513671875</ele>
        <time>2026-09-13T11:58:24.000Z</time>
        <extensions>
          <ns3:TrackPointExtension>
            <ns3:hr>113</ns3:hr>
            <ns3:cad>83</ns3:cad>
          </ns3:TrackPointExtension>
        </extensions>
      </trkpt>
      <trkpt lat="31.2935208342969417572021484375" lon="121.48429177701473236083984375">
        <ele>6.599999904632568359375</ele>
        <time>2026-09-13T11:58:32.000Z</time>
        <extensions>
          <ns3:TrackPointExtension>
            <ns3:hr>115</ns3:hr>
            <ns3:cad>83</ns3:cad>
          </ns3:TrackPointExtension>
        </extensions>
      </trkpt>
      <trkpt lat="31.2935489974915981292724609375" lon="121.4843358658254146575927734375">
        <ele>6.80000019073486328125</ele>
        <time>2026-09-13T11:58:34.000Z</time>
        <extensions>
          <ns3:TrackPointExtension>
            <ns3:hr>115</ns3:hr>
            <ns3:cad>83</ns3:cad>
          </ns3:TrackPointExtension>
        </extensions>
      </trkpt>
      <trkpt lat="31.2935805134475231170654296875" lon="121.48438557051122188568115234375">
        <ele>7</ele>
        <time>2026-09-13T11:58:36.000Z</time>
        <extensions>
          <ns3:TrackPointExtension>
            <ns3:hr>116</ns3:hr>
            <ns3:cad>84</ns3:cad>
          </ns3:TrackPointExtension>
        </extensions>
      </trkpt>
      <trkpt lat="31.29359769634902477264404296875" lon="121.48439680226147174835205078125">
        <ele>7</ele>
        <time>2026-09-13T11:58:37.000Z</time>
        <extensions>
          <ns3:TrackPointExtension>
            <ns3:hr>116</ns3:hr>
            <ns3:cad>84</ns3:cad>
          </ns3:TrackPointExtension>
        </extensions>
      </trkpt>
      <trkpt lat="31.29364312626421451568603515625" lon="121.484449692070484161376953125">
        <ele>7.19999980926513671875</ele>
        <time>2026-09-13T11:58:40.000Z</time>
        <extensions>
          <ns3:TrackPointExtension>
            <ns3:hr>116</ns3:hr>
            <ns3:cad>84</ns3:cad>
          </ns3:TrackPointExtension>
        </extensions>
      </trkpt>
      <trkpt lat="31.2937689386308193206787109375" lon="121.48459226824343204498291015625">
        <ele>7.80000019073486328125</ele>
        <time>2026-09-13T11:58:47.000Z</time>
        <extensions>
          <ns3:TrackPointExtension>
            <ns3:hr>117</ns3:hr>
            <ns3:cad>84</ns3:cad>
          </ns3:TrackPointExtension>
        </extensions>
      </trkpt>
      <trkpt lat="31.29383808933198451995849609375" lon="121.48468480445444583892822265625">
        <ele>8</ele>
        <time>2026-09-13T11:58:52.000Z</time>
        <extensions>
          <ns3:TrackPointExtension>
            <ns3:hr>118</ns3:hr>
            <ns3:cad>82</ns3:cad>
          </ns3:TrackPointExtension>
        </extensions>
      </trkpt>
      <trkpt lat="31.293861977756023406982421875" lon="121.4846912585198879241943359375">
        <ele>8</ele>
        <time>2026-09-13T11:58:53.000Z</time>
        <extensions>
          <ns3:TrackPointExtension>
            <ns3:hr>118</ns3:hr>
            <ns3:cad>82</ns3:cad>
          </ns3:TrackPointExtension>
        </extensions>
      </trkpt>
      <trkpt lat="31.29393137991428375244140625" lon="121.484692431986331939697265625">
        <ele>8</ele>
        <time>2026-09-13T11:58:56.000Z</time>
        <extensions>
          <ns3:TrackPointExtension>
            <ns3:hr>119</ns3:hr>
            <ns3:cad>82</ns3:cad>
          </ns3:TrackPointExtension>
        </extensions>
      </trkpt>
      <trkpt lat="31.29395954310894012451171875" lon="121.48470659740269184112548828125">
        <ele>8</ele>
        <time>2026-09-13T11:58:58.000Z</time>
        <extensions>
          <ns3:TrackPointExtension>
            <ns3:hr>119</ns3:hr>
            <ns3:cad>81</ns3:cad>
          </ns3:TrackPointExtension>
        </extensions>
      </trkpt>
      <trkpt lat="31.29406942985951900482177734375" lon="121.48483282886445522308349609375">
        <ele>8</ele>
        <time>2026-09-13T11:59:06.000Z</time>
        <extensions>
          <ns3:TrackPointExtension>
            <ns3:hr>118</ns3:hr>
            <ns3:cad>82</ns3:cad>
          </ns3:TrackPointExtension>
        </extensions>
      </trkpt>
      <trkpt lat="31.29408602602779865264892578125" lon="121.4848850481212139129638671875">
        <ele>8</ele>
        <time>2026-09-13T11:59:08.000Z</time>
        <extensions>
          <ns3:TrackPointExtension>
            <ns3:hr>118</ns3:hr>
            <ns3:cad>82</ns3:cad>
          </ns3:TrackPointExtension>
        </extensions>
      </trkpt>
      <trkpt lat="31.2940978445112705230712890625" lon="121.485028378665447235107421875">
        <ele>8</ele>
        <time>2026-09-13T11:59:12.000Z</time>
        <extensions>
          <ns3:TrackPointExtension>
            <ns3:hr>118</ns3:hr>
            <ns3:cad>82</ns3:cad>
          </ns3:TrackPointExtension>
        </extensions>
      </trkpt>
      <trkpt lat="31.294117458164691925048828125" lon="121.48515335284173488616943359375">
        <ele>7.599999904632568359375</ele>
        <time>2026-09-13T11:59:17.000Z</time>
        <extensions>
          <ns3:TrackPointExtension>
            <ns3:hr>118</ns3:hr>
            <ns3:cad>83</ns3:cad>
          </ns3:TrackPointExtension>
        </extensions>
      </trkpt>
      <trkpt lat="31.2941109202802181243896484375" lon="121.485174559056758880615234375">
        <ele>7.599999904632568359375</ele>
        <time>2026-09-13T11:59:18.000Z</time>
        <extensions>
          <ns3:TrackPointExtension>
            <ns3:hr>118</ns3:hr>
            <ns3:cad>83</ns3:cad>
          </ns3:TrackPointExtension>
        </extensions>
      </trkpt>
      <trkpt lat="31.29400891251862049102783203125" lon="121.4853520877659320831298828125">
        <ele>9.19999980926513671875</ele>
        <time>2026-09-13T11:59:26.000Z</time>
        <extensions>
          <ns3:TrackPointExtension>
            <ns3:hr>116</ns3:hr>
            <ns3:cad>83</ns3:cad>
          </ns3:TrackPointExtension>
        </extensions>
      </trkpt>
      <trkpt lat="31.2939603812992572784423828125" lon="121.4853839389979839324951171875">
        <ele>10</ele>
        <time>2026-09-13T11:59:29.000Z</time>
        <extensions>
          <ns3:TrackPointExtension>
            <ns3:hr>116</ns3:hr>
            <ns3:cad>82</ns3:cad>
          </ns3:TrackPointExtension>
        </extensions>
      </trkpt>
      <trkpt lat="31.29391796886920928955078125" lon="121.4854110963642597198486328125">
        <ele>10.3999996185302734375</ele>
        <time>2026-09-13T11:59:31.000Z</time>
        <extensions>
          <ns3:TrackPointExtension>
            <ns3:hr>117</ns3:hr>
            <ns3:cad>82</ns3:cad>
          </ns3:TrackPointExtension>
        </extensions>
      </trkpt>
      <trkpt lat="31.293853931128978729248046875" lon="121.4856152795255184173583984375">
        <ele>13.6000003814697265625</ele>
        <time>2026-09-13T11:59:38.000Z</time>
        <extensions>
          <ns3:TrackPointExtension>
            <ns3:hr>118</ns3:hr>
            <ns3:cad>82</ns3:cad>
          </ns3:TrackPointExtension>
        </extensions>
      </trkpt>
      <trkpt lat="31.293774805963039398193359375" lon="121.4857349731028079986572265625">
        <ele>16.200000762939453125</ele>
        <time>2026-09-13T11:59:43.000Z</time>
        <extensions>
          <ns3:TrackPointExtension>
            <ns3:hr>115</ns3:hr>
            <ns3:cad>82</ns3:cad>
          </ns3:TrackPointExtension>
        </extensions>
      </trkpt>
      <trkpt lat="31.2936841137707233428955078125" lon="121.485794819891452789306640625">
        <ele>17.3999996185302734375</ele>
        <time>2026-09-13T11:59:47.000Z</time>
        <extensions>
          <ns3:TrackPointExtension>
            <ns3:hr>115</ns3:hr>
            <ns3:cad>83</ns3:cad>
          </ns3:TrackPointExtension>
        </extensions>
      </trkpt>
      <trkpt lat="31.293526701629161834716796875" lon="121.48591141216456890106201171875">
        <ele>19.3999996185302734375</ele>
        <time>2026-09-13T11:59:54.000Z</time>
        <extensions>
          <ns3:TrackPointExtension>
            <ns3:hr>115</ns3:hr>
            <ns3:cad>82</ns3:cad>
          </ns3:TrackPointExtension>
        </extensions>
      </trkpt>
      <trkpt lat="31.29338764585554599761962890625" lon="121.48597377352416515350341796875">
        <ele>21</ele>
        <time>2026-09-13T12:00:01.000Z</time>
        <extensions>
          <ns3:TrackPointExtension>
            <ns3:hr>114</ns3:hr>
            <ns3:cad>83</ns3:cad>
          </ns3:TrackPointExtension>
        </extensions>
      </trkpt>
      <trkpt lat="31.2932164035737514495849609375" lon="121.4860186167061328887939453125">
        <ele>23.200000762939453125</ele>
        <time>2026-09-13T12:00:09.000Z</time>
        <extensions>
          <ns3:TrackPointExtension>
            <ns3:hr>116</ns3:hr>
            <ns3:cad>83</ns3:cad>
          </ns3:TrackPointExtension>
        </extensions>
      </trkpt>
      <trkpt lat="31.29320341162383556365966796875" lon="121.48604066111147403717041015625">
        <ele>23.6000003814697265625</ele>
        <time>2026-09-13T12:00:10.000Z</time>
        <extensions>
          <ns3:TrackPointExtension>
            <ns3:hr>116</ns3:hr>
            <ns3:cad>83</ns3:cad>
          </ns3:TrackPointExtension>
        </extensions>
      </trkpt>
      <trkpt lat="31.293182373046875" lon="121.4861021004617214202880859375">
        <ele>24.6000003814697265625</ele>
        <time>2026-09-13T12:00:13.000Z</time>
        <extensions>
          <ns3:TrackPointExtension>
            <ns3:hr>117</ns3:hr>
            <ns3:cad>83</ns3:cad>
          </ns3:TrackPointExtension>
        </extensions>
      </trkpt>
      <trkpt lat="31.2930397130548954010009765625" lon="121.486167646944522857666015625">
        <ele>25.3999996185302734375</ele>
        <time>2026-09-13T12:00:21.000Z</time>
        <extensions>
          <ns3:TrackPointExtension>
            <ns3:hr>117</ns3:hr>
            <ns3:cad>83</ns3:cad>
          </ns3:TrackPointExtension>
        </extensions>
      </trkpt>
      <trkpt lat="31.29289604723453521728515625" lon="121.48624417372047901153564453125">
        <ele>23.6000003814697265625</ele>
        <time>2026-09-13T12:00:27.000Z</time>
        <extensions>
          <ns3:TrackPointExtension>
            <ns3:hr>117</ns3:hr>
            <ns3:cad>82</ns3:cad>
          </ns3:TrackPointExtension>
        </extensions>
      </trkpt>
      <trkpt lat="31.2927446700632572174072265625" lon="121.4862767793238162994384765625">
        <ele>20.6000003814697265625</ele>
        <time>2026-09-13T12:00:35.000Z</time>
        <extensions>
          <ns3:TrackPointExtension>
            <ns3:hr>117</ns3:hr>
            <ns3:cad>82</ns3:cad>
          </ns3:TrackPointExtension>
        </extensions>
      </trkpt>
      <trkpt lat="31.29264500923454761505126953125" lon="121.48629882372915744781494140625">
        <ele>19</ele>
        <time>2026-09-13T12:00:42.000Z</time>
        <extensions>
          <ns3:TrackPointExtension>
            <ns3:hr>117</ns3:hr>
            <ns3:cad>80</ns3:cad>
          </ns3:TrackPointExtension>
        </extensions>
      </trkpt>
      <trkpt lat="31.292636208236217498779296875" lon="121.4862891845405101776123046875">
        <ele>19.200000762939453125</ele>
        <time>2026-09-13T12:00:43.000Z</time>
        <extensions>
          <ns3:TrackPointExtension>
            <ns3:hr>117</ns3:hr>
            <ns3:cad>80</ns3:cad>
          </ns3:TrackPointExtension>
        </extensions>
      </trkpt>
      <trkpt lat="31.29258566536009311676025390625" lon="121.48627133108675479888916015625">
        <ele>19.3999996185302734375</ele>
        <time>2026-09-13T12:00:47.000Z</time>
        <extensions>
          <ns3:TrackPointExtension>
            <ns3:hr>117</ns3:hr>
            <ns3:cad>79</ns3:cad>
          </ns3:TrackPointExtension>
        </extensions>
      </trkpt>
      <trkpt lat="31.29257661290466785430908203125" lon="121.486259512603282928466796875">
        <ele>19.6000003814697265625</ele>
        <time>2026-09-13T12:00:48.000Z</time>
        <extensions>
          <ns3:TrackPointExtension>
            <ns3:hr>117</ns3:hr>
            <ns3:cad>79</ns3:cad>
          </ns3:TrackPointExtension>
        </extensions>
      </trkpt>
      <trkpt lat="31.29253327846527099609375" lon="121.48625574074685573577880859375">
        <ele>19.3999996185302734375</ele>
        <time>2026-09-13T12:00:52.000Z</time>
        <extensions>
          <ns3:TrackPointExtension>
            <ns3:hr>116</ns3:hr>
            <ns3:cad>0</ns3:cad>
          </ns3:TrackPointExtension>
        </extensions>
      </trkpt>
      <trkpt lat="31.2925052829086780548095703125" lon="121.4862797968089580535888671875">
        <ele>18.799999237060546875</ele>
        <time>2026-09-13T12:00:53.000Z</time>
        <extensions>
          <ns3:TrackPointExtension>
            <ns3:hr>116</ns3:hr>
            <ns3:cad>0</ns3:cad>
          </ns3:TrackPointExtension>
        </extensions>
      </trkpt>
      <trkpt lat="31.2923817336559295654296875" lon="121.4862948842346668243408203125">
        <ele>18</ele>
        <time>2026-09-13T12:01:00.000Z</time>
        <extensions>
          <ns3:TrackPointExtension>
            <ns3:hr>115</ns3:hr>
            <ns3:cad>82</ns3:cad>
          </ns3:TrackPointExtension>
        </extensions>
      </trkpt>
      <trkpt lat="31.292215771973133087158203125" lon="121.486288011074066162109375">
        <ele>17.6000003814697265625</ele>
        <time>2026-09-13T12:01:07.000Z</time>
        <extensions>
          <ns3:TrackPointExtension>
            <ns3:hr>112</ns3:hr>
            <ns3:cad>82</ns3:cad>
          </ns3:TrackPointExtension>
        </extensions>
      </trkpt>
      <trkpt lat="31.29219121299684047698974609375" lon="121.4862891845405101776123046875">
        <ele>17.6000003814697265625</ele>
        <time>2026-09-13T12:01:08.000Z</time>
        <extensions>
          <ns3:TrackPointExtension>
            <ns3:hr>111</ns3:hr>
            <ns3:cad>82</ns3:cad>
          </ns3:TrackPointExtension>
        </extensions>
      </trkpt>
      <trkpt lat="31.291983090341091156005859375" lon="121.48630888201296329498291015625">
        <ele>16.3999996185302734375</ele>
        <time>2026-09-13T12:01:16.000Z</time>
        <extensions>
          <ns3:TrackPointExtension>
            <ns3:hr>111</ns3:hr>
            <ns3:cad>84</ns3:cad>
          </ns3:TrackPointExtension>
        </extensions>
      </trkpt>
      <trkpt lat="31.291804052889347076416015625" lon="121.48637325502932071685791015625">
        <ele>15.19999980926513671875</ele>
        <time>2026-09-13T12:01:23.000Z</time>
        <extensions>
          <ns3:TrackPointExtension>
            <ns3:hr>111</ns3:hr>
            <ns3:cad>82</ns3:cad>
          </ns3:TrackPointExtension>
        </extensions>
      </trkpt>
      <trkpt lat="31.29178603179752826690673828125" lon="121.48637727834284305572509765625">
        <ele>15</ele>
        <time>2026-09-13T12:01:25.000Z</time>
        <extensions>
          <ns3:TrackPointExtension>
            <ns3:hr>112</ns3:hr>
            <ns3:cad>82</ns3:cad>
          </ns3:TrackPointExtension>
        </extensions>
      </trkpt>
      <trkpt lat="31.29168058745563030242919921875" lon="121.48638968355953693389892578125">
        <ele>14</ele>
        <time>2026-09-13T12:01:32.000Z</time>
        <extensions>
          <ns3:TrackPointExtension>
            <ns3:hr>111</ns3:hr>
            <ns3:cad>82</ns3:cad>
          </ns3:TrackPointExtension>
        </extensions>
      </trkpt>
      <trkpt lat="31.29154060967266559600830078125" lon="121.48635380901396274566650390625">
        <ele>13.80000019073486328125</ele>
        <time>2026-09-13T12:01:42.000Z</time>
        <extensions>
          <ns3:TrackPointExtension>
            <ns3:hr>111</ns3:hr>
            <ns3:cad>83</ns3:cad>
          </ns3:TrackPointExtension>
        </extensions>
      </trkpt>
      <trkpt lat="31.29135872237384319305419921875" lon="121.48635976016521453857421875">
        <ele>12.3999996185302734375</ele>
        <time>2026-09-13T12:01:48.000Z</time>
        <extensions>
          <ns3:TrackPointExtension>
            <ns3:hr>113</ns3:hr>
            <ns3:cad>83</ns3:cad>
          </ns3:TrackPointExtension>
        </extensions>
      </trkpt>
      <trkpt lat="31.29125587642192840576171875" lon="121.4863723330199718475341796875">
        <ele>11.19999980926513671875</ele>
        <time>2026-09-13T12:01:52.000Z</time>
        <extensions>
          <ns3:TrackPointExtension>
            <ns3:hr>115</ns3:hr>
            <ns3:cad>82</ns3:cad>
          </ns3:TrackPointExtension>
        </extensions>
      </trkpt>
      <trkpt lat="31.291116736829280853271484375" lon="121.4863867498934268951416015625">
        <ele>8</ele>
        <time>2026-09-13T12:01:59.000Z</time>
        <extensions>
          <ns3:TrackPointExtension>
            <ns3:hr>116</ns3:hr>
            <ns3:cad>82</ns3:cad>
          </ns3:TrackPointExtension>
        </extensions>
      </trkpt>
      <trkpt lat="31.2910022400319576263427734375" lon="121.48640091530978679656982421875">
        <ele>6.599999904632568359375</ele>
        <time>2026-09-13T12:02:07.000Z</time>
        <extensions>
          <ns3:TrackPointExtension>
            <ns3:hr>117</ns3:hr>
            <ns3:cad>82</ns3:cad>
          </ns3:TrackPointExtension>
        </extensions>
      </trkpt>
      <trkpt lat="31.29088246263563632965087890625" lon="121.4864393882453441619873046875">
        <ele>6.400000095367431640625</ele>
        <time>2026-09-13T12:02:12.000Z</time>
        <extensions>
          <ns3:TrackPointExtension>
            <ns3:hr>120</ns3:hr>
            <ns3:cad>83</ns3:cad>
          </ns3:TrackPointExtension>
        </extensions>
      </trkpt>
      <trkpt lat="31.2908215261995792388916015625" lon="121.4864092133939266204833984375">
        <ele>6</ele>
        <time>2026-09-13T12:02:15.000Z</time>
        <extensions>
          <ns3:TrackPointExtension>
            <ns3:hr>119</ns3:hr>
            <ns3:cad>84</ns3:cad>
          </ns3:TrackPointExtension>
        </extensions>
      </trkpt>
      <trkpt lat="31.2906371243298053741455078125" lon="121.48636512458324432373046875">
        <ele>5.400000095367431640625</ele>
        <time>2026-09-13T12:02:23.000Z</time>
        <extensions>
          <ns3:TrackPointExtension>
            <ns3:hr>117</ns3:hr>
            <ns3:cad>84</ns3:cad>
          </ns3:TrackPointExtension>
        </extensions>
      </trkpt>
      <trkpt lat="31.29058842547237873077392578125" lon="121.4863733388483524322509765625">
        <ele>5.599999904632568359375</ele>
        <time>2026-09-13T12:02:25.000Z</time>
        <extensions>
          <ns3:TrackPointExtension>
            <ns3:hr>117</ns3:hr>
            <ns3:cad>85</ns3:cad>
          </ns3:TrackPointExtension>
        </extensions>
      </trkpt>
      <trkpt lat="31.29043688066303730010986328125" lon="121.486438550055027008056640625">
        <ele>6.400000095367431640625</ele>
        <time>2026-09-13T12:02:31.000Z</time>
        <extensions>
          <ns3:TrackPointExtension>
            <ns3:hr>119</ns3:hr>
            <ns3:cad>85</ns3:cad>
          </ns3:TrackPointExtension>
        </extensions>
      </trkpt>
      <trkpt lat="31.290279887616634368896484375" lon="121.48646143265068531036376953125">
        <ele>8.3999996185302734375</ele>
        <time>2026-09-13T12:02:37.000Z</time>
        <extensions>
          <ns3:TrackPointExtension>
            <ns3:hr>120</ns3:hr>
            <ns3:cad>83</ns3:cad>
          </ns3:TrackPointExtension>
        </extensions>
      </trkpt>
      <trkpt lat="31.2901378981769084930419921875" lon="121.48649496026337146759033203125">
        <ele>8.6000003814697265625</ele>
        <time>2026-09-13T12:02:43.000Z</time>
        <extensions>
          <ns3:TrackPointExtension>
            <ns3:hr>121</ns3:hr>
            <ns3:cad>82</ns3:cad>
          </ns3:TrackPointExtension>
        </extensions>
      </trkpt>
      <trkpt lat="31.28994871862232685089111328125" lon="121.4864179305732250213623046875">
        <ele>7.80000019073486328125</ele>
        <time>2026-09-13T12:02:52.000Z</time>
        <extensions>
          <ns3:TrackPointExtension>
            <ns3:hr>122</ns3:hr>
            <ns3:cad>83</ns3:cad>
          </ns3:TrackPointExtension>
        </extensions>
      </trkpt>
      <trkpt lat="31.289935894310474395751953125" lon="121.48641248233616352081298828125">
        <ele>7.80000019073486328125</ele>
        <time>2026-09-13T12:02:53.000Z</time>
        <extensions>
          <ns3:TrackPointExtension>
            <ns3:hr>122</ns3:hr>
            <ns3:cad>83</ns3:cad>
          </ns3:TrackPointExtension>
        </extensions>
      </trkpt>
      <trkpt lat="31.28978996537625789642333984375" lon="121.486409045755863189697265625">
        <ele>6.400000095367431640625</ele>
        <time>2026-09-13T12:03:00.000Z</time>
        <extensions>
          <ns3:TrackPointExtension>
            <ns3:hr>122</ns3:hr>
            <ns3:cad>82</ns3:cad>
          </ns3:TrackPointExtension>
        </extensions>
      </trkpt>
      <trkpt lat="31.28975140862166881561279296875" lon="121.4864127337932586669921875">
        <ele>5.80000019073486328125</ele>
        <time>2026-09-13T12:03:02.000Z</time>
        <extensions>
          <ns3:TrackPointExtension>
            <ns3:hr>121</ns3:hr>
            <ns3:cad>82</ns3:cad>
          </ns3:TrackPointExtension>
        </extensions>
      </trkpt>
      <trkpt lat="31.28969726152718067169189453125" lon="121.4864004962146282196044921875">
        <ele>5.400000095367431640625</ele>
        <time>2026-09-13T12:03:05.000Z</time>
        <extensions>
          <ns3:TrackPointExtension>
            <ns3:hr>121</ns3:hr>
            <ns3:cad>82</ns3:cad>
          </ns3:TrackPointExtension>
        </extensions>
      </trkpt>
      <trkpt lat="31.289569102227687835693359375" lon="121.48639119230210781097412109375">
        <ele>5.400000095367431640625</ele>
        <time>2026-09-13T12:03:12.000Z</time>
        <extensions>
          <ns3:TrackPointExtension>
            <ns3:hr>121</ns3:hr>
            <ns3:cad>82</ns3:cad>
          </ns3:TrackPointExtension>
        </extensions>
      </trkpt>
      <trkpt lat="31.28941177390515804290771484375" lon="121.48639353923499584197998046875">
        <ele>6.599999904632568359375</ele>
        <time>2026-09-13T12:03:21.000Z</time>
        <extensions>
          <ns3:TrackPointExtension>
            <ns3:hr>120</ns3:hr>
            <ns3:cad>82</ns3:cad>
          </ns3:TrackPointExtension>
        </extensions>
      </trkpt>
      <trkpt lat="31.289228461682796478271484375" lon="121.4864769391715526580810546875">
        <ele>11</ele>
        <time>2026-09-13T12:03:30.000Z</time>
        <extensions>
          <ns3:TrackPointExtension>
            <ns3:hr>120</ns3:hr>
            <ns3:cad>81</ns3:cad>
          </ns3:TrackPointExtension>
        </extensions>
      </trkpt>
      <trkpt lat="31.2891645915806293487548828125" lon="121.48647920228540897369384765625">
        <ele>13.80000019073486328125</ele>
        <time>2026-09-13T12:03:33.000Z</time>
        <extensions>
          <ns3:TrackPointExtension>
            <ns3:hr>118</ns3:hr>
            <ns3:cad>82</ns3:cad>
          </ns3:TrackPointExtension>
        </extensions>
      </trkpt>
      <trkpt lat="31.289043724536895751953125" lon="121.48647098802030086517333984375">
        <ele>20.3999996185302734375</ele>
        <time>2026-09-13T12:03:40.000Z</time>
        <extensions>
          <ns3:TrackPointExtension>
            <ns3:hr>115</ns3:hr>
            <ns3:cad>81</ns3:cad>
          </ns3:TrackPointExtension>
        </extensions>
      </trkpt>
      <trkpt lat="31.28902922384440898895263671875" lon="121.4864685572683811187744140625">
        <ele>21</ele>
        <time>2026-09-13T12:03:42.000Z</time>
        <extensions>
          <ns3:TrackPointExtension>
            <ns3:hr>115</ns3:hr>
            <ns3:cad>81</ns3:cad>
          </ns3:TrackPointExtension>
        </extensions>
      </trkpt>
      <trkpt lat="31.2888661958277225494384765625" lon="121.48650082759559154510498046875">
        <ele>30.6000003814697265625</ele>
        <time>2026-09-13T12:03:50.000Z</time>
        <extensions>
          <ns3:TrackPointExtension>
            <ns3:hr>116</ns3:hr>
            <ns3:cad>81</ns3:cad>
          </ns3:TrackPointExtension>
        </extensions>
      </trkpt>
      <trkpt lat="31.288665197789669036865234375" lon="121.48651189170777797698974609375">
        <ele>34.40000152587890625</ele>
        <time>2026-09-13T12:04:00.000Z</time>
        <extensions>
          <ns3:TrackPointExtension>
            <ns3:hr>116</ns3:hr>
            <ns3:cad>82</ns3:cad>
          </ns3:TrackPointExtension>
        </extensions>
      </trkpt>
      <trkpt lat="31.28864206373691558837890625" lon="121.48651759140193462371826171875">
        <ele>34.200000762939453125</ele>
        <time>2026-09-13T12:04:01.000Z</time>
        <extensions>
          <ns3:TrackPointExtension>
            <ns3:hr>116</ns3:hr>
            <ns3:cad>82</ns3:cad>
          </ns3:TrackPointExtension>
        </extensions>
      </trkpt>
      <trkpt lat="31.28852094523608684539794921875" lon="121.48654692806303501129150390625">
        <ele>33</ele>
        <time>2026-09-13T12:04:08.000Z</time>
        <extensions>
          <ns3:TrackPointExtension>
            <ns3:hr>116</ns3:hr>
            <ns3:cad>0</ns3:cad>
          </ns3:TrackPointExtension>
        </extensions>
      </trkpt>
      <trkpt lat="31.28837526775896549224853515625" lon="121.486576683819293975830078125">
        <ele>26.6000003814697265625</ele>
        <time>2026-09-13T12:04:15.000Z</time>
        <extensions>
          <ns3:TrackPointExtension>
            <ns3:hr>114</ns3:hr>
            <ns3:cad>82</ns3:cad>
          </ns3:TrackPointExtension>
        </extensions>
      </trkpt>
      <trkpt lat="31.28828541375696659088134765625" lon="121.48655287921428680419921875">
        <ele>22.200000762939453125</ele>
        <time>2026-09-13T12:04:20.000Z</time>
        <extensions>
          <ns3:TrackPointExtension>
            <ns3:hr>115</ns3:hr>
            <ns3:cad>83</ns3:cad>
          </ns3:TrackPointExtension>
        </extensions>
      </trkpt>
      <trkpt lat="31.2882801331579685211181640625" lon="121.48656427860260009765625">
        <ele>22</ele>
        <time>2026-09-13T12:04:21.000Z</time>
        <extensions>
          <ns3:TrackPointExtension>
            <ns3:hr>115</ns3:hr>
            <ns3:cad>83</ns3:cad>
          </ns3:TrackPointExtension>
        </extensions>
      </trkpt>
      <trkpt lat="31.288200505077838897705078125" lon="121.486585400998592376708984375">
        <ele>19.3999996185302734375</ele>
        <time>2026-09-13T12:04:28.000Z</time>
        <extensions>
          <ns3:TrackPointExtension>
            <ns3:hr>112</ns3:hr>
            <ns3:cad>0</ns3:cad>
          </ns3:TrackPointExtension>
        </extensions>
      </trkpt>
      <trkpt lat="31.2881483696401119232177734375" lon="121.48655581288039684295654296875">
        <ele>17.3999996185302734375</ele>
        <time>2026-09-13T12:04:31.000Z</time>
        <extensions>
          <ns3:TrackPointExtension>
            <ns3:hr>111</ns3:hr>
            <ns3:cad>54</ns3:cad>
          </ns3:TrackPointExtension>
        </extensions>
      </trkpt>
      <trkpt lat="31.2880491279065608978271484375" lon="121.48648825474083423614501953125">
        <ele>13.6000003814697265625</ele>
        <time>2026-09-13T12:04:38.000Z</time>
        <extensions>
          <ns3:TrackPointExtension>
            <ns3:hr>113</ns3:hr>
            <ns3:cad>54</ns3:cad>
          </ns3:TrackPointExtension>
        </extensions>
      </trkpt>
      <trkpt lat="31.287997663021087646484375" lon="121.48646193556487560272216796875">
        <ele>11.80000019073486328125</ele>
        <time>2026-09-13T12:04:41.000Z</time>
        <extensions>
          <ns3:TrackPointExtension>
            <ns3:hr>110</ns3:hr>
            <ns3:cad>53</ns3:cad>
          </ns3:TrackPointExtension>
        </extensions>
      </trkpt>
      <trkpt lat="31.28797058947384357452392578125" lon="121.48645372129976749420166015625">
        <ele>10.80000019073486328125</ele>
        <time>2026-09-13T12:04:44.000Z</time>
        <extensions>
          <ns3:TrackPointExtension>
            <ns3:hr>107</ns3:hr>
            <ns3:cad>52</ns3:cad>
          </ns3:TrackPointExtension>
        </extensions>
      </trkpt>
      <trkpt lat="31.2878761254251003265380859375" lon="121.48641415871679782867431640625">
        <ele>10</ele>
        <time>2026-09-13T12:04:51.000Z</time>
        <extensions>
          <ns3:TrackPointExtension>
            <ns3:hr>106</ns3:hr>
            <ns3:cad>55</ns3:cad>
          </ns3:TrackPointExtension>
        </extensions>
      </trkpt>
      <trkpt lat="31.287840418517589569091796875" lon="121.48626185953617095947265625">
        <ele>9.6000003814697265625</ele>
        <time>2026-09-13T12:04:58.000Z</time>
        <extensions>
          <ns3:TrackPointExtension>
            <ns3:hr>104</ns3:hr>
            <ns3:cad>55</ns3:cad>
          </ns3:TrackPointExtension>
        </extensions>
      </trkpt>
      <trkpt lat="31.287868581712245941162109375" lon="121.48623210377991199493408203125">
        <ele>9.6000003814697265625</ele>
        <time>2026-09-13T12:05:00.000Z</time>
        <extensions>
          <ns3:TrackPointExtension>
            <ns3:hr>107</ns3:hr>
            <ns3:cad>55</ns3:cad>
          </ns3:TrackPointExtension>
        </extensions>
      </trkpt>
      <trkpt lat="31.2878590263426303863525390625" lon="121.48618013598024845123291015625">
        <ele>9.6000003814697265625</ele>
        <time>2026-09-13T12:05:04.000Z</time>
        <extensions>
          <ns3:TrackPointExtension>
            <ns3:hr>103</ns3:hr>
            <ns3:cad>55</ns3:cad>
          </ns3:TrackPointExtension>
        </extensions>
      </trkpt>
      <trkpt lat="31.28785709850490093231201171875" lon="121.486120708286762237548828125">
        <ele>9.6000003814697265625</ele>
        <time>2026-09-13T12:05:09.000Z</time>
        <extensions>
          <ns3:TrackPointExtension>
            <ns3:hr>97</ns3:hr>
            <ns3:cad>0</ns3:cad>
          </ns3:TrackPointExtension>
        </extensions>
      </trkpt>
      <trkpt lat="31.28785709850490093231201171875" lon="121.48611375130712985992431640625">
        <ele>9.6000003814697265625</ele>
        <time>2026-09-13T12:05:10.000Z</time>
        <extensions>
          <ns3:TrackPointExtension>
            <ns3:hr>94</ns3:hr>
            <ns3:cad>0</ns3:cad>
          </ns3:TrackPointExtension>
        </extensions>
      </trkpt>
      <trkpt lat="31.28787084482610225677490234375" lon="121.486100256443023681640625">
        <ele>9.6000003814697265625</ele>
        <time>2026-09-13T12:05:15.000Z</time>
        <extensions>
          <ns3:TrackPointExtension>
            <ns3:hr>93</ns3:hr>
            <ns3:cad>0</ns3:cad>
          </ns3:TrackPointExtension>
        </extensions>
      </trkpt>
      <trkpt lat="31.28786665387451648712158203125" lon="121.48610134609043598175048828125">
        <ele>9.6000003814697265625</ele>
        <time>2026-09-13T12:05:23.000Z</time>
        <extensions>
          <ns3:TrackPointExtension>
            <ns3:hr>92</ns3:hr>
            <ns3:cad>0</ns3:cad>
          </ns3:TrackPointExtension>
        </extensions>
      </trkpt>
      <trkpt lat="31.28786665387451648712158203125" lon="121.48610134609043598175048828125">
        <ele>9.6000003814697265625</ele>
        <time>2026-09-13T12:05:32.000Z</time>
        <extensions>
          <ns3:TrackPointExtension>
            <ns3:hr>95</ns3:hr>
            <ns3:cad>0</ns3:cad>
          </ns3:TrackPointExtension>
        </extensions>
      </trkpt>
      <trkpt lat="31.28786665387451648712158203125" lon="121.48610134609043598175048828125">
        <ele>9.6000003814697265625</ele>
        <time>2026-09-13T12:05:36.000Z</time>
        <extensions>
          <ns3:TrackPointExtension>
            <ns3:hr>98</ns3:hr>
            <ns3:cad>0</ns3:cad>
          </ns3:TrackPointExtension>
        </extensions>
      </trkpt>
      <trkpt lat="31.2878660671412944793701171875" lon="121.4861010946333408355712890625">
        <ele>9.6000003814697265625</ele>
        <time>2026-09-13T12:05:49.000Z</time>
        <extensions>
          <ns3:TrackPointExtension>
            <ns3:hr>101</ns3:hr>
            <ns3:cad>0</ns3:cad>
          </ns3:TrackPointExtension>
        </extensions>
      </trkpt>
      <trkpt lat="31.2878660671412944793701171875" lon="121.48610000498592853546142578125">
        <ele>9.6000003814697265625</ele>
        <time>2026-09-13T12:05:58.000Z</time>
        <extensions>
          <ns3:TrackPointExtension>
            <ns3:hr>98</ns3:hr>
            <ns3:cad>0</ns3:cad>
          </ns3:TrackPointExtension>
        </extensions>
      </trkpt>
      <trkpt lat="31.2878664024174213409423828125" lon="121.48609983734786510467529296875">
        <ele>9.6000003814697265625</ele>
        <time>2026-09-13T12:06:02.000Z</time>
        <extensions>
          <ns3:TrackPointExtension>
            <ns3:hr>94</ns3:hr>
            <ns3:cad>0</ns3:cad>
          </ns3:TrackPointExtension>
        </extensions>
      </trkpt>
      <trkpt lat="31.2878664024174213409423828125" lon="121.48609933443367481231689453125">
        <ele>9.6000003814697265625</ele>
        <time>2026-09-13T12:06:06.000Z</time>
        <extensions>
          <ns3:TrackPointExtension>
            <ns3:hr>91</ns3:hr>
            <ns3:cad>0</ns3:cad>
          </ns3:TrackPointExtension>
        </extensions>
      </trkpt>
      <trkpt lat="31.28782323561608791351318359375" lon="121.486094556748867034912109375">
        <ele>9.6000003814697265625</ele>
        <time>2026-09-13T12:06:19.000Z</time>
        <extensions>
          <ns3:TrackPointExtension>
            <ns3:hr>90</ns3:hr>
            <ns3:cad>0</ns3:cad>
          </ns3:TrackPointExtension>
        </extensions>
      </trkpt>
      <trkpt lat="31.2876967526972293853759765625" lon="121.4860796369612216949462890625">
        <ele>9</ele>
        <time>2026-09-13T12:06:25.000Z</time>
        <extensions>
          <ns3:TrackPointExtension>
            <ns3:hr>88</ns3:hr>
            <ns3:cad>52</ns3:cad>
          </ns3:TrackPointExtension>
        </extensions>
      </trkpt>
      <trkpt lat="31.28767236135900020599365234375" lon="121.48607787676155567169189453125">
        <ele>9</ele>
        <time>2026-09-13T12:06:26.000Z</time>
        <extensions>
          <ns3:TrackPointExtension>
            <ns3:hr>88</ns3:hr>
            <ns3:cad>52</ns3:cad>
          </ns3:TrackPointExtension>
        </extensions>
      </trkpt>
      <trkpt lat="31.287634558975696563720703125" lon="121.486074440181255340576171875">
        <ele>9.3999996185302734375</ele>
        <time>2026-09-13T12:06:30.000Z</time>
        <extensions>
          <ns3:TrackPointExtension>
            <ns3:hr>87</ns3:hr>
            <ns3:cad>56</ns3:cad>
          </ns3:TrackPointExtension>
        </extensions>
      </trkpt>
      <trkpt lat="31.287596337497234344482421875" lon="121.4860752783715724945068359375">
        <ele>9.6000003814697265625</ele>
        <time>2026-09-13T12:06:36.000Z</time>
        <extensions>
          <ns3:TrackPointExtension>
            <ns3:hr>85</ns3:hr>
            <ns3:cad>55</ns3:cad>
          </ns3:TrackPointExtension>
        </extensions>
      </trkpt>
      <trkpt lat="31.28759843297302722930908203125" lon="121.4860699139535427093505859375">
        <ele>9.6000003814697265625</ele>
        <time>2026-09-13T12:06:40.000Z</time>
        <extensions>
          <ns3:TrackPointExtension>
            <ns3:hr>82</ns3:hr>
            <ns3:cad>55</ns3:cad>
          </ns3:TrackPointExtension>
        </extensions>
      </trkpt>
      <trkpt lat="31.28760161809623241424560546875" lon="121.4860749430954456329345703125">
        <ele>9.6000003814697265625</ele>
        <time>2026-09-13T12:06:42.000Z</time>
        <extensions>
          <ns3:TrackPointExtension>
            <ns3:hr>83</ns3:hr>
            <ns3:cad>55</ns3:cad>
          </ns3:TrackPointExtension>
        </extensions>
      </trkpt>
      <trkpt lat="31.28751997835934162139892578125" lon="121.4861101470887660980224609375">
        <ele>10.19999980926513671875</ele>
        <time>2026-09-13T12:06:48.000Z</time>
        <extensions>
          <ns3:TrackPointExtension>
            <ns3:hr>81</ns3:hr>
            <ns3:cad>55</ns3:cad>
          </ns3:TrackPointExtension>
        </extensions>
      </trkpt>
      <trkpt lat="31.287327446043491363525390625" lon="121.486175358295440673828125">
        <ele>11</ele>
        <time>2026-09-13T12:06:54.000Z</time>
        <extensions>
          <ns3:TrackPointExtension>
            <ns3:hr>81</ns3:hr>
            <ns3:cad>82</ns3:cad>
          </ns3:TrackPointExtension>
        </extensions>
      </trkpt>
      <trkpt lat="31.28730439580976963043212890625" lon="121.4861766993999481201171875">
        <ele>11</ele>
        <time>2026-09-13T12:06:55.000Z</time>
        <extensions>
          <ns3:TrackPointExtension>
            <ns3:hr>82</ns3:hr>
            <ns3:cad>82</ns3:cad>
          </ns3:TrackPointExtension>
        </extensions>
      </trkpt>
      <trkpt lat="31.2872453033924102783203125" lon="121.48616638965904712677001953125">
        <ele>11</ele>
        <time>2026-09-13T12:06:58.000Z</time>
        <extensions>
          <ns3:TrackPointExtension>
            <ns3:hr>85</ns3:hr>
            <ns3:cad>82</ns3:cad>
          </ns3:TrackPointExtension>
        </extensions>
      </trkpt>
      <trkpt lat="31.28720448352396488189697265625" lon="121.48616236634552478790283203125">
        <ele>11</ele>
        <time>2026-09-13T12:07:00.000Z</time>
        <extensions>
          <ns3:TrackPointExtension>
            <ns3:hr>88</ns3:hr>
            <ns3:cad>83</ns3:cad>
          </ns3:TrackPointExtension>
        </extensions>
      </trkpt>
      <trkpt lat="31.287161819636821746826171875" lon="121.48616253398358821868896484375">
        <ele>11.19999980926513671875</ele>
        <time>2026-09-13T12:07:02.000Z</time>
        <extensions>
          <ns3:TrackPointExtension>
            <ns3:hr>91</ns3:hr>
            <ns3:cad>83</ns3:cad>
          </ns3:TrackPointExtension>
        </extensions>
      </trkpt>
      <trkpt lat="31.287096440792083740234375" lon="121.4861751906573772430419921875">
        <ele>11.6000003814697265625</ele>
        <time>2026-09-13T12:07:05.000Z</time>
        <extensions>
          <ns3:TrackPointExtension>
            <ns3:hr>94</ns3:hr>
            <ns3:cad>83</ns3:cad>
          </ns3:TrackPointExtension>
        </extensions>
      </trkpt>
      <trkpt lat="31.28703734837472438812255859375" lon="121.48620829917490482330322265625">
        <ele>12.19999980926513671875</ele>
        <time>2026-09-13T12:07:07.000Z</time>
        <extensions>
          <ns3:TrackPointExtension>
            <ns3:hr>97</ns3:hr>
            <ns3:cad>83</ns3:cad>
          </ns3:TrackPointExtension>
        </extensions>
      </trkpt>
      <trkpt lat="31.2869185768067836761474609375" lon="121.486294381320476531982421875">
        <ele>12.19999980926513671875</ele>
        <time>2026-09-13T12:07:10.000Z</time>
        <extensions>
          <ns3:TrackPointExtension>
            <ns3:hr>100</ns3:hr>
            <ns3:cad>82</ns3:cad>
          </ns3:TrackPointExtension>
        </extensions>
      </trkpt>
      <trkpt lat="31.28684498369693756103515625" lon="121.48629765026271343231201171875">
        <ele>12.19999980926513671875</ele>
        <time>2026-09-13T12:07:13.000Z</time>
        <extensions>
          <ns3:TrackPointExtension>
            <ns3:hr>103</ns3:hr>
            <ns3:cad>83</ns3:cad>
          </ns3:TrackPointExtension>
        </extensions>
      </trkpt>
      <trkpt lat="31.2867784313857555389404296875" lon="121.48629329167306423187255859375">
        <ele>12.3999996185302734375</ele>
        <time>2026-09-13T12:07:16.000Z</time>
        <extensions>
          <ns3:TrackPointExtension>
            <ns3:hr>106</ns3:hr>
            <ns3:cad>83</ns3:cad>
          </ns3:TrackPointExtension>
        </extensions>
      </trkpt>
      <trkpt lat="31.28668178804218769073486328125" lon="121.48628910072147846221923828125">
        <ele>13.3999996185302734375</ele>
        <time>2026-09-13T12:07:20.000Z</time>
        <extensions>
          <ns3:TrackPointExtension>
            <ns3:hr>109</ns3:hr>
            <ns3:cad>83</ns3:cad>
          </ns3:TrackPointExtension>
        </extensions>
      </trkpt>
      <trkpt lat="31.28666083328425884246826171875" lon="121.486291699111461639404296875">
        <ele>13.6000003814697265625</ele>
        <time>2026-09-13T12:07:21.000Z</time>
        <extensions>
          <ns3:TrackPointExtension>
            <ns3:hr>109</ns3:hr>
            <ns3:cad>83</ns3:cad>
          </ns3:TrackPointExtension>
        </extensions>
      </trkpt>
      <trkpt lat="31.2865809537470340728759765625" lon="121.4862908609211444854736328125">
        <ele>14.3999996185302734375</ele>
        <time>2026-09-13T12:07:25.000Z</time>
        <extensions>
          <ns3:TrackPointExtension>
            <ns3:hr>112</ns3:hr>
            <ns3:cad>83</ns3:cad>
          </ns3:TrackPointExtension>
        </extensions>
      </trkpt>
      <trkpt lat="31.286507360637187957763671875" lon="121.4862409047782421112060546875">
        <ele>13.3999996185302734375</ele>
        <time>2026-09-13T12:07:29.000Z</time>
        <extensions>
          <ns3:TrackPointExtension>
            <ns3:hr>112</ns3:hr>
            <ns3:cad>82</ns3:cad>
          </ns3:TrackPointExtension>
        </extensions>
      </trkpt>
      <trkpt lat="31.286371238529682159423828125" lon="121.48619036190211772918701171875">
        <ele>11.3999996185302734375</ele>
        <time>2026-09-13T12:07:36.000Z</time>
        <extensions>
          <ns3:TrackPointExtension>
            <ns3:hr>112</ns3:hr>
            <ns3:cad>82</ns3:cad>
          </ns3:TrackPointExtension>
        </extensions>
      </trkpt>
      <trkpt lat="31.286257244646549224853515625" lon="121.48620494641363620758056640625">
        <ele>11.80000019073486328125</ele>
        <time>2026-09-13T12:07:41.000Z</time>
        <extensions>
          <ns3:TrackPointExtension>
            <ns3:hr>113</ns3:hr>
            <ns3:cad>82</ns3:cad>
          </ns3:TrackPointExtension>
        </extensions>
      </trkpt>
      <trkpt lat="31.28616428934037685394287109375" lon="121.48618650622665882110595703125">
        <ele>12.3999996185302734375</ele>
        <time>2026-09-13T12:07:46.000Z</time>
        <extensions>
          <ns3:TrackPointExtension>
            <ns3:hr>114</ns3:hr>
            <ns3:cad>81</ns3:cad>
          </ns3:TrackPointExtension>
        </extensions>
      </trkpt>
      <trkpt lat="31.28600704483687877655029296875" lon="121.486186422407627105712890625">
        <ele>13</ele>
        <time>2026-09-13T12:07:54.000Z</time>
        <extensions>
          <ns3:TrackPointExtension>
            <ns3:hr>116</ns3:hr>
            <ns3:cad>81</ns3:cad>
          </ns3:TrackPointExtension>
        </extensions>
      </trkpt>
      <trkpt lat="31.28581308759748935699462890625" lon="121.48617024533450603485107421875">
        <ele>14.80000019073486328125</ele>
        <time>2026-09-13T12:08:03.000Z</time>
        <extensions>
          <ns3:TrackPointExtension>
            <ns3:hr>117</ns3:hr>
            <ns3:cad>80</ns3:cad>
          </ns3:TrackPointExtension>
        </extensions>
      </trkpt>
      <trkpt lat="31.2857756204903125762939453125" lon="121.48616756312549114227294921875">
        <ele>14.80000019073486328125</ele>
        <time>2026-09-13T12:08:05.000Z</time>
        <extensions>
          <ns3:TrackPointExtension>
            <ns3:hr>118</ns3:hr>
            <ns3:cad>80</ns3:cad>
          </ns3:TrackPointExtension>
        </extensions>
      </trkpt>
      <trkpt lat="31.28562080673873424530029296875" lon="121.48615951649844646453857421875">
        <ele>15.80000019073486328125</ele>
        <time>2026-09-13T12:08:13.000Z</time>
        <extensions>
          <ns3:TrackPointExtension>
            <ns3:hr>117</ns3:hr>
            <ns3:cad>80</ns3:cad>
          </ns3:TrackPointExtension>
        </extensions>
      </trkpt>
      <trkpt lat="31.28545568324625492095947265625" lon="121.4861909486353397369384765625">
        <ele>16.6000003814697265625</ele>
        <time>2026-09-13T12:08:21.000Z</time>
        <extensions>
          <ns3:TrackPointExtension>
            <ns3:hr>117</ns3:hr>
            <ns3:cad>82</ns3:cad>
          </ns3:TrackPointExtension>
        </extensions>
      </trkpt>
      <trkpt lat="31.28527144901454448699951171875" lon="121.4862321875989437103271484375">
        <ele>15</ele>
        <time>2026-09-13T12:08:30.000Z</time>
        <extensions>
          <ns3:TrackPointExtension>
            <ns3:hr>118</ns3:hr>
            <ns3:cad>81</ns3:cad>
          </ns3:TrackPointExtension>
        </extensions>
      </trkpt>
      <trkpt lat="31.28524999134242534637451171875" lon="121.486235372722148895263671875">
        <ele>14.80000019073486328125</ele>
        <time>2026-09-13T12:08:31.000Z</time>
        <extensions>
          <ns3:TrackPointExtension>
            <ns3:hr>118</ns3:hr>
            <ns3:cad>81</ns3:cad>
          </ns3:TrackPointExtension>
        </extensions>
      </trkpt>
      <trkpt lat="31.28507447429001331329345703125" lon="121.48620796389877796173095703125">
        <ele>14.6000003814697265625</ele>
        <time>2026-09-13T12:08:39.000Z</time>
        <extensions>
          <ns3:TrackPointExtension>
            <ns3:hr>118</ns3:hr>
            <ns3:cad>81</ns3:cad>
          </ns3:TrackPointExtension>
        </extensions>
      </trkpt>
      <trkpt lat="31.28494706936180591583251953125" lon="121.486170999705791473388671875">
        <ele>14.3999996185302734375</ele>
        <time>2026-09-13T12:08:46.000Z</time>
        <extensions>
          <ns3:TrackPointExtension>
            <ns3:hr>119</ns3:hr>
            <ns3:cad>81</ns3:cad>
          </ns3:TrackPointExtension>
        </extensions>
      </trkpt>
      <trkpt lat="31.2847895734012126922607421875" lon="121.48612900637090206146240234375">
        <ele>15</ele>
        <time>2026-09-13T12:08:54.000Z</time>
        <extensions>
          <ns3:TrackPointExtension>
            <ns3:hr>120</ns3:hr>
            <ns3:cad>82</ns3:cad>
          </ns3:TrackPointExtension>
        </extensions>
      </trkpt>
      <trkpt lat="31.2846366874873638153076171875" lon="121.48611743934452533721923828125">
        <ele>15.3999996185302734375</ele>
        <time>2026-09-13T12:09:01.000Z</time>
        <extensions>
          <ns3:TrackPointExtension>
            <ns3:hr>120</ns3:hr>
            <ns3:cad>82</ns3:cad>
          </ns3:TrackPointExtension>
        </extensions>
      </trkpt>
      <trkpt lat="31.2844868190586566925048828125" lon="121.48613370023667812347412109375">
        <ele>16.6000003814697265625</ele>
        <time>2026-09-13T12:09:09.000Z</time>
        <extensions>
          <ns3:TrackPointExtension>
            <ns3:hr>119</ns3:hr>
            <ns3:cad>83</ns3:cad>
          </ns3:TrackPointExtension>
        </extensions>
      </trkpt>
      <trkpt lat="31.284385733306407928466796875" lon="121.4861064590513706207275390625">
        <ele>18</ele>
        <time>2026-09-13T12:09:16.000Z</time>
        <extensions>
          <ns3:TrackPointExtension>
            <ns3:hr>120</ns3:hr>
            <ns3:cad>83</ns3:cad>
          </ns3:TrackPointExtension>
        </extensions>
      </trkpt>
      <trkpt lat="31.28432060591876506805419921875" lon="121.48606002330780029296875">
        <ele>18.6000003814697265625</ele>
        <time>2026-09-13T12:09:23.000Z</time>
        <extensions>
          <ns3:TrackPointExtension>
            <ns3:hr>117</ns3:hr>
            <ns3:cad>52</ns3:cad>
          </ns3:TrackPointExtension>
        </extensions>
      </trkpt>
      <trkpt lat="31.28431037999689579010009765625" lon="121.48605189286172389984130859375">
        <ele>18.3999996185302734375</ele>
        <time>2026-09-13T12:09:24.000Z</time>
        <extensions>
          <ns3:TrackPointExtension>
            <ns3:hr>115</ns3:hr>
            <ns3:cad>52</ns3:cad>
          </ns3:TrackPointExtension>
        </extensions>
      </trkpt>
      <trkpt lat="31.28428489901125431060791015625" lon="121.48603194393217563629150390625">
        <ele>17.799999237060546875</ele>
        <time>2026-09-13T12:09:26.000Z</time>
        <extensions>
          <ns3:TrackPointExtension>
            <ns3:hr>113</ns3:hr>
            <ns3:cad>52</ns3:cad>
          </ns3:TrackPointExtension>
        </extensions>
      </trkpt>
      <trkpt lat="31.28421734087169170379638671875" lon="121.4860283397138118743896484375">
        <ele>17.200000762939453125</ele>
        <time>2026-09-13T12:09:32.000Z</time>
        <extensions>
          <ns3:TrackPointExtension>
            <ns3:hr>113</ns3:hr>
            <ns3:cad>53</ns3:cad>
          </ns3:TrackPointExtension>
        </extensions>
      </trkpt>
      <trkpt lat="31.28414534032344818115234375" lon="121.48604803718626499176025390625">
        <ele>16.6000003814697265625</ele>
        <time>2026-09-13T12:09:36.000Z</time>
        <extensions>
          <ns3:TrackPointExtension>
            <ns3:hr>110</ns3:hr>
            <ns3:cad>55</ns3:cad>
          </ns3:TrackPointExtension>
        </extensions>
      </trkpt>
      <trkpt lat="31.2840963900089263916015625" lon="121.4860747754573822021484375">
        <ele>16.200000762939453125</ele>
        <time>2026-09-13T12:09:38.000Z</time>
        <extensions>
          <ns3:TrackPointExtension>
            <ns3:hr>108</ns3:hr>
            <ns3:cad>82</ns3:cad>
          </ns3:TrackPointExtension>
        </extensions>
      </trkpt>
      <trkpt lat="31.28391207195818424224853515625" lon="121.4861041121184825897216796875">
        <ele>12.19999980926513671875</ele>
        <time>2026-09-13T12:09:45.000Z</time>
        <extensions>
          <ns3:TrackPointExtension>
            <ns3:hr>108</ns3:hr>
            <ns3:cad>84</ns3:cad>
          </ns3:TrackPointExtension>
        </extensions>
      </trkpt>
      <trkpt lat="31.2837703339755535125732421875" lon="121.486112661659717559814453125">
        <ele>9.19999980926513671875</ele>
        <time>2026-09-13T12:09:51.000Z</time>
        <extensions>
          <ns3:TrackPointExtension>
            <ns3:hr>107</ns3:hr>
            <ns3:cad>83</ns3:cad>
          </ns3:TrackPointExtension>
        </extensions>
      </trkpt>
      <trkpt lat="31.28357964567840099334716796875" lon="121.48609983734786510467529296875">
        <ele>6.400000095367431640625</ele>
        <time>2026-09-13T12:10:00.000Z</time>
        <extensions>
          <ns3:TrackPointExtension>
            <ns3:hr>107</ns3:hr>
            <ns3:cad>82</ns3:cad>
          </ns3:TrackPointExtension>
        </extensions>
      </trkpt>
      <trkpt lat="31.28347973339259624481201171875" lon="121.486098580062389373779296875">
        <ele>5</ele>
        <time>2026-09-13T12:10:05.000Z</time>
        <extensions>
          <ns3:TrackPointExtension>
            <ns3:hr>110</ns3:hr>
            <ns3:cad>83</ns3:cad>
          </ns3:TrackPointExtension>
        </extensions>
      </trkpt>
      <trkpt lat="31.28340077586472034454345703125" lon="121.4861042797565460205078125">
        <ele>4.400000095367431640625</ele>
        <time>2026-09-13T12:10:09.000Z</time>
        <extensions>
          <ns3:TrackPointExtension>
            <ns3:hr>112</ns3:hr>
            <ns3:cad>83</ns3:cad>
          </ns3:TrackPointExtension>
        </extensions>
      </trkpt>
      <trkpt lat="31.283234059810638427734375" lon="121.48610084317624568939208984375">
        <ele>3.2000000476837158203125</ele>
        <time>2026-09-13T12:10:17.000Z</time>
        <extensions>
          <ns3:TrackPointExtension>
            <ns3:hr>113</ns3:hr>
            <ns3:cad>82</ns3:cad>
          </ns3:TrackPointExtension>
        </extensions>
      </trkpt>
      <trkpt lat="31.28310137428343296051025390625" lon="121.48610637523233890533447265625">
        <ele>4.19999980926513671875</ele>
        <time>2026-09-13T12:10:23.000Z</time>
        <extensions>
          <ns3:TrackPointExtension>
            <ns3:hr>116</ns3:hr>
            <ns3:cad>81</ns3:cad>
          </ns3:TrackPointExtension>
        </extensions>
      </trkpt>
      <trkpt lat="31.283032558858394622802734375" lon="121.48610117845237255096435546875">
        <ele>4.599999904632568359375</ele>
        <time>2026-09-13T12:10:27.000Z</time>
        <extensions>
          <ns3:TrackPointExtension>
            <ns3:hr>116</ns3:hr>
            <ns3:cad>81</ns3:cad>
          </ns3:TrackPointExtension>
        </extensions>
      </trkpt>
      <trkpt lat="31.2828392721712589263916015625" lon="121.4860705845057964324951171875">
        <ele>5</ele>
        <time>2026-09-13T12:10:36.000Z</time>
        <extensions>
          <ns3:TrackPointExtension>
            <ns3:hr>116</ns3:hr>
            <ns3:cad>82</ns3:cad>
          </ns3:TrackPointExtension>
        </extensions>
      </trkpt>
      <trkpt lat="31.2828392721712589263916015625" lon="121.4860705845057964324951171875">
        <ele>5</ele>
        <time>2026-09-13T12:10:37.000Z</time>
        <extensions>
          <ns3:TrackPointExtension>
            <ns3:hr>116</ns3:hr>
            <ns3:cad>82</ns3:cad>
          </ns3:TrackPointExtension>
        </extensions>
      </trkpt>
      <trkpt lat="31.2826873920857906341552734375" lon="121.48604937829077243804931640625">
        <ele>5</ele>
        <time>2026-09-13T12:10:46.000Z</time>
        <extensions>
          <ns3:TrackPointExtension>
            <ns3:hr>116</ns3:hr>
            <ns3:cad>82</ns3:cad>
          </ns3:TrackPointExtension>
        </extensions>
      </trkpt>
      <trkpt lat="31.28249469213187694549560546875" lon="121.486046947538852691650390625">
        <ele>5.19999980926513671875</ele>
        <time>2026-09-13T12:10:55.000Z</time>
        <extensions>
          <ns3:TrackPointExtension>
            <ns3:hr>117</ns3:hr>
            <ns3:cad>81</ns3:cad>
          </ns3:TrackPointExtension>
        </extensions>
      </trkpt>
      <trkpt lat="31.282408274710178375244140625" lon="121.48604200221598148345947265625">
        <ele>5.400000095367431640625</ele>
        <time>2026-09-13T12:10:59.000Z</time>
        <extensions>
          <ns3:TrackPointExtension>
            <ns3:hr>117</ns3:hr>
            <ns3:cad>82</ns3:cad>
          </ns3:TrackPointExtension>
        </extensions>
      </trkpt>
      <trkpt lat="31.282244659960269927978515625" lon="121.48604518733918666839599609375">
        <ele>5.599999904632568359375</ele>
        <time>2026-09-13T12:11:07.000Z</time>
        <extensions>
          <ns3:TrackPointExtension>
            <ns3:hr>117</ns3:hr>
            <ns3:cad>83</ns3:cad>
          </ns3:TrackPointExtension>
        </extensions>
      </trkpt>
      <trkpt lat="31.2820761837065219879150390625" lon="121.48603730835020542144775390625">
        <ele>6.400000095367431640625</ele>
        <time>2026-09-13T12:11:15.000Z</time>
        <extensions>
          <ns3:TrackPointExtension>
            <ns3:hr>118</ns3:hr>
            <ns3:cad>83</ns3:cad>
          </ns3:TrackPointExtension>
        </extensions>
      </trkpt>
      <trkpt lat="31.2819238007068634033203125" lon="121.48604284040629863739013671875">
        <ele>8</ele>
        <time>2026-09-13T12:11:22.000Z</time>
        <extensions>
          <ns3:TrackPointExtension>
            <ns3:hr>119</ns3:hr>
            <ns3:cad>83</ns3:cad>
          </ns3:TrackPointExtension>
        </extensions>
      </trkpt>
      <trkpt lat="31.2817958928644657135009765625" lon="121.48605071939527988433837890625">
        <ele>8.6000003814697265625</ele>
        <time>2026-09-13T12:11:28.000Z</time>
        <extensions>
          <ns3:TrackPointExtension>
            <ns3:hr>119</ns3:hr>
            <ns3:cad>83</ns3:cad>
          </ns3:TrackPointExtension>
        </extensions>
      </trkpt>
      <trkpt lat="31.28160403110086917877197265625" lon="121.48606061004102230072021484375">
        <ele>7.19999980926513671875</ele>
        <time>2026-09-13T12:11:37.000Z</time>
        <extensions>
          <ns3:TrackPointExtension>
            <ns3:hr>119</ns3:hr>
            <ns3:cad>82</ns3:cad>
          </ns3:TrackPointExtension>
        </extensions>
      </trkpt>
      <trkpt lat="31.2815161049365997314453125" lon="121.4860803075134754180908203125">
        <ele>6.80000019073486328125</ele>
        <time>2026-09-13T12:11:44.000Z</time>
        <extensions>
          <ns3:TrackPointExtension>
            <ns3:hr>119</ns3:hr>
            <ns3:cad>50</ns3:cad>
          </ns3:TrackPointExtension>
        </extensions>
      </trkpt>
      <trkpt lat="31.28141426481306552886962890625" lon="121.48610687814652919769287109375">
        <ele>6.599999904632568359375</ele>
        <time>2026-09-13T12:11:52.000Z</time>
        <extensions>
          <ns3:TrackPointExtension>
            <ns3:hr>119</ns3:hr>
            <ns3:cad>53</ns3:cad>
          </ns3:TrackPointExtension>
        </extensions>
      </trkpt>
      <trkpt lat="31.281383670866489410400390625" lon="121.48610352538526058197021484375">
        <ele>6.19999980926513671875</ele>
        <time>2026-09-13T12:11:54.000Z</time>
        <extensions>
          <ns3:TrackPointExtension>
            <ns3:hr>119</ns3:hr>
            <ns3:cad>53</ns3:cad>
          </ns3:TrackPointExtension>
        </extensions>
      </trkpt>
      <trkpt lat="31.28132893703877925872802734375" lon="121.48609464056789875030517578125">
        <ele>5.599999904632568359375</ele>
        <time>2026-09-13T12:11:59.000Z</time>
        <extensions>
          <ns3:TrackPointExtension>
            <ns3:hr>118</ns3:hr>
            <ns3:cad>53</ns3:cad>
          </ns3:TrackPointExtension>
        </extensions>
      </trkpt>
      <trkpt lat="31.28129138611257076263427734375" lon="121.48606178350746631622314453125">
        <ele>5</ele>
        <time>2026-09-13T12:12:02.000Z</time>
        <extensions>
          <ns3:TrackPointExtension>
            <ns3:hr>113</ns3:hr>
            <ns3:cad>54</ns3:cad>
          </ns3:TrackPointExtension>
        </extensions>
      </trkpt>
      <trkpt lat="31.281269006431102752685546875" lon="121.48605138994753360748291015625">
        <ele>5.19999980926513671875</ele>
        <time>2026-09-13T12:12:04.000Z</time>
        <extensions>
          <ns3:TrackPointExtension>
            <ns3:hr>110</ns3:hr>
            <ns3:cad>0</ns3:cad>
          </ns3:TrackPointExtension>
        </extensions>
      </trkpt>
      <trkpt lat="31.28124612383544445037841796875" lon="121.486014761030673980712890625">
        <ele>5.400000095367431640625</ele>
        <time>2026-09-13T12:12:08.000Z</time>
        <extensions>
          <ns3:TrackPointExtension>
            <ns3:hr>109</ns3:hr>
            <ns3:cad>0</ns3:cad>
          </ns3:TrackPointExtension>
        </extensions>
      </trkpt>
      <trkpt lat="31.28124830313026905059814453125" lon="121.48600512184202671051025390625">
        <ele>5.400000095367431640625</ele>
        <time>2026-09-13T12:12:13.000Z</time>
        <extensions>
          <ns3:TrackPointExtension>
            <ns3:hr>108</ns3:hr>
            <ns3:cad>0</ns3:cad>
          </ns3:TrackPointExtension>
        </extensions>
      </trkpt>
      <trkpt lat="31.28124427981674671173095703125" lon="121.4859974943101406097412109375">
        <ele>5.400000095367431640625</ele>
        <time>2026-09-13T12:12:14.000Z</time>
        <extensions>
          <ns3:TrackPointExtension>
            <ns3:hr>105</ns3:hr>
            <ns3:cad>0</ns3:cad>
          </ns3:TrackPointExtension>
        </extensions>
      </trkpt>
      <trkpt lat="31.28121729008853435516357421875" lon="121.48598383180797100067138671875">
        <ele>5.599999904632568359375</ele>
        <time>2026-09-13T12:12:16.000Z</time>
        <extensions>
          <ns3:TrackPointExtension>
            <ns3:hr>103</ns3:hr>
            <ns3:cad>0</ns3:cad>
          </ns3:TrackPointExtension>
        </extensions>
      </trkpt>
      <trkpt lat="31.28119633533060550689697265625" lon="121.4859824068844318389892578125">
        <ele>5.80000019073486328125</ele>
        <time>2026-09-13T12:12:18.000Z</time>
        <extensions>
          <ns3:TrackPointExtension>
            <ns3:hr>101</ns3:hr>
            <ns3:cad>0</ns3:cad>
          </ns3:TrackPointExtension>
        </extensions>
      </trkpt>
      <trkpt lat="31.28114394843578338623046875" lon="121.4859636314213275909423828125">
        <ele>6.599999904632568359375</ele>
        <time>2026-09-13T12:12:24.000Z</time>
        <extensions>
          <ns3:TrackPointExtension>
            <ns3:hr>100</ns3:hr>
            <ns3:cad>52</ns3:cad>
          </ns3:TrackPointExtension>
        </extensions>
      </trkpt>
      <trkpt lat="31.28108703531324863433837890625" lon="121.4859629608690738677978515625">
        <ele>7.599999904632568359375</ele>
        <time>2026-09-13T12:12:30.000Z</time>
        <extensions>
          <ns3:TrackPointExtension>
            <ns3:hr>97</ns3:hr>
            <ns3:cad>53</ns3:cad>
          </ns3:TrackPointExtension>
        </extensions>
      </trkpt>
      <trkpt lat="31.28107412718236446380615234375" lon="121.4859673194587230682373046875">
        <ele>7.80000019073486328125</ele>
        <time>2026-09-13T12:12:31.000Z</time>
        <extensions>
          <ns3:TrackPointExtension>
            <ns3:hr>96</ns3:hr>
            <ns3:cad>52</ns3:cad>
          </ns3:TrackPointExtension>
        </extensions>
      </trkpt>
      <trkpt lat="31.2809198163449764251708984375" lon="121.48601819761097431182861328125">
        <ele>10</ele>
        <time>2026-09-13T12:12:39.000Z</time>
        <extensions>
          <ns3:TrackPointExtension>
            <ns3:hr>95</ns3:hr>
            <ns3:cad>85</ns3:cad>
          </ns3:TrackPointExtension>
        </extensions>
      </trkpt>
      <trkpt lat="31.28073650412261486053466796875" lon="121.4860166050493717193603515625">
        <ele>10.6000003814697265625</ele>
        <time>2026-09-13T12:12:48.000Z</time>
        <extensions>
          <ns3:TrackPointExtension>
            <ns3:hr>95</ns3:hr>
            <ns3:cad>83</ns3:cad>
          </ns3:TrackPointExtension>
        </extensions>
      </trkpt>
      <trkpt lat="31.280698366463184356689453125" lon="121.486012078821659088134765625">
        <ele>10.6000003814697265625</ele>
        <time>2026-09-13T12:12:50.000Z</time>
        <extensions>
          <ns3:TrackPointExtension>
            <ns3:hr>94</ns3:hr>
            <ns3:cad>83</ns3:cad>
          </ns3:TrackPointExtension>
        </extensions>
      </trkpt>
      <trkpt lat="31.2806148827075958251953125" lon="121.4860095642507076263427734375">
        <ele>9.3999996185302734375</ele>
        <time>2026-09-13T12:12:55.000Z</time>
        <extensions>
          <ns3:TrackPointExtension>
            <ns3:hr>97</ns3:hr>
            <ns3:cad>84</ns3:cad>
          </ns3:TrackPointExtension>
        </extensions>
      </trkpt>
      <trkpt lat="31.2806013040244579315185546875" lon="121.486004032194614410400390625">
        <ele>9.19999980926513671875</ele>
        <time>2026-09-13T12:12:56.000Z</time>
        <extensions>
          <ns3:TrackPointExtension>
            <ns3:hr>98</ns3:hr>
            <ns3:cad>84</ns3:cad>
          </ns3:TrackPointExtension>
        </extensions>
      </trkpt>
      <trkpt lat="31.28058328293263912200927734375" lon="121.48600302636623382568359375">
        <ele>9</ele>
        <time>2026-09-13T12:12:57.000Z</time>
        <extensions>
          <ns3:TrackPointExtension>
            <ns3:hr>100</ns3:hr>
            <ns3:cad>84</ns3:cad>
          </ns3:TrackPointExtension>
        </extensions>
      </trkpt>
      <trkpt lat="31.28051874227821826934814453125" lon="121.48600034415721893310546875">
        <ele>7.80000019073486328125</ele>
        <time>2026-09-13T12:13:00.000Z</time>
        <extensions>
          <ns3:TrackPointExtension>
            <ns3:hr>103</ns3:hr>
            <ns3:cad>83</ns3:cad>
          </ns3:TrackPointExtension>
        </extensions>
      </trkpt>
      <trkpt lat="31.28045462071895599365234375" lon="121.4859951473772525787353515625">
        <ele>6.80000019073486328125</ele>
        <time>2026-09-13T12:13:03.000Z</time>
        <extensions>
          <ns3:TrackPointExtension>
            <ns3:hr>105</ns3:hr>
            <ns3:cad>83</ns3:cad>
          </ns3:TrackPointExtension>
        </extensions>
      </trkpt>
      <trkpt lat="31.2803977914154529571533203125" lon="121.4859871007502079010009765625">
        <ele>6.80000019073486328125</ele>
        <time>2026-09-13T12:13:06.000Z</time>
        <extensions>
          <ns3:TrackPointExtension>
            <ns3:hr>107</ns3:hr>
            <ns3:cad>83</ns3:cad>
          </ns3:TrackPointExtension>
        </extensions>
      </trkpt>
      <trkpt lat="31.2803493440151214599609375" lon="121.48599288426339626312255859375">
        <ele>6.80000019073486328125</ele>
        <time>2026-09-13T12:13:08.000Z</time>
        <extensions>
          <ns3:TrackPointExtension>
            <ns3:hr>107</ns3:hr>
            <ns3:cad>83</ns3:cad>
          </ns3:TrackPointExtension>
        </extensions>
      </trkpt>
      <trkpt lat="31.280192770063877105712890625" lon="121.4860390685498714447021484375">
        <ele>6.400000095367431640625</ele>
        <time>2026-09-13T12:13:15.000Z</time>
        <extensions>
          <ns3:TrackPointExtension>
            <ns3:hr>110</ns3:hr>
            <ns3:cad>83</ns3:cad>
          </ns3:TrackPointExtension>
        </extensions>
      </trkpt>
      <trkpt lat="31.2801454961299896240234375" lon="121.48604183457791805267333984375">
        <ele>7</ele>
        <time>2026-09-13T12:13:17.000Z</time>
        <extensions>
          <ns3:TrackPointExtension>
            <ns3:hr>110</ns3:hr>
            <ns3:cad>83</ns3:cad>
          </ns3:TrackPointExtension>
        </extensions>
      </trkpt>
      <trkpt lat="31.28001515753567218780517578125" lon="121.486030183732509613037109375">
        <ele>7.400000095367431640625</ele>
        <time>2026-09-13T12:13:23.000Z</time>
        <extensions>
          <ns3:TrackPointExtension>
            <ns3:hr>112</ns3:hr>
            <ns3:cad>83</ns3:cad>
          </ns3:TrackPointExtension>
        </extensions>
      </trkpt>
      <trkpt lat="31.2798398919403553009033203125" lon="121.48602875880897045135498046875">
        <ele>8.19999980926513671875</ele>
        <time>2026-09-13T12:13:31.000Z</time>
        <extensions>
          <ns3:TrackPointExtension>
            <ns3:hr>113</ns3:hr>
            <ns3:cad>84</ns3:cad>
          </ns3:TrackPointExtension>
        </extensions>
      </trkpt>
      <trkpt lat="31.2796943821012973785400390625" lon="121.486024148762226104736328125">
        <ele>13.3999996185302734375</ele>
        <time>2026-09-13T12:13:38.000Z</time>
        <extensions>
          <ns3:TrackPointExtension>
            <ns3:hr>116</ns3:hr>
            <ns3:cad>83</ns3:cad>
          </ns3:TrackPointExtension>
        </extensions>
      </trkpt>
      <trkpt lat="31.2796752713620662689208984375" lon="121.4860152639448642730712890625">
        <ele>14</ele>
        <time>2026-09-13T12:13:39.000Z</time>
        <extensions>
          <ns3:TrackPointExtension>
            <ns3:hr>116</ns3:hr>
            <ns3:cad>83</ns3:cad>
          </ns3:TrackPointExtension>
        </extensions>
      </trkpt>
      <trkpt lat="31.27963763661682605743408203125" lon="121.4860021881759166717529296875">
        <ele>15.3999996185302734375</ele>
        <time>2026-09-13T12:13:41.000Z</time>
        <extensions>
          <ns3:TrackPointExtension>
            <ns3:hr>116</ns3:hr>
            <ns3:cad>83</ns3:cad>
          </ns3:TrackPointExtension>
        </extensions>
      </trkpt>
      <trkpt lat="31.27956488169729709625244140625" lon="121.4859995059669017791748046875">
        <ele>15.6000003814697265625</ele>
        <time>2026-09-13T12:13:44.000Z</time>
        <extensions>
          <ns3:TrackPointExtension>
            <ns3:hr>116</ns3:hr>
            <ns3:cad>83</ns3:cad>
          </ns3:TrackPointExtension>
        </extensions>
      </trkpt>
      <trkpt lat="31.27938165329396724700927734375" lon="121.48602557368576526641845703125">
        <ele>19.200000762939453125</ele>
        <time>2026-09-13T12:13:52.000Z</time>
        <extensions>
          <ns3:TrackPointExtension>
            <ns3:hr>118</ns3:hr>
            <ns3:cad>83</ns3:cad>
          </ns3:TrackPointExtension>
        </extensions>
      </trkpt>
      <trkpt lat="31.27923916094005107879638671875" lon="121.4860062114894390106201171875">
        <ele>19</ele>
        <time>2026-09-13T12:13:59.000Z</time>
        <extensions>
          <ns3:TrackPointExtension>
            <ns3:hr>120</ns3:hr>
            <ns3:cad>84</ns3:cad>
          </ns3:TrackPointExtension>
        </extensions>
      </trkpt>
      <trkpt lat="31.27912818454205989837646484375" lon="121.48596949875354766845703125">
        <ele>17.799999237060546875</ele>
        <time>2026-09-13T12:14:05.000Z</time>
        <extensions>
          <ns3:TrackPointExtension>
            <ns3:hr>119</ns3:hr>
            <ns3:cad>83</ns3:cad>
          </ns3:TrackPointExtension>
        </extensions>
      </trkpt>
      <trkpt lat="31.27895392477512359619140625" lon="121.4859750308096408843994140625">
        <ele>17.6000003814697265625</ele>
        <time>2026-09-13T12:14:12.000Z</time>
        <extensions>
          <ns3:TrackPointExtension>
            <ns3:hr>119</ns3:hr>
            <ns3:cad>84</ns3:cad>
          </ns3:TrackPointExtension>
        </extensions>
      </trkpt>
      <trkpt lat="31.27877564169466495513916015625" lon="121.48596279323101043701171875">
        <ele>14.3999996185302734375</ele>
        <time>2026-09-13T12:14:21.000Z</time>
        <extensions>
          <ns3:TrackPointExtension>
            <ns3:hr>119</ns3:hr>
            <ns3:cad>0</ns3:cad>
          </ns3:TrackPointExtension>
        </extensions>
      </trkpt>
      <trkpt lat="31.2787663377821445465087890625" lon="121.4859575964510440826416015625">
        <ele>14.19999980926513671875</ele>
        <time>2026-09-13T12:14:22.000Z</time>
        <extensions>
          <ns3:TrackPointExtension>
            <ns3:hr>120</ns3:hr>
            <ns3:cad>0</ns3:cad>
          </ns3:TrackPointExtension>
        </extensions>
      </trkpt>
      <trkpt lat="31.278724260628223419189453125" lon="121.48595633916556835174560546875">
        <ele>14.19999980926513671875</ele>
        <time>2026-09-13T12:14:26.000Z</time>
        <extensions>
          <ns3:TrackPointExtension>
            <ns3:hr>120</ns3:hr>
            <ns3:cad>67</ns3:cad>
          </ns3:TrackPointExtension>
        </extensions>
      </trkpt>
      <trkpt lat="31.2787126936018466949462890625" lon="121.4859549142420291900634765625">
        <ele>14</ele>
        <time>2026-09-13T12:14:27.000Z</time>
        <extensions>
          <ns3:TrackPointExtension>
            <ns3:hr>120</ns3:hr>
            <ns3:cad>67</ns3:cad>
          </ns3:TrackPointExtension>
        </extensions>
      </trkpt>
      <trkpt lat="31.278623677790164947509765625" lon="121.48593152873218059539794921875">
        <ele>13.19999980926513671875</ele>
        <time>2026-09-13T12:14:35.000Z</time>
        <extensions>
          <ns3:TrackPointExtension>
            <ns3:hr>120</ns3:hr>
            <ns3:cad>52</ns3:cad>
          </ns3:TrackPointExtension>
        </extensions>
      </trkpt>
      <trkpt lat="31.27861755900084972381591796875" lon="121.4859180338680744171142578125">
        <ele>13</ele>
        <time>2026-09-13T12:14:36.000Z</time>
        <extensions>
          <ns3:TrackPointExtension>
            <ns3:hr>120</ns3:hr>
            <ns3:cad>52</ns3:cad>
          </ns3:TrackPointExtension>
        </extensions>
      </trkpt>
      <trkpt lat="31.27860884182155132293701171875" lon="121.48589129559695720672607421875">
        <ele>12.80000019073486328125</ele>
        <time>2026-09-13T12:14:39.000Z</time>
        <extensions>
          <ns3:TrackPointExtension>
            <ns3:hr>118</ns3:hr>
            <ns3:cad>51</ns3:cad>
          </ns3:TrackPointExtension>
        </extensions>
      </trkpt>
      <trkpt lat="31.2786060757935047149658203125" lon="121.48585676215589046478271484375">
        <ele>12.19999980926513671875</ele>
        <time>2026-09-13T12:14:41.000Z</time>
        <extensions>
          <ns3:TrackPointExtension>
            <ns3:hr>114</ns3:hr>
            <ns3:cad>50</ns3:cad>
          </ns3:TrackPointExtension>
        </extensions>
      </trkpt>
      <trkpt lat="31.27860448323190212249755859375" lon="121.4857919700443744659423828125">
        <ele>11.3999996185302734375</ele>
        <time>2026-09-13T12:14:46.000Z</time>
        <extensions>
          <ns3:TrackPointExtension>
            <ns3:hr>110</ns3:hr>
            <ns3:cad>49</ns3:cad>
          </ns3:TrackPointExtension>
        </extensions>
      </trkpt>
      <trkpt lat="31.278593502938747406005859375" lon="121.48578199557960033416748046875">
        <ele>11.19999980926513671875</ele>
        <time>2026-09-13T12:14:49.000Z</time>
        <extensions>
          <ns3:TrackPointExtension>
            <ns3:hr>109</ns3:hr>
            <ns3:cad>49</ns3:cad>
          </ns3:TrackPointExtension>
        </extensions>
      </trkpt>
      <trkpt lat="31.27859258092939853668212890625" lon="121.48577906191349029541015625">
        <ele>11.19999980926513671875</ele>
        <time>2026-09-13T12:14:55.000Z</time>
        <extensions>
          <ns3:TrackPointExtension>
            <ns3:hr>106</ns3:hr>
            <ns3:cad>0</ns3:cad>
          </ns3:TrackPointExtension>
        </extensions>
      </trkpt>
      <trkpt lat="31.27859258092939853668212890625" lon="121.48577981628477573394775390625">
        <ele>11.19999980926513671875</ele>
        <time>2026-09-13T12:14:57.000Z</time>
        <extensions>
          <ns3:TrackPointExtension>
            <ns3:hr>106</ns3:hr>
            <ns3:cad>0</ns3:cad>
          </ns3:TrackPointExtension>
        </extensions>
      </trkpt>
      <trkpt lat="31.2785785831511020660400390625" lon="121.485782079398632049560546875">
        <ele>11.19999980926513671875</ele>
        <time>2026-09-13T12:15:02.000Z</time>
        <extensions>
          <ns3:TrackPointExtension>
            <ns3:hr>103</ns3:hr>
            <ns3:cad>0</ns3:cad>
          </ns3:TrackPointExtension>
        </extensions>
      </trkpt>
      <trkpt lat="31.27855888567864894866943359375" lon="121.485773026943206787109375">
        <ele>11.19999980926513671875</ele>
        <time>2026-09-13T12:15:05.000Z</time>
        <extensions>
          <ns3:TrackPointExtension>
            <ns3:hr>100</ns3:hr>
            <ns3:cad>0</ns3:cad>
          </ns3:TrackPointExtension>
        </extensions>
      </trkpt>
      <trkpt lat="31.27855293452739715576171875" lon="121.48576539941132068634033203125">
        <ele>11.19999980926513671875</ele>
        <time>2026-09-13T12:15:06.000Z</time>
        <extensions>
          <ns3:TrackPointExtension>
            <ns3:hr>100</ns3:hr>
            <ns3:cad>0</ns3:cad>
          </ns3:TrackPointExtension>
        </extensions>
      </trkpt>
      <trkpt lat="31.27852787263691425323486328125" lon="121.4857502281665802001953125">
        <ele>11</ele>
        <time>2026-09-13T12:15:10.000Z</time>
        <extensions>
          <ns3:TrackPointExtension>
            <ns3:hr>97</ns3:hr>
            <ns3:cad>47</ns3:cad>
          </ns3:TrackPointExtension>
        </extensions>
      </trkpt>
      <trkpt lat="31.27851194702088832855224609375" lon="121.485746204853057861328125">
        <ele>11</ele>
        <time>2026-09-13T12:15:13.000Z</time>
        <extensions>
          <ns3:TrackPointExtension>
            <ns3:hr>94</ns3:hr>
            <ns3:cad>0</ns3:cad>
          </ns3:TrackPointExtension>
        </extensions>
      </trkpt>
      <trkpt lat="31.27850859425961971282958984375" lon="121.4857421815395355224609375">
        <ele>11</ele>
        <time>2026-09-13T12:15:22.000Z</time>
        <extensions>
          <ns3:TrackPointExtension>
            <ns3:hr>91</ns3:hr>
            <ns3:cad>0</ns3:cad>
          </ns3:TrackPointExtension>
        </extensions>
      </trkpt>
      <trkpt lat="31.2785064987838268280029296875" lon="121.48574285209178924560546875">
        <ele>11</ele>
        <time>2026-09-13T12:15:25.000Z</time>
        <extensions>
          <ns3:TrackPointExtension>
            <ns3:hr>88</ns3:hr>
            <ns3:cad>0</ns3:cad>
          </ns3:TrackPointExtension>
        </extensions>
      </trkpt>
      <trkpt lat="31.2784736417233943939208984375" lon="121.485759951174259185791015625">
        <ele>11.3999996185302734375</ele>
        <time>2026-09-13T12:15:32.000Z</time>
        <extensions>
          <ns3:TrackPointExtension>
            <ns3:hr>89</ns3:hr>
            <ns3:cad>0</ns3:cad>
          </ns3:TrackPointExtension>
        </extensions>
      </trkpt>
      <trkpt lat="31.2783422134816646575927734375" lon="121.48583664558827877044677734375">
        <ele>10.6000003814697265625</ele>
        <time>2026-09-13T12:15:40.000Z</time>
        <extensions>
          <ns3:TrackPointExtension>
            <ns3:hr>90</ns3:hr>
            <ns3:cad>54</ns3:cad>
          </ns3:TrackPointExtension>
        </extensions>
      </trkpt>
      <trkpt lat="31.27831497229635715484619140625" lon="121.48585340939462184906005859375">
        <ele>10.80000019073486328125</ele>
        <time>2026-09-13T12:15:43.000Z</time>
        <extensions>
          <ns3:TrackPointExtension>
            <ns3:hr>87</ns3:hr>
            <ns3:cad>55</ns3:cad>
          </ns3:TrackPointExtension>
        </extensions>
      </trkpt>
      <trkpt lat="31.278292424976825714111328125" lon="121.48583748377859592437744140625">
        <ele>10.6000003814697265625</ele>
        <time>2026-09-13T12:15:46.000Z</time>
        <extensions>
          <ns3:TrackPointExtension>
            <ns3:hr>85</ns3:hr>
            <ns3:cad>54</ns3:cad>
          </ns3:TrackPointExtension>
        </extensions>
      </trkpt>
      <trkpt lat="31.27827255986630916595458984375" lon="121.48582809604704380035400390625">
        <ele>10.3999996185302734375</ele>
        <time>2026-09-13T12:15:48.000Z</time>
        <extensions>
          <ns3:TrackPointExtension>
            <ns3:hr>83</ns3:hr>
            <ns3:cad>54</ns3:cad>
          </ns3:TrackPointExtension>
        </extensions>
      </trkpt>
      <trkpt lat="31.27820533700287342071533203125" lon="121.4858248271048069000244140625">
        <ele>9.6000003814697265625</ele>
        <time>2026-09-13T12:15:52.000Z</time>
        <extensions>
          <ns3:TrackPointExtension>
            <ns3:hr>83</ns3:hr>
            <ns3:cad>84</ns3:cad>
          </ns3:TrackPointExtension>
        </extensions>
      </trkpt>
      <trkpt lat="31.27806552685797214508056640625" lon="121.485837064683437347412109375">
        <ele>8.3999996185302734375</ele>
        <time>2026-09-13T12:15:59.000Z</time>
        <extensions>
          <ns3:TrackPointExtension>
            <ns3:hr>82</ns3:hr>
            <ns3:cad>84</ns3:cad>
          </ns3:TrackPointExtension>
        </extensions>
      </trkpt>
      <trkpt lat="31.27798723988234996795654296875" lon="121.48583178408443927764892578125">
        <ele>8</ele>
        <time>2026-09-13T12:16:03.000Z</time>
        <extensions>
          <ns3:TrackPointExtension>
            <ns3:hr>85</ns3:hr>
            <ns3:cad>83</ns3:cad>
          </ns3:TrackPointExtension>
        </extensions>
      </trkpt>
      <trkpt lat="31.277943737804889678955078125" lon="121.48583312518894672393798828125">
        <ele>7.599999904632568359375</ele>
        <time>2026-09-13T12:16:05.000Z</time>
        <extensions>
          <ns3:TrackPointExtension>
            <ns3:hr>88</ns3:hr>
            <ns3:cad>83</ns3:cad>
          </ns3:TrackPointExtension>
        </extensions>
      </trkpt>
      <trkpt lat="31.27790174447000026702880859375" lon="121.485838405787944793701171875">
        <ele>7.400000095367431640625</ele>
        <time>2026-09-13T12:16:07.000Z</time>
        <extensions>
          <ns3:TrackPointExtension>
            <ns3:hr>91</ns3:hr>
            <ns3:cad>83</ns3:cad>
          </ns3:TrackPointExtension>
        </extensions>
      </trkpt>
      <trkpt lat="31.27785061486065387725830078125" lon="121.485851146280765533447265625">
        <ele>7.19999980926513671875</ele>
        <time>2026-09-13T12:16:09.000Z</time>
        <extensions>
          <ns3:TrackPointExtension>
            <ns3:hr>94</ns3:hr>
            <ns3:cad>83</ns3:cad>
          </ns3:TrackPointExtension>
        </extensions>
      </trkpt>
      <trkpt lat="31.2778027541935443878173828125" lon="121.4858601987361907958984375">
        <ele>7</ele>
        <time>2026-09-13T12:16:11.000Z</time>
        <extensions>
          <ns3:TrackPointExtension>
            <ns3:hr>98</ns3:hr>
            <ns3:cad>83</ns3:cad>
          </ns3:TrackPointExtension>
        </extensions>
      </trkpt>
      <trkpt lat="31.27775707282125949859619140625" lon="121.485875286161899566650390625">
        <ele>6.80000019073486328125</ele>
        <time>2026-09-13T12:16:13.000Z</time>
        <extensions>
          <ns3:TrackPointExtension>
            <ns3:hr>100</ns3:hr>
            <ns3:cad>83</ns3:cad>
          </ns3:TrackPointExtension>
        </extensions>
      </trkpt>
      <trkpt lat="31.277628242969512939453125" lon="121.48589037358760833740234375">
        <ele>6.400000095367431640625</ele>
        <time>2026-09-13T12:16:18.000Z</time>
        <extensions>
          <ns3:TrackPointExtension>
            <ns3:hr>103</ns3:hr>
            <ns3:cad>82</ns3:cad>
          </ns3:TrackPointExtension>
        </extensions>
      </trkpt>
      <trkpt lat="31.2775888480246067047119140625" lon="121.48588693700730800628662109375">
        <ele>6</ele>
        <time>2026-09-13T12:16:20.000Z</time>
        <extensions>
          <ns3:TrackPointExtension>
            <ns3:hr>103</ns3:hr>
            <ns3:cad>83</ns3:cad>
          </ns3:TrackPointExtension>
        </extensions>
      </trkpt>
      <trkpt lat="31.2774721719324588775634765625" lon="121.4859176985919475555419921875">
        <ele>4.599999904632568359375</ele>
        <time>2026-09-13T12:16:25.000Z</time>
        <extensions>
          <ns3:TrackPointExtension>
            <ns3:hr>105</ns3:hr>
            <ns3:cad>82</ns3:cad>
          </ns3:TrackPointExtension>
        </extensions>
      </trkpt>
      <trkpt lat="31.277446858584880828857421875" lon="121.48591778241097927093505859375">
        <ele>4.19999980926513671875</ele>
        <time>2026-09-13T12:16:26.000Z</time>
        <extensions>
          <ns3:TrackPointExtension>
            <ns3:hr>106</ns3:hr>
            <ns3:cad>83</ns3:cad>
          </ns3:TrackPointExtension>
        </extensions>
      </trkpt>
      <trkpt lat="31.277397908270359039306640625" lon="121.48589917458593845367431640625">
        <ele>3.599999904632568359375</ele>
        <time>2026-09-13T12:16:28.000Z</time>
        <extensions>
          <ns3:TrackPointExtension>
            <ns3:hr>109</ns3:hr>
            <ns3:cad>82</ns3:cad>
          </ns3:TrackPointExtension>
        </extensions>
      </trkpt>
      <trkpt lat="31.27727092243731021881103515625" lon="121.48591141216456890106201171875">
        <ele>3</ele>
        <time>2026-09-13T12:16:33.000Z</time>
        <extensions>
          <ns3:TrackPointExtension>
            <ns3:hr>112</ns3:hr>
            <ns3:cad>82</ns3:cad>
          </ns3:TrackPointExtension>
        </extensions>
      </trkpt>
      <trkpt lat="31.27727092243731021881103515625" lon="121.48591141216456890106201171875">
        <ele>3</ele>
        <time>2026-09-13T12:16:34.000Z</time>
        <extensions>
          <ns3:TrackPointExtension>
            <ns3:hr>112</ns3:hr>
            <ns3:cad>82</ns3:cad>
          </ns3:TrackPointExtension>
        </extensions>
      </trkpt>
      <trkpt lat="31.27708618529140949249267578125" lon="121.48591987788677215576171875">
        <ele>4.400000095367431640625</ele>
        <time>2026-09-13T12:16:42.000Z</time>
        <extensions>
          <ns3:TrackPointExtension>
            <ns3:hr>115</ns3:hr>
            <ns3:cad>82</ns3:cad>
          </ns3:TrackPointExtension>
        </extensions>
      </trkpt>
      <trkpt lat="31.277067661285400390625" lon="121.48592465557157993316650390625">
        <ele>4.599999904632568359375</ele>
        <time>2026-09-13T12:16:43.000Z</time>
        <extensions>
          <ns3:TrackPointExtension>
            <ns3:hr>114</ns3:hr>
            <ns3:cad>82</ns3:cad>
          </ns3:TrackPointExtension>
        </extensions>
      </trkpt>
      <trkpt lat="31.2769347243010997772216796875" lon="121.48592700250446796417236328125">
        <ele>5.80000019073486328125</ele>
        <time>2026-09-13T12:16:50.000Z</time>
        <extensions>
          <ns3:TrackPointExtension>
            <ns3:hr>116</ns3:hr>
            <ns3:cad>82</ns3:cad>
          </ns3:TrackPointExtension>
        </extensions>
      </trkpt>
      <trkpt lat="31.27677999436855316162109375" lon="121.48599171079695224761962890625">
        <ele>7</ele>
        <time>2026-09-13T12:16:56.000Z</time>
        <extensions>
          <ns3:TrackPointExtension>
            <ns3:hr>119</ns3:hr>
            <ns3:cad>82</ns3:cad>
          </ns3:TrackPointExtension>
        </extensions>
      </trkpt>
      <trkpt lat="31.27675577066838741302490234375" lon="121.4859981648623943328857421875">
        <ele>7.19999980926513671875</ele>
        <time>2026-09-13T12:16:57.000Z</time>
        <extensions>
          <ns3:TrackPointExtension>
            <ns3:hr>119</ns3:hr>
            <ns3:cad>83</ns3:cad>
          </ns3:TrackPointExtension>
        </extensions>
      </trkpt>
      <trkpt lat="31.276588551700115203857421875" lon="121.48604250513017177581787109375">
        <ele>8.6000003814697265625</ele>
        <time>2026-09-13T12:17:04.000Z</time>
        <extensions>
          <ns3:TrackPointExtension>
            <ns3:hr>120</ns3:hr>
            <ns3:cad>83</ns3:cad>
          </ns3:TrackPointExtension>
        </extensions>
      </trkpt>
      <trkpt lat="31.27657555975019931793212890625" lon="121.48604937829077243804931640625">
        <ele>8.80000019073486328125</ele>
        <time>2026-09-13T12:17:05.000Z</time>
        <extensions>
          <ns3:TrackPointExtension>
            <ns3:hr>119</ns3:hr>
            <ns3:cad>83</ns3:cad>
          </ns3:TrackPointExtension>
        </extensions>
      </trkpt>
      <trkpt lat="31.276514120399951934814453125" lon="121.48603395558893680572509765625">
        <ele>9.19999980926513671875</ele>
        <time>2026-09-13T12:17:10.000Z</time>
        <extensions>
          <ns3:TrackPointExtension>
            <ns3:hr>120</ns3:hr>
            <ns3:cad>74</ns3:cad>
          </ns3:TrackPointExtension>
        </extensions>
      </trkpt>
      <trkpt lat="31.27647019922733306884765625" lon="121.4860491268336772918701171875">
        <ele>9.80000019073486328125</ele>
        <time>2026-09-13T12:17:16.000Z</time>
        <extensions>
          <ns3:TrackPointExtension>
            <ns3:hr>118</ns3:hr>
            <ns3:cad>52</ns3:cad>
          </ns3:TrackPointExtension>
        </extensions>
      </trkpt>
      <trkpt lat="31.27639953978359699249267578125" lon="121.48607536219060420989990234375">
        <ele>10.80000019073486328125</ele>
        <time>2026-09-13T12:17:24.000Z</time>
        <extensions>
          <ns3:TrackPointExtension>
            <ns3:hr>118</ns3:hr>
            <ns3:cad>0</ns3:cad>
          </ns3:TrackPointExtension>
        </extensions>
      </trkpt>
      <trkpt lat="31.27635511569678783416748046875" lon="121.48607837967574596405029296875">
        <ele>11.3999996185302734375</ele>
        <time>2026-09-13T12:17:30.000Z</time>
        <extensions>
          <ns3:TrackPointExtension>
            <ns3:hr>115</ns3:hr>
            <ns3:cad>51</ns3:cad>
          </ns3:TrackPointExtension>
        </extensions>
      </trkpt>
      <trkpt lat="31.2763396091759204864501953125" lon="121.4860774576663970947265625">
        <ele>11.6000003814697265625</ele>
        <time>2026-09-13T12:17:32.000Z</time>
        <extensions>
          <ns3:TrackPointExtension>
            <ns3:hr>112</ns3:hr>
            <ns3:cad>51</ns3:cad>
          </ns3:TrackPointExtension>
        </extensions>
      </trkpt>
      <trkpt lat="31.27633281983435153961181640625" lon="121.48607837967574596405029296875">
        <ele>11.6000003814697265625</ele>
        <time>2026-09-13T12:17:33.000Z</time>
        <extensions>
          <ns3:TrackPointExtension>
            <ns3:hr>111</ns3:hr>
            <ns3:cad>51</ns3:cad>
          </ns3:TrackPointExtension>
        </extensions>
      </trkpt>
      <trkpt lat="31.2762336619198322296142578125" lon="121.48611626587808132171630859375">
        <ele>12.19999980926513671875</ele>
        <time>2026-09-13T12:17:38.000Z</time>
        <extensions>
          <ns3:TrackPointExtension>
            <ns3:hr>111</ns3:hr>
            <ns3:cad>51</ns3:cad>
          </ns3:TrackPointExtension>
        </extensions>
      </trkpt>
      <trkpt lat="31.27608421258628368377685546875" lon="121.486205197870731353759765625">
        <ele>13.19999980926513671875</ele>
        <time>2026-09-13T12:17:45.000Z</time>
        <extensions>
          <ns3:TrackPointExtension>
            <ns3:hr>113</ns3:hr>
            <ns3:cad>84</ns3:cad>
          </ns3:TrackPointExtension>
        </extensions>
      </trkpt>
      <trkpt lat="31.275965273380279541015625" lon="121.4862569980323314666748046875">
        <ele>14.80000019073486328125</ele>
        <time>2026-09-13T12:17:52.000Z</time>
        <extensions>
          <ns3:TrackPointExtension>
            <ns3:hr>110</ns3:hr>
            <ns3:cad>85</ns3:cad>
          </ns3:TrackPointExtension>
        </extensions>
      </trkpt>
      <trkpt lat="31.27594473771750926971435546875" lon="121.4862677268683910369873046875">
        <ele>15</ele>
        <time>2026-09-13T12:17:53.000Z</time>
        <extensions>
          <ns3:TrackPointExtension>
            <ns3:hr>110</ns3:hr>
            <ns3:cad>85</ns3:cad>
          </ns3:TrackPointExtension>
        </extensions>
      </trkpt>
      <trkpt lat="31.275844238698482513427734375" lon="121.48635037243366241455078125">
        <ele>15.6000003814697265625</ele>
        <time>2026-09-13T12:17:58.000Z</time>
        <extensions>
          <ns3:TrackPointExtension>
            <ns3:hr>107</ns3:hr>
            <ns3:cad>84</ns3:cad>
          </ns3:TrackPointExtension>
        </extensions>
      </trkpt>
      <trkpt lat="31.2758038379251956939697265625" lon="121.48638649843633174896240234375">
        <ele>15.6000003814697265625</ele>
        <time>2026-09-13T12:18:00.000Z</time>
        <extensions>
          <ns3:TrackPointExtension>
            <ns3:hr>107</ns3:hr>
            <ns3:cad>83</ns3:cad>
          </ns3:TrackPointExtension>
        </extensions>
      </trkpt>
      <trkpt lat="31.27577014267444610595703125" lon="121.48641181178390979766845703125">
        <ele>15.6000003814697265625</ele>
        <time>2026-09-13T12:18:02.000Z</time>
        <extensions>
          <ns3:TrackPointExtension>
            <ns3:hr>108</ns3:hr>
            <ns3:cad>83</ns3:cad>
          </ns3:TrackPointExtension>
        </extensions>
      </trkpt>
      <trkpt lat="31.27571691758930683135986328125" lon="121.486436538398265838623046875">
        <ele>15.80000019073486328125</ele>
        <time>2026-09-13T12:18:05.000Z</time>
        <extensions>
          <ns3:TrackPointExtension>
            <ns3:hr>109</ns3:hr>
            <ns3:cad>83</ns3:cad>
          </ns3:TrackPointExtension>
        </extensions>
      </trkpt>
      <trkpt lat="31.27558263950049877166748046875" lon="121.48654122836887836456298828125">
        <ele>14.80000019073486328125</ele>
        <time>2026-09-13T12:18:12.000Z</time>
        <extensions>
          <ns3:TrackPointExtension>
            <ns3:hr>108</ns3:hr>
            <ns3:cad>81</ns3:cad>
          </ns3:TrackPointExtension>
        </extensions>
      </trkpt>
      <trkpt lat="31.2754811346530914306640625" lon="121.48662856779992580413818359375">
        <ele>14.19999980926513671875</ele>
        <time>2026-09-13T12:18:17.000Z</time>
        <extensions>
          <ns3:TrackPointExtension>
            <ns3:hr>110</ns3:hr>
            <ns3:cad>83</ns3:cad>
          </ns3:TrackPointExtension>
        </extensions>
      </trkpt>
      <trkpt lat="31.2754221260547637939453125" lon="121.48665052838623523712158203125">
        <ele>13.19999980926513671875</ele>
        <time>2026-09-13T12:18:20.000Z</time>
        <extensions>
          <ns3:TrackPointExtension>
            <ns3:hr>113</ns3:hr>
            <ns3:cad>83</ns3:cad>
          </ns3:TrackPointExtension>
        </extensions>
      </trkpt>
      <trkpt lat="31.2753797136247158050537109375" lon="121.48666997440159320831298828125">
        <ele>12.3999996185302734375</ele>
        <time>2026-09-13T12:18:22.000Z</time>
        <extensions>
          <ns3:TrackPointExtension>
            <ns3:hr>115</ns3:hr>
            <ns3:cad>82</ns3:cad>
          </ns3:TrackPointExtension>
        </extensions>
      </trkpt>
      <trkpt lat="31.27529195509850978851318359375" lon="121.48671054281294345855712890625">
        <ele>10.6000003814697265625</ele>
        <time>2026-09-13T12:18:27.000Z</time>
        <extensions>
          <ns3:TrackPointExtension>
            <ns3:hr>117</ns3:hr>
            <ns3:cad>84</ns3:cad>
          </ns3:TrackPointExtension>
        </extensions>
      </trkpt>
      <trkpt lat="31.27527150325477123260498046875" lon="121.486713476479053497314453125">
        <ele>10.19999980926513671875</ele>
        <time>2026-09-13T12:18:28.000Z</time>
        <extensions>
          <ns3:TrackPointExtension>
            <ns3:hr>117</ns3:hr>
            <ns3:cad>84</ns3:cad>
          </ns3:TrackPointExtension>
        </extensions>
      </trkpt>
      <trkpt lat="31.27524903975427150726318359375" lon="121.48672613315284252166748046875">
        <ele>10</ele>
        <time>2026-09-13T12:18:29.000Z</time>
        <extensions>
          <ns3:TrackPointExtension>
            <ns3:hr>118</ns3:hr>
            <ns3:cad>83</ns3:cad>
          </ns3:TrackPointExtension>
        </extensions>
      </trkpt>
      <trkpt lat="31.2751624546945095062255859375" lon="121.4867843873798847198486328125">
        <ele>9.19999980926513671875</ele>
        <time>2026-09-13T12:18:33.000Z</time>
        <extensions>
          <ns3:TrackPointExtension>
            <ns3:hr>119</ns3:hr>
            <ns3:cad>82</ns3:cad>
          </ns3:TrackPointExtension>
        </extensions>
      </trkpt>
      <trkpt lat="31.275038234889507293701171875" lon="121.48684523999691009521484375">
        <ele>7.599999904632568359375</ele>
        <time>2026-09-13T12:18:40.000Z</time>
        <extensions>
          <ns3:TrackPointExtension>
            <ns3:hr>119</ns3:hr>
            <ns3:cad>82</ns3:cad>
          </ns3:TrackPointExtension>
        </extensions>
      </trkpt>
      <trkpt lat="31.27495701424777507781982421875" lon="121.48690600879490375518798828125">
        <ele>6.599999904632568359375</ele>
        <time>2026-09-13T12:18:44.000Z</time>
        <extensions>
          <ns3:TrackPointExtension>
            <ns3:hr>119</ns3:hr>
            <ns3:cad>83</ns3:cad>
          </ns3:TrackPointExtension>
        </extensions>
      </trkpt>
      <trkpt lat="31.2749123387038707733154296875" lon="121.4869409613311290740966796875">
        <ele>6.19999980926513671875</ele>
        <time>2026-09-13T12:18:46.000Z</time>
        <extensions>
          <ns3:TrackPointExtension>
            <ns3:hr>119</ns3:hr>
            <ns3:cad>83</ns3:cad>
          </ns3:TrackPointExtension>
        </extensions>
      </trkpt>
      <trkpt lat="31.2747721932828426361083984375" lon="121.48702771402895450592041015625">
        <ele>5.80000019073486328125</ele>
        <time>2026-09-13T12:18:53.000Z</time>
        <extensions>
          <ns3:TrackPointExtension>
            <ns3:hr>119</ns3:hr>
            <ns3:cad>83</ns3:cad>
          </ns3:TrackPointExtension>
        </extensions>
      </trkpt>
      <trkpt lat="31.2747215665876865386962890625" lon="121.48705956526100635528564453125">
        <ele>6</ele>
        <time>2026-09-13T12:18:56.000Z</time>
        <extensions>
          <ns3:TrackPointExtension>
            <ns3:hr>119</ns3:hr>
            <ns3:cad>82</ns3:cad>
          </ns3:TrackPointExtension>
        </extensions>
      </trkpt>
      <trkpt lat="31.27466431818902492523193359375" lon="121.48709644563496112823486328125">
        <ele>6.19999980926513671875</ele>
        <time>2026-09-13T12:18:59.000Z</time>
        <extensions>
          <ns3:TrackPointExtension>
            <ns3:hr>119</ns3:hr>
            <ns3:cad>83</ns3:cad>
          </ns3:TrackPointExtension>
        </extensions>
      </trkpt>
      <trkpt lat="31.2745653279125690460205078125" lon="121.487184874713420867919921875">
        <ele>7</ele>
        <time>2026-09-13T12:19:04.000Z</time>
        <extensions>
          <ns3:TrackPointExtension>
            <ns3:hr>120</ns3:hr>
            <ns3:cad>84</ns3:cad>
          </ns3:TrackPointExtension>
        </extensions>
      </trkpt>
      <trkpt lat="31.27455107867717742919921875" lon="121.487198956310749053955078125">
        <ele>7</ele>
        <time>2026-09-13T12:19:05.000Z</time>
        <extensions>
          <ns3:TrackPointExtension>
            <ns3:hr>120</ns3:hr>
            <ns3:cad>84</ns3:cad>
          </ns3:TrackPointExtension>
        </extensions>
      </trkpt>
      <trkpt lat="31.2745341472327709197998046875" lon="121.487216390669345855712890625">
        <ele>7.19999980926513671875</ele>
        <time>2026-09-13T12:19:06.000Z</time>
        <extensions>
          <ns3:TrackPointExtension>
            <ns3:hr>121</ns3:hr>
            <ns3:cad>84</ns3:cad>
          </ns3:TrackPointExtension>
        </extensions>
      </trkpt>
      <trkpt lat="31.27447321079671382904052734375" lon="121.48725016973912715911865234375">
        <ele>7.19999980926513671875</ele>
        <time>2026-09-13T12:19:09.000Z</time>
        <extensions>
          <ns3:TrackPointExtension>
            <ns3:hr>121</ns3:hr>
            <ns3:cad>83</ns3:cad>
          </ns3:TrackPointExtension>
        </extensions>
      </trkpt>
      <trkpt lat="31.27432451583445072174072265625" lon="121.48728621192276477813720703125">
        <ele>8</ele>
        <time>2026-09-13T12:19:17.000Z</time>
        <extensions>
          <ns3:TrackPointExtension>
            <ns3:hr>122</ns3:hr>
            <ns3:cad>82</ns3:cad>
          </ns3:TrackPointExtension>
        </extensions>
      </trkpt>
      <trkpt lat="31.27421622164547443389892578125" lon="121.487365923821926116943359375">
        <ele>10</ele>
        <time>2026-09-13T12:19:23.000Z</time>
        <extensions>
          <ns3:TrackPointExtension>
            <ns3:hr>122</ns3:hr>
            <ns3:cad>83</ns3:cad>
          </ns3:TrackPointExtension>
        </extensions>
      </trkpt>
      <trkpt lat="31.2741975300014019012451171875" lon="121.48738008923828601837158203125">
        <ele>10.3999996185302734375</ele>
        <time>2026-09-13T12:19:24.000Z</time>
        <extensions>
          <ns3:TrackPointExtension>
            <ns3:hr>122</ns3:hr>
            <ns3:cad>83</ns3:cad>
          </ns3:TrackPointExtension>
        </extensions>
      </trkpt>
      <trkpt lat="31.27406903542578220367431640625" lon="121.48748067207634449005126953125">
        <ele>13</ele>
        <time>2026-09-13T12:19:30.000Z</time>
        <extensions>
          <ns3:TrackPointExtension>
            <ns3:hr>122</ns3:hr>
            <ns3:cad>83</ns3:cad>
          </ns3:TrackPointExtension>
        </extensions>
      </trkpt>
      <trkpt lat="31.2739568017423152923583984375" lon="121.4875387586653232574462890625">
        <ele>13.80000019073486328125</ele>
        <time>2026-09-13T12:19:36.000Z</time>
        <extensions>
          <ns3:TrackPointExtension>
            <ns3:hr>122</ns3:hr>
            <ns3:cad>82</ns3:cad>
          </ns3:TrackPointExtension>
        </extensions>
      </trkpt>
      <trkpt lat="31.27381958998739719390869140625" lon="121.4876239188015460968017578125">
        <ele>14.3999996185302734375</ele>
        <time>2026-09-13T12:19:43.000Z</time>
        <extensions>
          <ns3:TrackPointExtension>
            <ns3:hr>121</ns3:hr>
            <ns3:cad>83</ns3:cad>
          </ns3:TrackPointExtension>
        </extensions>
      </trkpt>
      <trkpt lat="31.2737189233303070068359375" lon="121.48768988437950611114501953125">
        <ele>13.6000003814697265625</ele>
        <time>2026-09-13T12:19:49.000Z</time>
        <extensions>
          <ns3:TrackPointExtension>
            <ns3:hr>120</ns3:hr>
            <ns3:cad>83</ns3:cad>
          </ns3:TrackPointExtension>
        </extensions>
      </trkpt>
      <trkpt lat="31.27364692278206348419189453125" lon="121.48772072978317737579345703125">
        <ele>12.19999980926513671875</ele>
        <time>2026-09-13T12:19:54.000Z</time>
        <extensions>
          <ns3:TrackPointExtension>
            <ns3:hr>119</ns3:hr>
            <ns3:cad>84</ns3:cad>
          </ns3:TrackPointExtension>
        </extensions>
      </trkpt>
      <trkpt lat="31.27357601188123226165771484375" lon="121.48778191767632961273193359375">
        <ele>10.3999996185302734375</ele>
        <time>2026-09-13T12:20:01.000Z</time>
        <extensions>
          <ns3:TrackPointExtension>
            <ns3:hr>118</ns3:hr>
            <ns3:cad>53</ns3:cad>
          </ns3:TrackPointExtension>
        </extensions>
      </trkpt>
      <trkpt lat="31.27354583702981472015380859375" lon="121.48780253715813159942626953125">
        <ele>10</ele>
        <time>2026-09-13T12:20:04.000Z</time>
        <extensions>
          <ns3:TrackPointExtension>
            <ns3:hr>118</ns3:hr>
            <ns3:cad>0</ns3:cad>
          </ns3:TrackPointExtension>
        </extensions>
      </trkpt>
      <trkpt lat="31.27353209070861339569091796875" lon="121.4878140203654766082763671875">
        <ele>9.80000019073486328125</ele>
        <time>2026-09-13T12:20:06.000Z</time>
        <extensions>
          <ns3:TrackPointExtension>
            <ns3:hr>118</ns3:hr>
            <ns3:cad>51</ns3:cad>
          </ns3:TrackPointExtension>
        </extensions>
      </trkpt>
      <trkpt lat="31.27352840267121791839599609375" lon="121.487809829413890838623046875">
        <ele>9.80000019073486328125</ele>
        <time>2026-09-13T12:20:07.000Z</time>
        <extensions>
          <ns3:TrackPointExtension>
            <ns3:hr>118</ns3:hr>
            <ns3:cad>51</ns3:cad>
          </ns3:TrackPointExtension>
        </extensions>
      </trkpt>
      <trkpt lat="31.2735222838819026947021484375" lon="121.48781217634677886962890625">
        <ele>9.80000019073486328125</ele>
        <time>2026-09-13T12:20:08.000Z</time>
        <extensions>
          <ns3:TrackPointExtension>
            <ns3:hr>118</ns3:hr>
            <ns3:cad>51</ns3:cad>
          </ns3:TrackPointExtension>
        </extensions>
      </trkpt>
      <trkpt lat="31.27349638380110263824462890625" lon="121.4878351427614688873291015625">
        <ele>9.6000003814697265625</ele>
        <time>2026-09-13T12:20:11.000Z</time>
        <extensions>
          <ns3:TrackPointExtension>
            <ns3:hr>117</ns3:hr>
            <ns3:cad>51</ns3:cad>
          </ns3:TrackPointExtension>
        </extensions>
      </trkpt>
      <trkpt lat="31.27343419007956981658935546875" lon="121.4878938160836696624755859375">
        <ele>9.3999996185302734375</ele>
        <time>2026-09-13T12:20:15.000Z</time>
        <extensions>
          <ns3:TrackPointExtension>
            <ns3:hr>114</ns3:hr>
            <ns3:cad>0</ns3:cad>
          </ns3:TrackPointExtension>
        </extensions>
      </trkpt>
      <trkpt lat="31.2733814679086208343505859375" lon="121.48783287964761257171630859375">
        <ele>9.6000003814697265625</ele>
        <time>2026-09-13T12:20:20.000Z</time>
        <extensions>
          <ns3:TrackPointExtension>
            <ns3:hr>112</ns3:hr>
            <ns3:cad>0</ns3:cad>
          </ns3:TrackPointExtension>
        </extensions>
      </trkpt>
      <trkpt lat="31.2733583338558673858642578125" lon="121.48782047443091869354248046875">
        <ele>9.80000019073486328125</ele>
        <time>2026-09-13T12:20:26.000Z</time>
        <extensions>
          <ns3:TrackPointExtension>
            <ns3:hr>109</ns3:hr>
            <ns3:cad>0</ns3:cad>
          </ns3:TrackPointExtension>
        </extensions>
      </trkpt>
      <trkpt lat="31.273357830941677093505859375" lon="121.4878240786492824554443359375">
        <ele>9.80000019073486328125</ele>
        <time>2026-09-13T12:20:32.000Z</time>
        <extensions>
          <ns3:TrackPointExtension>
            <ns3:hr>108</ns3:hr>
            <ns3:cad>0</ns3:cad>
          </ns3:TrackPointExtension>
        </extensions>
      </trkpt>
      <trkpt lat="31.27336017787456512451171875" lon="121.48782935924828052520751953125">
        <ele>9.6000003814697265625</ele>
        <time>2026-09-13T12:20:43.000Z</time>
        <extensions>
          <ns3:TrackPointExtension>
            <ns3:hr>107</ns3:hr>
            <ns3:cad>0</ns3:cad>
          </ns3:TrackPointExtension>
        </extensions>
      </trkpt>
      <trkpt lat="31.27335774712264537811279296875" lon="121.48782935924828052520751953125">
        <ele>9.6000003814697265625</ele>
        <time>2026-09-13T12:20:52.000Z</time>
        <extensions>
          <ns3:TrackPointExtension>
            <ns3:hr>104</ns3:hr>
            <ns3:cad>0</ns3:cad>
          </ns3:TrackPointExtension>
        </extensions>
      </trkpt>
      <trkpt lat="31.27335757948458194732666015625" lon="121.48782935924828052520751953125">
        <ele>9.6000003814697265625</ele>
        <time>2026-09-13T12:20:54.000Z</time>
        <extensions>
          <ns3:TrackPointExtension>
            <ns3:hr>101</ns3:hr>
            <ns3:cad>0</ns3:cad>
          </ns3:TrackPointExtension>
        </extensions>
      </trkpt>
      <trkpt lat="31.27335741184651851654052734375" lon="121.487829945981502532958984375">
        <ele>9.6000003814697265625</ele>
        <time>2026-09-13T12:20:57.000Z</time>
        <extensions>
          <ns3:TrackPointExtension>
            <ns3:hr>98</ns3:hr>
            <ns3:cad>0</ns3:cad>
          </ns3:TrackPointExtension>
        </extensions>
      </trkpt>
      <trkpt lat="31.27335657365620136260986328125" lon="121.4878314547240734100341796875">
        <ele>9.6000003814697265625</ele>
        <time>2026-09-13T12:21:03.000Z</time>
        <extensions>
          <ns3:TrackPointExtension>
            <ns3:hr>95</ns3:hr>
            <ns3:cad>0</ns3:cad>
          </ns3:TrackPointExtension>
        </extensions>
      </trkpt>
      <trkpt lat="31.2733010016381740570068359375" lon="121.48786406032741069793701171875">
        <ele>9.19999980926513671875</ele>
        <time>2026-09-13T12:21:20.000Z</time>
        <extensions>
          <ns3:TrackPointExtension>
            <ns3:hr>91</ns3:hr>
            <ns3:cad>54</ns3:cad>
          </ns3:TrackPointExtension>
        </extensions>
      </trkpt>
      <trkpt lat="31.27327912487089633941650390625" lon="121.487878896296024322509765625">
        <ele>8.80000019073486328125</ele>
        <time>2026-09-13T12:21:21.000Z</time>
        <extensions>
          <ns3:TrackPointExtension>
            <ns3:hr>90</ns3:hr>
            <ns3:cad>53</ns3:cad>
          </ns3:TrackPointExtension>
        </extensions>
      </trkpt>
      <trkpt lat="31.273166723549365997314453125" lon="121.4879695884883403778076171875">
        <ele>7.400000095367431640625</ele>
        <time>2026-09-13T12:21:26.000Z</time>
        <extensions>
          <ns3:TrackPointExtension>
            <ns3:hr>94</ns3:hr>
            <ns3:cad>83</ns3:cad>
          </ns3:TrackPointExtension>
        </extensions>
      </trkpt>
      <trkpt lat="31.273147277534008026123046875" lon="121.48798593319952487945556640625">
        <ele>7.19999980926513671875</ele>
        <time>2026-09-13T12:21:27.000Z</time>
        <extensions>
          <ns3:TrackPointExtension>
            <ns3:hr>95</ns3:hr>
            <ns3:cad>84</ns3:cad>
          </ns3:TrackPointExtension>
        </extensions>
      </trkpt>
      <trkpt lat="31.27300671301782131195068359375" lon="121.4880862645804882049560546875">
        <ele>6.400000095367431640625</ele>
        <time>2026-09-13T12:21:35.000Z</time>
        <extensions>
          <ns3:TrackPointExtension>
            <ns3:hr>95</ns3:hr>
            <ns3:cad>85</ns3:cad>
          </ns3:TrackPointExtension>
        </extensions>
      </trkpt>
      <trkpt lat="31.27287645824253559112548828125" lon="121.4881325326859951019287109375">
        <ele>5.400000095367431640625</ele>
        <time>2026-09-13T12:21:42.000Z</time>
        <extensions>
          <ns3:TrackPointExtension>
            <ns3:hr>96</ns3:hr>
            <ns3:cad>84</ns3:cad>
          </ns3:TrackPointExtension>
        </extensions>
      </trkpt>
      <trkpt lat="31.2727828323841094970703125" lon="121.4881761185824871063232421875">
        <ele>4.599999904632568359375</ele>
        <time>2026-09-13T12:21:47.000Z</time>
        <extensions>
          <ns3:TrackPointExtension>
            <ns3:hr>99</ns3:hr>
            <ns3:cad>84</ns3:cad>
          </ns3:TrackPointExtension>
        </extensions>
      </trkpt>
      <trkpt lat="31.27270647324621677398681640625" lon="121.48821576498448848724365234375">
        <ele>4</ele>
        <time>2026-09-13T12:21:51.000Z</time>
        <extensions>
          <ns3:TrackPointExtension>
            <ns3:hr>101</ns3:hr>
            <ns3:cad>84</ns3:cad>
          </ns3:TrackPointExtension>
        </extensions>
      </trkpt>
      <trkpt lat="31.27265500836074352264404296875" lon="121.4882455207407474517822265625">
        <ele>3.400000095367431640625</ele>
        <time>2026-09-13T12:21:54.000Z</time>
        <extensions>
          <ns3:TrackPointExtension>
            <ns3:hr>104</ns3:hr>
            <ns3:cad>84</ns3:cad>
          </ns3:TrackPointExtension>
        </extensions>
      </trkpt>
      <trkpt lat="31.27259968779981136322021484375" lon="121.4882862567901611328125">
        <ele>2.599999904632568359375</ele>
        <time>2026-09-13T12:21:57.000Z</time>
        <extensions>
          <ns3:TrackPointExtension>
            <ns3:hr>107</ns3:hr>
            <ns3:cad>85</ns3:cad>
          </ns3:TrackPointExtension>
        </extensions>
      </trkpt>
      <trkpt lat="31.2725342251360416412353515625" lon="121.48833244107663631439208984375">
        <ele>1.7999999523162841796875</ele>
        <time>2026-09-13T12:22:00.000Z</time>
        <extensions>
          <ns3:TrackPointExtension>
            <ns3:hr>108</ns3:hr>
            <ns3:cad>85</ns3:cad>
          </ns3:TrackPointExtension>
        </extensions>
      </trkpt>
      <trkpt lat="31.27244730480015277862548828125" lon="121.48842346854507923126220703125">
        <ele>1.2000000476837158203125</ele>
        <time>2026-09-13T12:22:04.000Z</time>
        <extensions>
          <ns3:TrackPointExtension>
            <ns3:hr>111</ns3:hr>
            <ns3:cad>84</ns3:cad>
          </ns3:TrackPointExtension>
        </extensions>
      </trkpt>
      <trkpt lat="31.2724074907600879669189453125" lon="121.4884538948535919189453125">
        <ele>1</ele>
        <time>2026-09-13T12:22:06.000Z</time>
        <extensions>
          <ns3:TrackPointExtension>
            <ns3:hr>111</ns3:hr>
            <ns3:cad>84</ns3:cad>
          </ns3:TrackPointExtension>
        </extensions>
      </trkpt>
      <trkpt lat="31.27231587655842304229736328125" lon="121.4885201118886470794677734375">
        <ele>1</ele>
        <time>2026-09-13T12:22:11.000Z</time>
        <extensions>
          <ns3:TrackPointExtension>
            <ns3:hr>113</ns3:hr>
            <ns3:cad>83</ns3:cad>
          </ns3:TrackPointExtension>
        </extensions>
      </trkpt>
      <trkpt lat="31.27219601534307003021240234375" lon="121.4885801263153553009033203125">
        <ele>1</ele>
        <time>2026-09-13T12:22:17.000Z</time>
        <extensions>
          <ns3:TrackPointExtension>
            <ns3:hr>115</ns3:hr>
            <ns3:cad>84</ns3:cad>
          </ns3:TrackPointExtension>
        </extensions>
      </trkpt>
      <trkpt lat="31.27204933203756809234619140625" lon="121.48870275355875492095947265625">
        <ele>3.2000000476837158203125</ele>
        <time>2026-09-13T12:22:24.000Z</time>
        <extensions>
          <ns3:TrackPointExtension>
            <ns3:hr>118</ns3:hr>
            <ns3:cad>84</ns3:cad>
          </ns3:TrackPointExtension>
        </extensions>
      </trkpt>
      <trkpt lat="31.27193483524024486541748046875" lon="121.48878389038145542144775390625">
        <ele>4.400000095367431640625</ele>
        <time>2026-09-13T12:22:29.000Z</time>
        <extensions>
          <ns3:TrackPointExtension>
            <ns3:hr>118</ns3:hr>
            <ns3:cad>83</ns3:cad>
          </ns3:TrackPointExtension>
        </extensions>
      </trkpt>
      <trkpt lat="31.2718120403587818145751953125" lon="121.4888664521276950836181640625">
        <ele>5.400000095367431640625</ele>
        <time>2026-09-13T12:22:37.000Z</time>
        <extensions>
          <ns3:TrackPointExtension>
            <ns3:hr>120</ns3:hr>
            <ns3:cad>85</ns3:cad>
          </ns3:TrackPointExtension>
        </extensions>
      </trkpt>
      <trkpt lat="31.27168715000152587890625" lon="121.48892722092568874359130859375">
        <ele>6.400000095367431640625</ele>
        <time>2026-09-13T12:22:43.000Z</time>
        <extensions>
          <ns3:TrackPointExtension>
            <ns3:hr>122</ns3:hr>
            <ns3:cad>84</ns3:cad>
          </ns3:TrackPointExtension>
        </extensions>
      </trkpt>
      <trkpt lat="31.27154926769435405731201171875" lon="121.48900450207293033599853515625">
        <ele>6</ele>
        <time>2026-09-13T12:22:49.000Z</time>
        <extensions>
          <ns3:TrackPointExtension>
            <ns3:hr>122</ns3:hr>
            <ns3:cad>84</ns3:cad>
          </ns3:TrackPointExtension>
        </extensions>
      </trkpt>
      <trkpt lat="31.27153149805963039398193359375" lon="121.4890091121196746826171875">
        <ele>5.80000019073486328125</ele>
        <time>2026-09-13T12:22:50.000Z</time>
        <extensions>
          <ns3:TrackPointExtension>
            <ns3:hr>122</ns3:hr>
            <ns3:cad>84</ns3:cad>
          </ns3:TrackPointExtension>
        </extensions>
      </trkpt>
      <trkpt lat="31.2714653648436069488525390625" lon="121.48902696557343006134033203125">
        <ele>5.599999904632568359375</ele>
        <time>2026-09-13T12:22:54.000Z</time>
        <extensions>
          <ns3:TrackPointExtension>
            <ns3:hr>122</ns3:hr>
            <ns3:cad>84</ns3:cad>
          </ns3:TrackPointExtension>
        </extensions>
      </trkpt>
      <trkpt lat="31.27136369235813617706298828125" lon="121.489100642502307891845703125">
        <ele>3.7999999523162841796875</ele>
        <time>2026-09-13T12:23:01.000Z</time>
        <extensions>
          <ns3:TrackPointExtension>
            <ns3:hr>121</ns3:hr>
            <ns3:cad>83</ns3:cad>
          </ns3:TrackPointExtension>
        </extensions>
      </trkpt>
      <trkpt lat="31.27127501182258129119873046875" lon="121.4891735650599002838134765625">
        <ele>3.2000000476837158203125</ele>
        <time>2026-09-13T12:23:08.000Z</time>
        <extensions>
          <ns3:TrackPointExtension>
            <ns3:hr>119</ns3:hr>
            <ns3:cad>83</ns3:cad>
          </ns3:TrackPointExtension>
        </extensions>
      </trkpt>
      <trkpt lat="31.2711753509938716888427734375" lon="121.4892352558672428131103515625">
        <ele>3.7999999523162841796875</ele>
        <time>2026-09-13T12:23:13.000Z</time>
        <extensions>
          <ns3:TrackPointExtension>
            <ns3:hr>118</ns3:hr>
            <ns3:cad>82</ns3:cad>
          </ns3:TrackPointExtension>
        </extensions>
      </trkpt>
      <trkpt lat="31.2711753509938716888427734375" lon="121.4892352558672428131103515625">
        <ele>3.7999999523162841796875</ele>
        <time>2026-09-13T12:23:14.000Z</time>
        <extensions>
          <ns3:TrackPointExtension>
            <ns3:hr>118</ns3:hr>
            <ns3:cad>82</ns3:cad>
          </ns3:TrackPointExtension>
        </extensions>
      </trkpt>
      <trkpt lat="31.27102020196616649627685546875" lon="121.48938638158142566680908203125">
        <ele>4.19999980926513671875</ele>
        <time>2026-09-13T12:23:22.000Z</time>
        <extensions>
          <ns3:TrackPointExtension>
            <ns3:hr>119</ns3:hr>
            <ns3:cad>83</ns3:cad>
          </ns3:TrackPointExtension>
        </extensions>
      </trkpt>
      <trkpt lat="31.27090117894113063812255859375" lon="121.4894575439393520355224609375">
        <ele>7.400000095367431640625</ele>
        <time>2026-09-13T12:23:28.000Z</time>
        <extensions>
          <ns3:TrackPointExtension>
            <ns3:hr>121</ns3:hr>
            <ns3:cad>84</ns3:cad>
          </ns3:TrackPointExtension>
        </extensions>
      </trkpt>
      <trkpt lat="31.27079824917018413543701171875" lon="121.48952879011631011962890625">
        <ele>9.80000019073486328125</ele>
        <time>2026-09-13T12:23:33.000Z</time>
        <extensions>
          <ns3:TrackPointExtension>
            <ns3:hr>122</ns3:hr>
            <ns3:cad>82</ns3:cad>
          </ns3:TrackPointExtension>
        </extensions>
      </trkpt>
      <trkpt lat="31.2707150168716907501220703125" lon="121.48953440599143505096435546875">
        <ele>11.3999996185302734375</ele>
        <time>2026-09-13T12:23:37.000Z</time>
        <extensions>
          <ns3:TrackPointExtension>
            <ns3:hr>122</ns3:hr>
            <ns3:cad>83</ns3:cad>
          </ns3:TrackPointExtension>
        </extensions>
      </trkpt>
      <trkpt lat="31.27070470713078975677490234375" lon="121.489550583064556121826171875">
        <ele>11.6000003814697265625</ele>
        <time>2026-09-13T12:23:38.000Z</time>
        <extensions>
          <ns3:TrackPointExtension>
            <ns3:hr>121</ns3:hr>
            <ns3:cad>82</ns3:cad>
          </ns3:TrackPointExtension>
        </extensions>
      </trkpt>
      <trkpt lat="31.27069364301860332489013671875" lon="121.48958218283951282501220703125">
        <ele>11.3999996185302734375</ele>
        <time>2026-09-13T12:23:39.000Z</time>
        <extensions>
          <ns3:TrackPointExtension>
            <ns3:hr>121</ns3:hr>
            <ns3:cad>81</ns3:cad>
          </ns3:TrackPointExtension>
        </extensions>
      </trkpt>
      <trkpt lat="31.27065517008304595947265625" lon="121.4896394312381744384765625">
        <ele>11.80000019073486328125</ele>
        <time>2026-09-13T12:23:42.000Z</time>
        <extensions>
          <ns3:TrackPointExtension>
            <ns3:hr>121</ns3:hr>
            <ns3:cad>81</ns3:cad>
          </ns3:TrackPointExtension>
        </extensions>
      </trkpt>
      <trkpt lat="31.27062742598354816436767578125" lon="121.48967689834535121917724609375">
        <ele>12.19999980926513671875</ele>
        <time>2026-09-13T12:23:45.000Z</time>
        <extensions>
          <ns3:TrackPointExtension>
            <ns3:hr>121</ns3:hr>
            <ns3:cad>0</ns3:cad>
          </ns3:TrackPointExtension>
        </extensions>
      </trkpt>
      <trkpt lat="31.27060697413980960845947265625" lon="121.4897029660642147064208984375">
        <ele>12.6000003814697265625</ele>
        <time>2026-09-13T12:23:48.000Z</time>
        <extensions>
          <ns3:TrackPointExtension>
            <ns3:hr>121</ns3:hr>
            <ns3:cad>0</ns3:cad>
          </ns3:TrackPointExtension>
        </extensions>
      </trkpt>
      <trkpt lat="31.2706338800489902496337890625" lon="121.4896984398365020751953125">
        <ele>12</ele>
        <time>2026-09-13T12:23:52.000Z</time>
        <extensions>
          <ns3:TrackPointExtension>
            <ns3:hr>119</ns3:hr>
            <ns3:cad>47</ns3:cad>
          </ns3:TrackPointExtension>
        </extensions>
      </trkpt>
      <trkpt lat="31.27063949592411518096923828125" lon="121.48970103822648525238037109375">
        <ele>11.80000019073486328125</ele>
        <time>2026-09-13T12:23:58.000Z</time>
        <extensions>
          <ns3:TrackPointExtension>
            <ns3:hr>118</ns3:hr>
            <ns3:cad>0</ns3:cad>
          </ns3:TrackPointExtension>
        </extensions>
      </trkpt>
      <trkpt lat="31.2706424295902252197265625" lon="121.48969282396137714385986328125">
        <ele>11.80000019073486328125</ele>
        <time>2026-09-13T12:24:04.000Z</time>
        <extensions>
          <ns3:TrackPointExtension>
            <ns3:hr>119</ns3:hr>
            <ns3:cad>0</ns3:cad>
          </ns3:TrackPointExtension>
        </extensions>
      </trkpt>
      <trkpt lat="31.27063999883830547332763671875" lon="121.48969282396137714385986328125">
        <ele>11.80000019073486328125</ele>
        <time>2026-09-13T12:24:23.000Z</time>
        <extensions>
          <ns3:TrackPointExtension>
            <ns3:hr>116</ns3:hr>
            <ns3:cad>0</ns3:cad>
          </ns3:TrackPointExtension>
        </extensions>
      </trkpt>
      <trkpt lat="31.27063949592411518096923828125" lon="121.48969248868525028228759765625">
        <ele>11.80000019073486328125</ele>
        <time>2026-09-13T12:24:25.000Z</time>
        <extensions>
          <ns3:TrackPointExtension>
            <ns3:hr>112</ns3:hr>
            <ns3:cad>0</ns3:cad>
          </ns3:TrackPointExtension>
        </extensions>
      </trkpt>
      <trkpt lat="31.27063748426735401153564453125" lon="121.4896922372281551361083984375">
        <ele>11.80000019073486328125</ele>
        <time>2026-09-13T12:24:27.000Z</time>
        <extensions>
          <ns3:TrackPointExtension>
            <ns3:hr>108</ns3:hr>
            <ns3:cad>0</ns3:cad>
          </ns3:TrackPointExtension>
        </extensions>
      </trkpt>
      <trkpt lat="31.27063513733446598052978515625" lon="121.4896877110004425048828125">
        <ele>12</ele>
        <time>2026-09-13T12:24:29.000Z</time>
        <extensions>
          <ns3:TrackPointExtension>
            <ns3:hr>107</ns3:hr>
            <ns3:cad>0</ns3:cad>
          </ns3:TrackPointExtension>
        </extensions>
      </trkpt>
      <trkpt lat="31.27061887644231319427490234375" lon="121.4896627329289913177490234375">
        <ele>12.6000003814697265625</ele>
        <time>2026-09-13T12:24:33.000Z</time>
        <extensions>
          <ns3:TrackPointExtension>
            <ns3:hr>103</ns3:hr>
            <ns3:cad>0</ns3:cad>
          </ns3:TrackPointExtension>
        </extensions>
      </trkpt>
      <trkpt lat="31.27062499523162841796875" lon="121.489689387381076812744140625">
        <ele>12.19999980926513671875</ele>
        <time>2026-09-13T12:24:35.000Z</time>
        <extensions>
          <ns3:TrackPointExtension>
            <ns3:hr>102</ns3:hr>
            <ns3:cad>0</ns3:cad>
          </ns3:TrackPointExtension>
        </extensions>
      </trkpt>
      <trkpt lat="31.27056187950074672698974609375" lon="121.48972936905920505523681640625">
        <ele>13.6000003814697265625</ele>
        <time>2026-09-13T12:24:41.000Z</time>
        <extensions>
          <ns3:TrackPointExtension>
            <ns3:hr>103</ns3:hr>
            <ns3:cad>0</ns3:cad>
          </ns3:TrackPointExtension>
        </extensions>
      </trkpt>
      <trkpt lat="31.2705121748149394989013671875" lon="121.48977094329893589019775390625">
        <ele>14.19999980926513671875</ele>
        <time>2026-09-13T12:24:45.000Z</time>
        <extensions>
          <ns3:TrackPointExtension>
            <ns3:hr>102</ns3:hr>
            <ns3:cad>50</ns3:cad>
          </ns3:TrackPointExtension>
        </extensions>
      </trkpt>
      <trkpt lat="31.27044671215116977691650390625" lon="121.48980111815035343170166015625">
        <ele>14.3999996185302734375</ele>
        <time>2026-09-13T12:24:50.000Z</time>
        <extensions>
          <ns3:TrackPointExtension>
            <ns3:hr>101</ns3:hr>
            <ns3:cad>55</ns3:cad>
          </ns3:TrackPointExtension>
        </extensions>
      </trkpt>
      <trkpt lat="31.2703257612884044647216796875" lon="121.48978016339242458343505859375">
        <ele>16.6000003814697265625</ele>
        <time>2026-09-13T12:24:58.000Z</time>
        <extensions>
          <ns3:TrackPointExtension>
            <ns3:hr>104</ns3:hr>
            <ns3:cad>53</ns3:cad>
          </ns3:TrackPointExtension>
        </extensions>
      </trkpt>
      <trkpt lat="31.270312182605266571044921875" lon="121.4897696860134601593017578125">
        <ele>17</ele>
        <time>2026-09-13T12:25:00.000Z</time>
        <extensions>
          <ns3:TrackPointExtension>
            <ns3:hr>107</ns3:hr>
            <ns3:cad>53</ns3:cad>
          </ns3:TrackPointExtension>
        </extensions>
      </trkpt>
      <trkpt lat="31.27027320675551891326904296875" lon="121.48975820280611515045166015625">
        <ele>17.799999237060546875</ele>
        <time>2026-09-13T12:25:05.000Z</time>
        <extensions>
          <ns3:TrackPointExtension>
            <ns3:hr>108</ns3:hr>
            <ns3:cad>55</ns3:cad>
          </ns3:TrackPointExtension>
        </extensions>
      </trkpt>
      <trkpt lat="31.27023364417254924774169921875" lon="121.48977144621312618255615234375">
        <ele>18</ele>
        <time>2026-09-13T12:25:09.000Z</time>
        <extensions>
          <ns3:TrackPointExtension>
            <ns3:hr>107</ns3:hr>
            <ns3:cad>54</ns3:cad>
          </ns3:TrackPointExtension>
        </extensions>
      </trkpt>
      <trkpt lat="31.27020631916821002960205078125" lon="121.48978334851562976837158203125">
        <ele>18.200000762939453125</ele>
        <time>2026-09-13T12:25:12.000Z</time>
        <extensions>
          <ns3:TrackPointExtension>
            <ns3:hr>105</ns3:hr>
            <ns3:cad>54</ns3:cad>
          </ns3:TrackPointExtension>
        </extensions>
      </trkpt>
      <trkpt lat="31.27018888480961322784423828125" lon="121.48979340679943561553955078125">
        <ele>18.200000762939453125</ele>
        <time>2026-09-13T12:25:13.000Z</time>
        <extensions>
          <ns3:TrackPointExtension>
            <ns3:hr>106</ns3:hr>
            <ns3:cad>54</ns3:cad>
          </ns3:TrackPointExtension>
        </extensions>
      </trkpt>
      <trkpt lat="31.27011311240494251251220703125" lon="121.4898593723773956298828125">
        <ele>16.200000762939453125</ele>
        <time>2026-09-13T12:25:17.000Z</time>
        <extensions>
          <ns3:TrackPointExtension>
            <ns3:hr>104</ns3:hr>
            <ns3:cad>82</ns3:cad>
          </ns3:TrackPointExtension>
        </extensions>
      </trkpt>
      <trkpt lat="31.27002811990678310394287109375" lon="121.489920057356357574462890625">
        <ele>14.19999980926513671875</ele>
        <time>2026-09-13T12:25:23.000Z</time>
        <extensions>
          <ns3:TrackPointExtension>
            <ns3:hr>108</ns3:hr>
            <ns3:cad>83</ns3:cad>
          </ns3:TrackPointExtension>
        </extensions>
      </trkpt>
      <trkpt lat="31.27001135610044002532958984375" lon="121.48993673734366893768310546875">
        <ele>13.6000003814697265625</ele>
        <time>2026-09-13T12:25:24.000Z</time>
        <extensions>
          <ns3:TrackPointExtension>
            <ns3:hr>109</ns3:hr>
            <ns3:cad>83</ns3:cad>
          </ns3:TrackPointExtension>
        </extensions>
      </trkpt>
      <trkpt lat="31.2699717096984386444091796875" lon="121.48997345007956027984619140625">
        <ele>12.6000003814697265625</ele>
        <time>2026-09-13T12:25:26.000Z</time>
        <extensions>
          <ns3:TrackPointExtension>
            <ns3:hr>113</ns3:hr>
            <ns3:cad>82</ns3:cad>
          </ns3:TrackPointExtension>
        </extensions>
      </trkpt>
      <trkpt lat="31.26992938108742237091064453125" lon="121.48999976925551891326904296875">
        <ele>11.80000019073486328125</ele>
        <time>2026-09-13T12:25:29.000Z</time>
        <extensions>
          <ns3:TrackPointExtension>
            <ns3:hr>110</ns3:hr>
            <ns3:cad>83</ns3:cad>
          </ns3:TrackPointExtension>
        </extensions>
      </trkpt>
      <trkpt lat="31.26991362310945987701416015625" lon="121.49001318030059337615966796875">
        <ele>11.6000003814697265625</ele>
        <time>2026-09-13T12:25:30.000Z</time>
        <extensions>
          <ns3:TrackPointExtension>
            <ns3:hr>113</ns3:hr>
            <ns3:cad>83</ns3:cad>
          </ns3:TrackPointExtension>
        </extensions>
      </trkpt>
      <trkpt lat="31.2698791734874248504638671875" lon="121.49007738567888736724853515625">
        <ele>10.3999996185302734375</ele>
        <time>2026-09-13T12:25:32.000Z</time>
        <extensions>
          <ns3:TrackPointExtension>
            <ns3:hr>108</ns3:hr>
            <ns3:cad>83</ns3:cad>
          </ns3:TrackPointExtension>
        </extensions>
      </trkpt>
      <trkpt lat="31.26983818598091602325439453125" lon="121.4901063032448291778564453125">
        <ele>9.80000019073486328125</ele>
        <time>2026-09-13T12:25:34.000Z</time>
        <extensions>
          <ns3:TrackPointExtension>
            <ns3:hr>106</ns3:hr>
            <ns3:cad>83</ns3:cad>
          </ns3:TrackPointExtension>
        </extensions>
      </trkpt>
      <trkpt lat="31.26967507414519786834716796875" lon="121.4901978336274623870849609375">
        <ele>9</ele>
        <time>2026-09-13T12:25:41.000Z</time>
        <extensions>
          <ns3:TrackPointExtension>
            <ns3:hr>106</ns3:hr>
            <ns3:cad>83</ns3:cad>
          </ns3:TrackPointExtension>
        </extensions>
      </trkpt>
      <trkpt lat="31.269620843231678009033203125" lon="121.490231193602085113525390625">
        <ele>9.19999980926513671875</ele>
        <time>2026-09-13T12:25:44.000Z</time>
        <extensions>
          <ns3:TrackPointExtension>
            <ns3:hr>108</ns3:hr>
            <ns3:cad>84</ns3:cad>
          </ns3:TrackPointExtension>
        </extensions>
      </trkpt>
      <trkpt lat="31.26958270557224750518798828125" lon="121.4902541600167751312255859375">
        <ele>9.3999996185302734375</ele>
        <time>2026-09-13T12:25:46.000Z</time>
        <extensions>
          <ns3:TrackPointExtension>
            <ns3:hr>109</ns3:hr>
            <ns3:cad>82</ns3:cad>
          </ns3:TrackPointExtension>
        </extensions>
      </trkpt>
      <trkpt lat="31.2695680372416973114013671875" lon="121.49027084000408649444580078125">
        <ele>9.6000003814697265625</ele>
        <time>2026-09-13T12:25:47.000Z</time>
        <extensions>
          <ns3:TrackPointExtension>
            <ns3:hr>110</ns3:hr>
            <ns3:cad>82</ns3:cad>
          </ns3:TrackPointExtension>
        </extensions>
      </trkpt>
      <trkpt lat="31.2695388682186603546142578125" lon="121.4902984164655208587646484375">
        <ele>9.80000019073486328125</ele>
        <time>2026-09-13T12:25:49.000Z</time>
        <extensions>
          <ns3:TrackPointExtension>
            <ns3:hr>111</ns3:hr>
            <ns3:cad>82</ns3:cad>
          </ns3:TrackPointExtension>
        </extensions>
      </trkpt>
      <trkpt lat="31.2694949470460414886474609375" lon="121.4903421700000762939453125">
        <ele>10</ele>
        <time>2026-09-13T12:25:52.000Z</time>
        <extensions>
          <ns3:TrackPointExtension>
            <ns3:hr>112</ns3:hr>
            <ns3:cad>83</ns3:cad>
          </ns3:TrackPointExtension>
        </extensions>
      </trkpt>
      <trkpt lat="31.26944951713085174560546875" lon="121.490372680127620697021484375">
        <ele>10.19999980926513671875</ele>
        <time>2026-09-13T12:25:55.000Z</time>
        <extensions>
          <ns3:TrackPointExtension>
            <ns3:hr>114</ns3:hr>
            <ns3:cad>83</ns3:cad>
          </ns3:TrackPointExtension>
        </extensions>
      </trkpt>
      <trkpt lat="31.2693293206393718719482421875" lon="121.49045054800808429718017578125">
        <ele>9.6000003814697265625</ele>
        <time>2026-09-13T12:26:02.000Z</time>
        <extensions>
          <ns3:TrackPointExtension>
            <ns3:hr>117</ns3:hr>
            <ns3:cad>84</ns3:cad>
          </ns3:TrackPointExtension>
        </extensions>
      </trkpt>
      <trkpt lat="31.269232593476772308349609375" lon="121.490545682609081268310546875">
        <ele>9</ele>
        <time>2026-09-13T12:26:08.000Z</time>
        <extensions>
          <ns3:TrackPointExtension>
            <ns3:hr>119</ns3:hr>
            <ns3:cad>84</ns3:cad>
          </ns3:TrackPointExtension>
        </extensions>
      </trkpt>
      <trkpt lat="31.26909957267343997955322265625" lon="121.49063210003077983856201171875">
        <ele>8.6000003814697265625</ele>
        <time>2026-09-13T12:26:16.000Z</time>
        <extensions>
          <ns3:TrackPointExtension>
            <ns3:hr>120</ns3:hr>
            <ns3:cad>83</ns3:cad>
          </ns3:TrackPointExtension>
        </extensions>
      </trkpt>
      <trkpt lat="31.26896026544272899627685546875" lon="121.49077274836599826812744140625">
        <ele>7.80000019073486328125</ele>
        <time>2026-09-13T12:26:23.000Z</time>
        <extensions>
          <ns3:TrackPointExtension>
            <ns3:hr>121</ns3:hr>
            <ns3:cad>85</ns3:cad>
          </ns3:TrackPointExtension>
        </extensions>
      </trkpt>
      <trkpt lat="31.2688103131949901580810546875" lon="121.4908888377249240875244140625">
        <ele>8.19999980926513671875</ele>
        <time>2026-09-13T12:26:30.000Z</time>
        <extensions>
          <ns3:TrackPointExtension>
            <ns3:hr>121</ns3:hr>
            <ns3:cad>84</ns3:cad>
          </ns3:TrackPointExtension>
        </extensions>
      </trkpt>
      <trkpt lat="31.26869707368314266204833984375" lon="121.49094826541841030120849609375">
        <ele>8.3999996185302734375</ele>
        <time>2026-09-13T12:26:37.000Z</time>
        <extensions>
          <ns3:TrackPointExtension>
            <ns3:hr>121</ns3:hr>
            <ns3:cad>84</ns3:cad>
          </ns3:TrackPointExtension>
        </extensions>
      </trkpt>
      <trkpt lat="31.26852256245911121368408203125" lon="121.49103862233459949493408203125">
        <ele>8</ele>
        <time>2026-09-13T12:26:47.000Z</time>
        <extensions>
          <ns3:TrackPointExtension>
            <ns3:hr>121</ns3:hr>
            <ns3:cad>82</ns3:cad>
          </ns3:TrackPointExtension>
        </extensions>
      </trkpt>
      <trkpt lat="31.26838241703808307647705078125" lon="121.4911148138344287872314453125">
        <ele>6.19999980926513671875</ele>
        <time>2026-09-13T12:26:55.000Z</time>
        <extensions>
          <ns3:TrackPointExtension>
            <ns3:hr>120</ns3:hr>
            <ns3:cad>82</ns3:cad>
          </ns3:TrackPointExtension>
        </extensions>
      </trkpt>
      <trkpt lat="31.26819617114961147308349609375" lon="121.49116200394928455352783203125">
        <ele>4.80000019073486328125</ele>
        <time>2026-09-13T12:27:03.000Z</time>
        <extensions>
          <ns3:TrackPointExtension>
            <ns3:hr>122</ns3:hr>
            <ns3:cad>83</ns3:cad>
          </ns3:TrackPointExtension>
        </extensions>
      </trkpt>
      <trkpt lat="31.2680887989699840545654296875" lon="121.491212546825408935546875">
        <ele>4.400000095367431640625</ele>
        <time>2026-09-13T12:27:08.000Z</time>
        <extensions>
          <ns3:TrackPointExtension>
            <ns3:hr>123</ns3:hr>
            <ns3:cad>85</ns3:cad>
          </ns3:TrackPointExtension>
        </extensions>
      </trkpt>
      <trkpt lat="31.26808167435228824615478515625" lon="121.491228304803371429443359375">
        <ele>4.400000095367431640625</ele>
        <time>2026-09-13T12:27:09.000Z</time>
        <extensions>
          <ns3:TrackPointExtension>
            <ns3:hr>122</ns3:hr>
            <ns3:cad>85</ns3:cad>
          </ns3:TrackPointExtension>
        </extensions>
      </trkpt>
      <trkpt lat="31.26807899214327335357666015625" lon="121.49126459844410419464111328125">
        <ele>4.400000095367431640625</ele>
        <time>2026-09-13T12:27:11.000Z</time>
        <extensions>
          <ns3:TrackPointExtension>
            <ns3:hr>122</ns3:hr>
            <ns3:cad>85</ns3:cad>
          </ns3:TrackPointExtension>
        </extensions>
      </trkpt>
      <trkpt lat="31.2681005336344242095947265625" lon="121.4912945218384265899658203125">
        <ele>4.400000095367431640625</ele>
        <time>2026-09-13T12:27:13.000Z</time>
        <extensions>
          <ns3:TrackPointExtension>
            <ns3:hr>122</ns3:hr>
            <ns3:cad>85</ns3:cad>
          </ns3:TrackPointExtension>
        </extensions>
      </trkpt>
      <trkpt lat="31.26820497214794158935546875" lon="121.49140658788383007049560546875">
        <ele>4.80000019073486328125</ele>
        <time>2026-09-13T12:27:20.000Z</time>
        <extensions>
          <ns3:TrackPointExtension>
            <ns3:hr>123</ns3:hr>
            <ns3:cad>83</ns3:cad>
          </ns3:TrackPointExtension>
        </extensions>
      </trkpt>
      <trkpt lat="31.26821729354560375213623046875" lon="121.4914289675652980804443359375">
        <ele>4.80000019073486328125</ele>
        <time>2026-09-13T12:27:22.000Z</time>
        <extensions>
          <ns3:TrackPointExtension>
            <ns3:hr>123</ns3:hr>
            <ns3:cad>82</ns3:cad>
          </ns3:TrackPointExtension>
        </extensions>
      </trkpt>
      <trkpt lat="31.26821913756430149078369140625" lon="121.49146324954926967620849609375">
        <ele>4.80000019073486328125</ele>
        <time>2026-09-13T12:27:24.000Z</time>
        <extensions>
          <ns3:TrackPointExtension>
            <ns3:hr>123</ns3:hr>
            <ns3:cad>83</ns3:cad>
          </ns3:TrackPointExtension>
        </extensions>
      </trkpt>
      <trkpt lat="31.2681987695395946502685546875" lon="121.49164295755326747894287109375">
        <ele>5</ele>
        <time>2026-09-13T12:27:31.000Z</time>
        <extensions>
          <ns3:TrackPointExtension>
            <ns3:hr>123</ns3:hr>
            <ns3:cad>84</ns3:cad>
          </ns3:TrackPointExtension>
        </extensions>
      </trkpt>
      <trkpt lat="31.2681763060390949249267578125" lon="121.49181880988180637359619140625">
        <ele>6.19999980926513671875</ele>
        <time>2026-09-13T12:27:40.000Z</time>
        <extensions>
          <ns3:TrackPointExtension>
            <ns3:hr>125</ns3:hr>
            <ns3:cad>82</ns3:cad>
          </ns3:TrackPointExtension>
        </extensions>
      </trkpt>
      <trkpt lat="31.26819449476897716522216796875" lon="121.49192106910049915313720703125">
        <ele>6.80000019073486328125</ele>
        <time>2026-09-13T12:27:46.000Z</time>
        <extensions>
          <ns3:TrackPointExtension>
            <ns3:hr>123</ns3:hr>
            <ns3:cad>82</ns3:cad>
          </ns3:TrackPointExtension>
        </extensions>
      </trkpt>
      <trkpt lat="31.26819030381739139556884765625" lon="121.4920482225716114044189453125">
        <ele>7.19999980926513671875</ele>
        <time>2026-09-13T12:27:52.000Z</time>
        <extensions>
          <ns3:TrackPointExtension>
            <ns3:hr>123</ns3:hr>
            <ns3:cad>84</ns3:cad>
          </ns3:TrackPointExtension>
        </extensions>
      </trkpt>
      <trkpt lat="31.268188543617725372314453125" lon="121.49211334995925426483154296875">
        <ele>7.400000095367431640625</ele>
        <time>2026-09-13T12:27:55.000Z</time>
        <extensions>
          <ns3:TrackPointExtension>
            <ns3:hr>123</ns3:hr>
            <ns3:cad>84</ns3:cad>
          </ns3:TrackPointExtension>
        </extensions>
      </trkpt>
      <trkpt lat="31.26814621500670909881591796875" lon="121.49218107573688030242919921875">
        <ele>7.19999980926513671875</ele>
        <time>2026-09-13T12:27:57.000Z</time>
        <extensions>
          <ns3:TrackPointExtension>
            <ns3:hr>124</ns3:hr>
            <ns3:cad>84</ns3:cad>
          </ns3:TrackPointExtension>
        </extensions>
      </trkpt>
      <trkpt lat="31.268093995749950408935546875" lon="121.49239447899162769317626953125">
        <ele>5.19999980926513671875</ele>
        <time>2026-09-13T12:28:05.000Z</time>
        <extensions>
          <ns3:TrackPointExtension>
            <ns3:hr>126</ns3:hr>
            <ns3:cad>84</ns3:cad>
          </ns3:TrackPointExtension>
        </extensions>
      </trkpt>
      <trkpt lat="31.2680876255035400390625" lon="121.49251651950180530548095703125">
        <ele>3.400000095367431640625</ele>
        <time>2026-09-13T12:28:10.000Z</time>
        <extensions>
          <ns3:TrackPointExtension>
            <ns3:hr>128</ns3:hr>
            <ns3:cad>84</ns3:cad>
          </ns3:TrackPointExtension>
        </extensions>
      </trkpt>
      <trkpt lat="31.26808385364711284637451171875" lon="121.4925662241876125335693359375">
        <ele>2</ele>
        <time>2026-09-13T12:28:12.000Z</time>
        <extensions>
          <ns3:TrackPointExtension>
            <ns3:hr>128</ns3:hr>
            <ns3:cad>84</ns3:cad>
          </ns3:TrackPointExtension>
        </extensions>
      </trkpt>
      <trkpt lat="31.26798176206648349761962890625" lon="121.49274869821965694427490234375">
        <ele>4</ele>
        <time>2026-09-13T12:28:17.000Z</time>
        <extensions>
          <ns3:TrackPointExtension>
            <ns3:hr>128</ns3:hr>
            <ns3:cad>84</ns3:cad>
          </ns3:TrackPointExtension>
        </extensions>
      </trkpt>
      <trkpt lat="31.26793063245713710784912109375" lon="121.49289588443934917449951171875">
        <ele>6.80000019073486328125</ele>
        <time>2026-09-13T12:28:23.000Z</time>
        <extensions>
          <ns3:TrackPointExtension>
            <ns3:hr>127</ns3:hr>
            <ns3:cad>84</ns3:cad>
          </ns3:TrackPointExtension>
        </extensions>
      </trkpt>
      <trkpt lat="31.26784580759704113006591796875" lon="121.493112556636333465576171875">
        <ele>10.3999996185302734375</ele>
        <time>2026-09-13T12:28:30.000Z</time>
        <extensions>
          <ns3:TrackPointExtension>
            <ns3:hr>126</ns3:hr>
            <ns3:cad>84</ns3:cad>
          </ns3:TrackPointExtension>
        </extensions>
      </trkpt>
      <trkpt lat="31.267808340489864349365234375" lon="121.4931931905448436737060546875">
        <ele>11</ele>
        <time>2026-09-13T12:28:32.000Z</time>
        <extensions>
          <ns3:TrackPointExtension>
            <ns3:hr>126</ns3:hr>
            <ns3:cad>85</ns3:cad>
          </ns3:TrackPointExtension>
        </extensions>
      </trkpt>
      <trkpt lat="31.2677310593426227569580078125" lon="121.49340148083865642547607421875">
        <ele>9</ele>
        <time>2026-09-13T12:28:40.000Z</time>
        <extensions>
          <ns3:TrackPointExtension>
            <ns3:hr>126</ns3:hr>
            <ns3:cad>84</ns3:cad>
          </ns3:TrackPointExtension>
        </extensions>
      </trkpt>
      <trkpt lat="31.2677241861820220947265625" lon="121.493426375091075897216796875">
        <ele>8.3999996185302734375</ele>
        <time>2026-09-13T12:28:41.000Z</time>
        <extensions>
          <ns3:TrackPointExtension>
            <ns3:hr>126</ns3:hr>
            <ns3:cad>84</ns3:cad>
          </ns3:TrackPointExtension>
        </extensions>
      </trkpt>
      <trkpt lat="31.26765050925314426422119140625" lon="121.49357716552913188934326171875">
        <ele>5</ele>
        <time>2026-09-13T12:28:48.000Z</time>
        <extensions>
          <ns3:TrackPointExtension>
            <ns3:hr>126</ns3:hr>
            <ns3:cad>84</ns3:cad>
          </ns3:TrackPointExtension>
        </extensions>
      </trkpt>
      <trkpt lat="31.2676368467509746551513671875" lon="121.49361890740692615509033203125">
        <ele>4.80000019073486328125</ele>
        <time>2026-09-13T12:28:52.000Z</time>
        <extensions>
          <ns3:TrackPointExtension>
            <ns3:hr>127</ns3:hr>
            <ns3:cad>0</ns3:cad>
          </ns3:TrackPointExtension>
        </extensions>
      </trkpt>
      <trkpt lat="31.267638690769672393798828125" lon="121.49362988770008087158203125">
        <ele>4.80000019073486328125</ele>
        <time>2026-09-13T12:28:54.000Z</time>
        <extensions>
          <ns3:TrackPointExtension>
            <ns3:hr>126</ns3:hr>
            <ns3:cad>0</ns3:cad>
          </ns3:TrackPointExtension>
        </extensions>
      </trkpt>
      <trkpt lat="31.26760239712893962860107421875" lon="121.493689902126789093017578125">
        <ele>4.599999904632568359375</ele>
        <time>2026-09-13T12:28:59.000Z</time>
        <extensions>
          <ns3:TrackPointExtension>
            <ns3:hr>123</ns3:hr>
            <ns3:cad>0</ns3:cad>
          </ns3:TrackPointExtension>
        </extensions>
      </trkpt>
      <trkpt lat="31.26758580096065998077392578125" lon="121.49371244944632053375244140625">
        <ele>4.599999904632568359375</ele>
        <time>2026-09-13T12:29:02.000Z</time>
        <extensions>
          <ns3:TrackPointExtension>
            <ns3:hr>125</ns3:hr>
            <ns3:cad>0</ns3:cad>
          </ns3:TrackPointExtension>
        </extensions>
      </trkpt>
      <trkpt lat="31.267532408237457275390625" lon="121.493701301515102386474609375">
        <ele>4.400000095367431640625</ele>
        <time>2026-09-13T12:29:08.000Z</time>
        <extensions>
          <ns3:TrackPointExtension>
            <ns3:hr>124</ns3:hr>
            <ns3:cad>46</ns3:cad>
          </ns3:TrackPointExtension>
        </extensions>
      </trkpt>
      <trkpt lat="31.26751891337335109710693359375" lon="121.49369518272578716278076171875">
        <ele>4.400000095367431640625</ele>
        <time>2026-09-13T12:29:09.000Z</time>
        <extensions>
          <ns3:TrackPointExtension>
            <ns3:hr>123</ns3:hr>
            <ns3:cad>46</ns3:cad>
          </ns3:TrackPointExtension>
        </extensions>
      </trkpt>
      <trkpt lat="31.26751254312694072723388671875" lon="121.49371177889406681060791015625">
        <ele>4.400000095367431640625</ele>
        <time>2026-09-13T12:29:11.000Z</time>
        <extensions>
          <ns3:TrackPointExtension>
            <ns3:hr>122</ns3:hr>
            <ns3:cad>44</ns3:cad>
          </ns3:TrackPointExtension>
        </extensions>
      </trkpt>
      <trkpt lat="31.26750550232827663421630859375" lon="121.49372653104364871978759765625">
        <ele>4.400000095367431640625</ele>
        <time>2026-09-13T12:29:12.000Z</time>
        <extensions>
          <ns3:TrackPointExtension>
            <ns3:hr>122</ns3:hr>
            <ns3:cad>44</ns3:cad>
          </ns3:TrackPointExtension>
        </extensions>
      </trkpt>
      <trkpt lat="31.2675181590020656585693359375" lon="121.49379618465900421142578125">
        <ele>4.80000019073486328125</ele>
        <time>2026-09-13T12:29:18.000Z</time>
        <extensions>
          <ns3:TrackPointExtension>
            <ns3:hr>119</ns3:hr>
            <ns3:cad>55</ns3:cad>
          </ns3:TrackPointExtension>
        </extensions>
      </trkpt>
      <trkpt lat="31.26752209849655628204345703125" lon="121.49383616633713245391845703125">
        <ele>4.80000019073486328125</ele>
        <time>2026-09-13T12:29:21.000Z</time>
        <extensions>
          <ns3:TrackPointExtension>
            <ns3:hr>116</ns3:hr>
            <ns3:cad>55</ns3:cad>
          </ns3:TrackPointExtension>
        </extensions>
      </trkpt>
      <trkpt lat="31.267512626945972442626953125" lon="121.493866927921772003173828125">
        <ele>5</ele>
        <time>2026-09-13T12:29:23.000Z</time>
        <extensions>
          <ns3:TrackPointExtension>
            <ns3:hr>112</ns3:hr>
            <ns3:cad>55</ns3:cad>
          </ns3:TrackPointExtension>
        </extensions>
      </trkpt>
      <trkpt lat="31.26753986813127994537353515625" lon="121.493960805237293243408203125">
        <ele>5.599999904632568359375</ele>
        <time>2026-09-13T12:29:30.000Z</time>
        <extensions>
          <ns3:TrackPointExtension>
            <ns3:hr>110</ns3:hr>
            <ns3:cad>53</ns3:cad>
          </ns3:TrackPointExtension>
        </extensions>
      </trkpt>
      <trkpt lat="31.2675520218908786773681640625" lon="121.49398301728069782257080078125">
        <ele>5.80000019073486328125</ele>
        <time>2026-09-13T12:29:31.000Z</time>
        <extensions>
          <ns3:TrackPointExtension>
            <ns3:hr>110</ns3:hr>
            <ns3:cad>55</ns3:cad>
          </ns3:TrackPointExtension>
        </extensions>
      </trkpt>
      <trkpt lat="31.26756082288920879364013671875" lon="121.49407521821558475494384765625">
        <ele>6.400000095367431640625</ele>
        <time>2026-09-13T12:29:35.000Z</time>
        <extensions>
          <ns3:TrackPointExtension>
            <ns3:hr>109</ns3:hr>
            <ns3:cad>56</ns3:cad>
          </ns3:TrackPointExtension>
        </extensions>
      </trkpt>
      <trkpt lat="31.26755185425281524658203125" lon="121.49412450380623340606689453125">
        <ele>6.80000019073486328125</ele>
        <time>2026-09-13T12:29:38.000Z</time>
        <extensions>
          <ns3:TrackPointExtension>
            <ns3:hr>106</ns3:hr>
            <ns3:cad>81</ns3:cad>
          </ns3:TrackPointExtension>
        </extensions>
      </trkpt>
      <trkpt lat="31.267543137073516845703125" lon="121.4941656589508056640625">
        <ele>7</ele>
        <time>2026-09-13T12:29:39.000Z</time>
        <extensions>
          <ns3:TrackPointExtension>
            <ns3:hr>104</ns3:hr>
            <ns3:cad>81</ns3:cad>
          </ns3:TrackPointExtension>
        </extensions>
      </trkpt>
      <trkpt lat="31.26753517426550388336181640625" lon="121.49421854875981807708740234375">
        <ele>7.400000095367431640625</ele>
        <time>2026-09-13T12:29:41.000Z</time>
        <extensions>
          <ns3:TrackPointExtension>
            <ns3:hr>103</ns3:hr>
            <ns3:cad>81</ns3:cad>
          </ns3:TrackPointExtension>
        </extensions>
      </trkpt>
      <trkpt lat="31.267517991364002227783203125" lon="121.494361460208892822265625">
        <ele>8.80000019073486328125</ele>
        <time>2026-09-13T12:29:48.000Z</time>
        <extensions>
          <ns3:TrackPointExtension>
            <ns3:hr>106</ns3:hr>
            <ns3:cad>83</ns3:cad>
          </ns3:TrackPointExtension>
        </extensions>
      </trkpt>
      <trkpt lat="31.26747398637235164642333984375" lon="121.49452968500554561614990234375">
        <ele>10.19999980926513671875</ele>
        <time>2026-09-13T12:29:57.000Z</time>
        <extensions>
          <ns3:TrackPointExtension>
            <ns3:hr>107</ns3:hr>
            <ns3:cad>84</ns3:cad>
          </ns3:TrackPointExtension>
        </extensions>
      </trkpt>
      <trkpt lat="31.2674293108284473419189453125" lon="121.49475733749568462371826171875">
        <ele>10.80000019073486328125</ele>
        <time>2026-09-13T12:30:04.000Z</time>
        <extensions>
          <ns3:TrackPointExtension>
            <ns3:hr>105</ns3:hr>
            <ns3:cad>84</ns3:cad>
          </ns3:TrackPointExtension>
        </extensions>
      </trkpt>
      <trkpt lat="31.26740559004247188568115234375" lon="121.49483277462422847747802734375">
        <ele>10.3999996185302734375</ele>
        <time>2026-09-13T12:30:07.000Z</time>
        <extensions>
          <ns3:TrackPointExtension>
            <ns3:hr>107</ns3:hr>
            <ns3:cad>82</ns3:cad>
          </ns3:TrackPointExtension>
        </extensions>
      </trkpt>
      <trkpt lat="31.2673572264611721038818359375" lon="121.49504550732672214508056640625">
        <ele>9.3999996185302734375</ele>
        <time>2026-09-13T12:30:15.000Z</time>
        <extensions>
          <ns3:TrackPointExtension>
            <ns3:hr>110</ns3:hr>
            <ns3:cad>83</ns3:cad>
          </ns3:TrackPointExtension>
        </extensions>
      </trkpt>
      <trkpt lat="31.26735127530992031097412109375" lon="121.49507559835910797119140625">
        <ele>9.19999980926513671875</ele>
        <time>2026-09-13T12:30:16.000Z</time>
        <extensions>
          <ns3:TrackPointExtension>
            <ns3:hr>110</ns3:hr>
            <ns3:cad>83</ns3:cad>
          </ns3:TrackPointExtension>
        </extensions>
      </trkpt>
      <trkpt lat="31.26733635552227497100830078125" lon="121.49516503326594829559326171875">
        <ele>8.3999996185302734375</ele>
        <time>2026-09-13T12:30:20.000Z</time>
        <extensions>
          <ns3:TrackPointExtension>
            <ns3:hr>113</ns3:hr>
            <ns3:cad>84</ns3:cad>
          </ns3:TrackPointExtension>
        </extensions>
      </trkpt>
      <trkpt lat="31.2673106230795383453369140625" lon="121.49520442821085453033447265625">
        <ele>7.80000019073486328125</ele>
        <time>2026-09-13T12:30:23.000Z</time>
        <extensions>
          <ns3:TrackPointExtension>
            <ns3:hr>115</ns3:hr>
            <ns3:cad>41</ns3:cad>
          </ns3:TrackPointExtension>
        </extensions>
      </trkpt>
      <trkpt lat="31.26722755841910839080810546875" lon="121.49532194249331951141357421875">
        <ele>6</ele>
        <time>2026-09-13T12:30:32.000Z</time>
        <extensions>
          <ns3:TrackPointExtension>
            <ns3:hr>114</ns3:hr>
            <ns3:cad>0</ns3:cad>
          </ns3:TrackPointExtension>
        </extensions>
      </trkpt>
      <trkpt lat="31.267212890088558197021484375" lon="121.49533711373805999755859375">
        <ele>5.80000019073486328125</ele>
        <time>2026-09-13T12:30:33.000Z</time>
        <extensions>
          <ns3:TrackPointExtension>
            <ns3:hr>113</ns3:hr>
            <ns3:cad>52</ns3:cad>
          </ns3:TrackPointExtension>
        </extensions>
      </trkpt>
      <trkpt lat="31.26715010963380336761474609375" lon="121.4953547157347202301025390625">
        <ele>5.400000095367431640625</ele>
        <time>2026-09-13T12:30:37.000Z</time>
        <extensions>
          <ns3:TrackPointExtension>
            <ns3:hr>115</ns3:hr>
            <ns3:cad>0</ns3:cad>
          </ns3:TrackPointExtension>
        </extensions>
      </trkpt>
      <trkpt lat="31.26711943186819553375244140625" lon="121.49535580538213253021240234375">
        <ele>5.400000095367431640625</ele>
        <time>2026-09-13T12:30:40.000Z</time>
        <extensions>
          <ns3:TrackPointExtension>
            <ns3:hr>116</ns3:hr>
            <ns3:cad>50</ns3:cad>
          </ns3:TrackPointExtension>
        </extensions>
      </trkpt>
      <trkpt lat="31.2670812942087650299072265625" lon="121.4953892491757869720458984375">
        <ele>5.19999980926513671875</ele>
        <time>2026-09-13T12:30:45.000Z</time>
        <extensions>
          <ns3:TrackPointExtension>
            <ns3:hr>112</ns3:hr>
            <ns3:cad>0</ns3:cad>
          </ns3:TrackPointExtension>
        </extensions>
      </trkpt>
      <trkpt lat="31.2670755945146083831787109375" lon="121.4953949488699436187744140625">
        <ele>5.19999980926513671875</ele>
        <time>2026-09-13T12:30:49.000Z</time>
        <extensions>
          <ns3:TrackPointExtension>
            <ns3:hr>109</ns3:hr>
            <ns3:cad>0</ns3:cad>
          </ns3:TrackPointExtension>
        </extensions>
      </trkpt>
      <trkpt lat="31.2670715712010860443115234375" lon="121.495431326329708099365234375">
        <ele>4.80000019073486328125</ele>
        <time>2026-09-13T12:30:54.000Z</time>
        <extensions>
          <ns3:TrackPointExtension>
            <ns3:hr>106</ns3:hr>
            <ns3:cad>0</ns3:cad>
          </ns3:TrackPointExtension>
        </extensions>
      </trkpt>
      <trkpt lat="31.26706092618405818939208984375" lon="121.49545286782085895538330078125">
        <ele>4.80000019073486328125</ele>
        <time>2026-09-13T12:30:56.000Z</time>
        <extensions>
          <ns3:TrackPointExtension>
            <ns3:hr>103</ns3:hr>
            <ns3:cad>55</ns3:cad>
          </ns3:TrackPointExtension>
        </extensions>
      </trkpt>
      <trkpt lat="31.26705321483314037322998046875" lon="121.49551707319915294647216796875">
        <ele>4.80000019073486328125</ele>
        <time>2026-09-13T12:31:02.000Z</time>
        <extensions>
          <ns3:TrackPointExtension>
            <ns3:hr>100</ns3:hr>
            <ns3:cad>54</ns3:cad>
          </ns3:TrackPointExtension>
        </extensions>
      </trkpt>
      <trkpt lat="31.26705832779407501220703125" lon="121.49552612565457820892333984375">
        <ele>4.80000019073486328125</ele>
        <time>2026-09-13T12:31:03.000Z</time>
        <extensions>
          <ns3:TrackPointExtension>
            <ns3:hr>100</ns3:hr>
            <ns3:cad>54</ns3:cad>
          </ns3:TrackPointExtension>
        </extensions>
      </trkpt>
      <trkpt lat="31.2670890055596828460693359375" lon="121.49555504322052001953125">
        <ele>4.400000095367431640625</ele>
        <time>2026-09-13T12:31:07.000Z</time>
        <extensions>
          <ns3:TrackPointExtension>
            <ns3:hr>101</ns3:hr>
            <ns3:cad>54</ns3:cad>
          </ns3:TrackPointExtension>
        </extensions>
      </trkpt>
      <trkpt lat="31.2671054340898990631103515625" lon="121.49557423777878284454345703125">
        <ele>4.400000095367431640625</ele>
        <time>2026-09-13T12:31:09.000Z</time>
        <extensions>
          <ns3:TrackPointExtension>
            <ns3:hr>102</ns3:hr>
            <ns3:cad>54</ns3:cad>
          </ns3:TrackPointExtension>
        </extensions>
      </trkpt>
      <trkpt lat="31.26710928976535797119140625" lon="121.49567465297877788543701171875">
        <ele>4.400000095367431640625</ele>
        <time>2026-09-13T12:31:13.000Z</time>
        <extensions>
          <ns3:TrackPointExtension>
            <ns3:hr>102</ns3:hr>
            <ns3:cad>84</ns3:cad>
          </ns3:TrackPointExtension>
        </extensions>
      </trkpt>
      <trkpt lat="31.26710928976535797119140625" lon="121.49567465297877788543701171875">
        <ele>4.400000095367431640625</ele>
        <time>2026-09-13T12:31:14.000Z</time>
        <extensions>
          <ns3:TrackPointExtension>
            <ns3:hr>105</ns3:hr>
            <ns3:cad>84</ns3:cad>
          </ns3:TrackPointExtension>
        </extensions>
      </trkpt>
      <trkpt lat="31.2670611776411533355712890625" lon="121.4957899041473865509033203125">
        <ele>5</ele>
        <time>2026-09-13T12:31:17.000Z</time>
        <extensions>
          <ns3:TrackPointExtension>
            <ns3:hr>102</ns3:hr>
            <ns3:cad>84</ns3:cad>
          </ns3:TrackPointExtension>
        </extensions>
      </trkpt>
      <trkpt lat="31.26704617403447628021240234375" lon="121.4958435483276844024658203125">
        <ele>5.80000019073486328125</ele>
        <time>2026-09-13T12:31:19.000Z</time>
        <extensions>
          <ns3:TrackPointExtension>
            <ns3:hr>104</ns3:hr>
            <ns3:cad>83</ns3:cad>
          </ns3:TrackPointExtension>
        </extensions>
      </trkpt>
      <trkpt lat="31.26702756620943546295166015625" lon="121.49594387970864772796630859375">
        <ele>6.599999904632568359375</ele>
        <time>2026-09-13T12:31:23.000Z</time>
        <extensions>
          <ns3:TrackPointExtension>
            <ns3:hr>108</ns3:hr>
            <ns3:cad>83</ns3:cad>
          </ns3:TrackPointExtension>
        </extensions>
      </trkpt>
      <trkpt lat="31.2670192681252956390380859375" lon="121.49600054137408733367919921875">
        <ele>7.19999980926513671875</ele>
        <time>2026-09-13T12:31:25.000Z</time>
        <extensions>
          <ns3:TrackPointExtension>
            <ns3:hr>108</ns3:hr>
            <ns3:cad>83</ns3:cad>
          </ns3:TrackPointExtension>
        </extensions>
      </trkpt>
      <trkpt lat="31.26699822954833507537841796875" lon="121.49611570872366428375244140625">
        <ele>8.3999996185302734375</ele>
        <time>2026-09-13T12:31:29.000Z</time>
        <extensions>
          <ns3:TrackPointExtension>
            <ns3:hr>112</ns3:hr>
            <ns3:cad>84</ns3:cad>
          </ns3:TrackPointExtension>
        </extensions>
      </trkpt>
      <trkpt lat="31.26703611575067043304443359375" lon="121.4962358213961124420166015625">
        <ele>9.6000003814697265625</ele>
        <time>2026-09-13T12:31:33.000Z</time>
        <extensions>
          <ns3:TrackPointExtension>
            <ns3:hr>115</ns3:hr>
            <ns3:cad>84</ns3:cad>
          </ns3:TrackPointExtension>
        </extensions>
      </trkpt>
      <trkpt lat="31.26703276298940181732177734375" lon="121.4962659962475299835205078125">
        <ele>10</ele>
        <time>2026-09-13T12:31:34.000Z</time>
        <extensions>
          <ns3:TrackPointExtension>
            <ns3:hr>116</ns3:hr>
            <ns3:cad>84</ns3:cad>
          </ns3:TrackPointExtension>
        </extensions>
      </trkpt>
      <trkpt lat="31.26697459258139133453369140625" lon="121.49638929404318332672119140625">
        <ele>10.6000003814697265625</ele>
        <time>2026-09-13T12:31:38.000Z</time>
        <extensions>
          <ns3:TrackPointExtension>
            <ns3:hr>119</ns3:hr>
            <ns3:cad>84</ns3:cad>
          </ns3:TrackPointExtension>
        </extensions>
      </trkpt>
      <trkpt lat="31.26693687401711940765380859375" lon="121.49650446139276027679443359375">
        <ele>11</ele>
        <time>2026-09-13T12:31:43.000Z</time>
        <extensions>
          <ns3:TrackPointExtension>
            <ns3:hr>120</ns3:hr>
            <ns3:cad>84</ns3:cad>
          </ns3:TrackPointExtension>
        </extensions>
      </trkpt>
      <trkpt lat="31.26688993535935878753662109375" lon="121.4967404119670391082763671875">
        <ele>10.19999980926513671875</ele>
        <time>2026-09-13T12:31:52.000Z</time>
        <extensions>
          <ns3:TrackPointExtension>
            <ns3:hr>122</ns3:hr>
            <ns3:cad>84</ns3:cad>
          </ns3:TrackPointExtension>
        </extensions>
      </trkpt>
      <trkpt lat="31.26680728979408740997314453125" lon="121.49690981023013591766357421875">
        <ele>8.6000003814697265625</ele>
        <time>2026-09-13T12:31:58.000Z</time>
        <extensions>
          <ns3:TrackPointExtension>
            <ns3:hr>123</ns3:hr>
            <ns3:cad>83</ns3:cad>
          </ns3:TrackPointExtension>
        </extensions>
      </trkpt>
      <trkpt lat="31.2667661346495151519775390625" lon="121.4971209503710269927978515625">
        <ele>7.80000019073486328125</ele>
        <time>2026-09-13T12:32:05.000Z</time>
        <extensions>
          <ns3:TrackPointExtension>
            <ns3:hr>124</ns3:hr>
            <ns3:cad>85</ns3:cad>
          </ns3:TrackPointExtension>
        </extensions>
      </trkpt>
      <trkpt lat="31.266754567623138427734375" lon="121.49717803113162517547607421875">
        <ele>7.80000019073486328125</ele>
        <time>2026-09-13T12:32:07.000Z</time>
        <extensions>
          <ns3:TrackPointExtension>
            <ns3:hr>124</ns3:hr>
            <ns3:cad>85</ns3:cad>
          </ns3:TrackPointExtension>
        </extensions>
      </trkpt>
      <trkpt lat="31.266714669764041900634765625" lon="121.49734231643378734588623046875">
        <ele>8.19999980926513671875</ele>
        <time>2026-09-13T12:32:13.000Z</time>
        <extensions>
          <ns3:TrackPointExtension>
            <ns3:hr>127</ns3:hr>
            <ns3:cad>84</ns3:cad>
          </ns3:TrackPointExtension>
        </extensions>
      </trkpt>
      <trkpt lat="31.26668684184551239013671875" lon="121.49747407995164394378662109375">
        <ele>5.80000019073486328125</ele>
        <time>2026-09-13T12:32:19.000Z</time>
        <extensions>
          <ns3:TrackPointExtension>
            <ns3:hr>128</ns3:hr>
            <ns3:cad>84</ns3:cad>
          </ns3:TrackPointExtension>
        </extensions>
      </trkpt>
      <trkpt lat="31.26667954958975315093994140625" lon="121.4975521154701709747314453125">
        <ele>4.80000019073486328125</ele>
        <time>2026-09-13T12:32:22.000Z</time>
        <extensions>
          <ns3:TrackPointExtension>
            <ns3:hr>127</ns3:hr>
            <ns3:cad>84</ns3:cad>
          </ns3:TrackPointExtension>
        </extensions>
      </trkpt>
      <trkpt lat="31.26667049713432788848876953125" lon="121.49760332889854907989501953125">
        <ele>4</ele>
        <time>2026-09-13T12:32:24.000Z</time>
        <extensions>
          <ns3:TrackPointExtension>
            <ns3:hr>127</ns3:hr>
            <ns3:cad>84</ns3:cad>
          </ns3:TrackPointExtension>
        </extensions>
      </trkpt>
      <trkpt lat="31.2665951438248157501220703125" lon="121.49777817539870738983154296875">
        <ele>1.2000000476837158203125</ele>
        <time>2026-09-13T12:32:31.000Z</time>
        <extensions>
          <ns3:TrackPointExtension>
            <ns3:hr>128</ns3:hr>
            <ns3:cad>82</ns3:cad>
          </ns3:TrackPointExtension>
        </extensions>
      </trkpt>
      <trkpt lat="31.26652196981012821197509765625" lon="121.4979162253439426422119140625">
        <ele>2.2000000476837158203125</ele>
        <time>2026-09-13T12:32:37.000Z</time>
        <extensions>
          <ns3:TrackPointExtension>
            <ns3:hr>127</ns3:hr>
            <ns3:cad>84</ns3:cad>
          </ns3:TrackPointExtension>
        </extensions>
      </trkpt>
      <trkpt lat="31.26645692624151706695556640625" lon="121.49793324060738086700439453125">
        <ele>2.599999904632568359375</ele>
        <time>2026-09-13T12:32:40.000Z</time>
        <extensions>
          <ns3:TrackPointExtension>
            <ns3:hr>127</ns3:hr>
            <ns3:cad>85</ns3:cad>
          </ns3:TrackPointExtension>
        </extensions>
      </trkpt>
      <trkpt lat="31.2664355523884296417236328125" lon="121.49792402051389217376708984375">
        <ele>2.7999999523162841796875</ele>
        <time>2026-09-13T12:32:41.000Z</time>
        <extensions>
          <ns3:TrackPointExtension>
            <ns3:hr>127</ns3:hr>
            <ns3:cad>85</ns3:cad>
          </ns3:TrackPointExtension>
        </extensions>
      </trkpt>
      <trkpt lat="31.2662498094141483306884765625" lon="121.49788026697933673858642578125">
        <ele>4.599999904632568359375</ele>
        <time>2026-09-13T12:32:49.000Z</time>
        <extensions>
          <ns3:TrackPointExtension>
            <ns3:hr>128</ns3:hr>
            <ns3:cad>83</ns3:cad>
          </ns3:TrackPointExtension>
        </extensions>
      </trkpt>
      <trkpt lat="31.2660496495664119720458984375" lon="121.49785847403109073638916015625">
        <ele>6.80000019073486328125</ele>
        <time>2026-09-13T12:32:56.000Z</time>
        <extensions>
          <ns3:TrackPointExtension>
            <ns3:hr>129</ns3:hr>
            <ns3:cad>83</ns3:cad>
          </ns3:TrackPointExtension>
        </extensions>
      </trkpt>
      <trkpt lat="31.2659980170428752899169921875" lon="121.4978444762527942657470703125">
        <ele>7.599999904632568359375</ele>
        <time>2026-09-13T12:32:58.000Z</time>
        <extensions>
          <ns3:TrackPointExtension>
            <ns3:hr>128</ns3:hr>
            <ns3:cad>83</ns3:cad>
          </ns3:TrackPointExtension>
        </extensions>
      </trkpt>
      <trkpt lat="31.2658307142555713653564453125" lon="121.497773230075836181640625">
        <ele>10.19999980926513671875</ele>
        <time>2026-09-13T12:33:07.000Z</time>
        <extensions>
          <ns3:TrackPointExtension>
            <ns3:hr>128</ns3:hr>
            <ns3:cad>82</ns3:cad>
          </ns3:TrackPointExtension>
        </extensions>
      </trkpt>
      <trkpt lat="31.265712194144725799560546875" lon="121.4977861382067203521728515625">
        <ele>11.19999980926513671875</ele>
        <time>2026-09-13T12:33:13.000Z</time>
        <extensions>
          <ns3:TrackPointExtension>
            <ns3:hr>127</ns3:hr>
            <ns3:cad>83</ns3:cad>
          </ns3:TrackPointExtension>
        </extensions>
      </trkpt>
      <trkpt lat="31.2655681930482387542724609375" lon="121.49774917401373386383056640625">
        <ele>11.80000019073486328125</ele>
        <time>2026-09-13T12:33:21.000Z</time>
        <extensions>
          <ns3:TrackPointExtension>
            <ns3:hr>126</ns3:hr>
            <ns3:cad>82</ns3:cad>
          </ns3:TrackPointExtension>
        </extensions>
      </trkpt>
      <trkpt lat="31.26551714725792407989501953125" lon="121.4977780915796756744384765625">
        <ele>12</ele>
        <time>2026-09-13T12:33:26.000Z</time>
        <extensions>
          <ns3:TrackPointExtension>
            <ns3:hr>125</ns3:hr>
            <ns3:cad>0</ns3:cad>
          </ns3:TrackPointExtension>
        </extensions>
      </trkpt>
      <trkpt lat="31.265508346259593963623046875" lon="121.4977853000164031982421875">
        <ele>12</ele>
        <time>2026-09-13T12:33:28.000Z</time>
        <extensions>
          <ns3:TrackPointExtension>
            <ns3:hr>123</ns3:hr>
            <ns3:cad>0</ns3:cad>
          </ns3:TrackPointExtension>
        </extensions>
      </trkpt>
      <trkpt lat="31.2654930911958217620849609375" lon="121.4977831207215785980224609375">
        <ele>12</ele>
        <time>2026-09-13T12:33:30.000Z</time>
        <extensions>
          <ns3:TrackPointExtension>
            <ns3:hr>122</ns3:hr>
            <ns3:cad>53</ns3:cad>
          </ns3:TrackPointExtension>
        </extensions>
      </trkpt>
      <trkpt lat="31.26553039066493511199951171875" lon="121.49780742824077606201171875">
        <ele>11.80000019073486328125</ele>
        <time>2026-09-13T12:33:36.000Z</time>
        <extensions>
          <ns3:TrackPointExtension>
            <ns3:hr>123</ns3:hr>
            <ns3:cad>53</ns3:cad>
          </ns3:TrackPointExtension>
        </extensions>
      </trkpt>
      <trkpt lat="31.26548965461552143096923828125" lon="121.497864760458469390869140625">
        <ele>12</ele>
        <time>2026-09-13T12:33:43.000Z</time>
        <extensions>
          <ns3:TrackPointExtension>
            <ns3:hr>124</ns3:hr>
            <ns3:cad>55</ns3:cad>
          </ns3:TrackPointExtension>
        </extensions>
      </trkpt>
      <trkpt lat="31.2654776684939861297607421875" lon="121.49788630194962024688720703125">
        <ele>12</ele>
        <time>2026-09-13T12:33:44.000Z</time>
        <extensions>
          <ns3:TrackPointExtension>
            <ns3:hr>123</ns3:hr>
            <ns3:cad>56</ns3:cad>
          </ns3:TrackPointExtension>
        </extensions>
      </trkpt>
      <trkpt lat="31.26545277424156665802001953125" lon="121.4979222603142261505126953125">
        <ele>11.80000019073486328125</ele>
        <time>2026-09-13T12:33:46.000Z</time>
        <extensions>
          <ns3:TrackPointExtension>
            <ns3:hr>120</ns3:hr>
            <ns3:cad>56</ns3:cad>
          </ns3:TrackPointExtension>
        </extensions>
      </trkpt>
      <trkpt lat="31.26544221304357051849365234375" lon="121.49793525226414203643798828125">
        <ele>11.80000019073486328125</ele>
        <time>2026-09-13T12:33:47.000Z</time>
        <extensions>
          <ns3:TrackPointExtension>
            <ns3:hr>118</ns3:hr>
            <ns3:cad>56</ns3:cad>
          </ns3:TrackPointExtension>
        </extensions>
      </trkpt>
      <trkpt lat="31.265407763421535491943359375" lon="121.4979812689125537872314453125">
        <ele>11.80000019073486328125</ele>
        <time>2026-09-13T12:33:50.000Z</time>
        <extensions>
          <ns3:TrackPointExtension>
            <ns3:hr>115</ns3:hr>
            <ns3:cad>84</ns3:cad>
          </ns3:TrackPointExtension>
        </extensions>
      </trkpt>
      <trkpt lat="31.2653687037527561187744140625" lon="121.49802393279969692230224609375">
        <ele>11.80000019073486328125</ele>
        <time>2026-09-13T12:33:53.000Z</time>
        <extensions>
          <ns3:TrackPointExtension>
            <ns3:hr>112</ns3:hr>
            <ns3:cad>84</ns3:cad>
          </ns3:TrackPointExtension>
        </extensions>
      </trkpt>
      <trkpt lat="31.26534883864223957061767578125" lon="121.4980570413172245025634765625">
        <ele>12</ele>
        <time>2026-09-13T12:33:55.000Z</time>
        <extensions>
          <ns3:TrackPointExtension>
            <ns3:hr>109</ns3:hr>
            <ns3:cad>82</ns3:cad>
          </ns3:TrackPointExtension>
        </extensions>
      </trkpt>
      <trkpt lat="31.26533492468297481536865234375" lon="121.4980848692357540130615234375">
        <ele>12</ele>
        <time>2026-09-13T12:33:57.000Z</time>
        <extensions>
          <ns3:TrackPointExtension>
            <ns3:hr>108</ns3:hr>
            <ns3:cad>83</ns3:cad>
          </ns3:TrackPointExtension>
        </extensions>
      </trkpt>
      <trkpt lat="31.26532285474240779876708984375" lon="121.49809308350086212158203125">
        <ele>11.80000019073486328125</ele>
        <time>2026-09-13T12:33:58.000Z</time>
        <extensions>
          <ns3:TrackPointExtension>
            <ns3:hr>108</ns3:hr>
            <ns3:cad>0</ns3:cad>
          </ns3:TrackPointExtension>
        </extensions>
      </trkpt>
      <trkpt lat="31.26530055887997150421142578125" lon="121.4981071650981903076171875">
        <ele>11.80000019073486328125</ele>
        <time>2026-09-13T12:34:00.000Z</time>
        <extensions>
          <ns3:TrackPointExtension>
            <ns3:hr>108</ns3:hr>
            <ns3:cad>0</ns3:cad>
          </ns3:TrackPointExtension>
        </extensions>
      </trkpt>
      <trkpt lat="31.2652672827243804931640625" lon="121.498108170926570892333984375">
        <ele>11.80000019073486328125</ele>
        <time>2026-09-13T12:34:03.000Z</time>
        <extensions>
          <ns3:TrackPointExtension>
            <ns3:hr>106</ns3:hr>
            <ns3:cad>0</ns3:cad>
          </ns3:TrackPointExtension>
        </extensions>
      </trkpt>
      <trkpt lat="31.26525596715509891510009765625" lon="121.49811076931655406951904296875">
        <ele>11.80000019073486328125</ele>
        <time>2026-09-13T12:34:04.000Z</time>
        <extensions>
          <ns3:TrackPointExtension>
            <ns3:hr>105</ns3:hr>
            <ns3:cad>0</ns3:cad>
          </ns3:TrackPointExtension>
        </extensions>
      </trkpt>
      <trkpt lat="31.26521958969533443450927734375" lon="121.49811211042106151580810546875">
        <ele>12</ele>
        <time>2026-09-13T12:34:07.000Z</time>
        <extensions>
          <ns3:TrackPointExtension>
            <ns3:hr>103</ns3:hr>
            <ns3:cad>54</ns3:cad>
          </ns3:TrackPointExtension>
        </extensions>
      </trkpt>
      <trkpt lat="31.2651826255023479461669921875" lon="121.498112864792346954345703125">
        <ele>11.3999996185302734375</ele>
        <time>2026-09-13T12:34:09.000Z</time>
        <extensions>
          <ns3:TrackPointExtension>
            <ns3:hr>104</ns3:hr>
            <ns3:cad>54</ns3:cad>
          </ns3:TrackPointExtension>
        </extensions>
      </trkpt>
      <trkpt lat="31.26512504182755947113037109375" lon="121.49813775904476642608642578125">
        <ele>10.6000003814697265625</ele>
        <time>2026-09-13T12:34:14.000Z</time>
        <extensions>
          <ns3:TrackPointExtension>
            <ns3:hr>105</ns3:hr>
            <ns3:cad>54</ns3:cad>
          </ns3:TrackPointExtension>
        </extensions>
      </trkpt>
      <trkpt lat="31.2651135586202144622802734375" lon="121.49814597330987453460693359375">
        <ele>10.3999996185302734375</ele>
        <time>2026-09-13T12:34:15.000Z</time>
        <extensions>
          <ns3:TrackPointExtension>
            <ns3:hr>103</ns3:hr>
            <ns3:cad>54</ns3:cad>
          </ns3:TrackPointExtension>
        </extensions>
      </trkpt>
      <trkpt lat="31.26510643400251865386962890625" lon="121.49815854616463184356689453125">
        <ele>10.3999996185302734375</ele>
        <time>2026-09-13T12:34:16.000Z</time>
        <extensions>
          <ns3:TrackPointExtension>
            <ns3:hr>104</ns3:hr>
            <ns3:cad>54</ns3:cad>
          </ns3:TrackPointExtension>
        </extensions>
      </trkpt>
      <trkpt lat="31.2650860659778118133544921875" lon="121.49816525168716907501220703125">
        <ele>10</ele>
        <time>2026-09-13T12:34:19.000Z</time>
        <extensions>
          <ns3:TrackPointExtension>
            <ns3:hr>105</ns3:hr>
            <ns3:cad>53</ns3:cad>
          </ns3:TrackPointExtension>
        </extensions>
      </trkpt>
      <trkpt lat="31.26507760025560855865478515625" lon="121.49817489087581634521484375">
        <ele>10</ele>
        <time>2026-09-13T12:34:20.000Z</time>
        <extensions>
          <ns3:TrackPointExtension>
            <ns3:hr>105</ns3:hr>
            <ns3:cad>53</ns3:cad>
          </ns3:TrackPointExtension>
        </extensions>
      </trkpt>
      <trkpt lat="31.2650558911263942718505859375" lon="121.4982198178768157958984375">
        <ele>10</ele>
        <time>2026-09-13T12:34:24.000Z</time>
        <extensions>
          <ns3:TrackPointExtension>
            <ns3:hr>103</ns3:hr>
            <ns3:cad>55</ns3:cad>
          </ns3:TrackPointExtension>
        </extensions>
      </trkpt>
      <trkpt lat="31.26504390500485897064208984375" lon="121.49822593666613101959228515625">
        <ele>9.80000019073486328125</ele>
        <time>2026-09-13T12:34:27.000Z</time>
        <extensions>
          <ns3:TrackPointExtension>
            <ns3:hr>101</ns3:hr>
            <ns3:cad>54</ns3:cad>
          </ns3:TrackPointExtension>
        </extensions>
      </trkpt>
      <trkpt lat="31.26503401435911655426025390625" lon="121.49827421642839908599853515625">
        <ele>10.19999980926513671875</ele>
        <time>2026-09-13T12:34:30.000Z</time>
        <extensions>
          <ns3:TrackPointExtension>
            <ns3:hr>98</ns3:hr>
            <ns3:cad>53</ns3:cad>
          </ns3:TrackPointExtension>
        </extensions>
      </trkpt>
      <trkpt lat="31.2650123052299022674560546875" lon="121.49833372794091701507568359375">
        <ele>10.3999996185302734375</ele>
        <time>2026-09-13T12:34:34.000Z</time>
        <extensions>
          <ns3:TrackPointExtension>
            <ns3:hr>95</ns3:hr>
            <ns3:cad>56</ns3:cad>
          </ns3:TrackPointExtension>
        </extensions>
      </trkpt>
      <trkpt lat="31.26500233076512813568115234375" lon="121.4983517490327358245849609375">
        <ele>10.3999996185302734375</ele>
        <time>2026-09-13T12:34:35.000Z</time>
        <extensions>
          <ns3:TrackPointExtension>
            <ns3:hr>94</ns3:hr>
            <ns3:cad>57</ns3:cad>
          </ns3:TrackPointExtension>
        </extensions>
      </trkpt>
      <trkpt lat="31.26497089862823486328125" lon="121.49847303517162799835205078125">
        <ele>10</ele>
        <time>2026-09-13T12:34:43.000Z</time>
        <extensions>
          <ns3:TrackPointExtension>
            <ns3:hr>93</ns3:hr>
            <ns3:cad>57</ns3:cad>
          </ns3:TrackPointExtension>
        </extensions>
      </trkpt>
      <trkpt lat="31.26501272432506084442138671875" lon="121.4985649846494197845458984375">
        <ele>10.19999980926513671875</ele>
        <time>2026-09-13T12:34:47.000Z</time>
        <extensions>
          <ns3:TrackPointExtension>
            <ns3:hr>90</ns3:hr>
            <ns3:cad>56</ns3:cad>
          </ns3:TrackPointExtension>
        </extensions>
      </trkpt>
      <trkpt lat="31.2650299072265625" lon="121.4985884539783000946044921875">
        <ele>10.3999996185302734375</ele>
        <time>2026-09-13T12:34:48.000Z</time>
        <extensions>
          <ns3:TrackPointExtension>
            <ns3:hr>89</ns3:hr>
            <ns3:cad>56</ns3:cad>
          </ns3:TrackPointExtension>
        </extensions>
      </trkpt>
      <trkpt lat="31.26504558138549327850341796875" lon="121.498617790639400482177734375">
        <ele>10.3999996185302734375</ele>
        <time>2026-09-13T12:34:49.000Z</time>
        <extensions>
          <ns3:TrackPointExtension>
            <ns3:hr>89</ns3:hr>
            <ns3:cad>56</ns3:cad>
          </ns3:TrackPointExtension>
        </extensions>
      </trkpt>
      <trkpt lat="31.26513250172138214111328125" lon="121.4988026954233646392822265625">
        <ele>9.3999996185302734375</ele>
        <time>2026-09-13T12:34:55.000Z</time>
        <extensions>
          <ns3:TrackPointExtension>
            <ns3:hr>89</ns3:hr>
            <ns3:cad>85</ns3:cad>
          </ns3:TrackPointExtension>
        </extensions>
      </trkpt>
      <trkpt lat="31.265168376266956329345703125" lon="121.49889774620532989501953125">
        <ele>8.6000003814697265625</ele>
        <time>2026-09-13T12:34:58.000Z</time>
        <extensions>
          <ns3:TrackPointExtension>
            <ns3:hr>89</ns3:hr>
            <ns3:cad>85</ns3:cad>
          </ns3:TrackPointExtension>
        </extensions>
      </trkpt>
      <trkpt lat="31.26517315395176410675048828125" lon="121.49893387220799922943115234375">
        <ele>8.19999980926513671875</ele>
        <time>2026-09-13T12:34:59.000Z</time>
        <extensions>
          <ns3:TrackPointExtension>
            <ns3:hr>93</ns3:hr>
            <ns3:cad>85</ns3:cad>
          </ns3:TrackPointExtension>
        </extensions>
      </trkpt>
      <trkpt lat="31.26517717726528644561767578125" lon="121.4989681541919708251953125">
        <ele>8</ele>
        <time>2026-09-13T12:35:00.000Z</time>
        <extensions>
          <ns3:TrackPointExtension>
            <ns3:hr>96</ns3:hr>
            <ns3:cad>85</ns3:cad>
          </ns3:TrackPointExtension>
        </extensions>
      </trkpt>
      <trkpt lat="31.26519192941486835479736328125" lon="121.4990373887121677398681640625">
        <ele>7.19999980926513671875</ele>
        <time>2026-09-13T12:35:02.000Z</time>
        <extensions>
          <ns3:TrackPointExtension>
            <ns3:hr>99</ns3:hr>
            <ns3:cad>86</ns3:cad>
          </ns3:TrackPointExtension>
        </extensions>
      </trkpt>
      <trkpt lat="31.265234090387821197509765625" lon="121.49911911226809024810791015625">
        <ele>6.80000019073486328125</ele>
        <time>2026-09-13T12:35:05.000Z</time>
        <extensions>
          <ns3:TrackPointExtension>
            <ns3:hr>102</ns3:hr>
            <ns3:cad>85</ns3:cad>
          </ns3:TrackPointExtension>
        </extensions>
      </trkpt>
      <trkpt lat="31.265252195298671722412109375" lon="121.49914576672017574310302734375">
        <ele>6.599999904632568359375</ele>
        <time>2026-09-13T12:35:06.000Z</time>
        <extensions>
          <ns3:TrackPointExtension>
            <ns3:hr>103</ns3:hr>
            <ns3:cad>85</ns3:cad>
          </ns3:TrackPointExtension>
        </extensions>
      </trkpt>
      <trkpt lat="31.26531648449599742889404296875" lon="121.49925339035689830780029296875">
        <ele>6.19999980926513671875</ele>
        <time>2026-09-13T12:35:10.000Z</time>
        <extensions>
          <ns3:TrackPointExtension>
            <ns3:hr>106</ns3:hr>
            <ns3:cad>85</ns3:cad>
          </ns3:TrackPointExtension>
        </extensions>
      </trkpt>
      <trkpt lat="31.265327967703342437744140625" lon="121.4993649534881114959716796875">
        <ele>5.400000095367431640625</ele>
        <time>2026-09-13T12:35:13.000Z</time>
        <extensions>
          <ns3:TrackPointExtension>
            <ns3:hr>108</ns3:hr>
            <ns3:cad>85</ns3:cad>
          </ns3:TrackPointExtension>
        </extensions>
      </trkpt>
      <trkpt lat="31.26539359800517559051513671875" lon="121.4994403906166553497314453125">
        <ele>5.400000095367431640625</ele>
        <time>2026-09-13T12:35:17.000Z</time>
        <extensions>
          <ns3:TrackPointExtension>
            <ns3:hr>111</ns3:hr>
            <ns3:cad>84</ns3:cad>
          </ns3:TrackPointExtension>
        </extensions>
      </trkpt>
      <trkpt lat="31.265415139496326446533203125" lon="121.49946411140263080596923828125">
        <ele>5.400000095367431640625</ele>
        <time>2026-09-13T12:35:18.000Z</time>
        <extensions>
          <ns3:TrackPointExtension>
            <ns3:hr>112</ns3:hr>
            <ns3:cad>84</ns3:cad>
          </ns3:TrackPointExtension>
        </extensions>
      </trkpt>
      <trkpt lat="31.26546484418213367462158203125" lon="121.49956067092716693878173828125">
        <ele>6</ele>
        <time>2026-09-13T12:35:22.000Z</time>
        <extensions>
          <ns3:TrackPointExtension>
            <ns3:hr>115</ns3:hr>
            <ns3:cad>84</ns3:cad>
          </ns3:TrackPointExtension>
        </extensions>
      </trkpt>
      <trkpt lat="31.2655058316886425018310546875" lon="121.4996559731662273406982421875">
        <ele>6.80000019073486328125</ele>
        <time>2026-09-13T12:35:26.000Z</time>
        <extensions>
          <ns3:TrackPointExtension>
            <ns3:hr>117</ns3:hr>
            <ns3:cad>84</ns3:cad>
          </ns3:TrackPointExtension>
        </extensions>
      </trkpt>
      <trkpt lat="31.26555855385959148406982421875" lon="121.49977885186672210693359375">
        <ele>7.599999904632568359375</ele>
        <time>2026-09-13T12:35:32.000Z</time>
        <extensions>
          <ns3:TrackPointExtension>
            <ns3:hr>119</ns3:hr>
            <ns3:cad>84</ns3:cad>
          </ns3:TrackPointExtension>
        </extensions>
      </trkpt>
      <trkpt lat="31.26562460325658321380615234375" lon="121.49998546577990055084228515625">
        <ele>9.6000003814697265625</ele>
        <time>2026-09-13T12:35:41.000Z</time>
        <extensions>
          <ns3:TrackPointExtension>
            <ns3:hr>119</ns3:hr>
            <ns3:cad>83</ns3:cad>
          </ns3:TrackPointExtension>
        </extensions>
      </trkpt>
      <trkpt lat="31.2656696140766143798828125" lon="121.50012711994349956512451171875">
        <ele>11</ele>
        <time>2026-09-13T12:35:47.000Z</time>
        <extensions>
          <ns3:TrackPointExtension>
            <ns3:hr>121</ns3:hr>
            <ns3:cad>83</ns3:cad>
          </ns3:TrackPointExtension>
        </extensions>
      </trkpt>
      <trkpt lat="31.2657576240599155426025390625" lon="121.50027866475284099578857421875">
        <ele>12.80000019073486328125</ele>
        <time>2026-09-13T12:35:54.000Z</time>
        <extensions>
          <ns3:TrackPointExtension>
            <ns3:hr>124</ns3:hr>
            <ns3:cad>85</ns3:cad>
          </ns3:TrackPointExtension>
        </extensions>
      </trkpt>
      <trkpt lat="31.26578000374138355255126953125" lon="121.50035913102328777313232421875">
        <ele>12.6000003814697265625</ele>
        <time>2026-09-13T12:35:57.000Z</time>
        <extensions>
          <ns3:TrackPointExtension>
            <ns3:hr>125</ns3:hr>
            <ns3:cad>84</ns3:cad>
          </ns3:TrackPointExtension>
        </extensions>
      </trkpt>
      <trkpt lat="31.2657487392425537109375" lon="121.5004096738994121551513671875">
        <ele>12</ele>
        <time>2026-09-13T12:35:59.000Z</time>
        <extensions>
          <ns3:TrackPointExtension>
            <ns3:hr>125</ns3:hr>
            <ns3:cad>85</ns3:cad>
          </ns3:TrackPointExtension>
        </extensions>
      </trkpt>
      <trkpt lat="31.26561219803988933563232421875" lon="121.50051101110875606536865234375">
        <ele>10.6000003814697265625</ele>
        <time>2026-09-13T12:36:04.000Z</time>
        <extensions>
          <ns3:TrackPointExtension>
            <ns3:hr>126</ns3:hr>
            <ns3:cad>85</ns3:cad>
          </ns3:TrackPointExtension>
        </extensions>
      </trkpt>
      <trkpt lat="31.2654562108218669891357421875" lon="121.50063774548470973968505859375">
        <ele>9.80000019073486328125</ele>
        <time>2026-09-13T12:36:11.000Z</time>
        <extensions>
          <ns3:TrackPointExtension>
            <ns3:hr>127</ns3:hr>
            <ns3:cad>84</ns3:cad>
          </ns3:TrackPointExtension>
        </extensions>
      </trkpt>
      <trkpt lat="31.2654384411871433258056640625" lon="121.5006557665765285491943359375">
        <ele>9.6000003814697265625</ele>
        <time>2026-09-13T12:36:12.000Z</time>
        <extensions>
          <ns3:TrackPointExtension>
            <ns3:hr>127</ns3:hr>
            <ns3:cad>84</ns3:cad>
          </ns3:TrackPointExtension>
        </extensions>
      </trkpt>
      <trkpt lat="31.265279017388820648193359375" lon="121.500776298344135284423828125">
        <ele>9.19999980926513671875</ele>
        <time>2026-09-13T12:36:19.000Z</time>
        <extensions>
          <ns3:TrackPointExtension>
            <ns3:hr>128</ns3:hr>
            <ns3:cad>83</ns3:cad>
          </ns3:TrackPointExtension>
        </extensions>
      </trkpt>
      <trkpt lat="31.26525362022221088409423828125" lon="121.50078409351408481597900390625">
        <ele>9.19999980926513671875</ele>
        <time>2026-09-13T12:36:20.000Z</time>
        <extensions>
          <ns3:TrackPointExtension>
            <ns3:hr>128</ns3:hr>
            <ns3:cad>84</ns3:cad>
          </ns3:TrackPointExtension>
        </extensions>
      </trkpt>
      <trkpt lat="31.2651504389941692352294921875" lon="121.50082633830606937408447265625">
        <ele>9.80000019073486328125</ele>
        <time>2026-09-13T12:36:25.000Z</time>
        <extensions>
          <ns3:TrackPointExtension>
            <ns3:hr>127</ns3:hr>
            <ns3:cad>81</ns3:cad>
          </ns3:TrackPointExtension>
        </extensions>
      </trkpt>
      <trkpt lat="31.2650220282375812530517578125" lon="121.5009149350225925445556640625">
        <ele>10</ele>
        <time>2026-09-13T12:36:33.000Z</time>
        <extensions>
          <ns3:TrackPointExtension>
            <ns3:hr>125</ns3:hr>
            <ns3:cad>82</ns3:cad>
          </ns3:TrackPointExtension>
        </extensions>
      </trkpt>
      <trkpt lat="31.2648849003016948699951171875" lon="121.501011662185192108154296875">
        <ele>10.19999980926513671875</ele>
        <time>2026-09-13T12:36:41.000Z</time>
        <extensions>
          <ns3:TrackPointExtension>
            <ns3:hr>125</ns3:hr>
            <ns3:cad>82</ns3:cad>
          </ns3:TrackPointExtension>
        </extensions>
      </trkpt>
      <trkpt lat="31.264717765152454376220703125" lon="121.50109590031206607818603515625">
        <ele>11.3999996185302734375</ele>
        <time>2026-09-13T12:36:49.000Z</time>
        <extensions>
          <ns3:TrackPointExtension>
            <ns3:hr>123</ns3:hr>
            <ns3:cad>82</ns3:cad>
          </ns3:TrackPointExtension>
        </extensions>
      </trkpt>
      <trkpt lat="31.26467828638851642608642578125" lon="121.50112439878284931182861328125">
        <ele>12</ele>
        <time>2026-09-13T12:36:51.000Z</time>
        <extensions>
          <ns3:TrackPointExtension>
            <ns3:hr>124</ns3:hr>
            <ns3:cad>82</ns3:cad>
          </ns3:TrackPointExtension>
        </extensions>
      </trkpt>
      <trkpt lat="31.2645633704960346221923828125" lon="121.50124828331172466278076171875">
        <ele>11.6000003814697265625</ele>
        <time>2026-09-13T12:36:58.000Z</time>
        <extensions>
          <ns3:TrackPointExtension>
            <ns3:hr>126</ns3:hr>
            <ns3:cad>82</ns3:cad>
          </ns3:TrackPointExtension>
        </extensions>
      </trkpt>
      <trkpt lat="31.264495141804218292236328125" lon="121.5013095550239086151123046875">
        <ele>11.6000003814697265625</ele>
        <time>2026-09-13T12:37:02.000Z</time>
        <extensions>
          <ns3:TrackPointExtension>
            <ns3:hr>126</ns3:hr>
            <ns3:cad>83</ns3:cad>
          </ns3:TrackPointExtension>
        </extensions>
      </trkpt>
      <trkpt lat="31.264480054378509521484375" lon="121.50133260525763034820556640625">
        <ele>11.80000019073486328125</ele>
        <time>2026-09-13T12:37:03.000Z</time>
        <extensions>
          <ns3:TrackPointExtension>
            <ns3:hr>126</ns3:hr>
            <ns3:cad>83</ns3:cad>
          </ns3:TrackPointExtension>
        </extensions>
      </trkpt>
      <trkpt lat="31.26437184400856494903564453125" lon="121.50147224776446819305419921875">
        <ele>12</ele>
        <time>2026-09-13T12:37:11.000Z</time>
        <extensions>
          <ns3:TrackPointExtension>
            <ns3:hr>126</ns3:hr>
            <ns3:cad>82</ns3:cad>
          </ns3:TrackPointExtension>
        </extensions>
      </trkpt>
      <trkpt lat="31.26425885595381259918212890625" lon="121.501642651855945587158203125">
        <ele>10.6000003814697265625</ele>
        <time>2026-09-13T12:37:19.000Z</time>
        <extensions>
          <ns3:TrackPointExtension>
            <ns3:hr>127</ns3:hr>
            <ns3:cad>83</ns3:cad>
          </ns3:TrackPointExtension>
        </extensions>
      </trkpt>
      <trkpt lat="31.264245025813579559326171875" lon="121.5016610920429229736328125">
        <ele>10.3999996185302734375</ele>
        <time>2026-09-13T12:37:20.000Z</time>
        <extensions>
          <ns3:TrackPointExtension>
            <ns3:hr>126</ns3:hr>
            <ns3:cad>83</ns3:cad>
          </ns3:TrackPointExtension>
        </extensions>
      </trkpt>
      <trkpt lat="31.2641570158302783966064453125" lon="121.50175656192004680633544921875">
        <ele>9</ele>
        <time>2026-09-13T12:37:27.000Z</time>
        <extensions>
          <ns3:TrackPointExtension>
            <ns3:hr>126</ns3:hr>
            <ns3:cad>82</ns3:cad>
          </ns3:TrackPointExtension>
        </extensions>
      </trkpt>
      <trkpt lat="31.2641030363738536834716796875" lon="121.501799561083316802978515625">
        <ele>8.6000003814697265625</ele>
        <time>2026-09-13T12:37:34.000Z</time>
        <extensions>
          <ns3:TrackPointExtension>
            <ns3:hr>125</ns3:hr>
            <ns3:cad>0</ns3:cad>
          </ns3:TrackPointExtension>
        </extensions>
      </trkpt>
      <trkpt lat="31.264003627002239227294921875" lon="121.5018863976001739501953125">
        <ele>7.80000019073486328125</ele>
        <time>2026-09-13T12:37:44.000Z</time>
        <extensions>
          <ns3:TrackPointExtension>
            <ns3:hr>127</ns3:hr>
            <ns3:cad>0</ns3:cad>
          </ns3:TrackPointExtension>
        </extensions>
      </trkpt>
      <trkpt lat="31.263954676687717437744140625" lon="121.5019078552722930908203125">
        <ele>7</ele>
        <time>2026-09-13T12:37:50.000Z</time>
        <extensions>
          <ns3:TrackPointExtension>
            <ns3:hr>124</ns3:hr>
            <ns3:cad>53</ns3:cad>
          </ns3:TrackPointExtension>
        </extensions>
      </trkpt>
      <trkpt lat="31.26393380574882030487060546875" lon="121.5019063465297222137451171875">
        <ele>6.599999904632568359375</ele>
        <time>2026-09-13T12:37:52.000Z</time>
        <extensions>
          <ns3:TrackPointExtension>
            <ns3:hr>120</ns3:hr>
            <ns3:cad>52</ns3:cad>
          </ns3:TrackPointExtension>
        </extensions>
      </trkpt>
      <trkpt lat="31.26392357982695102691650390625" lon="121.5019050054252147674560546875">
        <ele>6.400000095367431640625</ele>
        <time>2026-09-13T12:37:53.000Z</time>
        <extensions>
          <ns3:TrackPointExtension>
            <ns3:hr>118</ns3:hr>
            <ns3:cad>52</ns3:cad>
          </ns3:TrackPointExtension>
        </extensions>
      </trkpt>
      <trkpt lat="31.26389809884130954742431640625" lon="121.50190374813973903656005859375">
        <ele>6</ele>
        <time>2026-09-13T12:37:56.000Z</time>
        <extensions>
          <ns3:TrackPointExtension>
            <ns3:hr>114</ns3:hr>
            <ns3:cad>52</ns3:cad>
          </ns3:TrackPointExtension>
        </extensions>
      </trkpt>
      <trkpt lat="31.2638698518276214599609375" lon="121.50189955718815326690673828125">
        <ele>5.400000095367431640625</ele>
        <time>2026-09-13T12:37:59.000Z</time>
        <extensions>
          <ns3:TrackPointExtension>
            <ns3:hr>111</ns3:hr>
            <ns3:cad>0</ns3:cad>
          </ns3:TrackPointExtension>
        </extensions>
      </trkpt>
      <trkpt lat="31.26386490650475025177001953125" lon="121.501900143921375274658203125">
        <ele>5.400000095367431640625</ele>
        <time>2026-09-13T12:38:00.000Z</time>
        <extensions>
          <ns3:TrackPointExtension>
            <ns3:hr>111</ns3:hr>
            <ns3:cad>54</ns3:cad>
          </ns3:TrackPointExtension>
        </extensions>
      </trkpt>
      <trkpt lat="31.263858117163181304931640625" lon="121.5019078552722930908203125">
        <ele>5.19999980926513671875</ele>
        <time>2026-09-13T12:38:03.000Z</time>
        <extensions>
          <ns3:TrackPointExtension>
            <ns3:hr>108</ns3:hr>
            <ns3:cad>0</ns3:cad>
          </ns3:TrackPointExtension>
        </extensions>
      </trkpt>
      <trkpt lat="31.26385711133480072021484375" lon="121.5019120462238788604736328125">
        <ele>5.19999980926513671875</ele>
        <time>2026-09-13T12:38:06.000Z</time>
        <extensions>
          <ns3:TrackPointExtension>
            <ns3:hr>105</ns3:hr>
            <ns3:cad>0</ns3:cad>
          </ns3:TrackPointExtension>
        </extensions>
      </trkpt>
      <trkpt lat="31.26385652460157871246337890625" lon="121.5019127167761325836181640625">
        <ele>5.19999980926513671875</ele>
        <time>2026-09-13T12:38:07.000Z</time>
        <extensions>
          <ns3:TrackPointExtension>
            <ns3:hr>104</ns3:hr>
            <ns3:cad>0</ns3:cad>
          </ns3:TrackPointExtension>
        </extensions>
      </trkpt>
      <trkpt lat="31.26385652460157871246337890625" lon="121.5019132196903228759765625">
        <ele>5.19999980926513671875</ele>
        <time>2026-09-13T12:38:10.000Z</time>
        <extensions>
          <ns3:TrackPointExtension>
            <ns3:hr>101</ns3:hr>
            <ns3:cad>0</ns3:cad>
          </ns3:TrackPointExtension>
        </extensions>
      </trkpt>
      <trkpt lat="31.263856105506420135498046875" lon="121.50191514752805233001708984375">
        <ele>5.19999980926513671875</ele>
        <time>2026-09-13T12:38:32.000Z</time>
        <extensions>
          <ns3:TrackPointExtension>
            <ns3:hr>98</ns3:hr>
            <ns3:cad>0</ns3:cad>
          </ns3:TrackPointExtension>
        </extensions>
      </trkpt>
      <trkpt lat="31.26385568641126155853271484375" lon="121.5019150637090206146240234375">
        <ele>5.19999980926513671875</ele>
        <time>2026-09-13T12:38:34.000Z</time>
        <extensions>
          <ns3:TrackPointExtension>
            <ns3:hr>97</ns3:hr>
            <ns3:cad>0</ns3:cad>
          </ns3:TrackPointExtension>
        </extensions>
      </trkpt>
      <trkpt lat="31.2638552673161029815673828125" lon="121.5019150637090206146240234375">
        <ele>5.19999980926513671875</ele>
        <time>2026-09-13T12:38:39.000Z</time>
        <extensions>
          <ns3:TrackPointExtension>
            <ns3:hr>94</ns3:hr>
            <ns3:cad>0</ns3:cad>
          </ns3:TrackPointExtension>
        </extensions>
      </trkpt>
      <trkpt lat="31.2638445384800434112548828125" lon="121.50191850028932094573974609375">
        <ele>5</ele>
        <time>2026-09-13T12:39:04.000Z</time>
        <extensions>
          <ns3:TrackPointExtension>
            <ns3:hr>91</ns3:hr>
            <ns3:cad>0</ns3:cad>
          </ns3:TrackPointExtension>
        </extensions>
      </trkpt>
      <trkpt lat="31.2638183869421482086181640625" lon="121.50193492881953716278076171875">
        <ele>4.80000019073486328125</ele>
        <time>2026-09-13T12:39:06.000Z</time>
        <extensions>
          <ns3:TrackPointExtension>
            <ns3:hr>90</ns3:hr>
            <ns3:cad>54</ns3:cad>
          </ns3:TrackPointExtension>
        </extensions>
      </trkpt>
      <trkpt lat="31.26373934559524059295654296875" lon="121.5020163170993328094482421875">
        <ele>4.80000019073486328125</ele>
        <time>2026-09-13T12:39:14.000Z</time>
        <extensions>
          <ns3:TrackPointExtension>
            <ns3:hr>88</ns3:hr>
            <ns3:cad>51</ns3:cad>
          </ns3:TrackPointExtension>
        </extensions>
      </trkpt>
      <trkpt lat="31.26370020210742950439453125" lon="121.5020607411861419677734375">
        <ele>5</ele>
        <time>2026-09-13T12:39:19.000Z</time>
        <extensions>
          <ns3:TrackPointExtension>
            <ns3:hr>87</ns3:hr>
            <ns3:cad>54</ns3:cad>
          </ns3:TrackPointExtension>
        </extensions>
      </trkpt>
      <trkpt lat="31.2636688537895679473876953125" lon="121.50210726074874401092529296875">
        <ele>5.19999980926513671875</ele>
        <time>2026-09-13T12:39:23.000Z</time>
        <extensions>
          <ns3:TrackPointExtension>
            <ns3:hr>86</ns3:hr>
            <ns3:cad>55</ns3:cad>
          </ns3:TrackPointExtension>
        </extensions>
      </trkpt>
      <trkpt lat="31.2636396847665309906005859375" lon="121.50215738452970981597900390625">
        <ele>5.19999980926513671875</ele>
        <time>2026-09-13T12:39:28.000Z</time>
        <extensions>
          <ns3:TrackPointExtension>
            <ns3:hr>83</ns3:hr>
            <ns3:cad>55</ns3:cad>
          </ns3:TrackPointExtension>
        </extensions>
      </trkpt>
      <trkpt lat="31.26364278607070446014404296875" lon="121.5021866373717784881591796875">
        <ele>5.400000095367431640625</ele>
        <time>2026-09-13T12:39:30.000Z</time>
        <extensions>
          <ns3:TrackPointExtension>
            <ns3:hr>81</ns3:hr>
            <ns3:cad>55</ns3:cad>
          </ns3:TrackPointExtension>
        </extensions>
      </trkpt>
      <trkpt lat="31.2636463902890682220458984375" lon="121.50224723853170871734619140625">
        <ele>5.80000019073486328125</ele>
        <time>2026-09-13T12:39:35.000Z</time>
        <extensions>
          <ns3:TrackPointExtension>
            <ns3:hr>81</ns3:hr>
            <ns3:cad>55</ns3:cad>
          </ns3:TrackPointExtension>
        </extensions>
      </trkpt>
      <trkpt lat="31.263624094426631927490234375" lon="121.502284705638885498046875">
        <ele>6</ele>
        <time>2026-09-13T12:39:38.000Z</time>
        <extensions>
          <ns3:TrackPointExtension>
            <ns3:hr>82</ns3:hr>
            <ns3:cad>55</ns3:cad>
          </ns3:TrackPointExtension>
        </extensions>
      </trkpt>
      <trkpt lat="31.26353465951979160308837890625" lon="121.5023733861744403839111328125">
        <ele>6.400000095367431640625</ele>
        <time>2026-09-13T12:39:46.000Z</time>
        <extensions>
          <ns3:TrackPointExtension>
            <ns3:hr>82</ns3:hr>
            <ns3:cad>55</ns3:cad>
          </ns3:TrackPointExtension>
        </extensions>
      </trkpt>
      <trkpt lat="31.26345419324934482574462890625" lon="121.50242560543119907379150390625">
        <ele>7.19999980926513671875</ele>
        <time>2026-09-13T12:39:53.000Z</time>
        <extensions>
          <ns3:TrackPointExtension>
            <ns3:hr>82</ns3:hr>
            <ns3:cad>53</ns3:cad>
          </ns3:TrackPointExtension>
        </extensions>
      </trkpt>
      <trkpt lat="31.26340591348707675933837890625" lon="121.50246282108128070831298828125">
        <ele>6.80000019073486328125</ele>
        <time>2026-09-13T12:39:59.000Z</time>
        <extensions>
          <ns3:TrackPointExtension>
            <ns3:hr>83</ns3:hr>
            <ns3:cad>56</ns3:cad>
          </ns3:TrackPointExtension>
        </extensions>
      </trkpt>
      <trkpt lat="31.26339753158390522003173828125" lon="121.5024732984602451324462890625">
        <ele>6.80000019073486328125</ele>
        <time>2026-09-13T12:40:00.000Z</time>
        <extensions>
          <ns3:TrackPointExtension>
            <ns3:hr>82</ns3:hr>
            <ns3:cad>56</ns3:cad>
          </ns3:TrackPointExtension>
        </extensions>
      </trkpt>
      <trkpt lat="31.2633117847144603729248046875" lon="121.5025427006185054779052734375">
        <ele>6.19999980926513671875</ele>
        <time>2026-09-13T12:40:08.000Z</time>
        <extensions>
          <ns3:TrackPointExtension>
            <ns3:hr>83</ns3:hr>
            <ns3:cad>56</ns3:cad>
          </ns3:TrackPointExtension>
        </extensions>
      </trkpt>
      <trkpt lat="31.2632366828620433807373046875" lon="121.5026198141276836395263671875">
        <ele>5.80000019073486328125</ele>
        <time>2026-09-13T12:40:16.000Z</time>
        <extensions>
          <ns3:TrackPointExtension>
            <ns3:hr>86</ns3:hr>
            <ns3:cad>56</ns3:cad>
          </ns3:TrackPointExtension>
        </extensions>
      </trkpt>
      <trkpt lat="31.26322452910244464874267578125" lon="121.50262811221182346343994140625">
        <ele>5.80000019073486328125</ele>
        <time>2026-09-13T12:40:17.000Z</time>
        <extensions>
          <ns3:TrackPointExtension>
            <ns3:hr>83</ns3:hr>
            <ns3:cad>56</ns3:cad>
          </ns3:TrackPointExtension>
        </extensions>
      </trkpt>
      <trkpt lat="31.26321296207606792449951171875" lon="121.50263733230531215667724609375">
        <ele>5.80000019073486328125</ele>
        <time>2026-09-13T12:40:18.000Z</time>
        <extensions>
          <ns3:TrackPointExtension>
            <ns3:hr>83</ns3:hr>
            <ns3:cad>56</ns3:cad>
          </ns3:TrackPointExtension>
        </extensions>
      </trkpt>
      <trkpt lat="31.26312553882598876953125" lon="121.5027183853089809417724609375">
        <ele>5.19999980926513671875</ele>
        <time>2026-09-13T12:40:26.000Z</time>
        <extensions>
          <ns3:TrackPointExtension>
            <ns3:hr>83</ns3:hr>
            <ns3:cad>57</ns3:cad>
          </ns3:TrackPointExtension>
        </extensions>
      </trkpt>
      <trkpt lat="31.26301900483667850494384765625" lon="121.50280773639678955078125">
        <ele>4</ele>
        <time>2026-09-13T12:40:31.000Z</time>
        <extensions>
          <ns3:TrackPointExtension>
            <ns3:hr>84</ns3:hr>
            <ns3:cad>84</ns3:cad>
          </ns3:TrackPointExtension>
        </extensions>
      </trkpt>
      <trkpt lat="31.2629225291311740875244140625" lon="121.50288216769695281982421875">
        <ele>6.80000019073486328125</ele>
        <time>2026-09-13T12:40:35.000Z</time>
        <extensions>
          <ns3:TrackPointExtension>
            <ns3:hr>93</ns3:hr>
            <ns3:cad>84</ns3:cad>
          </ns3:TrackPointExtension>
        </extensions>
      </trkpt>
      <trkpt lat="31.2628990598022937774658203125" lon="121.50289960205554962158203125">
        <ele>7.400000095367431640625</ele>
        <time>2026-09-13T12:40:36.000Z</time>
        <extensions>
          <ns3:TrackPointExtension>
            <ns3:hr>92</ns3:hr>
            <ns3:cad>84</ns3:cad>
          </ns3:TrackPointExtension>
        </extensions>
      </trkpt>
      <trkpt lat="31.26285086385905742645263671875" lon="121.502932123839855194091796875">
        <ele>8.80000019073486328125</ele>
        <time>2026-09-13T12:40:38.000Z</time>
        <extensions>
          <ns3:TrackPointExtension>
            <ns3:hr>96</ns3:hr>
            <ns3:cad>85</ns3:cad>
          </ns3:TrackPointExtension>
        </extensions>
      </trkpt>
      <trkpt lat="31.26283359713852405548095703125" lon="121.50294679217040538787841796875">
        <ele>9.3999996185302734375</ele>
        <time>2026-09-13T12:40:39.000Z</time>
        <extensions>
          <ns3:TrackPointExtension>
            <ns3:hr>98</ns3:hr>
            <ns3:cad>85</ns3:cad>
          </ns3:TrackPointExtension>
        </extensions>
      </trkpt>
      <trkpt lat="31.2627947889268398284912109375" lon="121.5029795654118061065673828125">
        <ele>10.80000019073486328125</ele>
        <time>2026-09-13T12:40:42.000Z</time>
        <extensions>
          <ns3:TrackPointExtension>
            <ns3:hr>102</ns3:hr>
            <ns3:cad>85</ns3:cad>
          </ns3:TrackPointExtension>
        </extensions>
      </trkpt>
      <trkpt lat="31.26276277005672454833984375" lon="121.502999179065227508544921875">
        <ele>12</ele>
        <time>2026-09-13T12:40:45.000Z</time>
        <extensions>
          <ns3:TrackPointExtension>
            <ns3:hr>102</ns3:hr>
            <ns3:cad>85</ns3:cad>
          </ns3:TrackPointExtension>
        </extensions>
      </trkpt>
      <trkpt lat="31.26275346614420413970947265625" lon="121.50300328619778156280517578125">
        <ele>12.19999980926513671875</ele>
        <time>2026-09-13T12:40:46.000Z</time>
        <extensions>
          <ns3:TrackPointExtension>
            <ns3:hr>106</ns3:hr>
            <ns3:cad>85</ns3:cad>
          </ns3:TrackPointExtension>
        </extensions>
      </trkpt>
      <trkpt lat="31.2627191841602325439453125" lon="121.503032706677913665771484375">
        <ele>13.6000003814697265625</ele>
        <time>2026-09-13T12:40:50.000Z</time>
        <extensions>
          <ns3:TrackPointExtension>
            <ns3:hr>104</ns3:hr>
            <ns3:cad>55</ns3:cad>
          </ns3:TrackPointExtension>
        </extensions>
      </trkpt>
      <trkpt lat="31.26267400570213794708251953125" lon="121.50308341719210147857666015625">
        <ele>15.6000003814697265625</ele>
        <time>2026-09-13T12:40:55.000Z</time>
        <extensions>
          <ns3:TrackPointExtension>
            <ns3:hr>101</ns3:hr>
            <ns3:cad>0</ns3:cad>
          </ns3:TrackPointExtension>
        </extensions>
      </trkpt>
      <trkpt lat="31.26264047808945178985595703125" lon="121.50310873053967952728271484375">
        <ele>16.799999237060546875</ele>
        <time>2026-09-13T12:40:58.000Z</time>
        <extensions>
          <ns3:TrackPointExtension>
            <ns3:hr>99</ns3:hr>
            <ns3:cad>58</ns3:cad>
          </ns3:TrackPointExtension>
        </extensions>
      </trkpt>
      <trkpt lat="31.26254819333553314208984375" lon="121.5032072179019451141357421875">
        <ele>19.6000003814697265625</ele>
        <time>2026-09-13T12:41:04.000Z</time>
        <extensions>
          <ns3:TrackPointExtension>
            <ns3:hr>98</ns3:hr>
            <ns3:cad>78</ns3:cad>
          </ns3:TrackPointExtension>
        </extensions>
      </trkpt>
      <trkpt lat="31.262524388730525970458984375" lon="121.5032407455146312713623046875">
        <ele>19.200000762939453125</ele>
        <time>2026-09-13T12:41:06.000Z</time>
        <extensions>
          <ns3:TrackPointExtension>
            <ns3:hr>98</ns3:hr>
            <ns3:cad>0</ns3:cad>
          </ns3:TrackPointExtension>
        </extensions>
      </trkpt>
      <trkpt lat="31.26247887499630451202392578125" lon="121.50328022427856922149658203125">
        <ele>18.799999237060546875</ele>
        <time>2026-09-13T12:41:10.000Z</time>
        <extensions>
          <ns3:TrackPointExtension>
            <ns3:hr>97</ns3:hr>
            <ns3:cad>57</ns3:cad>
          </ns3:TrackPointExtension>
        </extensions>
      </trkpt>
      <trkpt lat="31.26246630214154720306396484375" lon="121.50328273884952068328857421875">
        <ele>18.799999237060546875</ele>
        <time>2026-09-13T12:41:11.000Z</time>
        <extensions>
          <ns3:TrackPointExtension>
            <ns3:hr>97</ns3:hr>
            <ns3:cad>57</ns3:cad>
          </ns3:TrackPointExtension>
        </extensions>
      </trkpt>
      <trkpt lat="31.262419782578945159912109375" lon="121.503312326967716217041015625">
        <ele>18.6000003814697265625</ele>
        <time>2026-09-13T12:41:15.000Z</time>
        <extensions>
          <ns3:TrackPointExtension>
            <ns3:hr>94</ns3:hr>
            <ns3:cad>55</ns3:cad>
          </ns3:TrackPointExtension>
        </extensions>
      </trkpt>
      <trkpt lat="31.26241383142769336700439453125" lon="121.50332213379442691802978515625">
        <ele>18.6000003814697265625</ele>
        <time>2026-09-13T12:41:16.000Z</time>
        <extensions>
          <ns3:TrackPointExtension>
            <ns3:hr>96</ns3:hr>
            <ns3:cad>54</ns3:cad>
          </ns3:TrackPointExtension>
        </extensions>
      </trkpt>
      <trkpt lat="31.262367479503154754638671875" lon="121.50336672551929950714111328125">
        <ele>18.6000003814697265625</ele>
        <time>2026-09-13T12:41:22.000Z</time>
        <extensions>
          <ns3:TrackPointExtension>
            <ns3:hr>95</ns3:hr>
            <ns3:cad>57</ns3:cad>
          </ns3:TrackPointExtension>
        </extensions>
      </trkpt>
      <trkpt lat="31.2623250670731067657470703125" lon="121.503471247851848602294921875">
        <ele>18.200000762939453125</ele>
        <time>2026-09-13T12:41:30.000Z</time>
        <extensions>
          <ns3:TrackPointExtension>
            <ns3:hr>94</ns3:hr>
            <ns3:cad>57</ns3:cad>
          </ns3:TrackPointExtension>
        </extensions>
      </trkpt>
      <trkpt lat="31.26225206069648265838623046875" lon="121.5035669691860675811767578125">
        <ele>17.6000003814697265625</ele>
        <time>2026-09-13T12:41:39.000Z</time>
        <extensions>
          <ns3:TrackPointExtension>
            <ns3:hr>93</ns3:hr>
            <ns3:cad>56</ns3:cad>
          </ns3:TrackPointExtension>
        </extensions>
      </trkpt>
      <trkpt lat="31.262192465364933013916015625" lon="121.503639556467533111572265625">
        <ele>17</ele>
        <time>2026-09-13T12:41:46.000Z</time>
        <extensions>
          <ns3:TrackPointExtension>
            <ns3:hr>90</ns3:hr>
            <ns3:cad>55</ns3:cad>
          </ns3:TrackPointExtension>
        </extensions>
      </trkpt>
      <trkpt lat="31.26218081451952457427978515625" lon="121.50365724228322505950927734375">
        <ele>17</ele>
        <time>2026-09-13T12:41:48.000Z</time>
        <extensions>
          <ns3:TrackPointExtension>
            <ns3:hr>91</ns3:hr>
            <ns3:cad>54</ns3:cad>
          </ns3:TrackPointExtension>
        </extensions>
      </trkpt>
      <trkpt lat="31.26206933520734310150146484375" lon="121.5037439949810504913330078125">
        <ele>17</ele>
        <time>2026-09-13T12:41:57.000Z</time>
        <extensions>
          <ns3:TrackPointExtension>
            <ns3:hr>89</ns3:hr>
            <ns3:cad>56</ns3:cad>
          </ns3:TrackPointExtension>
        </extensions>
      </trkpt>
      <trkpt lat="31.262046955525875091552734375" lon="121.5038003213703632354736328125">
        <ele>16.799999237060546875</ele>
        <time>2026-09-13T12:42:02.000Z</time>
        <extensions>
          <ns3:TrackPointExtension>
            <ns3:hr>87</ns3:hr>
            <ns3:cad>56</ns3:cad>
          </ns3:TrackPointExtension>
        </extensions>
      </trkpt>
      <trkpt lat="31.2620551697909832000732421875" lon="121.5038506127893924713134765625">
        <ele>16.200000762939453125</ele>
        <time>2026-09-13T12:42:04.000Z</time>
        <extensions>
          <ns3:TrackPointExtension>
            <ns3:hr>87</ns3:hr>
            <ns3:cad>56</ns3:cad>
          </ns3:TrackPointExtension>
        </extensions>
      </trkpt>
      <trkpt lat="31.26199272461235523223876953125" lon="121.50394591502845287322998046875">
        <ele>15.3999996185302734375</ele>
        <time>2026-09-13T12:42:10.000Z</time>
        <extensions>
          <ns3:TrackPointExtension>
            <ns3:hr>86</ns3:hr>
            <ns3:cad>56</ns3:cad>
          </ns3:TrackPointExtension>
        </extensions>
      </trkpt>
      <trkpt lat="31.2619520723819732666015625" lon="121.50397374294698238372802734375">
        <ele>15.3999996185302734375</ele>
        <time>2026-09-13T12:42:14.000Z</time>
        <extensions>
          <ns3:TrackPointExtension>
            <ns3:hr>85</ns3:hr>
            <ns3:cad>57</ns3:cad>
          </ns3:TrackPointExtension>
        </extensions>
      </trkpt>
      <trkpt lat="31.261913515627384185791015625" lon="121.5039729885756969451904296875">
        <ele>15</ele>
        <time>2026-09-13T12:42:17.000Z</time>
        <extensions>
          <ns3:TrackPointExtension>
            <ns3:hr>85</ns3:hr>
            <ns3:cad>56</ns3:cad>
          </ns3:TrackPointExtension>
        </extensions>
      </trkpt>
      <trkpt lat="31.26190639100968837738037109375" lon="121.5039837174117565155029296875">
        <ele>15</ele>
        <time>2026-09-13T12:42:18.000Z</time>
        <extensions>
          <ns3:TrackPointExtension>
            <ns3:hr>85</ns3:hr>
            <ns3:cad>56</ns3:cad>
          </ns3:TrackPointExtension>
        </extensions>
      </trkpt>
      <trkpt lat="31.2618358992040157318115234375" lon="121.50404280982911586761474609375">
        <ele>15.19999980926513671875</ele>
        <time>2026-09-13T12:42:24.000Z</time>
        <extensions>
          <ns3:TrackPointExtension>
            <ns3:hr>87</ns3:hr>
            <ns3:cad>55</ns3:cad>
          </ns3:TrackPointExtension>
        </extensions>
      </trkpt>
      <trkpt lat="31.2617450393736362457275390625" lon="121.50414121337234973907470703125">
        <ele>17</ele>
        <time>2026-09-13T12:42:34.000Z</time>
        <extensions>
          <ns3:TrackPointExtension>
            <ns3:hr>88</ns3:hr>
            <ns3:cad>57</ns3:cad>
          </ns3:TrackPointExtension>
        </extensions>
      </trkpt>
      <trkpt lat="31.2616682611405849456787109375" lon="121.504228971898555755615234375">
        <ele>19.6000003814697265625</ele>
        <time>2026-09-13T12:42:41.000Z</time>
        <extensions>
          <ns3:TrackPointExtension>
            <ns3:hr>90</ns3:hr>
            <ns3:cad>57</ns3:cad>
          </ns3:TrackPointExtension>
        </extensions>
      </trkpt>
      <trkpt lat="31.26156172715127468109130859375" lon="121.50435813702642917633056640625">
        <ele>21.799999237060546875</ele>
        <time>2026-09-13T12:42:52.000Z</time>
        <extensions>
          <ns3:TrackPointExtension>
            <ns3:hr>89</ns3:hr>
            <ns3:cad>0</ns3:cad>
          </ns3:TrackPointExtension>
        </extensions>
      </trkpt>
      <trkpt lat="31.2614412792026996612548828125" lon="121.50447539985179901123046875">
        <ele>23.799999237060546875</ele>
        <time>2026-09-13T12:43:01.000Z</time>
        <extensions>
          <ns3:TrackPointExtension>
            <ns3:hr>88</ns3:hr>
            <ns3:cad>79</ns3:cad>
          </ns3:TrackPointExtension>
        </extensions>
      </trkpt>
      <trkpt lat="31.2614164687693119049072265625" lon="121.50450062938034534454345703125">
        <ele>24</ele>
        <time>2026-09-13T12:43:03.000Z</time>
        <extensions>
          <ns3:TrackPointExtension>
            <ns3:hr>88</ns3:hr>
            <ns3:cad>79</ns3:cad>
          </ns3:TrackPointExtension>
        </extensions>
      </trkpt>
    </trkseg>
  </trk>
</gpx>
