<gpx xmlns:ns3="http://www.garmin.com/xmlschemas/TrackPointExtension/v1" xmlns="http://www.topografix.com/GPX/1/1" xmlns:xsi="http://www.w3.org/2001/XMLSchema-instance" xmlns:ns2="http://www.garmin.com/xmlschemas/GpxExtensions/v3" creator="Garmin Connect" version="1.1" xsi:schemaLocation="http://www.topografix.com/GPX/1/1 http://www.topografix.com/GPX/11.xsd">
  <extensions>
<distance>3670.0</distance>
<average_hr>138.0</average_hr>
<average_speed>2.299999952316284</average_speed>
<start_time>2026-09-22T09:03:40+00:00</start_time>
<end_time>2026-09-22T09:30:15.976000+00:00</end_time>
<moving_time>1271.559</moving_time>
<elapsed_time>1595.976</elapsed_time>
</extensions>
<metadata>
    <link href="connect.garmin.com">
      <text>Garmin Connect</text>
    </link>
    <time>2026-09-22T09:03:40.000Z</time>
  </metadata>
  <trk>
    <name>虹口区 操场跑步</name>
    <type>track_running</type>
    <trkseg>
      <trkpt lat="31.27843248657882213592529296875" lon="121.4772481285035610198974609375">
        <ele>10.80000019073486328125</ele>
        <time>2026-09-22T09:03:41.000Z</time>
        <extensions>
          <ns3:TrackPointExtension>
            <ns3:hr>82</ns3:hr>
            <ns3:cad>0</ns3:cad>
          </ns3:TrackPointExtension>
        </extensions>
      </trkpt>
      <trkpt lat="31.27845008857548236846923828125" lon="121.47720395587384700775146484375">
        <ele>10.3999996185302734375</ele>
        <time>2026-09-22T09:03:42.000Z</time>
        <extensions>
          <ns3:TrackPointExtension>
            <ns3:hr>82</ns3:hr>
            <ns3:cad>0</ns3:cad>
          </ns3:TrackPointExtension>
        </extensions>
      </trkpt>
      <trkpt lat="31.27846500836312770843505859375" lon="121.47715517319738864898681640625">
        <ele>10</ele>
        <time>2026-09-22T09:03:43.000Z</time>
        <extensions>
          <ns3:TrackPointExtension>
            <ns3:hr>82</ns3:hr>
            <ns3:cad>0</ns3:cad>
          </ns3:TrackPointExtension>
        </extensions>
      </trkpt>
      <trkpt lat="31.2784731388092041015625" lon="121.47712063975632190704345703125">
        <ele>9.6000003814697265625</ele>
        <time>2026-09-22T09:03:44.000Z</time>
        <extensions>
          <ns3:TrackPointExtension>
            <ns3:hr>82</ns3:hr>
            <ns3:cad>82</ns3:cad>
          </ns3:TrackPointExtension>
        </extensions>
      </trkpt>
      <trkpt lat="31.27848160453140735626220703125" lon="121.47706297226250171661376953125">
        <ele>9</ele>
        <time>2026-09-22T09:03:45.000Z</time>
        <extensions>
          <ns3:TrackPointExtension>
            <ns3:hr>82</ns3:hr>
            <ns3:cad>84</ns3:cad>
          </ns3:TrackPointExtension>
        </extensions>
      </trkpt>
      <trkpt lat="31.27848462201654911041259765625" lon="121.476989127695560455322265625">
        <ele>8.19999980926513671875</ele>
        <time>2026-09-22T09:03:46.000Z</time>
        <extensions>
          <ns3:TrackPointExtension>
            <ns3:hr>83</ns3:hr>
            <ns3:cad>87</ns3:cad>
          </ns3:TrackPointExtension>
        </extensions>
      </trkpt>
      <trkpt lat="31.2784820236265659332275390625" lon="121.47694327868521213531494140625">
        <ele>7.80000019073486328125</ele>
        <time>2026-09-22T09:03:47.000Z</time>
        <extensions>
          <ns3:TrackPointExtension>
            <ns3:hr>86</ns3:hr>
            <ns3:cad>88</ns3:cad>
          </ns3:TrackPointExtension>
        </extensions>
      </trkpt>
      <trkpt lat="31.27847649157047271728515625" lon="121.47689969278872013092041015625">
        <ele>7.400000095367431640625</ele>
        <time>2026-09-22T09:03:48.000Z</time>
        <extensions>
          <ns3:TrackPointExtension>
            <ns3:hr>90</ns3:hr>
            <ns3:cad>91</ns3:cad>
          </ns3:TrackPointExtension>
        </extensions>
      </trkpt>
      <trkpt lat="31.27846685238182544708251953125" lon="121.4768525026738643646240234375">
        <ele>7.19999980926513671875</ele>
        <time>2026-09-22T09:03:49.000Z</time>
        <extensions>
          <ns3:TrackPointExtension>
            <ns3:hr>92</ns3:hr>
            <ns3:cad>91</ns3:cad>
          </ns3:TrackPointExtension>
        </extensions>
      </trkpt>
      <trkpt lat="31.27845394425094127655029296875" lon="121.47680732421576976776123046875">
        <ele>7.599999904632568359375</ele>
        <time>2026-09-22T09:03:50.000Z</time>
        <extensions>
          <ns3:TrackPointExtension>
            <ns3:hr>100</ns3:hr>
            <ns3:cad>92</ns3:cad>
          </ns3:TrackPointExtension>
        </extensions>
      </trkpt>
      <trkpt lat="31.2784370966255664825439453125" lon="121.47676222957670688629150390625">
        <ele>8.19999980926513671875</ele>
        <time>2026-09-22T09:03:51.000Z</time>
        <extensions>
          <ns3:TrackPointExtension>
            <ns3:hr>98</ns3:hr>
            <ns3:cad>92</ns3:cad>
          </ns3:TrackPointExtension>
        </extensions>
      </trkpt>
      <trkpt lat="31.278416812419891357421875" lon="121.47671998478472232818603515625">
        <ele>8.6000003814697265625</ele>
        <time>2026-09-22T09:03:52.000Z</time>
        <extensions>
          <ns3:TrackPointExtension>
            <ns3:hr>102</ns3:hr>
            <ns3:cad>93</ns3:cad>
          </ns3:TrackPointExtension>
        </extensions>
      </trkpt>
      <trkpt lat="31.27839543856680393218994140625" lon="121.47668377496302127838134765625">
        <ele>9</ele>
        <time>2026-09-22T09:03:53.000Z</time>
        <extensions>
          <ns3:TrackPointExtension>
            <ns3:hr>105</ns3:hr>
            <ns3:cad>93</ns3:cad>
          </ns3:TrackPointExtension>
        </extensions>
      </trkpt>
      <trkpt lat="31.27837230451405048370361328125" lon="121.476650498807430267333984375">
        <ele>9.3999996185302734375</ele>
        <time>2026-09-22T09:03:54.000Z</time>
        <extensions>
          <ns3:TrackPointExtension>
            <ns3:hr>107</ns3:hr>
            <ns3:cad>93</ns3:cad>
          </ns3:TrackPointExtension>
        </extensions>
      </trkpt>
      <trkpt lat="31.27834908664226531982421875" lon="121.47662141360342502593994140625">
        <ele>9.6000003814697265625</ele>
        <time>2026-09-22T09:03:55.000Z</time>
        <extensions>
          <ns3:TrackPointExtension>
            <ns3:hr>110</ns3:hr>
            <ns3:cad>92</ns3:cad>
          </ns3:TrackPointExtension>
        </extensions>
      </trkpt>
      <trkpt lat="31.27831581048667430877685546875" lon="121.47658671252429485321044921875">
        <ele>10</ele>
        <time>2026-09-22T09:03:56.000Z</time>
        <extensions>
          <ns3:TrackPointExtension>
            <ns3:hr>111</ns3:hr>
            <ns3:cad>92</ns3:cad>
          </ns3:TrackPointExtension>
        </extensions>
      </trkpt>
      <trkpt lat="31.27828815020620822906494140625" lon="121.476561985909938812255859375">
        <ele>10.6000003814697265625</ele>
        <time>2026-09-22T09:03:57.000Z</time>
        <extensions>
          <ns3:TrackPointExtension>
            <ns3:hr>113</ns3:hr>
            <ns3:cad>91</ns3:cad>
          </ns3:TrackPointExtension>
        </extensions>
      </trkpt>
      <trkpt lat="31.2782599031925201416015625" lon="121.47654153406620025634765625">
        <ele>11</ele>
        <time>2026-09-22T09:03:58.000Z</time>
        <extensions>
          <ns3:TrackPointExtension>
            <ns3:hr>114</ns3:hr>
            <ns3:cad>91</ns3:cad>
          </ns3:TrackPointExtension>
        </extensions>
      </trkpt>
      <trkpt lat="31.27822461538016796112060546875" lon="121.4765199087560176849365234375">
        <ele>11.6000003814697265625</ele>
        <time>2026-09-22T09:03:59.000Z</time>
        <extensions>
          <ns3:TrackPointExtension>
            <ns3:hr>117</ns3:hr>
            <ns3:cad>91</ns3:cad>
          </ns3:TrackPointExtension>
        </extensions>
      </trkpt>
      <trkpt lat="31.27819259651005268096923828125" lon="121.4765028096735477447509765625">
        <ele>11.6000003814697265625</ele>
        <time>2026-09-22T09:04:00.000Z</time>
        <extensions>
          <ns3:TrackPointExtension>
            <ns3:hr>120</ns3:hr>
            <ns3:cad>91</ns3:cad>
          </ns3:TrackPointExtension>
        </extensions>
      </trkpt>
      <trkpt lat="31.27815722487866878509521484375" lon="121.47648520767688751220703125">
        <ele>11.3999996185302734375</ele>
        <time>2026-09-22T09:04:01.000Z</time>
        <extensions>
          <ns3:TrackPointExtension>
            <ns3:hr>118</ns3:hr>
            <ns3:cad>92</ns3:cad>
          </ns3:TrackPointExtension>
        </extensions>
      </trkpt>
      <trkpt lat="31.27812537364661693572998046875" lon="121.476469449698925018310546875">
        <ele>11</ele>
        <time>2026-09-22T09:04:02.000Z</time>
        <extensions>
          <ns3:TrackPointExtension>
            <ns3:hr>119</ns3:hr>
            <ns3:cad>92</ns3:cad>
          </ns3:TrackPointExtension>
        </extensions>
      </trkpt>
      <trkpt lat="31.27809436060488224029541015625" lon="121.476454026997089385986328125">
        <ele>10.80000019073486328125</ele>
        <time>2026-09-22T09:04:03.000Z</time>
        <extensions>
          <ns3:TrackPointExtension>
            <ns3:hr>120</ns3:hr>
            <ns3:cad>92</ns3:cad>
          </ns3:TrackPointExtension>
        </extensions>
      </trkpt>
      <trkpt lat="31.27805815078318119049072265625" lon="121.47643600590527057647705078125">
        <ele>10.6000003814697265625</ele>
        <time>2026-09-22T09:04:04.000Z</time>
        <extensions>
          <ns3:TrackPointExtension>
            <ns3:hr>121</ns3:hr>
            <ns3:cad>92</ns3:cad>
          </ns3:TrackPointExtension>
        </extensions>
      </trkpt>
      <trkpt lat="31.2780270539224147796630859375" lon="121.47642058320343494415283203125">
        <ele>10.6000003814697265625</ele>
        <time>2026-09-22T09:04:05.000Z</time>
        <extensions>
          <ns3:TrackPointExtension>
            <ns3:hr>121</ns3:hr>
            <ns3:cad>92</ns3:cad>
          </ns3:TrackPointExtension>
        </extensions>
      </trkpt>
      <trkpt lat="31.27799277193844318389892578125" lon="121.4764035679399967193603515625">
        <ele>10.3999996185302734375</ele>
        <time>2026-09-22T09:04:06.000Z</time>
        <extensions>
          <ns3:TrackPointExtension>
            <ns3:hr>122</ns3:hr>
            <ns3:cad>92</ns3:cad>
          </ns3:TrackPointExtension>
        </extensions>
      </trkpt>
      <trkpt lat="31.27795974723994731903076171875" lon="121.47638722322881221771240234375">
        <ele>10.3999996185302734375</ele>
        <time>2026-09-22T09:04:07.000Z</time>
        <extensions>
          <ns3:TrackPointExtension>
            <ns3:hr>123</ns3:hr>
            <ns3:cad>91</ns3:cad>
          </ns3:TrackPointExtension>
        </extensions>
      </trkpt>
      <trkpt lat="31.2779241241514682769775390625" lon="121.476369537413120269775390625">
        <ele>10.3999996185302734375</ele>
        <time>2026-09-22T09:04:08.000Z</time>
        <extensions>
          <ns3:TrackPointExtension>
            <ns3:hr>124</ns3:hr>
            <ns3:cad>91</ns3:cad>
          </ns3:TrackPointExtension>
        </extensions>
      </trkpt>
      <trkpt lat="31.277882717549800872802734375" lon="121.47634900175034999847412109375">
        <ele>10.3999996185302734375</ele>
        <time>2026-09-22T09:04:09.000Z</time>
        <extensions>
          <ns3:TrackPointExtension>
            <ns3:hr>126</ns3:hr>
            <ns3:cad>91</ns3:cad>
          </ns3:TrackPointExtension>
        </extensions>
      </trkpt>
      <trkpt lat="31.277851872146129608154296875" lon="121.47633366286754608154296875">
        <ele>10.3999996185302734375</ele>
        <time>2026-09-22T09:04:10.000Z</time>
        <extensions>
          <ns3:TrackPointExtension>
            <ns3:hr>127</ns3:hr>
            <ns3:cad>91</ns3:cad>
          </ns3:TrackPointExtension>
        </extensions>
      </trkpt>
      <trkpt lat="31.277829073369503021240234375" lon="121.47632234729826450347900390625">
        <ele>10.6000003814697265625</ele>
        <time>2026-09-22T09:04:11.000Z</time>
        <extensions>
          <ns3:TrackPointExtension>
            <ns3:hr>128</ns3:hr>
            <ns3:cad>91</ns3:cad>
          </ns3:TrackPointExtension>
        </extensions>
      </trkpt>
      <trkpt lat="31.27779127098619937896728515625" lon="121.47630357183516025543212890625">
        <ele>10.6000003814697265625</ele>
        <time>2026-09-22T09:04:12.000Z</time>
        <extensions>
          <ns3:TrackPointExtension>
            <ns3:hr>129</ns3:hr>
            <ns3:cad>92</ns3:cad>
          </ns3:TrackPointExtension>
        </extensions>
      </trkpt>
      <trkpt lat="31.27776704728603363037109375" lon="121.4762915857136249542236328125">
        <ele>10.3999996185302734375</ele>
        <time>2026-09-22T09:04:13.000Z</time>
        <extensions>
          <ns3:TrackPointExtension>
            <ns3:hr>130</ns3:hr>
            <ns3:cad>92</ns3:cad>
          </ns3:TrackPointExtension>
        </extensions>
      </trkpt>
      <trkpt lat="31.27773343585431575775146484375" lon="121.47627557627856731414794921875">
        <ele>10.3999996185302734375</ele>
        <time>2026-09-22T09:04:14.000Z</time>
        <extensions>
          <ns3:TrackPointExtension>
            <ns3:hr>131</ns3:hr>
            <ns3:cad>92</ns3:cad>
          </ns3:TrackPointExtension>
        </extensions>
      </trkpt>
      <trkpt lat="31.277699656784534454345703125" lon="121.4762610755860805511474609375">
        <ele>10.3999996185302734375</ele>
        <time>2026-09-22T09:04:15.000Z</time>
        <extensions>
          <ns3:TrackPointExtension>
            <ns3:hr>132</ns3:hr>
            <ns3:cad>92</ns3:cad>
          </ns3:TrackPointExtension>
        </extensions>
      </trkpt>
      <trkpt lat="31.277662776410579681396484375" lon="121.47625009529292583465576171875">
        <ele>10.19999980926513671875</ele>
        <time>2026-09-22T09:04:16.000Z</time>
        <extensions>
          <ns3:TrackPointExtension>
            <ns3:hr>133</ns3:hr>
            <ns3:cad>91</ns3:cad>
          </ns3:TrackPointExtension>
        </extensions>
      </trkpt>
      <trkpt lat="31.2776247225701808929443359375" lon="121.47624255158007144927978515625">
        <ele>10.19999980926513671875</ele>
        <time>2026-09-22T09:04:17.000Z</time>
        <extensions>
          <ns3:TrackPointExtension>
            <ns3:hr>134</ns3:hr>
            <ns3:cad>91</ns3:cad>
          </ns3:TrackPointExtension>
        </extensions>
      </trkpt>
      <trkpt lat="31.27759614028036594390869140625" lon="121.47623919881880283355712890625">
        <ele>10</ele>
        <time>2026-09-22T09:04:18.000Z</time>
        <extensions>
          <ns3:TrackPointExtension>
            <ns3:hr>134</ns3:hr>
            <ns3:cad>90</ns3:cad>
          </ns3:TrackPointExtension>
        </extensions>
      </trkpt>
      <trkpt lat="31.27756462432444095611572265625" lon="121.476237438619136810302734375">
        <ele>9.80000019073486328125</ele>
        <time>2026-09-22T09:04:19.000Z</time>
        <extensions>
          <ns3:TrackPointExtension>
            <ns3:hr>135</ns3:hr>
            <ns3:cad>90</ns3:cad>
          </ns3:TrackPointExtension>
        </extensions>
      </trkpt>
      <trkpt lat="31.2775303423404693603515625" lon="121.47623953409492969512939453125">
        <ele>9.3999996185302734375</ele>
        <time>2026-09-22T09:04:20.000Z</time>
        <extensions>
          <ns3:TrackPointExtension>
            <ns3:hr>136</ns3:hr>
            <ns3:cad>90</ns3:cad>
          </ns3:TrackPointExtension>
        </extensions>
      </trkpt>
      <trkpt lat="31.277494467794895172119140625" lon="121.4762446470558643341064453125">
        <ele>9</ele>
        <time>2026-09-22T09:04:21.000Z</time>
        <extensions>
          <ns3:TrackPointExtension>
            <ns3:hr>136</ns3:hr>
            <ns3:cad>91</ns3:cad>
          </ns3:TrackPointExtension>
        </extensions>
      </trkpt>
      <trkpt lat="31.27746370621025562286376953125" lon="121.47625126875936985015869140625">
        <ele>8.6000003814697265625</ele>
        <time>2026-09-22T09:04:22.000Z</time>
        <extensions>
          <ns3:TrackPointExtension>
            <ns3:hr>135</ns3:hr>
            <ns3:cad>91</ns3:cad>
          </ns3:TrackPointExtension>
        </extensions>
      </trkpt>
      <trkpt lat="31.27742397598922252655029296875" lon="121.47626400925219058990478515625">
        <ele>8</ele>
        <time>2026-09-22T09:04:23.000Z</time>
        <extensions>
          <ns3:TrackPointExtension>
            <ns3:hr>137</ns3:hr>
            <ns3:cad>91</ns3:cad>
          </ns3:TrackPointExtension>
        </extensions>
      </trkpt>
      <trkpt lat="31.2773963995277881622314453125" lon="121.47627607919275760650634765625">
        <ele>7.599999904632568359375</ele>
        <time>2026-09-22T09:04:24.000Z</time>
        <extensions>
          <ns3:TrackPointExtension>
            <ns3:hr>137</ns3:hr>
            <ns3:cad>91</ns3:cad>
          </ns3:TrackPointExtension>
        </extensions>
      </trkpt>
      <trkpt lat="31.2773648835718631744384765625" lon="121.47629267536103725433349609375">
        <ele>7.19999980926513671875</ele>
        <time>2026-09-22T09:04:25.000Z</time>
        <extensions>
          <ns3:TrackPointExtension>
            <ns3:hr>138</ns3:hr>
            <ns3:cad>91</ns3:cad>
          </ns3:TrackPointExtension>
        </extensions>
      </trkpt>
      <trkpt lat="31.2773380614817142486572265625" lon="121.4763090200722217559814453125">
        <ele>7.400000095367431640625</ele>
        <time>2026-09-22T09:04:26.000Z</time>
        <extensions>
          <ns3:TrackPointExtension>
            <ns3:hr>138</ns3:hr>
            <ns3:cad>90</ns3:cad>
          </ns3:TrackPointExtension>
        </extensions>
      </trkpt>
      <trkpt lat="31.27730797044932842254638671875" lon="121.4763311482965946197509765625">
        <ele>7.400000095367431640625</ele>
        <time>2026-09-22T09:04:27.000Z</time>
        <extensions>
          <ns3:TrackPointExtension>
            <ns3:hr>139</ns3:hr>
            <ns3:cad>90</ns3:cad>
          </ns3:TrackPointExtension>
        </extensions>
      </trkpt>
      <trkpt lat="31.277281232178211212158203125" lon="121.47635486908257007598876953125">
        <ele>7.599999904632568359375</ele>
        <time>2026-09-22T09:04:28.000Z</time>
        <extensions>
          <ns3:TrackPointExtension>
            <ns3:hr>139</ns3:hr>
            <ns3:cad>90</ns3:cad>
          </ns3:TrackPointExtension>
        </extensions>
      </trkpt>
      <trkpt lat="31.27725533209741115570068359375" lon="121.47638102062046527862548828125">
        <ele>7.599999904632568359375</ele>
        <time>2026-09-22T09:04:29.000Z</time>
        <extensions>
          <ns3:TrackPointExtension>
            <ns3:hr>140</ns3:hr>
            <ns3:cad>90</ns3:cad>
          </ns3:TrackPointExtension>
        </extensions>
      </trkpt>
      <trkpt lat="31.2772301025688648223876953125" lon="121.476410441100597381591796875">
        <ele>7.80000019073486328125</ele>
        <time>2026-09-22T09:04:30.000Z</time>
        <extensions>
          <ns3:TrackPointExtension>
            <ns3:hr>143</ns3:hr>
            <ns3:cad>91</ns3:cad>
          </ns3:TrackPointExtension>
        </extensions>
      </trkpt>
      <trkpt lat="31.2772042863070964813232421875" lon="121.476445980370044708251953125">
        <ele>7.80000019073486328125</ele>
        <time>2026-09-22T09:04:31.000Z</time>
        <extensions>
          <ns3:TrackPointExtension>
            <ns3:hr>143</ns3:hr>
            <ns3:cad>91</ns3:cad>
          </ns3:TrackPointExtension>
        </extensions>
      </trkpt>
      <trkpt lat="31.27717989496886730194091796875" lon="121.47648730315268039703369140625">
        <ele>7.80000019073486328125</ele>
        <time>2026-09-22T09:04:32.000Z</time>
        <extensions>
          <ns3:TrackPointExtension>
            <ns3:hr>141</ns3:hr>
            <ns3:cad>91</ns3:cad>
          </ns3:TrackPointExtension>
        </extensions>
      </trkpt>
      <trkpt lat="31.2771643884479999542236328125" lon="121.4765195734798908233642578125">
        <ele>7.80000019073486328125</ele>
        <time>2026-09-22T09:04:33.000Z</time>
        <extensions>
          <ns3:TrackPointExtension>
            <ns3:hr>141</ns3:hr>
            <ns3:cad>92</ns3:cad>
          </ns3:TrackPointExtension>
        </extensions>
      </trkpt>
      <trkpt lat="31.27715005539357662200927734375" lon="121.476553939282894134521484375">
        <ele>7.80000019073486328125</ele>
        <time>2026-09-22T09:04:34.000Z</time>
        <extensions>
          <ns3:TrackPointExtension>
            <ns3:hr>142</ns3:hr>
            <ns3:cad>92</ns3:cad>
          </ns3:TrackPointExtension>
        </extensions>
      </trkpt>
      <trkpt lat="31.27713580615818500518798828125" lon="121.47659559734165668487548828125">
        <ele>7.80000019073486328125</ele>
        <time>2026-09-22T09:04:35.000Z</time>
        <extensions>
          <ns3:TrackPointExtension>
            <ns3:hr>142</ns3:hr>
            <ns3:cad>92</ns3:cad>
          </ns3:TrackPointExtension>
        </extensions>
      </trkpt>
      <trkpt lat="31.2771248258650302886962890625" lon="121.47663733921945095062255859375">
        <ele>7.599999904632568359375</ele>
        <time>2026-09-22T09:04:36.000Z</time>
        <extensions>
          <ns3:TrackPointExtension>
            <ns3:hr>144</ns3:hr>
            <ns3:cad>92</ns3:cad>
          </ns3:TrackPointExtension>
        </extensions>
      </trkpt>
      <trkpt lat="31.27711669541895389556884765625" lon="121.4766835235059261322021484375">
        <ele>7.400000095367431640625</ele>
        <time>2026-09-22T09:04:37.000Z</time>
        <extensions>
          <ns3:TrackPointExtension>
            <ns3:hr>142</ns3:hr>
            <ns3:cad>92</ns3:cad>
          </ns3:TrackPointExtension>
        </extensions>
      </trkpt>
      <trkpt lat="31.2771127559244632720947265625" lon="121.4767234213650226593017578125">
        <ele>7</ele>
        <time>2026-09-22T09:04:38.000Z</time>
        <extensions>
          <ns3:TrackPointExtension>
            <ns3:hr>142</ns3:hr>
            <ns3:cad>92</ns3:cad>
          </ns3:TrackPointExtension>
        </extensions>
      </trkpt>
      <trkpt lat="31.27711099572479724884033203125" lon="121.47676139138638973236083984375">
        <ele>6.80000019073486328125</ele>
        <time>2026-09-22T09:04:39.000Z</time>
        <extensions>
          <ns3:TrackPointExtension>
            <ns3:hr>141</ns3:hr>
            <ns3:cad>92</ns3:cad>
          </ns3:TrackPointExtension>
        </extensions>
      </trkpt>
      <trkpt lat="31.2771110795438289642333984375" lon="121.47679626010358333587646484375">
        <ele>6.599999904632568359375</ele>
        <time>2026-09-22T09:04:40.000Z</time>
        <extensions>
          <ns3:TrackPointExtension>
            <ns3:hr>143</ns3:hr>
            <ns3:cad>92</ns3:cad>
          </ns3:TrackPointExtension>
        </extensions>
      </trkpt>
      <trkpt lat="31.2771144323050975799560546875" lon="121.476835906505584716796875">
        <ele>6.19999980926513671875</ele>
        <time>2026-09-22T09:04:41.000Z</time>
        <extensions>
          <ns3:TrackPointExtension>
            <ns3:hr>141</ns3:hr>
            <ns3:cad>91</ns3:cad>
          </ns3:TrackPointExtension>
        </extensions>
      </trkpt>
      <trkpt lat="31.277120299637317657470703125" lon="121.47687672637403011322021484375">
        <ele>6</ele>
        <time>2026-09-22T09:04:42.000Z</time>
        <extensions>
          <ns3:TrackPointExtension>
            <ns3:hr>144</ns3:hr>
            <ns3:cad>91</ns3:cad>
          </ns3:TrackPointExtension>
        </extensions>
      </trkpt>
      <trkpt lat="31.27712876535952091217041015625" lon="121.4769177138805389404296875">
        <ele>6.19999980926513671875</ele>
        <time>2026-09-22T09:04:43.000Z</time>
        <extensions>
          <ns3:TrackPointExtension>
            <ns3:hr>144</ns3:hr>
            <ns3:cad>91</ns3:cad>
          </ns3:TrackPointExtension>
        </extensions>
      </trkpt>
      <trkpt lat="31.27713941037654876708984375" lon="121.47695668973028659820556640625">
        <ele>6.400000095367431640625</ele>
        <time>2026-09-22T09:04:44.000Z</time>
        <extensions>
          <ns3:TrackPointExtension>
            <ns3:hr>144</ns3:hr>
            <ns3:cad>91</ns3:cad>
          </ns3:TrackPointExtension>
        </extensions>
      </trkpt>
      <trkpt lat="31.27715256996452808380126953125" lon="121.47699222899973392486572265625">
        <ele>6.599999904632568359375</ele>
        <time>2026-09-22T09:04:45.000Z</time>
        <extensions>
          <ns3:TrackPointExtension>
            <ns3:hr>144</ns3:hr>
            <ns3:cad>91</ns3:cad>
          </ns3:TrackPointExtension>
        </extensions>
      </trkpt>
      <trkpt lat="31.277186013758182525634765625" lon="121.4770627208054065704345703125">
        <ele>7</ele>
        <time>2026-09-22T09:04:46.000Z</time>
        <extensions>
          <ns3:TrackPointExtension>
            <ns3:hr>145</ns3:hr>
            <ns3:cad>91</ns3:cad>
          </ns3:TrackPointExtension>
        </extensions>
      </trkpt>
      <trkpt lat="31.277186013758182525634765625" lon="121.4770627208054065704345703125">
        <ele>7</ele>
        <time>2026-09-22T09:04:47.000Z</time>
        <extensions>
          <ns3:TrackPointExtension>
            <ns3:hr>145</ns3:hr>
            <ns3:cad>91</ns3:cad>
          </ns3:TrackPointExtension>
        </extensions>
      </trkpt>
      <trkpt lat="31.27720554359257221221923828125" lon="121.47709532640874385833740234375">
        <ele>7.19999980926513671875</ele>
        <time>2026-09-22T09:04:48.000Z</time>
        <extensions>
          <ns3:TrackPointExtension>
            <ns3:hr>147</ns3:hr>
            <ns3:cad>91</ns3:cad>
          </ns3:TrackPointExtension>
        </extensions>
      </trkpt>
      <trkpt lat="31.27723152749240398406982421875" lon="121.4771307818591594696044921875">
        <ele>7.400000095367431640625</ele>
        <time>2026-09-22T09:04:49.000Z</time>
        <extensions>
          <ns3:TrackPointExtension>
            <ns3:hr>147</ns3:hr>
            <ns3:cad>91</ns3:cad>
          </ns3:TrackPointExtension>
        </extensions>
      </trkpt>
      <trkpt lat="31.277254410088062286376953125" lon="121.477157436311244964599609375">
        <ele>7.599999904632568359375</ele>
        <time>2026-09-22T09:04:50.000Z</time>
        <extensions>
          <ns3:TrackPointExtension>
            <ns3:hr>145</ns3:hr>
            <ns3:cad>92</ns3:cad>
          </ns3:TrackPointExtension>
        </extensions>
      </trkpt>
      <trkpt lat="31.2772760353982448577880859375" lon="121.47718015126883983612060546875">
        <ele>7.80000019073486328125</ele>
        <time>2026-09-22T09:04:51.000Z</time>
        <extensions>
          <ns3:TrackPointExtension>
            <ns3:hr>145</ns3:hr>
            <ns3:cad>92</ns3:cad>
          </ns3:TrackPointExtension>
        </extensions>
      </trkpt>
      <trkpt lat="31.277304030954837799072265625" lon="121.47720529697835445404052734375">
        <ele>7.80000019073486328125</ele>
        <time>2026-09-22T09:04:52.000Z</time>
        <extensions>
          <ns3:TrackPointExtension>
            <ns3:hr>146</ns3:hr>
            <ns3:cad>91</ns3:cad>
          </ns3:TrackPointExtension>
        </extensions>
      </trkpt>
      <trkpt lat="31.27732976339757442474365234375" lon="121.47722440771758556365966796875">
        <ele>8</ele>
        <time>2026-09-22T09:04:53.000Z</time>
        <extensions>
          <ns3:TrackPointExtension>
            <ns3:hr>145</ns3:hr>
            <ns3:cad>91</ns3:cad>
          </ns3:TrackPointExtension>
        </extensions>
      </trkpt>
      <trkpt lat="31.277368068695068359375" lon="121.47724871523678302764892578125">
        <ele>8.19999980926513671875</ele>
        <time>2026-09-22T09:04:54.000Z</time>
        <extensions>
          <ns3:TrackPointExtension>
            <ns3:hr>146</ns3:hr>
            <ns3:cad>91</ns3:cad>
          </ns3:TrackPointExtension>
        </extensions>
      </trkpt>
      <trkpt lat="31.27739983610808849334716796875" lon="121.4772658981382846832275390625">
        <ele>8.19999980926513671875</ele>
        <time>2026-09-22T09:04:55.000Z</time>
        <extensions>
          <ns3:TrackPointExtension>
            <ns3:hr>145</ns3:hr>
            <ns3:cad>91</ns3:cad>
          </ns3:TrackPointExtension>
        </extensions>
      </trkpt>
      <trkpt lat="31.27743319608271121978759765625" lon="121.47728241048753261566162109375">
        <ele>8</ele>
        <time>2026-09-22T09:04:56.000Z</time>
        <extensions>
          <ns3:TrackPointExtension>
            <ns3:hr>146</ns3:hr>
            <ns3:cad>91</ns3:cad>
          </ns3:TrackPointExtension>
        </extensions>
      </trkpt>
      <trkpt lat="31.2774654664099216461181640625" lon="121.4772984199225902557373046875">
        <ele>8</ele>
        <time>2026-09-22T09:04:57.000Z</time>
        <extensions>
          <ns3:TrackPointExtension>
            <ns3:hr>144</ns3:hr>
            <ns3:cad>91</ns3:cad>
          </ns3:TrackPointExtension>
        </extensions>
      </trkpt>
      <trkpt lat="31.27749589271843433380126953125" lon="121.47731359116733074188232421875">
        <ele>8</ele>
        <time>2026-09-22T09:04:58.000Z</time>
        <extensions>
          <ns3:TrackPointExtension>
            <ns3:hr>147</ns3:hr>
            <ns3:cad>91</ns3:cad>
          </ns3:TrackPointExtension>
        </extensions>
      </trkpt>
      <trkpt lat="31.27751902677118778228759765625" lon="121.477325074374675750732421875">
        <ele>8</ele>
        <time>2026-09-22T09:04:59.000Z</time>
        <extensions>
          <ns3:TrackPointExtension>
            <ns3:hr>146</ns3:hr>
            <ns3:cad>91</ns3:cad>
          </ns3:TrackPointExtension>
        </extensions>
      </trkpt>
      <trkpt lat="31.27755112946033477783203125" lon="121.4773409999907016754150390625">
        <ele>7.80000019073486328125</ele>
        <time>2026-09-22T09:05:00.000Z</time>
        <extensions>
          <ns3:TrackPointExtension>
            <ns3:hr>146</ns3:hr>
            <ns3:cad>91</ns3:cad>
          </ns3:TrackPointExtension>
        </extensions>
      </trkpt>
      <trkpt lat="31.27757887355983257293701171875" lon="121.4773547463119029998779296875">
        <ele>7.80000019073486328125</ele>
        <time>2026-09-22T09:05:01.000Z</time>
        <extensions>
          <ns3:TrackPointExtension>
            <ns3:hr>145</ns3:hr>
            <ns3:cad>91</ns3:cad>
          </ns3:TrackPointExtension>
        </extensions>
      </trkpt>
      <trkpt lat="31.27760703675448894500732421875" lon="121.47736874409019947052001953125">
        <ele>7.80000019073486328125</ele>
        <time>2026-09-22T09:05:02.000Z</time>
        <extensions>
          <ns3:TrackPointExtension>
            <ns3:hr>145</ns3:hr>
            <ns3:cad>91</ns3:cad>
          </ns3:TrackPointExtension>
        </extensions>
      </trkpt>
      <trkpt lat="31.2776295840740203857421875" lon="121.4773798920214176177978515625">
        <ele>8</ele>
        <time>2026-09-22T09:05:03.000Z</time>
        <extensions>
          <ns3:TrackPointExtension>
            <ns3:hr>146</ns3:hr>
            <ns3:cad>91</ns3:cad>
          </ns3:TrackPointExtension>
        </extensions>
      </trkpt>
      <trkpt lat="31.27766470424830913543701171875" lon="121.47739741019904613494873046875">
        <ele>8.19999980926513671875</ele>
        <time>2026-09-22T09:05:04.000Z</time>
        <extensions>
          <ns3:TrackPointExtension>
            <ns3:hr>145</ns3:hr>
            <ns3:cad>91</ns3:cad>
          </ns3:TrackPointExtension>
        </extensions>
      </trkpt>
      <trkpt lat="31.27768800593912601470947265625" lon="121.477408893406391143798828125">
        <ele>8</ele>
        <time>2026-09-22T09:05:05.000Z</time>
        <extensions>
          <ns3:TrackPointExtension>
            <ns3:hr>147</ns3:hr>
            <ns3:cad>91</ns3:cad>
          </ns3:TrackPointExtension>
        </extensions>
      </trkpt>
      <trkpt lat="31.27772354520857334136962890625" lon="121.47742657922208309173583984375">
        <ele>8</ele>
        <time>2026-09-22T09:05:06.000Z</time>
        <extensions>
          <ns3:TrackPointExtension>
            <ns3:hr>147</ns3:hr>
            <ns3:cad>91</ns3:cad>
          </ns3:TrackPointExtension>
        </extensions>
      </trkpt>
      <trkpt lat="31.2777476012706756591796875" lon="121.4774385653436183929443359375">
        <ele>8</ele>
        <time>2026-09-22T09:05:07.000Z</time>
        <extensions>
          <ns3:TrackPointExtension>
            <ns3:hr>148</ns3:hr>
            <ns3:cad>91</ns3:cad>
          </ns3:TrackPointExtension>
        </extensions>
      </trkpt>
      <trkpt lat="31.2777823023498058319091796875" lon="121.47745574824512004852294921875">
        <ele>8</ele>
        <time>2026-09-22T09:05:08.000Z</time>
        <extensions>
          <ns3:TrackPointExtension>
            <ns3:hr>148</ns3:hr>
            <ns3:cad>91</ns3:cad>
          </ns3:TrackPointExtension>
        </extensions>
      </trkpt>
      <trkpt lat="31.277809627354145050048828125" lon="121.47746932692825794219970703125">
        <ele>8</ele>
        <time>2026-09-22T09:05:09.000Z</time>
        <extensions>
          <ns3:TrackPointExtension>
            <ns3:hr>149</ns3:hr>
            <ns3:cad>92</ns3:cad>
          </ns3:TrackPointExtension>
        </extensions>
      </trkpt>
      <trkpt lat="31.2778441607952117919921875" lon="121.47748642601072788238525390625">
        <ele>8</ele>
        <time>2026-09-22T09:05:10.000Z</time>
        <extensions>
          <ns3:TrackPointExtension>
            <ns3:hr>150</ns3:hr>
            <ns3:cad>92</ns3:cad>
          </ns3:TrackPointExtension>
        </extensions>
      </trkpt>
      <trkpt lat="31.27787835896015167236328125" lon="121.47750168107450008392333984375">
        <ele>8</ele>
        <time>2026-09-22T09:05:11.000Z</time>
        <extensions>
          <ns3:TrackPointExtension>
            <ns3:hr>150</ns3:hr>
            <ns3:cad>92</ns3:cad>
          </ns3:TrackPointExtension>
        </extensions>
      </trkpt>
      <trkpt lat="31.277914233505725860595703125" lon="121.47751458920538425445556640625">
        <ele>8</ele>
        <time>2026-09-22T09:05:12.000Z</time>
        <extensions>
          <ns3:TrackPointExtension>
            <ns3:hr>148</ns3:hr>
            <ns3:cad>92</ns3:cad>
          </ns3:TrackPointExtension>
        </extensions>
      </trkpt>
      <trkpt lat="31.27795455045998096466064453125" lon="121.477524898946285247802734375">
        <ele>8.19999980926513671875</ele>
        <time>2026-09-22T09:05:13.000Z</time>
        <extensions>
          <ns3:TrackPointExtension>
            <ns3:hr>149</ns3:hr>
            <ns3:cad>91</ns3:cad>
          </ns3:TrackPointExtension>
        </extensions>
      </trkpt>
      <trkpt lat="31.2779955379664897918701171875" lon="121.477530933916568756103515625">
        <ele>8.3999996185302734375</ele>
        <time>2026-09-22T09:05:14.000Z</time>
        <extensions>
          <ns3:TrackPointExtension>
            <ns3:hr>149</ns3:hr>
            <ns3:cad>91</ns3:cad>
          </ns3:TrackPointExtension>
        </extensions>
      </trkpt>
      <trkpt lat="31.2780310772359371185302734375" lon="121.47753286175429821014404296875">
        <ele>8.6000003814697265625</ele>
        <time>2026-09-22T09:05:15.000Z</time>
        <extensions>
          <ns3:TrackPointExtension>
            <ns3:hr>149</ns3:hr>
            <ns3:cad>91</ns3:cad>
          </ns3:TrackPointExtension>
        </extensions>
      </trkpt>
      <trkpt lat="31.27807022072374820709228515625" lon="121.4775304310023784637451171875">
        <ele>8.80000019073486328125</ele>
        <time>2026-09-22T09:05:16.000Z</time>
        <extensions>
          <ns3:TrackPointExtension>
            <ns3:hr>147</ns3:hr>
            <ns3:cad>92</ns3:cad>
          </ns3:TrackPointExtension>
        </extensions>
      </trkpt>
      <trkpt lat="31.27809704281389713287353515625" lon="121.47752649150788784027099609375">
        <ele>9</ele>
        <time>2026-09-22T09:05:17.000Z</time>
        <extensions>
          <ns3:TrackPointExtension>
            <ns3:hr>148</ns3:hr>
            <ns3:cad>92</ns3:cad>
          </ns3:TrackPointExtension>
        </extensions>
      </trkpt>
      <trkpt lat="31.27813274972140789031982421875" lon="121.47751878015697002410888671875">
        <ele>9</ele>
        <time>2026-09-22T09:05:18.000Z</time>
        <extensions>
          <ns3:TrackPointExtension>
            <ns3:hr>148</ns3:hr>
            <ns3:cad>91</ns3:cad>
          </ns3:TrackPointExtension>
        </extensions>
      </trkpt>
      <trkpt lat="31.27816594205796718597412109375" lon="121.47750855423510074615478515625">
        <ele>9.19999980926513671875</ele>
        <time>2026-09-22T09:05:19.000Z</time>
        <extensions>
          <ns3:TrackPointExtension>
            <ns3:hr>149</ns3:hr>
            <ns3:cad>91</ns3:cad>
          </ns3:TrackPointExtension>
        </extensions>
      </trkpt>
      <trkpt lat="31.27819376997649669647216796875" lon="121.47749665193259716033935546875">
        <ele>9.19999980926513671875</ele>
        <time>2026-09-22T09:05:20.000Z</time>
        <extensions>
          <ns3:TrackPointExtension>
            <ns3:hr>150</ns3:hr>
            <ns3:cad>90</ns3:cad>
          </ns3:TrackPointExtension>
        </extensions>
      </trkpt>
      <trkpt lat="31.27822293899953365325927734375" lon="121.47748223505914211273193359375">
        <ele>9.19999980926513671875</ele>
        <time>2026-09-22T09:05:21.000Z</time>
        <extensions>
          <ns3:TrackPointExtension>
            <ns3:hr>149</ns3:hr>
            <ns3:cad>90</ns3:cad>
          </ns3:TrackPointExtension>
        </extensions>
      </trkpt>
      <trkpt lat="31.27825386822223663330078125" lon="121.4774640463292598724365234375">
        <ele>9.3999996185302734375</ele>
        <time>2026-09-22T09:05:22.000Z</time>
        <extensions>
          <ns3:TrackPointExtension>
            <ns3:hr>150</ns3:hr>
            <ns3:cad>91</ns3:cad>
          </ns3:TrackPointExtension>
        </extensions>
      </trkpt>
      <trkpt lat="31.278283037245273590087890625" lon="121.4774425886571407318115234375">
        <ele>10</ele>
        <time>2026-09-22T09:05:23.000Z</time>
        <extensions>
          <ns3:TrackPointExtension>
            <ns3:hr>150</ns3:hr>
            <ns3:cad>92</ns3:cad>
          </ns3:TrackPointExtension>
        </extensions>
      </trkpt>
      <trkpt lat="31.278310529887676239013671875" lon="121.47741903550922870635986328125">
        <ele>10.3999996185302734375</ele>
        <time>2026-09-22T09:05:24.000Z</time>
        <extensions>
          <ns3:TrackPointExtension>
            <ns3:hr>154</ns3:hr>
            <ns3:cad>92</ns3:cad>
          </ns3:TrackPointExtension>
        </extensions>
      </trkpt>
      <trkpt lat="31.2783324904739856719970703125" lon="121.4773979969322681427001953125">
        <ele>10.80000019073486328125</ele>
        <time>2026-09-22T09:05:25.000Z</time>
        <extensions>
          <ns3:TrackPointExtension>
            <ns3:hr>150</ns3:hr>
            <ns3:cad>91</ns3:cad>
          </ns3:TrackPointExtension>
        </extensions>
      </trkpt>
      <trkpt lat="31.27835436724126338958740234375" lon="121.4773735217750072479248046875">
        <ele>11</ele>
        <time>2026-09-22T09:05:26.000Z</time>
        <extensions>
          <ns3:TrackPointExtension>
            <ns3:hr>150</ns3:hr>
            <ns3:cad>90</ns3:cad>
          </ns3:TrackPointExtension>
        </extensions>
      </trkpt>
      <trkpt lat="31.27836056984961032867431640625" lon="121.47736656479537487030029296875">
        <ele>11.19999980926513671875</ele>
        <time>2026-09-22T09:05:27.000Z</time>
        <extensions>
          <ns3:TrackPointExtension>
            <ns3:hr>151</ns3:hr>
            <ns3:cad>90</ns3:cad>
          </ns3:TrackPointExtension>
        </extensions>
      </trkpt>
      <trkpt lat="31.27836140803992748260498046875" lon="121.4773656427860260009765625">
        <ele>11.19999980926513671875</ele>
        <time>2026-09-22T09:05:28.000Z</time>
        <extensions>
          <ns3:TrackPointExtension>
            <ns3:hr>151</ns3:hr>
            <ns3:cad>90</ns3:cad>
          </ns3:TrackPointExtension>
        </extensions>
      </trkpt>
      <trkpt lat="31.27836878411471843719482421875" lon="121.47735550068318843841552734375">
        <ele>11.19999980926513671875</ele>
        <time>2026-09-22T09:05:29.000Z</time>
        <extensions>
          <ns3:TrackPointExtension>
            <ns3:hr>149</ns3:hr>
            <ns3:cad>90</ns3:cad>
          </ns3:TrackPointExtension>
        </extensions>
      </trkpt>
      <trkpt lat="31.27838035114109516143798828125" lon="121.4773396588861942291259765625">
        <ele>11.3999996185302734375</ele>
        <time>2026-09-22T09:05:30.000Z</time>
        <extensions>
          <ns3:TrackPointExtension>
            <ns3:hr>147</ns3:hr>
            <ns3:cad>90</ns3:cad>
          </ns3:TrackPointExtension>
        </extensions>
      </trkpt>
      <trkpt lat="31.27838253043591976165771484375" lon="121.4773366414010524749755859375">
        <ele>11.3999996185302734375</ele>
        <time>2026-09-22T09:05:31.000Z</time>
        <extensions>
          <ns3:TrackPointExtension>
            <ns3:hr>152</ns3:hr>
            <ns3:cad>90</ns3:cad>
          </ns3:TrackPointExtension>
        </extensions>
      </trkpt>
      <trkpt lat="31.27839309163391590118408203125" lon="121.47732147015631198883056640625">
        <ele>11.6000003814697265625</ele>
        <time>2026-09-22T09:05:32.000Z</time>
        <extensions>
          <ns3:TrackPointExtension>
            <ns3:hr>152</ns3:hr>
            <ns3:cad>90</ns3:cad>
          </ns3:TrackPointExtension>
        </extensions>
      </trkpt>
      <trkpt lat="31.27839292399585247039794921875" lon="121.47732180543243885040283203125">
        <ele>11.6000003814697265625</ele>
        <time>2026-09-22T09:05:33.000Z</time>
        <extensions>
          <ns3:TrackPointExtension>
            <ns3:hr>152</ns3:hr>
            <ns3:cad>0</ns3:cad>
          </ns3:TrackPointExtension>
        </extensions>
      </trkpt>
      <trkpt lat="31.2783966958522796630859375" lon="121.47731535136699676513671875">
        <ele>11.3999996185302734375</ele>
        <time>2026-09-22T09:05:34.000Z</time>
        <extensions>
          <ns3:TrackPointExtension>
            <ns3:hr>152</ns3:hr>
            <ns3:cad>0</ns3:cad>
          </ns3:TrackPointExtension>
        </extensions>
      </trkpt>
      <trkpt lat="31.27840180881321430206298828125" lon="121.47730671800673007965087890625">
        <ele>11.3999996185302734375</ele>
        <time>2026-09-22T09:05:35.000Z</time>
        <extensions>
          <ns3:TrackPointExtension>
            <ns3:hr>151</ns3:hr>
            <ns3:cad>0</ns3:cad>
          </ns3:TrackPointExtension>
        </extensions>
      </trkpt>
      <trkpt lat="31.2784119509160518646240234375" lon="121.477289535105228424072265625">
        <ele>11.19999980926513671875</ele>
        <time>2026-09-22T09:05:36.000Z</time>
        <extensions>
          <ns3:TrackPointExtension>
            <ns3:hr>151</ns3:hr>
            <ns3:cad>0</ns3:cad>
          </ns3:TrackPointExtension>
        </extensions>
      </trkpt>
      <trkpt lat="31.2784166447818279266357421875" lon="121.47728157229721546173095703125">
        <ele>11.19999980926513671875</ele>
        <time>2026-09-22T09:05:37.000Z</time>
        <extensions>
          <ns3:TrackPointExtension>
            <ns3:hr>151</ns3:hr>
            <ns3:cad>0</ns3:cad>
          </ns3:TrackPointExtension>
        </extensions>
      </trkpt>
      <trkpt lat="31.278421841561794281005859375" lon="121.477270759642124176025390625">
        <ele>11</ele>
        <time>2026-09-22T09:05:38.000Z</time>
        <extensions>
          <ns3:TrackPointExtension>
            <ns3:hr>150</ns3:hr>
            <ns3:cad>0</ns3:cad>
          </ns3:TrackPointExtension>
        </extensions>
      </trkpt>
      <trkpt lat="31.27843114547431468963623046875" lon="121.47725106216967105865478515625">
        <ele>10.80000019073486328125</ele>
        <time>2026-09-22T09:05:39.000Z</time>
        <extensions>
          <ns3:TrackPointExtension>
            <ns3:hr>150</ns3:hr>
            <ns3:cad>0</ns3:cad>
          </ns3:TrackPointExtension>
        </extensions>
      </trkpt>
      <trkpt lat="31.278439275920391082763671875" lon="121.4772337116301059722900390625">
        <ele>10.80000019073486328125</ele>
        <time>2026-09-22T09:05:40.000Z</time>
        <extensions>
          <ns3:TrackPointExtension>
            <ns3:hr>149</ns3:hr>
            <ns3:cad>0</ns3:cad>
          </ns3:TrackPointExtension>
        </extensions>
      </trkpt>
      <trkpt lat="31.27844103612005710601806640625" lon="121.47722910158336162567138671875">
        <ele>10.6000003814697265625</ele>
        <time>2026-09-22T09:05:41.000Z</time>
        <extensions>
          <ns3:TrackPointExtension>
            <ns3:hr>149</ns3:hr>
            <ns3:cad>0</ns3:cad>
          </ns3:TrackPointExtension>
        </extensions>
      </trkpt>
      <trkpt lat="31.27844388596713542938232421875" lon="121.477221138775348663330078125">
        <ele>10.6000003814697265625</ele>
        <time>2026-09-22T09:05:42.000Z</time>
        <extensions>
          <ns3:TrackPointExtension>
            <ns3:hr>149</ns3:hr>
            <ns3:cad>0</ns3:cad>
          </ns3:TrackPointExtension>
        </extensions>
      </trkpt>
      <trkpt lat="31.27844975329935550689697265625" lon="121.47720496170222759246826171875">
        <ele>10.3999996185302734375</ele>
        <time>2026-09-22T09:05:43.000Z</time>
        <extensions>
          <ns3:TrackPointExtension>
            <ns3:hr>150</ns3:hr>
            <ns3:cad>0</ns3:cad>
          </ns3:TrackPointExtension>
        </extensions>
      </trkpt>
      <trkpt lat="31.27845495007932186126708984375" lon="121.4771907962858676910400390625">
        <ele>10.3999996185302734375</ele>
        <time>2026-09-22T09:05:44.000Z</time>
        <extensions>
          <ns3:TrackPointExtension>
            <ns3:hr>151</ns3:hr>
            <ns3:cad>0</ns3:cad>
          </ns3:TrackPointExtension>
        </extensions>
      </trkpt>
      <trkpt lat="31.278458051383495330810546875" lon="121.47718149237334728240966796875">
        <ele>10.19999980926513671875</ele>
        <time>2026-09-22T09:05:45.000Z</time>
        <extensions>
          <ns3:TrackPointExtension>
            <ns3:hr>151</ns3:hr>
            <ns3:cad>0</ns3:cad>
          </ns3:TrackPointExtension>
        </extensions>
      </trkpt>
      <trkpt lat="31.2784610688686370849609375" lon="121.4771703444421291351318359375">
        <ele>10.19999980926513671875</ele>
        <time>2026-09-22T09:05:46.000Z</time>
        <extensions>
          <ns3:TrackPointExtension>
            <ns3:hr>152</ns3:hr>
            <ns3:cad>0</ns3:cad>
          </ns3:TrackPointExtension>
        </extensions>
      </trkpt>
      <trkpt lat="31.27846165560185909271240234375" lon="121.47716782987117767333984375">
        <ele>10.19999980926513671875</ele>
        <time>2026-09-22T09:05:47.000Z</time>
        <extensions>
          <ns3:TrackPointExtension>
            <ns3:hr>152</ns3:hr>
            <ns3:cad>0</ns3:cad>
          </ns3:TrackPointExtension>
        </extensions>
      </trkpt>
      <trkpt lat="31.2784655950963497161865234375" lon="121.47715307772159576416015625">
        <ele>10</ele>
        <time>2026-09-22T09:05:48.000Z</time>
        <extensions>
          <ns3:TrackPointExtension>
            <ns3:hr>151</ns3:hr>
            <ns3:cad>0</ns3:cad>
          </ns3:TrackPointExtension>
        </extensions>
      </trkpt>
      <trkpt lat="31.27846819348633289337158203125" lon="121.47714310325682163238525390625">
        <ele>9.80000019073486328125</ele>
        <time>2026-09-22T09:05:49.000Z</time>
        <extensions>
          <ns3:TrackPointExtension>
            <ns3:hr>151</ns3:hr>
            <ns3:cad>0</ns3:cad>
          </ns3:TrackPointExtension>
        </extensions>
      </trkpt>
      <trkpt lat="31.27847087569534778594970703125" lon="121.47713304497301578521728515625">
        <ele>9.80000019073486328125</ele>
        <time>2026-09-22T09:05:50.000Z</time>
        <extensions>
          <ns3:TrackPointExtension>
            <ns3:hr>151</ns3:hr>
            <ns3:cad>0</ns3:cad>
          </ns3:TrackPointExtension>
        </extensions>
      </trkpt>
      <trkpt lat="31.27847188152372837066650390625" lon="121.4771277643740177154541015625">
        <ele>9.80000019073486328125</ele>
        <time>2026-09-22T09:05:51.000Z</time>
        <extensions>
          <ns3:TrackPointExtension>
            <ns3:hr>150</ns3:hr>
            <ns3:cad>0</ns3:cad>
          </ns3:TrackPointExtension>
        </extensions>
      </trkpt>
      <trkpt lat="31.27847355790436267852783203125" lon="121.47711846046149730682373046875">
        <ele>9.6000003814697265625</ele>
        <time>2026-09-22T09:05:52.000Z</time>
        <extensions>
          <ns3:TrackPointExtension>
            <ns3:hr>150</ns3:hr>
            <ns3:cad>57</ns3:cad>
          </ns3:TrackPointExtension>
        </extensions>
      </trkpt>
      <trkpt lat="31.2784763239324092864990234375" lon="121.47710236720740795135498046875">
        <ele>9.6000003814697265625</ele>
        <time>2026-09-22T09:05:53.000Z</time>
        <extensions>
          <ns3:TrackPointExtension>
            <ns3:hr>149</ns3:hr>
            <ns3:cad>57</ns3:cad>
          </ns3:TrackPointExtension>
        </extensions>
      </trkpt>
      <trkpt lat="31.27847758121788501739501953125" lon="121.4770945720374584197998046875">
        <ele>9.3999996185302734375</ele>
        <time>2026-09-22T09:05:54.000Z</time>
        <extensions>
          <ns3:TrackPointExtension>
            <ns3:hr>149</ns3:hr>
            <ns3:cad>57</ns3:cad>
          </ns3:TrackPointExtension>
        </extensions>
      </trkpt>
      <trkpt lat="31.27847959287464618682861328125" lon="121.4770831726491451263427734375">
        <ele>9.19999980926513671875</ele>
        <time>2026-09-22T09:05:55.000Z</time>
        <extensions>
          <ns3:TrackPointExtension>
            <ns3:hr>148</ns3:hr>
            <ns3:cad>0</ns3:cad>
          </ns3:TrackPointExtension>
        </extensions>
      </trkpt>
      <trkpt lat="31.27848026342689990997314453125" lon="121.4770791493356227874755859375">
        <ele>9.19999980926513671875</ele>
        <time>2026-09-22T09:05:56.000Z</time>
        <extensions>
          <ns3:TrackPointExtension>
            <ns3:hr>147</ns3:hr>
            <ns3:cad>0</ns3:cad>
          </ns3:TrackPointExtension>
        </extensions>
      </trkpt>
      <trkpt lat="31.278481185436248779296875" lon="121.47706867195665836334228515625">
        <ele>9.19999980926513671875</ele>
        <time>2026-09-22T09:05:57.000Z</time>
        <extensions>
          <ns3:TrackPointExtension>
            <ns3:hr>146</ns3:hr>
            <ns3:cad>0</ns3:cad>
          </ns3:TrackPointExtension>
        </extensions>
      </trkpt>
      <trkpt lat="31.27848193980753421783447265625" lon="121.4770593680441379547119140625">
        <ele>9</ele>
        <time>2026-09-22T09:05:58.000Z</time>
        <extensions>
          <ns3:TrackPointExtension>
            <ns3:hr>146</ns3:hr>
            <ns3:cad>0</ns3:cad>
          </ns3:TrackPointExtension>
        </extensions>
      </trkpt>
      <trkpt lat="31.27848328091204166412353515625" lon="121.4770432747900485992431640625">
        <ele>8.80000019073486328125</ele>
        <time>2026-09-22T09:05:59.000Z</time>
        <extensions>
          <ns3:TrackPointExtension>
            <ns3:hr>145</ns3:hr>
            <ns3:cad>0</ns3:cad>
          </ns3:TrackPointExtension>
        </extensions>
      </trkpt>
      <trkpt lat="31.2784840352833271026611328125" lon="121.47703397087752819061279296875">
        <ele>8.80000019073486328125</ele>
        <time>2026-09-22T09:06:00.000Z</time>
        <extensions>
          <ns3:TrackPointExtension>
            <ns3:hr>144</ns3:hr>
            <ns3:cad>0</ns3:cad>
          </ns3:TrackPointExtension>
        </extensions>
      </trkpt>
      <trkpt lat="31.27848428674042224884033203125" lon="121.47703095339238643646240234375">
        <ele>8.80000019073486328125</ele>
        <time>2026-09-22T09:06:01.000Z</time>
        <extensions>
          <ns3:TrackPointExtension>
            <ns3:hr>143</ns3:hr>
            <ns3:cad>0</ns3:cad>
          </ns3:TrackPointExtension>
        </extensions>
      </trkpt>
      <trkpt lat="31.27848478965461254119873046875" lon="121.47702156566083431243896484375">
        <ele>8.6000003814697265625</ele>
        <time>2026-09-22T09:06:02.000Z</time>
        <extensions>
          <ns3:TrackPointExtension>
            <ns3:hr>142</ns3:hr>
            <ns3:cad>0</ns3:cad>
          </ns3:TrackPointExtension>
        </extensions>
      </trkpt>
      <trkpt lat="31.27848478965461254119873046875" lon="121.477017961442470550537109375">
        <ele>8.6000003814697265625</ele>
        <time>2026-09-22T09:06:03.000Z</time>
        <extensions>
          <ns3:TrackPointExtension>
            <ns3:hr>141</ns3:hr>
            <ns3:cad>51</ns3:cad>
          </ns3:TrackPointExtension>
        </extensions>
      </trkpt>
      <trkpt lat="31.2784847058355808258056640625" lon="121.47700781933963298797607421875">
        <ele>8.3999996185302734375</ele>
        <time>2026-09-22T09:06:04.000Z</time>
        <extensions>
          <ns3:TrackPointExtension>
            <ns3:hr>140</ns3:hr>
            <ns3:cad>51</ns3:cad>
          </ns3:TrackPointExtension>
        </extensions>
      </trkpt>
      <trkpt lat="31.2784847058355808258056640625" lon="121.476996839046478271484375">
        <ele>8.3999996185302734375</ele>
        <time>2026-09-22T09:06:05.000Z</time>
        <extensions>
          <ns3:TrackPointExtension>
            <ns3:hr>139</ns3:hr>
            <ns3:cad>0</ns3:cad>
          </ns3:TrackPointExtension>
        </extensions>
      </trkpt>
      <trkpt lat="31.27848462201654911041259765625" lon="121.47698636166751384735107421875">
        <ele>8.19999980926513671875</ele>
        <time>2026-09-22T09:06:06.000Z</time>
        <extensions>
          <ns3:TrackPointExtension>
            <ns3:hr>138</ns3:hr>
            <ns3:cad>0</ns3:cad>
          </ns3:TrackPointExtension>
        </extensions>
      </trkpt>
      <trkpt lat="31.27848462201654911041259765625" lon="121.4769872836768627166748046875">
        <ele>8.19999980926513671875</ele>
        <time>2026-09-22T09:06:07.000Z</time>
        <extensions>
          <ns3:TrackPointExtension>
            <ns3:hr>136</ns3:hr>
            <ns3:cad>0</ns3:cad>
          </ns3:TrackPointExtension>
        </extensions>
      </trkpt>
      <trkpt lat="31.27848462201654911041259765625" lon="121.47698803804814815521240234375">
        <ele>8.19999980926513671875</ele>
        <time>2026-09-22T09:06:08.000Z</time>
        <extensions>
          <ns3:TrackPointExtension>
            <ns3:hr>134</ns3:hr>
            <ns3:cad>0</ns3:cad>
          </ns3:TrackPointExtension>
        </extensions>
      </trkpt>
      <trkpt lat="31.27848462201654911041259765625" lon="121.47702676244080066680908203125">
        <ele>8.6000003814697265625</ele>
        <time>2026-09-22T09:06:09.000Z</time>
        <extensions>
          <ns3:TrackPointExtension>
            <ns3:hr>132</ns3:hr>
            <ns3:cad>0</ns3:cad>
          </ns3:TrackPointExtension>
        </extensions>
      </trkpt>
      <trkpt lat="31.27848328091204166412353515625" lon="121.47704319097101688385009765625">
        <ele>8.80000019073486328125</ele>
        <time>2026-09-22T09:06:10.000Z</time>
        <extensions>
          <ns3:TrackPointExtension>
            <ns3:hr>131</ns3:hr>
            <ns3:cad>0</ns3:cad>
          </ns3:TrackPointExtension>
        </extensions>
      </trkpt>
      <trkpt lat="31.27848143689334392547607421875" lon="121.47706548683345317840576171875">
        <ele>9.19999980926513671875</ele>
        <time>2026-09-22T09:06:11.000Z</time>
        <extensions>
          <ns3:TrackPointExtension>
            <ns3:hr>129</ns3:hr>
            <ns3:cad>0</ns3:cad>
          </ns3:TrackPointExtension>
        </extensions>
      </trkpt>
      <trkpt lat="31.27847976051270961761474609375" lon="121.4770821668207645416259765625">
        <ele>9.19999980926513671875</ele>
        <time>2026-09-22T09:06:12.000Z</time>
        <extensions>
          <ns3:TrackPointExtension>
            <ns3:hr>129</ns3:hr>
            <ns3:cad>0</ns3:cad>
          </ns3:TrackPointExtension>
        </extensions>
      </trkpt>
      <trkpt lat="31.27847808413207530975341796875" lon="121.477091722190380096435546875">
        <ele>9.3999996185302734375</ele>
        <time>2026-09-22T09:06:13.000Z</time>
        <extensions>
          <ns3:TrackPointExtension>
            <ns3:hr>126</ns3:hr>
            <ns3:cad>0</ns3:cad>
          </ns3:TrackPointExtension>
        </extensions>
      </trkpt>
      <trkpt lat="31.2784783355891704559326171875" lon="121.4770902134478092193603515625">
        <ele>9.3999996185302734375</ele>
        <time>2026-09-22T09:06:14.000Z</time>
        <extensions>
          <ns3:TrackPointExtension>
            <ns3:hr>125</ns3:hr>
            <ns3:cad>0</ns3:cad>
          </ns3:TrackPointExtension>
        </extensions>
      </trkpt>
      <trkpt lat="31.27847808413207530975341796875" lon="121.477091722190380096435546875">
        <ele>9.3999996185302734375</ele>
        <time>2026-09-22T09:06:15.000Z</time>
        <extensions>
          <ns3:TrackPointExtension>
            <ns3:hr>123</ns3:hr>
            <ns3:cad>0</ns3:cad>
          </ns3:TrackPointExtension>
        </extensions>
      </trkpt>
      <trkpt lat="31.27847783267498016357421875" lon="121.477093398571014404296875">
        <ele>9.3999996185302734375</ele>
        <time>2026-09-22T09:06:16.000Z</time>
        <extensions>
          <ns3:TrackPointExtension>
            <ns3:hr>122</ns3:hr>
            <ns3:cad>0</ns3:cad>
          </ns3:TrackPointExtension>
        </extensions>
      </trkpt>
      <trkpt lat="31.27847724594175815582275390625" lon="121.4770965836942195892333984375">
        <ele>9.3999996185302734375</ele>
        <time>2026-09-22T09:06:17.000Z</time>
        <extensions>
          <ns3:TrackPointExtension>
            <ns3:hr>121</ns3:hr>
            <ns3:cad>0</ns3:cad>
          </ns3:TrackPointExtension>
        </extensions>
      </trkpt>
      <trkpt lat="31.27847607247531414031982421875" lon="121.4771036244928836822509765625">
        <ele>9.6000003814697265625</ele>
        <time>2026-09-22T09:06:18.000Z</time>
        <extensions>
          <ns3:TrackPointExtension>
            <ns3:hr>120</ns3:hr>
            <ns3:cad>0</ns3:cad>
          </ns3:TrackPointExtension>
        </extensions>
      </trkpt>
      <trkpt lat="31.27847456373274326324462890625" lon="121.47711217403411865234375">
        <ele>9.6000003814697265625</ele>
        <time>2026-09-22T09:06:19.000Z</time>
        <extensions>
          <ns3:TrackPointExtension>
            <ns3:hr>119</ns3:hr>
            <ns3:cad>0</ns3:cad>
          </ns3:TrackPointExtension>
        </extensions>
      </trkpt>
      <trkpt lat="31.27847246825695037841796875" lon="121.4771244116127490997314453125">
        <ele>9.80000019073486328125</ele>
        <time>2026-09-22T09:06:20.000Z</time>
        <extensions>
          <ns3:TrackPointExtension>
            <ns3:hr>118</ns3:hr>
            <ns3:cad>0</ns3:cad>
          </ns3:TrackPointExtension>
        </extensions>
      </trkpt>
      <trkpt lat="31.2784699536859989166259765625" lon="121.47713656537234783172607421875">
        <ele>9.80000019073486328125</ele>
        <time>2026-09-22T09:06:21.000Z</time>
        <extensions>
          <ns3:TrackPointExtension>
            <ns3:hr>117</ns3:hr>
            <ns3:cad>0</ns3:cad>
          </ns3:TrackPointExtension>
        </extensions>
      </trkpt>
      <trkpt lat="31.27846819348633289337158203125" lon="121.4771431870758533477783203125">
        <ele>9.80000019073486328125</ele>
        <time>2026-09-22T09:06:22.000Z</time>
        <extensions>
          <ns3:TrackPointExtension>
            <ns3:hr>115</ns3:hr>
            <ns3:cad>0</ns3:cad>
          </ns3:TrackPointExtension>
        </extensions>
      </trkpt>
      <trkpt lat="31.2784662656486034393310546875" lon="121.477150730788707733154296875">
        <ele>10</ele>
        <time>2026-09-22T09:06:23.000Z</time>
        <extensions>
          <ns3:TrackPointExtension>
            <ns3:hr>115</ns3:hr>
            <ns3:cad>0</ns3:cad>
          </ns3:TrackPointExtension>
        </extensions>
      </trkpt>
      <trkpt lat="31.2784612365067005157470703125" lon="121.47716942243278026580810546875">
        <ele>10.19999980926513671875</ele>
        <time>2026-09-22T09:06:24.000Z</time>
        <extensions>
          <ns3:TrackPointExtension>
            <ns3:hr>114</ns3:hr>
            <ns3:cad>0</ns3:cad>
          </ns3:TrackPointExtension>
        </extensions>
      </trkpt>
      <trkpt lat="31.27845914103090763092041015625" lon="121.4771773852407932281494140625">
        <ele>10.19999980926513671875</ele>
        <time>2026-09-22T09:06:25.000Z</time>
        <extensions>
          <ns3:TrackPointExtension>
            <ns3:hr>113</ns3:hr>
            <ns3:cad>45</ns3:cad>
          </ns3:TrackPointExtension>
        </extensions>
      </trkpt>
      <trkpt lat="31.2784521840512752532958984375" lon="121.4771981723606586456298828125">
        <ele>10.3999996185302734375</ele>
        <time>2026-09-22T09:06:26.000Z</time>
        <extensions>
          <ns3:TrackPointExtension>
            <ns3:hr>112</ns3:hr>
            <ns3:cad>46</ns3:cad>
          </ns3:TrackPointExtension>
        </extensions>
      </trkpt>
      <trkpt lat="31.2784441374242305755615234375" lon="121.47722055204212665557861328125">
        <ele>10.6000003814697265625</ele>
        <time>2026-09-22T09:06:27.000Z</time>
        <extensions>
          <ns3:TrackPointExtension>
            <ns3:hr>112</ns3:hr>
            <ns3:cad>46</ns3:cad>
          </ns3:TrackPointExtension>
        </extensions>
      </trkpt>
      <trkpt lat="31.2784411199390888214111328125" lon="121.47722876630723476409912109375">
        <ele>10.6000003814697265625</ele>
        <time>2026-09-22T09:06:28.000Z</time>
        <extensions>
          <ns3:TrackPointExtension>
            <ns3:hr>111</ns3:hr>
            <ns3:cad>44</ns3:cad>
          </ns3:TrackPointExtension>
        </extensions>
      </trkpt>
      <trkpt lat="31.27843550406396389007568359375" lon="121.47724167443811893463134765625">
        <ele>10.80000019073486328125</ele>
        <time>2026-09-22T09:06:29.000Z</time>
        <extensions>
          <ns3:TrackPointExtension>
            <ns3:hr>110</ns3:hr>
            <ns3:cad>0</ns3:cad>
          </ns3:TrackPointExtension>
        </extensions>
      </trkpt>
      <trkpt lat="31.27842477522790431976318359375" lon="121.47726464085280895233154296875">
        <ele>11</ele>
        <time>2026-09-22T09:06:30.000Z</time>
        <extensions>
          <ns3:TrackPointExtension>
            <ns3:hr>110</ns3:hr>
            <ns3:cad>0</ns3:cad>
          </ns3:TrackPointExtension>
        </extensions>
      </trkpt>
      <trkpt lat="31.27842477522790431976318359375" lon="121.47726464085280895233154296875">
        <ele>11</ele>
        <time>2026-09-22T09:06:31.000Z</time>
        <extensions>
          <ns3:TrackPointExtension>
            <ns3:hr>110</ns3:hr>
            <ns3:cad>0</ns3:cad>
          </ns3:TrackPointExtension>
        </extensions>
      </trkpt>
      <trkpt lat="31.27842360176146030426025390625" lon="121.47726715542376041412353515625">
        <ele>11</ele>
        <time>2026-09-22T09:06:32.000Z</time>
        <extensions>
          <ns3:TrackPointExtension>
            <ns3:hr>110</ns3:hr>
            <ns3:cad>0</ns3:cad>
          </ns3:TrackPointExtension>
        </extensions>
      </trkpt>
      <trkpt lat="31.2784216739237308502197265625" lon="121.47727109491825103759765625">
        <ele>11</ele>
        <time>2026-09-22T09:06:33.000Z</time>
        <extensions>
          <ns3:TrackPointExtension>
            <ns3:hr>110</ns3:hr>
            <ns3:cad>0</ns3:cad>
          </ns3:TrackPointExtension>
        </extensions>
      </trkpt>
      <trkpt lat="31.27841890789568424224853515625" lon="121.47727704606950283050537109375">
        <ele>11.19999980926513671875</ele>
        <time>2026-09-22T09:06:34.000Z</time>
        <extensions>
          <ns3:TrackPointExtension>
            <ns3:hr>110</ns3:hr>
            <ns3:cad>0</ns3:cad>
          </ns3:TrackPointExtension>
        </extensions>
      </trkpt>
      <trkpt lat="31.27841739915311336517333984375" lon="121.47728023119270801544189453125">
        <ele>11.19999980926513671875</ele>
        <time>2026-09-22T09:06:35.000Z</time>
        <extensions>
          <ns3:TrackPointExtension>
            <ns3:hr>110</ns3:hr>
            <ns3:cad>0</ns3:cad>
          </ns3:TrackPointExtension>
        </extensions>
      </trkpt>
      <trkpt lat="31.27841337583959102630615234375" lon="121.4772870205342769622802734375">
        <ele>11.19999980926513671875</ele>
        <time>2026-09-22T09:06:36.000Z</time>
        <extensions>
          <ns3:TrackPointExtension>
            <ns3:hr>110</ns3:hr>
            <ns3:cad>69</ns3:cad>
          </ns3:TrackPointExtension>
        </extensions>
      </trkpt>
      <trkpt lat="31.2784101068973541259765625" lon="121.47729255259037017822265625">
        <ele>11.19999980926513671875</ele>
        <time>2026-09-22T09:06:37.000Z</time>
        <extensions>
          <ns3:TrackPointExtension>
            <ns3:hr>111</ns3:hr>
            <ns3:cad>69</ns3:cad>
          </ns3:TrackPointExtension>
        </extensions>
      </trkpt>
      <trkpt lat="31.27840809524059295654296875" lon="121.4772960729897022247314453125">
        <ele>11.19999980926513671875</ele>
        <time>2026-09-22T09:06:38.000Z</time>
        <extensions>
          <ns3:TrackPointExtension>
            <ns3:hr>110</ns3:hr>
            <ns3:cad>0</ns3:cad>
          </ns3:TrackPointExtension>
        </extensions>
      </trkpt>
      <trkpt lat="31.2784052453935146331787109375" lon="121.477300934493541717529296875">
        <ele>11.3999996185302734375</ele>
        <time>2026-09-22T09:06:39.000Z</time>
        <extensions>
          <ns3:TrackPointExtension>
            <ns3:hr>110</ns3:hr>
            <ns3:cad>0</ns3:cad>
          </ns3:TrackPointExtension>
        </extensions>
      </trkpt>
      <trkpt lat="31.2783971987664699554443359375" lon="121.47731459699571132659912109375">
        <ele>11.3999996185302734375</ele>
        <time>2026-09-22T09:06:40.000Z</time>
        <extensions>
          <ns3:TrackPointExtension>
            <ns3:hr>110</ns3:hr>
            <ns3:cad>0</ns3:cad>
          </ns3:TrackPointExtension>
        </extensions>
      </trkpt>
      <trkpt lat="31.27839225344359874725341796875" lon="121.4773228950798511505126953125">
        <ele>11.6000003814697265625</ele>
        <time>2026-09-22T09:06:41.000Z</time>
        <extensions>
          <ns3:TrackPointExtension>
            <ns3:hr>110</ns3:hr>
            <ns3:cad>48</ns3:cad>
          </ns3:TrackPointExtension>
        </extensions>
      </trkpt>
      <trkpt lat="31.278384625911712646484375" lon="121.47733370773494243621826171875">
        <ele>11.3999996185302734375</ele>
        <time>2026-09-22T09:06:42.000Z</time>
        <extensions>
          <ns3:TrackPointExtension>
            <ns3:hr>109</ns3:hr>
            <ns3:cad>48</ns3:cad>
          </ns3:TrackPointExtension>
        </extensions>
      </trkpt>
      <trkpt lat="31.2783784233033657073974609375" lon="121.47734225727617740631103515625">
        <ele>11.3999996185302734375</ele>
        <time>2026-09-22T09:06:43.000Z</time>
        <extensions>
          <ns3:TrackPointExtension>
            <ns3:hr>108</ns3:hr>
            <ns3:cad>48</ns3:cad>
          </ns3:TrackPointExtension>
        </extensions>
      </trkpt>
      <trkpt lat="31.27837012521922588348388671875" lon="121.47735365666449069976806640625">
        <ele>11.19999980926513671875</ele>
        <time>2026-09-22T09:06:44.000Z</time>
        <extensions>
          <ns3:TrackPointExtension>
            <ns3:hr>108</ns3:hr>
            <ns3:cad>0</ns3:cad>
          </ns3:TrackPointExtension>
        </extensions>
      </trkpt>
      <trkpt lat="31.2783658504486083984375" lon="121.47735960781574249267578125">
        <ele>11.19999980926513671875</ele>
        <time>2026-09-22T09:06:45.000Z</time>
        <extensions>
          <ns3:TrackPointExtension>
            <ns3:hr>107</ns3:hr>
            <ns3:cad>0</ns3:cad>
          </ns3:TrackPointExtension>
        </extensions>
      </trkpt>
      <trkpt lat="31.27836040221154689788818359375" lon="121.4773668162524700164794921875">
        <ele>11.19999980926513671875</ele>
        <time>2026-09-22T09:06:46.000Z</time>
        <extensions>
          <ns3:TrackPointExtension>
            <ns3:hr>108</ns3:hr>
            <ns3:cad>48</ns3:cad>
          </ns3:TrackPointExtension>
        </extensions>
      </trkpt>
      <trkpt lat="31.27835185267031192779541015625" lon="121.4773763716220855712890625">
        <ele>11</ele>
        <time>2026-09-22T09:06:47.000Z</time>
        <extensions>
          <ns3:TrackPointExtension>
            <ns3:hr>109</ns3:hr>
            <ns3:cad>48</ns3:cad>
          </ns3:TrackPointExtension>
        </extensions>
      </trkpt>
      <trkpt lat="31.278347074985504150390625" lon="121.4773817360401153564453125">
        <ele>11</ele>
        <time>2026-09-22T09:06:48.000Z</time>
        <extensions>
          <ns3:TrackPointExtension>
            <ns3:hr>107</ns3:hr>
            <ns3:cad>47</ns3:cad>
          </ns3:TrackPointExtension>
        </extensions>
      </trkpt>
      <trkpt lat="31.27833592705428600311279296875" lon="121.47739422507584095001220703125">
        <ele>10.80000019073486328125</ele>
        <time>2026-09-22T09:06:49.000Z</time>
        <extensions>
          <ns3:TrackPointExtension>
            <ns3:hr>106</ns3:hr>
            <ns3:cad>47</ns3:cad>
          </ns3:TrackPointExtension>
        </extensions>
      </trkpt>
      <trkpt lat="31.27833458594977855682373046875" lon="121.47739573381841182708740234375">
        <ele>10.80000019073486328125</ele>
        <time>2026-09-22T09:06:50.000Z</time>
        <extensions>
          <ns3:TrackPointExtension>
            <ns3:hr>105</ns3:hr>
            <ns3:cad>47</ns3:cad>
          </ns3:TrackPointExtension>
        </extensions>
      </trkpt>
      <trkpt lat="31.2783298082649707794189453125" lon="121.47740109823644161224365234375">
        <ele>10.6000003814697265625</ele>
        <time>2026-09-22T09:06:51.000Z</time>
        <extensions>
          <ns3:TrackPointExtension>
            <ns3:hr>105</ns3:hr>
            <ns3:cad>47</ns3:cad>
          </ns3:TrackPointExtension>
        </extensions>
      </trkpt>
      <trkpt lat="31.27834715880453586578369140625" lon="121.4773815684020519256591796875">
        <ele>11</ele>
        <time>2026-09-22T09:06:52.000Z</time>
        <extensions>
          <ns3:TrackPointExtension>
            <ns3:hr>104</ns3:hr>
            <ns3:cad>47</ns3:cad>
          </ns3:TrackPointExtension>
        </extensions>
      </trkpt>
      <trkpt lat="31.278354115784168243408203125" lon="121.47737377323210239410400390625">
        <ele>11</ele>
        <time>2026-09-22T09:06:53.000Z</time>
        <extensions>
          <ns3:TrackPointExtension>
            <ns3:hr>101</ns3:hr>
            <ns3:cad>47</ns3:cad>
          </ns3:TrackPointExtension>
        </extensions>
      </trkpt>
      <trkpt lat="31.27836358733475208282470703125" lon="121.477362625300884246826171875">
        <ele>11.19999980926513671875</ele>
        <time>2026-09-22T09:06:54.000Z</time>
        <extensions>
          <ns3:TrackPointExtension>
            <ns3:hr>100</ns3:hr>
            <ns3:cad>0</ns3:cad>
          </ns3:TrackPointExtension>
        </extensions>
      </trkpt>
      <trkpt lat="31.27836828120052814483642578125" lon="121.47735617123544216156005859375">
        <ele>11.19999980926513671875</ele>
        <time>2026-09-22T09:06:55.000Z</time>
        <extensions>
          <ns3:TrackPointExtension>
            <ns3:hr>100</ns3:hr>
            <ns3:cad>0</ns3:cad>
          </ns3:TrackPointExtension>
        </extensions>
      </trkpt>
      <trkpt lat="31.278381608426570892333984375" lon="121.477337814867496490478515625">
        <ele>11.3999996185302734375</ele>
        <time>2026-09-22T09:06:56.000Z</time>
        <extensions>
          <ns3:TrackPointExtension>
            <ns3:hr>98</ns3:hr>
            <ns3:cad>0</ns3:cad>
          </ns3:TrackPointExtension>
        </extensions>
      </trkpt>
      <trkpt lat="31.27839024178683757781982421875" lon="121.47732599638402462005615234375">
        <ele>11.6000003814697265625</ele>
        <time>2026-09-22T09:06:57.000Z</time>
        <extensions>
          <ns3:TrackPointExtension>
            <ns3:hr>98</ns3:hr>
            <ns3:cad>0</ns3:cad>
          </ns3:TrackPointExtension>
        </extensions>
      </trkpt>
      <trkpt lat="31.27839745022356510162353515625" lon="121.47731409408152103424072265625">
        <ele>11.3999996185302734375</ele>
        <time>2026-09-22T09:06:58.000Z</time>
        <extensions>
          <ns3:TrackPointExtension>
            <ns3:hr>96</ns3:hr>
            <ns3:cad>0</ns3:cad>
          </ns3:TrackPointExtension>
        </extensions>
      </trkpt>
      <trkpt lat="31.27840616740286350250244140625" lon="121.47729934193193912506103515625">
        <ele>11.3999996185302734375</ele>
        <time>2026-09-22T09:06:59.000Z</time>
        <extensions>
          <ns3:TrackPointExtension>
            <ns3:hr>95</ns3:hr>
            <ns3:cad>0</ns3:cad>
          </ns3:TrackPointExtension>
        </extensions>
      </trkpt>
      <trkpt lat="31.2784109450876712799072265625" lon="121.47729121148586273193359375">
        <ele>11.19999980926513671875</ele>
        <time>2026-09-22T09:07:00.000Z</time>
        <extensions>
          <ns3:TrackPointExtension>
            <ns3:hr>95</ns3:hr>
            <ns3:cad>0</ns3:cad>
          </ns3:TrackPointExtension>
        </extensions>
      </trkpt>
      <trkpt lat="31.27841153182089328765869140625" lon="121.477290205657482147216796875">
        <ele>11.19999980926513671875</ele>
        <time>2026-09-22T09:07:01.000Z</time>
        <extensions>
          <ns3:TrackPointExtension>
            <ns3:hr>94</ns3:hr>
            <ns3:cad>0</ns3:cad>
          </ns3:TrackPointExtension>
        </extensions>
      </trkpt>
      <trkpt lat="31.27841488458216190338134765625" lon="121.47728450596332550048828125">
        <ele>11.19999980926513671875</ele>
        <time>2026-09-22T09:07:02.000Z</time>
        <extensions>
          <ns3:TrackPointExtension>
            <ns3:hr>94</ns3:hr>
            <ns3:cad>0</ns3:cad>
          </ns3:TrackPointExtension>
        </extensions>
      </trkpt>
      <trkpt lat="31.27841890789568424224853515625" lon="121.47727704606950283050537109375">
        <ele>11.19999980926513671875</ele>
        <time>2026-09-22T09:07:03.000Z</time>
        <extensions>
          <ns3:TrackPointExtension>
            <ns3:hr>93</ns3:hr>
            <ns3:cad>0</ns3:cad>
          </ns3:TrackPointExtension>
        </extensions>
      </trkpt>
      <trkpt lat="31.27842913381755352020263671875" lon="121.47725525312125682830810546875">
        <ele>11</ele>
        <time>2026-09-22T09:07:04.000Z</time>
        <extensions>
          <ns3:TrackPointExtension>
            <ns3:hr>91</ns3:hr>
            <ns3:cad>0</ns3:cad>
          </ns3:TrackPointExtension>
        </extensions>
      </trkpt>
      <trkpt lat="31.27843751572072505950927734375" lon="121.47723748348653316497802734375">
        <ele>10.80000019073486328125</ele>
        <time>2026-09-22T09:07:05.000Z</time>
        <extensions>
          <ns3:TrackPointExtension>
            <ns3:hr>92</ns3:hr>
            <ns3:cad>0</ns3:cad>
          </ns3:TrackPointExtension>
        </extensions>
      </trkpt>
      <trkpt lat="31.278442628681659698486328125" lon="121.47722457535564899444580078125">
        <ele>10.6000003814697265625</ele>
        <time>2026-09-22T09:07:06.000Z</time>
        <extensions>
          <ns3:TrackPointExtension>
            <ns3:hr>92</ns3:hr>
            <ns3:cad>47</ns3:cad>
          </ns3:TrackPointExtension>
        </extensions>
      </trkpt>
      <trkpt lat="31.2784495018422603607177734375" lon="121.47720563225448131561279296875">
        <ele>10.3999996185302734375</ele>
        <time>2026-09-22T09:07:07.000Z</time>
        <extensions>
          <ns3:TrackPointExtension>
            <ns3:hr>92</ns3:hr>
            <ns3:cad>48</ns3:cad>
          </ns3:TrackPointExtension>
        </extensions>
      </trkpt>
      <trkpt lat="31.278451345860958099365234375" lon="121.4772005192935466766357421875">
        <ele>10.3999996185302734375</ele>
        <time>2026-09-22T09:07:08.000Z</time>
        <extensions>
          <ns3:TrackPointExtension>
            <ns3:hr>92</ns3:hr>
            <ns3:cad>48</ns3:cad>
          </ns3:TrackPointExtension>
        </extensions>
      </trkpt>
      <trkpt lat="31.27845377661287784576416015625" lon="121.47719389759004116058349609375">
        <ele>10.3999996185302734375</ele>
        <time>2026-09-22T09:07:09.000Z</time>
        <extensions>
          <ns3:TrackPointExtension>
            <ns3:hr>92</ns3:hr>
            <ns3:cad>48</ns3:cad>
          </ns3:TrackPointExtension>
        </extensions>
      </trkpt>
      <trkpt lat="31.27845612354576587677001953125" lon="121.4771874435245990753173828125">
        <ele>10.19999980926513671875</ele>
        <time>2026-09-22T09:07:10.000Z</time>
        <extensions>
          <ns3:TrackPointExtension>
            <ns3:hr>93</ns3:hr>
            <ns3:cad>48</ns3:cad>
          </ns3:TrackPointExtension>
        </extensions>
      </trkpt>
      <trkpt lat="31.27845947630703449249267578125" lon="121.47717629559338092803955078125">
        <ele>10.19999980926513671875</ele>
        <time>2026-09-22T09:07:11.000Z</time>
        <extensions>
          <ns3:TrackPointExtension>
            <ns3:hr>93</ns3:hr>
            <ns3:cad>48</ns3:cad>
          </ns3:TrackPointExtension>
        </extensions>
      </trkpt>
      <trkpt lat="31.27846500836312770843505859375" lon="121.47715534083545207977294921875">
        <ele>10</ele>
        <time>2026-09-22T09:07:12.000Z</time>
        <extensions>
          <ns3:TrackPointExtension>
            <ns3:hr>93</ns3:hr>
            <ns3:cad>48</ns3:cad>
          </ns3:TrackPointExtension>
        </extensions>
      </trkpt>
      <trkpt lat="31.27846668474376201629638671875" lon="121.47714897058904170989990234375">
        <ele>10</ele>
        <time>2026-09-22T09:07:13.000Z</time>
        <extensions>
          <ns3:TrackPointExtension>
            <ns3:hr>92</ns3:hr>
            <ns3:cad>48</ns3:cad>
          </ns3:TrackPointExtension>
        </extensions>
      </trkpt>
      <trkpt lat="31.27846718765795230865478515625" lon="121.477147042751312255859375">
        <ele>10</ele>
        <time>2026-09-22T09:07:14.000Z</time>
        <extensions>
          <ns3:TrackPointExtension>
            <ns3:hr>92</ns3:hr>
            <ns3:cad>48</ns3:cad>
          </ns3:TrackPointExtension>
        </extensions>
      </trkpt>
      <trkpt lat="31.278468780219554901123046875" lon="121.47714092396199703216552734375">
        <ele>9.80000019073486328125</ele>
        <time>2026-09-22T09:07:15.000Z</time>
        <extensions>
          <ns3:TrackPointExtension>
            <ns3:hr>92</ns3:hr>
            <ns3:cad>48</ns3:cad>
          </ns3:TrackPointExtension>
        </extensions>
      </trkpt>
      <trkpt lat="31.2784712947905063629150390625" lon="121.477131284773349761962890625">
        <ele>9.80000019073486328125</ele>
        <time>2026-09-22T09:07:16.000Z</time>
        <extensions>
          <ns3:TrackPointExtension>
            <ns3:hr>92</ns3:hr>
            <ns3:cad>0</ns3:cad>
          </ns3:TrackPointExtension>
        </extensions>
      </trkpt>
      <trkpt lat="31.27847355790436267852783203125" lon="121.47711812518537044525146484375">
        <ele>9.6000003814697265625</ele>
        <time>2026-09-22T09:07:17.000Z</time>
        <extensions>
          <ns3:TrackPointExtension>
            <ns3:hr>92</ns3:hr>
            <ns3:cad>0</ns3:cad>
          </ns3:TrackPointExtension>
        </extensions>
      </trkpt>
      <trkpt lat="31.2784759886562824249267578125" lon="121.477104127407073974609375">
        <ele>9.6000003814697265625</ele>
        <time>2026-09-22T09:07:18.000Z</time>
        <extensions>
          <ns3:TrackPointExtension>
            <ns3:hr>92</ns3:hr>
            <ns3:cad>0</ns3:cad>
          </ns3:TrackPointExtension>
        </extensions>
      </trkpt>
      <trkpt lat="31.27847674302756786346435546875" lon="121.47709943354129791259765625">
        <ele>9.3999996185302734375</ele>
        <time>2026-09-22T09:07:19.000Z</time>
        <extensions>
          <ns3:TrackPointExtension>
            <ns3:hr>91</ns3:hr>
            <ns3:cad>0</ns3:cad>
          </ns3:TrackPointExtension>
        </extensions>
      </trkpt>
      <trkpt lat="31.278471462428569793701171875" lon="121.47713027894496917724609375">
        <ele>9.80000019073486328125</ele>
        <time>2026-09-22T09:07:20.000Z</time>
        <extensions>
          <ns3:TrackPointExtension>
            <ns3:hr>91</ns3:hr>
            <ns3:cad>0</ns3:cad>
          </ns3:TrackPointExtension>
        </extensions>
      </trkpt>
      <trkpt lat="31.278468109667301177978515625" lon="121.47714368999004364013671875">
        <ele>9.80000019073486328125</ele>
        <time>2026-09-22T09:07:21.000Z</time>
        <extensions>
          <ns3:TrackPointExtension>
            <ns3:hr>91</ns3:hr>
            <ns3:cad>0</ns3:cad>
          </ns3:TrackPointExtension>
        </extensions>
      </trkpt>
      <trkpt lat="31.27846702001988887786865234375" lon="121.47714771330356597900390625">
        <ele>10</ele>
        <time>2026-09-22T09:07:22.000Z</time>
        <extensions>
          <ns3:TrackPointExtension>
            <ns3:hr>91</ns3:hr>
            <ns3:cad>0</ns3:cad>
          </ns3:TrackPointExtension>
        </extensions>
      </trkpt>
      <trkpt lat="31.27846769057214260101318359375" lon="121.47714511491358280181884765625">
        <ele>9.80000019073486328125</ele>
        <time>2026-09-22T09:07:23.000Z</time>
        <extensions>
          <ns3:TrackPointExtension>
            <ns3:hr>91</ns3:hr>
            <ns3:cad>0</ns3:cad>
          </ns3:TrackPointExtension>
        </extensions>
      </trkpt>
      <trkpt lat="31.27846844494342803955078125" lon="121.47714226506650447845458984375">
        <ele>9.80000019073486328125</ele>
        <time>2026-09-22T09:07:24.000Z</time>
        <extensions>
          <ns3:TrackPointExtension>
            <ns3:hr>90</ns3:hr>
            <ns3:cad>0</ns3:cad>
          </ns3:TrackPointExtension>
        </extensions>
      </trkpt>
      <trkpt lat="31.27847171388566493988037109375" lon="121.4771291054785251617431640625">
        <ele>9.80000019073486328125</ele>
        <time>2026-09-22T09:07:25.000Z</time>
        <extensions>
          <ns3:TrackPointExtension>
            <ns3:hr>90</ns3:hr>
            <ns3:cad>0</ns3:cad>
          </ns3:TrackPointExtension>
        </extensions>
      </trkpt>
      <trkpt lat="31.278470791876316070556640625" lon="121.477133296430110931396484375">
        <ele>9.80000019073486328125</ele>
        <time>2026-09-22T09:07:26.000Z</time>
        <extensions>
          <ns3:TrackPointExtension>
            <ns3:hr>90</ns3:hr>
            <ns3:cad>0</ns3:cad>
          </ns3:TrackPointExtension>
        </extensions>
      </trkpt>
      <trkpt lat="31.27847456373274326324462890625" lon="121.477112509310245513916015625">
        <ele>9.6000003814697265625</ele>
        <time>2026-09-22T09:07:27.000Z</time>
        <extensions>
          <ns3:TrackPointExtension>
            <ns3:hr>89</ns3:hr>
            <ns3:cad>0</ns3:cad>
          </ns3:TrackPointExtension>
        </extensions>
      </trkpt>
      <trkpt lat="31.27848261035978794097900390625" lon="121.47705123759806156158447265625">
        <ele>9</ele>
        <time>2026-09-22T09:07:28.000Z</time>
        <extensions>
          <ns3:TrackPointExtension>
            <ns3:hr>89</ns3:hr>
            <ns3:cad>0</ns3:cad>
          </ns3:TrackPointExtension>
        </extensions>
      </trkpt>
      <trkpt lat="31.2784847058355808258056640625" lon="121.477010250091552734375">
        <ele>8.6000003814697265625</ele>
        <time>2026-09-22T09:07:29.000Z</time>
        <extensions>
          <ns3:TrackPointExtension>
            <ns3:hr>89</ns3:hr>
            <ns3:cad>92</ns3:cad>
          </ns3:TrackPointExtension>
        </extensions>
      </trkpt>
      <trkpt lat="31.27848143689334392547607421875" lon="121.47693690843880176544189453125">
        <ele>7.80000019073486328125</ele>
        <time>2026-09-22T09:07:30.000Z</time>
        <extensions>
          <ns3:TrackPointExtension>
            <ns3:hr>89</ns3:hr>
            <ns3:cad>92</ns3:cad>
          </ns3:TrackPointExtension>
        </extensions>
      </trkpt>
      <trkpt lat="31.27847489900887012481689453125" lon="121.4768908917903900146484375">
        <ele>7.19999980926513671875</ele>
        <time>2026-09-22T09:07:31.000Z</time>
        <extensions>
          <ns3:TrackPointExtension>
            <ns3:hr>88</ns3:hr>
            <ns3:cad>92</ns3:cad>
          </ns3:TrackPointExtension>
        </extensions>
      </trkpt>
      <trkpt lat="31.2784649245440959930419921875" lon="121.4768451265990734100341796875">
        <ele>7.19999980926513671875</ele>
        <time>2026-09-22T09:07:32.000Z</time>
        <extensions>
          <ns3:TrackPointExtension>
            <ns3:hr>88</ns3:hr>
            <ns3:cad>93</ns3:cad>
          </ns3:TrackPointExtension>
        </extensions>
      </trkpt>
      <trkpt lat="31.2784498371183872222900390625" lon="121.4767961762845516204833984375">
        <ele>7.80000019073486328125</ele>
        <time>2026-09-22T09:07:33.000Z</time>
        <extensions>
          <ns3:TrackPointExtension>
            <ns3:hr>89</ns3:hr>
            <ns3:cad>93</ns3:cad>
          </ns3:TrackPointExtension>
        </extensions>
      </trkpt>
      <trkpt lat="31.278429217636585235595703125" lon="121.47674580104649066925048828125">
        <ele>8.3999996185302734375</ele>
        <time>2026-09-22T09:07:34.000Z</time>
        <extensions>
          <ns3:TrackPointExtension>
            <ns3:hr>89</ns3:hr>
            <ns3:cad>94</ns3:cad>
          </ns3:TrackPointExtension>
        </extensions>
      </trkpt>
      <trkpt lat="31.2784096039831638336181640625" lon="121.47670741192996501922607421875">
        <ele>8.80000019073486328125</ele>
        <time>2026-09-22T09:07:35.000Z</time>
        <extensions>
          <ns3:TrackPointExtension>
            <ns3:hr>91</ns3:hr>
            <ns3:cad>94</ns3:cad>
          </ns3:TrackPointExtension>
        </extensions>
      </trkpt>
      <trkpt lat="31.278384290635585784912109375" lon="121.47666667588055133819580078125">
        <ele>9.19999980926513671875</ele>
        <time>2026-09-22T09:07:36.000Z</time>
        <extensions>
          <ns3:TrackPointExtension>
            <ns3:hr>93</ns3:hr>
            <ns3:cad>94</ns3:cad>
          </ns3:TrackPointExtension>
        </extensions>
      </trkpt>
      <trkpt lat="31.27835889346897602081298828125" lon="121.476632393896579742431640625">
        <ele>9.6000003814697265625</ele>
        <time>2026-09-22T09:07:37.000Z</time>
        <extensions>
          <ns3:TrackPointExtension>
            <ns3:hr>94</ns3:hr>
            <ns3:cad>94</ns3:cad>
          </ns3:TrackPointExtension>
        </extensions>
      </trkpt>
      <trkpt lat="31.27833173610270023345947265625" lon="121.4766023866832256317138671875">
        <ele>9.80000019073486328125</ele>
        <time>2026-09-22T09:07:38.000Z</time>
        <extensions>
          <ns3:TrackPointExtension>
            <ns3:hr>97</ns3:hr>
            <ns3:cad>94</ns3:cad>
          </ns3:TrackPointExtension>
        </extensions>
      </trkpt>
      <trkpt lat="31.2783026508986949920654296875" lon="121.4765748940408229827880859375">
        <ele>10.3999996185302734375</ele>
        <time>2026-09-22T09:07:39.000Z</time>
        <extensions>
          <ns3:TrackPointExtension>
            <ns3:hr>100</ns3:hr>
            <ns3:cad>94</ns3:cad>
          </ns3:TrackPointExtension>
        </extensions>
      </trkpt>
      <trkpt lat="31.2782681174576282501220703125" lon="121.47654748521745204925537109375">
        <ele>11</ele>
        <time>2026-09-22T09:07:40.000Z</time>
        <extensions>
          <ns3:TrackPointExtension>
            <ns3:hr>104</ns3:hr>
            <ns3:cad>93</ns3:cad>
          </ns3:TrackPointExtension>
        </extensions>
      </trkpt>
      <trkpt lat="31.2782372720539569854736328125" lon="121.476527117192745208740234375">
        <ele>11.3999996185302734375</ele>
        <time>2026-09-22T09:07:41.000Z</time>
        <extensions>
          <ns3:TrackPointExtension>
            <ns3:hr>107</ns3:hr>
            <ns3:cad>93</ns3:cad>
          </ns3:TrackPointExtension>
        </extensions>
      </trkpt>
      <trkpt lat="31.27819896675646305084228515625" lon="121.4765059947967529296875">
        <ele>11.6000003814697265625</ele>
        <time>2026-09-22T09:07:42.000Z</time>
        <extensions>
          <ns3:TrackPointExtension>
            <ns3:hr>109</ns3:hr>
            <ns3:cad>93</ns3:cad>
          </ns3:TrackPointExtension>
        </extensions>
      </trkpt>
      <trkpt lat="31.27816041000187397003173828125" lon="121.47648680023849010467529296875">
        <ele>11.3999996185302734375</ele>
        <time>2026-09-22T09:07:43.000Z</time>
        <extensions>
          <ns3:TrackPointExtension>
            <ns3:hr>111</ns3:hr>
            <ns3:cad>94</ns3:cad>
          </ns3:TrackPointExtension>
        </extensions>
      </trkpt>
      <trkpt lat="31.27812570892274379730224609375" lon="121.4764696173369884490966796875">
        <ele>11</ele>
        <time>2026-09-22T09:07:44.000Z</time>
        <extensions>
          <ns3:TrackPointExtension>
            <ns3:hr>112</ns3:hr>
            <ns3:cad>94</ns3:cad>
          </ns3:TrackPointExtension>
        </extensions>
      </trkpt>
      <trkpt lat="31.27808916382491588592529296875" lon="121.47645142860710620880126953125">
        <ele>10.80000019073486328125</ele>
        <time>2026-09-22T09:07:45.000Z</time>
        <extensions>
          <ns3:TrackPointExtension>
            <ns3:hr>113</ns3:hr>
            <ns3:cad>93</ns3:cad>
          </ns3:TrackPointExtension>
        </extensions>
      </trkpt>
      <trkpt lat="31.27805781550705432891845703125" lon="121.476435922086238861083984375">
        <ele>10.6000003814697265625</ele>
        <time>2026-09-22T09:07:46.000Z</time>
        <extensions>
          <ns3:TrackPointExtension>
            <ns3:hr>116</ns3:hr>
            <ns3:cad>93</ns3:cad>
          </ns3:TrackPointExtension>
        </extensions>
      </trkpt>
      <trkpt lat="31.27802227623760700225830078125" lon="121.47641823627054691314697265625">
        <ele>10.3999996185302734375</ele>
        <time>2026-09-22T09:07:47.000Z</time>
        <extensions>
          <ns3:TrackPointExtension>
            <ns3:hr>118</ns3:hr>
            <ns3:cad>93</ns3:cad>
          </ns3:TrackPointExtension>
        </extensions>
      </trkpt>
      <trkpt lat="31.27799076028168201446533203125" lon="121.4764025621116161346435546875">
        <ele>10.3999996185302734375</ele>
        <time>2026-09-22T09:07:48.000Z</time>
        <extensions>
          <ns3:TrackPointExtension>
            <ns3:hr>119</ns3:hr>
            <ns3:cad>93</ns3:cad>
          </ns3:TrackPointExtension>
        </extensions>
      </trkpt>
      <trkpt lat="31.277957148849964141845703125" lon="121.47638596594333648681640625">
        <ele>10.3999996185302734375</ele>
        <time>2026-09-22T09:07:49.000Z</time>
        <extensions>
          <ns3:TrackPointExtension>
            <ns3:hr>121</ns3:hr>
            <ns3:cad>93</ns3:cad>
          </ns3:TrackPointExtension>
        </extensions>
      </trkpt>
      <trkpt lat="31.27792471088469028472900390625" lon="121.47636978887021541595458984375">
        <ele>10.3999996185302734375</ele>
        <time>2026-09-22T09:07:50.000Z</time>
        <extensions>
          <ns3:TrackPointExtension>
            <ns3:hr>122</ns3:hr>
            <ns3:cad>93</ns3:cad>
          </ns3:TrackPointExtension>
        </extensions>
      </trkpt>
      <trkpt lat="31.27789285965263843536376953125" lon="121.47635403089225292205810546875">
        <ele>10.3999996185302734375</ele>
        <time>2026-09-22T09:07:51.000Z</time>
        <extensions>
          <ns3:TrackPointExtension>
            <ns3:hr>123</ns3:hr>
            <ns3:cad>93</ns3:cad>
          </ns3:TrackPointExtension>
        </extensions>
      </trkpt>
      <trkpt lat="31.2778614275157451629638671875" lon="121.47633844055235385894775390625">
        <ele>10.3999996185302734375</ele>
        <time>2026-09-22T09:07:52.000Z</time>
        <extensions>
          <ns3:TrackPointExtension>
            <ns3:hr>124</ns3:hr>
            <ns3:cad>93</ns3:cad>
          </ns3:TrackPointExtension>
        </extensions>
      </trkpt>
      <trkpt lat="31.27782697789371013641357421875" lon="121.476321257650852203369140625">
        <ele>10.6000003814697265625</ele>
        <time>2026-09-22T09:07:53.000Z</time>
        <extensions>
          <ns3:TrackPointExtension>
            <ns3:hr>126</ns3:hr>
            <ns3:cad>93</ns3:cad>
          </ns3:TrackPointExtension>
        </extensions>
      </trkpt>
      <trkpt lat="31.27779060043394565582275390625" lon="121.47630323655903339385986328125">
        <ele>10.6000003814697265625</ele>
        <time>2026-09-22T09:07:54.000Z</time>
        <extensions>
          <ns3:TrackPointExtension>
            <ns3:hr>128</ns3:hr>
            <ns3:cad>92</ns3:cad>
          </ns3:TrackPointExtension>
        </extensions>
      </trkpt>
      <trkpt lat="31.27775589935481548309326171875" lon="121.47628605365753173828125">
        <ele>10.3999996185302734375</ele>
        <time>2026-09-22T09:07:55.000Z</time>
        <extensions>
          <ns3:TrackPointExtension>
            <ns3:hr>130</ns3:hr>
            <ns3:cad>92</ns3:cad>
          </ns3:TrackPointExtension>
        </extensions>
      </trkpt>
      <trkpt lat="31.27771935425698757171630859375" lon="121.47626954130828380584716796875">
        <ele>10.3999996185302734375</ele>
        <time>2026-09-22T09:07:56.000Z</time>
        <extensions>
          <ns3:TrackPointExtension>
            <ns3:hr>131</ns3:hr>
            <ns3:cad>91</ns3:cad>
          </ns3:TrackPointExtension>
        </extensions>
      </trkpt>
      <trkpt lat="31.277677528560161590576171875" lon="121.47625453770160675048828125">
        <ele>10.19999980926513671875</ele>
        <time>2026-09-22T09:07:57.000Z</time>
        <extensions>
          <ns3:TrackPointExtension>
            <ns3:hr>133</ns3:hr>
            <ns3:cad>91</ns3:cad>
          </ns3:TrackPointExtension>
        </extensions>
      </trkpt>
      <trkpt lat="31.27764274366199970245361328125" lon="121.47624573670327663421630859375">
        <ele>10.19999980926513671875</ele>
        <time>2026-09-22T09:07:58.000Z</time>
        <extensions>
          <ns3:TrackPointExtension>
            <ns3:hr>135</ns3:hr>
            <ns3:cad>91</ns3:cad>
          </ns3:TrackPointExtension>
        </extensions>
      </trkpt>
      <trkpt lat="31.27759865485131740570068359375" lon="121.4762392826378345489501953125">
        <ele>10</ele>
        <time>2026-09-22T09:07:59.000Z</time>
        <extensions>
          <ns3:TrackPointExtension>
            <ns3:hr>136</ns3:hr>
            <ns3:cad>92</ns3:cad>
          </ns3:TrackPointExtension>
        </extensions>
      </trkpt>
      <trkpt lat="31.2775529734790325164794921875" lon="121.476238109171390533447265625">
        <ele>9.6000003814697265625</ele>
        <time>2026-09-22T09:08:00.000Z</time>
        <extensions>
          <ns3:TrackPointExtension>
            <ns3:hr>138</ns3:hr>
            <ns3:cad>92</ns3:cad>
          </ns3:TrackPointExtension>
        </extensions>
      </trkpt>
      <trkpt lat="31.2775113992393016815185546875" lon="121.476241461932659149169921875">
        <ele>9.19999980926513671875</ele>
        <time>2026-09-22T09:08:01.000Z</time>
        <extensions>
          <ns3:TrackPointExtension>
            <ns3:hr>139</ns3:hr>
            <ns3:cad>92</ns3:cad>
          </ns3:TrackPointExtension>
        </extensions>
      </trkpt>
      <trkpt lat="31.27747527323663234710693359375" lon="121.476248167455196380615234375">
        <ele>8.80000019073486328125</ele>
        <time>2026-09-22T09:08:02.000Z</time>
        <extensions>
          <ns3:TrackPointExtension>
            <ns3:hr>141</ns3:hr>
            <ns3:cad>92</ns3:cad>
          </ns3:TrackPointExtension>
        </extensions>
      </trkpt>
      <trkpt lat="31.27744174562394618988037109375" lon="121.4762580581009387969970703125">
        <ele>8.19999980926513671875</ele>
        <time>2026-09-22T09:08:03.000Z</time>
        <extensions>
          <ns3:TrackPointExtension>
            <ns3:hr>142</ns3:hr>
            <ns3:cad>92</ns3:cad>
          </ns3:TrackPointExtension>
        </extensions>
      </trkpt>
      <trkpt lat="31.27741039730608463287353515625" lon="121.4762699604034423828125">
        <ele>7.80000019073486328125</ele>
        <time>2026-09-22T09:08:04.000Z</time>
        <extensions>
          <ns3:TrackPointExtension>
            <ns3:hr>143</ns3:hr>
            <ns3:cad>92</ns3:cad>
          </ns3:TrackPointExtension>
        </extensions>
      </trkpt>
      <trkpt lat="31.27737754024565219879150390625" lon="121.47628529928624629974365234375">
        <ele>7.19999980926513671875</ele>
        <time>2026-09-22T09:08:05.000Z</time>
        <extensions>
          <ns3:TrackPointExtension>
            <ns3:hr>144</ns3:hr>
            <ns3:cad>92</ns3:cad>
          </ns3:TrackPointExtension>
        </extensions>
      </trkpt>
      <trkpt lat="31.2773454375565052032470703125" lon="121.47630390711128711700439453125">
        <ele>7.19999980926513671875</ele>
        <time>2026-09-22T09:08:06.000Z</time>
        <extensions>
          <ns3:TrackPointExtension>
            <ns3:hr>145</ns3:hr>
            <ns3:cad>92</ns3:cad>
          </ns3:TrackPointExtension>
        </extensions>
      </trkpt>
      <trkpt lat="31.2773144245147705078125" lon="121.47632637061178684234619140625">
        <ele>7.400000095367431640625</ele>
        <time>2026-09-22T09:08:07.000Z</time>
        <extensions>
          <ns3:TrackPointExtension>
            <ns3:hr>146</ns3:hr>
            <ns3:cad>92</ns3:cad>
          </ns3:TrackPointExtension>
        </extensions>
      </trkpt>
      <trkpt lat="31.27728450112044811248779296875" lon="121.47635185159742832183837890625">
        <ele>7.599999904632568359375</ele>
        <time>2026-09-22T09:08:08.000Z</time>
        <extensions>
          <ns3:TrackPointExtension>
            <ns3:hr>146</ns3:hr>
            <ns3:cad>91</ns3:cad>
          </ns3:TrackPointExtension>
        </extensions>
      </trkpt>
      <trkpt lat="31.27725876867771148681640625" lon="121.47637716494500637054443359375">
        <ele>7.599999904632568359375</ele>
        <time>2026-09-22T09:08:09.000Z</time>
        <extensions>
          <ns3:TrackPointExtension>
            <ns3:hr>147</ns3:hr>
            <ns3:cad>91</ns3:cad>
          </ns3:TrackPointExtension>
        </extensions>
      </trkpt>
      <trkpt lat="31.2772317789494991302490234375" lon="121.4764080941677093505859375">
        <ele>7.80000019073486328125</ele>
        <time>2026-09-22T09:08:10.000Z</time>
        <extensions>
          <ns3:TrackPointExtension>
            <ns3:hr>148</ns3:hr>
            <ns3:cad>91</ns3:cad>
          </ns3:TrackPointExtension>
        </extensions>
      </trkpt>
      <trkpt lat="31.27721183001995086669921875" lon="121.47643558681011199951171875">
        <ele>7.80000019073486328125</ele>
        <time>2026-09-22T09:08:11.000Z</time>
        <extensions>
          <ns3:TrackPointExtension>
            <ns3:hr>148</ns3:hr>
            <ns3:cad>91</ns3:cad>
          </ns3:TrackPointExtension>
        </extensions>
      </trkpt>
      <trkpt lat="31.27718894742429256439208984375" lon="121.4764719642698764801025390625">
        <ele>7.80000019073486328125</ele>
        <time>2026-09-22T09:08:12.000Z</time>
        <extensions>
          <ns3:TrackPointExtension>
            <ns3:hr>149</ns3:hr>
            <ns3:cad>91</ns3:cad>
          </ns3:TrackPointExtension>
        </extensions>
      </trkpt>
      <trkpt lat="31.27716447226703166961669921875" lon="121.4765195734798908233642578125">
        <ele>7.80000019073486328125</ele>
        <time>2026-09-22T09:08:13.000Z</time>
        <extensions>
          <ns3:TrackPointExtension>
            <ns3:hr>150</ns3:hr>
            <ns3:cad>91</ns3:cad>
          </ns3:TrackPointExtension>
        </extensions>
      </trkpt>
      <trkpt lat="31.27715005539357662200927734375" lon="121.47655402310192584991455078125">
        <ele>7.80000019073486328125</ele>
        <time>2026-09-22T09:08:14.000Z</time>
        <extensions>
          <ns3:TrackPointExtension>
            <ns3:hr>150</ns3:hr>
            <ns3:cad>91</ns3:cad>
          </ns3:TrackPointExtension>
        </extensions>
      </trkpt>
      <trkpt lat="31.27713697962462902069091796875" lon="121.47659107111394405364990234375">
        <ele>7.80000019073486328125</ele>
        <time>2026-09-22T09:08:15.000Z</time>
        <extensions>
          <ns3:TrackPointExtension>
            <ns3:hr>151</ns3:hr>
            <ns3:cad>92</ns3:cad>
          </ns3:TrackPointExtension>
        </extensions>
      </trkpt>
      <trkpt lat="31.277123987674713134765625" lon="121.4766412787139415740966796875">
        <ele>7.599999904632568359375</ele>
        <time>2026-09-22T09:08:16.000Z</time>
        <extensions>
          <ns3:TrackPointExtension>
            <ns3:hr>152</ns3:hr>
            <ns3:cad>92</ns3:cad>
          </ns3:TrackPointExtension>
        </extensions>
      </trkpt>
      <trkpt lat="31.27711535431444644927978515625" lon="121.47669148631393909454345703125">
        <ele>7.19999980926513671875</ele>
        <time>2026-09-22T09:08:17.000Z</time>
        <extensions>
          <ns3:TrackPointExtension>
            <ns3:hr>153</ns3:hr>
            <ns3:cad>92</ns3:cad>
          </ns3:TrackPointExtension>
        </extensions>
      </trkpt>
      <trkpt lat="31.27711133100092411041259765625" lon="121.4767405204474925994873046875">
        <ele>7</ele>
        <time>2026-09-22T09:08:18.000Z</time>
        <extensions>
          <ns3:TrackPointExtension>
            <ns3:hr>153</ns3:hr>
            <ns3:cad>91</ns3:cad>
          </ns3:TrackPointExtension>
        </extensions>
      </trkpt>
      <trkpt lat="31.2771110795438289642333984375" lon="121.47678921930491924285888671875">
        <ele>6.599999904632568359375</ele>
        <time>2026-09-22T09:08:19.000Z</time>
        <extensions>
          <ns3:TrackPointExtension>
            <ns3:hr>153</ns3:hr>
            <ns3:cad>91</ns3:cad>
          </ns3:TrackPointExtension>
        </extensions>
      </trkpt>
      <trkpt lat="31.277113594114780426025390625" lon="121.4768263511359691619873046875">
        <ele>6.400000095367431640625</ele>
        <time>2026-09-22T09:08:20.000Z</time>
        <extensions>
          <ns3:TrackPointExtension>
            <ns3:hr>153</ns3:hr>
            <ns3:cad>92</ns3:cad>
          </ns3:TrackPointExtension>
        </extensions>
      </trkpt>
      <trkpt lat="31.27711786888539791107177734375" lon="121.47686314769089221954345703125">
        <ele>6</ele>
        <time>2026-09-22T09:08:21.000Z</time>
        <extensions>
          <ns3:TrackPointExtension>
            <ns3:hr>154</ns3:hr>
            <ns3:cad>92</ns3:cad>
          </ns3:TrackPointExtension>
        </extensions>
      </trkpt>
      <trkpt lat="31.2771238200366497039794921875" lon="121.47689650766551494598388671875">
        <ele>6.19999980926513671875</ele>
        <time>2026-09-22T09:08:22.000Z</time>
        <extensions>
          <ns3:TrackPointExtension>
            <ns3:hr>154</ns3:hr>
            <ns3:cad>92</ns3:cad>
          </ns3:TrackPointExtension>
        </extensions>
      </trkpt>
      <trkpt lat="31.2771320343017578125" lon="121.4769296161830425262451171875">
        <ele>6.400000095367431640625</ele>
        <time>2026-09-22T09:08:23.000Z</time>
        <extensions>
          <ns3:TrackPointExtension>
            <ns3:hr>154</ns3:hr>
            <ns3:cad>91</ns3:cad>
          </ns3:TrackPointExtension>
        </extensions>
      </trkpt>
      <trkpt lat="31.27714418806135654449462890625" lon="121.4769695140421390533447265625">
        <ele>6.599999904632568359375</ele>
        <time>2026-09-22T09:08:24.000Z</time>
        <extensions>
          <ns3:TrackPointExtension>
            <ns3:hr>155</ns3:hr>
            <ns3:cad>91</ns3:cad>
          </ns3:TrackPointExtension>
        </extensions>
      </trkpt>
      <trkpt lat="31.277156509459018707275390625" lon="121.47700287401676177978515625">
        <ele>6.80000019073486328125</ele>
        <time>2026-09-22T09:08:25.000Z</time>
        <extensions>
          <ns3:TrackPointExtension>
            <ns3:hr>155</ns3:hr>
            <ns3:cad>91</ns3:cad>
          </ns3:TrackPointExtension>
        </extensions>
      </trkpt>
      <trkpt lat="31.27717268653213977813720703125" lon="121.47703732363879680633544921875">
        <ele>7</ele>
        <time>2026-09-22T09:08:26.000Z</time>
        <extensions>
          <ns3:TrackPointExtension>
            <ns3:hr>155</ns3:hr>
            <ns3:cad>92</ns3:cad>
          </ns3:TrackPointExtension>
        </extensions>
      </trkpt>
      <trkpt lat="31.2771905399858951568603515625" lon="121.47707034833729267120361328125">
        <ele>7.19999980926513671875</ele>
        <time>2026-09-22T09:08:27.000Z</time>
        <extensions>
          <ns3:TrackPointExtension>
            <ns3:hr>155</ns3:hr>
            <ns3:cad>92</ns3:cad>
          </ns3:TrackPointExtension>
        </extensions>
      </trkpt>
      <trkpt lat="31.27721141092479228973388671875" lon="121.4771036244928836822509765625">
        <ele>7.19999980926513671875</ele>
        <time>2026-09-22T09:08:28.000Z</time>
        <extensions>
          <ns3:TrackPointExtension>
            <ns3:hr>155</ns3:hr>
            <ns3:cad>92</ns3:cad>
          </ns3:TrackPointExtension>
        </extensions>
      </trkpt>
      <trkpt lat="31.27723462879657745361328125" lon="121.4771349728107452392578125">
        <ele>7.400000095367431640625</ele>
        <time>2026-09-22T09:08:29.000Z</time>
        <extensions>
          <ns3:TrackPointExtension>
            <ns3:hr>155</ns3:hr>
            <ns3:cad>92</ns3:cad>
          </ns3:TrackPointExtension>
        </extensions>
      </trkpt>
      <trkpt lat="31.277261115610599517822265625" lon="121.477164812386035919189453125">
        <ele>7.599999904632568359375</ele>
        <time>2026-09-22T09:08:30.000Z</time>
        <extensions>
          <ns3:TrackPointExtension>
            <ns3:hr>155</ns3:hr>
            <ns3:cad>91</ns3:cad>
          </ns3:TrackPointExtension>
        </extensions>
      </trkpt>
      <trkpt lat="31.277285255491733551025390625" lon="121.4771884493529796600341796875">
        <ele>7.80000019073486328125</ele>
        <time>2026-09-22T09:08:31.000Z</time>
        <extensions>
          <ns3:TrackPointExtension>
            <ns3:hr>156</ns3:hr>
            <ns3:cad>91</ns3:cad>
          </ns3:TrackPointExtension>
        </extensions>
      </trkpt>
      <trkpt lat="31.2773166038095951080322265625" lon="121.47721485234797000885009765625">
        <ele>8</ele>
        <time>2026-09-22T09:08:32.000Z</time>
        <extensions>
          <ns3:TrackPointExtension>
            <ns3:hr>156</ns3:hr>
            <ns3:cad>91</ns3:cad>
          </ns3:TrackPointExtension>
        </extensions>
      </trkpt>
      <trkpt lat="31.27735172398388385772705078125" lon="121.4772394113242626190185546875">
        <ele>8</ele>
        <time>2026-09-22T09:08:33.000Z</time>
        <extensions>
          <ns3:TrackPointExtension>
            <ns3:hr>156</ns3:hr>
            <ns3:cad>91</ns3:cad>
          </ns3:TrackPointExtension>
        </extensions>
      </trkpt>
      <trkpt lat="31.27738860435783863067626953125" lon="121.47726028226315975189208984375">
        <ele>8.19999980926513671875</ele>
        <time>2026-09-22T09:08:34.000Z</time>
        <extensions>
          <ns3:TrackPointExtension>
            <ns3:hr>157</ns3:hr>
            <ns3:cad>91</ns3:cad>
          </ns3:TrackPointExtension>
        </extensions>
      </trkpt>
      <trkpt lat="31.277422048151493072509765625" lon="121.47727687843143939971923828125">
        <ele>8</ele>
        <time>2026-09-22T09:08:35.000Z</time>
        <extensions>
          <ns3:TrackPointExtension>
            <ns3:hr>157</ns3:hr>
            <ns3:cad>91</ns3:cad>
          </ns3:TrackPointExtension>
        </extensions>
      </trkpt>
      <trkpt lat="31.27745482139289379119873046875" lon="121.47729313932359218597412109375">
        <ele>8</ele>
        <time>2026-09-22T09:08:36.000Z</time>
        <extensions>
          <ns3:TrackPointExtension>
            <ns3:hr>157</ns3:hr>
            <ns3:cad>92</ns3:cad>
          </ns3:TrackPointExtension>
        </extensions>
      </trkpt>
      <trkpt lat="31.27748901955783367156982421875" lon="121.4773101545870304107666015625">
        <ele>8</ele>
        <time>2026-09-22T09:08:37.000Z</time>
        <extensions>
          <ns3:TrackPointExtension>
            <ns3:hr>158</ns3:hr>
            <ns3:cad>92</ns3:cad>
          </ns3:TrackPointExtension>
        </extensions>
      </trkpt>
      <trkpt lat="31.27752271480858325958251953125" lon="121.47732683457434177398681640625">
        <ele>7.80000019073486328125</ele>
        <time>2026-09-22T09:08:38.000Z</time>
        <extensions>
          <ns3:TrackPointExtension>
            <ns3:hr>158</ns3:hr>
            <ns3:cad>92</ns3:cad>
          </ns3:TrackPointExtension>
        </extensions>
      </trkpt>
      <trkpt lat="31.277556158602237701416015625" lon="121.47734343074262142181396484375">
        <ele>7.80000019073486328125</ele>
        <time>2026-09-22T09:08:39.000Z</time>
        <extensions>
          <ns3:TrackPointExtension>
            <ns3:hr>158</ns3:hr>
            <ns3:cad>92</ns3:cad>
          </ns3:TrackPointExtension>
        </extensions>
      </trkpt>
      <trkpt lat="31.27758926711976528167724609375" lon="121.477359943091869354248046875">
        <ele>7.80000019073486328125</ele>
        <time>2026-09-22T09:08:40.000Z</time>
        <extensions>
          <ns3:TrackPointExtension>
            <ns3:hr>158</ns3:hr>
            <ns3:cad>91</ns3:cad>
          </ns3:TrackPointExtension>
        </extensions>
      </trkpt>
      <trkpt lat="31.27762162126600742340087890625" lon="121.47737595252692699432373046875">
        <ele>8</ele>
        <time>2026-09-22T09:08:41.000Z</time>
        <extensions>
          <ns3:TrackPointExtension>
            <ns3:hr>159</ns3:hr>
            <ns3:cad>91</ns3:cad>
          </ns3:TrackPointExtension>
        </extensions>
      </trkpt>
      <trkpt lat="31.2776532210409641265869140625" lon="121.4773916266858577728271484375">
        <ele>8</ele>
        <time>2026-09-22T09:08:42.000Z</time>
        <extensions>
          <ns3:TrackPointExtension>
            <ns3:hr>160</ns3:hr>
            <ns3:cad>91</ns3:cad>
          </ns3:TrackPointExtension>
        </extensions>
      </trkpt>
      <trkpt lat="31.27768255770206451416015625" lon="121.477406211197376251220703125">
        <ele>8</ele>
        <time>2026-09-22T09:08:43.000Z</time>
        <extensions>
          <ns3:TrackPointExtension>
            <ns3:hr>160</ns3:hr>
            <ns3:cad>91</ns3:cad>
          </ns3:TrackPointExtension>
        </extensions>
      </trkpt>
      <trkpt lat="31.27771264873445034027099609375" lon="121.4774211309850215911865234375">
        <ele>8</ele>
        <time>2026-09-22T09:08:44.000Z</time>
        <extensions>
          <ns3:TrackPointExtension>
            <ns3:hr>160</ns3:hr>
            <ns3:cad>91</ns3:cad>
          </ns3:TrackPointExtension>
        </extensions>
      </trkpt>
      <trkpt lat="31.27774165011942386627197265625" lon="121.4774355478584766387939453125">
        <ele>8</ele>
        <time>2026-09-22T09:08:45.000Z</time>
        <extensions>
          <ns3:TrackPointExtension>
            <ns3:hr>160</ns3:hr>
            <ns3:cad>91</ns3:cad>
          </ns3:TrackPointExtension>
        </extensions>
      </trkpt>
      <trkpt lat="31.27777098678052425384521484375" lon="121.4774501323699951171875">
        <ele>8</ele>
        <time>2026-09-22T09:08:46.000Z</time>
        <extensions>
          <ns3:TrackPointExtension>
            <ns3:hr>160</ns3:hr>
            <ns3:cad>90</ns3:cad>
          </ns3:TrackPointExtension>
        </extensions>
      </trkpt>
      <trkpt lat="31.27780082635581493377685546875" lon="121.47746496833860874176025390625">
        <ele>8</ele>
        <time>2026-09-22T09:08:47.000Z</time>
        <extensions>
          <ns3:TrackPointExtension>
            <ns3:hr>160</ns3:hr>
            <ns3:cad>90</ns3:cad>
          </ns3:TrackPointExtension>
        </extensions>
      </trkpt>
      <trkpt lat="31.27783418633043766021728515625" lon="121.4774814806878566741943359375">
        <ele>8</ele>
        <time>2026-09-22T09:08:48.000Z</time>
        <extensions>
          <ns3:TrackPointExtension>
            <ns3:hr>160</ns3:hr>
            <ns3:cad>90</ns3:cad>
          </ns3:TrackPointExtension>
        </extensions>
      </trkpt>
      <trkpt lat="31.27786721102893352508544921875" lon="121.4774969033896923065185546875">
        <ele>8</ele>
        <time>2026-09-22T09:08:49.000Z</time>
        <extensions>
          <ns3:TrackPointExtension>
            <ns3:hr>160</ns3:hr>
            <ns3:cad>90</ns3:cad>
          </ns3:TrackPointExtension>
        </extensions>
      </trkpt>
      <trkpt lat="31.2779019959270954132080078125" lon="121.4775109849870204925537109375">
        <ele>8</ele>
        <time>2026-09-22T09:08:50.000Z</time>
        <extensions>
          <ns3:TrackPointExtension>
            <ns3:hr>160</ns3:hr>
            <ns3:cad>90</ns3:cad>
          </ns3:TrackPointExtension>
        </extensions>
      </trkpt>
      <trkpt lat="31.2779382057487964630126953125" lon="121.4775217138230800628662109375">
        <ele>8</ele>
        <time>2026-09-22T09:08:51.000Z</time>
        <extensions>
          <ns3:TrackPointExtension>
            <ns3:hr>160</ns3:hr>
            <ns3:cad>90</ns3:cad>
          </ns3:TrackPointExtension>
        </extensions>
      </trkpt>
      <trkpt lat="31.27797047607600688934326171875" lon="121.47752766497433185577392578125">
        <ele>8.19999980926513671875</ele>
        <time>2026-09-22T09:08:52.000Z</time>
        <extensions>
          <ns3:TrackPointExtension>
            <ns3:hr>160</ns3:hr>
            <ns3:cad>90</ns3:cad>
          </ns3:TrackPointExtension>
        </extensions>
      </trkpt>
      <trkpt lat="31.27800467424094676971435546875" lon="121.4775314368307590484619140625">
        <ele>8.3999996185302734375</ele>
        <time>2026-09-22T09:08:53.000Z</time>
        <extensions>
          <ns3:TrackPointExtension>
            <ns3:hr>160</ns3:hr>
            <ns3:cad>90</ns3:cad>
          </ns3:TrackPointExtension>
        </extensions>
      </trkpt>
      <trkpt lat="31.2780399620532989501953125" lon="121.47753235884010791778564453125">
        <ele>8.80000019073486328125</ele>
        <time>2026-09-22T09:08:54.000Z</time>
        <extensions>
          <ns3:TrackPointExtension>
            <ns3:hr>161</ns3:hr>
            <ns3:cad>90</ns3:cad>
          </ns3:TrackPointExtension>
        </extensions>
      </trkpt>
      <trkpt lat="31.27807550132274627685546875" lon="121.4775300957262516021728515625">
        <ele>8.80000019073486328125</ele>
        <time>2026-09-22T09:08:55.000Z</time>
        <extensions>
          <ns3:TrackPointExtension>
            <ns3:hr>161</ns3:hr>
            <ns3:cad>90</ns3:cad>
          </ns3:TrackPointExtension>
        </extensions>
      </trkpt>
      <trkpt lat="31.2781091965734958648681640625" lon="121.477524228394031524658203125">
        <ele>9</ele>
        <time>2026-09-22T09:08:56.000Z</time>
        <extensions>
          <ns3:TrackPointExtension>
            <ns3:hr>161</ns3:hr>
            <ns3:cad>92</ns3:cad>
          </ns3:TrackPointExtension>
        </extensions>
      </trkpt>
      <trkpt lat="31.2781457416713237762451171875" lon="121.47751475684344768524169921875">
        <ele>9</ele>
        <time>2026-09-22T09:08:57.000Z</time>
        <extensions>
          <ns3:TrackPointExtension>
            <ns3:hr>161</ns3:hr>
            <ns3:cad>92</ns3:cad>
          </ns3:TrackPointExtension>
        </extensions>
      </trkpt>
      <trkpt lat="31.27818069420754909515380859375" lon="121.47750235162675380706787109375">
        <ele>9.19999980926513671875</ele>
        <time>2026-09-22T09:08:58.000Z</time>
        <extensions>
          <ns3:TrackPointExtension>
            <ns3:hr>161</ns3:hr>
            <ns3:cad>92</ns3:cad>
          </ns3:TrackPointExtension>
        </extensions>
      </trkpt>
      <trkpt lat="31.27820768393576145172119140625" lon="121.4774905331432819366455078125">
        <ele>9.19999980926513671875</ele>
        <time>2026-09-22T09:08:59.000Z</time>
        <extensions>
          <ns3:TrackPointExtension>
            <ns3:hr>161</ns3:hr>
            <ns3:cad>92</ns3:cad>
          </ns3:TrackPointExtension>
        </extensions>
      </trkpt>
      <trkpt lat="31.27824624069035053253173828125" lon="121.4774687401950359344482421875">
        <ele>9.3999996185302734375</ele>
        <time>2026-09-22T09:09:00.000Z</time>
        <extensions>
          <ns3:TrackPointExtension>
            <ns3:hr>161</ns3:hr>
            <ns3:cad>91</ns3:cad>
          </ns3:TrackPointExtension>
        </extensions>
      </trkpt>
      <trkpt lat="31.278277337551116943359375" lon="121.47744677960872650146484375">
        <ele>9.80000019073486328125</ele>
        <time>2026-09-22T09:09:01.000Z</time>
        <extensions>
          <ns3:TrackPointExtension>
            <ns3:hr>161</ns3:hr>
            <ns3:cad>91</ns3:cad>
          </ns3:TrackPointExtension>
        </extensions>
      </trkpt>
      <trkpt lat="31.2783066742122173309326171875" lon="121.47742263972759246826171875">
        <ele>10.3999996185302734375</ele>
        <time>2026-09-22T09:09:02.000Z</time>
        <extensions>
          <ns3:TrackPointExtension>
            <ns3:hr>161</ns3:hr>
            <ns3:cad>91</ns3:cad>
          </ns3:TrackPointExtension>
        </extensions>
      </trkpt>
      <trkpt lat="31.278333999216556549072265625" lon="121.47739640437066555023193359375">
        <ele>10.80000019073486328125</ele>
        <time>2026-09-22T09:09:03.000Z</time>
        <extensions>
          <ns3:TrackPointExtension>
            <ns3:hr>161</ns3:hr>
            <ns3:cad>91</ns3:cad>
          </ns3:TrackPointExtension>
        </extensions>
      </trkpt>
      <trkpt lat="31.27835939638316631317138671875" lon="121.47736790589988231658935546875">
        <ele>11</ele>
        <time>2026-09-22T09:09:04.000Z</time>
        <extensions>
          <ns3:TrackPointExtension>
            <ns3:hr>162</ns3:hr>
            <ns3:cad>91</ns3:cad>
          </ns3:TrackPointExtension>
        </extensions>
      </trkpt>
      <trkpt lat="31.278379596769809722900390625" lon="121.47734058089554309844970703125">
        <ele>11.3999996185302734375</ele>
        <time>2026-09-22T09:09:05.000Z</time>
        <extensions>
          <ns3:TrackPointExtension>
            <ns3:hr>162</ns3:hr>
            <ns3:cad>92</ns3:cad>
          </ns3:TrackPointExtension>
        </extensions>
      </trkpt>
      <trkpt lat="31.27839661203324794769287109375" lon="121.47731560282409191131591796875">
        <ele>11.3999996185302734375</ele>
        <time>2026-09-22T09:09:06.000Z</time>
        <extensions>
          <ns3:TrackPointExtension>
            <ns3:hr>162</ns3:hr>
            <ns3:cad>92</ns3:cad>
          </ns3:TrackPointExtension>
        </extensions>
      </trkpt>
      <trkpt lat="31.2783985398709774017333984375" lon="121.477312333881855010986328125">
        <ele>11.3999996185302734375</ele>
        <time>2026-09-22T09:09:07.000Z</time>
        <extensions>
          <ns3:TrackPointExtension>
            <ns3:hr>162</ns3:hr>
            <ns3:cad>91</ns3:cad>
          </ns3:TrackPointExtension>
        </extensions>
      </trkpt>
      <trkpt lat="31.2784142978489398956298828125" lon="121.47728542797267436981201171875">
        <ele>11.19999980926513671875</ele>
        <time>2026-09-22T09:09:08.000Z</time>
        <extensions>
          <ns3:TrackPointExtension>
            <ns3:hr>162</ns3:hr>
            <ns3:cad>87</ns3:cad>
          </ns3:TrackPointExtension>
        </extensions>
      </trkpt>
      <trkpt lat="31.27841790206730365753173828125" lon="121.47727922536432743072509765625">
        <ele>11.19999980926513671875</ele>
        <time>2026-09-22T09:09:09.000Z</time>
        <extensions>
          <ns3:TrackPointExtension>
            <ns3:hr>162</ns3:hr>
            <ns3:cad>87</ns3:cad>
          </ns3:TrackPointExtension>
        </extensions>
      </trkpt>
      <trkpt lat="31.278421841561794281005859375" lon="121.47727084346115589141845703125">
        <ele>11</ele>
        <time>2026-09-22T09:09:10.000Z</time>
        <extensions>
          <ns3:TrackPointExtension>
            <ns3:hr>161</ns3:hr>
            <ns3:cad>87</ns3:cad>
          </ns3:TrackPointExtension>
        </extensions>
      </trkpt>
      <trkpt lat="31.27843064256012439727783203125" lon="121.4772521518170833587646484375">
        <ele>10.80000019073486328125</ele>
        <time>2026-09-22T09:09:11.000Z</time>
        <extensions>
          <ns3:TrackPointExtension>
            <ns3:hr>159</ns3:hr>
            <ns3:cad>87</ns3:cad>
          </ns3:TrackPointExtension>
        </extensions>
      </trkpt>
      <trkpt lat="31.27843558788299560546875" lon="121.47724150680005550384521484375">
        <ele>10.80000019073486328125</ele>
        <time>2026-09-22T09:09:12.000Z</time>
        <extensions>
          <ns3:TrackPointExtension>
            <ns3:hr>160</ns3:hr>
            <ns3:cad>87</ns3:cad>
          </ns3:TrackPointExtension>
        </extensions>
      </trkpt>
      <trkpt lat="31.27843650989234447479248046875" lon="121.47723966278135776519775390625">
        <ele>10.80000019073486328125</ele>
        <time>2026-09-22T09:09:13.000Z</time>
        <extensions>
          <ns3:TrackPointExtension>
            <ns3:hr>160</ns3:hr>
            <ns3:cad>87</ns3:cad>
          </ns3:TrackPointExtension>
        </extensions>
      </trkpt>
      <trkpt lat="31.27843986265361309051513671875" lon="121.47723228670656681060791015625">
        <ele>10.80000019073486328125</ele>
        <time>2026-09-22T09:09:14.000Z</time>
        <extensions>
          <ns3:TrackPointExtension>
            <ns3:hr>162</ns3:hr>
            <ns3:cad>0</ns3:cad>
          </ns3:TrackPointExtension>
        </extensions>
      </trkpt>
      <trkpt lat="31.2784431315958499908447265625" lon="121.47722323425114154815673828125">
        <ele>10.6000003814697265625</ele>
        <time>2026-09-22T09:09:15.000Z</time>
        <extensions>
          <ns3:TrackPointExtension>
            <ns3:hr>162</ns3:hr>
            <ns3:cad>0</ns3:cad>
          </ns3:TrackPointExtension>
        </extensions>
      </trkpt>
      <trkpt lat="31.278448663651943206787109375" lon="121.4772078953683376312255859375">
        <ele>10.3999996185302734375</ele>
        <time>2026-09-22T09:09:16.000Z</time>
        <extensions>
          <ns3:TrackPointExtension>
            <ns3:hr>162</ns3:hr>
            <ns3:cad>0</ns3:cad>
          </ns3:TrackPointExtension>
        </extensions>
      </trkpt>
      <trkpt lat="31.27845360897481441497802734375" lon="121.477194316685199737548828125">
        <ele>10.3999996185302734375</ele>
        <time>2026-09-22T09:09:17.000Z</time>
        <extensions>
          <ns3:TrackPointExtension>
            <ns3:hr>162</ns3:hr>
            <ns3:cad>0</ns3:cad>
          </ns3:TrackPointExtension>
        </extensions>
      </trkpt>
      <trkpt lat="31.27845729701220989227294921875" lon="121.477184258401393890380859375">
        <ele>10.19999980926513671875</ele>
        <time>2026-09-22T09:09:18.000Z</time>
        <extensions>
          <ns3:TrackPointExtension>
            <ns3:hr>161</ns3:hr>
            <ns3:cad>0</ns3:cad>
          </ns3:TrackPointExtension>
        </extensions>
      </trkpt>
      <trkpt lat="31.278460733592510223388671875" lon="121.47717143408954143524169921875">
        <ele>10.19999980926513671875</ele>
        <time>2026-09-22T09:09:19.000Z</time>
        <extensions>
          <ns3:TrackPointExtension>
            <ns3:hr>160</ns3:hr>
            <ns3:cad>52</ns3:cad>
          </ns3:TrackPointExtension>
        </extensions>
      </trkpt>
      <trkpt lat="31.27846484072506427764892578125" lon="121.477156095206737518310546875">
        <ele>10</ele>
        <time>2026-09-22T09:09:20.000Z</time>
        <extensions>
          <ns3:TrackPointExtension>
            <ns3:hr>160</ns3:hr>
            <ns3:cad>52</ns3:cad>
          </ns3:TrackPointExtension>
        </extensions>
      </trkpt>
      <trkpt lat="31.27846752293407917022705078125" lon="121.4771457016468048095703125">
        <ele>9.80000019073486328125</ele>
        <time>2026-09-22T09:09:21.000Z</time>
        <extensions>
          <ns3:TrackPointExtension>
            <ns3:hr>159</ns3:hr>
            <ns3:cad>52</ns3:cad>
          </ns3:TrackPointExtension>
        </extensions>
      </trkpt>
      <trkpt lat="31.2784717977046966552734375" lon="121.4771282672882080078125">
        <ele>9.80000019073486328125</ele>
        <time>2026-09-22T09:09:23.000Z</time>
        <extensions>
          <ns3:TrackPointExtension>
            <ns3:hr>159</ns3:hr>
            <ns3:cad>0</ns3:cad>
          </ns3:TrackPointExtension>
        </extensions>
      </trkpt>
      <trkpt lat="31.2784717977046966552734375" lon="121.4771282672882080078125">
        <ele>9.80000019073486328125</ele>
        <time>2026-09-22T09:09:24.000Z</time>
        <extensions>
          <ns3:TrackPointExtension>
            <ns3:hr>159</ns3:hr>
            <ns3:cad>0</ns3:cad>
          </ns3:TrackPointExtension>
        </extensions>
      </trkpt>
      <trkpt lat="31.27847389318048954010009765625" lon="121.4771161973476409912109375">
        <ele>9.6000003814697265625</ele>
        <time>2026-09-22T09:09:25.000Z</time>
        <extensions>
          <ns3:TrackPointExtension>
            <ns3:hr>159</ns3:hr>
            <ns3:cad>0</ns3:cad>
          </ns3:TrackPointExtension>
        </extensions>
      </trkpt>
      <trkpt lat="31.278476156294345855712890625" lon="121.47710303775966167449951171875">
        <ele>9.6000003814697265625</ele>
        <time>2026-09-22T09:09:26.000Z</time>
        <extensions>
          <ns3:TrackPointExtension>
            <ns3:hr>159</ns3:hr>
            <ns3:cad>0</ns3:cad>
          </ns3:TrackPointExtension>
        </extensions>
      </trkpt>
      <trkpt lat="31.27847791649401187896728515625" lon="121.4770928956568241119384765625">
        <ele>9.3999996185302734375</ele>
        <time>2026-09-22T09:09:27.000Z</time>
        <extensions>
          <ns3:TrackPointExtension>
            <ns3:hr>160</ns3:hr>
            <ns3:cad>0</ns3:cad>
          </ns3:TrackPointExtension>
        </extensions>
      </trkpt>
      <trkpt lat="31.27847925759851932525634765625" lon="121.47708493284881114959716796875">
        <ele>9.3999996185302734375</ele>
        <time>2026-09-22T09:09:28.000Z</time>
        <extensions>
          <ns3:TrackPointExtension>
            <ns3:hr>160</ns3:hr>
            <ns3:cad>50</ns3:cad>
          </ns3:TrackPointExtension>
        </extensions>
      </trkpt>
      <trkpt lat="31.27848059870302677154541015625" lon="121.477074958384037017822265625">
        <ele>9.19999980926513671875</ele>
        <time>2026-09-22T09:09:29.000Z</time>
        <extensions>
          <ns3:TrackPointExtension>
            <ns3:hr>161</ns3:hr>
            <ns3:cad>50</ns3:cad>
          </ns3:TrackPointExtension>
        </extensions>
      </trkpt>
      <trkpt lat="31.27848160453140735626220703125" lon="121.47706381045281887054443359375">
        <ele>9</ele>
        <time>2026-09-22T09:09:30.000Z</time>
        <extensions>
          <ns3:TrackPointExtension>
            <ns3:hr>160</ns3:hr>
            <ns3:cad>50</ns3:cad>
          </ns3:TrackPointExtension>
        </extensions>
      </trkpt>
      <trkpt lat="31.27848193980753421783447265625" lon="121.47705945186316967010498046875">
        <ele>9</ele>
        <time>2026-09-22T09:09:31.000Z</time>
        <extensions>
          <ns3:TrackPointExtension>
            <ns3:hr>160</ns3:hr>
            <ns3:cad>0</ns3:cad>
          </ns3:TrackPointExtension>
        </extensions>
      </trkpt>
      <trkpt lat="31.27848277799785137176513671875" lon="121.47704922594130039215087890625">
        <ele>9</ele>
        <time>2026-09-22T09:09:32.000Z</time>
        <extensions>
          <ns3:TrackPointExtension>
            <ns3:hr>160</ns3:hr>
            <ns3:cad>0</ns3:cad>
          </ns3:TrackPointExtension>
        </extensions>
      </trkpt>
      <trkpt lat="31.27848378382623195648193359375" lon="121.47703715600073337554931640625">
        <ele>8.80000019073486328125</ele>
        <time>2026-09-22T09:09:33.000Z</time>
        <extensions>
          <ns3:TrackPointExtension>
            <ns3:hr>160</ns3:hr>
            <ns3:cad>49</ns3:cad>
          </ns3:TrackPointExtension>
        </extensions>
      </trkpt>
      <trkpt lat="31.27848478965461254119873046875" lon="121.47702558897435665130615234375">
        <ele>8.6000003814697265625</ele>
        <time>2026-09-22T09:09:34.000Z</time>
        <extensions>
          <ns3:TrackPointExtension>
            <ns3:hr>160</ns3:hr>
            <ns3:cad>49</ns3:cad>
          </ns3:TrackPointExtension>
        </extensions>
      </trkpt>
      <trkpt lat="31.2784847058355808258056640625" lon="121.47701368667185306549072265625">
        <ele>8.6000003814697265625</ele>
        <time>2026-09-22T09:09:35.000Z</time>
        <extensions>
          <ns3:TrackPointExtension>
            <ns3:hr>160</ns3:hr>
            <ns3:cad>49</ns3:cad>
          </ns3:TrackPointExtension>
        </extensions>
      </trkpt>
      <trkpt lat="31.2784847058355808258056640625" lon="121.47700312547385692596435546875">
        <ele>8.3999996185302734375</ele>
        <time>2026-09-22T09:09:36.000Z</time>
        <extensions>
          <ns3:TrackPointExtension>
            <ns3:hr>159</ns3:hr>
            <ns3:cad>50</ns3:cad>
          </ns3:TrackPointExtension>
        </extensions>
      </trkpt>
      <trkpt lat="31.2784847058355808258056640625" lon="121.47699440829455852508544921875">
        <ele>8.3999996185302734375</ele>
        <time>2026-09-22T09:09:37.000Z</time>
        <extensions>
          <ns3:TrackPointExtension>
            <ns3:hr>159</ns3:hr>
            <ns3:cad>50</ns3:cad>
          </ns3:TrackPointExtension>
        </extensions>
      </trkpt>
      <trkpt lat="31.27848462201654911041259765625" lon="121.4769822545349597930908203125">
        <ele>8.19999980926513671875</ele>
        <time>2026-09-22T09:09:38.000Z</time>
        <extensions>
          <ns3:TrackPointExtension>
            <ns3:hr>159</ns3:hr>
            <ns3:cad>50</ns3:cad>
          </ns3:TrackPointExtension>
        </extensions>
      </trkpt>
      <trkpt lat="31.278484202921390533447265625" lon="121.4769675023853778839111328125">
        <ele>8</ele>
        <time>2026-09-22T09:09:39.000Z</time>
        <extensions>
          <ns3:TrackPointExtension>
            <ns3:hr>158</ns3:hr>
            <ns3:cad>0</ns3:cad>
          </ns3:TrackPointExtension>
        </extensions>
      </trkpt>
      <trkpt lat="31.27848261035978794097900390625" lon="121.47694922983646392822265625">
        <ele>7.80000019073486328125</ele>
        <time>2026-09-22T09:09:40.000Z</time>
        <extensions>
          <ns3:TrackPointExtension>
            <ns3:hr>158</ns3:hr>
            <ns3:cad>0</ns3:cad>
          </ns3:TrackPointExtension>
        </extensions>
      </trkpt>
      <trkpt lat="31.27848110161721706390380859375" lon="121.476932801306247711181640625">
        <ele>7.599999904632568359375</ele>
        <time>2026-09-22T09:09:41.000Z</time>
        <extensions>
          <ns3:TrackPointExtension>
            <ns3:hr>158</ns3:hr>
            <ns3:cad>0</ns3:cad>
          </ns3:TrackPointExtension>
        </extensions>
      </trkpt>
      <trkpt lat="31.2784798443317413330078125" lon="121.4769192226231098175048828125">
        <ele>7.599999904632568359375</ele>
        <time>2026-09-22T09:09:42.000Z</time>
        <extensions>
          <ns3:TrackPointExtension>
            <ns3:hr>158</ns3:hr>
            <ns3:cad>0</ns3:cad>
          </ns3:TrackPointExtension>
        </extensions>
      </trkpt>
      <trkpt lat="31.27847573719918727874755859375" lon="121.47689558565616607666015625">
        <ele>7.19999980926513671875</ele>
        <time>2026-09-22T09:09:43.000Z</time>
        <extensions>
          <ns3:TrackPointExtension>
            <ns3:hr>158</ns3:hr>
            <ns3:cad>0</ns3:cad>
          </ns3:TrackPointExtension>
        </extensions>
      </trkpt>
      <trkpt lat="31.27847271971404552459716796875" lon="121.47687857039272785186767578125">
        <ele>7</ele>
        <time>2026-09-22T09:09:44.000Z</time>
        <extensions>
          <ns3:TrackPointExtension>
            <ns3:hr>157</ns3:hr>
            <ns3:cad>49</ns3:cad>
          </ns3:TrackPointExtension>
        </extensions>
      </trkpt>
      <trkpt lat="31.278470456600189208984375" lon="121.47686582989990711212158203125">
        <ele>7</ele>
        <time>2026-09-22T09:09:45.000Z</time>
        <extensions>
          <ns3:TrackPointExtension>
            <ns3:hr>155</ns3:hr>
            <ns3:cad>49</ns3:cad>
          </ns3:TrackPointExtension>
        </extensions>
      </trkpt>
      <trkpt lat="31.2784666009247303009033203125" lon="121.4768514968454837799072265625">
        <ele>7.19999980926513671875</ele>
        <time>2026-09-22T09:09:46.000Z</time>
        <extensions>
          <ns3:TrackPointExtension>
            <ns3:hr>153</ns3:hr>
            <ns3:cad>0</ns3:cad>
          </ns3:TrackPointExtension>
        </extensions>
      </trkpt>
      <trkpt lat="31.278463415801525115966796875" lon="121.4768397621810436248779296875">
        <ele>7.400000095367431640625</ele>
        <time>2026-09-22T09:09:47.000Z</time>
        <extensions>
          <ns3:TrackPointExtension>
            <ns3:hr>151</ns3:hr>
            <ns3:cad>0</ns3:cad>
          </ns3:TrackPointExtension>
        </extensions>
      </trkpt>
      <trkpt lat="31.2784609012305736541748046875" lon="121.4768303744494915008544921875">
        <ele>7.400000095367431640625</ele>
        <time>2026-09-22T09:09:48.000Z</time>
        <extensions>
          <ns3:TrackPointExtension>
            <ns3:hr>149</ns3:hr>
            <ns3:cad>48</ns3:cad>
          </ns3:TrackPointExtension>
        </extensions>
      </trkpt>
      <trkpt lat="31.2784632481634616851806640625" lon="121.47683917544782161712646484375">
        <ele>7.400000095367431640625</ele>
        <time>2026-09-22T09:09:49.000Z</time>
        <extensions>
          <ns3:TrackPointExtension>
            <ns3:hr>147</ns3:hr>
            <ns3:cad>48</ns3:cad>
          </ns3:TrackPointExtension>
        </extensions>
      </trkpt>
      <trkpt lat="31.27845897339284420013427734375" lon="121.4768233336508274078369140625">
        <ele>7.400000095367431640625</ele>
        <time>2026-09-22T09:09:50.000Z</time>
        <extensions>
          <ns3:TrackPointExtension>
            <ns3:hr>146</ns3:hr>
            <ns3:cad>48</ns3:cad>
          </ns3:TrackPointExtension>
        </extensions>
      </trkpt>
      <trkpt lat="31.27845260314643383026123046875" lon="121.476803719997406005859375">
        <ele>7.80000019073486328125</ele>
        <time>2026-09-22T09:09:51.000Z</time>
        <extensions>
          <ns3:TrackPointExtension>
            <ns3:hr>146</ns3:hr>
            <ns3:cad>47</ns3:cad>
          </ns3:TrackPointExtension>
        </extensions>
      </trkpt>
      <trkpt lat="31.27844690345227718353271484375" lon="121.47678829729557037353515625">
        <ele>7.80000019073486328125</ele>
        <time>2026-09-22T09:09:52.000Z</time>
        <extensions>
          <ns3:TrackPointExtension>
            <ns3:hr>146</ns3:hr>
            <ns3:cad>0</ns3:cad>
          </ns3:TrackPointExtension>
        </extensions>
      </trkpt>
      <trkpt lat="31.2784421257674694061279296875" lon="121.47677547298371791839599609375">
        <ele>8</ele>
        <time>2026-09-22T09:09:53.000Z</time>
        <extensions>
          <ns3:TrackPointExtension>
            <ns3:hr>145</ns3:hr>
            <ns3:cad>0</ns3:cad>
          </ns3:TrackPointExtension>
        </extensions>
      </trkpt>
      <trkpt lat="31.27843952737748622894287109375" lon="121.47676843218505382537841796875">
        <ele>8</ele>
        <time>2026-09-22T09:09:54.000Z</time>
        <extensions>
          <ns3:TrackPointExtension>
            <ns3:hr>144</ns3:hr>
            <ns3:cad>50</ns3:cad>
          </ns3:TrackPointExtension>
        </extensions>
      </trkpt>
      <trkpt lat="31.27843617461621761322021484375" lon="121.4767603017389774322509765625">
        <ele>8.19999980926513671875</ele>
        <time>2026-09-22T09:09:55.000Z</time>
        <extensions>
          <ns3:TrackPointExtension>
            <ns3:hr>144</ns3:hr>
            <ns3:cad>50</ns3:cad>
          </ns3:TrackPointExtension>
        </extensions>
      </trkpt>
      <trkpt lat="31.27843399532139301300048828125" lon="121.47675585933029651641845703125">
        <ele>8.19999980926513671875</ele>
        <time>2026-09-22T09:09:56.000Z</time>
        <extensions>
          <ns3:TrackPointExtension>
            <ns3:hr>143</ns3:hr>
            <ns3:cad>49</ns3:cad>
          </ns3:TrackPointExtension>
        </extensions>
      </trkpt>
      <trkpt lat="31.27843081019818782806396484375" lon="121.47674915380775928497314453125">
        <ele>8.19999980926513671875</ele>
        <time>2026-09-22T09:09:57.000Z</time>
        <extensions>
          <ns3:TrackPointExtension>
            <ns3:hr>142</ns3:hr>
            <ns3:cad>49</ns3:cad>
          </ns3:TrackPointExtension>
        </extensions>
      </trkpt>
      <trkpt lat="31.27842611633241176605224609375" lon="121.476739346981048583984375">
        <ele>8.3999996185302734375</ele>
        <time>2026-09-22T09:09:58.000Z</time>
        <extensions>
          <ns3:TrackPointExtension>
            <ns3:hr>140</ns3:hr>
            <ns3:cad>47</ns3:cad>
          </ns3:TrackPointExtension>
        </extensions>
      </trkpt>
      <trkpt lat="31.27842494286596775054931640625" lon="121.476737000048160552978515625">
        <ele>8.3999996185302734375</ele>
        <time>2026-09-22T09:09:59.000Z</time>
        <extensions>
          <ns3:TrackPointExtension>
            <ns3:hr>138</ns3:hr>
            <ns3:cad>47</ns3:cad>
          </ns3:TrackPointExtension>
        </extensions>
      </trkpt>
      <trkpt lat="31.27842075191438198089599609375" lon="121.476728282868862152099609375">
        <ele>8.6000003814697265625</ele>
        <time>2026-09-22T09:10:00.000Z</time>
        <extensions>
          <ns3:TrackPointExtension>
            <ns3:hr>136</ns3:hr>
            <ns3:cad>48</ns3:cad>
          </ns3:TrackPointExtension>
        </extensions>
      </trkpt>
      <trkpt lat="31.27841806970536708831787109375" lon="121.47672258317470550537109375">
        <ele>8.6000003814697265625</ele>
        <time>2026-09-22T09:10:01.000Z</time>
        <extensions>
          <ns3:TrackPointExtension>
            <ns3:hr>134</ns3:hr>
            <ns3:cad>48</ns3:cad>
          </ns3:TrackPointExtension>
        </extensions>
      </trkpt>
      <trkpt lat="31.27841589041054248809814453125" lon="121.4767180569469928741455078125">
        <ele>8.6000003814697265625</ele>
        <time>2026-09-22T09:10:02.000Z</time>
        <extensions>
          <ns3:TrackPointExtension>
            <ns3:hr>133</ns3:hr>
            <ns3:cad>48</ns3:cad>
          </ns3:TrackPointExtension>
        </extensions>
      </trkpt>
      <trkpt lat="31.2784142978489398956298828125" lon="121.47671520709991455078125">
        <ele>8.6000003814697265625</ele>
        <time>2026-09-22T09:10:03.000Z</time>
        <extensions>
          <ns3:TrackPointExtension>
            <ns3:hr>132</ns3:hr>
            <ns3:cad>0</ns3:cad>
          </ns3:TrackPointExtension>
        </extensions>
      </trkpt>
      <trkpt lat="31.27841086126863956451416015625" lon="121.476709507405757904052734375">
        <ele>8.80000019073486328125</ele>
        <time>2026-09-22T09:10:04.000Z</time>
        <extensions>
          <ns3:TrackPointExtension>
            <ns3:hr>131</ns3:hr>
            <ns3:cad>0</ns3:cad>
          </ns3:TrackPointExtension>
        </extensions>
      </trkpt>
      <trkpt lat="31.27841119654476642608642578125" lon="121.4767100103199481964111328125">
        <ele>8.80000019073486328125</ele>
        <time>2026-09-22T09:10:05.000Z</time>
        <extensions>
          <ns3:TrackPointExtension>
            <ns3:hr>130</ns3:hr>
            <ns3:cad>0</ns3:cad>
          </ns3:TrackPointExtension>
        </extensions>
      </trkpt>
      <trkpt lat="31.27841345965862274169921875" lon="121.4767138659954071044921875">
        <ele>8.6000003814697265625</ele>
        <time>2026-09-22T09:10:06.000Z</time>
        <extensions>
          <ns3:TrackPointExtension>
            <ns3:hr>129</ns3:hr>
            <ns3:cad>0</ns3:cad>
          </ns3:TrackPointExtension>
        </extensions>
      </trkpt>
      <trkpt lat="31.27841354347765445709228515625" lon="121.4767140336334705352783203125">
        <ele>8.6000003814697265625</ele>
        <time>2026-09-22T09:10:07.000Z</time>
        <extensions>
          <ns3:TrackPointExtension>
            <ns3:hr>127</ns3:hr>
            <ns3:cad>0</ns3:cad>
          </ns3:TrackPointExtension>
        </extensions>
      </trkpt>
      <trkpt lat="31.2784122861921787261962890625" lon="121.47671193815767765045166015625">
        <ele>8.6000003814697265625</ele>
        <time>2026-09-22T09:10:08.000Z</time>
        <extensions>
          <ns3:TrackPointExtension>
            <ns3:hr>126</ns3:hr>
            <ns3:cad>0</ns3:cad>
          </ns3:TrackPointExtension>
        </extensions>
      </trkpt>
      <trkpt lat="31.27841002307832241058349609375" lon="121.4767079986631870269775390625">
        <ele>8.80000019073486328125</ele>
        <time>2026-09-22T09:10:09.000Z</time>
        <extensions>
          <ns3:TrackPointExtension>
            <ns3:hr>125</ns3:hr>
            <ns3:cad>0</ns3:cad>
          </ns3:TrackPointExtension>
        </extensions>
      </trkpt>
      <trkpt lat="31.27841136418282985687255859375" lon="121.47671026177704334259033203125">
        <ele>8.80000019073486328125</ele>
        <time>2026-09-22T09:10:10.000Z</time>
        <extensions>
          <ns3:TrackPointExtension>
            <ns3:hr>124</ns3:hr>
            <ns3:cad>0</ns3:cad>
          </ns3:TrackPointExtension>
        </extensions>
      </trkpt>
      <trkpt lat="31.27841337583959102630615234375" lon="121.4767136983573436737060546875">
        <ele>8.6000003814697265625</ele>
        <time>2026-09-22T09:10:11.000Z</time>
        <extensions>
          <ns3:TrackPointExtension>
            <ns3:hr>123</ns3:hr>
            <ns3:cad>0</ns3:cad>
          </ns3:TrackPointExtension>
        </extensions>
      </trkpt>
      <trkpt lat="31.2784142978489398956298828125" lon="121.47671512328088283538818359375">
        <ele>8.6000003814697265625</ele>
        <time>2026-09-22T09:10:12.000Z</time>
        <extensions>
          <ns3:TrackPointExtension>
            <ns3:hr>122</ns3:hr>
            <ns3:cad>0</ns3:cad>
          </ns3:TrackPointExtension>
        </extensions>
      </trkpt>
      <trkpt lat="31.27841371111571788787841796875" lon="121.47671428509056568145751953125">
        <ele>8.6000003814697265625</ele>
        <time>2026-09-22T09:10:13.000Z</time>
        <extensions>
          <ns3:TrackPointExtension>
            <ns3:hr>121</ns3:hr>
            <ns3:cad>0</ns3:cad>
          </ns3:TrackPointExtension>
        </extensions>
      </trkpt>
      <trkpt lat="31.27841521985828876495361328125" lon="121.4767167158424854278564453125">
        <ele>8.6000003814697265625</ele>
        <time>2026-09-22T09:10:14.000Z</time>
        <extensions>
          <ns3:TrackPointExtension>
            <ns3:hr>120</ns3:hr>
            <ns3:cad>0</ns3:cad>
          </ns3:TrackPointExtension>
        </extensions>
      </trkpt>
      <trkpt lat="31.27841521985828876495361328125" lon="121.4767167158424854278564453125">
        <ele>8.6000003814697265625</ele>
        <time>2026-09-22T09:10:15.000Z</time>
        <extensions>
          <ns3:TrackPointExtension>
            <ns3:hr>118</ns3:hr>
            <ns3:cad>0</ns3:cad>
          </ns3:TrackPointExtension>
        </extensions>
      </trkpt>
      <trkpt lat="31.27841521985828876495361328125" lon="121.4767167158424854278564453125">
        <ele>8.6000003814697265625</ele>
        <time>2026-09-22T09:10:16.000Z</time>
        <extensions>
          <ns3:TrackPointExtension>
            <ns3:hr>117</ns3:hr>
            <ns3:cad>0</ns3:cad>
          </ns3:TrackPointExtension>
        </extensions>
      </trkpt>
      <trkpt lat="31.27841521985828876495361328125" lon="121.4767167158424854278564453125">
        <ele>8.6000003814697265625</ele>
        <time>2026-09-22T09:10:17.000Z</time>
        <extensions>
          <ns3:TrackPointExtension>
            <ns3:hr>117</ns3:hr>
            <ns3:cad>0</ns3:cad>
          </ns3:TrackPointExtension>
        </extensions>
      </trkpt>
      <trkpt lat="31.27841521985828876495361328125" lon="121.4767167158424854278564453125">
        <ele>8.6000003814697265625</ele>
        <time>2026-09-22T09:10:18.000Z</time>
        <extensions>
          <ns3:TrackPointExtension>
            <ns3:hr>117</ns3:hr>
            <ns3:cad>0</ns3:cad>
          </ns3:TrackPointExtension>
        </extensions>
      </trkpt>
      <trkpt lat="31.27841521985828876495361328125" lon="121.4767167158424854278564453125">
        <ele>8.6000003814697265625</ele>
        <time>2026-09-22T09:10:19.000Z</time>
        <extensions>
          <ns3:TrackPointExtension>
            <ns3:hr>118</ns3:hr>
            <ns3:cad>0</ns3:cad>
          </ns3:TrackPointExtension>
        </extensions>
      </trkpt>
      <trkpt lat="31.27841521985828876495361328125" lon="121.4767167158424854278564453125">
        <ele>8.6000003814697265625</ele>
        <time>2026-09-22T09:10:20.000Z</time>
        <extensions>
          <ns3:TrackPointExtension>
            <ns3:hr>118</ns3:hr>
            <ns3:cad>0</ns3:cad>
          </ns3:TrackPointExtension>
        </extensions>
      </trkpt>
      <trkpt lat="31.27841521985828876495361328125" lon="121.4767167158424854278564453125">
        <ele>8.6000003814697265625</ele>
        <time>2026-09-22T09:10:21.000Z</time>
        <extensions>
          <ns3:TrackPointExtension>
            <ns3:hr>118</ns3:hr>
            <ns3:cad>0</ns3:cad>
          </ns3:TrackPointExtension>
        </extensions>
      </trkpt>
      <trkpt lat="31.27841521985828876495361328125" lon="121.4767167158424854278564453125">
        <ele>8.6000003814697265625</ele>
        <time>2026-09-22T09:10:22.000Z</time>
        <extensions>
          <ns3:TrackPointExtension>
            <ns3:hr>117</ns3:hr>
            <ns3:cad>0</ns3:cad>
          </ns3:TrackPointExtension>
        </extensions>
      </trkpt>
      <trkpt lat="31.27841521985828876495361328125" lon="121.4767167158424854278564453125">
        <ele>8.6000003814697265625</ele>
        <time>2026-09-22T09:10:23.000Z</time>
        <extensions>
          <ns3:TrackPointExtension>
            <ns3:hr>117</ns3:hr>
            <ns3:cad>0</ns3:cad>
          </ns3:TrackPointExtension>
        </extensions>
      </trkpt>
      <trkpt lat="31.27841521985828876495361328125" lon="121.4767167158424854278564453125">
        <ele>8.6000003814697265625</ele>
        <time>2026-09-22T09:10:24.000Z</time>
        <extensions>
          <ns3:TrackPointExtension>
            <ns3:hr>117</ns3:hr>
            <ns3:cad>0</ns3:cad>
          </ns3:TrackPointExtension>
        </extensions>
      </trkpt>
      <trkpt lat="31.27841521985828876495361328125" lon="121.4767167158424854278564453125">
        <ele>8.6000003814697265625</ele>
        <time>2026-09-22T09:10:25.000Z</time>
        <extensions>
          <ns3:TrackPointExtension>
            <ns3:hr>116</ns3:hr>
            <ns3:cad>0</ns3:cad>
          </ns3:TrackPointExtension>
        </extensions>
      </trkpt>
      <trkpt lat="31.27841521985828876495361328125" lon="121.4767167158424854278564453125">
        <ele>8.6000003814697265625</ele>
        <time>2026-09-22T09:10:26.000Z</time>
        <extensions>
          <ns3:TrackPointExtension>
            <ns3:hr>116</ns3:hr>
            <ns3:cad>0</ns3:cad>
          </ns3:TrackPointExtension>
        </extensions>
      </trkpt>
      <trkpt lat="31.27841521985828876495361328125" lon="121.4767167158424854278564453125">
        <ele>8.6000003814697265625</ele>
        <time>2026-09-22T09:10:27.000Z</time>
        <extensions>
          <ns3:TrackPointExtension>
            <ns3:hr>116</ns3:hr>
            <ns3:cad>79</ns3:cad>
          </ns3:TrackPointExtension>
        </extensions>
      </trkpt>
      <trkpt lat="31.27841521985828876495361328125" lon="121.4767167158424854278564453125">
        <ele>8.6000003814697265625</ele>
        <time>2026-09-22T09:10:28.000Z</time>
        <extensions>
          <ns3:TrackPointExtension>
            <ns3:hr>116</ns3:hr>
            <ns3:cad>79</ns3:cad>
          </ns3:TrackPointExtension>
        </extensions>
      </trkpt>
      <trkpt lat="31.27842276357114315032958984375" lon="121.47673239000141620635986328125">
        <ele>8.3999996185302734375</ele>
        <time>2026-09-22T09:10:29.000Z</time>
        <extensions>
          <ns3:TrackPointExtension>
            <ns3:hr>117</ns3:hr>
            <ns3:cad>79</ns3:cad>
          </ns3:TrackPointExtension>
        </extensions>
      </trkpt>
      <trkpt lat="31.27842544578015804290771484375" lon="121.47673808969557285308837890625">
        <ele>8.3999996185302734375</ele>
        <time>2026-09-22T09:10:30.000Z</time>
        <extensions>
          <ns3:TrackPointExtension>
            <ns3:hr>116</ns3:hr>
            <ns3:cad>79</ns3:cad>
          </ns3:TrackPointExtension>
        </extensions>
      </trkpt>
      <trkpt lat="31.27843030728399753570556640625" lon="121.47674814797937870025634765625">
        <ele>8.3999996185302734375</ele>
        <time>2026-09-22T09:10:31.000Z</time>
        <extensions>
          <ns3:TrackPointExtension>
            <ns3:hr>116</ns3:hr>
            <ns3:cad>0</ns3:cad>
          </ns3:TrackPointExtension>
        </extensions>
      </trkpt>
      <trkpt lat="31.27843550406396389007568359375" lon="121.4767589606344699859619140625">
        <ele>8.19999980926513671875</ele>
        <time>2026-09-22T09:10:32.000Z</time>
        <extensions>
          <ns3:TrackPointExtension>
            <ns3:hr>116</ns3:hr>
            <ns3:cad>0</ns3:cad>
          </ns3:TrackPointExtension>
        </extensions>
      </trkpt>
      <trkpt lat="31.2784422934055328369140625" lon="121.476775892078876495361328125">
        <ele>8</ele>
        <time>2026-09-22T09:10:33.000Z</time>
        <extensions>
          <ns3:TrackPointExtension>
            <ns3:hr>115</ns3:hr>
            <ns3:cad>0</ns3:cad>
          </ns3:TrackPointExtension>
        </extensions>
      </trkpt>
      <trkpt lat="31.27844505943357944488525390625" lon="121.47678335197269916534423828125">
        <ele>8</ele>
        <time>2026-09-22T09:10:34.000Z</time>
        <extensions>
          <ns3:TrackPointExtension>
            <ns3:hr>114</ns3:hr>
            <ns3:cad>0</ns3:cad>
          </ns3:TrackPointExtension>
        </extensions>
      </trkpt>
      <trkpt lat="31.27844640053808689117431640625" lon="121.47678695619106292724609375">
        <ele>7.80000019073486328125</ele>
        <time>2026-09-22T09:10:35.000Z</time>
        <extensions>
          <ns3:TrackPointExtension>
            <ns3:hr>113</ns3:hr>
            <ns3:cad>0</ns3:cad>
          </ns3:TrackPointExtension>
        </extensions>
      </trkpt>
      <trkpt lat="31.27844992093741893768310546875" lon="121.47679642774164676666259765625">
        <ele>7.80000019073486328125</ele>
        <time>2026-09-22T09:10:36.000Z</time>
        <extensions>
          <ns3:TrackPointExtension>
            <ns3:hr>113</ns3:hr>
            <ns3:cad>0</ns3:cad>
          </ns3:TrackPointExtension>
        </extensions>
      </trkpt>
      <trkpt lat="31.2784545309841632843017578125" lon="121.4768089167773723602294921875">
        <ele>7.599999904632568359375</ele>
        <time>2026-09-22T09:10:37.000Z</time>
        <extensions>
          <ns3:TrackPointExtension>
            <ns3:hr>111</ns3:hr>
            <ns3:cad>0</ns3:cad>
          </ns3:TrackPointExtension>
        </extensions>
      </trkpt>
      <trkpt lat="31.27846048213541507720947265625" lon="121.47682911716401576995849609375">
        <ele>7.400000095367431640625</ele>
        <time>2026-09-22T09:10:38.000Z</time>
        <extensions>
          <ns3:TrackPointExtension>
            <ns3:hr>110</ns3:hr>
            <ns3:cad>43</ns3:cad>
          </ns3:TrackPointExtension>
        </extensions>
      </trkpt>
      <trkpt lat="31.27846240997314453125" lon="121.476835906505584716796875">
        <ele>7.400000095367431640625</ele>
        <time>2026-09-22T09:10:39.000Z</time>
        <extensions>
          <ns3:TrackPointExtension>
            <ns3:hr>109</ns3:hr>
            <ns3:cad>45</ns3:cad>
          </ns3:TrackPointExtension>
        </extensions>
      </trkpt>
      <trkpt lat="31.27846433781087398529052734375" lon="121.47684319876134395599365234375">
        <ele>7.19999980926513671875</ele>
        <time>2026-09-22T09:10:40.000Z</time>
        <extensions>
          <ns3:TrackPointExtension>
            <ns3:hr>109</ns3:hr>
            <ns3:cad>46</ns3:cad>
          </ns3:TrackPointExtension>
        </extensions>
      </trkpt>
      <trkpt lat="31.27846685238182544708251953125" lon="121.4768525026738643646240234375">
        <ele>7.19999980926513671875</ele>
        <time>2026-09-22T09:10:41.000Z</time>
        <extensions>
          <ns3:TrackPointExtension>
            <ns3:hr>108</ns3:hr>
            <ns3:cad>46</ns3:cad>
          </ns3:TrackPointExtension>
        </extensions>
      </trkpt>
      <trkpt lat="31.2784691154956817626953125" lon="121.47686063311994075775146484375">
        <ele>7</ele>
        <time>2026-09-22T09:10:42.000Z</time>
        <extensions>
          <ns3:TrackPointExtension>
            <ns3:hr>107</ns3:hr>
            <ns3:cad>47</ns3:cad>
          </ns3:TrackPointExtension>
        </extensions>
      </trkpt>
      <trkpt lat="31.2784709595143795013427734375" lon="121.4768685959279537200927734375">
        <ele>7</ele>
        <time>2026-09-22T09:10:43.000Z</time>
        <extensions>
          <ns3:TrackPointExtension>
            <ns3:hr>105</ns3:hr>
            <ns3:cad>47</ns3:cad>
          </ns3:TrackPointExtension>
        </extensions>
      </trkpt>
      <trkpt lat="31.2784719653427600860595703125" lon="121.4768746308982372283935546875">
        <ele>7</ele>
        <time>2026-09-22T09:10:44.000Z</time>
        <extensions>
          <ns3:TrackPointExtension>
            <ns3:hr>104</ns3:hr>
            <ns3:cad>47</ns3:cad>
          </ns3:TrackPointExtension>
        </extensions>
      </trkpt>
      <trkpt lat="31.2784726358950138092041015625" lon="121.47687823511660099029541015625">
        <ele>7</ele>
        <time>2026-09-22T09:10:45.000Z</time>
        <extensions>
          <ns3:TrackPointExtension>
            <ns3:hr>103</ns3:hr>
            <ns3:cad>47</ns3:cad>
          </ns3:TrackPointExtension>
        </extensions>
      </trkpt>
      <trkpt lat="31.27847456373274326324462890625" lon="121.4768890477716922760009765625">
        <ele>7.19999980926513671875</ele>
        <time>2026-09-22T09:10:46.000Z</time>
        <extensions>
          <ns3:TrackPointExtension>
            <ns3:hr>103</ns3:hr>
            <ns3:cad>47</ns3:cad>
          </ns3:TrackPointExtension>
        </extensions>
      </trkpt>
      <trkpt lat="31.2784759886562824249267578125" lon="121.4768970943987369537353515625">
        <ele>7.19999980926513671875</ele>
        <time>2026-09-22T09:10:47.000Z</time>
        <extensions>
          <ns3:TrackPointExtension>
            <ns3:hr>103</ns3:hr>
            <ns3:cad>47</ns3:cad>
          </ns3:TrackPointExtension>
        </extensions>
      </trkpt>
      <trkpt lat="31.27847515046596527099609375" lon="121.47689231671392917633056640625">
        <ele>7.19999980926513671875</ele>
        <time>2026-09-22T09:10:48.000Z</time>
        <extensions>
          <ns3:TrackPointExtension>
            <ns3:hr>103</ns3:hr>
            <ns3:cad>0</ns3:cad>
          </ns3:TrackPointExtension>
        </extensions>
      </trkpt>
      <trkpt lat="31.27847456373274326324462890625" lon="121.47688888013362884521484375">
        <ele>7.19999980926513671875</ele>
        <time>2026-09-22T09:10:49.000Z</time>
        <extensions>
          <ns3:TrackPointExtension>
            <ns3:hr>103</ns3:hr>
            <ns3:cad>0</ns3:cad>
          </ns3:TrackPointExtension>
        </extensions>
      </trkpt>
      <trkpt lat="31.27847221679985523223876953125" lon="121.4768759720027446746826171875">
        <ele>7</ele>
        <time>2026-09-22T09:10:50.000Z</time>
        <extensions>
          <ns3:TrackPointExtension>
            <ns3:hr>103</ns3:hr>
            <ns3:cad>0</ns3:cad>
          </ns3:TrackPointExtension>
        </extensions>
      </trkpt>
      <trkpt lat="31.278470456600189208984375" lon="121.4768659137189388275146484375">
        <ele>7</ele>
        <time>2026-09-22T09:10:51.000Z</time>
        <extensions>
          <ns3:TrackPointExtension>
            <ns3:hr>103</ns3:hr>
            <ns3:cad>0</ns3:cad>
          </ns3:TrackPointExtension>
        </extensions>
      </trkpt>
      <trkpt lat="31.27846752293407917022705078125" lon="121.47685493342578411102294921875">
        <ele>7.19999980926513671875</ele>
        <time>2026-09-22T09:10:52.000Z</time>
        <extensions>
          <ns3:TrackPointExtension>
            <ns3:hr>103</ns3:hr>
            <ns3:cad>0</ns3:cad>
          </ns3:TrackPointExtension>
        </extensions>
      </trkpt>
      <trkpt lat="31.2784629128873348236083984375" lon="121.4768380858004093170166015625">
        <ele>7.400000095367431640625</ele>
        <time>2026-09-22T09:10:53.000Z</time>
        <extensions>
          <ns3:TrackPointExtension>
            <ns3:hr>103</ns3:hr>
            <ns3:cad>0</ns3:cad>
          </ns3:TrackPointExtension>
        </extensions>
      </trkpt>
      <trkpt lat="31.2784602306783199310302734375" lon="121.47682794369757175445556640625">
        <ele>7.400000095367431640625</ele>
        <time>2026-09-22T09:10:54.000Z</time>
        <extensions>
          <ns3:TrackPointExtension>
            <ns3:hr>102</ns3:hr>
            <ns3:cad>0</ns3:cad>
          </ns3:TrackPointExtension>
        </extensions>
      </trkpt>
      <trkpt lat="31.27845679409801959991455078125" lon="121.47681537084281444549560546875">
        <ele>7.599999904632568359375</ele>
        <time>2026-09-22T09:10:55.000Z</time>
        <extensions>
          <ns3:TrackPointExtension>
            <ns3:hr>102</ns3:hr>
            <ns3:cad>0</ns3:cad>
          </ns3:TrackPointExtension>
        </extensions>
      </trkpt>
      <trkpt lat="31.27845159731805324554443359375" lon="121.47680095396935939788818359375">
        <ele>7.80000019073486328125</ele>
        <time>2026-09-22T09:10:56.000Z</time>
        <extensions>
          <ns3:TrackPointExtension>
            <ns3:hr>102</ns3:hr>
            <ns3:cad>0</ns3:cad>
          </ns3:TrackPointExtension>
        </extensions>
      </trkpt>
      <trkpt lat="31.27844757400453090667724609375" lon="121.4767901413142681121826171875">
        <ele>7.80000019073486328125</ele>
        <time>2026-09-22T09:10:57.000Z</time>
        <extensions>
          <ns3:TrackPointExtension>
            <ns3:hr>101</ns3:hr>
            <ns3:cad>50</ns3:cad>
          </ns3:TrackPointExtension>
        </extensions>
      </trkpt>
      <trkpt lat="31.27844572998583316802978515625" lon="121.47678519599139690399169921875">
        <ele>8</ele>
        <time>2026-09-22T09:10:58.000Z</time>
        <extensions>
          <ns3:TrackPointExtension>
            <ns3:hr>101</ns3:hr>
            <ns3:cad>51</ns3:cad>
          </ns3:TrackPointExtension>
        </extensions>
      </trkpt>
      <trkpt lat="31.278442628681659698486328125" lon="121.4767767302691936492919921875">
        <ele>8</ele>
        <time>2026-09-22T09:10:59.000Z</time>
        <extensions>
          <ns3:TrackPointExtension>
            <ns3:hr>100</ns3:hr>
            <ns3:cad>51</ns3:cad>
          </ns3:TrackPointExtension>
        </extensions>
      </trkpt>
      <trkpt lat="31.2784401141107082366943359375" lon="121.4767700247466564178466796875">
        <ele>8</ele>
        <time>2026-09-22T09:11:00.000Z</time>
        <extensions>
          <ns3:TrackPointExtension>
            <ns3:hr>100</ns3:hr>
            <ns3:cad>51</ns3:cad>
          </ns3:TrackPointExtension>
        </extensions>
      </trkpt>
      <trkpt lat="31.2784367613494396209716796875" lon="121.4767616428434848785400390625">
        <ele>8.19999980926513671875</ele>
        <time>2026-09-22T09:11:01.000Z</time>
        <extensions>
          <ns3:TrackPointExtension>
            <ns3:hr>99</ns3:hr>
            <ns3:cad>51</ns3:cad>
          </ns3:TrackPointExtension>
        </extensions>
      </trkpt>
      <trkpt lat="31.278431899845600128173828125" lon="121.47675150074064731597900390625">
        <ele>8.19999980926513671875</ele>
        <time>2026-09-22T09:11:02.000Z</time>
        <extensions>
          <ns3:TrackPointExtension>
            <ns3:hr>98</ns3:hr>
            <ns3:cad>51</ns3:cad>
          </ns3:TrackPointExtension>
        </extensions>
      </trkpt>
      <trkpt lat="31.27842779271304607391357421875" lon="121.4767428673803806304931640625">
        <ele>8.3999996185302734375</ele>
        <time>2026-09-22T09:11:03.000Z</time>
        <extensions>
          <ns3:TrackPointExtension>
            <ns3:hr>98</ns3:hr>
            <ns3:cad>50</ns3:cad>
          </ns3:TrackPointExtension>
        </extensions>
      </trkpt>
      <trkpt lat="31.2784253619611263275146484375" lon="121.47673792205750942230224609375">
        <ele>8.3999996185302734375</ele>
        <time>2026-09-22T09:11:04.000Z</time>
        <extensions>
          <ns3:TrackPointExtension>
            <ns3:hr>98</ns3:hr>
            <ns3:cad>50</ns3:cad>
          </ns3:TrackPointExtension>
        </extensions>
      </trkpt>
      <trkpt lat="31.27842460758984088897705078125" lon="121.47673624567687511444091796875">
        <ele>8.3999996185302734375</ele>
        <time>2026-09-22T09:11:05.000Z</time>
        <extensions>
          <ns3:TrackPointExtension>
            <ns3:hr>97</ns3:hr>
            <ns3:cad>50</ns3:cad>
          </ns3:TrackPointExtension>
        </extensions>
      </trkpt>
      <trkpt lat="31.27842645160853862762451171875" lon="121.4767401851713657379150390625">
        <ele>8.3999996185302734375</ele>
        <time>2026-09-22T09:11:06.000Z</time>
        <extensions>
          <ns3:TrackPointExtension>
            <ns3:hr>97</ns3:hr>
            <ns3:cad>0</ns3:cad>
          </ns3:TrackPointExtension>
        </extensions>
      </trkpt>
      <trkpt lat="31.27842443995177745819091796875" lon="121.47673591040074825286865234375">
        <ele>8.3999996185302734375</ele>
        <time>2026-09-22T09:11:07.000Z</time>
        <extensions>
          <ns3:TrackPointExtension>
            <ns3:hr>97</ns3:hr>
            <ns3:cad>0</ns3:cad>
          </ns3:TrackPointExtension>
        </extensions>
      </trkpt>
      <trkpt lat="31.278425864875316619873046875" lon="121.47673892788589000701904296875">
        <ele>8.3999996185302734375</ele>
        <time>2026-09-22T09:11:08.000Z</time>
        <extensions>
          <ns3:TrackPointExtension>
            <ns3:hr>96</ns3:hr>
            <ns3:cad>49</ns3:cad>
          </ns3:TrackPointExtension>
        </extensions>
      </trkpt>
      <trkpt lat="31.27842485904693603515625" lon="121.47673674859106540679931640625">
        <ele>8.3999996185302734375</ele>
        <time>2026-09-22T09:11:09.000Z</time>
        <extensions>
          <ns3:TrackPointExtension>
            <ns3:hr>96</ns3:hr>
            <ns3:cad>49</ns3:cad>
          </ns3:TrackPointExtension>
        </extensions>
      </trkpt>
      <trkpt lat="31.2784119509160518646240234375" lon="121.47671126760542392730712890625">
        <ele>8.80000019073486328125</ele>
        <time>2026-09-22T09:11:10.000Z</time>
        <extensions>
          <ns3:TrackPointExtension>
            <ns3:hr>95</ns3:hr>
            <ns3:cad>0</ns3:cad>
          </ns3:TrackPointExtension>
        </extensions>
      </trkpt>
      <trkpt lat="31.2784119509160518646240234375" lon="121.47671126760542392730712890625">
        <ele>8.80000019073486328125</ele>
        <time>2026-09-22T09:11:11.000Z</time>
        <extensions>
          <ns3:TrackPointExtension>
            <ns3:hr>95</ns3:hr>
            <ns3:cad>0</ns3:cad>
          </ns3:TrackPointExtension>
        </extensions>
      </trkpt>
      <trkpt lat="31.27839736640453338623046875" lon="121.4766870439052581787109375">
        <ele>9</ele>
        <time>2026-09-22T09:11:12.000Z</time>
        <extensions>
          <ns3:TrackPointExtension>
            <ns3:hr>95</ns3:hr>
            <ns3:cad>0</ns3:cad>
          </ns3:TrackPointExtension>
        </extensions>
      </trkpt>
      <trkpt lat="31.278373897075653076171875" lon="121.47665259428322315216064453125">
        <ele>9.3999996185302734375</ele>
        <time>2026-09-22T09:11:13.000Z</time>
        <extensions>
          <ns3:TrackPointExtension>
            <ns3:hr>95</ns3:hr>
            <ns3:cad>0</ns3:cad>
          </ns3:TrackPointExtension>
        </extensions>
      </trkpt>
      <trkpt lat="31.27835084684193134307861328125" lon="121.47662342526018619537353515625">
        <ele>9.6000003814697265625</ele>
        <time>2026-09-22T09:11:14.000Z</time>
        <extensions>
          <ns3:TrackPointExtension>
            <ns3:hr>95</ns3:hr>
            <ns3:cad>0</ns3:cad>
          </ns3:TrackPointExtension>
        </extensions>
      </trkpt>
      <trkpt lat="31.27832067199051380157470703125" lon="121.47659107111394405364990234375">
        <ele>10</ele>
        <time>2026-09-22T09:11:15.000Z</time>
        <extensions>
          <ns3:TrackPointExtension>
            <ns3:hr>95</ns3:hr>
            <ns3:cad>92</ns3:cad>
          </ns3:TrackPointExtension>
        </extensions>
      </trkpt>
      <trkpt lat="31.27828764729201793670654296875" lon="121.47656156681478023529052734375">
        <ele>10.6000003814697265625</ele>
        <time>2026-09-22T09:11:16.000Z</time>
        <extensions>
          <ns3:TrackPointExtension>
            <ns3:hr>95</ns3:hr>
            <ns3:cad>92</ns3:cad>
          </ns3:TrackPointExtension>
        </extensions>
      </trkpt>
      <trkpt lat="31.2782483361661434173583984375" lon="121.4765333198010921478271484375">
        <ele>11.19999980926513671875</ele>
        <time>2026-09-22T09:11:17.000Z</time>
        <extensions>
          <ns3:TrackPointExtension>
            <ns3:hr>95</ns3:hr>
            <ns3:cad>92</ns3:cad>
          </ns3:TrackPointExtension>
        </extensions>
      </trkpt>
      <trkpt lat="31.27821422182023525238037109375" lon="121.476514041423797607421875">
        <ele>11.6000003814697265625</ele>
        <time>2026-09-22T09:11:18.000Z</time>
        <extensions>
          <ns3:TrackPointExtension>
            <ns3:hr>95</ns3:hr>
            <ns3:cad>93</ns3:cad>
          </ns3:TrackPointExtension>
        </extensions>
      </trkpt>
      <trkpt lat="31.27816963009536266326904296875" lon="121.4764914102852344512939453125">
        <ele>11.3999996185302734375</ele>
        <time>2026-09-22T09:11:19.000Z</time>
        <extensions>
          <ns3:TrackPointExtension>
            <ns3:hr>96</ns3:hr>
            <ns3:cad>93</ns3:cad>
          </ns3:TrackPointExtension>
        </extensions>
      </trkpt>
      <trkpt lat="31.27813459374010562896728515625" lon="121.4764739759266376495361328125">
        <ele>11.19999980926513671875</ele>
        <time>2026-09-22T09:11:20.000Z</time>
        <extensions>
          <ns3:TrackPointExtension>
            <ns3:hr>97</ns3:hr>
            <ns3:cad>93</ns3:cad>
          </ns3:TrackPointExtension>
        </extensions>
      </trkpt>
      <trkpt lat="31.27810240723192691802978515625" lon="121.476458050310611724853515625">
        <ele>11</ele>
        <time>2026-09-22T09:11:21.000Z</time>
        <extensions>
          <ns3:TrackPointExtension>
            <ns3:hr>98</ns3:hr>
            <ns3:cad>93</ns3:cad>
          </ns3:TrackPointExtension>
        </extensions>
      </trkpt>
      <trkpt lat="31.2780609168112277984619140625" lon="121.4764374308288097381591796875">
        <ele>10.6000003814697265625</ele>
        <time>2026-09-22T09:11:22.000Z</time>
        <extensions>
          <ns3:TrackPointExtension>
            <ns3:hr>99</ns3:hr>
            <ns3:cad>93</ns3:cad>
          </ns3:TrackPointExtension>
        </extensions>
      </trkpt>
      <trkpt lat="31.27803258597850799560546875" lon="121.4764233492314815521240234375">
        <ele>10.6000003814697265625</ele>
        <time>2026-09-22T09:11:23.000Z</time>
        <extensions>
          <ns3:TrackPointExtension>
            <ns3:hr>100</ns3:hr>
            <ns3:cad>93</ns3:cad>
          </ns3:TrackPointExtension>
        </extensions>
      </trkpt>
      <trkpt lat="31.27799511887133121490478515625" lon="121.47640474140644073486328125">
        <ele>10.3999996185302734375</ele>
        <time>2026-09-22T09:11:24.000Z</time>
        <extensions>
          <ns3:TrackPointExtension>
            <ns3:hr>102</ns3:hr>
            <ns3:cad>93</ns3:cad>
          </ns3:TrackPointExtension>
        </extensions>
      </trkpt>
      <trkpt lat="31.27795974723994731903076171875" lon="121.47638722322881221771240234375">
        <ele>10.3999996185302734375</ele>
        <time>2026-09-22T09:11:25.000Z</time>
        <extensions>
          <ns3:TrackPointExtension>
            <ns3:hr>103</ns3:hr>
            <ns3:cad>93</ns3:cad>
          </ns3:TrackPointExtension>
        </extensions>
      </trkpt>
      <trkpt lat="31.2779197655618190765380859375" lon="121.4763673581182956695556640625">
        <ele>10.3999996185302734375</ele>
        <time>2026-09-22T09:11:26.000Z</time>
        <extensions>
          <ns3:TrackPointExtension>
            <ns3:hr>104</ns3:hr>
            <ns3:cad>93</ns3:cad>
          </ns3:TrackPointExtension>
        </extensions>
      </trkpt>
      <trkpt lat="31.27789386548101902008056640625" lon="121.47635453380644321441650390625">
        <ele>10.3999996185302734375</ele>
        <time>2026-09-22T09:11:27.000Z</time>
        <extensions>
          <ns3:TrackPointExtension>
            <ns3:hr>105</ns3:hr>
            <ns3:cad>94</ns3:cad>
          </ns3:TrackPointExtension>
        </extensions>
      </trkpt>
      <trkpt lat="31.2778631038963794708251953125" lon="121.47633927874267101287841796875">
        <ele>10.3999996185302734375</ele>
        <time>2026-09-22T09:11:28.000Z</time>
        <extensions>
          <ns3:TrackPointExtension>
            <ns3:hr>106</ns3:hr>
            <ns3:cad>94</ns3:cad>
          </ns3:TrackPointExtension>
        </extensions>
      </trkpt>
      <trkpt lat="31.27782873809337615966796875" lon="121.47632217966020107269287109375">
        <ele>10.6000003814697265625</ele>
        <time>2026-09-22T09:11:29.000Z</time>
        <extensions>
          <ns3:TrackPointExtension>
            <ns3:hr>105</ns3:hr>
            <ns3:cad>94</ns3:cad>
          </ns3:TrackPointExtension>
        </extensions>
      </trkpt>
      <trkpt lat="31.2777953781187534332275390625" lon="121.47630558349192142486572265625">
        <ele>10.6000003814697265625</ele>
        <time>2026-09-22T09:11:30.000Z</time>
        <extensions>
          <ns3:TrackPointExtension>
            <ns3:hr>109</ns3:hr>
            <ns3:cad>93</ns3:cad>
          </ns3:TrackPointExtension>
        </extensions>
      </trkpt>
      <trkpt lat="31.2777608446776866912841796875" lon="121.47628848440945148468017578125">
        <ele>10.3999996185302734375</ele>
        <time>2026-09-22T09:11:31.000Z</time>
        <extensions>
          <ns3:TrackPointExtension>
            <ns3:hr>110</ns3:hr>
            <ns3:cad>93</ns3:cad>
          </ns3:TrackPointExtension>
        </extensions>
      </trkpt>
      <trkpt lat="31.27772991545498371124267578125" lon="121.4762739837169647216796875">
        <ele>10.3999996185302734375</ele>
        <time>2026-09-22T09:11:32.000Z</time>
        <extensions>
          <ns3:TrackPointExtension>
            <ns3:hr>113</ns3:hr>
            <ns3:cad>93</ns3:cad>
          </ns3:TrackPointExtension>
        </extensions>
      </trkpt>
      <trkpt lat="31.2776934541761875152587890625" lon="121.4762592315673828125">
        <ele>10.3999996185302734375</ele>
        <time>2026-09-22T09:11:33.000Z</time>
        <extensions>
          <ns3:TrackPointExtension>
            <ns3:hr>117</ns3:hr>
            <ns3:cad>93</ns3:cad>
          </ns3:TrackPointExtension>
        </extensions>
      </trkpt>
      <trkpt lat="31.27765481360256671905517578125" lon="121.47624774836003780364990234375">
        <ele>10.19999980926513671875</ele>
        <time>2026-09-22T09:11:34.000Z</time>
        <extensions>
          <ns3:TrackPointExtension>
            <ns3:hr>118</ns3:hr>
            <ns3:cad>93</ns3:cad>
          </ns3:TrackPointExtension>
        </extensions>
      </trkpt>
      <trkpt lat="31.2776139937341213226318359375" lon="121.47624070756137371063232421875">
        <ele>10.19999980926513671875</ele>
        <time>2026-09-22T09:11:35.000Z</time>
        <extensions>
          <ns3:TrackPointExtension>
            <ns3:hr>120</ns3:hr>
            <ns3:cad>93</ns3:cad>
          </ns3:TrackPointExtension>
        </extensions>
      </trkpt>
      <trkpt lat="31.2775734253227710723876953125" lon="121.4762379415333271026611328125">
        <ele>10</ele>
        <time>2026-09-22T09:11:36.000Z</time>
        <extensions>
          <ns3:TrackPointExtension>
            <ns3:hr>124</ns3:hr>
            <ns3:cad>93</ns3:cad>
          </ns3:TrackPointExtension>
        </extensions>
      </trkpt>
      <trkpt lat="31.27752908505499362945556640625" lon="121.4762396179139614105224609375">
        <ele>9.3999996185302734375</ele>
        <time>2026-09-22T09:11:37.000Z</time>
        <extensions>
          <ns3:TrackPointExtension>
            <ns3:hr>126</ns3:hr>
            <ns3:cad>93</ns3:cad>
          </ns3:TrackPointExtension>
        </extensions>
      </trkpt>
      <trkpt lat="31.27749455161392688751220703125" lon="121.47624456323683261871337890625">
        <ele>9</ele>
        <time>2026-09-22T09:11:38.000Z</time>
        <extensions>
          <ns3:TrackPointExtension>
            <ns3:hr>129</ns3:hr>
            <ns3:cad>93</ns3:cad>
          </ns3:TrackPointExtension>
        </extensions>
      </trkpt>
      <trkpt lat="31.27746823243796825408935546875" lon="121.47624992765486240386962890625">
        <ele>8.6000003814697265625</ele>
        <time>2026-09-22T09:11:39.000Z</time>
        <extensions>
          <ns3:TrackPointExtension>
            <ns3:hr>132</ns3:hr>
            <ns3:cad>93</ns3:cad>
          </ns3:TrackPointExtension>
        </extensions>
      </trkpt>
      <trkpt lat="31.2774282507598400115966796875" lon="121.476262249052524566650390625">
        <ele>8</ele>
        <time>2026-09-22T09:11:40.000Z</time>
        <extensions>
          <ns3:TrackPointExtension>
            <ns3:hr>135</ns3:hr>
            <ns3:cad>93</ns3:cad>
          </ns3:TrackPointExtension>
        </extensions>
      </trkpt>
      <trkpt lat="31.27740067429840564727783203125" lon="121.47627423517405986785888671875">
        <ele>7.599999904632568359375</ele>
        <time>2026-09-22T09:11:41.000Z</time>
        <extensions>
          <ns3:TrackPointExtension>
            <ns3:hr>137</ns3:hr>
            <ns3:cad>93</ns3:cad>
          </ns3:TrackPointExtension>
        </extensions>
      </trkpt>
      <trkpt lat="31.27736614085733890533447265625" lon="121.4762919209897518157958984375">
        <ele>7.19999980926513671875</ele>
        <time>2026-09-22T09:11:42.000Z</time>
        <extensions>
          <ns3:TrackPointExtension>
            <ns3:hr>139</ns3:hr>
            <ns3:cad>93</ns3:cad>
          </ns3:TrackPointExtension>
        </extensions>
      </trkpt>
      <trkpt lat="31.2773345410823822021484375" lon="121.47631161846220493316650390625">
        <ele>7.400000095367431640625</ele>
        <time>2026-09-22T09:11:43.000Z</time>
        <extensions>
          <ns3:TrackPointExtension>
            <ns3:hr>139</ns3:hr>
            <ns3:cad>93</ns3:cad>
          </ns3:TrackPointExtension>
        </extensions>
      </trkpt>
      <trkpt lat="31.2773077189922332763671875" lon="121.476331315934658050537109375">
        <ele>7.400000095367431640625</ele>
        <time>2026-09-22T09:11:44.000Z</time>
        <extensions>
          <ns3:TrackPointExtension>
            <ns3:hr>141</ns3:hr>
            <ns3:cad>93</ns3:cad>
          </ns3:TrackPointExtension>
        </extensions>
      </trkpt>
      <trkpt lat="31.27727846615016460418701171875" lon="121.47635738365352153778076171875">
        <ele>7.599999904632568359375</ele>
        <time>2026-09-22T09:11:45.000Z</time>
        <extensions>
          <ns3:TrackPointExtension>
            <ns3:hr>143</ns3:hr>
            <ns3:cad>93</ns3:cad>
          </ns3:TrackPointExtension>
        </extensions>
      </trkpt>
      <trkpt lat="31.27725717611610889434814453125" lon="121.476378925144672393798828125">
        <ele>7.599999904632568359375</ele>
        <time>2026-09-22T09:11:46.000Z</time>
        <extensions>
          <ns3:TrackPointExtension>
            <ns3:hr>145</ns3:hr>
            <ns3:cad>93</ns3:cad>
          </ns3:TrackPointExtension>
        </extensions>
      </trkpt>
      <trkpt lat="31.27722767181694507598876953125" lon="121.476413793861865997314453125">
        <ele>7.80000019073486328125</ele>
        <time>2026-09-22T09:11:47.000Z</time>
        <extensions>
          <ns3:TrackPointExtension>
            <ns3:hr>146</ns3:hr>
            <ns3:cad>93</ns3:cad>
          </ns3:TrackPointExtension>
        </extensions>
      </trkpt>
      <trkpt lat="31.2772012688219547271728515625" lon="121.47645109333097934722900390625">
        <ele>7.80000019073486328125</ele>
        <time>2026-09-22T09:11:48.000Z</time>
        <extensions>
          <ns3:TrackPointExtension>
            <ns3:hr>147</ns3:hr>
            <ns3:cad>93</ns3:cad>
          </ns3:TrackPointExtension>
        </extensions>
      </trkpt>
      <trkpt lat="31.27717503346502780914306640625" lon="121.47649702616035938262939453125">
        <ele>7.80000019073486328125</ele>
        <time>2026-09-22T09:11:49.000Z</time>
        <extensions>
          <ns3:TrackPointExtension>
            <ns3:hr>148</ns3:hr>
            <ns3:cad>93</ns3:cad>
          </ns3:TrackPointExtension>
        </extensions>
      </trkpt>
      <trkpt lat="31.27715374343097209930419921875" lon="121.476543880999088287353515625">
        <ele>7.80000019073486328125</ele>
        <time>2026-09-22T09:11:50.000Z</time>
        <extensions>
          <ns3:TrackPointExtension>
            <ns3:hr>148</ns3:hr>
            <ns3:cad>92</ns3:cad>
          </ns3:TrackPointExtension>
        </extensions>
      </trkpt>
      <trkpt lat="31.277135722339153289794921875" lon="121.4765958487987518310546875">
        <ele>7.80000019073486328125</ele>
        <time>2026-09-22T09:11:51.000Z</time>
        <extensions>
          <ns3:TrackPointExtension>
            <ns3:hr>149</ns3:hr>
            <ns3:cad>92</ns3:cad>
          </ns3:TrackPointExtension>
        </extensions>
      </trkpt>
      <trkpt lat="31.27712323330342769622802734375" lon="121.47664588876068592071533203125">
        <ele>7.599999904632568359375</ele>
        <time>2026-09-22T09:11:52.000Z</time>
        <extensions>
          <ns3:TrackPointExtension>
            <ns3:hr>149</ns3:hr>
            <ns3:cad>92</ns3:cad>
          </ns3:TrackPointExtension>
        </extensions>
      </trkpt>
      <trkpt lat="31.27711434848606586456298828125" lon="121.4767039753496646881103515625">
        <ele>7.19999980926513671875</ele>
        <time>2026-09-22T09:11:53.000Z</time>
        <extensions>
          <ns3:TrackPointExtension>
            <ns3:hr>150</ns3:hr>
            <ns3:cad>92</ns3:cad>
          </ns3:TrackPointExtension>
        </extensions>
      </trkpt>
      <trkpt lat="31.2771110795438289642333984375" lon="121.47674278356134891510009765625">
        <ele>7</ele>
        <time>2026-09-22T09:11:54.000Z</time>
        <extensions>
          <ns3:TrackPointExtension>
            <ns3:hr>151</ns3:hr>
            <ns3:cad>91</ns3:cad>
          </ns3:TrackPointExtension>
        </extensions>
      </trkpt>
      <trkpt lat="31.2771110795438289642333984375" lon="121.4767889678478240966796875">
        <ele>6.599999904632568359375</ele>
        <time>2026-09-22T09:11:55.000Z</time>
        <extensions>
          <ns3:TrackPointExtension>
            <ns3:hr>152</ns3:hr>
            <ns3:cad>91</ns3:cad>
          </ns3:TrackPointExtension>
        </extensions>
      </trkpt>
      <trkpt lat="31.2771147675812244415283203125" lon="121.47683925926685333251953125">
        <ele>6.19999980926513671875</ele>
        <time>2026-09-22T09:11:56.000Z</time>
        <extensions>
          <ns3:TrackPointExtension>
            <ns3:hr>153</ns3:hr>
            <ns3:cad>91</ns3:cad>
          </ns3:TrackPointExtension>
        </extensions>
      </trkpt>
      <trkpt lat="31.27712122164666652679443359375" lon="121.47688209079205989837646484375">
        <ele>6</ele>
        <time>2026-09-22T09:11:57.000Z</time>
        <extensions>
          <ns3:TrackPointExtension>
            <ns3:hr>153</ns3:hr>
            <ns3:cad>91</ns3:cad>
          </ns3:TrackPointExtension>
        </extensions>
      </trkpt>
      <trkpt lat="31.2771308608353137969970703125" lon="121.47692517377436161041259765625">
        <ele>6.19999980926513671875</ele>
        <time>2026-09-22T09:11:58.000Z</time>
        <extensions>
          <ns3:TrackPointExtension>
            <ns3:hr>153</ns3:hr>
            <ns3:cad>92</ns3:cad>
          </ns3:TrackPointExtension>
        </extensions>
      </trkpt>
      <trkpt lat="31.2771441042423248291015625" lon="121.47696943022310733795166015625">
        <ele>6.599999904632568359375</ele>
        <time>2026-09-22T09:11:59.000Z</time>
        <extensions>
          <ns3:TrackPointExtension>
            <ns3:hr>154</ns3:hr>
            <ns3:cad>92</ns3:cad>
          </ns3:TrackPointExtension>
        </extensions>
      </trkpt>
      <trkpt lat="31.27715927548706531524658203125" lon="121.47700932808220386505126953125">
        <ele>6.80000019073486328125</ele>
        <time>2026-09-22T09:12:00.000Z</time>
        <extensions>
          <ns3:TrackPointExtension>
            <ns3:hr>155</ns3:hr>
            <ns3:cad>92</ns3:cad>
          </ns3:TrackPointExtension>
        </extensions>
      </trkpt>
      <trkpt lat="31.27717453055083751678466796875" lon="121.4770412631332874298095703125">
        <ele>7</ele>
        <time>2026-09-22T09:12:01.000Z</time>
        <extensions>
          <ns3:TrackPointExtension>
            <ns3:hr>156</ns3:hr>
            <ns3:cad>92</ns3:cad>
          </ns3:TrackPointExtension>
        </extensions>
      </trkpt>
      <trkpt lat="31.27719783224165439605712890625" lon="121.4770825020968914031982421875">
        <ele>7.19999980926513671875</ele>
        <time>2026-09-22T09:12:02.000Z</time>
        <extensions>
          <ns3:TrackPointExtension>
            <ns3:hr>156</ns3:hr>
            <ns3:cad>92</ns3:cad>
          </ns3:TrackPointExtension>
        </extensions>
      </trkpt>
      <trkpt lat="31.27721576951444149017333984375" lon="121.477109491825103759765625">
        <ele>7.400000095367431640625</ele>
        <time>2026-09-22T09:12:03.000Z</time>
        <extensions>
          <ns3:TrackPointExtension>
            <ns3:hr>157</ns3:hr>
            <ns3:cad>92</ns3:cad>
          </ns3:TrackPointExtension>
        </extensions>
      </trkpt>
      <trkpt lat="31.2772448547184467315673828125" lon="121.4771468751132488250732421875">
        <ele>7.400000095367431640625</ele>
        <time>2026-09-22T09:12:04.000Z</time>
        <extensions>
          <ns3:TrackPointExtension>
            <ns3:hr>157</ns3:hr>
            <ns3:cad>93</ns3:cad>
          </ns3:TrackPointExtension>
        </extensions>
      </trkpt>
      <trkpt lat="31.27727293409407138824462890625" lon="121.47717730142176151275634765625">
        <ele>7.599999904632568359375</ele>
        <time>2026-09-22T09:12:05.000Z</time>
        <extensions>
          <ns3:TrackPointExtension>
            <ns3:hr>157</ns3:hr>
            <ns3:cad>93</ns3:cad>
          </ns3:TrackPointExtension>
        </extensions>
      </trkpt>
      <trkpt lat="31.277299337089061737060546875" lon="121.47720110602676868438720703125">
        <ele>7.80000019073486328125</ele>
        <time>2026-09-22T09:12:06.000Z</time>
        <extensions>
          <ns3:TrackPointExtension>
            <ns3:hr>158</ns3:hr>
            <ns3:cad>93</ns3:cad>
          </ns3:TrackPointExtension>
        </extensions>
      </trkpt>
      <trkpt lat="31.27733143977820873260498046875" lon="121.4772256650030612945556640625">
        <ele>8</ele>
        <time>2026-09-22T09:12:07.000Z</time>
        <extensions>
          <ns3:TrackPointExtension>
            <ns3:hr>158</ns3:hr>
            <ns3:cad>93</ns3:cad>
          </ns3:TrackPointExtension>
        </extensions>
      </trkpt>
      <trkpt lat="31.27735666930675506591796875" lon="121.4772422611713409423828125">
        <ele>8</ele>
        <time>2026-09-22T09:12:08.000Z</time>
        <extensions>
          <ns3:TrackPointExtension>
            <ns3:hr>158</ns3:hr>
            <ns3:cad>93</ns3:cad>
          </ns3:TrackPointExtension>
        </extensions>
      </trkpt>
      <trkpt lat="31.27739028073847293853759765625" lon="121.47726112045347690582275390625">
        <ele>8.19999980926513671875</ele>
        <time>2026-09-22T09:12:09.000Z</time>
        <extensions>
          <ns3:TrackPointExtension>
            <ns3:hr>158</ns3:hr>
            <ns3:cad>93</ns3:cad>
          </ns3:TrackPointExtension>
        </extensions>
      </trkpt>
      <trkpt lat="31.2774269096553325653076171875" lon="121.4772793091833591461181640625">
        <ele>8</ele>
        <time>2026-09-22T09:12:10.000Z</time>
        <extensions>
          <ns3:TrackPointExtension>
            <ns3:hr>159</ns3:hr>
            <ns3:cad>92</ns3:cad>
          </ns3:TrackPointExtension>
        </extensions>
      </trkpt>
      <trkpt lat="31.27745800651609897613525390625" lon="121.4772947318851947784423828125">
        <ele>8</ele>
        <time>2026-09-22T09:12:11.000Z</time>
        <extensions>
          <ns3:TrackPointExtension>
            <ns3:hr>159</ns3:hr>
            <ns3:cad>92</ns3:cad>
          </ns3:TrackPointExtension>
        </extensions>
      </trkpt>
      <trkpt lat="31.277487762272357940673828125" lon="121.47730956785380840301513671875">
        <ele>8</ele>
        <time>2026-09-22T09:12:12.000Z</time>
        <extensions>
          <ns3:TrackPointExtension>
            <ns3:hr>159</ns3:hr>
            <ns3:cad>92</ns3:cad>
          </ns3:TrackPointExtension>
        </extensions>
      </trkpt>
      <trkpt lat="31.2775204516947269439697265625" lon="121.477325744926929473876953125">
        <ele>7.80000019073486328125</ele>
        <time>2026-09-22T09:12:13.000Z</time>
        <extensions>
          <ns3:TrackPointExtension>
            <ns3:hr>159</ns3:hr>
            <ns3:cad>92</ns3:cad>
          </ns3:TrackPointExtension>
        </extensions>
      </trkpt>
      <trkpt lat="31.2775529734790325164794921875" lon="121.47734192200005054473876953125">
        <ele>7.80000019073486328125</ele>
        <time>2026-09-22T09:12:14.000Z</time>
        <extensions>
          <ns3:TrackPointExtension>
            <ns3:hr>160</ns3:hr>
            <ns3:cad>91</ns3:cad>
          </ns3:TrackPointExtension>
        </extensions>
      </trkpt>
      <trkpt lat="31.2775831483304500579833984375" lon="121.47735684178769588470458984375">
        <ele>7.80000019073486328125</ele>
        <time>2026-09-22T09:12:15.000Z</time>
        <extensions>
          <ns3:TrackPointExtension>
            <ns3:hr>160</ns3:hr>
            <ns3:cad>91</ns3:cad>
          </ns3:TrackPointExtension>
        </extensions>
      </trkpt>
      <trkpt lat="31.277605108916759490966796875" lon="121.47736773826181888580322265625">
        <ele>7.80000019073486328125</ele>
        <time>2026-09-22T09:12:16.000Z</time>
        <extensions>
          <ns3:TrackPointExtension>
            <ns3:hr>160</ns3:hr>
            <ns3:cad>91</ns3:cad>
          </ns3:TrackPointExtension>
        </extensions>
      </trkpt>
      <trkpt lat="31.2776361219584941864013671875" lon="121.47738316096365451812744140625">
        <ele>8</ele>
        <time>2026-09-22T09:12:17.000Z</time>
        <extensions>
          <ns3:TrackPointExtension>
            <ns3:hr>160</ns3:hr>
            <ns3:cad>92</ns3:cad>
          </ns3:TrackPointExtension>
        </extensions>
      </trkpt>
      <trkpt lat="31.27765883691608905792236328125" lon="121.47739447653293609619140625">
        <ele>8.19999980926513671875</ele>
        <time>2026-09-22T09:12:18.000Z</time>
        <extensions>
          <ns3:TrackPointExtension>
            <ns3:hr>161</ns3:hr>
            <ns3:cad>92</ns3:cad>
          </ns3:TrackPointExtension>
        </extensions>
      </trkpt>
      <trkpt lat="31.2776894308626651763916015625" lon="121.47740964777767658233642578125">
        <ele>8</ele>
        <time>2026-09-22T09:12:19.000Z</time>
        <extensions>
          <ns3:TrackPointExtension>
            <ns3:hr>161</ns3:hr>
            <ns3:cad>91</ns3:cad>
          </ns3:TrackPointExtension>
        </extensions>
      </trkpt>
      <trkpt lat="31.27771717496216297149658203125" lon="121.47742339409887790679931640625">
        <ele>8</ele>
        <time>2026-09-22T09:12:20.000Z</time>
        <extensions>
          <ns3:TrackPointExtension>
            <ns3:hr>161</ns3:hr>
            <ns3:cad>91</ns3:cad>
          </ns3:TrackPointExtension>
        </extensions>
      </trkpt>
      <trkpt lat="31.277754306793212890625" lon="121.47744183428585529327392578125">
        <ele>8</ele>
        <time>2026-09-22T09:12:21.000Z</time>
        <extensions>
          <ns3:TrackPointExtension>
            <ns3:hr>161</ns3:hr>
            <ns3:cad>91</ns3:cad>
          </ns3:TrackPointExtension>
        </extensions>
      </trkpt>
      <trkpt lat="31.27778741531074047088623046875" lon="121.47745826281607151031494140625">
        <ele>8</ele>
        <time>2026-09-22T09:12:22.000Z</time>
        <extensions>
          <ns3:TrackPointExtension>
            <ns3:hr>161</ns3:hr>
            <ns3:cad>91</ns3:cad>
          </ns3:TrackPointExtension>
        </extensions>
      </trkpt>
      <trkpt lat="31.2778208591043949127197265625" lon="121.47747485898435115814208984375">
        <ele>8</ele>
        <time>2026-09-22T09:12:23.000Z</time>
        <extensions>
          <ns3:TrackPointExtension>
            <ns3:hr>162</ns3:hr>
            <ns3:cad>92</ns3:cad>
          </ns3:TrackPointExtension>
        </extensions>
      </trkpt>
      <trkpt lat="31.27785664983093738555908203125" lon="121.47749237716197967529296875">
        <ele>8</ele>
        <time>2026-09-22T09:12:24.000Z</time>
        <extensions>
          <ns3:TrackPointExtension>
            <ns3:hr>162</ns3:hr>
            <ns3:cad>92</ns3:cad>
          </ns3:TrackPointExtension>
        </extensions>
      </trkpt>
      <trkpt lat="31.2778937816619873046875" lon="121.47750821895897388458251953125">
        <ele>8</ele>
        <time>2026-09-22T09:12:25.000Z</time>
        <extensions>
          <ns3:TrackPointExtension>
            <ns3:hr>162</ns3:hr>
            <ns3:cad>92</ns3:cad>
          </ns3:TrackPointExtension>
        </extensions>
      </trkpt>
      <trkpt lat="31.27793359570205211639404296875" lon="121.4775203727185726165771484375">
        <ele>8</ele>
        <time>2026-09-22T09:12:26.000Z</time>
        <extensions>
          <ns3:TrackPointExtension>
            <ns3:hr>162</ns3:hr>
            <ns3:cad>93</ns3:cad>
          </ns3:TrackPointExtension>
        </extensions>
      </trkpt>
      <trkpt lat="31.27797349356114864349365234375" lon="121.47752816788852214813232421875">
        <ele>8.19999980926513671875</ele>
        <time>2026-09-22T09:12:27.000Z</time>
        <extensions>
          <ns3:TrackPointExtension>
            <ns3:hr>163</ns3:hr>
            <ns3:cad>93</ns3:cad>
          </ns3:TrackPointExtension>
        </extensions>
      </trkpt>
      <trkpt lat="31.278012804687023162841796875" lon="121.47753185592591762542724609375">
        <ele>8.6000003814697265625</ele>
        <time>2026-09-22T09:12:28.000Z</time>
        <extensions>
          <ns3:TrackPointExtension>
            <ns3:hr>163</ns3:hr>
            <ns3:cad>93</ns3:cad>
          </ns3:TrackPointExtension>
        </extensions>
      </trkpt>
      <trkpt lat="31.2780471704900264739990234375" lon="121.4775319397449493408203125">
        <ele>8.80000019073486328125</ele>
        <time>2026-09-22T09:12:29.000Z</time>
        <extensions>
          <ns3:TrackPointExtension>
            <ns3:hr>163</ns3:hr>
            <ns3:cad>92</ns3:cad>
          </ns3:TrackPointExtension>
        </extensions>
      </trkpt>
      <trkpt lat="31.2780860625207424163818359375" lon="121.47752850316464900970458984375">
        <ele>9</ele>
        <time>2026-09-22T09:12:30.000Z</time>
        <extensions>
          <ns3:TrackPointExtension>
            <ns3:hr>164</ns3:hr>
            <ns3:cad>92</ns3:cad>
          </ns3:TrackPointExtension>
        </extensions>
      </trkpt>
      <trkpt lat="31.27812243998050689697265625" lon="121.47752179764211177825927734375">
        <ele>9</ele>
        <time>2026-09-22T09:12:31.000Z</time>
        <extensions>
          <ns3:TrackPointExtension>
            <ns3:hr>165</ns3:hr>
            <ns3:cad>92</ns3:cad>
          </ns3:TrackPointExtension>
        </extensions>
      </trkpt>
      <trkpt lat="31.27815730869770050048828125" lon="121.47751115262508392333984375">
        <ele>9</ele>
        <time>2026-09-22T09:12:32.000Z</time>
        <extensions>
          <ns3:TrackPointExtension>
            <ns3:hr>165</ns3:hr>
            <ns3:cad>92</ns3:cad>
          </ns3:TrackPointExtension>
        </extensions>
      </trkpt>
      <trkpt lat="31.27819075249135494232177734375" lon="121.47749799303710460662841796875">
        <ele>9.19999980926513671875</ele>
        <time>2026-09-22T09:12:33.000Z</time>
        <extensions>
          <ns3:TrackPointExtension>
            <ns3:hr>166</ns3:hr>
            <ns3:cad>92</ns3:cad>
          </ns3:TrackPointExtension>
        </extensions>
      </trkpt>
      <trkpt lat="31.2782235257327556610107421875" lon="121.4774818159639835357666015625">
        <ele>9.19999980926513671875</ele>
        <time>2026-09-22T09:12:34.000Z</time>
        <extensions>
          <ns3:TrackPointExtension>
            <ns3:hr>166</ns3:hr>
            <ns3:cad>92</ns3:cad>
          </ns3:TrackPointExtension>
        </extensions>
      </trkpt>
      <trkpt lat="31.27824674360454082489013671875" lon="121.4774684049189090728759765625">
        <ele>9.3999996185302734375</ele>
        <time>2026-09-22T09:12:35.000Z</time>
        <extensions>
          <ns3:TrackPointExtension>
            <ns3:hr>167</ns3:hr>
            <ns3:cad>92</ns3:cad>
          </ns3:TrackPointExtension>
        </extensions>
      </trkpt>
      <trkpt lat="31.278281025588512420654296875" lon="121.47744409739971160888671875">
        <ele>10</ele>
        <time>2026-09-22T09:12:36.000Z</time>
        <extensions>
          <ns3:TrackPointExtension>
            <ns3:hr>166</ns3:hr>
            <ns3:cad>92</ns3:cad>
          </ns3:TrackPointExtension>
        </extensions>
      </trkpt>
      <trkpt lat="31.27831145189702510833740234375" lon="121.47741819731891155242919921875">
        <ele>10.3999996185302734375</ele>
        <time>2026-09-22T09:12:37.000Z</time>
        <extensions>
          <ns3:TrackPointExtension>
            <ns3:hr>166</ns3:hr>
            <ns3:cad>92</ns3:cad>
          </ns3:TrackPointExtension>
        </extensions>
      </trkpt>
      <trkpt lat="31.278336346149444580078125" lon="121.477393805980682373046875">
        <ele>10.80000019073486328125</ele>
        <time>2026-09-22T09:12:38.000Z</time>
        <extensions>
          <ns3:TrackPointExtension>
            <ns3:hr>166</ns3:hr>
            <ns3:cad>91</ns3:cad>
          </ns3:TrackPointExtension>
        </extensions>
      </trkpt>
      <trkpt lat="31.27836174331605434417724609375" lon="121.47736522369086742401123046875">
        <ele>11.19999980926513671875</ele>
        <time>2026-09-22T09:12:39.000Z</time>
        <extensions>
          <ns3:TrackPointExtension>
            <ns3:hr>166</ns3:hr>
            <ns3:cad>91</ns3:cad>
          </ns3:TrackPointExtension>
        </extensions>
      </trkpt>
      <trkpt lat="31.27838336862623691558837890625" lon="121.47733538411557674407958984375">
        <ele>11.3999996185302734375</ele>
        <time>2026-09-22T09:12:40.000Z</time>
        <extensions>
          <ns3:TrackPointExtension>
            <ns3:hr>166</ns3:hr>
            <ns3:cad>91</ns3:cad>
          </ns3:TrackPointExtension>
        </extensions>
      </trkpt>
      <trkpt lat="31.2784005515277385711669921875" lon="121.47730889730155467987060546875">
        <ele>11.3999996185302734375</ele>
        <time>2026-09-22T09:12:41.000Z</time>
        <extensions>
          <ns3:TrackPointExtension>
            <ns3:hr>166</ns3:hr>
            <ns3:cad>91</ns3:cad>
          </ns3:TrackPointExtension>
        </extensions>
      </trkpt>
      <trkpt lat="31.2784246914088726043701171875" lon="121.47726480849087238311767578125">
        <ele>11</ele>
        <time>2026-09-22T09:12:42.000Z</time>
        <extensions>
          <ns3:TrackPointExtension>
            <ns3:hr>166</ns3:hr>
            <ns3:cad>91</ns3:cad>
          </ns3:TrackPointExtension>
        </extensions>
      </trkpt>
      <trkpt lat="31.27844086848199367523193359375" lon="121.47722943685948848724365234375">
        <ele>10.6000003814697265625</ele>
        <time>2026-09-22T09:12:43.000Z</time>
        <extensions>
          <ns3:TrackPointExtension>
            <ns3:hr>166</ns3:hr>
            <ns3:cad>91</ns3:cad>
          </ns3:TrackPointExtension>
        </extensions>
      </trkpt>
      <trkpt lat="31.27845746465027332305908203125" lon="121.47718367166817188262939453125">
        <ele>10.19999980926513671875</ele>
        <time>2026-09-22T09:12:44.000Z</time>
        <extensions>
          <ns3:TrackPointExtension>
            <ns3:hr>166</ns3:hr>
            <ns3:cad>92</ns3:cad>
          </ns3:TrackPointExtension>
        </extensions>
      </trkpt>
      <trkpt lat="31.2784716300666332244873046875" lon="121.4771294407546520233154296875">
        <ele>9.80000019073486328125</ele>
        <time>2026-09-22T09:12:45.000Z</time>
        <extensions>
          <ns3:TrackPointExtension>
            <ns3:hr>167</ns3:hr>
            <ns3:cad>92</ns3:cad>
          </ns3:TrackPointExtension>
        </extensions>
      </trkpt>
      <trkpt lat="31.278478838503360748291015625" lon="121.4770875312387943267822265625">
        <ele>9.3999996185302734375</ele>
        <time>2026-09-22T09:12:46.000Z</time>
        <extensions>
          <ns3:TrackPointExtension>
            <ns3:hr>167</ns3:hr>
            <ns3:cad>92</ns3:cad>
          </ns3:TrackPointExtension>
        </extensions>
      </trkpt>
      <trkpt lat="31.27848193980753421783447265625" lon="121.47705894894897937774658203125">
        <ele>9</ele>
        <time>2026-09-22T09:12:47.000Z</time>
        <extensions>
          <ns3:TrackPointExtension>
            <ns3:hr>168</ns3:hr>
            <ns3:cad>93</ns3:cad>
          </ns3:TrackPointExtension>
        </extensions>
      </trkpt>
      <trkpt lat="31.2784847058355808258056640625" lon="121.47701670415699481964111328125">
        <ele>8.6000003814697265625</ele>
        <time>2026-09-22T09:12:48.000Z</time>
        <extensions>
          <ns3:TrackPointExtension>
            <ns3:hr>167</ns3:hr>
            <ns3:cad>93</ns3:cad>
          </ns3:TrackPointExtension>
        </extensions>
      </trkpt>
      <trkpt lat="31.27848462201654911041259765625" lon="121.47697596810758113861083984375">
        <ele>8.19999980926513671875</ele>
        <time>2026-09-22T09:12:49.000Z</time>
        <extensions>
          <ns3:TrackPointExtension>
            <ns3:hr>169</ns3:hr>
            <ns3:cad>93</ns3:cad>
          </ns3:TrackPointExtension>
        </extensions>
      </trkpt>
      <trkpt lat="31.27848185598850250244140625" lon="121.47694093175232410430908203125">
        <ele>7.80000019073486328125</ele>
        <time>2026-09-22T09:12:50.000Z</time>
        <extensions>
          <ns3:TrackPointExtension>
            <ns3:hr>169</ns3:hr>
            <ns3:cad>93</ns3:cad>
          </ns3:TrackPointExtension>
        </extensions>
      </trkpt>
      <trkpt lat="31.278477497398853302001953125" lon="121.476905308663845062255859375">
        <ele>7.400000095367431640625</ele>
        <time>2026-09-22T09:12:51.000Z</time>
        <extensions>
          <ns3:TrackPointExtension>
            <ns3:hr>169</ns3:hr>
            <ns3:cad>93</ns3:cad>
          </ns3:TrackPointExtension>
        </extensions>
      </trkpt>
      <trkpt lat="31.27847171388566493988037109375" lon="121.47687287069857120513916015625">
        <ele>7</ele>
        <time>2026-09-22T09:12:52.000Z</time>
        <extensions>
          <ns3:TrackPointExtension>
            <ns3:hr>169</ns3:hr>
            <ns3:cad>93</ns3:cad>
          </ns3:TrackPointExtension>
        </extensions>
      </trkpt>
      <trkpt lat="31.27846685238182544708251953125" lon="121.476852335035800933837890625">
        <ele>7.19999980926513671875</ele>
        <time>2026-09-22T09:12:53.000Z</time>
        <extensions>
          <ns3:TrackPointExtension>
            <ns3:hr>169</ns3:hr>
            <ns3:cad>87</ns3:cad>
          </ns3:TrackPointExtension>
        </extensions>
      </trkpt>
      <trkpt lat="31.27846266143023967742919921875" lon="121.4768370799720287322998046875">
        <ele>7.400000095367431640625</ele>
        <time>2026-09-22T09:12:54.000Z</time>
        <extensions>
          <ns3:TrackPointExtension>
            <ns3:hr>169</ns3:hr>
            <ns3:cad>82</ns3:cad>
          </ns3:TrackPointExtension>
        </extensions>
      </trkpt>
      <trkpt lat="31.2784686125814914703369140625" lon="121.47685895673930644989013671875">
        <ele>7.19999980926513671875</ele>
        <time>2026-09-22T09:12:55.000Z</time>
        <extensions>
          <ns3:TrackPointExtension>
            <ns3:hr>169</ns3:hr>
            <ns3:cad>82</ns3:cad>
          </ns3:TrackPointExtension>
        </extensions>
      </trkpt>
      <trkpt lat="31.2784729711711406707763671875" lon="121.47688007913529872894287109375">
        <ele>7.19999980926513671875</ele>
        <time>2026-09-22T09:12:56.000Z</time>
        <extensions>
          <ns3:TrackPointExtension>
            <ns3:hr>169</ns3:hr>
            <ns3:cad>82</ns3:cad>
          </ns3:TrackPointExtension>
        </extensions>
      </trkpt>
      <trkpt lat="31.27847657538950443267822265625" lon="121.476900279521942138671875">
        <ele>7.400000095367431640625</ele>
        <time>2026-09-22T09:12:57.000Z</time>
        <extensions>
          <ns3:TrackPointExtension>
            <ns3:hr>169</ns3:hr>
            <ns3:cad>82</ns3:cad>
          </ns3:TrackPointExtension>
        </extensions>
      </trkpt>
      <trkpt lat="31.2784790061414241790771484375" lon="121.47691343910992145538330078125">
        <ele>7.400000095367431640625</ele>
        <time>2026-09-22T09:12:58.000Z</time>
        <extensions>
          <ns3:TrackPointExtension>
            <ns3:hr>168</ns3:hr>
            <ns3:cad>82</ns3:cad>
          </ns3:TrackPointExtension>
        </extensions>
      </trkpt>
      <trkpt lat="31.27848043106496334075927734375" lon="121.47692550905048847198486328125">
        <ele>7.599999904632568359375</ele>
        <time>2026-09-22T09:12:59.000Z</time>
        <extensions>
          <ns3:TrackPointExtension>
            <ns3:hr>168</ns3:hr>
            <ns3:cad>82</ns3:cad>
          </ns3:TrackPointExtension>
        </extensions>
      </trkpt>
      <trkpt lat="31.27848043106496334075927734375" lon="121.47692550905048847198486328125">
        <ele>7.599999904632568359375</ele>
        <time>2026-09-22T09:13:00.000Z</time>
        <extensions>
          <ns3:TrackPointExtension>
            <ns3:hr>168</ns3:hr>
            <ns3:cad>82</ns3:cad>
          </ns3:TrackPointExtension>
        </extensions>
      </trkpt>
      <trkpt lat="31.278482191264629364013671875" lon="121.47694512270390987396240234375">
        <ele>7.80000019073486328125</ele>
        <time>2026-09-22T09:13:01.000Z</time>
        <extensions>
          <ns3:TrackPointExtension>
            <ns3:hr>168</ns3:hr>
            <ns3:cad>0</ns3:cad>
          </ns3:TrackPointExtension>
        </extensions>
      </trkpt>
      <trkpt lat="31.27848294563591480255126953125" lon="121.47695300169289112091064453125">
        <ele>7.80000019073486328125</ele>
        <time>2026-09-22T09:13:02.000Z</time>
        <extensions>
          <ns3:TrackPointExtension>
            <ns3:hr>168</ns3:hr>
            <ns3:cad>0</ns3:cad>
          </ns3:TrackPointExtension>
        </extensions>
      </trkpt>
      <trkpt lat="31.278483867645263671875" lon="121.47696373052895069122314453125">
        <ele>8</ele>
        <time>2026-09-22T09:13:03.000Z</time>
        <extensions>
          <ns3:TrackPointExtension>
            <ns3:hr>167</ns3:hr>
            <ns3:cad>0</ns3:cad>
          </ns3:TrackPointExtension>
        </extensions>
      </trkpt>
      <trkpt lat="31.27848462201654911041259765625" lon="121.47698133252561092376708984375">
        <ele>8.19999980926513671875</ele>
        <time>2026-09-22T09:13:04.000Z</time>
        <extensions>
          <ns3:TrackPointExtension>
            <ns3:hr>167</ns3:hr>
            <ns3:cad>0</ns3:cad>
          </ns3:TrackPointExtension>
        </extensions>
      </trkpt>
      <trkpt lat="31.27848462201654911041259765625" lon="121.4769923128187656402587890625">
        <ele>8.3999996185302734375</ele>
        <time>2026-09-22T09:13:05.000Z</time>
        <extensions>
          <ns3:TrackPointExtension>
            <ns3:hr>166</ns3:hr>
            <ns3:cad>0</ns3:cad>
          </ns3:TrackPointExtension>
        </extensions>
      </trkpt>
      <trkpt lat="31.2784847058355808258056640625" lon="121.47699977271258831024169921875">
        <ele>8.3999996185302734375</ele>
        <time>2026-09-22T09:13:06.000Z</time>
        <extensions>
          <ns3:TrackPointExtension>
            <ns3:hr>165</ns3:hr>
            <ns3:cad>0</ns3:cad>
          </ns3:TrackPointExtension>
        </extensions>
      </trkpt>
      <trkpt lat="31.2784847058355808258056640625" lon="121.47701620124280452728271484375">
        <ele>8.6000003814697265625</ele>
        <time>2026-09-22T09:13:07.000Z</time>
        <extensions>
          <ns3:TrackPointExtension>
            <ns3:hr>165</ns3:hr>
            <ns3:cad>0</ns3:cad>
          </ns3:TrackPointExtension>
        </extensions>
      </trkpt>
      <trkpt lat="31.27848478965461254119873046875" lon="121.47702542133629322052001953125">
        <ele>8.6000003814697265625</ele>
        <time>2026-09-22T09:13:08.000Z</time>
        <extensions>
          <ns3:TrackPointExtension>
            <ns3:hr>165</ns3:hr>
            <ns3:cad>0</ns3:cad>
          </ns3:TrackPointExtension>
        </extensions>
      </trkpt>
      <trkpt lat="31.278483867645263671875" lon="121.47703615017235279083251953125">
        <ele>8.80000019073486328125</ele>
        <time>2026-09-22T09:13:09.000Z</time>
        <extensions>
          <ns3:TrackPointExtension>
            <ns3:hr>164</ns3:hr>
            <ns3:cad>0</ns3:cad>
          </ns3:TrackPointExtension>
        </extensions>
      </trkpt>
      <trkpt lat="31.27848261035978794097900390625" lon="121.47705123759806156158447265625">
        <ele>9</ele>
        <time>2026-09-22T09:13:10.000Z</time>
        <extensions>
          <ns3:TrackPointExtension>
            <ns3:hr>164</ns3:hr>
            <ns3:cad>51</ns3:cad>
          </ns3:TrackPointExtension>
        </extensions>
      </trkpt>
      <trkpt lat="31.27848193980753421783447265625" lon="121.477059535682201385498046875">
        <ele>9</ele>
        <time>2026-09-22T09:13:11.000Z</time>
        <extensions>
          <ns3:TrackPointExtension>
            <ns3:hr>164</ns3:hr>
            <ns3:cad>51</ns3:cad>
          </ns3:TrackPointExtension>
        </extensions>
      </trkpt>
      <trkpt lat="31.278480850160121917724609375" lon="121.477072276175022125244140625">
        <ele>9.19999980926513671875</ele>
        <time>2026-09-22T09:13:12.000Z</time>
        <extensions>
          <ns3:TrackPointExtension>
            <ns3:hr>164</ns3:hr>
            <ns3:cad>49</ns3:cad>
          </ns3:TrackPointExtension>
        </extensions>
      </trkpt>
      <trkpt lat="31.2784798443317413330078125" lon="121.47708174772560596466064453125">
        <ele>9.19999980926513671875</ele>
        <time>2026-09-22T09:13:13.000Z</time>
        <extensions>
          <ns3:TrackPointExtension>
            <ns3:hr>164</ns3:hr>
            <ns3:cad>49</ns3:cad>
          </ns3:TrackPointExtension>
        </extensions>
      </trkpt>
      <trkpt lat="31.27847624011337757110595703125" lon="121.47710236720740795135498046875">
        <ele>9.6000003814697265625</ele>
        <time>2026-09-22T09:13:14.000Z</time>
        <extensions>
          <ns3:TrackPointExtension>
            <ns3:hr>164</ns3:hr>
            <ns3:cad>49</ns3:cad>
          </ns3:TrackPointExtension>
        </extensions>
      </trkpt>
      <trkpt lat="31.278474815189838409423828125" lon="121.4771110005676746368408203125">
        <ele>9.6000003814697265625</ele>
        <time>2026-09-22T09:13:15.000Z</time>
        <extensions>
          <ns3:TrackPointExtension>
            <ns3:hr>164</ns3:hr>
            <ns3:cad>49</ns3:cad>
          </ns3:TrackPointExtension>
        </extensions>
      </trkpt>
      <trkpt lat="31.2784716300666332244873046875" lon="121.4771294407546520233154296875">
        <ele>9.80000019073486328125</ele>
        <time>2026-09-22T09:13:16.000Z</time>
        <extensions>
          <ns3:TrackPointExtension>
            <ns3:hr>164</ns3:hr>
            <ns3:cad>49</ns3:cad>
          </ns3:TrackPointExtension>
        </extensions>
      </trkpt>
      <trkpt lat="31.27847020514309406280517578125" lon="121.47713555954396724700927734375">
        <ele>9.80000019073486328125</ele>
        <time>2026-09-22T09:13:17.000Z</time>
        <extensions>
          <ns3:TrackPointExtension>
            <ns3:hr>164</ns3:hr>
            <ns3:cad>49</ns3:cad>
          </ns3:TrackPointExtension>
        </extensions>
      </trkpt>
      <trkpt lat="31.27846702001988887786865234375" lon="121.4771475456655025482177734375">
        <ele>10</ele>
        <time>2026-09-22T09:13:18.000Z</time>
        <extensions>
          <ns3:TrackPointExtension>
            <ns3:hr>165</ns3:hr>
            <ns3:cad>0</ns3:cad>
          </ns3:TrackPointExtension>
        </extensions>
      </trkpt>
      <trkpt lat="31.2784652598202228546142578125" lon="121.47715441882610321044921875">
        <ele>10</ele>
        <time>2026-09-22T09:13:19.000Z</time>
        <extensions>
          <ns3:TrackPointExtension>
            <ns3:hr>165</ns3:hr>
            <ns3:cad>0</ns3:cad>
          </ns3:TrackPointExtension>
        </extensions>
      </trkpt>
      <trkpt lat="31.27846240997314453125" lon="121.47716514766216278076171875">
        <ele>10</ele>
        <time>2026-09-22T09:13:20.000Z</time>
        <extensions>
          <ns3:TrackPointExtension>
            <ns3:hr>165</ns3:hr>
            <ns3:cad>0</ns3:cad>
          </ns3:TrackPointExtension>
        </extensions>
      </trkpt>
      <trkpt lat="31.2784585542976856231689453125" lon="121.47717989981174468994140625">
        <ele>10.19999980926513671875</ele>
        <time>2026-09-22T09:13:21.000Z</time>
        <extensions>
          <ns3:TrackPointExtension>
            <ns3:hr>164</ns3:hr>
            <ns3:cad>0</ns3:cad>
          </ns3:TrackPointExtension>
        </extensions>
      </trkpt>
      <trkpt lat="31.2784552015364170074462890625" lon="121.477189958095550537109375">
        <ele>10.3999996185302734375</ele>
        <time>2026-09-22T09:13:22.000Z</time>
        <extensions>
          <ns3:TrackPointExtension>
            <ns3:hr>164</ns3:hr>
            <ns3:cad>0</ns3:cad>
          </ns3:TrackPointExtension>
        </extensions>
      </trkpt>
      <trkpt lat="31.27845444716513156890869140625" lon="121.47719205357134342193603515625">
        <ele>10.3999996185302734375</ele>
        <time>2026-09-22T09:13:23.000Z</time>
        <extensions>
          <ns3:TrackPointExtension>
            <ns3:hr>164</ns3:hr>
            <ns3:cad>0</ns3:cad>
          </ns3:TrackPointExtension>
        </extensions>
      </trkpt>
      <trkpt lat="31.27845092676579952239990234375" lon="121.47720177657902240753173828125">
        <ele>10.3999996185302734375</ele>
        <time>2026-09-22T09:13:24.000Z</time>
        <extensions>
          <ns3:TrackPointExtension>
            <ns3:hr>163</ns3:hr>
            <ns3:cad>0</ns3:cad>
          </ns3:TrackPointExtension>
        </extensions>
      </trkpt>
      <trkpt lat="31.27844992093741893768310546875" lon="121.4772045426070690155029296875">
        <ele>10.3999996185302734375</ele>
        <time>2026-09-22T09:13:25.000Z</time>
        <extensions>
          <ns3:TrackPointExtension>
            <ns3:hr>162</ns3:hr>
            <ns3:cad>49</ns3:cad>
          </ns3:TrackPointExtension>
        </extensions>
      </trkpt>
      <trkpt lat="31.2784444727003574371337890625" lon="121.4772196300327777862548828125">
        <ele>10.6000003814697265625</ele>
        <time>2026-09-22T09:13:26.000Z</time>
        <extensions>
          <ns3:TrackPointExtension>
            <ns3:hr>161</ns3:hr>
            <ns3:cad>49</ns3:cad>
          </ns3:TrackPointExtension>
        </extensions>
      </trkpt>
      <trkpt lat="31.27844220958650112152099609375" lon="121.47722574882209300994873046875">
        <ele>10.6000003814697265625</ele>
        <time>2026-09-22T09:13:27.000Z</time>
        <extensions>
          <ns3:TrackPointExtension>
            <ns3:hr>160</ns3:hr>
            <ns3:cad>49</ns3:cad>
          </ns3:TrackPointExtension>
        </extensions>
      </trkpt>
      <trkpt lat="31.27843986265361309051513671875" lon="121.47723228670656681060791015625">
        <ele>10.80000019073486328125</ele>
        <time>2026-09-22T09:13:28.000Z</time>
        <extensions>
          <ns3:TrackPointExtension>
            <ns3:hr>159</ns3:hr>
            <ns3:cad>50</ns3:cad>
          </ns3:TrackPointExtension>
        </extensions>
      </trkpt>
      <trkpt lat="31.2784350849688053131103515625" lon="121.47724251262843608856201171875">
        <ele>10.80000019073486328125</ele>
        <time>2026-09-22T09:13:29.000Z</time>
        <extensions>
          <ns3:TrackPointExtension>
            <ns3:hr>158</ns3:hr>
            <ns3:cad>50</ns3:cad>
          </ns3:TrackPointExtension>
        </extensions>
      </trkpt>
      <trkpt lat="31.27842930145561695098876953125" lon="121.47725491784512996673583984375">
        <ele>11</ele>
        <time>2026-09-22T09:13:30.000Z</time>
        <extensions>
          <ns3:TrackPointExtension>
            <ns3:hr>158</ns3:hr>
            <ns3:cad>50</ns3:cad>
          </ns3:TrackPointExtension>
        </extensions>
      </trkpt>
      <trkpt lat="31.27842284739017486572265625" lon="121.477268747985363006591796875">
        <ele>11</ele>
        <time>2026-09-22T09:13:31.000Z</time>
        <extensions>
          <ns3:TrackPointExtension>
            <ns3:hr>157</ns3:hr>
            <ns3:cad>50</ns3:cad>
          </ns3:TrackPointExtension>
        </extensions>
      </trkpt>
      <trkpt lat="31.2784196622669696807861328125" lon="121.47727536968886852264404296875">
        <ele>11.19999980926513671875</ele>
        <time>2026-09-22T09:13:32.000Z</time>
        <extensions>
          <ns3:TrackPointExtension>
            <ns3:hr>157</ns3:hr>
            <ns3:cad>50</ns3:cad>
          </ns3:TrackPointExtension>
        </extensions>
      </trkpt>
      <trkpt lat="31.27841555513441562652587890625" lon="121.47728341631591320037841796875">
        <ele>11.19999980926513671875</ele>
        <time>2026-09-22T09:13:33.000Z</time>
        <extensions>
          <ns3:TrackPointExtension>
            <ns3:hr>156</ns3:hr>
            <ns3:cad>50</ns3:cad>
          </ns3:TrackPointExtension>
        </extensions>
      </trkpt>
      <trkpt lat="31.278415136039257049560546875" lon="121.47728408686816692352294921875">
        <ele>11.19999980926513671875</ele>
        <time>2026-09-22T09:13:34.000Z</time>
        <extensions>
          <ns3:TrackPointExtension>
            <ns3:hr>155</ns3:hr>
            <ns3:cad>50</ns3:cad>
          </ns3:TrackPointExtension>
        </extensions>
      </trkpt>
      <trkpt lat="31.27841237001121044158935546875" lon="121.477288864552974700927734375">
        <ele>11.19999980926513671875</ele>
        <time>2026-09-22T09:13:35.000Z</time>
        <extensions>
          <ns3:TrackPointExtension>
            <ns3:hr>155</ns3:hr>
            <ns3:cad>0</ns3:cad>
          </ns3:TrackPointExtension>
        </extensions>
      </trkpt>
      <trkpt lat="31.27840650267899036407470703125" lon="121.47729867137968540191650390625">
        <ele>11.3999996185302734375</ele>
        <time>2026-09-22T09:13:36.000Z</time>
        <extensions>
          <ns3:TrackPointExtension>
            <ns3:hr>155</ns3:hr>
            <ns3:cad>0</ns3:cad>
          </ns3:TrackPointExtension>
        </extensions>
      </trkpt>
      <trkpt lat="31.27840004861354827880859375" lon="121.47730973549187183380126953125">
        <ele>11.3999996185302734375</ele>
        <time>2026-09-22T09:13:37.000Z</time>
        <extensions>
          <ns3:TrackPointExtension>
            <ns3:hr>154</ns3:hr>
            <ns3:cad>0</ns3:cad>
          </ns3:TrackPointExtension>
        </extensions>
      </trkpt>
      <trkpt lat="31.27839468419551849365234375" lon="121.47731878794729709625244140625">
        <ele>11.3999996185302734375</ele>
        <time>2026-09-22T09:13:38.000Z</time>
        <extensions>
          <ns3:TrackPointExtension>
            <ns3:hr>153</ns3:hr>
            <ns3:cad>0</ns3:cad>
          </ns3:TrackPointExtension>
        </extensions>
      </trkpt>
      <trkpt lat="31.2783878110349178314208984375" lon="121.47732934914529323577880859375">
        <ele>11.6000003814697265625</ele>
        <time>2026-09-22T09:13:39.000Z</time>
        <extensions>
          <ns3:TrackPointExtension>
            <ns3:hr>151</ns3:hr>
            <ns3:cad>0</ns3:cad>
          </ns3:TrackPointExtension>
        </extensions>
      </trkpt>
      <trkpt lat="31.278372891247272491455078125" lon="121.47734980098903179168701171875">
        <ele>11.19999980926513671875</ele>
        <time>2026-09-22T09:13:40.000Z</time>
        <extensions>
          <ns3:TrackPointExtension>
            <ns3:hr>150</ns3:hr>
            <ns3:cad>0</ns3:cad>
          </ns3:TrackPointExtension>
        </extensions>
      </trkpt>
      <trkpt lat="31.27836341969668865203857421875" lon="121.4773627929389476776123046875">
        <ele>11.19999980926513671875</ele>
        <time>2026-09-22T09:13:41.000Z</time>
        <extensions>
          <ns3:TrackPointExtension>
            <ns3:hr>148</ns3:hr>
            <ns3:cad>48</ns3:cad>
          </ns3:TrackPointExtension>
        </extensions>
      </trkpt>
      <trkpt lat="31.278354115784168243408203125" lon="121.47737377323210239410400390625">
        <ele>11</ele>
        <time>2026-09-22T09:13:42.000Z</time>
        <extensions>
          <ns3:TrackPointExtension>
            <ns3:hr>148</ns3:hr>
            <ns3:cad>48</ns3:cad>
          </ns3:TrackPointExtension>
        </extensions>
      </trkpt>
      <trkpt lat="31.2783324904739856719970703125" lon="121.47739808075129985809326171875">
        <ele>10.80000019073486328125</ele>
        <time>2026-09-22T09:13:43.000Z</time>
        <extensions>
          <ns3:TrackPointExtension>
            <ns3:hr>147</ns3:hr>
            <ns3:cad>48</ns3:cad>
          </ns3:TrackPointExtension>
        </extensions>
      </trkpt>
      <trkpt lat="31.27831798978149890899658203125" lon="121.477412246167659759521484375">
        <ele>10.3999996185302734375</ele>
        <time>2026-09-22T09:13:44.000Z</time>
        <extensions>
          <ns3:TrackPointExtension>
            <ns3:hr>147</ns3:hr>
            <ns3:cad>49</ns3:cad>
          </ns3:TrackPointExtension>
        </extensions>
      </trkpt>
      <trkpt lat="31.2783100269734859466552734375" lon="121.47741953842341899871826171875">
        <ele>10.3999996185302734375</ele>
        <time>2026-09-22T09:13:45.000Z</time>
        <extensions>
          <ns3:TrackPointExtension>
            <ns3:hr>146</ns3:hr>
            <ns3:cad>51</ns3:cad>
          </ns3:TrackPointExtension>
        </extensions>
      </trkpt>
      <trkpt lat="31.2783026508986949920654296875" lon="121.47742624394595623016357421875">
        <ele>10.19999980926513671875</ele>
        <time>2026-09-22T09:13:46.000Z</time>
        <extensions>
          <ns3:TrackPointExtension>
            <ns3:hr>144</ns3:hr>
            <ns3:cad>51</ns3:cad>
          </ns3:TrackPointExtension>
        </extensions>
      </trkpt>
      <trkpt lat="31.27829653210937976837158203125" lon="121.4774318598210811614990234375">
        <ele>10.19999980926513671875</ele>
        <time>2026-09-22T09:13:47.000Z</time>
        <extensions>
          <ns3:TrackPointExtension>
            <ns3:hr>143</ns3:hr>
            <ns3:cad>51</ns3:cad>
          </ns3:TrackPointExtension>
        </extensions>
      </trkpt>
      <trkpt lat="31.27828471362590789794921875" lon="121.47744141519069671630859375">
        <ele>10</ele>
        <time>2026-09-22T09:13:48.000Z</time>
        <extensions>
          <ns3:TrackPointExtension>
            <ns3:hr>141</ns3:hr>
            <ns3:cad>51</ns3:cad>
          </ns3:TrackPointExtension>
        </extensions>
      </trkpt>
      <trkpt lat="31.2782764993607997894287109375" lon="121.477447450160980224609375">
        <ele>9.80000019073486328125</ele>
        <time>2026-09-22T09:13:49.000Z</time>
        <extensions>
          <ns3:TrackPointExtension>
            <ns3:hr>139</ns3:hr>
            <ns3:cad>47</ns3:cad>
          </ns3:TrackPointExtension>
        </extensions>
      </trkpt>
      <trkpt lat="31.27827457152307033538818359375" lon="121.47744887508451938629150390625">
        <ele>9.80000019073486328125</ele>
        <time>2026-09-22T09:13:50.000Z</time>
        <extensions>
          <ns3:TrackPointExtension>
            <ns3:hr>136</ns3:hr>
            <ns3:cad>47</ns3:cad>
          </ns3:TrackPointExtension>
        </extensions>
      </trkpt>
      <trkpt lat="31.27826451323926448822021484375" lon="121.47745625115931034088134765625">
        <ele>9.6000003814697265625</ele>
        <time>2026-09-22T09:13:51.000Z</time>
        <extensions>
          <ns3:TrackPointExtension>
            <ns3:hr>134</ns3:hr>
            <ns3:cad>47</ns3:cad>
          </ns3:TrackPointExtension>
        </extensions>
      </trkpt>
      <trkpt lat="31.278252862393856048583984375" lon="121.4774648845195770263671875">
        <ele>9.3999996185302734375</ele>
        <time>2026-09-22T09:13:52.000Z</time>
        <extensions>
          <ns3:TrackPointExtension>
            <ns3:hr>132</ns3:hr>
            <ns3:cad>48</ns3:cad>
          </ns3:TrackPointExtension>
        </extensions>
      </trkpt>
      <trkpt lat="31.27822997979819774627685546875" lon="121.4774781279265880584716796875">
        <ele>9.19999980926513671875</ele>
        <time>2026-09-22T09:13:53.000Z</time>
        <extensions>
          <ns3:TrackPointExtension>
            <ns3:hr>131</ns3:hr>
            <ns3:cad>49</ns3:cad>
          </ns3:TrackPointExtension>
        </extensions>
      </trkpt>
      <trkpt lat="31.27821807749569416046142578125" lon="121.477485001087188720703125">
        <ele>9.19999980926513671875</ele>
        <time>2026-09-22T09:13:54.000Z</time>
        <extensions>
          <ns3:TrackPointExtension>
            <ns3:hr>129</ns3:hr>
            <ns3:cad>49</ns3:cad>
          </ns3:TrackPointExtension>
        </extensions>
      </trkpt>
      <trkpt lat="31.2782037444412708282470703125" lon="121.47749229334294795989990234375">
        <ele>9.19999980926513671875</ele>
        <time>2026-09-22T09:13:55.000Z</time>
        <extensions>
          <ns3:TrackPointExtension>
            <ns3:hr>128</ns3:hr>
            <ns3:cad>49</ns3:cad>
          </ns3:TrackPointExtension>
        </extensions>
      </trkpt>
      <trkpt lat="31.278197877109050750732421875" lon="121.47749480791389942169189453125">
        <ele>9.19999980926513671875</ele>
        <time>2026-09-22T09:13:56.000Z</time>
        <extensions>
          <ns3:TrackPointExtension>
            <ns3:hr>126</ns3:hr>
            <ns3:cad>49</ns3:cad>
          </ns3:TrackPointExtension>
        </extensions>
      </trkpt>
      <trkpt lat="31.27819108776748180389404296875" lon="121.47749782539904117584228515625">
        <ele>9.19999980926513671875</ele>
        <time>2026-09-22T09:13:57.000Z</time>
        <extensions>
          <ns3:TrackPointExtension>
            <ns3:hr>124</ns3:hr>
            <ns3:cad>49</ns3:cad>
          </ns3:TrackPointExtension>
        </extensions>
      </trkpt>
      <trkpt lat="31.2781901657581329345703125" lon="121.4774982444941997528076171875">
        <ele>9.19999980926513671875</ele>
        <time>2026-09-22T09:13:58.000Z</time>
        <extensions>
          <ns3:TrackPointExtension>
            <ns3:hr>123</ns3:hr>
            <ns3:cad>50</ns3:cad>
          </ns3:TrackPointExtension>
        </extensions>
      </trkpt>
      <trkpt lat="31.27818815410137176513671875" lon="121.47749908268451690673828125">
        <ele>9.19999980926513671875</ele>
        <time>2026-09-22T09:13:59.000Z</time>
        <extensions>
          <ns3:TrackPointExtension>
            <ns3:hr>122</ns3:hr>
            <ns3:cad>50</ns3:cad>
          </ns3:TrackPointExtension>
        </extensions>
      </trkpt>
      <trkpt lat="31.2781812809407711029052734375" lon="121.477502100169658660888671875">
        <ele>9.19999980926513671875</ele>
        <time>2026-09-22T09:14:00.000Z</time>
        <extensions>
          <ns3:TrackPointExtension>
            <ns3:hr>121</ns3:hr>
            <ns3:cad>0</ns3:cad>
          </ns3:TrackPointExtension>
        </extensions>
      </trkpt>
      <trkpt lat="31.2781792692840099334716796875" lon="121.47750302217900753021240234375">
        <ele>9.19999980926513671875</ele>
        <time>2026-09-22T09:14:01.000Z</time>
        <extensions>
          <ns3:TrackPointExtension>
            <ns3:hr>120</ns3:hr>
            <ns3:cad>0</ns3:cad>
          </ns3:TrackPointExtension>
        </extensions>
      </trkpt>
      <trkpt lat="31.2781775929033756256103515625" lon="121.47750369273126125335693359375">
        <ele>9.19999980926513671875</ele>
        <time>2026-09-22T09:14:02.000Z</time>
        <extensions>
          <ns3:TrackPointExtension>
            <ns3:hr>119</ns3:hr>
            <ns3:cad>0</ns3:cad>
          </ns3:TrackPointExtension>
        </extensions>
      </trkpt>
      <trkpt lat="31.27817465923726558685302734375" lon="121.47750503383576869964599609375">
        <ele>9.19999980926513671875</ele>
        <time>2026-09-22T09:14:03.000Z</time>
        <extensions>
          <ns3:TrackPointExtension>
            <ns3:hr>118</ns3:hr>
            <ns3:cad>0</ns3:cad>
          </ns3:TrackPointExtension>
        </extensions>
      </trkpt>
      <trkpt lat="31.278172396123409271240234375" lon="121.47750603966414928436279296875">
        <ele>9.19999980926513671875</ele>
        <time>2026-09-22T09:14:04.000Z</time>
        <extensions>
          <ns3:TrackPointExtension>
            <ns3:hr>117</ns3:hr>
            <ns3:cad>0</ns3:cad>
          </ns3:TrackPointExtension>
        </extensions>
      </trkpt>
      <trkpt lat="31.2781685404479503631591796875" lon="121.47750771604478359222412109375">
        <ele>9.19999980926513671875</ele>
        <time>2026-09-22T09:14:05.000Z</time>
        <extensions>
          <ns3:TrackPointExtension>
            <ns3:hr>115</ns3:hr>
            <ns3:cad>0</ns3:cad>
          </ns3:TrackPointExtension>
        </extensions>
      </trkpt>
      <trkpt lat="31.27816443331539630889892578125" lon="121.4775089733302593231201171875">
        <ele>9.19999980926513671875</ele>
        <time>2026-09-22T09:14:06.000Z</time>
        <extensions>
          <ns3:TrackPointExtension>
            <ns3:hr>115</ns3:hr>
            <ns3:cad>43</ns3:cad>
          </ns3:TrackPointExtension>
        </extensions>
      </trkpt>
      <trkpt lat="31.27815169282257556915283203125" lon="121.47751291282474994659423828125">
        <ele>9</ele>
        <time>2026-09-22T09:14:07.000Z</time>
        <extensions>
          <ns3:TrackPointExtension>
            <ns3:hr>114</ns3:hr>
            <ns3:cad>43</ns3:cad>
          </ns3:TrackPointExtension>
        </extensions>
      </trkpt>
      <trkpt lat="31.27815588377416133880615234375" lon="121.4775116555392742156982421875">
        <ele>9</ele>
        <time>2026-09-22T09:14:08.000Z</time>
        <extensions>
          <ns3:TrackPointExtension>
            <ns3:hr>114</ns3:hr>
            <ns3:cad>43</ns3:cad>
          </ns3:TrackPointExtension>
        </extensions>
      </trkpt>
      <trkpt lat="31.27815487794578075408935546875" lon="121.47751190699636936187744140625">
        <ele>9</ele>
        <time>2026-09-22T09:14:09.000Z</time>
        <extensions>
          <ns3:TrackPointExtension>
            <ns3:hr>114</ns3:hr>
            <ns3:cad>45</ns3:cad>
          </ns3:TrackPointExtension>
        </extensions>
      </trkpt>
      <trkpt lat="31.27815621905028820037841796875" lon="121.47751157172024250030517578125">
        <ele>9</ele>
        <time>2026-09-22T09:14:10.000Z</time>
        <extensions>
          <ns3:TrackPointExtension>
            <ns3:hr>114</ns3:hr>
            <ns3:cad>45</ns3:cad>
          </ns3:TrackPointExtension>
        </extensions>
      </trkpt>
      <trkpt lat="31.27815370447933673858642578125" lon="121.4775123260915279388427734375">
        <ele>9</ele>
        <time>2026-09-22T09:14:11.000Z</time>
        <extensions>
          <ns3:TrackPointExtension>
            <ns3:hr>114</ns3:hr>
            <ns3:cad>45</ns3:cad>
          </ns3:TrackPointExtension>
        </extensions>
      </trkpt>
      <trkpt lat="31.27815018408000469207763671875" lon="121.47751341573894023895263671875">
        <ele>9</ele>
        <time>2026-09-22T09:14:12.000Z</time>
        <extensions>
          <ns3:TrackPointExtension>
            <ns3:hr>114</ns3:hr>
            <ns3:cad>45</ns3:cad>
          </ns3:TrackPointExtension>
        </extensions>
      </trkpt>
      <trkpt lat="31.27815554849803447723388671875" lon="121.47751173935830593109130859375">
        <ele>9</ele>
        <time>2026-09-22T09:14:13.000Z</time>
        <extensions>
          <ns3:TrackPointExtension>
            <ns3:hr>113</ns3:hr>
            <ns3:cad>46</ns3:cad>
          </ns3:TrackPointExtension>
        </extensions>
      </trkpt>
      <trkpt lat="31.27815102227032184600830078125" lon="121.4775131642818450927734375">
        <ele>9</ele>
        <time>2026-09-22T09:14:14.000Z</time>
        <extensions>
          <ns3:TrackPointExtension>
            <ns3:hr>112</ns3:hr>
            <ns3:cad>47</ns3:cad>
          </ns3:TrackPointExtension>
        </extensions>
      </trkpt>
      <trkpt lat="31.27815001644194126129150390625" lon="121.47751341573894023895263671875">
        <ele>9</ele>
        <time>2026-09-22T09:14:15.000Z</time>
        <extensions>
          <ns3:TrackPointExtension>
            <ns3:hr>112</ns3:hr>
            <ns3:cad>47</ns3:cad>
          </ns3:TrackPointExtension>
        </extensions>
      </trkpt>
      <trkpt lat="31.27815068699419498443603515625" lon="121.47751324810087680816650390625">
        <ele>9</ele>
        <time>2026-09-22T09:14:16.000Z</time>
        <extensions>
          <ns3:TrackPointExtension>
            <ns3:hr>112</ns3:hr>
            <ns3:cad>47</ns3:cad>
          </ns3:TrackPointExtension>
        </extensions>
      </trkpt>
      <trkpt lat="31.27816996537148952484130859375" lon="121.47750704549252986907958984375">
        <ele>9.19999980926513671875</ele>
        <time>2026-09-22T09:14:17.000Z</time>
        <extensions>
          <ns3:TrackPointExtension>
            <ns3:hr>112</ns3:hr>
            <ns3:cad>47</ns3:cad>
          </ns3:TrackPointExtension>
        </extensions>
      </trkpt>
      <trkpt lat="31.27818186767399311065673828125" lon="121.47750184871256351470947265625">
        <ele>9.19999980926513671875</ele>
        <time>2026-09-22T09:14:18.000Z</time>
        <extensions>
          <ns3:TrackPointExtension>
            <ns3:hr>111</ns3:hr>
            <ns3:cad>47</ns3:cad>
          </ns3:TrackPointExtension>
        </extensions>
      </trkpt>
      <trkpt lat="31.278185807168483734130859375" lon="121.47750017233192920684814453125">
        <ele>9.19999980926513671875</ele>
        <time>2026-09-22T09:14:19.000Z</time>
        <extensions>
          <ns3:TrackPointExtension>
            <ns3:hr>110</ns3:hr>
            <ns3:cad>47</ns3:cad>
          </ns3:TrackPointExtension>
        </extensions>
      </trkpt>
      <trkpt lat="31.2781906686723232269287109375" lon="121.47749799303710460662841796875">
        <ele>9.19999980926513671875</ele>
        <time>2026-09-22T09:14:20.000Z</time>
        <extensions>
          <ns3:TrackPointExtension>
            <ns3:hr>110</ns3:hr>
            <ns3:cad>47</ns3:cad>
          </ns3:TrackPointExtension>
        </extensions>
      </trkpt>
      <trkpt lat="31.27819125540554523468017578125" lon="121.47749774158000946044921875">
        <ele>9.19999980926513671875</ele>
        <time>2026-09-22T09:14:21.000Z</time>
        <extensions>
          <ns3:TrackPointExtension>
            <ns3:hr>109</ns3:hr>
            <ns3:cad>47</ns3:cad>
          </ns3:TrackPointExtension>
        </extensions>
      </trkpt>
      <trkpt lat="31.2781977094709873199462890625" lon="121.4774948917329311370849609375">
        <ele>9.19999980926513671875</ele>
        <time>2026-09-22T09:14:22.000Z</time>
        <extensions>
          <ns3:TrackPointExtension>
            <ns3:hr>109</ns3:hr>
            <ns3:cad>47</ns3:cad>
          </ns3:TrackPointExtension>
        </extensions>
      </trkpt>
      <trkpt lat="31.27819410525262355804443359375" lon="121.47749648429453372955322265625">
        <ele>9.19999980926513671875</ele>
        <time>2026-09-22T09:14:23.000Z</time>
        <extensions>
          <ns3:TrackPointExtension>
            <ns3:hr>109</ns3:hr>
            <ns3:cad>47</ns3:cad>
          </ns3:TrackPointExtension>
        </extensions>
      </trkpt>
      <trkpt lat="31.27819796092808246612548828125" lon="121.47749480791389942169189453125">
        <ele>9.19999980926513671875</ele>
        <time>2026-09-22T09:14:24.000Z</time>
        <extensions>
          <ns3:TrackPointExtension>
            <ns3:hr>108</ns3:hr>
            <ns3:cad>47</ns3:cad>
          </ns3:TrackPointExtension>
        </extensions>
      </trkpt>
      <trkpt lat="31.2781836278736591339111328125" lon="121.477501094341278076171875">
        <ele>9.19999980926513671875</ele>
        <time>2026-09-22T09:14:25.000Z</time>
        <extensions>
          <ns3:TrackPointExtension>
            <ns3:hr>107</ns3:hr>
            <ns3:cad>47</ns3:cad>
          </ns3:TrackPointExtension>
        </extensions>
      </trkpt>
      <trkpt lat="31.27817549742758274078369140625" lon="121.47750469855964183807373046875">
        <ele>9.19999980926513671875</ele>
        <time>2026-09-22T09:14:26.000Z</time>
        <extensions>
          <ns3:TrackPointExtension>
            <ns3:hr>107</ns3:hr>
            <ns3:cad>47</ns3:cad>
          </ns3:TrackPointExtension>
        </extensions>
      </trkpt>
      <trkpt lat="31.27816493622958660125732421875" lon="121.47750888951122760772705078125">
        <ele>9.19999980926513671875</ele>
        <time>2026-09-22T09:14:27.000Z</time>
        <extensions>
          <ns3:TrackPointExtension>
            <ns3:hr>106</ns3:hr>
            <ns3:cad>47</ns3:cad>
          </ns3:TrackPointExtension>
        </extensions>
      </trkpt>
      <trkpt lat="31.27815035171806812286376953125" lon="121.4775133319199085235595703125">
        <ele>9</ele>
        <time>2026-09-22T09:14:28.000Z</time>
        <extensions>
          <ns3:TrackPointExtension>
            <ns3:hr>105</ns3:hr>
            <ns3:cad>0</ns3:cad>
          </ns3:TrackPointExtension>
        </extensions>
      </trkpt>
      <trkpt lat="31.2781474180519580841064453125" lon="121.47751425392925739288330078125">
        <ele>9</ele>
        <time>2026-09-22T09:14:29.000Z</time>
        <extensions>
          <ns3:TrackPointExtension>
            <ns3:hr>104</ns3:hr>
            <ns3:cad>0</ns3:cad>
          </ns3:TrackPointExtension>
        </extensions>
      </trkpt>
      <trkpt lat="31.27815437503159046173095703125" lon="121.47751207463443279266357421875">
        <ele>9</ele>
        <time>2026-09-22T09:14:30.000Z</time>
        <extensions>
          <ns3:TrackPointExtension>
            <ns3:hr>104</ns3:hr>
            <ns3:cad>0</ns3:cad>
          </ns3:TrackPointExtension>
        </extensions>
      </trkpt>
      <trkpt lat="31.2781541235744953155517578125" lon="121.477512158453464508056640625">
        <ele>9</ele>
        <time>2026-09-22T09:14:31.000Z</time>
        <extensions>
          <ns3:TrackPointExtension>
            <ns3:hr>104</ns3:hr>
            <ns3:cad>0</ns3:cad>
          </ns3:TrackPointExtension>
        </extensions>
      </trkpt>
      <trkpt lat="31.27814834006130695343017578125" lon="121.4775140024721622467041015625">
        <ele>9</ele>
        <time>2026-09-22T09:14:32.000Z</time>
        <extensions>
          <ns3:TrackPointExtension>
            <ns3:hr>104</ns3:hr>
            <ns3:cad>0</ns3:cad>
          </ns3:TrackPointExtension>
        </extensions>
      </trkpt>
      <trkpt lat="31.27814901061356067657470703125" lon="121.47751375101506710052490234375">
        <ele>9</ele>
        <time>2026-09-22T09:14:33.000Z</time>
        <extensions>
          <ns3:TrackPointExtension>
            <ns3:hr>104</ns3:hr>
            <ns3:cad>0</ns3:cad>
          </ns3:TrackPointExtension>
        </extensions>
      </trkpt>
      <trkpt lat="31.278152279555797576904296875" lon="121.47751274518668651580810546875">
        <ele>9</ele>
        <time>2026-09-22T09:14:34.000Z</time>
        <extensions>
          <ns3:TrackPointExtension>
            <ns3:hr>105</ns3:hr>
            <ns3:cad>0</ns3:cad>
          </ns3:TrackPointExtension>
        </extensions>
      </trkpt>
      <trkpt lat="31.27815169282257556915283203125" lon="121.47751291282474994659423828125">
        <ele>9</ele>
        <time>2026-09-22T09:14:35.000Z</time>
        <extensions>
          <ns3:TrackPointExtension>
            <ns3:hr>105</ns3:hr>
            <ns3:cad>0</ns3:cad>
          </ns3:TrackPointExtension>
        </extensions>
      </trkpt>
      <trkpt lat="31.2781499326229095458984375" lon="121.477513499557971954345703125">
        <ele>9</ele>
        <time>2026-09-22T09:14:36.000Z</time>
        <extensions>
          <ns3:TrackPointExtension>
            <ns3:hr>105</ns3:hr>
            <ns3:cad>0</ns3:cad>
          </ns3:TrackPointExtension>
        </extensions>
      </trkpt>
      <trkpt lat="31.27814297564327716827392578125" lon="121.47751559503376483917236328125">
        <ele>9</ele>
        <time>2026-09-22T09:14:37.000Z</time>
        <extensions>
          <ns3:TrackPointExtension>
            <ns3:hr>106</ns3:hr>
            <ns3:cad>0</ns3:cad>
          </ns3:TrackPointExtension>
        </extensions>
      </trkpt>
      <trkpt lat="31.27812587656080722808837890625" lon="121.477520875632762908935546875">
        <ele>9</ele>
        <time>2026-09-22T09:14:38.000Z</time>
        <extensions>
          <ns3:TrackPointExtension>
            <ns3:hr>106</ns3:hr>
            <ns3:cad>0</ns3:cad>
          </ns3:TrackPointExtension>
        </extensions>
      </trkpt>
      <trkpt lat="31.27812956459820270538330078125" lon="121.47751978598535060882568359375">
        <ele>9</ele>
        <time>2026-09-22T09:14:39.000Z</time>
        <extensions>
          <ns3:TrackPointExtension>
            <ns3:hr>106</ns3:hr>
            <ns3:cad>42</ns3:cad>
          </ns3:TrackPointExtension>
        </extensions>
      </trkpt>
      <trkpt lat="31.27811950631439685821533203125" lon="121.47752230055630207061767578125">
        <ele>9</ele>
        <time>2026-09-22T09:14:40.000Z</time>
        <extensions>
          <ns3:TrackPointExtension>
            <ns3:hr>106</ns3:hr>
            <ns3:cad>42</ns3:cad>
          </ns3:TrackPointExtension>
        </extensions>
      </trkpt>
      <trkpt lat="31.2781118787825107574462890625" lon="121.4775237254798412322998046875">
        <ele>9</ele>
        <time>2026-09-22T09:14:41.000Z</time>
        <extensions>
          <ns3:TrackPointExtension>
            <ns3:hr>107</ns3:hr>
            <ns3:cad>43</ns3:cad>
          </ns3:TrackPointExtension>
        </extensions>
      </trkpt>
      <trkpt lat="31.27811229787766933441162109375" lon="121.47752364166080951690673828125">
        <ele>9</ele>
        <time>2026-09-22T09:14:42.000Z</time>
        <extensions>
          <ns3:TrackPointExtension>
            <ns3:hr>107</ns3:hr>
            <ns3:cad>44</ns3:cad>
          </ns3:TrackPointExtension>
        </extensions>
      </trkpt>
      <trkpt lat="31.27810559235513210296630859375" lon="121.477524898946285247802734375">
        <ele>9</ele>
        <time>2026-09-22T09:14:43.000Z</time>
        <extensions>
          <ns3:TrackPointExtension>
            <ns3:hr>106</ns3:hr>
            <ns3:cad>44</ns3:cad>
          </ns3:TrackPointExtension>
        </extensions>
      </trkpt>
      <trkpt lat="31.2781058438122272491455078125" lon="121.47752481512725353240966796875">
        <ele>9</ele>
        <time>2026-09-22T09:14:44.000Z</time>
        <extensions>
          <ns3:TrackPointExtension>
            <ns3:hr>106</ns3:hr>
            <ns3:cad>44</ns3:cad>
          </ns3:TrackPointExtension>
        </extensions>
      </trkpt>
      <trkpt lat="31.27810559235513210296630859375" lon="121.477524898946285247802734375">
        <ele>9</ele>
        <time>2026-09-22T09:14:45.000Z</time>
        <extensions>
          <ns3:TrackPointExtension>
            <ns3:hr>105</ns3:hr>
            <ns3:cad>0</ns3:cad>
          </ns3:TrackPointExtension>
        </extensions>
      </trkpt>
      <trkpt lat="31.278102658689022064208984375" lon="121.4775254018604755401611328125">
        <ele>9</ele>
        <time>2026-09-22T09:14:46.000Z</time>
        <extensions>
          <ns3:TrackPointExtension>
            <ns3:hr>104</ns3:hr>
            <ns3:cad>0</ns3:cad>
          </ns3:TrackPointExtension>
        </extensions>
      </trkpt>
      <trkpt lat="31.27809251658618450164794921875" lon="121.47752732969820499420166015625">
        <ele>9</ele>
        <time>2026-09-22T09:14:47.000Z</time>
        <extensions>
          <ns3:TrackPointExtension>
            <ns3:hr>104</ns3:hr>
            <ns3:cad>0</ns3:cad>
          </ns3:TrackPointExtension>
        </extensions>
      </trkpt>
      <trkpt lat="31.278081871569156646728515625" lon="121.4775292575359344482421875">
        <ele>8.80000019073486328125</ele>
        <time>2026-09-22T09:14:48.000Z</time>
        <extensions>
          <ns3:TrackPointExtension>
            <ns3:hr>104</ns3:hr>
            <ns3:cad>0</ns3:cad>
          </ns3:TrackPointExtension>
        </extensions>
      </trkpt>
      <trkpt lat="31.2780726514756679534912109375" lon="121.477530263364315032958984375">
        <ele>8.80000019073486328125</ele>
        <time>2026-09-22T09:14:49.000Z</time>
        <extensions>
          <ns3:TrackPointExtension>
            <ns3:hr>105</ns3:hr>
            <ns3:cad>0</ns3:cad>
          </ns3:TrackPointExtension>
        </extensions>
      </trkpt>
      <trkpt lat="31.2780595757067203521728515625" lon="121.4775311015546321868896484375">
        <ele>8.80000019073486328125</ele>
        <time>2026-09-22T09:14:50.000Z</time>
        <extensions>
          <ns3:TrackPointExtension>
            <ns3:hr>103</ns3:hr>
            <ns3:cad>0</ns3:cad>
          </ns3:TrackPointExtension>
        </extensions>
      </trkpt>
      <trkpt lat="31.278052367269992828369140625" lon="121.477531604468822479248046875">
        <ele>8.80000019073486328125</ele>
        <time>2026-09-22T09:14:51.000Z</time>
        <extensions>
          <ns3:TrackPointExtension>
            <ns3:hr>103</ns3:hr>
            <ns3:cad>0</ns3:cad>
          </ns3:TrackPointExtension>
        </extensions>
      </trkpt>
      <trkpt lat="31.2780384533107280731201171875" lon="121.47753252647817134857177734375">
        <ele>8.80000019073486328125</ele>
        <time>2026-09-22T09:14:52.000Z</time>
        <extensions>
          <ns3:TrackPointExtension>
            <ns3:hr>103</ns3:hr>
            <ns3:cad>0</ns3:cad>
          </ns3:TrackPointExtension>
        </extensions>
      </trkpt>
      <trkpt lat="31.27803082577884197235107421875" lon="121.47753286175429821014404296875">
        <ele>8.6000003814697265625</ele>
        <time>2026-09-22T09:14:53.000Z</time>
        <extensions>
          <ns3:TrackPointExtension>
            <ns3:hr>102</ns3:hr>
            <ns3:cad>0</ns3:cad>
          </ns3:TrackPointExtension>
        </extensions>
      </trkpt>
      <trkpt lat="31.27804608084261417388916015625" lon="121.47753202356398105621337890625">
        <ele>8.80000019073486328125</ele>
        <time>2026-09-22T09:14:54.000Z</time>
        <extensions>
          <ns3:TrackPointExtension>
            <ns3:hr>102</ns3:hr>
            <ns3:cad>0</ns3:cad>
          </ns3:TrackPointExtension>
        </extensions>
      </trkpt>
      <trkpt lat="31.278060413897037506103515625" lon="121.4775311015546321868896484375">
        <ele>8.80000019073486328125</ele>
        <time>2026-09-22T09:14:55.000Z</time>
        <extensions>
          <ns3:TrackPointExtension>
            <ns3:hr>102</ns3:hr>
            <ns3:cad>0</ns3:cad>
          </ns3:TrackPointExtension>
        </extensions>
      </trkpt>
      <trkpt lat="31.27806837670505046844482421875" lon="121.47753059864044189453125">
        <ele>8.80000019073486328125</ele>
        <time>2026-09-22T09:14:56.000Z</time>
        <extensions>
          <ns3:TrackPointExtension>
            <ns3:hr>102</ns3:hr>
            <ns3:cad>46</ns3:cad>
          </ns3:TrackPointExtension>
        </extensions>
      </trkpt>
      <trkpt lat="31.278077177703380584716796875" lon="121.47753001190721988677978515625">
        <ele>8.80000019073486328125</ele>
        <time>2026-09-22T09:14:57.000Z</time>
        <extensions>
          <ns3:TrackPointExtension>
            <ns3:hr>101</ns3:hr>
            <ns3:cad>46</ns3:cad>
          </ns3:TrackPointExtension>
        </extensions>
      </trkpt>
      <trkpt lat="31.27808413468301296234130859375" lon="121.47752883844077587127685546875">
        <ele>8.80000019073486328125</ele>
        <time>2026-09-22T09:14:58.000Z</time>
        <extensions>
          <ns3:TrackPointExtension>
            <ns3:hr>100</ns3:hr>
            <ns3:cad>0</ns3:cad>
          </ns3:TrackPointExtension>
        </extensions>
      </trkpt>
      <trkpt lat="31.27809201367199420928955078125" lon="121.4775274135172367095947265625">
        <ele>9</ele>
        <time>2026-09-22T09:14:59.000Z</time>
        <extensions>
          <ns3:TrackPointExtension>
            <ns3:hr>100</ns3:hr>
            <ns3:cad>0</ns3:cad>
          </ns3:TrackPointExtension>
        </extensions>
      </trkpt>
      <trkpt lat="31.2780974619090557098388671875" lon="121.4775264076888561248779296875">
        <ele>9</ele>
        <time>2026-09-22T09:15:00.000Z</time>
        <extensions>
          <ns3:TrackPointExtension>
            <ns3:hr>99</ns3:hr>
            <ns3:cad>0</ns3:cad>
          </ns3:TrackPointExtension>
        </extensions>
      </trkpt>
      <trkpt lat="31.27810341306030750274658203125" lon="121.47752531804144382476806640625">
        <ele>9</ele>
        <time>2026-09-22T09:15:01.000Z</time>
        <extensions>
          <ns3:TrackPointExtension>
            <ns3:hr>99</ns3:hr>
            <ns3:cad>0</ns3:cad>
          </ns3:TrackPointExtension>
        </extensions>
      </trkpt>
      <trkpt lat="31.2781105376780033111572265625" lon="121.47752397693693637847900390625">
        <ele>9</ele>
        <time>2026-09-22T09:15:02.000Z</time>
        <extensions>
          <ns3:TrackPointExtension>
            <ns3:hr>99</ns3:hr>
            <ns3:cad>45</ns3:cad>
          </ns3:TrackPointExtension>
        </extensions>
      </trkpt>
      <trkpt lat="31.27812587656080722808837890625" lon="121.477520875632762908935546875">
        <ele>9</ele>
        <time>2026-09-22T09:15:03.000Z</time>
        <extensions>
          <ns3:TrackPointExtension>
            <ns3:hr>99</ns3:hr>
            <ns3:cad>46</ns3:cad>
          </ns3:TrackPointExtension>
        </extensions>
      </trkpt>
      <trkpt lat="31.2781259603798389434814453125" lon="121.477520875632762908935546875">
        <ele>9</ele>
        <time>2026-09-22T09:15:04.000Z</time>
        <extensions>
          <ns3:TrackPointExtension>
            <ns3:hr>98</ns3:hr>
            <ns3:cad>45</ns3:cad>
          </ns3:TrackPointExtension>
        </extensions>
      </trkpt>
      <trkpt lat="31.27813241444528102874755859375" lon="121.477518863976001739501953125">
        <ele>9</ele>
        <time>2026-09-22T09:15:05.000Z</time>
        <extensions>
          <ns3:TrackPointExtension>
            <ns3:hr>98</ns3:hr>
            <ns3:cad>46</ns3:cad>
          </ns3:TrackPointExtension>
        </extensions>
      </trkpt>
      <trkpt lat="31.27814389765262603759765625" lon="121.4775153435766696929931640625">
        <ele>9</ele>
        <time>2026-09-22T09:15:06.000Z</time>
        <extensions>
          <ns3:TrackPointExtension>
            <ns3:hr>97</ns3:hr>
            <ns3:cad>47</ns3:cad>
          </ns3:TrackPointExtension>
        </extensions>
      </trkpt>
      <trkpt lat="31.27816024236381053924560546875" lon="121.4775103144347667694091796875">
        <ele>9.19999980926513671875</ele>
        <time>2026-09-22T09:15:07.000Z</time>
        <extensions>
          <ns3:TrackPointExtension>
            <ns3:hr>96</ns3:hr>
            <ns3:cad>47</ns3:cad>
          </ns3:TrackPointExtension>
        </extensions>
      </trkpt>
      <trkpt lat="31.27819444052875041961669921875" lon="121.47749631665647029876708984375">
        <ele>9.19999980926513671875</ele>
        <time>2026-09-22T09:15:08.000Z</time>
        <extensions>
          <ns3:TrackPointExtension>
            <ns3:hr>96</ns3:hr>
            <ns3:cad>47</ns3:cad>
          </ns3:TrackPointExtension>
        </extensions>
      </trkpt>
      <trkpt lat="31.27822729758918285369873046875" lon="121.47747972048819065093994140625">
        <ele>9.19999980926513671875</ele>
        <time>2026-09-22T09:15:09.000Z</time>
        <extensions>
          <ns3:TrackPointExtension>
            <ns3:hr>95</ns3:hr>
            <ns3:cad>47</ns3:cad>
          </ns3:TrackPointExtension>
        </extensions>
      </trkpt>
      <trkpt lat="31.27826099283993244171142578125" lon="121.47745884954929351806640625">
        <ele>9.6000003814697265625</ele>
        <time>2026-09-22T09:15:10.000Z</time>
        <extensions>
          <ns3:TrackPointExtension>
            <ns3:hr>94</ns3:hr>
            <ns3:cad>89</ns3:cad>
          </ns3:TrackPointExtension>
        </extensions>
      </trkpt>
      <trkpt lat="31.2782952748239040374755859375" lon="121.477433033287525177001953125">
        <ele>10.19999980926513671875</ele>
        <time>2026-09-22T09:15:11.000Z</time>
        <extensions>
          <ns3:TrackPointExtension>
            <ns3:hr>94</ns3:hr>
            <ns3:cad>92</ns3:cad>
          </ns3:TrackPointExtension>
        </extensions>
      </trkpt>
      <trkpt lat="31.27832251600921154022216796875" lon="121.47740813903510570526123046875">
        <ele>10.6000003814697265625</ele>
        <time>2026-09-22T09:15:12.000Z</time>
        <extensions>
          <ns3:TrackPointExtension>
            <ns3:hr>94</ns3:hr>
            <ns3:cad>92</ns3:cad>
          </ns3:TrackPointExtension>
        </extensions>
      </trkpt>
      <trkpt lat="31.27834866754710674285888671875" lon="121.47737997584044933319091796875">
        <ele>11</ele>
        <time>2026-09-22T09:15:13.000Z</time>
        <extensions>
          <ns3:TrackPointExtension>
            <ns3:hr>95</ns3:hr>
            <ns3:cad>93</ns3:cad>
          </ns3:TrackPointExtension>
        </extensions>
      </trkpt>
      <trkpt lat="31.2783807702362537384033203125" lon="121.47733907215297222137451171875">
        <ele>11.3999996185302734375</ele>
        <time>2026-09-22T09:15:14.000Z</time>
        <extensions>
          <ns3:TrackPointExtension>
            <ns3:hr>96</ns3:hr>
            <ns3:cad>93</ns3:cad>
          </ns3:TrackPointExtension>
        </extensions>
      </trkpt>
      <trkpt lat="31.27840667031705379486083984375" lon="121.47729850374162197113037109375">
        <ele>11.3999996185302734375</ele>
        <time>2026-09-22T09:15:15.000Z</time>
        <extensions>
          <ns3:TrackPointExtension>
            <ns3:hr>99</ns3:hr>
            <ns3:cad>93</ns3:cad>
          </ns3:TrackPointExtension>
        </extensions>
      </trkpt>
      <trkpt lat="31.2784233503043651580810546875" lon="121.4772675745189189910888671875">
        <ele>11</ele>
        <time>2026-09-22T09:15:16.000Z</time>
        <extensions>
          <ns3:TrackPointExtension>
            <ns3:hr>96</ns3:hr>
            <ns3:cad>93</ns3:cad>
          </ns3:TrackPointExtension>
        </extensions>
      </trkpt>
      <trkpt lat="31.27845126204192638397216796875" lon="121.47720093838870525360107421875">
        <ele>10.3999996185302734375</ele>
        <time>2026-09-22T09:15:17.000Z</time>
        <extensions>
          <ns3:TrackPointExtension>
            <ns3:hr>97</ns3:hr>
            <ns3:cad>93</ns3:cad>
          </ns3:TrackPointExtension>
        </extensions>
      </trkpt>
      <trkpt lat="31.2784615717828273773193359375" lon="121.47716841660439968109130859375">
        <ele>10.19999980926513671875</ele>
        <time>2026-09-22T09:15:18.000Z</time>
        <extensions>
          <ns3:TrackPointExtension>
            <ns3:hr>98</ns3:hr>
            <ns3:cad>93</ns3:cad>
          </ns3:TrackPointExtension>
        </extensions>
      </trkpt>
      <trkpt lat="31.27847674302756786346435546875" lon="121.47709985263645648956298828125">
        <ele>9.3999996185302734375</ele>
        <time>2026-09-22T09:15:19.000Z</time>
        <extensions>
          <ns3:TrackPointExtension>
            <ns3:hr>98</ns3:hr>
            <ns3:cad>93</ns3:cad>
          </ns3:TrackPointExtension>
        </extensions>
      </trkpt>
      <trkpt lat="31.27848143689334392547607421875" lon="121.477065570652484893798828125">
        <ele>9.19999980926513671875</ele>
        <time>2026-09-22T09:15:20.000Z</time>
        <extensions>
          <ns3:TrackPointExtension>
            <ns3:hr>98</ns3:hr>
            <ns3:cad>93</ns3:cad>
          </ns3:TrackPointExtension>
        </extensions>
      </trkpt>
      <trkpt lat="31.27848478965461254119873046875" lon="121.477018631994724273681640625">
        <ele>8.6000003814697265625</ele>
        <time>2026-09-22T09:15:21.000Z</time>
        <extensions>
          <ns3:TrackPointExtension>
            <ns3:hr>98</ns3:hr>
            <ns3:cad>93</ns3:cad>
          </ns3:TrackPointExtension>
        </extensions>
      </trkpt>
      <trkpt lat="31.27848462201654911041259765625" lon="121.47697336971759796142578125">
        <ele>8.19999980926513671875</ele>
        <time>2026-09-22T09:15:22.000Z</time>
        <extensions>
          <ns3:TrackPointExtension>
            <ns3:hr>98</ns3:hr>
            <ns3:cad>94</ns3:cad>
          </ns3:TrackPointExtension>
        </extensions>
      </trkpt>
      <trkpt lat="31.27848110161721706390380859375" lon="121.4769329689443111419677734375">
        <ele>7.599999904632568359375</ele>
        <time>2026-09-22T09:15:23.000Z</time>
        <extensions>
          <ns3:TrackPointExtension>
            <ns3:hr>98</ns3:hr>
            <ns3:cad>94</ns3:cad>
          </ns3:TrackPointExtension>
        </extensions>
      </trkpt>
      <trkpt lat="31.27847389318048954010009765625" lon="121.47688527591526508331298828125">
        <ele>7.19999980926513671875</ele>
        <time>2026-09-22T09:15:24.000Z</time>
        <extensions>
          <ns3:TrackPointExtension>
            <ns3:hr>98</ns3:hr>
            <ns3:cad>94</ns3:cad>
          </ns3:TrackPointExtension>
        </extensions>
      </trkpt>
      <trkpt lat="31.2784669362008571624755859375" lon="121.47685275413095951080322265625">
        <ele>7.19999980926513671875</ele>
        <time>2026-09-22T09:15:25.000Z</time>
        <extensions>
          <ns3:TrackPointExtension>
            <ns3:hr>98</ns3:hr>
            <ns3:cad>94</ns3:cad>
          </ns3:TrackPointExtension>
        </extensions>
      </trkpt>
      <trkpt lat="31.27845176495611667633056640625" lon="121.47680145688354969024658203125">
        <ele>7.80000019073486328125</ele>
        <time>2026-09-22T09:15:26.000Z</time>
        <extensions>
          <ns3:TrackPointExtension>
            <ns3:hr>100</ns3:hr>
            <ns3:cad>94</ns3:cad>
          </ns3:TrackPointExtension>
        </extensions>
      </trkpt>
      <trkpt lat="31.27844053320586681365966796875" lon="121.47677111439406871795654296875">
        <ele>8</ele>
        <time>2026-09-22T09:15:27.000Z</time>
        <extensions>
          <ns3:TrackPointExtension>
            <ns3:hr>102</ns3:hr>
            <ns3:cad>94</ns3:cad>
          </ns3:TrackPointExtension>
        </extensions>
      </trkpt>
      <trkpt lat="31.2784208357334136962890625" lon="121.4767284505069255828857421875">
        <ele>8.6000003814697265625</ele>
        <time>2026-09-22T09:15:28.000Z</time>
        <extensions>
          <ns3:TrackPointExtension>
            <ns3:hr>104</ns3:hr>
            <ns3:cad>94</ns3:cad>
          </ns3:TrackPointExtension>
        </extensions>
      </trkpt>
      <trkpt lat="31.27840583212673664093017578125" lon="121.47670104168355464935302734375">
        <ele>8.80000019073486328125</ele>
        <time>2026-09-22T09:15:29.000Z</time>
        <extensions>
          <ns3:TrackPointExtension>
            <ns3:hr>106</ns3:hr>
            <ns3:cad>94</ns3:cad>
          </ns3:TrackPointExtension>
        </extensions>
      </trkpt>
      <trkpt lat="31.2783859670162200927734375" lon="121.47666893899440765380859375">
        <ele>9.19999980926513671875</ele>
        <time>2026-09-22T09:15:30.000Z</time>
        <extensions>
          <ns3:TrackPointExtension>
            <ns3:hr>107</ns3:hr>
            <ns3:cad>94</ns3:cad>
          </ns3:TrackPointExtension>
        </extensions>
      </trkpt>
      <trkpt lat="31.278358809649944305419921875" lon="121.4766322262585163116455078125">
        <ele>9.6000003814697265625</ele>
        <time>2026-09-22T09:15:31.000Z</time>
        <extensions>
          <ns3:TrackPointExtension>
            <ns3:hr>109</ns3:hr>
            <ns3:cad>94</ns3:cad>
          </ns3:TrackPointExtension>
        </extensions>
      </trkpt>
      <trkpt lat="31.27833978272974491119384765625" lon="121.47661118768155574798583984375">
        <ele>9.80000019073486328125</ele>
        <time>2026-09-22T09:15:32.000Z</time>
        <extensions>
          <ns3:TrackPointExtension>
            <ns3:hr>110</ns3:hr>
            <ns3:cad>94</ns3:cad>
          </ns3:TrackPointExtension>
        </extensions>
      </trkpt>
      <trkpt lat="31.27831094898283481597900390625" lon="121.47658235393464565277099609375">
        <ele>10.19999980926513671875</ele>
        <time>2026-09-22T09:15:33.000Z</time>
        <extensions>
          <ns3:TrackPointExtension>
            <ns3:hr>112</ns3:hr>
            <ns3:cad>94</ns3:cad>
          </ns3:TrackPointExtension>
        </extensions>
      </trkpt>
      <trkpt lat="31.278282701969146728515625" lon="121.476557962596416473388671875">
        <ele>10.80000019073486328125</ele>
        <time>2026-09-22T09:15:34.000Z</time>
        <extensions>
          <ns3:TrackPointExtension>
            <ns3:hr>114</ns3:hr>
            <ns3:cad>94</ns3:cad>
          </ns3:TrackPointExtension>
        </extensions>
      </trkpt>
      <trkpt lat="31.27824959345161914825439453125" lon="121.47653407417237758636474609375">
        <ele>11.19999980926513671875</ele>
        <time>2026-09-22T09:15:35.000Z</time>
        <extensions>
          <ns3:TrackPointExtension>
            <ns3:hr>116</ns3:hr>
            <ns3:cad>94</ns3:cad>
          </ns3:TrackPointExtension>
        </extensions>
      </trkpt>
      <trkpt lat="31.27821422182023525238037109375" lon="121.47651395760476589202880859375">
        <ele>11.6000003814697265625</ele>
        <time>2026-09-22T09:15:36.000Z</time>
        <extensions>
          <ns3:TrackPointExtension>
            <ns3:hr>116</ns3:hr>
            <ns3:cad>94</ns3:cad>
          </ns3:TrackPointExtension>
        </extensions>
      </trkpt>
      <trkpt lat="31.278177089989185333251953125" lon="121.4764950983226299285888671875">
        <ele>11.3999996185302734375</ele>
        <time>2026-09-22T09:15:37.000Z</time>
        <extensions>
          <ns3:TrackPointExtension>
            <ns3:hr>116</ns3:hr>
            <ns3:cad>94</ns3:cad>
          </ns3:TrackPointExtension>
        </extensions>
      </trkpt>
      <trkpt lat="31.27814448438584804534912109375" lon="121.47647892124950885772705078125">
        <ele>11.19999980926513671875</ele>
        <time>2026-09-22T09:15:38.000Z</time>
        <extensions>
          <ns3:TrackPointExtension>
            <ns3:hr>120</ns3:hr>
            <ns3:cad>94</ns3:cad>
          </ns3:TrackPointExtension>
        </extensions>
      </trkpt>
      <trkpt lat="31.2781105376780033111572265625" lon="121.476462073624134063720703125">
        <ele>11</ele>
        <time>2026-09-22T09:15:39.000Z</time>
        <extensions>
          <ns3:TrackPointExtension>
            <ns3:hr>120</ns3:hr>
            <ns3:cad>94</ns3:cad>
          </ns3:TrackPointExtension>
        </extensions>
      </trkpt>
      <trkpt lat="31.2780776806175708770751953125" lon="121.47644572891294956207275390625">
        <ele>10.80000019073486328125</ele>
        <time>2026-09-22T09:15:40.000Z</time>
        <extensions>
          <ns3:TrackPointExtension>
            <ns3:hr>121</ns3:hr>
            <ns3:cad>93</ns3:cad>
          </ns3:TrackPointExtension>
        </extensions>
      </trkpt>
      <trkpt lat="31.278046332299709320068359375" lon="121.47643022239208221435546875">
        <ele>10.6000003814697265625</ele>
        <time>2026-09-22T09:15:41.000Z</time>
        <extensions>
          <ns3:TrackPointExtension>
            <ns3:hr>125</ns3:hr>
            <ns3:cad>93</ns3:cad>
          </ns3:TrackPointExtension>
        </extensions>
      </trkpt>
      <trkpt lat="31.2780119664967060089111328125" lon="121.476413123309612274169921875">
        <ele>10.3999996185302734375</ele>
        <time>2026-09-22T09:15:42.000Z</time>
        <extensions>
          <ns3:TrackPointExtension>
            <ns3:hr>125</ns3:hr>
            <ns3:cad>93</ns3:cad>
          </ns3:TrackPointExtension>
        </extensions>
      </trkpt>
      <trkpt lat="31.27798221074044704437255859375" lon="121.476398371160030364990234375">
        <ele>10.3999996185302734375</ele>
        <time>2026-09-22T09:15:43.000Z</time>
        <extensions>
          <ns3:TrackPointExtension>
            <ns3:hr>128</ns3:hr>
            <ns3:cad>93</ns3:cad>
          </ns3:TrackPointExtension>
        </extensions>
      </trkpt>
      <trkpt lat="31.27795052714645862579345703125" lon="121.47638261318206787109375">
        <ele>10.3999996185302734375</ele>
        <time>2026-09-22T09:15:44.000Z</time>
        <extensions>
          <ns3:TrackPointExtension>
            <ns3:hr>131</ns3:hr>
            <ns3:cad>93</ns3:cad>
          </ns3:TrackPointExtension>
        </extensions>
      </trkpt>
      <trkpt lat="31.2779211066663265228271484375" lon="121.4763680286705493927001953125">
        <ele>10.3999996185302734375</ele>
        <time>2026-09-22T09:15:45.000Z</time>
        <extensions>
          <ns3:TrackPointExtension>
            <ns3:hr>133</ns3:hr>
            <ns3:cad>92</ns3:cad>
          </ns3:TrackPointExtension>
        </extensions>
      </trkpt>
      <trkpt lat="31.2778902612626552581787109375" lon="121.47635268978774547576904296875">
        <ele>10.3999996185302734375</ele>
        <time>2026-09-22T09:15:46.000Z</time>
        <extensions>
          <ns3:TrackPointExtension>
            <ns3:hr>136</ns3:hr>
            <ns3:cad>92</ns3:cad>
          </ns3:TrackPointExtension>
        </extensions>
      </trkpt>
      <trkpt lat="31.2778584100306034088134765625" lon="121.4763368479907512664794921875">
        <ele>10.3999996185302734375</ele>
        <time>2026-09-22T09:15:47.000Z</time>
        <extensions>
          <ns3:TrackPointExtension>
            <ns3:hr>138</ns3:hr>
            <ns3:cad>92</ns3:cad>
          </ns3:TrackPointExtension>
        </extensions>
      </trkpt>
      <trkpt lat="31.277819015085697174072265625" lon="121.47631731815636157989501953125">
        <ele>10.6000003814697265625</ele>
        <time>2026-09-22T09:15:48.000Z</time>
        <extensions>
          <ns3:TrackPointExtension>
            <ns3:hr>138</ns3:hr>
            <ns3:cad>92</ns3:cad>
          </ns3:TrackPointExtension>
        </extensions>
      </trkpt>
      <trkpt lat="31.2777920253574848175048828125" lon="121.4763039909303188323974609375">
        <ele>10.6000003814697265625</ele>
        <time>2026-09-22T09:15:49.000Z</time>
        <extensions>
          <ns3:TrackPointExtension>
            <ns3:hr>145</ns3:hr>
            <ns3:cad>92</ns3:cad>
          </ns3:TrackPointExtension>
        </extensions>
      </trkpt>
      <trkpt lat="31.27775774337351322174072265625" lon="121.47628697566688060760498046875">
        <ele>10.3999996185302734375</ele>
        <time>2026-09-22T09:15:50.000Z</time>
        <extensions>
          <ns3:TrackPointExtension>
            <ns3:hr>148</ns3:hr>
            <ns3:cad>93</ns3:cad>
          </ns3:TrackPointExtension>
        </extensions>
      </trkpt>
      <trkpt lat="31.2777293287217617034912109375" lon="121.4762738160789012908935546875">
        <ele>10.3999996185302734375</ele>
        <time>2026-09-22T09:15:51.000Z</time>
        <extensions>
          <ns3:TrackPointExtension>
            <ns3:hr>150</ns3:hr>
            <ns3:cad>93</ns3:cad>
          </ns3:TrackPointExtension>
        </extensions>
      </trkpt>
      <trkpt lat="31.2776939570903778076171875" lon="121.4762593992054462432861328125">
        <ele>10.3999996185302734375</ele>
        <time>2026-09-22T09:15:52.000Z</time>
        <extensions>
          <ns3:TrackPointExtension>
            <ns3:hr>151</ns3:hr>
            <ns3:cad>92</ns3:cad>
          </ns3:TrackPointExtension>
        </extensions>
      </trkpt>
      <trkpt lat="31.27764643169939517974853515625" lon="121.4762463234364986419677734375">
        <ele>10.19999980926513671875</ele>
        <time>2026-09-22T09:15:53.000Z</time>
        <extensions>
          <ns3:TrackPointExtension>
            <ns3:hr>152</ns3:hr>
            <ns3:cad>91</ns3:cad>
          </ns3:TrackPointExtension>
        </extensions>
      </trkpt>
      <trkpt lat="31.27761013805866241455078125" lon="121.47624003700911998748779296875">
        <ele>10</ele>
        <time>2026-09-22T09:15:54.000Z</time>
        <extensions>
          <ns3:TrackPointExtension>
            <ns3:hr>153</ns3:hr>
            <ns3:cad>91</ns3:cad>
          </ns3:TrackPointExtension>
        </extensions>
      </trkpt>
      <trkpt lat="31.27756378613412380218505859375" lon="121.476237438619136810302734375">
        <ele>9.80000019073486328125</ele>
        <time>2026-09-22T09:15:55.000Z</time>
        <extensions>
          <ns3:TrackPointExtension>
            <ns3:hr>153</ns3:hr>
            <ns3:cad>91</ns3:cad>
          </ns3:TrackPointExtension>
        </extensions>
      </trkpt>
      <trkpt lat="31.27753126434981822967529296875" lon="121.476239450275897979736328125">
        <ele>9.3999996185302734375</ele>
        <time>2026-09-22T09:15:56.000Z</time>
        <extensions>
          <ns3:TrackPointExtension>
            <ns3:hr>154</ns3:hr>
            <ns3:cad>91</ns3:cad>
          </ns3:TrackPointExtension>
        </extensions>
      </trkpt>
      <trkpt lat="31.27750058658421039581298828125" lon="121.476243473589420318603515625">
        <ele>9</ele>
        <time>2026-09-22T09:15:57.000Z</time>
        <extensions>
          <ns3:TrackPointExtension>
            <ns3:hr>155</ns3:hr>
            <ns3:cad>91</ns3:cad>
          </ns3:TrackPointExtension>
        </extensions>
      </trkpt>
      <trkpt lat="31.2774606049060821533203125" lon="121.47625227458775043487548828125">
        <ele>8.6000003814697265625</ele>
        <time>2026-09-22T09:15:58.000Z</time>
        <extensions>
          <ns3:TrackPointExtension>
            <ns3:hr>155</ns3:hr>
            <ns3:cad>91</ns3:cad>
          </ns3:TrackPointExtension>
        </extensions>
      </trkpt>
      <trkpt lat="31.2774165160953998565673828125" lon="121.476267278194427490234375">
        <ele>8</ele>
        <time>2026-09-22T09:15:59.000Z</time>
        <extensions>
          <ns3:TrackPointExtension>
            <ns3:hr>155</ns3:hr>
            <ns3:cad>91</ns3:cad>
          </ns3:TrackPointExtension>
        </extensions>
      </trkpt>
      <trkpt lat="31.27739128656685352325439453125" lon="121.476278342306613922119140625">
        <ele>7.599999904632568359375</ele>
        <time>2026-09-22T09:16:00.000Z</time>
        <extensions>
          <ns3:TrackPointExtension>
            <ns3:hr>156</ns3:hr>
            <ns3:cad>91</ns3:cad>
          </ns3:TrackPointExtension>
        </extensions>
      </trkpt>
      <trkpt lat="31.27736270427703857421875" lon="121.4762939326465129852294921875">
        <ele>7.19999980926513671875</ele>
        <time>2026-09-22T09:16:01.000Z</time>
        <extensions>
          <ns3:TrackPointExtension>
            <ns3:hr>157</ns3:hr>
            <ns3:cad>92</ns3:cad>
          </ns3:TrackPointExtension>
        </extensions>
      </trkpt>
      <trkpt lat="31.27733646892011165618896484375" lon="121.47631010971963405609130859375">
        <ele>7.400000095367431640625</ele>
        <time>2026-09-22T09:16:02.000Z</time>
        <extensions>
          <ns3:TrackPointExtension>
            <ns3:hr>158</ns3:hr>
            <ns3:cad>92</ns3:cad>
          </ns3:TrackPointExtension>
        </extensions>
      </trkpt>
      <trkpt lat="31.27730914391577243804931640625" lon="121.47633022628724575042724609375">
        <ele>7.400000095367431640625</ele>
        <time>2026-09-22T09:16:03.000Z</time>
        <extensions>
          <ns3:TrackPointExtension>
            <ns3:hr>158</ns3:hr>
            <ns3:cad>92</ns3:cad>
          </ns3:TrackPointExtension>
        </extensions>
      </trkpt>
      <trkpt lat="31.277281902730464935302734375" lon="121.4763542823493480682373046875">
        <ele>7.599999904632568359375</ele>
        <time>2026-09-22T09:16:04.000Z</time>
        <extensions>
          <ns3:TrackPointExtension>
            <ns3:hr>159</ns3:hr>
            <ns3:cad>93</ns3:cad>
          </ns3:TrackPointExtension>
        </extensions>
      </trkpt>
      <trkpt lat="31.2772552482783794403076171875" lon="121.47638118825852870941162109375">
        <ele>7.599999904632568359375</ele>
        <time>2026-09-22T09:16:05.000Z</time>
        <extensions>
          <ns3:TrackPointExtension>
            <ns3:hr>161</ns3:hr>
            <ns3:cad>93</ns3:cad>
          </ns3:TrackPointExtension>
        </extensions>
      </trkpt>
      <trkpt lat="31.2772301025688648223876953125" lon="121.476410441100597381591796875">
        <ele>7.80000019073486328125</ele>
        <time>2026-09-22T09:16:06.000Z</time>
        <extensions>
          <ns3:TrackPointExtension>
            <ns3:hr>161</ns3:hr>
            <ns3:cad>92</ns3:cad>
          </ns3:TrackPointExtension>
        </extensions>
      </trkpt>
      <trkpt lat="31.27720805816352367401123046875" lon="121.47644069977104663848876953125">
        <ele>7.80000019073486328125</ele>
        <time>2026-09-22T09:16:07.000Z</time>
        <extensions>
          <ns3:TrackPointExtension>
            <ns3:hr>162</ns3:hr>
            <ns3:cad>92</ns3:cad>
          </ns3:TrackPointExtension>
        </extensions>
      </trkpt>
      <trkpt lat="31.2771908752620220184326171875" lon="121.476468779146671295166015625">
        <ele>7.80000019073486328125</ele>
        <time>2026-09-22T09:16:08.000Z</time>
        <extensions>
          <ns3:TrackPointExtension>
            <ns3:hr>162</ns3:hr>
            <ns3:cad>92</ns3:cad>
          </ns3:TrackPointExtension>
        </extensions>
      </trkpt>
      <trkpt lat="31.27717251889407634735107421875" lon="121.47650239057838916778564453125">
        <ele>7.80000019073486328125</ele>
        <time>2026-09-22T09:16:09.000Z</time>
        <extensions>
          <ns3:TrackPointExtension>
            <ns3:hr>163</ns3:hr>
            <ns3:cad>92</ns3:cad>
          </ns3:TrackPointExtension>
        </extensions>
      </trkpt>
      <trkpt lat="31.277154497802257537841796875" lon="121.4765417017042636871337890625">
        <ele>7.80000019073486328125</ele>
        <time>2026-09-22T09:16:10.000Z</time>
        <extensions>
          <ns3:TrackPointExtension>
            <ns3:hr>163</ns3:hr>
            <ns3:cad>92</ns3:cad>
          </ns3:TrackPointExtension>
        </extensions>
      </trkpt>
      <trkpt lat="31.2771387398242950439453125" lon="121.4765851199626922607421875">
        <ele>7.80000019073486328125</ele>
        <time>2026-09-22T09:16:11.000Z</time>
        <extensions>
          <ns3:TrackPointExtension>
            <ns3:hr>163</ns3:hr>
            <ns3:cad>92</ns3:cad>
          </ns3:TrackPointExtension>
        </extensions>
      </trkpt>
      <trkpt lat="31.27712943591177463531494140625" lon="121.47661990486085414886474609375">
        <ele>7.80000019073486328125</ele>
        <time>2026-09-22T09:16:12.000Z</time>
        <extensions>
          <ns3:TrackPointExtension>
            <ns3:hr>163</ns3:hr>
            <ns3:cad>92</ns3:cad>
          </ns3:TrackPointExtension>
        </extensions>
      </trkpt>
      <trkpt lat="31.27711904235184192657470703125" lon="121.476669944822788238525390625">
        <ele>7.400000095367431640625</ele>
        <time>2026-09-22T09:16:13.000Z</time>
        <extensions>
          <ns3:TrackPointExtension>
            <ns3:hr>163</ns3:hr>
            <ns3:cad>91</ns3:cad>
          </ns3:TrackPointExtension>
        </extensions>
      </trkpt>
      <trkpt lat="31.27711468376219272613525390625" lon="121.47670003585517406463623046875">
        <ele>7.19999980926513671875</ele>
        <time>2026-09-22T09:16:14.000Z</time>
        <extensions>
          <ns3:TrackPointExtension>
            <ns3:hr>163</ns3:hr>
            <ns3:cad>91</ns3:cad>
          </ns3:TrackPointExtension>
        </extensions>
      </trkpt>
      <trkpt lat="31.277110911905765533447265625" lon="121.47674814797937870025634765625">
        <ele>6.80000019073486328125</ele>
        <time>2026-09-22T09:16:15.000Z</time>
        <extensions>
          <ns3:TrackPointExtension>
            <ns3:hr>163</ns3:hr>
            <ns3:cad>91</ns3:cad>
          </ns3:TrackPointExtension>
        </extensions>
      </trkpt>
      <trkpt lat="31.2771110795438289642333984375" lon="121.47678804583847522735595703125">
        <ele>6.599999904632568359375</ele>
        <time>2026-09-22T09:16:16.000Z</time>
        <extensions>
          <ns3:TrackPointExtension>
            <ns3:hr>163</ns3:hr>
            <ns3:cad>91</ns3:cad>
          </ns3:TrackPointExtension>
        </extensions>
      </trkpt>
      <trkpt lat="31.27711334265768527984619140625" lon="121.47682341746985912322998046875">
        <ele>6.400000095367431640625</ele>
        <time>2026-09-22T09:16:17.000Z</time>
        <extensions>
          <ns3:TrackPointExtension>
            <ns3:hr>163</ns3:hr>
            <ns3:cad>92</ns3:cad>
          </ns3:TrackPointExtension>
        </extensions>
      </trkpt>
      <trkpt lat="31.2771181203424930572509765625" lon="121.47686465643346309661865234375">
        <ele>6</ele>
        <time>2026-09-22T09:16:18.000Z</time>
        <extensions>
          <ns3:TrackPointExtension>
            <ns3:hr>163</ns3:hr>
            <ns3:cad>92</ns3:cad>
          </ns3:TrackPointExtension>
        </extensions>
      </trkpt>
      <trkpt lat="31.27712524496018886566162109375" lon="121.4769044704735279083251953125">
        <ele>6.19999980926513671875</ele>
        <time>2026-09-22T09:16:19.000Z</time>
        <extensions>
          <ns3:TrackPointExtension>
            <ns3:hr>163</ns3:hr>
            <ns3:cad>92</ns3:cad>
          </ns3:TrackPointExtension>
        </extensions>
      </trkpt>
      <trkpt lat="31.27713480032980442047119140625" lon="121.47693975828588008880615234375">
        <ele>6.400000095367431640625</ele>
        <time>2026-09-22T09:16:20.000Z</time>
        <extensions>
          <ns3:TrackPointExtension>
            <ns3:hr>164</ns3:hr>
            <ns3:cad>92</ns3:cad>
          </ns3:TrackPointExtension>
        </extensions>
      </trkpt>
      <trkpt lat="31.2771494686603546142578125" lon="121.476983763277530670166015625">
        <ele>6.599999904632568359375</ele>
        <time>2026-09-22T09:16:21.000Z</time>
        <extensions>
          <ns3:TrackPointExtension>
            <ns3:hr>164</ns3:hr>
            <ns3:cad>92</ns3:cad>
          </ns3:TrackPointExtension>
        </extensions>
      </trkpt>
      <trkpt lat="31.27716463990509510040283203125" lon="121.47702055983245372772216796875">
        <ele>6.80000019073486328125</ele>
        <time>2026-09-22T09:16:22.000Z</time>
        <extensions>
          <ns3:TrackPointExtension>
            <ns3:hr>164</ns3:hr>
            <ns3:cad>92</ns3:cad>
          </ns3:TrackPointExtension>
        </extensions>
      </trkpt>
      <trkpt lat="31.27718240953981876373291015625" lon="121.4770566858351230621337890625">
        <ele>7</ele>
        <time>2026-09-22T09:16:23.000Z</time>
        <extensions>
          <ns3:TrackPointExtension>
            <ns3:hr>164</ns3:hr>
            <ns3:cad>92</ns3:cad>
          </ns3:TrackPointExtension>
        </extensions>
      </trkpt>
      <trkpt lat="31.2772022746503353118896484375" lon="121.47708979435265064239501953125">
        <ele>7.19999980926513671875</ele>
        <time>2026-09-22T09:16:24.000Z</time>
        <extensions>
          <ns3:TrackPointExtension>
            <ns3:hr>164</ns3:hr>
            <ns3:cad>92</ns3:cad>
          </ns3:TrackPointExtension>
        </extensions>
      </trkpt>
      <trkpt lat="31.2772280909121036529541015625" lon="121.47712617181241512298583984375">
        <ele>7.400000095367431640625</ele>
        <time>2026-09-22T09:16:25.000Z</time>
        <extensions>
          <ns3:TrackPointExtension>
            <ns3:hr>165</ns3:hr>
            <ns3:cad>92</ns3:cad>
          </ns3:TrackPointExtension>
        </extensions>
      </trkpt>
      <trkpt lat="31.2772575952112674713134765625" lon="121.4771609567105770111083984375">
        <ele>7.599999904632568359375</ele>
        <time>2026-09-22T09:16:26.000Z</time>
        <extensions>
          <ns3:TrackPointExtension>
            <ns3:hr>165</ns3:hr>
            <ns3:cad>92</ns3:cad>
          </ns3:TrackPointExtension>
        </extensions>
      </trkpt>
      <trkpt lat="31.2772835791110992431640625" lon="121.47718685679137706756591796875">
        <ele>7.80000019073486328125</ele>
        <time>2026-09-22T09:16:27.000Z</time>
        <extensions>
          <ns3:TrackPointExtension>
            <ns3:hr>165</ns3:hr>
            <ns3:cad>92</ns3:cad>
          </ns3:TrackPointExtension>
        </extensions>
      </trkpt>
      <trkpt lat="31.27731375396251678466796875" lon="121.47721284069120883941650390625">
        <ele>8</ele>
        <time>2026-09-22T09:16:28.000Z</time>
        <extensions>
          <ns3:TrackPointExtension>
            <ns3:hr>165</ns3:hr>
            <ns3:cad>92</ns3:cad>
          </ns3:TrackPointExtension>
        </extensions>
      </trkpt>
      <trkpt lat="31.27734485082328319549560546875" lon="121.47723530419170856475830078125">
        <ele>8</ele>
        <time>2026-09-22T09:16:29.000Z</time>
        <extensions>
          <ns3:TrackPointExtension>
            <ns3:hr>165</ns3:hr>
            <ns3:cad>92</ns3:cad>
          </ns3:TrackPointExtension>
        </extensions>
      </trkpt>
      <trkpt lat="31.27737418748438358306884765625" lon="121.4772521518170833587646484375">
        <ele>8.19999980926513671875</ele>
        <time>2026-09-22T09:16:30.000Z</time>
        <extensions>
          <ns3:TrackPointExtension>
            <ns3:hr>165</ns3:hr>
            <ns3:cad>92</ns3:cad>
          </ns3:TrackPointExtension>
        </extensions>
      </trkpt>
      <trkpt lat="31.27740402705967426300048828125" lon="121.47726799361407756805419921875">
        <ele>8.19999980926513671875</ele>
        <time>2026-09-22T09:16:31.000Z</time>
        <extensions>
          <ns3:TrackPointExtension>
            <ns3:hr>165</ns3:hr>
            <ns3:cad>92</ns3:cad>
          </ns3:TrackPointExtension>
        </extensions>
      </trkpt>
      <trkpt lat="31.27743579447269439697265625" lon="121.47728375159204006195068359375">
        <ele>8</ele>
        <time>2026-09-22T09:16:32.000Z</time>
        <extensions>
          <ns3:TrackPointExtension>
            <ns3:hr>165</ns3:hr>
            <ns3:cad>92</ns3:cad>
          </ns3:TrackPointExtension>
        </extensions>
      </trkpt>
      <trkpt lat="31.27746538259088993072509765625" lon="121.4772984199225902557373046875">
        <ele>8</ele>
        <time>2026-09-22T09:16:33.000Z</time>
        <extensions>
          <ns3:TrackPointExtension>
            <ns3:hr>166</ns3:hr>
            <ns3:cad>92</ns3:cad>
          </ns3:TrackPointExtension>
        </extensions>
      </trkpt>
      <trkpt lat="31.27749622799456119537353515625" lon="121.47731375880539417266845703125">
        <ele>8</ele>
        <time>2026-09-22T09:16:34.000Z</time>
        <extensions>
          <ns3:TrackPointExtension>
            <ns3:hr>166</ns3:hr>
            <ns3:cad>92</ns3:cad>
          </ns3:TrackPointExtension>
        </extensions>
      </trkpt>
      <trkpt lat="31.27752657048404216766357421875" lon="121.47732876241207122802734375">
        <ele>7.80000019073486328125</ele>
        <time>2026-09-22T09:16:35.000Z</time>
        <extensions>
          <ns3:TrackPointExtension>
            <ns3:hr>167</ns3:hr>
            <ns3:cad>92</ns3:cad>
          </ns3:TrackPointExtension>
        </extensions>
      </trkpt>
      <trkpt lat="31.27756127156317234039306640625" lon="121.4773460291326045989990234375">
        <ele>7.80000019073486328125</ele>
        <time>2026-09-22T09:16:36.000Z</time>
        <extensions>
          <ns3:TrackPointExtension>
            <ns3:hr>167</ns3:hr>
            <ns3:cad>92</ns3:cad>
          </ns3:TrackPointExtension>
        </extensions>
      </trkpt>
      <trkpt lat="31.27759161405265331268310546875" lon="121.4773611165583133697509765625">
        <ele>7.80000019073486328125</ele>
        <time>2026-09-22T09:16:37.000Z</time>
        <extensions>
          <ns3:TrackPointExtension>
            <ns3:hr>168</ns3:hr>
            <ns3:cad>92</ns3:cad>
          </ns3:TrackPointExtension>
        </extensions>
      </trkpt>
      <trkpt lat="31.27764274366199970245361328125" lon="121.47738651372492313385009765625">
        <ele>8</ele>
        <time>2026-09-22T09:16:38.000Z</time>
        <extensions>
          <ns3:TrackPointExtension>
            <ns3:hr>167</ns3:hr>
            <ns3:cad>92</ns3:cad>
          </ns3:TrackPointExtension>
        </extensions>
      </trkpt>
      <trkpt lat="31.27764274366199970245361328125" lon="121.47738651372492313385009765625">
        <ele>8</ele>
        <time>2026-09-22T09:16:39.000Z</time>
        <extensions>
          <ns3:TrackPointExtension>
            <ns3:hr>167</ns3:hr>
            <ns3:cad>92</ns3:cad>
          </ns3:TrackPointExtension>
        </extensions>
      </trkpt>
      <trkpt lat="31.2776726670563220977783203125" lon="121.47740126587450504302978515625">
        <ele>8</ele>
        <time>2026-09-22T09:16:40.000Z</time>
        <extensions>
          <ns3:TrackPointExtension>
            <ns3:hr>167</ns3:hr>
            <ns3:cad>92</ns3:cad>
          </ns3:TrackPointExtension>
        </extensions>
      </trkpt>
      <trkpt lat="31.27769353799521923065185546875" lon="121.47741165943443775177001953125">
        <ele>8</ele>
        <time>2026-09-22T09:16:41.000Z</time>
        <extensions>
          <ns3:TrackPointExtension>
            <ns3:hr>167</ns3:hr>
            <ns3:cad>91</ns3:cad>
          </ns3:TrackPointExtension>
        </extensions>
      </trkpt>
      <trkpt lat="31.27772807143628597259521484375" lon="121.47742875851690769195556640625">
        <ele>8</ele>
        <time>2026-09-22T09:16:42.000Z</time>
        <extensions>
          <ns3:TrackPointExtension>
            <ns3:hr>167</ns3:hr>
            <ns3:cad>91</ns3:cad>
          </ns3:TrackPointExtension>
        </extensions>
      </trkpt>
      <trkpt lat="31.27775522880256175994873046875" lon="121.47744233720004558563232421875">
        <ele>8</ele>
        <time>2026-09-22T09:16:43.000Z</time>
        <extensions>
          <ns3:TrackPointExtension>
            <ns3:hr>167</ns3:hr>
            <ns3:cad>91</ns3:cad>
          </ns3:TrackPointExtension>
        </extensions>
      </trkpt>
      <trkpt lat="31.27777802757918834686279296875" lon="121.4774536527693271636962890625">
        <ele>8</ele>
        <time>2026-09-22T09:16:44.000Z</time>
        <extensions>
          <ns3:TrackPointExtension>
            <ns3:hr>168</ns3:hr>
            <ns3:cad>91</ns3:cad>
          </ns3:TrackPointExtension>
        </extensions>
      </trkpt>
      <trkpt lat="31.2778074480593204498291015625" lon="121.47746823728084564208984375">
        <ele>8</ele>
        <time>2026-09-22T09:16:45.000Z</time>
        <extensions>
          <ns3:TrackPointExtension>
            <ns3:hr>168</ns3:hr>
            <ns3:cad>91</ns3:cad>
          </ns3:TrackPointExtension>
        </extensions>
      </trkpt>
      <trkpt lat="31.2778366170823574066162109375" lon="121.47748273797333240509033203125">
        <ele>8</ele>
        <time>2026-09-22T09:16:46.000Z</time>
        <extensions>
          <ns3:TrackPointExtension>
            <ns3:hr>169</ns3:hr>
            <ns3:cad>91</ns3:cad>
          </ns3:TrackPointExtension>
        </extensions>
      </trkpt>
      <trkpt lat="31.2778647802770137786865234375" lon="121.47749581374228000640869140625">
        <ele>8</ele>
        <time>2026-09-22T09:16:47.000Z</time>
        <extensions>
          <ns3:TrackPointExtension>
            <ns3:hr>169</ns3:hr>
            <ns3:cad>91</ns3:cad>
          </ns3:TrackPointExtension>
        </extensions>
      </trkpt>
      <trkpt lat="31.277903504669666290283203125" lon="121.47751140408217906951904296875">
        <ele>8</ele>
        <time>2026-09-22T09:16:48.000Z</time>
        <extensions>
          <ns3:TrackPointExtension>
            <ns3:hr>169</ns3:hr>
            <ns3:cad>91</ns3:cad>
          </ns3:TrackPointExtension>
        </extensions>
      </trkpt>
      <trkpt lat="31.27793745137751102447509765625" lon="121.477521546185016632080078125">
        <ele>8</ele>
        <time>2026-09-22T09:16:49.000Z</time>
        <extensions>
          <ns3:TrackPointExtension>
            <ns3:hr>169</ns3:hr>
            <ns3:cad>91</ns3:cad>
          </ns3:TrackPointExtension>
        </extensions>
      </trkpt>
      <trkpt lat="31.2779569812119007110595703125" lon="121.47752531804144382476806640625">
        <ele>8.19999980926513671875</ele>
        <time>2026-09-22T09:16:50.000Z</time>
        <extensions>
          <ns3:TrackPointExtension>
            <ns3:hr>169</ns3:hr>
            <ns3:cad>91</ns3:cad>
          </ns3:TrackPointExtension>
        </extensions>
      </trkpt>
      <trkpt lat="31.27797315828502178192138671875" lon="121.47752816788852214813232421875">
        <ele>8.19999980926513671875</ele>
        <time>2026-09-22T09:16:51.000Z</time>
        <extensions>
          <ns3:TrackPointExtension>
            <ns3:hr>170</ns3:hr>
            <ns3:cad>91</ns3:cad>
          </ns3:TrackPointExtension>
        </extensions>
      </trkpt>
      <trkpt lat="31.27797491848468780517578125" lon="121.4775284193456172943115234375">
        <ele>8.19999980926513671875</ele>
        <time>2026-09-22T09:16:52.000Z</time>
        <extensions>
          <ns3:TrackPointExtension>
            <ns3:hr>170</ns3:hr>
            <ns3:cad>91</ns3:cad>
          </ns3:TrackPointExtension>
        </extensions>
      </trkpt>
      <trkpt lat="31.2779831327497959136962890625" lon="121.47752984426915645599365234375">
        <ele>8.3999996185302734375</ele>
        <time>2026-09-22T09:16:53.000Z</time>
        <extensions>
          <ns3:TrackPointExtension>
            <ns3:hr>170</ns3:hr>
            <ns3:cad>91</ns3:cad>
          </ns3:TrackPointExtension>
        </extensions>
      </trkpt>
      <trkpt lat="31.27799176611006259918212890625" lon="121.47753068245947360992431640625">
        <ele>8.3999996185302734375</ele>
        <time>2026-09-22T09:16:54.000Z</time>
        <extensions>
          <ns3:TrackPointExtension>
            <ns3:hr>168</ns3:hr>
            <ns3:cad>91</ns3:cad>
          </ns3:TrackPointExtension>
        </extensions>
      </trkpt>
      <trkpt lat="31.277991347014904022216796875" lon="121.47753068245947360992431640625">
        <ele>8.3999996185302734375</ele>
        <time>2026-09-22T09:16:55.000Z</time>
        <extensions>
          <ns3:TrackPointExtension>
            <ns3:hr>169</ns3:hr>
            <ns3:cad>91</ns3:cad>
          </ns3:TrackPointExtension>
        </extensions>
      </trkpt>
      <trkpt lat="31.27799847163259983062744140625" lon="121.4775311015546321868896484375">
        <ele>8.3999996185302734375</ele>
        <time>2026-09-22T09:16:56.000Z</time>
        <extensions>
          <ns3:TrackPointExtension>
            <ns3:hr>170</ns3:hr>
            <ns3:cad>91</ns3:cad>
          </ns3:TrackPointExtension>
        </extensions>
      </trkpt>
      <trkpt lat="31.27800643444061279296875" lon="121.47753152064979076385498046875">
        <ele>8.6000003814697265625</ele>
        <time>2026-09-22T09:16:57.000Z</time>
        <extensions>
          <ns3:TrackPointExtension>
            <ns3:hr>170</ns3:hr>
            <ns3:cad>91</ns3:cad>
          </ns3:TrackPointExtension>
        </extensions>
      </trkpt>
      <trkpt lat="31.27801842056214809417724609375" lon="121.47753219120204448699951171875">
        <ele>8.6000003814697265625</ele>
        <time>2026-09-22T09:16:58.000Z</time>
        <extensions>
          <ns3:TrackPointExtension>
            <ns3:hr>169</ns3:hr>
            <ns3:cad>91</ns3:cad>
          </ns3:TrackPointExtension>
        </extensions>
      </trkpt>
      <trkpt lat="31.27803166396915912628173828125" lon="121.47753286175429821014404296875">
        <ele>8.6000003814697265625</ele>
        <time>2026-09-22T09:16:59.000Z</time>
        <extensions>
          <ns3:TrackPointExtension>
            <ns3:hr>169</ns3:hr>
            <ns3:cad>0</ns3:cad>
          </ns3:TrackPointExtension>
        </extensions>
      </trkpt>
      <trkpt lat="31.2780438177287578582763671875" lon="121.47753219120204448699951171875">
        <ele>8.80000019073486328125</ele>
        <time>2026-09-22T09:17:00.000Z</time>
        <extensions>
          <ns3:TrackPointExtension>
            <ns3:hr>169</ns3:hr>
            <ns3:cad>0</ns3:cad>
          </ns3:TrackPointExtension>
        </extensions>
      </trkpt>
      <trkpt lat="31.2780511938035488128662109375" lon="121.47753168828785419464111328125">
        <ele>8.80000019073486328125</ele>
        <time>2026-09-22T09:17:01.000Z</time>
        <extensions>
          <ns3:TrackPointExtension>
            <ns3:hr>169</ns3:hr>
            <ns3:cad>0</ns3:cad>
          </ns3:TrackPointExtension>
        </extensions>
      </trkpt>
      <trkpt lat="31.27805530093610286712646484375" lon="121.4775314368307590484619140625">
        <ele>8.80000019073486328125</ele>
        <time>2026-09-22T09:17:02.000Z</time>
        <extensions>
          <ns3:TrackPointExtension>
            <ns3:hr>168</ns3:hr>
            <ns3:cad>51</ns3:cad>
          </ns3:TrackPointExtension>
        </extensions>
      </trkpt>
      <trkpt lat="31.2780646048486232757568359375" lon="121.47753085009753704071044921875">
        <ele>8.80000019073486328125</ele>
        <time>2026-09-22T09:17:03.000Z</time>
        <extensions>
          <ns3:TrackPointExtension>
            <ns3:hr>168</ns3:hr>
            <ns3:cad>51</ns3:cad>
          </ns3:TrackPointExtension>
        </extensions>
      </trkpt>
      <trkpt lat="31.27807256765663623809814453125" lon="121.477530263364315032958984375">
        <ele>8.80000019073486328125</ele>
        <time>2026-09-22T09:17:04.000Z</time>
        <extensions>
          <ns3:TrackPointExtension>
            <ns3:hr>168</ns3:hr>
            <ns3:cad>51</ns3:cad>
          </ns3:TrackPointExtension>
        </extensions>
      </trkpt>
      <trkpt lat="31.27806074917316436767578125" lon="121.4775311015546321868896484375">
        <ele>8.80000019073486328125</ele>
        <time>2026-09-22T09:17:05.000Z</time>
        <extensions>
          <ns3:TrackPointExtension>
            <ns3:hr>167</ns3:hr>
            <ns3:cad>51</ns3:cad>
          </ns3:TrackPointExtension>
        </extensions>
      </trkpt>
      <trkpt lat="31.2780428119003772735595703125" lon="121.47753219120204448699951171875">
        <ele>8.80000019073486328125</ele>
        <time>2026-09-22T09:17:06.000Z</time>
        <extensions>
          <ns3:TrackPointExtension>
            <ns3:hr>167</ns3:hr>
            <ns3:cad>51</ns3:cad>
          </ns3:TrackPointExtension>
        </extensions>
      </trkpt>
      <trkpt lat="31.27803702838718891143798828125" lon="121.47753261029720306396484375">
        <ele>8.80000019073486328125</ele>
        <time>2026-09-22T09:17:07.000Z</time>
        <extensions>
          <ns3:TrackPointExtension>
            <ns3:hr>167</ns3:hr>
            <ns3:cad>51</ns3:cad>
          </ns3:TrackPointExtension>
        </extensions>
      </trkpt>
      <trkpt lat="31.27803334034979343414306640625" lon="121.47753286175429821014404296875">
        <ele>8.6000003814697265625</ele>
        <time>2026-09-22T09:17:08.000Z</time>
        <extensions>
          <ns3:TrackPointExtension>
            <ns3:hr>167</ns3:hr>
            <ns3:cad>47</ns3:cad>
          </ns3:TrackPointExtension>
        </extensions>
      </trkpt>
      <trkpt lat="31.27802185714244842529296875" lon="121.47753235884010791778564453125">
        <ele>8.6000003814697265625</ele>
        <time>2026-09-22T09:17:09.000Z</time>
        <extensions>
          <ns3:TrackPointExtension>
            <ns3:hr>166</ns3:hr>
            <ns3:cad>0</ns3:cad>
          </ns3:TrackPointExtension>
        </extensions>
      </trkpt>
      <trkpt lat="31.27800936810672283172607421875" lon="121.47753168828785419464111328125">
        <ele>8.6000003814697265625</ele>
        <time>2026-09-22T09:17:10.000Z</time>
        <extensions>
          <ns3:TrackPointExtension>
            <ns3:hr>166</ns3:hr>
            <ns3:cad>0</ns3:cad>
          </ns3:TrackPointExtension>
        </extensions>
      </trkpt>
      <trkpt lat="31.27800308167934417724609375" lon="121.47753135301172733306884765625">
        <ele>8.3999996185302734375</ele>
        <time>2026-09-22T09:17:11.000Z</time>
        <extensions>
          <ns3:TrackPointExtension>
            <ns3:hr>166</ns3:hr>
            <ns3:cad>0</ns3:cad>
          </ns3:TrackPointExtension>
        </extensions>
      </trkpt>
      <trkpt lat="31.27799746580421924591064453125" lon="121.47753101773560047149658203125">
        <ele>8.3999996185302734375</ele>
        <time>2026-09-22T09:17:12.000Z</time>
        <extensions>
          <ns3:TrackPointExtension>
            <ns3:hr>165</ns3:hr>
            <ns3:cad>0</ns3:cad>
          </ns3:TrackPointExtension>
        </extensions>
      </trkpt>
      <trkpt lat="31.27799629233777523040771484375" lon="121.477530933916568756103515625">
        <ele>8.3999996185302734375</ele>
        <time>2026-09-22T09:17:13.000Z</time>
        <extensions>
          <ns3:TrackPointExtension>
            <ns3:hr>165</ns3:hr>
            <ns3:cad>0</ns3:cad>
          </ns3:TrackPointExtension>
        </extensions>
      </trkpt>
      <trkpt lat="31.277987994253635406494140625" lon="121.47753051482141017913818359375">
        <ele>8.3999996185302734375</ele>
        <time>2026-09-22T09:17:14.000Z</time>
        <extensions>
          <ns3:TrackPointExtension>
            <ns3:hr>165</ns3:hr>
            <ns3:cad>0</ns3:cad>
          </ns3:TrackPointExtension>
        </extensions>
      </trkpt>
      <trkpt lat="31.27798028290271759033203125" lon="121.47752934135496616363525390625">
        <ele>8.3999996185302734375</ele>
        <time>2026-09-22T09:17:15.000Z</time>
        <extensions>
          <ns3:TrackPointExtension>
            <ns3:hr>165</ns3:hr>
            <ns3:cad>0</ns3:cad>
          </ns3:TrackPointExtension>
        </extensions>
      </trkpt>
      <trkpt lat="31.27797357738018035888671875" lon="121.47752816788852214813232421875">
        <ele>8.19999980926513671875</ele>
        <time>2026-09-22T09:17:16.000Z</time>
        <extensions>
          <ns3:TrackPointExtension>
            <ns3:hr>165</ns3:hr>
            <ns3:cad>0</ns3:cad>
          </ns3:TrackPointExtension>
        </extensions>
      </trkpt>
      <trkpt lat="31.27796594984829425811767578125" lon="121.477526910603046417236328125">
        <ele>8.19999980926513671875</ele>
        <time>2026-09-22T09:17:17.000Z</time>
        <extensions>
          <ns3:TrackPointExtension>
            <ns3:hr>166</ns3:hr>
            <ns3:cad>0</ns3:cad>
          </ns3:TrackPointExtension>
        </extensions>
      </trkpt>
      <trkpt lat="31.27796016633510589599609375" lon="121.47752590477466583251953125">
        <ele>8.19999980926513671875</ele>
        <time>2026-09-22T09:17:18.000Z</time>
        <extensions>
          <ns3:TrackPointExtension>
            <ns3:hr>166</ns3:hr>
            <ns3:cad>0</ns3:cad>
          </ns3:TrackPointExtension>
        </extensions>
      </trkpt>
      <trkpt lat="31.27794667147099971771240234375" lon="121.477523557841777801513671875">
        <ele>8</ele>
        <time>2026-09-22T09:17:19.000Z</time>
        <extensions>
          <ns3:TrackPointExtension>
            <ns3:hr>166</ns3:hr>
            <ns3:cad>0</ns3:cad>
          </ns3:TrackPointExtension>
        </extensions>
      </trkpt>
      <trkpt lat="31.277939379215240478515625" lon="121.47752213291823863983154296875">
        <ele>8</ele>
        <time>2026-09-22T09:17:20.000Z</time>
        <extensions>
          <ns3:TrackPointExtension>
            <ns3:hr>166</ns3:hr>
            <ns3:cad>0</ns3:cad>
          </ns3:TrackPointExtension>
        </extensions>
      </trkpt>
      <trkpt lat="31.27794180996716022491455078125" lon="121.47752263583242893218994140625">
        <ele>8</ele>
        <time>2026-09-22T09:17:21.000Z</time>
        <extensions>
          <ns3:TrackPointExtension>
            <ns3:hr>166</ns3:hr>
            <ns3:cad>0</ns3:cad>
          </ns3:TrackPointExtension>
        </extensions>
      </trkpt>
      <trkpt lat="31.277947761118412017822265625" lon="121.4775237254798412322998046875">
        <ele>8</ele>
        <time>2026-09-22T09:17:22.000Z</time>
        <extensions>
          <ns3:TrackPointExtension>
            <ns3:hr>166</ns3:hr>
            <ns3:cad>0</ns3:cad>
          </ns3:TrackPointExtension>
        </extensions>
      </trkpt>
      <trkpt lat="31.27796041779220104217529296875" lon="121.47752590477466583251953125">
        <ele>8.19999980926513671875</ele>
        <time>2026-09-22T09:17:23.000Z</time>
        <extensions>
          <ns3:TrackPointExtension>
            <ns3:hr>165</ns3:hr>
            <ns3:cad>0</ns3:cad>
          </ns3:TrackPointExtension>
        </extensions>
      </trkpt>
      <trkpt lat="31.27797768451273441314697265625" lon="121.477528922259807586669921875">
        <ele>8.19999980926513671875</ele>
        <time>2026-09-22T09:17:24.000Z</time>
        <extensions>
          <ns3:TrackPointExtension>
            <ns3:hr>165</ns3:hr>
            <ns3:cad>0</ns3:cad>
          </ns3:TrackPointExtension>
        </extensions>
      </trkpt>
      <trkpt lat="31.27798103727400302886962890625" lon="121.47752950899302959442138671875">
        <ele>8.3999996185302734375</ele>
        <time>2026-09-22T09:17:25.000Z</time>
        <extensions>
          <ns3:TrackPointExtension>
            <ns3:hr>164</ns3:hr>
            <ns3:cad>0</ns3:cad>
          </ns3:TrackPointExtension>
        </extensions>
      </trkpt>
      <trkpt lat="31.27798573113977909088134765625" lon="121.47753034718334674835205078125">
        <ele>8.3999996185302734375</ele>
        <time>2026-09-22T09:17:26.000Z</time>
        <extensions>
          <ns3:TrackPointExtension>
            <ns3:hr>163</ns3:hr>
            <ns3:cad>0</ns3:cad>
          </ns3:TrackPointExtension>
        </extensions>
      </trkpt>
      <trkpt lat="31.2779931910336017608642578125" lon="121.4775307662785053253173828125">
        <ele>8.3999996185302734375</ele>
        <time>2026-09-22T09:17:27.000Z</time>
        <extensions>
          <ns3:TrackPointExtension>
            <ns3:hr>161</ns3:hr>
            <ns3:cad>0</ns3:cad>
          </ns3:TrackPointExtension>
        </extensions>
      </trkpt>
      <trkpt lat="31.27799696289002895355224609375" lon="121.47753101773560047149658203125">
        <ele>8.3999996185302734375</ele>
        <time>2026-09-22T09:17:28.000Z</time>
        <extensions>
          <ns3:TrackPointExtension>
            <ns3:hr>160</ns3:hr>
            <ns3:cad>0</ns3:cad>
          </ns3:TrackPointExtension>
        </extensions>
      </trkpt>
      <trkpt lat="31.2780009023845195770263671875" lon="121.47753118537366390228271484375">
        <ele>8.3999996185302734375</ele>
        <time>2026-09-22T09:17:29.000Z</time>
        <extensions>
          <ns3:TrackPointExtension>
            <ns3:hr>158</ns3:hr>
            <ns3:cad>0</ns3:cad>
          </ns3:TrackPointExtension>
        </extensions>
      </trkpt>
      <trkpt lat="31.27801104448735713958740234375" lon="121.4775317721068859100341796875">
        <ele>8.6000003814697265625</ele>
        <time>2026-09-22T09:17:30.000Z</time>
        <extensions>
          <ns3:TrackPointExtension>
            <ns3:hr>157</ns3:hr>
            <ns3:cad>0</ns3:cad>
          </ns3:TrackPointExtension>
        </extensions>
      </trkpt>
      <trkpt lat="31.27802361734211444854736328125" lon="121.4775324426591396331787109375">
        <ele>8.6000003814697265625</ele>
        <time>2026-09-22T09:17:31.000Z</time>
        <extensions>
          <ns3:TrackPointExtension>
            <ns3:hr>156</ns3:hr>
            <ns3:cad>0</ns3:cad>
          </ns3:TrackPointExtension>
        </extensions>
      </trkpt>
      <trkpt lat="31.2780347652733325958251953125" lon="121.47753269411623477935791015625">
        <ele>8.80000019073486328125</ele>
        <time>2026-09-22T09:17:32.000Z</time>
        <extensions>
          <ns3:TrackPointExtension>
            <ns3:hr>155</ns3:hr>
            <ns3:cad>0</ns3:cad>
          </ns3:TrackPointExtension>
        </extensions>
      </trkpt>
      <trkpt lat="31.27804373390972614288330078125" lon="121.47753219120204448699951171875">
        <ele>8.80000019073486328125</ele>
        <time>2026-09-22T09:17:33.000Z</time>
        <extensions>
          <ns3:TrackPointExtension>
            <ns3:hr>154</ns3:hr>
            <ns3:cad>0</ns3:cad>
          </ns3:TrackPointExtension>
        </extensions>
      </trkpt>
      <trkpt lat="31.27804708667099475860595703125" lon="121.4775319397449493408203125">
        <ele>8.80000019073486328125</ele>
        <time>2026-09-22T09:17:34.000Z</time>
        <extensions>
          <ns3:TrackPointExtension>
            <ns3:hr>153</ns3:hr>
            <ns3:cad>0</ns3:cad>
          </ns3:TrackPointExtension>
        </extensions>
      </trkpt>
      <trkpt lat="31.27805278636515140533447265625" lon="121.477531604468822479248046875">
        <ele>8.80000019073486328125</ele>
        <time>2026-09-22T09:17:35.000Z</time>
        <extensions>
          <ns3:TrackPointExtension>
            <ns3:hr>152</ns3:hr>
            <ns3:cad>0</ns3:cad>
          </ns3:TrackPointExtension>
        </extensions>
      </trkpt>
      <trkpt lat="31.278057061135768890380859375" lon="121.47753126919269561767578125">
        <ele>8.80000019073486328125</ele>
        <time>2026-09-22T09:17:36.000Z</time>
        <extensions>
          <ns3:TrackPointExtension>
            <ns3:hr>152</ns3:hr>
            <ns3:cad>0</ns3:cad>
          </ns3:TrackPointExtension>
        </extensions>
      </trkpt>
      <trkpt lat="31.27805664204061031341552734375" lon="121.47753135301172733306884765625">
        <ele>8.80000019073486328125</ele>
        <time>2026-09-22T09:17:37.000Z</time>
        <extensions>
          <ns3:TrackPointExtension>
            <ns3:hr>150</ns3:hr>
            <ns3:cad>0</ns3:cad>
          </ns3:TrackPointExtension>
        </extensions>
      </trkpt>
      <trkpt lat="31.27806217409670352935791015625" lon="121.477530933916568756103515625">
        <ele>8.80000019073486328125</ele>
        <time>2026-09-22T09:17:38.000Z</time>
        <extensions>
          <ns3:TrackPointExtension>
            <ns3:hr>149</ns3:hr>
            <ns3:cad>0</ns3:cad>
          </ns3:TrackPointExtension>
        </extensions>
      </trkpt>
      <trkpt lat="31.27806879580020904541015625" lon="121.47753051482141017913818359375">
        <ele>8.80000019073486328125</ele>
        <time>2026-09-22T09:17:39.000Z</time>
        <extensions>
          <ns3:TrackPointExtension>
            <ns3:hr>148</ns3:hr>
            <ns3:cad>0</ns3:cad>
          </ns3:TrackPointExtension>
        </extensions>
      </trkpt>
      <trkpt lat="31.278079189360141754150390625" lon="121.4775297604501247406005859375">
        <ele>8.80000019073486328125</ele>
        <time>2026-09-22T09:17:40.000Z</time>
        <extensions>
          <ns3:TrackPointExtension>
            <ns3:hr>147</ns3:hr>
            <ns3:cad>48</ns3:cad>
          </ns3:TrackPointExtension>
        </extensions>
      </trkpt>
      <trkpt lat="31.27808329649269580841064453125" lon="121.47752900607883930206298828125">
        <ele>8.80000019073486328125</ele>
        <time>2026-09-22T09:17:41.000Z</time>
        <extensions>
          <ns3:TrackPointExtension>
            <ns3:hr>145</ns3:hr>
            <ns3:cad>48</ns3:cad>
          </ns3:TrackPointExtension>
        </extensions>
      </trkpt>
      <trkpt lat="31.2780894152820110321044921875" lon="121.477527916431427001953125">
        <ele>9</ele>
        <time>2026-09-22T09:17:42.000Z</time>
        <extensions>
          <ns3:TrackPointExtension>
            <ns3:hr>143</ns3:hr>
            <ns3:cad>48</ns3:cad>
          </ns3:TrackPointExtension>
        </extensions>
      </trkpt>
      <trkpt lat="31.2780964560806751251220703125" lon="121.4775265753269195556640625">
        <ele>9</ele>
        <time>2026-09-22T09:17:43.000Z</time>
        <extensions>
          <ns3:TrackPointExtension>
            <ns3:hr>142</ns3:hr>
            <ns3:cad>48</ns3:cad>
          </ns3:TrackPointExtension>
        </extensions>
      </trkpt>
      <trkpt lat="31.27810140140354633331298828125" lon="121.47752565331757068634033203125">
        <ele>9</ele>
        <time>2026-09-22T09:17:44.000Z</time>
        <extensions>
          <ns3:TrackPointExtension>
            <ns3:hr>140</ns3:hr>
            <ns3:cad>47</ns3:cad>
          </ns3:TrackPointExtension>
        </extensions>
      </trkpt>
      <trkpt lat="31.27810911275446414947509765625" lon="121.477524228394031524658203125">
        <ele>9</ele>
        <time>2026-09-22T09:17:45.000Z</time>
        <extensions>
          <ns3:TrackPointExtension>
            <ns3:hr>139</ns3:hr>
            <ns3:cad>47</ns3:cad>
          </ns3:TrackPointExtension>
        </extensions>
      </trkpt>
      <trkpt lat="31.27811548300087451934814453125" lon="121.4775230549275875091552734375">
        <ele>9</ele>
        <time>2026-09-22T09:17:46.000Z</time>
        <extensions>
          <ns3:TrackPointExtension>
            <ns3:hr>137</ns3:hr>
            <ns3:cad>47</ns3:cad>
          </ns3:TrackPointExtension>
        </extensions>
      </trkpt>
      <trkpt lat="31.278123445808887481689453125" lon="121.47752163000404834747314453125">
        <ele>9</ele>
        <time>2026-09-22T09:17:47.000Z</time>
        <extensions>
          <ns3:TrackPointExtension>
            <ns3:hr>135</ns3:hr>
            <ns3:cad>47</ns3:cad>
          </ns3:TrackPointExtension>
        </extensions>
      </trkpt>
      <trkpt lat="31.27813241444528102874755859375" lon="121.477518863976001739501953125">
        <ele>9</ele>
        <time>2026-09-22T09:17:48.000Z</time>
        <extensions>
          <ns3:TrackPointExtension>
            <ns3:hr>134</ns3:hr>
            <ns3:cad>48</ns3:cad>
          </ns3:TrackPointExtension>
        </extensions>
      </trkpt>
      <trkpt lat="31.278136856853961944580078125" lon="121.477517522871494293212890625">
        <ele>9</ele>
        <time>2026-09-22T09:17:49.000Z</time>
        <extensions>
          <ns3:TrackPointExtension>
            <ns3:hr>132</ns3:hr>
            <ns3:cad>47</ns3:cad>
          </ns3:TrackPointExtension>
        </extensions>
      </trkpt>
      <trkpt lat="31.27814297564327716827392578125" lon="121.47751559503376483917236328125">
        <ele>9</ele>
        <time>2026-09-22T09:17:50.000Z</time>
        <extensions>
          <ns3:TrackPointExtension>
            <ns3:hr>131</ns3:hr>
            <ns3:cad>0</ns3:cad>
          </ns3:TrackPointExtension>
        </extensions>
      </trkpt>
      <trkpt lat="31.27814934588968753814697265625" lon="121.4775136671960353851318359375">
        <ele>9</ele>
        <time>2026-09-22T09:17:51.000Z</time>
        <extensions>
          <ns3:TrackPointExtension>
            <ns3:hr>129</ns3:hr>
            <ns3:cad>0</ns3:cad>
          </ns3:TrackPointExtension>
        </extensions>
      </trkpt>
      <trkpt lat="31.2781571410596370697021484375" lon="121.47751123644411563873291015625">
        <ele>9</ele>
        <time>2026-09-22T09:17:52.000Z</time>
        <extensions>
          <ns3:TrackPointExtension>
            <ns3:hr>129</ns3:hr>
            <ns3:cad>0</ns3:cad>
          </ns3:TrackPointExtension>
        </extensions>
      </trkpt>
      <trkpt lat="31.27816845662891864776611328125" lon="121.47750771604478359222412109375">
        <ele>9.19999980926513671875</ele>
        <time>2026-09-22T09:17:53.000Z</time>
        <extensions>
          <ns3:TrackPointExtension>
            <ns3:hr>128</ns3:hr>
            <ns3:cad>49</ns3:cad>
          </ns3:TrackPointExtension>
        </extensions>
      </trkpt>
      <trkpt lat="31.2781739048659801483154296875" lon="121.47750536911189556121826171875">
        <ele>9.19999980926513671875</ele>
        <time>2026-09-22T09:17:54.000Z</time>
        <extensions>
          <ns3:TrackPointExtension>
            <ns3:hr>127</ns3:hr>
            <ns3:cad>49</ns3:cad>
          </ns3:TrackPointExtension>
        </extensions>
      </trkpt>
      <trkpt lat="31.278180778026580810546875" lon="121.47750235162675380706787109375">
        <ele>9.19999980926513671875</ele>
        <time>2026-09-22T09:17:55.000Z</time>
        <extensions>
          <ns3:TrackPointExtension>
            <ns3:hr>127</ns3:hr>
            <ns3:cad>49</ns3:cad>
          </ns3:TrackPointExtension>
        </extensions>
      </trkpt>
      <trkpt lat="31.2781876511871814727783203125" lon="121.47749933414161205291748046875">
        <ele>9.19999980926513671875</ele>
        <time>2026-09-22T09:17:56.000Z</time>
        <extensions>
          <ns3:TrackPointExtension>
            <ns3:hr>126</ns3:hr>
            <ns3:cad>49</ns3:cad>
          </ns3:TrackPointExtension>
        </extensions>
      </trkpt>
      <trkpt lat="31.27819108776748180389404296875" lon="121.47749782539904117584228515625">
        <ele>9.19999980926513671875</ele>
        <time>2026-09-22T09:17:57.000Z</time>
        <extensions>
          <ns3:TrackPointExtension>
            <ns3:hr>126</ns3:hr>
            <ns3:cad>48</ns3:cad>
          </ns3:TrackPointExtension>
        </extensions>
      </trkpt>
      <trkpt lat="31.27819997258484363555908203125" lon="121.4774938859045505523681640625">
        <ele>9.19999980926513671875</ele>
        <time>2026-09-22T09:17:58.000Z</time>
        <extensions>
          <ns3:TrackPointExtension>
            <ns3:hr>125</ns3:hr>
            <ns3:cad>48</ns3:cad>
          </ns3:TrackPointExtension>
        </extensions>
      </trkpt>
      <trkpt lat="31.278212964534759521484375" lon="121.477488018572330474853515625">
        <ele>9.19999980926513671875</ele>
        <time>2026-09-22T09:17:59.000Z</time>
        <extensions>
          <ns3:TrackPointExtension>
            <ns3:hr>124</ns3:hr>
            <ns3:cad>48</ns3:cad>
          </ns3:TrackPointExtension>
        </extensions>
      </trkpt>
      <trkpt lat="31.27821891568601131439208984375" lon="121.4774844981729984283447265625">
        <ele>9.19999980926513671875</ele>
        <time>2026-09-22T09:18:00.000Z</time>
        <extensions>
          <ns3:TrackPointExtension>
            <ns3:hr>123</ns3:hr>
            <ns3:cad>47</ns3:cad>
          </ns3:TrackPointExtension>
        </extensions>
      </trkpt>
      <trkpt lat="31.27822578884661197662353515625" lon="121.47748055867850780487060546875">
        <ele>9.19999980926513671875</ele>
        <time>2026-09-22T09:18:01.000Z</time>
        <extensions>
          <ns3:TrackPointExtension>
            <ns3:hr>123</ns3:hr>
            <ns3:cad>47</ns3:cad>
          </ns3:TrackPointExtension>
        </extensions>
      </trkpt>
      <trkpt lat="31.27822645939886569976806640625" lon="121.47748022340238094329833984375">
        <ele>9.19999980926513671875</ele>
        <time>2026-09-22T09:18:02.000Z</time>
        <extensions>
          <ns3:TrackPointExtension>
            <ns3:hr>122</ns3:hr>
            <ns3:cad>47</ns3:cad>
          </ns3:TrackPointExtension>
        </extensions>
      </trkpt>
      <trkpt lat="31.27823031507432460784912109375" lon="121.477477960288524627685546875">
        <ele>9.19999980926513671875</ele>
        <time>2026-09-22T09:18:03.000Z</time>
        <extensions>
          <ns3:TrackPointExtension>
            <ns3:hr>121</ns3:hr>
            <ns3:cad>47</ns3:cad>
          </ns3:TrackPointExtension>
        </extensions>
      </trkpt>
      <trkpt lat="31.27823584713041782379150390625" lon="121.4774747751653194427490234375">
        <ele>9.3999996185302734375</ele>
        <time>2026-09-22T09:18:04.000Z</time>
        <extensions>
          <ns3:TrackPointExtension>
            <ns3:hr>119</ns3:hr>
            <ns3:cad>47</ns3:cad>
          </ns3:TrackPointExtension>
        </extensions>
      </trkpt>
      <trkpt lat="31.27824573777616024017333984375" lon="121.47746899165213108062744140625">
        <ele>9.3999996185302734375</ele>
        <time>2026-09-22T09:18:05.000Z</time>
        <extensions>
          <ns3:TrackPointExtension>
            <ns3:hr>119</ns3:hr>
            <ns3:cad>47</ns3:cad>
          </ns3:TrackPointExtension>
        </extensions>
      </trkpt>
      <trkpt lat="31.27825177274644374847412109375" lon="121.47746547125279903411865234375">
        <ele>9.3999996185302734375</ele>
        <time>2026-09-22T09:18:06.000Z</time>
        <extensions>
          <ns3:TrackPointExtension>
            <ns3:hr>117</ns3:hr>
            <ns3:cad>47</ns3:cad>
          </ns3:TrackPointExtension>
        </extensions>
      </trkpt>
      <trkpt lat="31.2782580591738224029541015625" lon="121.4774610288441181182861328125">
        <ele>9.6000003814697265625</ele>
        <time>2026-09-22T09:18:07.000Z</time>
        <extensions>
          <ns3:TrackPointExtension>
            <ns3:hr>116</ns3:hr>
            <ns3:cad>46</ns3:cad>
          </ns3:TrackPointExtension>
        </extensions>
      </trkpt>
      <trkpt lat="31.27826434560120105743408203125" lon="121.47745641879737377166748046875">
        <ele>9.6000003814697265625</ele>
        <time>2026-09-22T09:18:08.000Z</time>
        <extensions>
          <ns3:TrackPointExtension>
            <ns3:hr>116</ns3:hr>
            <ns3:cad>45</ns3:cad>
          </ns3:TrackPointExtension>
        </extensions>
      </trkpt>
      <trkpt lat="31.278273649513721466064453125" lon="121.47744954563677310943603515625">
        <ele>9.80000019073486328125</ele>
        <time>2026-09-22T09:18:09.000Z</time>
        <extensions>
          <ns3:TrackPointExtension>
            <ns3:hr>115</ns3:hr>
            <ns3:cad>45</ns3:cad>
          </ns3:TrackPointExtension>
        </extensions>
      </trkpt>
      <trkpt lat="31.2782791815698146820068359375" lon="121.47744543850421905517578125">
        <ele>9.80000019073486328125</ele>
        <time>2026-09-22T09:18:10.000Z</time>
        <extensions>
          <ns3:TrackPointExtension>
            <ns3:hr>114</ns3:hr>
            <ns3:cad>45</ns3:cad>
          </ns3:TrackPointExtension>
        </extensions>
      </trkpt>
      <trkpt lat="31.27828295342624187469482421875" lon="121.47744267247617244720458984375">
        <ele>10</ele>
        <time>2026-09-22T09:18:11.000Z</time>
        <extensions>
          <ns3:TrackPointExtension>
            <ns3:hr>114</ns3:hr>
            <ns3:cad>45</ns3:cad>
          </ns3:TrackPointExtension>
        </extensions>
      </trkpt>
      <trkpt lat="31.278285719454288482666015625" lon="121.47744066081941127777099609375">
        <ele>10</ele>
        <time>2026-09-22T09:18:12.000Z</time>
        <extensions>
          <ns3:TrackPointExtension>
            <ns3:hr>114</ns3:hr>
            <ns3:cad>0</ns3:cad>
          </ns3:TrackPointExtension>
        </extensions>
      </trkpt>
      <trkpt lat="31.27829284407198429107666015625" lon="121.4774352125823497772216796875">
        <ele>10.19999980926513671875</ele>
        <time>2026-09-22T09:18:13.000Z</time>
        <extensions>
          <ns3:TrackPointExtension>
            <ns3:hr>114</ns3:hr>
            <ns3:cad>0</ns3:cad>
          </ns3:TrackPointExtension>
        </extensions>
      </trkpt>
      <trkpt lat="31.27829032950103282928466796875" lon="121.47743730805814266204833984375">
        <ele>10</ele>
        <time>2026-09-22T09:18:14.000Z</time>
        <extensions>
          <ns3:TrackPointExtension>
            <ns3:hr>114</ns3:hr>
            <ns3:cad>0</ns3:cad>
          </ns3:TrackPointExtension>
        </extensions>
      </trkpt>
      <trkpt lat="31.27829837612807750701904296875" lon="121.4774301834404468536376953125">
        <ele>10.19999980926513671875</ele>
        <time>2026-09-22T09:18:15.000Z</time>
        <extensions>
          <ns3:TrackPointExtension>
            <ns3:hr>113</ns3:hr>
            <ns3:cad>0</ns3:cad>
          </ns3:TrackPointExtension>
        </extensions>
      </trkpt>
      <trkpt lat="31.27830692566931247711181640625" lon="121.477422304451465606689453125">
        <ele>10.3999996185302734375</ele>
        <time>2026-09-22T09:18:16.000Z</time>
        <extensions>
          <ns3:TrackPointExtension>
            <ns3:hr>113</ns3:hr>
            <ns3:cad>0</ns3:cad>
          </ns3:TrackPointExtension>
        </extensions>
      </trkpt>
      <trkpt lat="31.278315223753452301025390625" lon="121.4774147607386112213134765625">
        <ele>10.3999996185302734375</ele>
        <time>2026-09-22T09:18:17.000Z</time>
        <extensions>
          <ns3:TrackPointExtension>
            <ns3:hr>112</ns3:hr>
            <ns3:cad>0</ns3:cad>
          </ns3:TrackPointExtension>
        </extensions>
      </trkpt>
      <trkpt lat="31.2783234380185604095458984375" lon="121.4774072170257568359375">
        <ele>10.6000003814697265625</ele>
        <time>2026-09-22T09:18:18.000Z</time>
        <extensions>
          <ns3:TrackPointExtension>
            <ns3:hr>112</ns3:hr>
            <ns3:cad>0</ns3:cad>
          </ns3:TrackPointExtension>
        </extensions>
      </trkpt>
      <trkpt lat="31.2783294729888439178466796875" lon="121.47740143351256847381591796875">
        <ele>10.6000003814697265625</ele>
        <time>2026-09-22T09:18:19.000Z</time>
        <extensions>
          <ns3:TrackPointExtension>
            <ns3:hr>113</ns3:hr>
            <ns3:cad>0</ns3:cad>
          </ns3:TrackPointExtension>
        </extensions>
      </trkpt>
      <trkpt lat="31.27833927981555461883544921875" lon="121.47739045321941375732421875">
        <ele>10.80000019073486328125</ele>
        <time>2026-09-22T09:18:20.000Z</time>
        <extensions>
          <ns3:TrackPointExtension>
            <ns3:hr>113</ns3:hr>
            <ns3:cad>0</ns3:cad>
          </ns3:TrackPointExtension>
        </extensions>
      </trkpt>
      <trkpt lat="31.2783482484519481658935546875" lon="121.47738039493560791015625">
        <ele>11</ele>
        <time>2026-09-22T09:18:21.000Z</time>
        <extensions>
          <ns3:TrackPointExtension>
            <ns3:hr>112</ns3:hr>
            <ns3:cad>0</ns3:cad>
          </ns3:TrackPointExtension>
        </extensions>
      </trkpt>
      <trkpt lat="31.278352439403533935546875" lon="121.47737570106983184814453125">
        <ele>11</ele>
        <time>2026-09-22T09:18:22.000Z</time>
        <extensions>
          <ns3:TrackPointExtension>
            <ns3:hr>112</ns3:hr>
            <ns3:cad>0</ns3:cad>
          </ns3:TrackPointExtension>
        </extensions>
      </trkpt>
      <trkpt lat="31.27835721708834171295166015625" lon="121.47737033665180206298828125">
        <ele>11</ele>
        <time>2026-09-22T09:18:23.000Z</time>
        <extensions>
          <ns3:TrackPointExtension>
            <ns3:hr>111</ns3:hr>
            <ns3:cad>0</ns3:cad>
          </ns3:TrackPointExtension>
        </extensions>
      </trkpt>
      <trkpt lat="31.2783693708479404449462890625" lon="121.4773547463119029998779296875">
        <ele>11.19999980926513671875</ele>
        <time>2026-09-22T09:18:24.000Z</time>
        <extensions>
          <ns3:TrackPointExtension>
            <ns3:hr>111</ns3:hr>
            <ns3:cad>0</ns3:cad>
          </ns3:TrackPointExtension>
        </extensions>
      </trkpt>
      <trkpt lat="31.2783703766763210296630859375" lon="121.47735332138836383819580078125">
        <ele>11.19999980926513671875</ele>
        <time>2026-09-22T09:18:25.000Z</time>
        <extensions>
          <ns3:TrackPointExtension>
            <ns3:hr>110</ns3:hr>
            <ns3:cad>0</ns3:cad>
          </ns3:TrackPointExtension>
        </extensions>
      </trkpt>
      <trkpt lat="31.27837884239852428436279296875" lon="121.47734158672392368316650390625">
        <ele>11.3999996185302734375</ele>
        <time>2026-09-22T09:18:26.000Z</time>
        <extensions>
          <ns3:TrackPointExtension>
            <ns3:hr>108</ns3:hr>
            <ns3:cad>47</ns3:cad>
          </ns3:TrackPointExtension>
        </extensions>
      </trkpt>
      <trkpt lat="31.27838437445461750030517578125" lon="121.47733404301106929779052734375">
        <ele>11.3999996185302734375</ele>
        <time>2026-09-22T09:18:27.000Z</time>
        <extensions>
          <ns3:TrackPointExtension>
            <ns3:hr>108</ns3:hr>
            <ns3:cad>47</ns3:cad>
          </ns3:TrackPointExtension>
        </extensions>
      </trkpt>
      <trkpt lat="31.27838672138750553131103515625" lon="121.47733085788786411285400390625">
        <ele>11.3999996185302734375</ele>
        <time>2026-09-22T09:18:28.000Z</time>
        <extensions>
          <ns3:TrackPointExtension>
            <ns3:hr>107</ns3:hr>
            <ns3:cad>47</ns3:cad>
          </ns3:TrackPointExtension>
        </extensions>
      </trkpt>
      <trkpt lat="31.27839359454810619354248046875" lon="121.47732063196599483489990234375">
        <ele>11.3999996185302734375</ele>
        <time>2026-09-22T09:18:29.000Z</time>
        <extensions>
          <ns3:TrackPointExtension>
            <ns3:hr>106</ns3:hr>
            <ns3:cad>47</ns3:cad>
          </ns3:TrackPointExtension>
        </extensions>
      </trkpt>
      <trkpt lat="31.27839728258550167083740234375" lon="121.477314345538616180419921875">
        <ele>11.3999996185302734375</ele>
        <time>2026-09-22T09:18:30.000Z</time>
        <extensions>
          <ns3:TrackPointExtension>
            <ns3:hr>106</ns3:hr>
            <ns3:cad>47</ns3:cad>
          </ns3:TrackPointExtension>
        </extensions>
      </trkpt>
      <trkpt lat="31.278407759964466094970703125" lon="121.47729657590389251708984375">
        <ele>11.19999980926513671875</ele>
        <time>2026-09-22T09:18:31.000Z</time>
        <extensions>
          <ns3:TrackPointExtension>
            <ns3:hr>106</ns3:hr>
            <ns3:cad>48</ns3:cad>
          </ns3:TrackPointExtension>
        </extensions>
      </trkpt>
      <trkpt lat="31.2784146331250667572021484375" lon="121.47728492505848407745361328125">
        <ele>11.19999980926513671875</ele>
        <time>2026-09-22T09:18:32.000Z</time>
        <extensions>
          <ns3:TrackPointExtension>
            <ns3:hr>106</ns3:hr>
            <ns3:cad>48</ns3:cad>
          </ns3:TrackPointExtension>
        </extensions>
      </trkpt>
      <trkpt lat="31.27841882407665252685546875" lon="121.4772772975265979766845703125">
        <ele>11.19999980926513671875</ele>
        <time>2026-09-22T09:18:33.000Z</time>
        <extensions>
          <ns3:TrackPointExtension>
            <ns3:hr>106</ns3:hr>
            <ns3:cad>0</ns3:cad>
          </ns3:TrackPointExtension>
        </extensions>
      </trkpt>
      <trkpt lat="31.27841949462890625" lon="121.477275788784027099609375">
        <ele>11.19999980926513671875</ele>
        <time>2026-09-22T09:18:34.000Z</time>
        <extensions>
          <ns3:TrackPointExtension>
            <ns3:hr>106</ns3:hr>
            <ns3:cad>0</ns3:cad>
          </ns3:TrackPointExtension>
        </extensions>
      </trkpt>
      <trkpt lat="31.27842209301888942718505859375" lon="121.47727017290890216827392578125">
        <ele>11</ele>
        <time>2026-09-22T09:18:35.000Z</time>
        <extensions>
          <ns3:TrackPointExtension>
            <ns3:hr>105</ns3:hr>
            <ns3:cad>0</ns3:cad>
          </ns3:TrackPointExtension>
        </extensions>
      </trkpt>
      <trkpt lat="31.2784181535243988037109375" lon="121.4772786386311054229736328125">
        <ele>11.19999980926513671875</ele>
        <time>2026-09-22T09:18:36.000Z</time>
        <extensions>
          <ns3:TrackPointExtension>
            <ns3:hr>105</ns3:hr>
            <ns3:cad>0</ns3:cad>
          </ns3:TrackPointExtension>
        </extensions>
      </trkpt>
      <trkpt lat="31.2784092687070369720458984375" lon="121.4772940613329410552978515625">
        <ele>11.19999980926513671875</ele>
        <time>2026-09-22T09:18:37.000Z</time>
        <extensions>
          <ns3:TrackPointExtension>
            <ns3:hr>105</ns3:hr>
            <ns3:cad>0</ns3:cad>
          </ns3:TrackPointExtension>
        </extensions>
      </trkpt>
      <trkpt lat="31.27841119654476642608642578125" lon="121.4772907085716724395751953125">
        <ele>11.19999980926513671875</ele>
        <time>2026-09-22T09:18:38.000Z</time>
        <extensions>
          <ns3:TrackPointExtension>
            <ns3:hr>105</ns3:hr>
            <ns3:cad>0</ns3:cad>
          </ns3:TrackPointExtension>
        </extensions>
      </trkpt>
      <trkpt lat="31.278404407203197479248046875" lon="121.47730235941708087921142578125">
        <ele>11.3999996185302734375</ele>
        <time>2026-09-22T09:18:39.000Z</time>
        <extensions>
          <ns3:TrackPointExtension>
            <ns3:hr>104</ns3:hr>
            <ns3:cad>0</ns3:cad>
          </ns3:TrackPointExtension>
        </extensions>
      </trkpt>
      <trkpt lat="31.2783951871097087860107421875" lon="121.47731794975697994232177734375">
        <ele>11.3999996185302734375</ele>
        <time>2026-09-22T09:18:40.000Z</time>
        <extensions>
          <ns3:TrackPointExtension>
            <ns3:hr>104</ns3:hr>
            <ns3:cad>0</ns3:cad>
          </ns3:TrackPointExtension>
        </extensions>
      </trkpt>
      <trkpt lat="31.2783958576619625091552734375" lon="121.47731669247150421142578125">
        <ele>11.3999996185302734375</ele>
        <time>2026-09-22T09:18:41.000Z</time>
        <extensions>
          <ns3:TrackPointExtension>
            <ns3:hr>104</ns3:hr>
            <ns3:cad>0</ns3:cad>
          </ns3:TrackPointExtension>
        </extensions>
      </trkpt>
      <trkpt lat="31.27839342691004276275634765625" lon="121.47732096724212169647216796875">
        <ele>11.6000003814697265625</ele>
        <time>2026-09-22T09:18:42.000Z</time>
        <extensions>
          <ns3:TrackPointExtension>
            <ns3:hr>104</ns3:hr>
            <ns3:cad>0</ns3:cad>
          </ns3:TrackPointExtension>
        </extensions>
      </trkpt>
      <trkpt lat="31.278389990329742431640625" lon="121.47732633166015148162841796875">
        <ele>11.6000003814697265625</ele>
        <time>2026-09-22T09:18:43.000Z</time>
        <extensions>
          <ns3:TrackPointExtension>
            <ns3:hr>104</ns3:hr>
            <ns3:cad>0</ns3:cad>
          </ns3:TrackPointExtension>
        </extensions>
      </trkpt>
      <trkpt lat="31.27838890068233013153076171875" lon="121.47732784040272235870361328125">
        <ele>11.6000003814697265625</ele>
        <time>2026-09-22T09:18:44.000Z</time>
        <extensions>
          <ns3:TrackPointExtension>
            <ns3:hr>104</ns3:hr>
            <ns3:cad>0</ns3:cad>
          </ns3:TrackPointExtension>
        </extensions>
      </trkpt>
      <trkpt lat="31.27836710773408412933349609375" lon="121.47735784761607646942138671875">
        <ele>11.19999980926513671875</ele>
        <time>2026-09-22T09:18:45.000Z</time>
        <extensions>
          <ns3:TrackPointExtension>
            <ns3:hr>103</ns3:hr>
            <ns3:cad>0</ns3:cad>
          </ns3:TrackPointExtension>
        </extensions>
      </trkpt>
      <trkpt lat="31.278346739709377288818359375" lon="121.47738215513527393341064453125">
        <ele>11</ele>
        <time>2026-09-22T09:18:46.000Z</time>
        <extensions>
          <ns3:TrackPointExtension>
            <ns3:hr>103</ns3:hr>
            <ns3:cad>0</ns3:cad>
          </ns3:TrackPointExtension>
        </extensions>
      </trkpt>
      <trkpt lat="31.27832972444593906402587890625" lon="121.47740118205547332763671875">
        <ele>10.6000003814697265625</ele>
        <time>2026-09-22T09:18:47.000Z</time>
        <extensions>
          <ns3:TrackPointExtension>
            <ns3:hr>103</ns3:hr>
            <ns3:cad>0</ns3:cad>
          </ns3:TrackPointExtension>
        </extensions>
      </trkpt>
      <trkpt lat="31.2783237732946872711181640625" lon="121.47740696556866168975830078125">
        <ele>10.6000003814697265625</ele>
        <time>2026-09-22T09:18:48.000Z</time>
        <extensions>
          <ns3:TrackPointExtension>
            <ns3:hr>103</ns3:hr>
            <ns3:cad>46</ns3:cad>
          </ns3:TrackPointExtension>
        </extensions>
      </trkpt>
      <trkpt lat="31.27831597812473773956298828125" lon="121.4774140901863574981689453125">
        <ele>10.3999996185302734375</ele>
        <time>2026-09-22T09:18:49.000Z</time>
        <extensions>
          <ns3:TrackPointExtension>
            <ns3:hr>103</ns3:hr>
            <ns3:cad>46</ns3:cad>
          </ns3:TrackPointExtension>
        </extensions>
      </trkpt>
      <trkpt lat="31.27830692566931247711181640625" lon="121.477422304451465606689453125">
        <ele>10.3999996185302734375</ele>
        <time>2026-09-22T09:18:50.000Z</time>
        <extensions>
          <ns3:TrackPointExtension>
            <ns3:hr>103</ns3:hr>
            <ns3:cad>0</ns3:cad>
          </ns3:TrackPointExtension>
        </extensions>
      </trkpt>
      <trkpt lat="31.2783028185367584228515625" lon="121.47742607630789279937744140625">
        <ele>10.19999980926513671875</ele>
        <time>2026-09-22T09:18:51.000Z</time>
        <extensions>
          <ns3:TrackPointExtension>
            <ns3:hr>102</ns3:hr>
            <ns3:cad>0</ns3:cad>
          </ns3:TrackPointExtension>
        </extensions>
      </trkpt>
      <trkpt lat="31.27829703502357006072998046875" lon="121.477431356906890869140625">
        <ele>10.19999980926513671875</ele>
        <time>2026-09-22T09:18:52.000Z</time>
        <extensions>
          <ns3:TrackPointExtension>
            <ns3:hr>102</ns3:hr>
            <ns3:cad>0</ns3:cad>
          </ns3:TrackPointExtension>
        </extensions>
      </trkpt>
      <trkpt lat="31.27829250879585742950439453125" lon="121.4774355478584766387939453125">
        <ele>10.19999980926513671875</ele>
        <time>2026-09-22T09:18:53.000Z</time>
        <extensions>
          <ns3:TrackPointExtension>
            <ns3:hr>102</ns3:hr>
            <ns3:cad>0</ns3:cad>
          </ns3:TrackPointExtension>
        </extensions>
      </trkpt>
      <trkpt lat="31.278289742767810821533203125" lon="121.477437727153301239013671875">
        <ele>10</ele>
        <time>2026-09-22T09:18:54.000Z</time>
        <extensions>
          <ns3:TrackPointExtension>
            <ns3:hr>101</ns3:hr>
            <ns3:cad>0</ns3:cad>
          </ns3:TrackPointExtension>
        </extensions>
      </trkpt>
      <trkpt lat="31.27829250879585742950439453125" lon="121.4774355478584766387939453125">
        <ele>10.19999980926513671875</ele>
        <time>2026-09-22T09:18:55.000Z</time>
        <extensions>
          <ns3:TrackPointExtension>
            <ns3:hr>100</ns3:hr>
            <ns3:cad>0</ns3:cad>
          </ns3:TrackPointExtension>
        </extensions>
      </trkpt>
      <trkpt lat="31.2782889045774936676025390625" lon="121.47743831388652324676513671875">
        <ele>10</ele>
        <time>2026-09-22T09:18:56.000Z</time>
        <extensions>
          <ns3:TrackPointExtension>
            <ns3:hr>99</ns3:hr>
            <ns3:cad>0</ns3:cad>
          </ns3:TrackPointExtension>
        </extensions>
      </trkpt>
      <trkpt lat="31.27828982658684253692626953125" lon="121.47743764333426952362060546875">
        <ele>10</ele>
        <time>2026-09-22T09:18:57.000Z</time>
        <extensions>
          <ns3:TrackPointExtension>
            <ns3:hr>100</ns3:hr>
            <ns3:cad>0</ns3:cad>
          </ns3:TrackPointExtension>
        </extensions>
      </trkpt>
      <trkpt lat="31.27830072306096553802490234375" lon="121.47742800414562225341796875">
        <ele>10.19999980926513671875</ele>
        <time>2026-09-22T09:18:58.000Z</time>
        <extensions>
          <ns3:TrackPointExtension>
            <ns3:hr>99</ns3:hr>
            <ns3:cad>0</ns3:cad>
          </ns3:TrackPointExtension>
        </extensions>
      </trkpt>
      <trkpt lat="31.2783288024365901947021484375" lon="121.477402187883853912353515625">
        <ele>10.6000003814697265625</ele>
        <time>2026-09-22T09:18:59.000Z</time>
        <extensions>
          <ns3:TrackPointExtension>
            <ns3:hr>99</ns3:hr>
            <ns3:cad>0</ns3:cad>
          </ns3:TrackPointExtension>
        </extensions>
      </trkpt>
      <trkpt lat="31.27836140803992748260498046875" lon="121.4773656427860260009765625">
        <ele>11.19999980926513671875</ele>
        <time>2026-09-22T09:19:00.000Z</time>
        <extensions>
          <ns3:TrackPointExtension>
            <ns3:hr>100</ns3:hr>
            <ns3:cad>0</ns3:cad>
          </ns3:TrackPointExtension>
        </extensions>
      </trkpt>
      <trkpt lat="31.2783888168632984161376953125" lon="121.4773279242217540740966796875">
        <ele>11.6000003814697265625</ele>
        <time>2026-09-22T09:19:01.000Z</time>
        <extensions>
          <ns3:TrackPointExtension>
            <ns3:hr>100</ns3:hr>
            <ns3:cad>0</ns3:cad>
          </ns3:TrackPointExtension>
        </extensions>
      </trkpt>
      <trkpt lat="31.27841304056346416473388671875" lon="121.47728760726749897003173828125">
        <ele>11.19999980926513671875</ele>
        <time>2026-09-22T09:19:02.000Z</time>
        <extensions>
          <ns3:TrackPointExtension>
            <ns3:hr>101</ns3:hr>
            <ns3:cad>0</ns3:cad>
          </ns3:TrackPointExtension>
        </extensions>
      </trkpt>
      <trkpt lat="31.27843835391104221343994140625" lon="121.47723563946783542633056640625">
        <ele>10.80000019073486328125</ele>
        <time>2026-09-22T09:19:03.000Z</time>
        <extensions>
          <ns3:TrackPointExtension>
            <ns3:hr>101</ns3:hr>
            <ns3:cad>92</ns3:cad>
          </ns3:TrackPointExtension>
        </extensions>
      </trkpt>
      <trkpt lat="31.2784572131931781768798828125" lon="121.4771844260394573211669921875">
        <ele>10.19999980926513671875</ele>
        <time>2026-09-22T09:19:04.000Z</time>
        <extensions>
          <ns3:TrackPointExtension>
            <ns3:hr>102</ns3:hr>
            <ns3:cad>92</ns3:cad>
          </ns3:TrackPointExtension>
        </extensions>
      </trkpt>
      <trkpt lat="31.2784729711711406707763671875" lon="121.47712164558470249176025390625">
        <ele>9.80000019073486328125</ele>
        <time>2026-09-22T09:19:05.000Z</time>
        <extensions>
          <ns3:TrackPointExtension>
            <ns3:hr>102</ns3:hr>
            <ns3:cad>94</ns3:cad>
          </ns3:TrackPointExtension>
        </extensions>
      </trkpt>
      <trkpt lat="31.27848294563591480255126953125" lon="121.47704704664647579193115234375">
        <ele>9</ele>
        <time>2026-09-22T09:19:06.000Z</time>
        <extensions>
          <ns3:TrackPointExtension>
            <ns3:hr>102</ns3:hr>
            <ns3:cad>95</ns3:cad>
          </ns3:TrackPointExtension>
        </extensions>
      </trkpt>
      <trkpt lat="31.2784847058355808258056640625" lon="121.476996839046478271484375">
        <ele>8.3999996185302734375</ele>
        <time>2026-09-22T09:19:07.000Z</time>
        <extensions>
          <ns3:TrackPointExtension>
            <ns3:hr>102</ns3:hr>
            <ns3:cad>95</ns3:cad>
          </ns3:TrackPointExtension>
        </extensions>
      </trkpt>
      <trkpt lat="31.2784833647310733795166015625" lon="121.4769581146538257598876953125">
        <ele>8</ele>
        <time>2026-09-22T09:19:08.000Z</time>
        <extensions>
          <ns3:TrackPointExtension>
            <ns3:hr>104</ns3:hr>
            <ns3:cad>95</ns3:cad>
          </ns3:TrackPointExtension>
        </extensions>
      </trkpt>
      <trkpt lat="31.27847850322723388671875" lon="121.476911008358001708984375">
        <ele>7.400000095367431640625</ele>
        <time>2026-09-22T09:19:09.000Z</time>
        <extensions>
          <ns3:TrackPointExtension>
            <ns3:hr>105</ns3:hr>
            <ns3:cad>95</ns3:cad>
          </ns3:TrackPointExtension>
        </extensions>
      </trkpt>
      <trkpt lat="31.2784702889621257781982421875" lon="121.476865075528621673583984375">
        <ele>7</ele>
        <time>2026-09-22T09:19:10.000Z</time>
        <extensions>
          <ns3:TrackPointExtension>
            <ns3:hr>107</ns3:hr>
            <ns3:cad>95</ns3:cad>
          </ns3:TrackPointExtension>
        </extensions>
      </trkpt>
      <trkpt lat="31.278456039726734161376953125" lon="121.47681285627186298370361328125">
        <ele>7.599999904632568359375</ele>
        <time>2026-09-22T09:19:11.000Z</time>
        <extensions>
          <ns3:TrackPointExtension>
            <ns3:hr>109</ns3:hr>
            <ns3:cad>95</ns3:cad>
          </ns3:TrackPointExtension>
        </extensions>
      </trkpt>
      <trkpt lat="31.27843894064426422119140625" lon="121.47676683962345123291015625">
        <ele>8.19999980926513671875</ele>
        <time>2026-09-22T09:19:12.000Z</time>
        <extensions>
          <ns3:TrackPointExtension>
            <ns3:hr>110</ns3:hr>
            <ns3:cad>95</ns3:cad>
          </ns3:TrackPointExtension>
        </extensions>
      </trkpt>
      <trkpt lat="31.27841790206730365753173828125" lon="121.476722247898578643798828125">
        <ele>8.6000003814697265625</ele>
        <time>2026-09-22T09:19:13.000Z</time>
        <extensions>
          <ns3:TrackPointExtension>
            <ns3:hr>112</ns3:hr>
            <ns3:cad>94</ns3:cad>
          </ns3:TrackPointExtension>
        </extensions>
      </trkpt>
      <trkpt lat="31.278393678367137908935546875" lon="121.4766808412969112396240234375">
        <ele>9</ele>
        <time>2026-09-22T09:19:14.000Z</time>
        <extensions>
          <ns3:TrackPointExtension>
            <ns3:hr>114</ns3:hr>
            <ns3:cad>94</ns3:cad>
          </ns3:TrackPointExtension>
        </extensions>
      </trkpt>
      <trkpt lat="31.27836928702890872955322265625" lon="121.47664639167487621307373046875">
        <ele>9.3999996185302734375</ele>
        <time>2026-09-22T09:19:15.000Z</time>
        <extensions>
          <ns3:TrackPointExtension>
            <ns3:hr>116</ns3:hr>
            <ns3:cad>94</ns3:cad>
          </ns3:TrackPointExtension>
        </extensions>
      </trkpt>
      <trkpt lat="31.27834581770002841949462890625" lon="121.4766178093850612640380859375">
        <ele>9.80000019073486328125</ele>
        <time>2026-09-22T09:19:16.000Z</time>
        <extensions>
          <ns3:TrackPointExtension>
            <ns3:hr>118</ns3:hr>
            <ns3:cad>94</ns3:cad>
          </ns3:TrackPointExtension>
        </extensions>
      </trkpt>
      <trkpt lat="31.2783200852572917938232421875" lon="121.47659056819975376129150390625">
        <ele>10</ele>
        <time>2026-09-22T09:19:17.000Z</time>
        <extensions>
          <ns3:TrackPointExtension>
            <ns3:hr>120</ns3:hr>
            <ns3:cad>94</ns3:cad>
          </ns3:TrackPointExtension>
        </extensions>
      </trkpt>
      <trkpt lat="31.27828873693943023681640625" lon="121.47656240500509738922119140625">
        <ele>10.6000003814697265625</ele>
        <time>2026-09-22T09:19:18.000Z</time>
        <extensions>
          <ns3:TrackPointExtension>
            <ns3:hr>121</ns3:hr>
            <ns3:cad>94</ns3:cad>
          </ns3:TrackPointExtension>
        </extensions>
      </trkpt>
      <trkpt lat="31.2782543711364269256591796875" lon="121.47653751075267791748046875">
        <ele>11.19999980926513671875</ele>
        <time>2026-09-22T09:19:19.000Z</time>
        <extensions>
          <ns3:TrackPointExtension>
            <ns3:hr>123</ns3:hr>
            <ns3:cad>94</ns3:cad>
          </ns3:TrackPointExtension>
        </extensions>
      </trkpt>
      <trkpt lat="31.2782169878482818603515625" lon="121.4765155501663684844970703125">
        <ele>11.6000003814697265625</ele>
        <time>2026-09-22T09:19:20.000Z</time>
        <extensions>
          <ns3:TrackPointExtension>
            <ns3:hr>126</ns3:hr>
            <ns3:cad>94</ns3:cad>
          </ns3:TrackPointExtension>
        </extensions>
      </trkpt>
      <trkpt lat="31.278183795511722564697265625" lon="121.4764984510838985443115234375">
        <ele>11.3999996185302734375</ele>
        <time>2026-09-22T09:19:21.000Z</time>
        <extensions>
          <ns3:TrackPointExtension>
            <ns3:hr>129</ns3:hr>
            <ns3:cad>94</ns3:cad>
          </ns3:TrackPointExtension>
        </extensions>
      </trkpt>
      <trkpt lat="31.27814834006130695343017578125" lon="121.476480849087238311767578125">
        <ele>11.19999980926513671875</ele>
        <time>2026-09-22T09:19:22.000Z</time>
        <extensions>
          <ns3:TrackPointExtension>
            <ns3:hr>133</ns3:hr>
            <ns3:cad>94</ns3:cad>
          </ns3:TrackPointExtension>
        </extensions>
      </trkpt>
      <trkpt lat="31.27811464481055736541748046875" lon="121.476464085280895233154296875">
        <ele>11</ele>
        <time>2026-09-22T09:19:23.000Z</time>
        <extensions>
          <ns3:TrackPointExtension>
            <ns3:hr>136</ns3:hr>
            <ns3:cad>93</ns3:cad>
          </ns3:TrackPointExtension>
        </extensions>
      </trkpt>
      <trkpt lat="31.2780817039310932159423828125" lon="121.47644774056971073150634765625">
        <ele>10.80000019073486328125</ele>
        <time>2026-09-22T09:19:24.000Z</time>
        <extensions>
          <ns3:TrackPointExtension>
            <ns3:hr>139</ns3:hr>
            <ns3:cad>93</ns3:cad>
          </ns3:TrackPointExtension>
        </extensions>
      </trkpt>
      <trkpt lat="31.27804733812808990478515625" lon="121.47643064148724079132080078125">
        <ele>10.6000003814697265625</ele>
        <time>2026-09-22T09:19:25.000Z</time>
        <extensions>
          <ns3:TrackPointExtension>
            <ns3:hr>140</ns3:hr>
            <ns3:cad>93</ns3:cad>
          </ns3:TrackPointExtension>
        </extensions>
      </trkpt>
      <trkpt lat="31.27801473252475261688232421875" lon="121.47641454823315143585205078125">
        <ele>10.3999996185302734375</ele>
        <time>2026-09-22T09:19:26.000Z</time>
        <extensions>
          <ns3:TrackPointExtension>
            <ns3:hr>142</ns3:hr>
            <ns3:cad>93</ns3:cad>
          </ns3:TrackPointExtension>
        </extensions>
      </trkpt>
      <trkpt lat="31.27798036672174930572509765625" lon="121.47639744915068149566650390625">
        <ele>10.3999996185302734375</ele>
        <time>2026-09-22T09:19:27.000Z</time>
        <extensions>
          <ns3:TrackPointExtension>
            <ns3:hr>143</ns3:hr>
            <ns3:cad>93</ns3:cad>
          </ns3:TrackPointExtension>
        </extensions>
      </trkpt>
      <trkpt lat="31.2779465876519680023193359375" lon="121.47638068534433841705322265625">
        <ele>10.3999996185302734375</ele>
        <time>2026-09-22T09:19:28.000Z</time>
        <extensions>
          <ns3:TrackPointExtension>
            <ns3:hr>144</ns3:hr>
            <ns3:cad>93</ns3:cad>
          </ns3:TrackPointExtension>
        </extensions>
      </trkpt>
      <trkpt lat="31.27791230566799640655517578125" lon="121.4763636700809001922607421875">
        <ele>10.3999996185302734375</ele>
        <time>2026-09-22T09:19:29.000Z</time>
        <extensions>
          <ns3:TrackPointExtension>
            <ns3:hr>145</ns3:hr>
            <ns3:cad>93</ns3:cad>
          </ns3:TrackPointExtension>
        </extensions>
      </trkpt>
      <trkpt lat="31.27788263373076915740966796875" lon="121.4763489179313182830810546875">
        <ele>10.3999996185302734375</ele>
        <time>2026-09-22T09:19:30.000Z</time>
        <extensions>
          <ns3:TrackPointExtension>
            <ns3:hr>147</ns3:hr>
            <ns3:cad>93</ns3:cad>
          </ns3:TrackPointExtension>
        </extensions>
      </trkpt>
      <trkpt lat="31.27785262651741504669189453125" lon="121.47633408196270465850830078125">
        <ele>10.3999996185302734375</ele>
        <time>2026-09-22T09:19:31.000Z</time>
        <extensions>
          <ns3:TrackPointExtension>
            <ns3:hr>148</ns3:hr>
            <ns3:cad>93</ns3:cad>
          </ns3:TrackPointExtension>
        </extensions>
      </trkpt>
      <trkpt lat="31.27782069146633148193359375" lon="121.47631815634667873382568359375">
        <ele>10.6000003814697265625</ele>
        <time>2026-09-22T09:19:32.000Z</time>
        <extensions>
          <ns3:TrackPointExtension>
            <ns3:hr>149</ns3:hr>
            <ns3:cad>93</ns3:cad>
          </ns3:TrackPointExtension>
        </extensions>
      </trkpt>
      <trkpt lat="31.27779026515781879425048828125" lon="121.47630306892096996307373046875">
        <ele>10.6000003814697265625</ele>
        <time>2026-09-22T09:19:33.000Z</time>
        <extensions>
          <ns3:TrackPointExtension>
            <ns3:hr>150</ns3:hr>
            <ns3:cad>93</ns3:cad>
          </ns3:TrackPointExtension>
        </extensions>
      </trkpt>
      <trkpt lat="31.27775673754513263702392578125" lon="121.476286388933658599853515625">
        <ele>10.3999996185302734375</ele>
        <time>2026-09-22T09:19:34.000Z</time>
        <extensions>
          <ns3:TrackPointExtension>
            <ns3:hr>151</ns3:hr>
            <ns3:cad>93</ns3:cad>
          </ns3:TrackPointExtension>
        </extensions>
      </trkpt>
      <trkpt lat="31.277724802494049072265625" lon="121.4762718044221401214599609375">
        <ele>10.3999996185302734375</ele>
        <time>2026-09-22T09:19:35.000Z</time>
        <extensions>
          <ns3:TrackPointExtension>
            <ns3:hr>151</ns3:hr>
            <ns3:cad>93</ns3:cad>
          </ns3:TrackPointExtension>
        </extensions>
      </trkpt>
      <trkpt lat="31.27768700011074542999267578125" lon="121.47625730372965335845947265625">
        <ele>10.3999996185302734375</ele>
        <time>2026-09-22T09:19:36.000Z</time>
        <extensions>
          <ns3:TrackPointExtension>
            <ns3:hr>152</ns3:hr>
            <ns3:cad>93</ns3:cad>
          </ns3:TrackPointExtension>
        </extensions>
      </trkpt>
      <trkpt lat="31.27764693461358547210693359375" lon="121.47624640725553035736083984375">
        <ele>10.19999980926513671875</ele>
        <time>2026-09-22T09:19:37.000Z</time>
        <extensions>
          <ns3:TrackPointExtension>
            <ns3:hr>152</ns3:hr>
            <ns3:cad>93</ns3:cad>
          </ns3:TrackPointExtension>
        </extensions>
      </trkpt>
      <trkpt lat="31.27760477364063262939453125" lon="121.4762396179139614105224609375">
        <ele>10</ele>
        <time>2026-09-22T09:19:38.000Z</time>
        <extensions>
          <ns3:TrackPointExtension>
            <ns3:hr>153</ns3:hr>
            <ns3:cad>93</ns3:cad>
          </ns3:TrackPointExtension>
        </extensions>
      </trkpt>
      <trkpt lat="31.27756898291409015655517578125" lon="121.47623769007623195648193359375">
        <ele>9.80000019073486328125</ele>
        <time>2026-09-22T09:19:39.000Z</time>
        <extensions>
          <ns3:TrackPointExtension>
            <ns3:hr>154</ns3:hr>
            <ns3:cad>93</ns3:cad>
          </ns3:TrackPointExtension>
        </extensions>
      </trkpt>
      <trkpt lat="31.27753361128270626068115234375" lon="121.4762392826378345489501953125">
        <ele>9.3999996185302734375</ele>
        <time>2026-09-22T09:19:40.000Z</time>
        <extensions>
          <ns3:TrackPointExtension>
            <ns3:hr>154</ns3:hr>
            <ns3:cad>93</ns3:cad>
          </ns3:TrackPointExtension>
        </extensions>
      </trkpt>
      <trkpt lat="31.277499832212924957275390625" lon="121.4762436412274837493896484375">
        <ele>9</ele>
        <time>2026-09-22T09:19:41.000Z</time>
        <extensions>
          <ns3:TrackPointExtension>
            <ns3:hr>155</ns3:hr>
            <ns3:cad>93</ns3:cad>
          </ns3:TrackPointExtension>
        </extensions>
      </trkpt>
      <trkpt lat="31.2774641253054141998291015625" lon="121.476251184940338134765625">
        <ele>8.6000003814697265625</ele>
        <time>2026-09-22T09:19:42.000Z</time>
        <extensions>
          <ns3:TrackPointExtension>
            <ns3:hr>155</ns3:hr>
            <ns3:cad>93</ns3:cad>
          </ns3:TrackPointExtension>
        </extensions>
      </trkpt>
      <trkpt lat="31.2774285860359668731689453125" lon="121.47626216523349285125732421875">
        <ele>8</ele>
        <time>2026-09-22T09:19:43.000Z</time>
        <extensions>
          <ns3:TrackPointExtension>
            <ns3:hr>156</ns3:hr>
            <ns3:cad>93</ns3:cad>
          </ns3:TrackPointExtension>
        </extensions>
      </trkpt>
      <trkpt lat="31.2773943878710269927978515625" lon="121.476277001202106475830078125">
        <ele>7.599999904632568359375</ele>
        <time>2026-09-22T09:19:44.000Z</time>
        <extensions>
          <ns3:TrackPointExtension>
            <ns3:hr>157</ns3:hr>
            <ns3:cad>92</ns3:cad>
          </ns3:TrackPointExtension>
        </extensions>
      </trkpt>
      <trkpt lat="31.27736496739089488983154296875" lon="121.4762925915420055389404296875">
        <ele>7.19999980926513671875</ele>
        <time>2026-09-22T09:19:45.000Z</time>
        <extensions>
          <ns3:TrackPointExtension>
            <ns3:hr>158</ns3:hr>
            <ns3:cad>92</ns3:cad>
          </ns3:TrackPointExtension>
        </extensions>
      </trkpt>
      <trkpt lat="31.2773337028920650482177734375" lon="121.47631220519542694091796875">
        <ele>7.400000095367431640625</ele>
        <time>2026-09-22T09:19:46.000Z</time>
        <extensions>
          <ns3:TrackPointExtension>
            <ns3:hr>159</ns3:hr>
            <ns3:cad>92</ns3:cad>
          </ns3:TrackPointExtension>
        </extensions>
      </trkpt>
      <trkpt lat="31.27730428241193294525146484375" lon="121.4763338305056095123291015625">
        <ele>7.400000095367431640625</ele>
        <time>2026-09-22T09:19:47.000Z</time>
        <extensions>
          <ns3:TrackPointExtension>
            <ns3:hr>160</ns3:hr>
            <ns3:cad>92</ns3:cad>
          </ns3:TrackPointExtension>
        </extensions>
      </trkpt>
      <trkpt lat="31.27727880142629146575927734375" lon="121.47635704837739467620849609375">
        <ele>7.599999904632568359375</ele>
        <time>2026-09-22T09:19:48.000Z</time>
        <extensions>
          <ns3:TrackPointExtension>
            <ns3:hr>160</ns3:hr>
            <ns3:cad>92</ns3:cad>
          </ns3:TrackPointExtension>
        </extensions>
      </trkpt>
      <trkpt lat="31.277253739535808563232421875" lon="121.47638286463916301727294921875">
        <ele>7.599999904632568359375</ele>
        <time>2026-09-22T09:19:49.000Z</time>
        <extensions>
          <ns3:TrackPointExtension>
            <ns3:hr>161</ns3:hr>
            <ns3:cad>92</ns3:cad>
          </ns3:TrackPointExtension>
        </extensions>
      </trkpt>
      <trkpt lat="31.27722800709307193756103515625" lon="121.47641337476670742034912109375">
        <ele>7.80000019073486328125</ele>
        <time>2026-09-22T09:19:50.000Z</time>
        <extensions>
          <ns3:TrackPointExtension>
            <ns3:hr>161</ns3:hr>
            <ns3:cad>92</ns3:cad>
          </ns3:TrackPointExtension>
        </extensions>
      </trkpt>
      <trkpt lat="31.27720587886869907379150390625" lon="121.47644371725618839263916015625">
        <ele>7.80000019073486328125</ele>
        <time>2026-09-22T09:19:51.000Z</time>
        <extensions>
          <ns3:TrackPointExtension>
            <ns3:hr>161</ns3:hr>
            <ns3:cad>92</ns3:cad>
          </ns3:TrackPointExtension>
        </extensions>
      </trkpt>
      <trkpt lat="31.27718727104365825653076171875" lon="121.476474814116954803466796875">
        <ele>7.80000019073486328125</ele>
        <time>2026-09-22T09:19:52.000Z</time>
        <extensions>
          <ns3:TrackPointExtension>
            <ns3:hr>161</ns3:hr>
            <ns3:cad>92</ns3:cad>
          </ns3:TrackPointExtension>
        </extensions>
      </trkpt>
      <trkpt lat="31.277170591056346893310546875" lon="121.47650641389191150665283203125">
        <ele>7.80000019073486328125</ele>
        <time>2026-09-22T09:19:53.000Z</time>
        <extensions>
          <ns3:TrackPointExtension>
            <ns3:hr>161</ns3:hr>
            <ns3:cad>92</ns3:cad>
          </ns3:TrackPointExtension>
        </extensions>
      </trkpt>
      <trkpt lat="31.2771546654403209686279296875" lon="121.47654128260910511016845703125">
        <ele>7.80000019073486328125</ele>
        <time>2026-09-22T09:19:54.000Z</time>
        <extensions>
          <ns3:TrackPointExtension>
            <ns3:hr>161</ns3:hr>
            <ns3:cad>92</ns3:cad>
          </ns3:TrackPointExtension>
        </extensions>
      </trkpt>
      <trkpt lat="31.27713882364332675933837890625" lon="121.47658503614366054534912109375">
        <ele>7.80000019073486328125</ele>
        <time>2026-09-22T09:19:55.000Z</time>
        <extensions>
          <ns3:TrackPointExtension>
            <ns3:hr>160</ns3:hr>
            <ns3:cad>92</ns3:cad>
          </ns3:TrackPointExtension>
        </extensions>
      </trkpt>
      <trkpt lat="31.27712734043598175048828125" lon="121.47662761621177196502685546875">
        <ele>7.80000019073486328125</ele>
        <time>2026-09-22T09:19:56.000Z</time>
        <extensions>
          <ns3:TrackPointExtension>
            <ns3:hr>159</ns3:hr>
            <ns3:cad>92</ns3:cad>
          </ns3:TrackPointExtension>
        </extensions>
      </trkpt>
      <trkpt lat="31.27711837179958820343017578125" lon="121.47667388431727886199951171875">
        <ele>7.400000095367431640625</ele>
        <time>2026-09-22T09:19:57.000Z</time>
        <extensions>
          <ns3:TrackPointExtension>
            <ns3:hr>160</ns3:hr>
            <ns3:cad>92</ns3:cad>
          </ns3:TrackPointExtension>
        </extensions>
      </trkpt>
      <trkpt lat="31.2771130912005901336669921875" lon="121.47671948187053203582763671875">
        <ele>7</ele>
        <time>2026-09-22T09:19:58.000Z</time>
        <extensions>
          <ns3:TrackPointExtension>
            <ns3:hr>159</ns3:hr>
            <ns3:cad>92</ns3:cad>
          </ns3:TrackPointExtension>
        </extensions>
      </trkpt>
      <trkpt lat="31.277110911905765533447265625" lon="121.47675083018839359283447265625">
        <ele>6.80000019073486328125</ele>
        <time>2026-09-22T09:19:59.000Z</time>
        <extensions>
          <ns3:TrackPointExtension>
            <ns3:hr>160</ns3:hr>
            <ns3:cad>91</ns3:cad>
          </ns3:TrackPointExtension>
        </extensions>
      </trkpt>
      <trkpt lat="31.2771110795438289642333984375" lon="121.47679357789456844329833984375">
        <ele>6.599999904632568359375</ele>
        <time>2026-09-22T09:20:00.000Z</time>
        <extensions>
          <ns3:TrackPointExtension>
            <ns3:hr>160</ns3:hr>
            <ns3:cad>91</ns3:cad>
          </ns3:TrackPointExtension>
        </extensions>
      </trkpt>
      <trkpt lat="31.27711401320993900299072265625" lon="121.47683062590658664703369140625">
        <ele>6.19999980926513671875</ele>
        <time>2026-09-22T09:20:01.000Z</time>
        <extensions>
          <ns3:TrackPointExtension>
            <ns3:hr>160</ns3:hr>
            <ns3:cad>91</ns3:cad>
          </ns3:TrackPointExtension>
        </extensions>
      </trkpt>
      <trkpt lat="31.277118623256683349609375" lon="121.47686733864247798919677734375">
        <ele>6</ele>
        <time>2026-09-22T09:20:02.000Z</time>
        <extensions>
          <ns3:TrackPointExtension>
            <ns3:hr>160</ns3:hr>
            <ns3:cad>91</ns3:cad>
          </ns3:TrackPointExtension>
        </extensions>
      </trkpt>
      <trkpt lat="31.27712558023631572723388671875" lon="121.4769058115780353546142578125">
        <ele>6.19999980926513671875</ele>
        <time>2026-09-22T09:20:03.000Z</time>
        <extensions>
          <ns3:TrackPointExtension>
            <ns3:hr>160</ns3:hr>
            <ns3:cad>91</ns3:cad>
          </ns3:TrackPointExtension>
        </extensions>
      </trkpt>
      <trkpt lat="31.277135051786899566650390625" lon="121.476940847933292388916015625">
        <ele>6.400000095367431640625</ele>
        <time>2026-09-22T09:20:04.000Z</time>
        <extensions>
          <ns3:TrackPointExtension>
            <ns3:hr>159</ns3:hr>
            <ns3:cad>91</ns3:cad>
          </ns3:TrackPointExtension>
        </extensions>
      </trkpt>
      <trkpt lat="31.27714670263230800628662109375" lon="121.476976387202739715576171875">
        <ele>6.599999904632568359375</ele>
        <time>2026-09-22T09:20:05.000Z</time>
        <extensions>
          <ns3:TrackPointExtension>
            <ns3:hr>158</ns3:hr>
            <ns3:cad>92</ns3:cad>
          </ns3:TrackPointExtension>
        </extensions>
      </trkpt>
      <trkpt lat="31.2771610356867313385009765625" lon="121.4770130999386310577392578125">
        <ele>6.80000019073486328125</ele>
        <time>2026-09-22T09:20:06.000Z</time>
        <extensions>
          <ns3:TrackPointExtension>
            <ns3:hr>158</ns3:hr>
            <ns3:cad>92</ns3:cad>
          </ns3:TrackPointExtension>
        </extensions>
      </trkpt>
      <trkpt lat="31.277177296578884124755859375" lon="121.47704704664647579193115234375">
        <ele>7</ele>
        <time>2026-09-22T09:20:07.000Z</time>
        <extensions>
          <ns3:TrackPointExtension>
            <ns3:hr>156</ns3:hr>
            <ns3:cad>92</ns3:cad>
          </ns3:TrackPointExtension>
        </extensions>
      </trkpt>
      <trkpt lat="31.27719464711844921112060546875" lon="121.4770771376788616180419921875">
        <ele>7.19999980926513671875</ele>
        <time>2026-09-22T09:20:08.000Z</time>
        <extensions>
          <ns3:TrackPointExtension>
            <ns3:hr>156</ns3:hr>
            <ns3:cad>93</ns3:cad>
          </ns3:TrackPointExtension>
        </extensions>
      </trkpt>
      <trkpt lat="31.2772138416767120361328125" lon="121.4771069772541522979736328125">
        <ele>7.19999980926513671875</ele>
        <time>2026-09-22T09:20:09.000Z</time>
        <extensions>
          <ns3:TrackPointExtension>
            <ns3:hr>156</ns3:hr>
            <ns3:cad>93</ns3:cad>
          </ns3:TrackPointExtension>
        </extensions>
      </trkpt>
      <trkpt lat="31.27723638899624347686767578125" lon="121.47713740356266498565673828125">
        <ele>7.400000095367431640625</ele>
        <time>2026-09-22T09:20:10.000Z</time>
        <extensions>
          <ns3:TrackPointExtension>
            <ns3:hr>155</ns3:hr>
            <ns3:cad>93</ns3:cad>
          </ns3:TrackPointExtension>
        </extensions>
      </trkpt>
      <trkpt lat="31.27726019360125064849853515625" lon="121.47716372273862361907958984375">
        <ele>7.599999904632568359375</ele>
        <time>2026-09-22T09:20:11.000Z</time>
        <extensions>
          <ns3:TrackPointExtension>
            <ns3:hr>155</ns3:hr>
            <ns3:cad>92</ns3:cad>
          </ns3:TrackPointExtension>
        </extensions>
      </trkpt>
      <trkpt lat="31.27728483639657497406005859375" lon="121.47718803025782108306884765625">
        <ele>7.80000019073486328125</ele>
        <time>2026-09-22T09:20:12.000Z</time>
        <extensions>
          <ns3:TrackPointExtension>
            <ns3:hr>154</ns3:hr>
            <ns3:cad>92</ns3:cad>
          </ns3:TrackPointExtension>
        </extensions>
      </trkpt>
      <trkpt lat="31.27730964682996273040771484375" lon="121.4772099070250988006591796875">
        <ele>8</ele>
        <time>2026-09-22T09:20:13.000Z</time>
        <extensions>
          <ns3:TrackPointExtension>
            <ns3:hr>153</ns3:hr>
            <ns3:cad>92</ns3:cad>
          </ns3:TrackPointExtension>
        </extensions>
      </trkpt>
      <trkpt lat="31.2773345410823822021484375" lon="121.477227844297885894775390625">
        <ele>8</ele>
        <time>2026-09-22T09:20:14.000Z</time>
        <extensions>
          <ns3:TrackPointExtension>
            <ns3:hr>155</ns3:hr>
            <ns3:cad>93</ns3:cad>
          </ns3:TrackPointExtension>
        </extensions>
      </trkpt>
      <trkpt lat="31.2773667275905609130859375" lon="121.47724787704646587371826171875">
        <ele>8.19999980926513671875</ele>
        <time>2026-09-22T09:20:15.000Z</time>
        <extensions>
          <ns3:TrackPointExtension>
            <ns3:hr>154</ns3:hr>
            <ns3:cad>93</ns3:cad>
          </ns3:TrackPointExtension>
        </extensions>
      </trkpt>
      <trkpt lat="31.277397908270359039306640625" lon="121.47726497612893581390380859375">
        <ele>8.19999980926513671875</ele>
        <time>2026-09-22T09:20:16.000Z</time>
        <extensions>
          <ns3:TrackPointExtension>
            <ns3:hr>154</ns3:hr>
            <ns3:cad>93</ns3:cad>
          </ns3:TrackPointExtension>
        </extensions>
      </trkpt>
      <trkpt lat="31.27743135206401348114013671875" lon="121.477281488478183746337890625">
        <ele>8</ele>
        <time>2026-09-22T09:20:17.000Z</time>
        <extensions>
          <ns3:TrackPointExtension>
            <ns3:hr>154</ns3:hr>
            <ns3:cad>93</ns3:cad>
          </ns3:TrackPointExtension>
        </extensions>
      </trkpt>
      <trkpt lat="31.2774646282196044921875" lon="121.4772980846464633941650390625">
        <ele>8</ele>
        <time>2026-09-22T09:20:18.000Z</time>
        <extensions>
          <ns3:TrackPointExtension>
            <ns3:hr>154</ns3:hr>
            <ns3:cad>92</ns3:cad>
          </ns3:TrackPointExtension>
        </extensions>
      </trkpt>
      <trkpt lat="31.27749706618487834930419921875" lon="121.4773141779005527496337890625">
        <ele>8</ele>
        <time>2026-09-22T09:20:19.000Z</time>
        <extensions>
          <ns3:TrackPointExtension>
            <ns3:hr>155</ns3:hr>
            <ns3:cad>91</ns3:cad>
          </ns3:TrackPointExtension>
        </extensions>
      </trkpt>
      <trkpt lat="31.277531348168849945068359375" lon="121.47733119316399097442626953125">
        <ele>7.80000019073486328125</ele>
        <time>2026-09-22T09:20:20.000Z</time>
        <extensions>
          <ns3:TrackPointExtension>
            <ns3:hr>155</ns3:hr>
            <ns3:cad>91</ns3:cad>
          </ns3:TrackPointExtension>
        </extensions>
      </trkpt>
      <trkpt lat="31.2775643728673458099365234375" lon="121.47734753787517547607421875">
        <ele>7.80000019073486328125</ele>
        <time>2026-09-22T09:20:21.000Z</time>
        <extensions>
          <ns3:TrackPointExtension>
            <ns3:hr>155</ns3:hr>
            <ns3:cad>92</ns3:cad>
          </ns3:TrackPointExtension>
        </extensions>
      </trkpt>
      <trkpt lat="31.27759496681392192840576171875" lon="121.4773627929389476776123046875">
        <ele>7.80000019073486328125</ele>
        <time>2026-09-22T09:20:22.000Z</time>
        <extensions>
          <ns3:TrackPointExtension>
            <ns3:hr>156</ns3:hr>
            <ns3:cad>93</ns3:cad>
          </ns3:TrackPointExtension>
        </extensions>
      </trkpt>
      <trkpt lat="31.277626566588878631591796875" lon="121.47737846709787845611572265625">
        <ele>8</ele>
        <time>2026-09-22T09:20:23.000Z</time>
        <extensions>
          <ns3:TrackPointExtension>
            <ns3:hr>158</ns3:hr>
            <ns3:cad>93</ns3:cad>
          </ns3:TrackPointExtension>
        </extensions>
      </trkpt>
      <trkpt lat="31.2776589207351207733154296875" lon="121.47739447653293609619140625">
        <ele>8.19999980926513671875</ele>
        <time>2026-09-22T09:20:24.000Z</time>
        <extensions>
          <ns3:TrackPointExtension>
            <ns3:hr>159</ns3:hr>
            <ns3:cad>93</ns3:cad>
          </ns3:TrackPointExtension>
        </extensions>
      </trkpt>
      <trkpt lat="31.27768817357718944549560546875" lon="121.47740897722542285919189453125">
        <ele>8</ele>
        <time>2026-09-22T09:20:25.000Z</time>
        <extensions>
          <ns3:TrackPointExtension>
            <ns3:hr>164</ns3:hr>
            <ns3:cad>93</ns3:cad>
          </ns3:TrackPointExtension>
        </extensions>
      </trkpt>
      <trkpt lat="31.277721785008907318115234375" lon="121.47742574103176593780517578125">
        <ele>8</ele>
        <time>2026-09-22T09:20:26.000Z</time>
        <extensions>
          <ns3:TrackPointExtension>
            <ns3:hr>167</ns3:hr>
            <ns3:cad>93</ns3:cad>
          </ns3:TrackPointExtension>
        </extensions>
      </trkpt>
      <trkpt lat="31.27775103785097599029541015625" lon="121.4774402417242527008056640625">
        <ele>8</ele>
        <time>2026-09-22T09:20:27.000Z</time>
        <extensions>
          <ns3:TrackPointExtension>
            <ns3:hr>168</ns3:hr>
            <ns3:cad>93</ns3:cad>
          </ns3:TrackPointExtension>
        </extensions>
      </trkpt>
      <trkpt lat="31.27778037451207637786865234375" lon="121.47745474241673946380615234375">
        <ele>8</ele>
        <time>2026-09-22T09:20:28.000Z</time>
        <extensions>
          <ns3:TrackPointExtension>
            <ns3:hr>169</ns3:hr>
            <ns3:cad>93</ns3:cad>
          </ns3:TrackPointExtension>
        </extensions>
      </trkpt>
      <trkpt lat="31.2778081186115741729736328125" lon="121.477468572556972503662109375">
        <ele>8</ele>
        <time>2026-09-22T09:20:29.000Z</time>
        <extensions>
          <ns3:TrackPointExtension>
            <ns3:hr>169</ns3:hr>
            <ns3:cad>93</ns3:cad>
          </ns3:TrackPointExtension>
        </extensions>
      </trkpt>
      <trkpt lat="31.2778399698436260223388671875" lon="121.47748433053493499755859375">
        <ele>8</ele>
        <time>2026-09-22T09:20:30.000Z</time>
        <extensions>
          <ns3:TrackPointExtension>
            <ns3:hr>169</ns3:hr>
            <ns3:cad>93</ns3:cad>
          </ns3:TrackPointExtension>
        </extensions>
      </trkpt>
      <trkpt lat="31.27787089906632900238037109375" lon="121.47749849595129489898681640625">
        <ele>8</ele>
        <time>2026-09-22T09:20:31.000Z</time>
        <extensions>
          <ns3:TrackPointExtension>
            <ns3:hr>169</ns3:hr>
            <ns3:cad>93</ns3:cad>
          </ns3:TrackPointExtension>
        </extensions>
      </trkpt>
      <trkpt lat="31.27790442667901515960693359375" lon="121.4775116555392742156982421875">
        <ele>8</ele>
        <time>2026-09-22T09:20:32.000Z</time>
        <extensions>
          <ns3:TrackPointExtension>
            <ns3:hr>169</ns3:hr>
            <ns3:cad>93</ns3:cad>
          </ns3:TrackPointExtension>
        </extensions>
      </trkpt>
      <trkpt lat="31.27794365398585796356201171875" lon="121.47752297110855579376220703125">
        <ele>8</ele>
        <time>2026-09-22T09:20:33.000Z</time>
        <extensions>
          <ns3:TrackPointExtension>
            <ns3:hr>169</ns3:hr>
            <ns3:cad>93</ns3:cad>
          </ns3:TrackPointExtension>
        </extensions>
      </trkpt>
      <trkpt lat="31.2779801152646541595458984375" lon="121.47752934135496616363525390625">
        <ele>8.3999996185302734375</ele>
        <time>2026-09-22T09:20:34.000Z</time>
        <extensions>
          <ns3:TrackPointExtension>
            <ns3:hr>169</ns3:hr>
            <ns3:cad>93</ns3:cad>
          </ns3:TrackPointExtension>
        </extensions>
      </trkpt>
      <trkpt lat="31.27801305614411830902099609375" lon="121.47753185592591762542724609375">
        <ele>8.6000003814697265625</ele>
        <time>2026-09-22T09:20:35.000Z</time>
        <extensions>
          <ns3:TrackPointExtension>
            <ns3:hr>169</ns3:hr>
            <ns3:cad>93</ns3:cad>
          </ns3:TrackPointExtension>
        </extensions>
      </trkpt>
      <trkpt lat="31.27804256044328212738037109375" lon="121.47753219120204448699951171875">
        <ele>8.80000019073486328125</ele>
        <time>2026-09-22T09:20:36.000Z</time>
        <extensions>
          <ns3:TrackPointExtension>
            <ns3:hr>169</ns3:hr>
            <ns3:cad>93</ns3:cad>
          </ns3:TrackPointExtension>
        </extensions>
      </trkpt>
      <trkpt lat="31.27807357348501682281494140625" lon="121.477530263364315032958984375">
        <ele>8.80000019073486328125</ele>
        <time>2026-09-22T09:20:37.000Z</time>
        <extensions>
          <ns3:TrackPointExtension>
            <ns3:hr>169</ns3:hr>
            <ns3:cad>93</ns3:cad>
          </ns3:TrackPointExtension>
        </extensions>
      </trkpt>
      <trkpt lat="31.2781031616032123565673828125" lon="121.47752531804144382476806640625">
        <ele>9</ele>
        <time>2026-09-22T09:20:38.000Z</time>
        <extensions>
          <ns3:TrackPointExtension>
            <ns3:hr>169</ns3:hr>
            <ns3:cad>93</ns3:cad>
          </ns3:TrackPointExtension>
        </extensions>
      </trkpt>
      <trkpt lat="31.27811531536281108856201171875" lon="121.47752313874661922454833984375">
        <ele>9</ele>
        <time>2026-09-22T09:20:39.000Z</time>
        <extensions>
          <ns3:TrackPointExtension>
            <ns3:hr>169</ns3:hr>
            <ns3:cad>93</ns3:cad>
          </ns3:TrackPointExtension>
        </extensions>
      </trkpt>
      <trkpt lat="31.278128810226917266845703125" lon="121.47751995362341403961181640625">
        <ele>9</ele>
        <time>2026-09-22T09:20:40.000Z</time>
        <extensions>
          <ns3:TrackPointExtension>
            <ns3:hr>170</ns3:hr>
            <ns3:cad>92</ns3:cad>
          </ns3:TrackPointExtension>
        </extensions>
      </trkpt>
      <trkpt lat="31.27813777886331081390380859375" lon="121.477517187595367431640625">
        <ele>9</ele>
        <time>2026-09-22T09:20:41.000Z</time>
        <extensions>
          <ns3:TrackPointExtension>
            <ns3:hr>171</ns3:hr>
            <ns3:cad>92</ns3:cad>
          </ns3:TrackPointExtension>
        </extensions>
      </trkpt>
      <trkpt lat="31.27813727594912052154541015625" lon="121.4775173552334308624267578125">
        <ele>9</ele>
        <time>2026-09-22T09:20:42.000Z</time>
        <extensions>
          <ns3:TrackPointExtension>
            <ns3:hr>171</ns3:hr>
            <ns3:cad>92</ns3:cad>
          </ns3:TrackPointExtension>
        </extensions>
      </trkpt>
      <trkpt lat="31.27814079634845256805419921875" lon="121.47751626558601856231689453125">
        <ele>9</ele>
        <time>2026-09-22T09:20:43.000Z</time>
        <extensions>
          <ns3:TrackPointExtension>
            <ns3:hr>172</ns3:hr>
            <ns3:cad>92</ns3:cad>
          </ns3:TrackPointExtension>
        </extensions>
      </trkpt>
      <trkpt lat="31.278148256242275238037109375" lon="121.4775140024721622467041015625">
        <ele>9</ele>
        <time>2026-09-22T09:20:44.000Z</time>
        <extensions>
          <ns3:TrackPointExtension>
            <ns3:hr>173</ns3:hr>
            <ns3:cad>92</ns3:cad>
          </ns3:TrackPointExtension>
        </extensions>
      </trkpt>
      <trkpt lat="31.27815068699419498443603515625" lon="121.47751324810087680816650390625">
        <ele>9</ele>
        <time>2026-09-22T09:20:45.000Z</time>
        <extensions>
          <ns3:TrackPointExtension>
            <ns3:hr>174</ns3:hr>
            <ns3:cad>92</ns3:cad>
          </ns3:TrackPointExtension>
        </extensions>
      </trkpt>
      <trkpt lat="31.278154291212558746337890625" lon="121.477512158453464508056640625">
        <ele>9</ele>
        <time>2026-09-22T09:20:46.000Z</time>
        <extensions>
          <ns3:TrackPointExtension>
            <ns3:hr>175</ns3:hr>
            <ns3:cad>0</ns3:cad>
          </ns3:TrackPointExtension>
        </extensions>
      </trkpt>
      <trkpt lat="31.2781688757240772247314453125" lon="121.47750754840672016143798828125">
        <ele>9.19999980926513671875</ele>
        <time>2026-09-22T09:20:47.000Z</time>
        <extensions>
          <ns3:TrackPointExtension>
            <ns3:hr>174</ns3:hr>
            <ns3:cad>0</ns3:cad>
          </ns3:TrackPointExtension>
        </extensions>
      </trkpt>
      <trkpt lat="31.2781779281795024871826171875" lon="121.4775036089122295379638671875">
        <ele>9.19999980926513671875</ele>
        <time>2026-09-22T09:20:48.000Z</time>
        <extensions>
          <ns3:TrackPointExtension>
            <ns3:hr>173</ns3:hr>
            <ns3:cad>0</ns3:cad>
          </ns3:TrackPointExtension>
        </extensions>
      </trkpt>
      <trkpt lat="31.2781866453588008880615234375" lon="121.4774997532367706298828125">
        <ele>9.19999980926513671875</ele>
        <time>2026-09-22T09:20:49.000Z</time>
        <extensions>
          <ns3:TrackPointExtension>
            <ns3:hr>172</ns3:hr>
            <ns3:cad>0</ns3:cad>
          </ns3:TrackPointExtension>
        </extensions>
      </trkpt>
      <trkpt lat="31.27819343470036983489990234375" lon="121.477496735751628875732421875">
        <ele>9.19999980926513671875</ele>
        <time>2026-09-22T09:20:50.000Z</time>
        <extensions>
          <ns3:TrackPointExtension>
            <ns3:hr>171</ns3:hr>
            <ns3:cad>0</ns3:cad>
          </ns3:TrackPointExtension>
        </extensions>
      </trkpt>
      <trkpt lat="31.27820081077516078948974609375" lon="121.4774935506284236907958984375">
        <ele>9.19999980926513671875</ele>
        <time>2026-09-22T09:20:51.000Z</time>
        <extensions>
          <ns3:TrackPointExtension>
            <ns3:hr>170</ns3:hr>
            <ns3:cad>0</ns3:cad>
          </ns3:TrackPointExtension>
        </extensions>
      </trkpt>
      <trkpt lat="31.27820634283125400543212890625" lon="121.47749111987650394439697265625">
        <ele>9.19999980926513671875</ele>
        <time>2026-09-22T09:20:52.000Z</time>
        <extensions>
          <ns3:TrackPointExtension>
            <ns3:hr>169</ns3:hr>
            <ns3:cad>0</ns3:cad>
          </ns3:TrackPointExtension>
        </extensions>
      </trkpt>
      <trkpt lat="31.27821522764861583709716796875" lon="121.477486677467823028564453125">
        <ele>9.19999980926513671875</ele>
        <time>2026-09-22T09:20:53.000Z</time>
        <extensions>
          <ns3:TrackPointExtension>
            <ns3:hr>169</ns3:hr>
            <ns3:cad>0</ns3:cad>
          </ns3:TrackPointExtension>
        </extensions>
      </trkpt>
      <trkpt lat="31.27822763286530971527099609375" lon="121.4774794690310955047607421875">
        <ele>9.19999980926513671875</ele>
        <time>2026-09-22T09:20:54.000Z</time>
        <extensions>
          <ns3:TrackPointExtension>
            <ns3:hr>169</ns3:hr>
            <ns3:cad>0</ns3:cad>
          </ns3:TrackPointExtension>
        </extensions>
      </trkpt>
      <trkpt lat="31.27823635004460811614990234375" lon="121.4774744398891925811767578125">
        <ele>9.3999996185302734375</ele>
        <time>2026-09-22T09:20:55.000Z</time>
        <extensions>
          <ns3:TrackPointExtension>
            <ns3:hr>168</ns3:hr>
            <ns3:cad>0</ns3:cad>
          </ns3:TrackPointExtension>
        </extensions>
      </trkpt>
      <trkpt lat="31.27824540250003337860107421875" lon="121.47746915929019451141357421875">
        <ele>9.3999996185302734375</ele>
        <time>2026-09-22T09:20:56.000Z</time>
        <extensions>
          <ns3:TrackPointExtension>
            <ns3:hr>168</ns3:hr>
            <ns3:cad>0</ns3:cad>
          </ns3:TrackPointExtension>
        </extensions>
      </trkpt>
      <trkpt lat="31.2782506830990314483642578125" lon="121.47746614180505275726318359375">
        <ele>9.3999996185302734375</ele>
        <time>2026-09-22T09:20:57.000Z</time>
        <extensions>
          <ns3:TrackPointExtension>
            <ns3:hr>168</ns3:hr>
            <ns3:cad>0</ns3:cad>
          </ns3:TrackPointExtension>
        </extensions>
      </trkpt>
      <trkpt lat="31.278255879878997802734375" lon="121.47746262140572071075439453125">
        <ele>9.3999996185302734375</ele>
        <time>2026-09-22T09:20:58.000Z</time>
        <extensions>
          <ns3:TrackPointExtension>
            <ns3:hr>168</ns3:hr>
            <ns3:cad>0</ns3:cad>
          </ns3:TrackPointExtension>
        </extensions>
      </trkpt>
      <trkpt lat="31.278264261782169342041015625" lon="121.47745641879737377166748046875">
        <ele>9.6000003814697265625</ele>
        <time>2026-09-22T09:20:59.000Z</time>
        <extensions>
          <ns3:TrackPointExtension>
            <ns3:hr>168</ns3:hr>
            <ns3:cad>0</ns3:cad>
          </ns3:TrackPointExtension>
        </extensions>
      </trkpt>
      <trkpt lat="31.278269626200199127197265625" lon="121.477452479302883148193359375">
        <ele>9.80000019073486328125</ele>
        <time>2026-09-22T09:21:00.000Z</time>
        <extensions>
          <ns3:TrackPointExtension>
            <ns3:hr>168</ns3:hr>
            <ns3:cad>0</ns3:cad>
          </ns3:TrackPointExtension>
        </extensions>
      </trkpt>
      <trkpt lat="31.2782734818756580352783203125" lon="121.47744971327483654022216796875">
        <ele>9.80000019073486328125</ele>
        <time>2026-09-22T09:21:01.000Z</time>
        <extensions>
          <ns3:TrackPointExtension>
            <ns3:hr>168</ns3:hr>
            <ns3:cad>0</ns3:cad>
          </ns3:TrackPointExtension>
        </extensions>
      </trkpt>
      <trkpt lat="31.2782781757414340972900390625" lon="121.47744619287550449371337890625">
        <ele>9.80000019073486328125</ele>
        <time>2026-09-22T09:21:02.000Z</time>
        <extensions>
          <ns3:TrackPointExtension>
            <ns3:hr>168</ns3:hr>
            <ns3:cad>0</ns3:cad>
          </ns3:TrackPointExtension>
        </extensions>
      </trkpt>
      <trkpt lat="31.27828328870236873626708984375" lon="121.477442421019077301025390625">
        <ele>10</ele>
        <time>2026-09-22T09:21:03.000Z</time>
        <extensions>
          <ns3:TrackPointExtension>
            <ns3:hr>168</ns3:hr>
            <ns3:cad>0</ns3:cad>
          </ns3:TrackPointExtension>
        </extensions>
      </trkpt>
      <trkpt lat="31.27828412689268589019775390625" lon="121.47744183428585529327392578125">
        <ele>10</ele>
        <time>2026-09-22T09:21:04.000Z</time>
        <extensions>
          <ns3:TrackPointExtension>
            <ns3:hr>168</ns3:hr>
            <ns3:cad>0</ns3:cad>
          </ns3:TrackPointExtension>
        </extensions>
      </trkpt>
      <trkpt lat="31.27828882075846195220947265625" lon="121.47743831388652324676513671875">
        <ele>10</ele>
        <time>2026-09-22T09:21:05.000Z</time>
        <extensions>
          <ns3:TrackPointExtension>
            <ns3:hr>168</ns3:hr>
            <ns3:cad>0</ns3:cad>
          </ns3:TrackPointExtension>
        </extensions>
      </trkpt>
      <trkpt lat="31.278292424976825714111328125" lon="121.47743563167750835418701171875">
        <ele>10</ele>
        <time>2026-09-22T09:21:06.000Z</time>
        <extensions>
          <ns3:TrackPointExtension>
            <ns3:hr>168</ns3:hr>
            <ns3:cad>47</ns3:cad>
          </ns3:TrackPointExtension>
        </extensions>
      </trkpt>
      <trkpt lat="31.27829904668033123016357421875" lon="121.4774295128881931304931640625">
        <ele>10.19999980926513671875</ele>
        <time>2026-09-22T09:21:07.000Z</time>
        <extensions>
          <ns3:TrackPointExtension>
            <ns3:hr>168</ns3:hr>
            <ns3:cad>47</ns3:cad>
          </ns3:TrackPointExtension>
        </extensions>
      </trkpt>
      <trkpt lat="31.27830483019351959228515625" lon="121.47742423228919506072998046875">
        <ele>10.3999996185302734375</ele>
        <time>2026-09-22T09:21:08.000Z</time>
        <extensions>
          <ns3:TrackPointExtension>
            <ns3:hr>168</ns3:hr>
            <ns3:cad>0</ns3:cad>
          </ns3:TrackPointExtension>
        </extensions>
      </trkpt>
      <trkpt lat="31.2783120386302471160888671875" lon="121.47741769440472126007080078125">
        <ele>10.3999996185302734375</ele>
        <time>2026-09-22T09:21:09.000Z</time>
        <extensions>
          <ns3:TrackPointExtension>
            <ns3:hr>168</ns3:hr>
            <ns3:cad>0</ns3:cad>
          </ns3:TrackPointExtension>
        </extensions>
      </trkpt>
      <trkpt lat="31.27831664867699146270751953125" lon="121.47741350345313549041748046875">
        <ele>10.3999996185302734375</ele>
        <time>2026-09-22T09:21:10.000Z</time>
        <extensions>
          <ns3:TrackPointExtension>
            <ns3:hr>167</ns3:hr>
            <ns3:cad>0</ns3:cad>
          </ns3:TrackPointExtension>
        </extensions>
      </trkpt>
      <trkpt lat="31.278319917619228363037109375" lon="121.47741048596799373626708984375">
        <ele>10.6000003814697265625</ele>
        <time>2026-09-22T09:21:11.000Z</time>
        <extensions>
          <ns3:TrackPointExtension>
            <ns3:hr>167</ns3:hr>
            <ns3:cad>0</ns3:cad>
          </ns3:TrackPointExtension>
        </extensions>
      </trkpt>
      <trkpt lat="31.27832486294209957122802734375" lon="121.47740595974028110504150390625">
        <ele>10.6000003814697265625</ele>
        <time>2026-09-22T09:21:12.000Z</time>
        <extensions>
          <ns3:TrackPointExtension>
            <ns3:hr>167</ns3:hr>
            <ns3:cad>0</ns3:cad>
          </ns3:TrackPointExtension>
        </extensions>
      </trkpt>
      <trkpt lat="31.27833073027431964874267578125" lon="121.4774000085890293121337890625">
        <ele>10.6000003814697265625</ele>
        <time>2026-09-22T09:21:13.000Z</time>
        <extensions>
          <ns3:TrackPointExtension>
            <ns3:hr>166</ns3:hr>
            <ns3:cad>0</ns3:cad>
          </ns3:TrackPointExtension>
        </extensions>
      </trkpt>
      <trkpt lat="31.27833609469234943389892578125" lon="121.47739405743777751922607421875">
        <ele>10.80000019073486328125</ele>
        <time>2026-09-22T09:21:14.000Z</time>
        <extensions>
          <ns3:TrackPointExtension>
            <ns3:hr>165</ns3:hr>
            <ns3:cad>0</ns3:cad>
          </ns3:TrackPointExtension>
        </extensions>
      </trkpt>
      <trkpt lat="31.278340704739093780517578125" lon="121.47738886065781116485595703125">
        <ele>10.80000019073486328125</ele>
        <time>2026-09-22T09:21:15.000Z</time>
        <extensions>
          <ns3:TrackPointExtension>
            <ns3:hr>164</ns3:hr>
            <ns3:cad>0</ns3:cad>
          </ns3:TrackPointExtension>
        </extensions>
      </trkpt>
      <trkpt lat="31.27834900282323360443115234375" lon="121.4773795567452907562255859375">
        <ele>11</ele>
        <time>2026-09-22T09:21:16.000Z</time>
        <extensions>
          <ns3:TrackPointExtension>
            <ns3:hr>163</ns3:hr>
            <ns3:cad>0</ns3:cad>
          </ns3:TrackPointExtension>
        </extensions>
      </trkpt>
      <trkpt lat="31.27835570834577083587646484375" lon="121.47737209685146808624267578125">
        <ele>11</ele>
        <time>2026-09-22T09:21:17.000Z</time>
        <extensions>
          <ns3:TrackPointExtension>
            <ns3:hr>162</ns3:hr>
            <ns3:cad>0</ns3:cad>
          </ns3:TrackPointExtension>
        </extensions>
      </trkpt>
      <trkpt lat="31.27835788764059543609619140625" lon="121.47736958228051662445068359375">
        <ele>11</ele>
        <time>2026-09-22T09:21:18.000Z</time>
        <extensions>
          <ns3:TrackPointExtension>
            <ns3:hr>161</ns3:hr>
            <ns3:cad>0</ns3:cad>
          </ns3:TrackPointExtension>
        </extensions>
      </trkpt>
      <trkpt lat="31.2783603183925151824951171875" lon="121.47736690007150173187255859375">
        <ele>11.19999980926513671875</ele>
        <time>2026-09-22T09:21:19.000Z</time>
        <extensions>
          <ns3:TrackPointExtension>
            <ns3:hr>161</ns3:hr>
            <ns3:cad>0</ns3:cad>
          </ns3:TrackPointExtension>
        </extensions>
      </trkpt>
      <trkpt lat="31.278368197381496429443359375" lon="121.47735633887350559234619140625">
        <ele>11.19999980926513671875</ele>
        <time>2026-09-22T09:21:20.000Z</time>
        <extensions>
          <ns3:TrackPointExtension>
            <ns3:hr>160</ns3:hr>
            <ns3:cad>0</ns3:cad>
          </ns3:TrackPointExtension>
        </extensions>
      </trkpt>
      <trkpt lat="31.278363503515720367431640625" lon="121.47736270911991596221923828125">
        <ele>11.19999980926513671875</ele>
        <time>2026-09-22T09:21:21.000Z</time>
        <extensions>
          <ns3:TrackPointExtension>
            <ns3:hr>159</ns3:hr>
            <ns3:cad>0</ns3:cad>
          </ns3:TrackPointExtension>
        </extensions>
      </trkpt>
      <trkpt lat="31.27836157567799091339111328125" lon="121.47736539132893085479736328125">
        <ele>11.19999980926513671875</ele>
        <time>2026-09-22T09:21:22.000Z</time>
        <extensions>
          <ns3:TrackPointExtension>
            <ns3:hr>158</ns3:hr>
            <ns3:cad>0</ns3:cad>
          </ns3:TrackPointExtension>
        </extensions>
      </trkpt>
      <trkpt lat="31.2783566303551197052001953125" lon="121.4773710072040557861328125">
        <ele>11</ele>
        <time>2026-09-22T09:21:23.000Z</time>
        <extensions>
          <ns3:TrackPointExtension>
            <ns3:hr>157</ns3:hr>
            <ns3:cad>0</ns3:cad>
          </ns3:TrackPointExtension>
        </extensions>
      </trkpt>
      <trkpt lat="31.27835973165929317474365234375" lon="121.47736757062375545501708984375">
        <ele>11.19999980926513671875</ele>
        <time>2026-09-22T09:21:24.000Z</time>
        <extensions>
          <ns3:TrackPointExtension>
            <ns3:hr>157</ns3:hr>
            <ns3:cad>0</ns3:cad>
          </ns3:TrackPointExtension>
        </extensions>
      </trkpt>
      <trkpt lat="31.27835973165929317474365234375" lon="121.47736757062375545501708984375">
        <ele>11.19999980926513671875</ele>
        <time>2026-09-22T09:21:25.000Z</time>
        <extensions>
          <ns3:TrackPointExtension>
            <ns3:hr>156</ns3:hr>
            <ns3:cad>0</ns3:cad>
          </ns3:TrackPointExtension>
        </extensions>
      </trkpt>
      <trkpt lat="31.278351433575153350830078125" lon="121.47737679071724414825439453125">
        <ele>11</ele>
        <time>2026-09-22T09:21:26.000Z</time>
        <extensions>
          <ns3:TrackPointExtension>
            <ns3:hr>153</ns3:hr>
            <ns3:cad>0</ns3:cad>
          </ns3:TrackPointExtension>
        </extensions>
      </trkpt>
      <trkpt lat="31.27834967337548732757568359375" lon="121.47737880237400531768798828125">
        <ele>11</ele>
        <time>2026-09-22T09:21:27.000Z</time>
        <extensions>
          <ns3:TrackPointExtension>
            <ns3:hr>152</ns3:hr>
            <ns3:cad>0</ns3:cad>
          </ns3:TrackPointExtension>
        </extensions>
      </trkpt>
      <trkpt lat="31.2783448956906795501708984375" lon="121.47738416679203510284423828125">
        <ele>10.80000019073486328125</ele>
        <time>2026-09-22T09:21:28.000Z</time>
        <extensions>
          <ns3:TrackPointExtension>
            <ns3:hr>150</ns3:hr>
            <ns3:cad>0</ns3:cad>
          </ns3:TrackPointExtension>
        </extensions>
      </trkpt>
      <trkpt lat="31.278342045843601226806640625" lon="121.477387435734272003173828125">
        <ele>10.80000019073486328125</ele>
        <time>2026-09-22T09:21:29.000Z</time>
        <extensions>
          <ns3:TrackPointExtension>
            <ns3:hr>149</ns3:hr>
            <ns3:cad>0</ns3:cad>
          </ns3:TrackPointExtension>
        </extensions>
      </trkpt>
      <trkpt lat="31.27833710052073001861572265625" lon="121.47739288397133350372314453125">
        <ele>10.80000019073486328125</ele>
        <time>2026-09-22T09:21:30.000Z</time>
        <extensions>
          <ns3:TrackPointExtension>
            <ns3:hr>148</ns3:hr>
            <ns3:cad>0</ns3:cad>
          </ns3:TrackPointExtension>
        </extensions>
      </trkpt>
      <trkpt lat="31.27832804806530475616455078125" lon="121.47740310989320278167724609375">
        <ele>10.6000003814697265625</ele>
        <time>2026-09-22T09:21:31.000Z</time>
        <extensions>
          <ns3:TrackPointExtension>
            <ns3:hr>148</ns3:hr>
            <ns3:cad>0</ns3:cad>
          </ns3:TrackPointExtension>
        </extensions>
      </trkpt>
      <trkpt lat="31.27832469530403614044189453125" lon="121.47740612737834453582763671875">
        <ele>10.6000003814697265625</ele>
        <time>2026-09-22T09:21:32.000Z</time>
        <extensions>
          <ns3:TrackPointExtension>
            <ns3:hr>147</ns3:hr>
            <ns3:cad>0</ns3:cad>
          </ns3:TrackPointExtension>
        </extensions>
      </trkpt>
      <trkpt lat="31.27832167781889438629150390625" lon="121.477408893406391143798828125">
        <ele>10.6000003814697265625</ele>
        <time>2026-09-22T09:21:33.000Z</time>
        <extensions>
          <ns3:TrackPointExtension>
            <ns3:hr>146</ns3:hr>
            <ns3:cad>0</ns3:cad>
          </ns3:TrackPointExtension>
        </extensions>
      </trkpt>
      <trkpt lat="31.27831463702023029327392578125" lon="121.47741534747183322906494140625">
        <ele>10.3999996185302734375</ele>
        <time>2026-09-22T09:21:34.000Z</time>
        <extensions>
          <ns3:TrackPointExtension>
            <ns3:hr>145</ns3:hr>
            <ns3:cad>0</ns3:cad>
          </ns3:TrackPointExtension>
        </extensions>
      </trkpt>
      <trkpt lat="31.27830709330737590789794921875" lon="121.47742222063243389129638671875">
        <ele>10.3999996185302734375</ele>
        <time>2026-09-22T09:21:35.000Z</time>
        <extensions>
          <ns3:TrackPointExtension>
            <ns3:hr>144</ns3:hr>
            <ns3:cad>46</ns3:cad>
          </ns3:TrackPointExtension>
        </extensions>
      </trkpt>
      <trkpt lat="31.27829887904226779937744140625" lon="121.477429680526256561279296875">
        <ele>10.19999980926513671875</ele>
        <time>2026-09-22T09:21:36.000Z</time>
        <extensions>
          <ns3:TrackPointExtension>
            <ns3:hr>144</ns3:hr>
            <ns3:cad>46</ns3:cad>
          </ns3:TrackPointExtension>
        </extensions>
      </trkpt>
      <trkpt lat="31.278289072215557098388671875" lon="121.4774382300674915313720703125">
        <ele>10</ele>
        <time>2026-09-22T09:21:37.000Z</time>
        <extensions>
          <ns3:TrackPointExtension>
            <ns3:hr>143</ns3:hr>
            <ns3:cad>46</ns3:cad>
          </ns3:TrackPointExtension>
        </extensions>
      </trkpt>
      <trkpt lat="31.2782805226743221282958984375" lon="121.47744451649487018585205078125">
        <ele>9.80000019073486328125</ele>
        <time>2026-09-22T09:21:38.000Z</time>
        <extensions>
          <ns3:TrackPointExtension>
            <ns3:hr>142</ns3:hr>
            <ns3:cad>46</ns3:cad>
          </ns3:TrackPointExtension>
        </extensions>
      </trkpt>
      <trkpt lat="31.27827675081789493560791015625" lon="121.4774472825229167938232421875">
        <ele>9.80000019073486328125</ele>
        <time>2026-09-22T09:21:39.000Z</time>
        <extensions>
          <ns3:TrackPointExtension>
            <ns3:hr>140</ns3:hr>
            <ns3:cad>0</ns3:cad>
          </ns3:TrackPointExtension>
        </extensions>
      </trkpt>
      <trkpt lat="31.27826618961989879608154296875" lon="121.4774549938738346099853515625">
        <ele>9.6000003814697265625</ele>
        <time>2026-09-22T09:21:40.000Z</time>
        <extensions>
          <ns3:TrackPointExtension>
            <ns3:hr>138</ns3:hr>
            <ns3:cad>0</ns3:cad>
          </ns3:TrackPointExtension>
        </extensions>
      </trkpt>
      <trkpt lat="31.2782583944499492645263671875" lon="121.4774606935679912567138671875">
        <ele>9.6000003814697265625</ele>
        <time>2026-09-22T09:21:41.000Z</time>
        <extensions>
          <ns3:TrackPointExtension>
            <ns3:hr>137</ns3:hr>
            <ns3:cad>0</ns3:cad>
          </ns3:TrackPointExtension>
        </extensions>
      </trkpt>
      <trkpt lat="31.2782496772706508636474609375" lon="121.4774667285382747650146484375">
        <ele>9.3999996185302734375</ele>
        <time>2026-09-22T09:21:42.000Z</time>
        <extensions>
          <ns3:TrackPointExtension>
            <ns3:hr>136</ns3:hr>
            <ns3:cad>46</ns3:cad>
          </ns3:TrackPointExtension>
        </extensions>
      </trkpt>
      <trkpt lat="31.27824246883392333984375" lon="121.47747091948986053466796875">
        <ele>9.3999996185302734375</ele>
        <time>2026-09-22T09:21:43.000Z</time>
        <extensions>
          <ns3:TrackPointExtension>
            <ns3:hr>136</ns3:hr>
            <ns3:cad>46</ns3:cad>
          </ns3:TrackPointExtension>
        </extensions>
      </trkpt>
      <trkpt lat="31.278235428035259246826171875" lon="121.47747494280338287353515625">
        <ele>9.3999996185302734375</ele>
        <time>2026-09-22T09:21:44.000Z</time>
        <extensions>
          <ns3:TrackPointExtension>
            <ns3:hr>136</ns3:hr>
            <ns3:cad>0</ns3:cad>
          </ns3:TrackPointExtension>
        </extensions>
      </trkpt>
      <trkpt lat="31.27822562120854854583740234375" lon="121.477480642497539520263671875">
        <ele>9.19999980926513671875</ele>
        <time>2026-09-22T09:21:45.000Z</time>
        <extensions>
          <ns3:TrackPointExtension>
            <ns3:hr>135</ns3:hr>
            <ns3:cad>0</ns3:cad>
          </ns3:TrackPointExtension>
        </extensions>
      </trkpt>
      <trkpt lat="31.27821958623826503753662109375" lon="121.4774841628968715667724609375">
        <ele>9.19999980926513671875</ele>
        <time>2026-09-22T09:21:46.000Z</time>
        <extensions>
          <ns3:TrackPointExtension>
            <ns3:hr>133</ns3:hr>
            <ns3:cad>47</ns3:cad>
          </ns3:TrackPointExtension>
        </extensions>
      </trkpt>
      <trkpt lat="31.27821405418217182159423828125" lon="121.477487348020076751708984375">
        <ele>9.19999980926513671875</ele>
        <time>2026-09-22T09:21:47.000Z</time>
        <extensions>
          <ns3:TrackPointExtension>
            <ns3:hr>131</ns3:hr>
            <ns3:cad>47</ns3:cad>
          </ns3:TrackPointExtension>
        </extensions>
      </trkpt>
      <trkpt lat="31.27820801921188831329345703125" lon="121.477490365505218505859375">
        <ele>9.19999980926513671875</ele>
        <time>2026-09-22T09:21:48.000Z</time>
        <extensions>
          <ns3:TrackPointExtension>
            <ns3:hr>130</ns3:hr>
            <ns3:cad>47</ns3:cad>
          </ns3:TrackPointExtension>
        </extensions>
      </trkpt>
      <trkpt lat="31.2782000564038753509521484375" lon="121.4774938859045505523681640625">
        <ele>9.19999980926513671875</ele>
        <time>2026-09-22T09:21:49.000Z</time>
        <extensions>
          <ns3:TrackPointExtension>
            <ns3:hr>129</ns3:hr>
            <ns3:cad>47</ns3:cad>
          </ns3:TrackPointExtension>
        </extensions>
      </trkpt>
      <trkpt lat="31.27819242887198925018310546875" lon="121.4774972386658191680908203125">
        <ele>9.19999980926513671875</ele>
        <time>2026-09-22T09:21:50.000Z</time>
        <extensions>
          <ns3:TrackPointExtension>
            <ns3:hr>128</ns3:hr>
            <ns3:cad>0</ns3:cad>
          </ns3:TrackPointExtension>
        </extensions>
      </trkpt>
      <trkpt lat="31.27818052656948566436767578125" lon="121.4775024354457855224609375">
        <ele>9.19999980926513671875</ele>
        <time>2026-09-22T09:21:51.000Z</time>
        <extensions>
          <ns3:TrackPointExtension>
            <ns3:hr>128</ns3:hr>
            <ns3:cad>0</ns3:cad>
          </ns3:TrackPointExtension>
        </extensions>
      </trkpt>
      <trkpt lat="31.278174407780170440673828125" lon="121.4775051176548004150390625">
        <ele>9.19999980926513671875</ele>
        <time>2026-09-22T09:21:52.000Z</time>
        <extensions>
          <ns3:TrackPointExtension>
            <ns3:hr>127</ns3:hr>
            <ns3:cad>0</ns3:cad>
          </ns3:TrackPointExtension>
        </extensions>
      </trkpt>
      <trkpt lat="31.27817180939018726348876953125" lon="121.4775062911212444305419921875">
        <ele>9.19999980926513671875</ele>
        <time>2026-09-22T09:21:53.000Z</time>
        <extensions>
          <ns3:TrackPointExtension>
            <ns3:hr>126</ns3:hr>
            <ns3:cad>0</ns3:cad>
          </ns3:TrackPointExtension>
        </extensions>
      </trkpt>
      <trkpt lat="31.2781708873808383941650390625" lon="121.47750671021640300750732421875">
        <ele>9.19999980926513671875</ele>
        <time>2026-09-22T09:21:54.000Z</time>
        <extensions>
          <ns3:TrackPointExtension>
            <ns3:hr>125</ns3:hr>
            <ns3:cad>0</ns3:cad>
          </ns3:TrackPointExtension>
        </extensions>
      </trkpt>
      <trkpt lat="31.27818287350237369537353515625" lon="121.477501429617404937744140625">
        <ele>9.19999980926513671875</ele>
        <time>2026-09-22T09:21:55.000Z</time>
        <extensions>
          <ns3:TrackPointExtension>
            <ns3:hr>125</ns3:hr>
            <ns3:cad>45</ns3:cad>
          </ns3:TrackPointExtension>
        </extensions>
      </trkpt>
      <trkpt lat="31.278186477720737457275390625" lon="121.47749983705580234527587890625">
        <ele>9.19999980926513671875</ele>
        <time>2026-09-22T09:21:56.000Z</time>
        <extensions>
          <ns3:TrackPointExtension>
            <ns3:hr>124</ns3:hr>
            <ns3:cad>45</ns3:cad>
          </ns3:TrackPointExtension>
        </extensions>
      </trkpt>
      <trkpt lat="31.27818421460688114166259765625" lon="121.47750084288418292999267578125">
        <ele>9.19999980926513671875</ele>
        <time>2026-09-22T09:21:57.000Z</time>
        <extensions>
          <ns3:TrackPointExtension>
            <ns3:hr>123</ns3:hr>
            <ns3:cad>45</ns3:cad>
          </ns3:TrackPointExtension>
        </extensions>
      </trkpt>
      <trkpt lat="31.27819351851940155029296875" lon="121.477496735751628875732421875">
        <ele>9.19999980926513671875</ele>
        <time>2026-09-22T09:21:58.000Z</time>
        <extensions>
          <ns3:TrackPointExtension>
            <ns3:hr>122</ns3:hr>
            <ns3:cad>44</ns3:cad>
          </ns3:TrackPointExtension>
        </extensions>
      </trkpt>
      <trkpt lat="31.27819695509970188140869140625" lon="121.4774952270090579986572265625">
        <ele>9.19999980926513671875</ele>
        <time>2026-09-22T09:21:59.000Z</time>
        <extensions>
          <ns3:TrackPointExtension>
            <ns3:hr>122</ns3:hr>
            <ns3:cad>44</ns3:cad>
          </ns3:TrackPointExtension>
        </extensions>
      </trkpt>
      <trkpt lat="31.27820516936480998992919921875" lon="121.47749162279069423675537109375">
        <ele>9.19999980926513671875</ele>
        <time>2026-09-22T09:22:00.000Z</time>
        <extensions>
          <ns3:TrackPointExtension>
            <ns3:hr>121</ns3:hr>
            <ns3:cad>46</ns3:cad>
          </ns3:TrackPointExtension>
        </extensions>
      </trkpt>
      <trkpt lat="31.27821405418217182159423828125" lon="121.477487348020076751708984375">
        <ele>9.19999980926513671875</ele>
        <time>2026-09-22T09:22:01.000Z</time>
        <extensions>
          <ns3:TrackPointExtension>
            <ns3:hr>121</ns3:hr>
            <ns3:cad>47</ns3:cad>
          </ns3:TrackPointExtension>
        </extensions>
      </trkpt>
      <trkpt lat="31.27822008915245532989501953125" lon="121.47748391143977642059326171875">
        <ele>9.19999980926513671875</ele>
        <time>2026-09-22T09:22:02.000Z</time>
        <extensions>
          <ns3:TrackPointExtension>
            <ns3:hr>120</ns3:hr>
            <ns3:cad>47</ns3:cad>
          </ns3:TrackPointExtension>
        </extensions>
      </trkpt>
      <trkpt lat="31.27822704613208770751953125" lon="121.4774798043072223663330078125">
        <ele>9.19999980926513671875</ele>
        <time>2026-09-22T09:22:03.000Z</time>
        <extensions>
          <ns3:TrackPointExtension>
            <ns3:hr>119</ns3:hr>
            <ns3:cad>45</ns3:cad>
          </ns3:TrackPointExtension>
        </extensions>
      </trkpt>
      <trkpt lat="31.27823400311172008514404296875" lon="121.4774757809937000274658203125">
        <ele>9.3999996185302734375</ele>
        <time>2026-09-22T09:22:04.000Z</time>
        <extensions>
          <ns3:TrackPointExtension>
            <ns3:hr>118</ns3:hr>
            <ns3:cad>45</ns3:cad>
          </ns3:TrackPointExtension>
        </extensions>
      </trkpt>
      <trkpt lat="31.27823567949235439300537109375" lon="121.47747485898435115814208984375">
        <ele>9.3999996185302734375</ele>
        <time>2026-09-22T09:22:05.000Z</time>
        <extensions>
          <ns3:TrackPointExtension>
            <ns3:hr>118</ns3:hr>
            <ns3:cad>45</ns3:cad>
          </ns3:TrackPointExtension>
        </extensions>
      </trkpt>
      <trkpt lat="31.27822436392307281494140625" lon="121.47748139686882495880126953125">
        <ele>9.19999980926513671875</ele>
        <time>2026-09-22T09:22:06.000Z</time>
        <extensions>
          <ns3:TrackPointExtension>
            <ns3:hr>117</ns3:hr>
            <ns3:cad>0</ns3:cad>
          </ns3:TrackPointExtension>
        </extensions>
      </trkpt>
      <trkpt lat="31.27820718102157115936279296875" lon="121.47749078460037708282470703125">
        <ele>9.19999980926513671875</ele>
        <time>2026-09-22T09:22:07.000Z</time>
        <extensions>
          <ns3:TrackPointExtension>
            <ns3:hr>117</ns3:hr>
            <ns3:cad>0</ns3:cad>
          </ns3:TrackPointExtension>
        </extensions>
      </trkpt>
      <trkpt lat="31.2782064266502857208251953125" lon="121.47749111987650394439697265625">
        <ele>9.19999980926513671875</ele>
        <time>2026-09-22T09:22:08.000Z</time>
        <extensions>
          <ns3:TrackPointExtension>
            <ns3:hr>117</ns3:hr>
            <ns3:cad>0</ns3:cad>
          </ns3:TrackPointExtension>
        </extensions>
      </trkpt>
      <trkpt lat="31.27820156514644622802734375" lon="121.4774932153522968292236328125">
        <ele>9.19999980926513671875</ele>
        <time>2026-09-22T09:22:09.000Z</time>
        <extensions>
          <ns3:TrackPointExtension>
            <ns3:hr>117</ns3:hr>
            <ns3:cad>0</ns3:cad>
          </ns3:TrackPointExtension>
        </extensions>
      </trkpt>
      <trkpt lat="31.27819913439452648162841796875" lon="121.47749430499970912933349609375">
        <ele>9.19999980926513671875</ele>
        <time>2026-09-22T09:22:10.000Z</time>
        <extensions>
          <ns3:TrackPointExtension>
            <ns3:hr>117</ns3:hr>
            <ns3:cad>0</ns3:cad>
          </ns3:TrackPointExtension>
        </extensions>
      </trkpt>
      <trkpt lat="31.27819796092808246612548828125" lon="121.47749480791389942169189453125">
        <ele>9.19999980926513671875</ele>
        <time>2026-09-22T09:22:11.000Z</time>
        <extensions>
          <ns3:TrackPointExtension>
            <ns3:hr>117</ns3:hr>
            <ns3:cad>0</ns3:cad>
          </ns3:TrackPointExtension>
        </extensions>
      </trkpt>
      <trkpt lat="31.27819611690938472747802734375" lon="121.47749564610421657562255859375">
        <ele>9.19999980926513671875</ele>
        <time>2026-09-22T09:22:12.000Z</time>
        <extensions>
          <ns3:TrackPointExtension>
            <ns3:hr>117</ns3:hr>
            <ns3:cad>0</ns3:cad>
          </ns3:TrackPointExtension>
        </extensions>
      </trkpt>
      <trkpt lat="31.27818924374878406524658203125" lon="121.47749866358935832977294921875">
        <ele>9.19999980926513671875</ele>
        <time>2026-09-22T09:22:13.000Z</time>
        <extensions>
          <ns3:TrackPointExtension>
            <ns3:hr>117</ns3:hr>
            <ns3:cad>0</ns3:cad>
          </ns3:TrackPointExtension>
        </extensions>
      </trkpt>
      <trkpt lat="31.278184466063976287841796875" lon="121.477500759065151214599609375">
        <ele>9.19999980926513671875</ele>
        <time>2026-09-22T09:22:14.000Z</time>
        <extensions>
          <ns3:TrackPointExtension>
            <ns3:hr>117</ns3:hr>
            <ns3:cad>0</ns3:cad>
          </ns3:TrackPointExtension>
        </extensions>
      </trkpt>
      <trkpt lat="31.2781812809407711029052734375" lon="121.477502100169658660888671875">
        <ele>9.19999980926513671875</ele>
        <time>2026-09-22T09:22:15.000Z</time>
        <extensions>
          <ns3:TrackPointExtension>
            <ns3:hr>117</ns3:hr>
            <ns3:cad>0</ns3:cad>
          </ns3:TrackPointExtension>
        </extensions>
      </trkpt>
      <trkpt lat="31.278179101645946502685546875" lon="121.47750310599803924560546875">
        <ele>9.19999980926513671875</ele>
        <time>2026-09-22T09:22:16.000Z</time>
        <extensions>
          <ns3:TrackPointExtension>
            <ns3:hr>117</ns3:hr>
            <ns3:cad>43</ns3:cad>
          </ns3:TrackPointExtension>
        </extensions>
      </trkpt>
      <trkpt lat="31.27817482687532901763916015625" lon="121.4775049500167369842529296875">
        <ele>9.19999980926513671875</ele>
        <time>2026-09-22T09:22:17.000Z</time>
        <extensions>
          <ns3:TrackPointExtension>
            <ns3:hr>116</ns3:hr>
            <ns3:cad>44</ns3:cad>
          </ns3:TrackPointExtension>
        </extensions>
      </trkpt>
      <trkpt lat="31.2781718932092189788818359375" lon="121.47750620730221271514892578125">
        <ele>9.19999980926513671875</ele>
        <time>2026-09-22T09:22:18.000Z</time>
        <extensions>
          <ns3:TrackPointExtension>
            <ns3:hr>115</ns3:hr>
            <ns3:cad>44</ns3:cad>
          </ns3:TrackPointExtension>
        </extensions>
      </trkpt>
      <trkpt lat="31.27817080356180667877197265625" lon="121.47750671021640300750732421875">
        <ele>9.19999980926513671875</ele>
        <time>2026-09-22T09:22:19.000Z</time>
        <extensions>
          <ns3:TrackPointExtension>
            <ns3:hr>114</ns3:hr>
            <ns3:cad>44</ns3:cad>
          </ns3:TrackPointExtension>
        </extensions>
      </trkpt>
      <trkpt lat="31.27817331813275814056396484375" lon="121.4775056205689907073974609375">
        <ele>9.19999980926513671875</ele>
        <time>2026-09-22T09:22:20.000Z</time>
        <extensions>
          <ns3:TrackPointExtension>
            <ns3:hr>113</ns3:hr>
            <ns3:cad>44</ns3:cad>
          </ns3:TrackPointExtension>
        </extensions>
      </trkpt>
      <trkpt lat="31.278183124959468841552734375" lon="121.47750134579837322235107421875">
        <ele>9.19999980926513671875</ele>
        <time>2026-09-22T09:22:21.000Z</time>
        <extensions>
          <ns3:TrackPointExtension>
            <ns3:hr>113</ns3:hr>
            <ns3:cad>44</ns3:cad>
          </ns3:TrackPointExtension>
        </extensions>
      </trkpt>
      <trkpt lat="31.27818991430103778839111328125" lon="121.47749832831323146820068359375">
        <ele>9.19999980926513671875</ele>
        <time>2026-09-22T09:22:22.000Z</time>
        <extensions>
          <ns3:TrackPointExtension>
            <ns3:hr>113</ns3:hr>
            <ns3:cad>0</ns3:cad>
          </ns3:TrackPointExtension>
        </extensions>
      </trkpt>
      <trkpt lat="31.27819393761456012725830078125" lon="121.4774965681135654449462890625">
        <ele>9.19999980926513671875</ele>
        <time>2026-09-22T09:22:23.000Z</time>
        <extensions>
          <ns3:TrackPointExtension>
            <ns3:hr>112</ns3:hr>
            <ns3:cad>0</ns3:cad>
          </ns3:TrackPointExtension>
        </extensions>
      </trkpt>
      <trkpt lat="31.278199218213558197021484375" lon="121.4774942211806774139404296875">
        <ele>9.19999980926513671875</ele>
        <time>2026-09-22T09:22:24.000Z</time>
        <extensions>
          <ns3:TrackPointExtension>
            <ns3:hr>111</ns3:hr>
            <ns3:cad>0</ns3:cad>
          </ns3:TrackPointExtension>
        </extensions>
      </trkpt>
      <trkpt lat="31.27820466645061969757080078125" lon="121.4774918742477893829345703125">
        <ele>9.19999980926513671875</ele>
        <time>2026-09-22T09:22:25.000Z</time>
        <extensions>
          <ns3:TrackPointExtension>
            <ns3:hr>110</ns3:hr>
            <ns3:cad>0</ns3:cad>
          </ns3:TrackPointExtension>
        </extensions>
      </trkpt>
      <trkpt lat="31.27821472473442554473876953125" lon="121.47748701274394989013671875">
        <ele>9.19999980926513671875</ele>
        <time>2026-09-22T09:22:26.000Z</time>
        <extensions>
          <ns3:TrackPointExtension>
            <ns3:hr>110</ns3:hr>
            <ns3:cad>0</ns3:cad>
          </ns3:TrackPointExtension>
        </extensions>
      </trkpt>
      <trkpt lat="31.27822310663759708404541015625" lon="121.47748206742107868194580078125">
        <ele>9.19999980926513671875</ele>
        <time>2026-09-22T09:22:27.000Z</time>
        <extensions>
          <ns3:TrackPointExtension>
            <ns3:hr>110</ns3:hr>
            <ns3:cad>0</ns3:cad>
          </ns3:TrackPointExtension>
        </extensions>
      </trkpt>
      <trkpt lat="31.27822972834110260009765625" lon="121.4774782955646514892578125">
        <ele>9.19999980926513671875</ele>
        <time>2026-09-22T09:22:28.000Z</time>
        <extensions>
          <ns3:TrackPointExtension>
            <ns3:hr>110</ns3:hr>
            <ns3:cad>47</ns3:cad>
          </ns3:TrackPointExtension>
        </extensions>
      </trkpt>
      <trkpt lat="31.27823450602591037750244140625" lon="121.47747552953660488128662109375">
        <ele>9.3999996185302734375</ele>
        <time>2026-09-22T09:22:29.000Z</time>
        <extensions>
          <ns3:TrackPointExtension>
            <ns3:hr>110</ns3:hr>
            <ns3:cad>47</ns3:cad>
          </ns3:TrackPointExtension>
        </extensions>
      </trkpt>
      <trkpt lat="31.27823852933943271636962890625" lon="121.47747318260371685028076171875">
        <ele>9.3999996185302734375</ele>
        <time>2026-09-22T09:22:30.000Z</time>
        <extensions>
          <ns3:TrackPointExtension>
            <ns3:hr>110</ns3:hr>
            <ns3:cad>45</ns3:cad>
          </ns3:TrackPointExtension>
        </extensions>
      </trkpt>
      <trkpt lat="31.27824448049068450927734375" lon="121.4774697460234165191650390625">
        <ele>9.3999996185302734375</ele>
        <time>2026-09-22T09:22:31.000Z</time>
        <extensions>
          <ns3:TrackPointExtension>
            <ns3:hr>110</ns3:hr>
            <ns3:cad>45</ns3:cad>
          </ns3:TrackPointExtension>
        </extensions>
      </trkpt>
      <trkpt lat="31.2782456539571285247802734375" lon="121.4774690754711627960205078125">
        <ele>9.3999996185302734375</ele>
        <time>2026-09-22T09:22:32.000Z</time>
        <extensions>
          <ns3:TrackPointExtension>
            <ns3:hr>110</ns3:hr>
            <ns3:cad>44</ns3:cad>
          </ns3:TrackPointExtension>
        </extensions>
      </trkpt>
      <trkpt lat="31.2782543711364269256591796875" lon="121.4774637110531330108642578125">
        <ele>9.3999996185302734375</ele>
        <time>2026-09-22T09:22:33.000Z</time>
        <extensions>
          <ns3:TrackPointExtension>
            <ns3:hr>109</ns3:hr>
            <ns3:cad>44</ns3:cad>
          </ns3:TrackPointExtension>
        </extensions>
      </trkpt>
      <trkpt lat="31.27825931645929813385009765625" lon="121.47746010683476924896240234375">
        <ele>9.6000003814697265625</ele>
        <time>2026-09-22T09:22:34.000Z</time>
        <extensions>
          <ns3:TrackPointExtension>
            <ns3:hr>109</ns3:hr>
            <ns3:cad>44</ns3:cad>
          </ns3:TrackPointExtension>
        </extensions>
      </trkpt>
      <trkpt lat="31.278266943991184234619140625" lon="121.477454490959644317626953125">
        <ele>9.6000003814697265625</ele>
        <time>2026-09-22T09:22:35.000Z</time>
        <extensions>
          <ns3:TrackPointExtension>
            <ns3:hr>108</ns3:hr>
            <ns3:cad>44</ns3:cad>
          </ns3:TrackPointExtension>
        </extensions>
      </trkpt>
      <trkpt lat="31.278273649513721466064453125" lon="121.47744954563677310943603515625">
        <ele>9.80000019073486328125</ele>
        <time>2026-09-22T09:22:36.000Z</time>
        <extensions>
          <ns3:TrackPointExtension>
            <ns3:hr>108</ns3:hr>
            <ns3:cad>45</ns3:cad>
          </ns3:TrackPointExtension>
        </extensions>
      </trkpt>
      <trkpt lat="31.2782761640846729278564453125" lon="121.47744770161807537078857421875">
        <ele>9.80000019073486328125</ele>
        <time>2026-09-22T09:22:37.000Z</time>
        <extensions>
          <ns3:TrackPointExtension>
            <ns3:hr>108</ns3:hr>
            <ns3:cad>45</ns3:cad>
          </ns3:TrackPointExtension>
        </extensions>
      </trkpt>
      <trkpt lat="31.27827976830303668975830078125" lon="121.47744501940906047821044921875">
        <ele>9.80000019073486328125</ele>
        <time>2026-09-22T09:22:38.000Z</time>
        <extensions>
          <ns3:TrackPointExtension>
            <ns3:hr>108</ns3:hr>
            <ns3:cad>45</ns3:cad>
          </ns3:TrackPointExtension>
        </extensions>
      </trkpt>
      <trkpt lat="31.27828127704560756683349609375" lon="121.4774439297616481781005859375">
        <ele>10</ele>
        <time>2026-09-22T09:22:39.000Z</time>
        <extensions>
          <ns3:TrackPointExtension>
            <ns3:hr>107</ns3:hr>
            <ns3:cad>45</ns3:cad>
          </ns3:TrackPointExtension>
        </extensions>
      </trkpt>
      <trkpt lat="31.2782885693013668060302734375" lon="121.4774385653436183929443359375">
        <ele>10</ele>
        <time>2026-09-22T09:22:40.000Z</time>
        <extensions>
          <ns3:TrackPointExtension>
            <ns3:hr>107</ns3:hr>
            <ns3:cad>45</ns3:cad>
          </ns3:TrackPointExtension>
        </extensions>
      </trkpt>
      <trkpt lat="31.27829410135746002197265625" lon="121.47743403911590576171875">
        <ele>10.19999980926513671875</ele>
        <time>2026-09-22T09:22:41.000Z</time>
        <extensions>
          <ns3:TrackPointExtension>
            <ns3:hr>107</ns3:hr>
            <ns3:cad>45</ns3:cad>
          </ns3:TrackPointExtension>
        </extensions>
      </trkpt>
      <trkpt lat="31.278301812708377838134765625" lon="121.47742708213627338409423828125">
        <ele>10.19999980926513671875</ele>
        <time>2026-09-22T09:22:42.000Z</time>
        <extensions>
          <ns3:TrackPointExtension>
            <ns3:hr>107</ns3:hr>
            <ns3:cad>45</ns3:cad>
          </ns3:TrackPointExtension>
        </extensions>
      </trkpt>
      <trkpt lat="31.278307847678661346435546875" lon="121.4774214662611484527587890625">
        <ele>10.3999996185302734375</ele>
        <time>2026-09-22T09:22:43.000Z</time>
        <extensions>
          <ns3:TrackPointExtension>
            <ns3:hr>107</ns3:hr>
            <ns3:cad>44</ns3:cad>
          </ns3:TrackPointExtension>
        </extensions>
      </trkpt>
      <trkpt lat="31.27831782214343547821044921875" lon="121.4774124138057231903076171875">
        <ele>10.3999996185302734375</ele>
        <time>2026-09-22T09:22:44.000Z</time>
        <extensions>
          <ns3:TrackPointExtension>
            <ns3:hr>107</ns3:hr>
            <ns3:cad>0</ns3:cad>
          </ns3:TrackPointExtension>
        </extensions>
      </trkpt>
      <trkpt lat="31.27832360565662384033203125" lon="121.47740713320672512054443359375">
        <ele>10.6000003814697265625</ele>
        <time>2026-09-22T09:22:45.000Z</time>
        <extensions>
          <ns3:TrackPointExtension>
            <ns3:hr>106</ns3:hr>
            <ns3:cad>0</ns3:cad>
          </ns3:TrackPointExtension>
        </extensions>
      </trkpt>
      <trkpt lat="31.27832955680787563323974609375" lon="121.47740143351256847381591796875">
        <ele>10.6000003814697265625</ele>
        <time>2026-09-22T09:22:46.000Z</time>
        <extensions>
          <ns3:TrackPointExtension>
            <ns3:hr>105</ns3:hr>
            <ns3:cad>0</ns3:cad>
          </ns3:TrackPointExtension>
        </extensions>
      </trkpt>
      <trkpt lat="31.27833575941622257232666015625" lon="121.47739439271390438079833984375">
        <ele>10.80000019073486328125</ele>
        <time>2026-09-22T09:22:47.000Z</time>
        <extensions>
          <ns3:TrackPointExtension>
            <ns3:hr>105</ns3:hr>
            <ns3:cad>0</ns3:cad>
          </ns3:TrackPointExtension>
        </extensions>
      </trkpt>
      <trkpt lat="31.2783405371010303497314453125" lon="121.47738902829587459564208984375">
        <ele>10.80000019073486328125</ele>
        <time>2026-09-22T09:22:48.000Z</time>
        <extensions>
          <ns3:TrackPointExtension>
            <ns3:hr>104</ns3:hr>
            <ns3:cad>0</ns3:cad>
          </ns3:TrackPointExtension>
        </extensions>
      </trkpt>
      <trkpt lat="31.27834238111972808837890625" lon="121.47738701663911342620849609375">
        <ele>10.80000019073486328125</ele>
        <time>2026-09-22T09:22:49.000Z</time>
        <extensions>
          <ns3:TrackPointExtension>
            <ns3:hr>104</ns3:hr>
            <ns3:cad>0</ns3:cad>
          </ns3:TrackPointExtension>
        </extensions>
      </trkpt>
      <trkpt lat="31.2783499248325824737548828125" lon="121.4773785509169101715087890625">
        <ele>11</ele>
        <time>2026-09-22T09:22:50.000Z</time>
        <extensions>
          <ns3:TrackPointExtension>
            <ns3:hr>105</ns3:hr>
            <ns3:cad>0</ns3:cad>
          </ns3:TrackPointExtension>
        </extensions>
      </trkpt>
      <trkpt lat="31.27834908664226531982421875" lon="121.47737947292625904083251953125">
        <ele>11</ele>
        <time>2026-09-22T09:22:51.000Z</time>
        <extensions>
          <ns3:TrackPointExtension>
            <ns3:hr>105</ns3:hr>
            <ns3:cad>0</ns3:cad>
          </ns3:TrackPointExtension>
        </extensions>
      </trkpt>
      <trkpt lat="31.27835721708834171295166015625" lon="121.47737033665180206298828125">
        <ele>11</ele>
        <time>2026-09-22T09:22:52.000Z</time>
        <extensions>
          <ns3:TrackPointExtension>
            <ns3:hr>106</ns3:hr>
            <ns3:cad>0</ns3:cad>
          </ns3:TrackPointExtension>
        </extensions>
      </trkpt>
      <trkpt lat="31.27836291678249835968017578125" lon="121.47736354731023311614990234375">
        <ele>11.19999980926513671875</ele>
        <time>2026-09-22T09:22:53.000Z</time>
        <extensions>
          <ns3:TrackPointExtension>
            <ns3:hr>106</ns3:hr>
            <ns3:cad>0</ns3:cad>
          </ns3:TrackPointExtension>
        </extensions>
      </trkpt>
      <trkpt lat="31.27837247215211391448974609375" lon="121.47735047154128551483154296875">
        <ele>11.19999980926513671875</ele>
        <time>2026-09-22T09:22:54.000Z</time>
        <extensions>
          <ns3:TrackPointExtension>
            <ns3:hr>106</ns3:hr>
            <ns3:cad>43</ns3:cad>
          </ns3:TrackPointExtension>
        </extensions>
      </trkpt>
      <trkpt lat="31.27838035114109516143798828125" lon="121.47733957506716251373291015625">
        <ele>11.3999996185302734375</ele>
        <time>2026-09-22T09:22:55.000Z</time>
        <extensions>
          <ns3:TrackPointExtension>
            <ns3:hr>106</ns3:hr>
            <ns3:cad>43</ns3:cad>
          </ns3:TrackPointExtension>
        </extensions>
      </trkpt>
      <trkpt lat="31.27838303335011005401611328125" lon="121.4773359708487987518310546875">
        <ele>11.3999996185302734375</ele>
        <time>2026-09-22T09:22:56.000Z</time>
        <extensions>
          <ns3:TrackPointExtension>
            <ns3:hr>105</ns3:hr>
            <ns3:cad>43</ns3:cad>
          </ns3:TrackPointExtension>
        </extensions>
      </trkpt>
      <trkpt lat="31.27838705666363239288330078125" lon="121.47733035497367382049560546875">
        <ele>11.3999996185302734375</ele>
        <time>2026-09-22T09:22:57.000Z</time>
        <extensions>
          <ns3:TrackPointExtension>
            <ns3:hr>103</ns3:hr>
            <ns3:cad>43</ns3:cad>
          </ns3:TrackPointExtension>
        </extensions>
      </trkpt>
      <trkpt lat="31.2783886492252349853515625" lon="121.4773282594978809356689453125">
        <ele>11.6000003814697265625</ele>
        <time>2026-09-22T09:22:58.000Z</time>
        <extensions>
          <ns3:TrackPointExtension>
            <ns3:hr>102</ns3:hr>
            <ns3:cad>0</ns3:cad>
          </ns3:TrackPointExtension>
        </extensions>
      </trkpt>
      <trkpt lat="31.2783874757587909698486328125" lon="121.47732985205948352813720703125">
        <ele>11.6000003814697265625</ele>
        <time>2026-09-22T09:22:59.000Z</time>
        <extensions>
          <ns3:TrackPointExtension>
            <ns3:hr>102</ns3:hr>
            <ns3:cad>0</ns3:cad>
          </ns3:TrackPointExtension>
        </extensions>
      </trkpt>
      <trkpt lat="31.27838454209268093109130859375" lon="121.477333791553974151611328125">
        <ele>11.3999996185302734375</ele>
        <time>2026-09-22T09:23:00.000Z</time>
        <extensions>
          <ns3:TrackPointExtension>
            <ns3:hr>102</ns3:hr>
            <ns3:cad>0</ns3:cad>
          </ns3:TrackPointExtension>
        </extensions>
      </trkpt>
      <trkpt lat="31.27838261425495147705078125" lon="121.477336473762989044189453125">
        <ele>11.3999996185302734375</ele>
        <time>2026-09-22T09:23:01.000Z</time>
        <extensions>
          <ns3:TrackPointExtension>
            <ns3:hr>101</ns3:hr>
            <ns3:cad>0</ns3:cad>
          </ns3:TrackPointExtension>
        </extensions>
      </trkpt>
      <trkpt lat="31.2783723883330821990966796875" lon="121.477350555360317230224609375">
        <ele>11.19999980926513671875</ele>
        <time>2026-09-22T09:23:02.000Z</time>
        <extensions>
          <ns3:TrackPointExtension>
            <ns3:hr>101</ns3:hr>
            <ns3:cad>0</ns3:cad>
          </ns3:TrackPointExtension>
        </extensions>
      </trkpt>
      <trkpt lat="31.278368532657623291015625" lon="121.47735583595931529998779296875">
        <ele>11.19999980926513671875</ele>
        <time>2026-09-22T09:23:03.000Z</time>
        <extensions>
          <ns3:TrackPointExtension>
            <ns3:hr>101</ns3:hr>
            <ns3:cad>0</ns3:cad>
          </ns3:TrackPointExtension>
        </extensions>
      </trkpt>
      <trkpt lat="31.27838152460753917694091796875" lon="121.47733789868652820587158203125">
        <ele>11.3999996185302734375</ele>
        <time>2026-09-22T09:23:04.000Z</time>
        <extensions>
          <ns3:TrackPointExtension>
            <ns3:hr>102</ns3:hr>
            <ns3:cad>0</ns3:cad>
          </ns3:TrackPointExtension>
        </extensions>
      </trkpt>
      <trkpt lat="31.27838286571204662322998046875" lon="121.4773361384868621826171875">
        <ele>11.3999996185302734375</ele>
        <time>2026-09-22T09:23:05.000Z</time>
        <extensions>
          <ns3:TrackPointExtension>
            <ns3:hr>102</ns3:hr>
            <ns3:cad>0</ns3:cad>
          </ns3:TrackPointExtension>
        </extensions>
      </trkpt>
      <trkpt lat="31.27839828841388225555419921875" lon="121.47731266915798187255859375">
        <ele>11.3999996185302734375</ele>
        <time>2026-09-22T09:23:06.000Z</time>
        <extensions>
          <ns3:TrackPointExtension>
            <ns3:hr>103</ns3:hr>
            <ns3:cad>0</ns3:cad>
          </ns3:TrackPointExtension>
        </extensions>
      </trkpt>
      <trkpt lat="31.27842226065695285797119140625" lon="121.47726983763277530670166015625">
        <ele>11</ele>
        <time>2026-09-22T09:23:07.000Z</time>
        <extensions>
          <ns3:TrackPointExtension>
            <ns3:hr>103</ns3:hr>
            <ns3:cad>0</ns3:cad>
          </ns3:TrackPointExtension>
        </extensions>
      </trkpt>
      <trkpt lat="31.278450004756450653076171875" lon="121.477204374969005584716796875">
        <ele>10.3999996185302734375</ele>
        <time>2026-09-22T09:23:08.000Z</time>
        <extensions>
          <ns3:TrackPointExtension>
            <ns3:hr>104</ns3:hr>
            <ns3:cad>0</ns3:cad>
          </ns3:TrackPointExtension>
        </extensions>
      </trkpt>
      <trkpt lat="31.27846442162990570068359375" lon="121.477157436311244964599609375">
        <ele>10</ele>
        <time>2026-09-22T09:23:09.000Z</time>
        <extensions>
          <ns3:TrackPointExtension>
            <ns3:hr>104</ns3:hr>
            <ns3:cad>92</ns3:cad>
          </ns3:TrackPointExtension>
        </extensions>
      </trkpt>
      <trkpt lat="31.2784766592085361480712890625" lon="121.47710002027451992034912109375">
        <ele>9.3999996185302734375</ele>
        <time>2026-09-22T09:23:10.000Z</time>
        <extensions>
          <ns3:TrackPointExtension>
            <ns3:hr>105</ns3:hr>
            <ns3:cad>94</ns3:cad>
          </ns3:TrackPointExtension>
        </extensions>
      </trkpt>
      <trkpt lat="31.27848277799785137176513671875" lon="121.47704905830323696136474609375">
        <ele>9</ele>
        <time>2026-09-22T09:23:11.000Z</time>
        <extensions>
          <ns3:TrackPointExtension>
            <ns3:hr>103</ns3:hr>
            <ns3:cad>94</ns3:cad>
          </ns3:TrackPointExtension>
        </extensions>
      </trkpt>
      <trkpt lat="31.2784847058355808258056640625" lon="121.477007567882537841796875">
        <ele>8.3999996185302734375</ele>
        <time>2026-09-22T09:23:12.000Z</time>
        <extensions>
          <ns3:TrackPointExtension>
            <ns3:hr>106</ns3:hr>
            <ns3:cad>93</ns3:cad>
          </ns3:TrackPointExtension>
        </extensions>
      </trkpt>
      <trkpt lat="31.278483532369136810302734375" lon="121.476959288120269775390625">
        <ele>8</ele>
        <time>2026-09-22T09:23:13.000Z</time>
        <extensions>
          <ns3:TrackPointExtension>
            <ns3:hr>109</ns3:hr>
            <ns3:cad>93</ns3:cad>
          </ns3:TrackPointExtension>
        </extensions>
      </trkpt>
      <trkpt lat="31.27847825177013874053955078125" lon="121.476909331977367401123046875">
        <ele>7.400000095367431640625</ele>
        <time>2026-09-22T09:23:14.000Z</time>
        <extensions>
          <ns3:TrackPointExtension>
            <ns3:hr>111</ns3:hr>
            <ns3:cad>93</ns3:cad>
          </ns3:TrackPointExtension>
        </extensions>
      </trkpt>
      <trkpt lat="31.27846584655344486236572265625" lon="121.4768488146364688873291015625">
        <ele>7.19999980926513671875</ele>
        <time>2026-09-22T09:23:15.000Z</time>
        <extensions>
          <ns3:TrackPointExtension>
            <ns3:hr>113</ns3:hr>
            <ns3:cad>93</ns3:cad>
          </ns3:TrackPointExtension>
        </extensions>
      </trkpt>
      <trkpt lat="31.278453357517719268798828125" lon="121.4768055640161037445068359375">
        <ele>7.599999904632568359375</ele>
        <time>2026-09-22T09:23:16.000Z</time>
        <extensions>
          <ns3:TrackPointExtension>
            <ns3:hr>115</ns3:hr>
            <ns3:cad>94</ns3:cad>
          </ns3:TrackPointExtension>
        </extensions>
      </trkpt>
      <trkpt lat="31.278437264263629913330078125" lon="121.47676273249089717864990234375">
        <ele>8.19999980926513671875</ele>
        <time>2026-09-22T09:23:17.000Z</time>
        <extensions>
          <ns3:TrackPointExtension>
            <ns3:hr>117</ns3:hr>
            <ns3:cad>94</ns3:cad>
          </ns3:TrackPointExtension>
        </extensions>
      </trkpt>
      <trkpt lat="31.27841806970536708831787109375" lon="121.47672258317470550537109375">
        <ele>8.6000003814697265625</ele>
        <time>2026-09-22T09:23:18.000Z</time>
        <extensions>
          <ns3:TrackPointExtension>
            <ns3:hr>119</ns3:hr>
            <ns3:cad>93</ns3:cad>
          </ns3:TrackPointExtension>
        </extensions>
      </trkpt>
      <trkpt lat="31.27839577384293079376220703125" lon="121.47668427787721157073974609375">
        <ele>9</ele>
        <time>2026-09-22T09:23:19.000Z</time>
        <extensions>
          <ns3:TrackPointExtension>
            <ns3:hr>120</ns3:hr>
            <ns3:cad>93</ns3:cad>
          </ns3:TrackPointExtension>
        </extensions>
      </trkpt>
      <trkpt lat="31.27837012521922588348388671875" lon="121.47664756514132022857666015625">
        <ele>9.3999996185302734375</ele>
        <time>2026-09-22T09:23:20.000Z</time>
        <extensions>
          <ns3:TrackPointExtension>
            <ns3:hr>121</ns3:hr>
            <ns3:cad>93</ns3:cad>
          </ns3:TrackPointExtension>
        </extensions>
      </trkpt>
      <trkpt lat="31.278341375291347503662109375" lon="121.47661303170025348663330078125">
        <ele>9.80000019073486328125</ele>
        <time>2026-09-22T09:23:21.000Z</time>
        <extensions>
          <ns3:TrackPointExtension>
            <ns3:hr>122</ns3:hr>
            <ns3:cad>94</ns3:cad>
          </ns3:TrackPointExtension>
        </extensions>
      </trkpt>
      <trkpt lat="31.2783150561153888702392578125" lon="121.47658604197204113006591796875">
        <ele>10.19999980926513671875</ele>
        <time>2026-09-22T09:23:22.000Z</time>
        <extensions>
          <ns3:TrackPointExtension>
            <ns3:hr>123</ns3:hr>
            <ns3:cad>94</ns3:cad>
          </ns3:TrackPointExtension>
        </extensions>
      </trkpt>
      <trkpt lat="31.2782813608646392822265625" lon="121.47655704058706760406494140625">
        <ele>10.80000019073486328125</ele>
        <time>2026-09-22T09:23:23.000Z</time>
        <extensions>
          <ns3:TrackPointExtension>
            <ns3:hr>123</ns3:hr>
            <ns3:cad>94</ns3:cad>
          </ns3:TrackPointExtension>
        </extensions>
      </trkpt>
      <trkpt lat="31.27824439667165279388427734375" lon="121.476531140506267547607421875">
        <ele>11.19999980926513671875</ele>
        <time>2026-09-22T09:23:24.000Z</time>
        <extensions>
          <ns3:TrackPointExtension>
            <ns3:hr>124</ns3:hr>
            <ns3:cad>94</ns3:cad>
          </ns3:TrackPointExtension>
        </extensions>
      </trkpt>
      <trkpt lat="31.278203912079334259033203125" lon="121.47650842554867267608642578125">
        <ele>11.6000003814697265625</ele>
        <time>2026-09-22T09:23:25.000Z</time>
        <extensions>
          <ns3:TrackPointExtension>
            <ns3:hr>125</ns3:hr>
            <ns3:cad>94</ns3:cad>
          </ns3:TrackPointExtension>
        </extensions>
      </trkpt>
      <trkpt lat="31.27816694788634777069091796875" lon="121.4764900691807270050048828125">
        <ele>11.3999996185302734375</ele>
        <time>2026-09-22T09:23:26.000Z</time>
        <extensions>
          <ns3:TrackPointExtension>
            <ns3:hr>126</ns3:hr>
            <ns3:cad>94</ns3:cad>
          </ns3:TrackPointExtension>
        </extensions>
      </trkpt>
      <trkpt lat="31.2781309895217418670654296875" lon="121.47647221572697162628173828125">
        <ele>11.19999980926513671875</ele>
        <time>2026-09-22T09:23:27.000Z</time>
        <extensions>
          <ns3:TrackPointExtension>
            <ns3:hr>128</ns3:hr>
            <ns3:cad>94</ns3:cad>
          </ns3:TrackPointExtension>
        </extensions>
      </trkpt>
      <trkpt lat="31.2780961208045482635498046875" lon="121.4764548651874065399169921875">
        <ele>10.80000019073486328125</ele>
        <time>2026-09-22T09:23:28.000Z</time>
        <extensions>
          <ns3:TrackPointExtension>
            <ns3:hr>129</ns3:hr>
            <ns3:cad>94</ns3:cad>
          </ns3:TrackPointExtension>
        </extensions>
      </trkpt>
      <trkpt lat="31.27806385047733783721923828125" lon="121.47643885575234889984130859375">
        <ele>10.6000003814697265625</ele>
        <time>2026-09-22T09:23:29.000Z</time>
        <extensions>
          <ns3:TrackPointExtension>
            <ns3:hr>131</ns3:hr>
            <ns3:cad>94</ns3:cad>
          </ns3:TrackPointExtension>
        </extensions>
      </trkpt>
      <trkpt lat="31.27802864648401737213134765625" lon="121.47642142139375209808349609375">
        <ele>10.6000003814697265625</ele>
        <time>2026-09-22T09:23:30.000Z</time>
        <extensions>
          <ns3:TrackPointExtension>
            <ns3:hr>132</ns3:hr>
            <ns3:cad>93</ns3:cad>
          </ns3:TrackPointExtension>
        </extensions>
      </trkpt>
      <trkpt lat="31.27799545414745807647705078125" lon="121.4764049090445041656494140625">
        <ele>10.3999996185302734375</ele>
        <time>2026-09-22T09:23:31.000Z</time>
        <extensions>
          <ns3:TrackPointExtension>
            <ns3:hr>134</ns3:hr>
            <ns3:cad>93</ns3:cad>
          </ns3:TrackPointExtension>
        </extensions>
      </trkpt>
      <trkpt lat="31.2779650278389453887939453125" lon="121.4763898216187953948974609375">
        <ele>10.3999996185302734375</ele>
        <time>2026-09-22T09:23:32.000Z</time>
        <extensions>
          <ns3:TrackPointExtension>
            <ns3:hr>136</ns3:hr>
            <ns3:cad>93</ns3:cad>
          </ns3:TrackPointExtension>
        </extensions>
      </trkpt>
      <trkpt lat="31.277935691177845001220703125" lon="121.47637523710727691650390625">
        <ele>10.3999996185302734375</ele>
        <time>2026-09-22T09:23:33.000Z</time>
        <extensions>
          <ns3:TrackPointExtension>
            <ns3:hr>139</ns3:hr>
            <ns3:cad>93</ns3:cad>
          </ns3:TrackPointExtension>
        </extensions>
      </trkpt>
      <trkpt lat="31.27790459431707859039306640625" lon="121.4763598144054412841796875">
        <ele>10.3999996185302734375</ele>
        <time>2026-09-22T09:23:34.000Z</time>
        <extensions>
          <ns3:TrackPointExtension>
            <ns3:hr>139</ns3:hr>
            <ns3:cad>93</ns3:cad>
          </ns3:TrackPointExtension>
        </extensions>
      </trkpt>
      <trkpt lat="31.27787861041724681854248046875" lon="121.4763469062745571136474609375">
        <ele>10.3999996185302734375</ele>
        <time>2026-09-22T09:23:35.000Z</time>
        <extensions>
          <ns3:TrackPointExtension>
            <ns3:hr>141</ns3:hr>
            <ns3:cad>93</ns3:cad>
          </ns3:TrackPointExtension>
        </extensions>
      </trkpt>
      <trkpt lat="31.27785153687000274658203125" lon="121.4763334952294826507568359375">
        <ele>10.3999996185302734375</ele>
        <time>2026-09-22T09:23:36.000Z</time>
        <extensions>
          <ns3:TrackPointExtension>
            <ns3:hr>142</ns3:hr>
            <ns3:cad>93</ns3:cad>
          </ns3:TrackPointExtension>
        </extensions>
      </trkpt>
      <trkpt lat="31.277825050055980682373046875" lon="121.47632033564150333404541015625">
        <ele>10.6000003814697265625</ele>
        <time>2026-09-22T09:23:37.000Z</time>
        <extensions>
          <ns3:TrackPointExtension>
            <ns3:hr>144</ns3:hr>
            <ns3:cad>93</ns3:cad>
          </ns3:TrackPointExtension>
        </extensions>
      </trkpt>
      <trkpt lat="31.2777940370142459869384765625" lon="121.47630491293966770172119140625">
        <ele>10.6000003814697265625</ele>
        <time>2026-09-22T09:23:38.000Z</time>
        <extensions>
          <ns3:TrackPointExtension>
            <ns3:hr>145</ns3:hr>
            <ns3:cad>93</ns3:cad>
          </ns3:TrackPointExtension>
        </extensions>
      </trkpt>
      <trkpt lat="31.27775941975414752960205078125" lon="121.476287730038166046142578125">
        <ele>10.3999996185302734375</ele>
        <time>2026-09-22T09:23:39.000Z</time>
        <extensions>
          <ns3:TrackPointExtension>
            <ns3:hr>146</ns3:hr>
            <ns3:cad>93</ns3:cad>
          </ns3:TrackPointExtension>
        </extensions>
      </trkpt>
      <trkpt lat="31.27772622741758823394775390625" lon="121.47627239115536212921142578125">
        <ele>10.3999996185302734375</ele>
        <time>2026-09-22T09:23:40.000Z</time>
        <extensions>
          <ns3:TrackPointExtension>
            <ns3:hr>148</ns3:hr>
            <ns3:cad>93</ns3:cad>
          </ns3:TrackPointExtension>
        </extensions>
      </trkpt>
      <trkpt lat="31.27769135870039463043212890625" lon="121.47625864483416080474853515625">
        <ele>10.3999996185302734375</ele>
        <time>2026-09-22T09:23:41.000Z</time>
        <extensions>
          <ns3:TrackPointExtension>
            <ns3:hr>148</ns3:hr>
            <ns3:cad>92</ns3:cad>
          </ns3:TrackPointExtension>
        </extensions>
      </trkpt>
      <trkpt lat="31.2776532210409641265869140625" lon="121.476247496902942657470703125">
        <ele>10.19999980926513671875</ele>
        <time>2026-09-22T09:23:42.000Z</time>
        <extensions>
          <ns3:TrackPointExtension>
            <ns3:hr>150</ns3:hr>
            <ns3:cad>92</ns3:cad>
          </ns3:TrackPointExtension>
        </extensions>
      </trkpt>
      <trkpt lat="31.27761307172477245330810546875" lon="121.47624053992331027984619140625">
        <ele>10.19999980926513671875</ele>
        <time>2026-09-22T09:23:43.000Z</time>
        <extensions>
          <ns3:TrackPointExtension>
            <ns3:hr>151</ns3:hr>
            <ns3:cad>92</ns3:cad>
          </ns3:TrackPointExtension>
        </extensions>
      </trkpt>
      <trkpt lat="31.27757485024631023406982421875" lon="121.47623802535235881805419921875">
        <ele>10</ele>
        <time>2026-09-22T09:23:44.000Z</time>
        <extensions>
          <ns3:TrackPointExtension>
            <ns3:hr>151</ns3:hr>
            <ns3:cad>92</ns3:cad>
          </ns3:TrackPointExtension>
        </extensions>
      </trkpt>
      <trkpt lat="31.27753771841526031494140625" lon="121.47623903118073940277099609375">
        <ele>9.6000003814697265625</ele>
        <time>2026-09-22T09:23:45.000Z</time>
        <extensions>
          <ns3:TrackPointExtension>
            <ns3:hr>152</ns3:hr>
            <ns3:cad>92</ns3:cad>
          </ns3:TrackPointExtension>
        </extensions>
      </trkpt>
      <trkpt lat="31.277505867183208465576171875" lon="121.47624246776103973388671875">
        <ele>9.19999980926513671875</ele>
        <time>2026-09-22T09:23:46.000Z</time>
        <extensions>
          <ns3:TrackPointExtension>
            <ns3:hr>152</ns3:hr>
            <ns3:cad>92</ns3:cad>
          </ns3:TrackPointExtension>
        </extensions>
      </trkpt>
      <trkpt lat="31.2774694897234439849853515625" lon="121.476249508559703826904296875">
        <ele>8.6000003814697265625</ele>
        <time>2026-09-22T09:23:47.000Z</time>
        <extensions>
          <ns3:TrackPointExtension>
            <ns3:hr>153</ns3:hr>
            <ns3:cad>92</ns3:cad>
          </ns3:TrackPointExtension>
        </extensions>
      </trkpt>
      <trkpt lat="31.27743177115917205810546875" lon="121.47626115940511226654052734375">
        <ele>8.19999980926513671875</ele>
        <time>2026-09-22T09:23:48.000Z</time>
        <extensions>
          <ns3:TrackPointExtension>
            <ns3:hr>153</ns3:hr>
            <ns3:cad>92</ns3:cad>
          </ns3:TrackPointExtension>
        </extensions>
      </trkpt>
      <trkpt lat="31.27739849500358104705810546875" lon="121.4762751571834087371826171875">
        <ele>7.599999904632568359375</ele>
        <time>2026-09-22T09:23:49.000Z</time>
        <extensions>
          <ns3:TrackPointExtension>
            <ns3:hr>153</ns3:hr>
            <ns3:cad>92</ns3:cad>
          </ns3:TrackPointExtension>
        </extensions>
      </trkpt>
      <trkpt lat="31.27736865542829036712646484375" lon="121.47629049606621265411376953125">
        <ele>7.19999980926513671875</ele>
        <time>2026-09-22T09:23:50.000Z</time>
        <extensions>
          <ns3:TrackPointExtension>
            <ns3:hr>153</ns3:hr>
            <ns3:cad>92</ns3:cad>
          </ns3:TrackPointExtension>
        </extensions>
      </trkpt>
      <trkpt lat="31.2773377262055873870849609375" lon="121.47630927152931690216064453125">
        <ele>7.400000095367431640625</ele>
        <time>2026-09-22T09:23:51.000Z</time>
        <extensions>
          <ns3:TrackPointExtension>
            <ns3:hr>153</ns3:hr>
            <ns3:cad>92</ns3:cad>
          </ns3:TrackPointExtension>
        </extensions>
      </trkpt>
      <trkpt lat="31.277308724820613861083984375" lon="121.47633056156337261199951171875">
        <ele>7.400000095367431640625</ele>
        <time>2026-09-22T09:23:52.000Z</time>
        <extensions>
          <ns3:TrackPointExtension>
            <ns3:hr>153</ns3:hr>
            <ns3:cad>93</ns3:cad>
          </ns3:TrackPointExtension>
        </extensions>
      </trkpt>
      <trkpt lat="31.277279555797576904296875" lon="121.47635637782514095306396484375">
        <ele>7.599999904632568359375</ele>
        <time>2026-09-22T09:23:53.000Z</time>
        <extensions>
          <ns3:TrackPointExtension>
            <ns3:hr>154</ns3:hr>
            <ns3:cad>93</ns3:cad>
          </ns3:TrackPointExtension>
        </extensions>
      </trkpt>
      <trkpt lat="31.27725382335484027862548828125" lon="121.4763827808201313018798828125">
        <ele>7.599999904632568359375</ele>
        <time>2026-09-22T09:23:54.000Z</time>
        <extensions>
          <ns3:TrackPointExtension>
            <ns3:hr>154</ns3:hr>
            <ns3:cad>93</ns3:cad>
          </ns3:TrackPointExtension>
        </extensions>
      </trkpt>
      <trkpt lat="31.27723085694015026092529296875" lon="121.47640935145318508148193359375">
        <ele>7.80000019073486328125</ele>
        <time>2026-09-22T09:23:55.000Z</time>
        <extensions>
          <ns3:TrackPointExtension>
            <ns3:hr>154</ns3:hr>
            <ns3:cad>93</ns3:cad>
          </ns3:TrackPointExtension>
        </extensions>
      </trkpt>
      <trkpt lat="31.27720688469707965850830078125" lon="121.47644237615168094635009765625">
        <ele>7.80000019073486328125</ele>
        <time>2026-09-22T09:23:56.000Z</time>
        <extensions>
          <ns3:TrackPointExtension>
            <ns3:hr>154</ns3:hr>
            <ns3:cad>93</ns3:cad>
          </ns3:TrackPointExtension>
        </extensions>
      </trkpt>
      <trkpt lat="31.27718542702496051788330078125" lon="121.4764779992401599884033203125">
        <ele>7.80000019073486328125</ele>
        <time>2026-09-22T09:23:57.000Z</time>
        <extensions>
          <ns3:TrackPointExtension>
            <ns3:hr>155</ns3:hr>
            <ns3:cad>93</ns3:cad>
          </ns3:TrackPointExtension>
        </extensions>
      </trkpt>
      <trkpt lat="31.277165226638317108154296875" lon="121.47651781328022480010986328125">
        <ele>7.80000019073486328125</ele>
        <time>2026-09-22T09:23:58.000Z</time>
        <extensions>
          <ns3:TrackPointExtension>
            <ns3:hr>156</ns3:hr>
            <ns3:cad>93</ns3:cad>
          </ns3:TrackPointExtension>
        </extensions>
      </trkpt>
      <trkpt lat="31.27715223468840122222900390625" lon="121.476547904312610626220703125">
        <ele>7.80000019073486328125</ele>
        <time>2026-09-22T09:23:59.000Z</time>
        <extensions>
          <ns3:TrackPointExtension>
            <ns3:hr>156</ns3:hr>
            <ns3:cad>93</ns3:cad>
          </ns3:TrackPointExtension>
        </extensions>
      </trkpt>
      <trkpt lat="31.2771372310817241668701171875" lon="121.47659023292362689971923828125">
        <ele>7.80000019073486328125</ele>
        <time>2026-09-22T09:24:00.000Z</time>
        <extensions>
          <ns3:TrackPointExtension>
            <ns3:hr>157</ns3:hr>
            <ns3:cad>92</ns3:cad>
          </ns3:TrackPointExtension>
        </extensions>
      </trkpt>
      <trkpt lat="31.27712474204599857330322265625" lon="121.476637423038482666015625">
        <ele>7.599999904632568359375</ele>
        <time>2026-09-22T09:24:01.000Z</time>
        <extensions>
          <ns3:TrackPointExtension>
            <ns3:hr>157</ns3:hr>
            <ns3:cad>92</ns3:cad>
          </ns3:TrackPointExtension>
        </extensions>
      </trkpt>
      <trkpt lat="31.27711652778089046478271484375" lon="121.47668478079140186309814453125">
        <ele>7.400000095367431640625</ele>
        <time>2026-09-22T09:24:02.000Z</time>
        <extensions>
          <ns3:TrackPointExtension>
            <ns3:hr>158</ns3:hr>
            <ns3:cad>91</ns3:cad>
          </ns3:TrackPointExtension>
        </extensions>
      </trkpt>
      <trkpt lat="31.277112253010272979736328125" lon="121.47672903724014759063720703125">
        <ele>7</ele>
        <time>2026-09-22T09:24:03.000Z</time>
        <extensions>
          <ns3:TrackPointExtension>
            <ns3:hr>158</ns3:hr>
            <ns3:cad>91</ns3:cad>
          </ns3:TrackPointExtension>
        </extensions>
      </trkpt>
      <trkpt lat="31.27711099572479724884033203125" lon="121.47677354514598846435546875">
        <ele>6.599999904632568359375</ele>
        <time>2026-09-22T09:24:04.000Z</time>
        <extensions>
          <ns3:TrackPointExtension>
            <ns3:hr>158</ns3:hr>
            <ns3:cad>91</ns3:cad>
          </ns3:TrackPointExtension>
        </extensions>
      </trkpt>
      <trkpt lat="31.27711258828639984130859375" lon="121.47681553848087787628173828125">
        <ele>6.400000095367431640625</ele>
        <time>2026-09-22T09:24:05.000Z</time>
        <extensions>
          <ns3:TrackPointExtension>
            <ns3:hr>158</ns3:hr>
            <ns3:cad>91</ns3:cad>
          </ns3:TrackPointExtension>
        </extensions>
      </trkpt>
      <trkpt lat="31.27711652778089046478271484375" lon="121.47685560397803783416748046875">
        <ele>6.19999980926513671875</ele>
        <time>2026-09-22T09:24:06.000Z</time>
        <extensions>
          <ns3:TrackPointExtension>
            <ns3:hr>158</ns3:hr>
            <ns3:cad>91</ns3:cad>
          </ns3:TrackPointExtension>
        </extensions>
      </trkpt>
      <trkpt lat="31.27712407149374485015869140625" lon="121.47689784877002239227294921875">
        <ele>6.19999980926513671875</ele>
        <time>2026-09-22T09:24:07.000Z</time>
        <extensions>
          <ns3:TrackPointExtension>
            <ns3:hr>159</ns3:hr>
            <ns3:cad>92</ns3:cad>
          </ns3:TrackPointExtension>
        </extensions>
      </trkpt>
      <trkpt lat="31.27713379450142383575439453125" lon="121.47693607024848461151123046875">
        <ele>6.400000095367431640625</ele>
        <time>2026-09-22T09:24:08.000Z</time>
        <extensions>
          <ns3:TrackPointExtension>
            <ns3:hr>159</ns3:hr>
            <ns3:cad>92</ns3:cad>
          </ns3:TrackPointExtension>
        </extensions>
      </trkpt>
      <trkpt lat="31.27714435569941997528076171875" lon="121.476970016956329345703125">
        <ele>6.599999904632568359375</ele>
        <time>2026-09-22T09:24:09.000Z</time>
        <extensions>
          <ns3:TrackPointExtension>
            <ns3:hr>160</ns3:hr>
            <ns3:cad>92</ns3:cad>
          </ns3:TrackPointExtension>
        </extensions>
      </trkpt>
      <trkpt lat="31.27715826965868473052978515625" lon="121.477007232606410980224609375">
        <ele>6.80000019073486328125</ele>
        <time>2026-09-22T09:24:10.000Z</time>
        <extensions>
          <ns3:TrackPointExtension>
            <ns3:hr>160</ns3:hr>
            <ns3:cad>92</ns3:cad>
          </ns3:TrackPointExtension>
        </extensions>
      </trkpt>
      <trkpt lat="31.27717536874115467071533203125" lon="121.47704302333295345306396484375">
        <ele>7</ele>
        <time>2026-09-22T09:24:11.000Z</time>
        <extensions>
          <ns3:TrackPointExtension>
            <ns3:hr>160</ns3:hr>
            <ns3:cad>92</ns3:cad>
          </ns3:TrackPointExtension>
        </extensions>
      </trkpt>
      <trkpt lat="31.27719305455684661865234375" lon="121.47707453928887844085693359375">
        <ele>7.19999980926513671875</ele>
        <time>2026-09-22T09:24:12.000Z</time>
        <extensions>
          <ns3:TrackPointExtension>
            <ns3:hr>160</ns3:hr>
            <ns3:cad>92</ns3:cad>
          </ns3:TrackPointExtension>
        </extensions>
      </trkpt>
      <trkpt lat="31.27721057273447513580322265625" lon="121.477102451026439666748046875">
        <ele>7.19999980926513671875</ele>
        <time>2026-09-22T09:24:13.000Z</time>
        <extensions>
          <ns3:TrackPointExtension>
            <ns3:hr>161</ns3:hr>
            <ns3:cad>92</ns3:cad>
          </ns3:TrackPointExtension>
        </extensions>
      </trkpt>
      <trkpt lat="31.27723194658756256103515625" lon="121.47713136859238147735595703125">
        <ele>7.400000095367431640625</ele>
        <time>2026-09-22T09:24:14.000Z</time>
        <extensions>
          <ns3:TrackPointExtension>
            <ns3:hr>162</ns3:hr>
            <ns3:cad>92</ns3:cad>
          </ns3:TrackPointExtension>
        </extensions>
      </trkpt>
      <trkpt lat="31.27725868485867977142333984375" lon="121.477162130177021026611328125">
        <ele>7.599999904632568359375</ele>
        <time>2026-09-22T09:24:15.000Z</time>
        <extensions>
          <ns3:TrackPointExtension>
            <ns3:hr>162</ns3:hr>
            <ns3:cad>92</ns3:cad>
          </ns3:TrackPointExtension>
        </extensions>
      </trkpt>
      <trkpt lat="31.2772820703685283660888671875" lon="121.47718551568686962127685546875">
        <ele>7.80000019073486328125</ele>
        <time>2026-09-22T09:24:16.000Z</time>
        <extensions>
          <ns3:TrackPointExtension>
            <ns3:hr>163</ns3:hr>
            <ns3:cad>92</ns3:cad>
          </ns3:TrackPointExtension>
        </extensions>
      </trkpt>
      <trkpt lat="31.27731199376285076141357421875" lon="121.4772115834057331085205078125">
        <ele>8</ele>
        <time>2026-09-22T09:24:17.000Z</time>
        <extensions>
          <ns3:TrackPointExtension>
            <ns3:hr>163</ns3:hr>
            <ns3:cad>93</ns3:cad>
          </ns3:TrackPointExtension>
        </extensions>
      </trkpt>
      <trkpt lat="31.2773424200713634490966796875" lon="121.47723354399204254150390625">
        <ele>8</ele>
        <time>2026-09-22T09:24:18.000Z</time>
        <extensions>
          <ns3:TrackPointExtension>
            <ns3:hr>164</ns3:hr>
            <ns3:cad>93</ns3:cad>
          </ns3:TrackPointExtension>
        </extensions>
      </trkpt>
      <trkpt lat="31.2773746065795421600341796875" lon="121.47725240327417850494384765625">
        <ele>8.19999980926513671875</ele>
        <time>2026-09-22T09:24:19.000Z</time>
        <extensions>
          <ns3:TrackPointExtension>
            <ns3:hr>164</ns3:hr>
            <ns3:cad>93</ns3:cad>
          </ns3:TrackPointExtension>
        </extensions>
      </trkpt>
      <trkpt lat="31.27740486524999141693115234375" lon="121.47726832889020442962646484375">
        <ele>8.19999980926513671875</ele>
        <time>2026-09-22T09:24:20.000Z</time>
        <extensions>
          <ns3:TrackPointExtension>
            <ns3:hr>165</ns3:hr>
            <ns3:cad>94</ns3:cad>
          </ns3:TrackPointExtension>
        </extensions>
      </trkpt>
      <trkpt lat="31.27744384109973907470703125" lon="121.47728777490556240081787109375">
        <ele>8</ele>
        <time>2026-09-22T09:24:21.000Z</time>
        <extensions>
          <ns3:TrackPointExtension>
            <ns3:hr>165</ns3:hr>
            <ns3:cad>94</ns3:cad>
          </ns3:TrackPointExtension>
        </extensions>
      </trkpt>
      <trkpt lat="31.27747208811342716217041015625" lon="121.4773017726838588714599609375">
        <ele>8</ele>
        <time>2026-09-22T09:24:22.000Z</time>
        <extensions>
          <ns3:TrackPointExtension>
            <ns3:hr>165</ns3:hr>
            <ns3:cad>94</ns3:cad>
          </ns3:TrackPointExtension>
        </extensions>
      </trkpt>
      <trkpt lat="31.277505196630954742431640625" lon="121.4773182012140750885009765625">
        <ele>8</ele>
        <time>2026-09-22T09:24:23.000Z</time>
        <extensions>
          <ns3:TrackPointExtension>
            <ns3:hr>166</ns3:hr>
            <ns3:cad>93</ns3:cad>
          </ns3:TrackPointExtension>
        </extensions>
      </trkpt>
      <trkpt lat="31.27753545530140399932861328125" lon="121.47733320482075214385986328125">
        <ele>7.80000019073486328125</ele>
        <time>2026-09-22T09:24:24.000Z</time>
        <extensions>
          <ns3:TrackPointExtension>
            <ns3:hr>166</ns3:hr>
            <ns3:cad>92</ns3:cad>
          </ns3:TrackPointExtension>
        </extensions>
      </trkpt>
      <trkpt lat="31.27756797708570957183837890625" lon="121.4773493818938732147216796875">
        <ele>7.80000019073486328125</ele>
        <time>2026-09-22T09:24:25.000Z</time>
        <extensions>
          <ns3:TrackPointExtension>
            <ns3:hr>166</ns3:hr>
            <ns3:cad>92</ns3:cad>
          </ns3:TrackPointExtension>
        </extensions>
      </trkpt>
      <trkpt lat="31.27759614028036594390869140625" lon="121.477363295853137969970703125">
        <ele>7.80000019073486328125</ele>
        <time>2026-09-22T09:24:26.000Z</time>
        <extensions>
          <ns3:TrackPointExtension>
            <ns3:hr>166</ns3:hr>
            <ns3:cad>92</ns3:cad>
          </ns3:TrackPointExtension>
        </extensions>
      </trkpt>
      <trkpt lat="31.27762648276984691619873046875" lon="121.47737838327884674072265625">
        <ele>8</ele>
        <time>2026-09-22T09:24:27.000Z</time>
        <extensions>
          <ns3:TrackPointExtension>
            <ns3:hr>167</ns3:hr>
            <ns3:cad>92</ns3:cad>
          </ns3:TrackPointExtension>
        </extensions>
      </trkpt>
      <trkpt lat="31.2776538915932178497314453125" lon="121.4773919619619846343994140625">
        <ele>8</ele>
        <time>2026-09-22T09:24:28.000Z</time>
        <extensions>
          <ns3:TrackPointExtension>
            <ns3:hr>167</ns3:hr>
            <ns3:cad>92</ns3:cad>
          </ns3:TrackPointExtension>
        </extensions>
      </trkpt>
      <trkpt lat="31.277685575187206268310546875" lon="121.4774077199399471282958984375">
        <ele>8</ele>
        <time>2026-09-22T09:24:29.000Z</time>
        <extensions>
          <ns3:TrackPointExtension>
            <ns3:hr>167</ns3:hr>
            <ns3:cad>92</ns3:cad>
          </ns3:TrackPointExtension>
        </extensions>
      </trkpt>
      <trkpt lat="31.27771700732409954071044921875" lon="121.47742331027984619140625">
        <ele>8</ele>
        <time>2026-09-22T09:24:30.000Z</time>
        <extensions>
          <ns3:TrackPointExtension>
            <ns3:hr>167</ns3:hr>
            <ns3:cad>92</ns3:cad>
          </ns3:TrackPointExtension>
        </extensions>
      </trkpt>
      <trkpt lat="31.27774617634713649749755859375" lon="121.47743781097233295440673828125">
        <ele>8</ele>
        <time>2026-09-22T09:24:31.000Z</time>
        <extensions>
          <ns3:TrackPointExtension>
            <ns3:hr>167</ns3:hr>
            <ns3:cad>92</ns3:cad>
          </ns3:TrackPointExtension>
        </extensions>
      </trkpt>
      <trkpt lat="31.27777702175080776214599609375" lon="121.477453149855136871337890625">
        <ele>8</ele>
        <time>2026-09-22T09:24:32.000Z</time>
        <extensions>
          <ns3:TrackPointExtension>
            <ns3:hr>167</ns3:hr>
            <ns3:cad>92</ns3:cad>
          </ns3:TrackPointExtension>
        </extensions>
      </trkpt>
      <trkpt lat="31.27780635841190814971923828125" lon="121.47746765054762363433837890625">
        <ele>8</ele>
        <time>2026-09-22T09:24:33.000Z</time>
        <extensions>
          <ns3:TrackPointExtension>
            <ns3:hr>167</ns3:hr>
            <ns3:cad>93</ns3:cad>
          </ns3:TrackPointExtension>
        </extensions>
      </trkpt>
      <trkpt lat="31.27783812582492828369140625" lon="121.47748340852558612823486328125">
        <ele>8</ele>
        <time>2026-09-22T09:24:34.000Z</time>
        <extensions>
          <ns3:TrackPointExtension>
            <ns3:hr>168</ns3:hr>
            <ns3:cad>93</ns3:cad>
          </ns3:TrackPointExtension>
        </extensions>
      </trkpt>
      <trkpt lat="31.27786838449537754058837890625" lon="121.477497406303882598876953125">
        <ele>8</ele>
        <time>2026-09-22T09:24:35.000Z</time>
        <extensions>
          <ns3:TrackPointExtension>
            <ns3:hr>168</ns3:hr>
            <ns3:cad>93</ns3:cad>
          </ns3:TrackPointExtension>
        </extensions>
      </trkpt>
      <trkpt lat="31.2779019959270954132080078125" lon="121.4775109849870204925537109375">
        <ele>8</ele>
        <time>2026-09-22T09:24:36.000Z</time>
        <extensions>
          <ns3:TrackPointExtension>
            <ns3:hr>168</ns3:hr>
            <ns3:cad>93</ns3:cad>
          </ns3:TrackPointExtension>
        </extensions>
      </trkpt>
      <trkpt lat="31.27794197760522365570068359375" lon="121.4775227196514606475830078125">
        <ele>8</ele>
        <time>2026-09-22T09:24:37.000Z</time>
        <extensions>
          <ns3:TrackPointExtension>
            <ns3:hr>168</ns3:hr>
            <ns3:cad>93</ns3:cad>
          </ns3:TrackPointExtension>
        </extensions>
      </trkpt>
      <trkpt lat="31.2779796123504638671875" lon="121.4775292575359344482421875">
        <ele>8.3999996185302734375</ele>
        <time>2026-09-22T09:24:38.000Z</time>
        <extensions>
          <ns3:TrackPointExtension>
            <ns3:hr>168</ns3:hr>
            <ns3:cad>93</ns3:cad>
          </ns3:TrackPointExtension>
        </extensions>
      </trkpt>
      <trkpt lat="31.278018169105052947998046875" lon="121.4775321073830127716064453125">
        <ele>8.6000003814697265625</ele>
        <time>2026-09-22T09:24:39.000Z</time>
        <extensions>
          <ns3:TrackPointExtension>
            <ns3:hr>168</ns3:hr>
            <ns3:cad>93</ns3:cad>
          </ns3:TrackPointExtension>
        </extensions>
      </trkpt>
      <trkpt lat="31.2780506908893585205078125" lon="121.47753168828785419464111328125">
        <ele>8.80000019073486328125</ele>
        <time>2026-09-22T09:24:40.000Z</time>
        <extensions>
          <ns3:TrackPointExtension>
            <ns3:hr>168</ns3:hr>
            <ns3:cad>93</ns3:cad>
          </ns3:TrackPointExtension>
        </extensions>
      </trkpt>
      <trkpt lat="31.2780833803117275238037109375" lon="121.47752900607883930206298828125">
        <ele>8.80000019073486328125</ele>
        <time>2026-09-22T09:24:41.000Z</time>
        <extensions>
          <ns3:TrackPointExtension>
            <ns3:hr>169</ns3:hr>
            <ns3:cad>92</ns3:cad>
          </ns3:TrackPointExtension>
        </extensions>
      </trkpt>
      <trkpt lat="31.27811372280120849609375" lon="121.4775233902037143707275390625">
        <ele>9</ele>
        <time>2026-09-22T09:24:42.000Z</time>
        <extensions>
          <ns3:TrackPointExtension>
            <ns3:hr>169</ns3:hr>
            <ns3:cad>92</ns3:cad>
          </ns3:TrackPointExtension>
        </extensions>
      </trkpt>
      <trkpt lat="31.278143227100372314453125" lon="121.477515511214733123779296875">
        <ele>9</ele>
        <time>2026-09-22T09:24:43.000Z</time>
        <extensions>
          <ns3:TrackPointExtension>
            <ns3:hr>169</ns3:hr>
            <ns3:cad>92</ns3:cad>
          </ns3:TrackPointExtension>
        </extensions>
      </trkpt>
      <trkpt lat="31.27817206084728240966796875" lon="121.47750620730221271514892578125">
        <ele>9.19999980926513671875</ele>
        <time>2026-09-22T09:24:44.000Z</time>
        <extensions>
          <ns3:TrackPointExtension>
            <ns3:hr>169</ns3:hr>
            <ns3:cad>93</ns3:cad>
          </ns3:TrackPointExtension>
        </extensions>
      </trkpt>
      <trkpt lat="31.278196536004543304443359375" lon="121.477495394647121429443359375">
        <ele>9.19999980926513671875</ele>
        <time>2026-09-22T09:24:45.000Z</time>
        <extensions>
          <ns3:TrackPointExtension>
            <ns3:hr>169</ns3:hr>
            <ns3:cad>93</ns3:cad>
          </ns3:TrackPointExtension>
        </extensions>
      </trkpt>
      <trkpt lat="31.2782205082476139068603515625" lon="121.47748357616364955902099609375">
        <ele>9.19999980926513671875</ele>
        <time>2026-09-22T09:24:46.000Z</time>
        <extensions>
          <ns3:TrackPointExtension>
            <ns3:hr>169</ns3:hr>
            <ns3:cad>91</ns3:cad>
          </ns3:TrackPointExtension>
        </extensions>
      </trkpt>
      <trkpt lat="31.278234086930751800537109375" lon="121.4774757809937000274658203125">
        <ele>9.3999996185302734375</ele>
        <time>2026-09-22T09:24:47.000Z</time>
        <extensions>
          <ns3:TrackPointExtension>
            <ns3:hr>169</ns3:hr>
            <ns3:cad>90</ns3:cad>
          </ns3:TrackPointExtension>
        </extensions>
      </trkpt>
      <trkpt lat="31.27823685295879840850830078125" lon="121.4774741046130657196044921875">
        <ele>9.3999996185302734375</ele>
        <time>2026-09-22T09:24:48.000Z</time>
        <extensions>
          <ns3:TrackPointExtension>
            <ns3:hr>168</ns3:hr>
            <ns3:cad>90</ns3:cad>
          </ns3:TrackPointExtension>
        </extensions>
      </trkpt>
      <trkpt lat="31.27824104391038417816162109375" lon="121.47747167386114597320556640625">
        <ele>9.3999996185302734375</ele>
        <time>2026-09-22T09:24:49.000Z</time>
        <extensions>
          <ns3:TrackPointExtension>
            <ns3:hr>168</ns3:hr>
            <ns3:cad>90</ns3:cad>
          </ns3:TrackPointExtension>
        </extensions>
      </trkpt>
      <trkpt lat="31.2782526947557926177978515625" lon="121.47746496833860874176025390625">
        <ele>9.3999996185302734375</ele>
        <time>2026-09-22T09:24:50.000Z</time>
        <extensions>
          <ns3:TrackPointExtension>
            <ns3:hr>168</ns3:hr>
            <ns3:cad>90</ns3:cad>
          </ns3:TrackPointExtension>
        </extensions>
      </trkpt>
      <trkpt lat="31.2782617472112178802490234375" lon="121.4774583466351032257080078125">
        <ele>9.6000003814697265625</ele>
        <time>2026-09-22T09:24:51.000Z</time>
        <extensions>
          <ns3:TrackPointExtension>
            <ns3:hr>168</ns3:hr>
            <ns3:cad>0</ns3:cad>
          </ns3:TrackPointExtension>
        </extensions>
      </trkpt>
      <trkpt lat="31.2782697938382625579833984375" lon="121.47745239548385143280029296875">
        <ele>9.80000019073486328125</ele>
        <time>2026-09-22T09:24:52.000Z</time>
        <extensions>
          <ns3:TrackPointExtension>
            <ns3:hr>168</ns3:hr>
            <ns3:cad>0</ns3:cad>
          </ns3:TrackPointExtension>
        </extensions>
      </trkpt>
      <trkpt lat="31.27827390097081661224365234375" lon="121.47744937799870967864990234375">
        <ele>9.80000019073486328125</ele>
        <time>2026-09-22T09:24:53.000Z</time>
        <extensions>
          <ns3:TrackPointExtension>
            <ns3:hr>168</ns3:hr>
            <ns3:cad>0</ns3:cad>
          </ns3:TrackPointExtension>
        </extensions>
      </trkpt>
      <trkpt lat="31.27827507443726062774658203125" lon="121.47744853980839252471923828125">
        <ele>9.80000019073486328125</ele>
        <time>2026-09-22T09:24:54.000Z</time>
        <extensions>
          <ns3:TrackPointExtension>
            <ns3:hr>168</ns3:hr>
            <ns3:cad>0</ns3:cad>
          </ns3:TrackPointExtension>
        </extensions>
      </trkpt>
      <trkpt lat="31.27828538417816162109375" lon="121.4774409122765064239501953125">
        <ele>10</ele>
        <time>2026-09-22T09:24:55.000Z</time>
        <extensions>
          <ns3:TrackPointExtension>
            <ns3:hr>168</ns3:hr>
            <ns3:cad>0</ns3:cad>
          </ns3:TrackPointExtension>
        </extensions>
      </trkpt>
      <trkpt lat="31.27829100005328655242919921875" lon="121.477436721324920654296875">
        <ele>10</ele>
        <time>2026-09-22T09:24:56.000Z</time>
        <extensions>
          <ns3:TrackPointExtension>
            <ns3:hr>168</ns3:hr>
            <ns3:cad>0</ns3:cad>
          </ns3:TrackPointExtension>
        </extensions>
      </trkpt>
      <trkpt lat="31.2782959453761577606201171875" lon="121.477432362735271453857421875">
        <ele>10.19999980926513671875</ele>
        <time>2026-09-22T09:24:57.000Z</time>
        <extensions>
          <ns3:TrackPointExtension>
            <ns3:hr>167</ns3:hr>
            <ns3:cad>0</ns3:cad>
          </ns3:TrackPointExtension>
        </extensions>
      </trkpt>
      <trkpt lat="31.2783029861748218536376953125" lon="121.477425992488861083984375">
        <ele>10.19999980926513671875</ele>
        <time>2026-09-22T09:24:58.000Z</time>
        <extensions>
          <ns3:TrackPointExtension>
            <ns3:hr>167</ns3:hr>
            <ns3:cad>0</ns3:cad>
          </ns3:TrackPointExtension>
        </extensions>
      </trkpt>
      <trkpt lat="31.278309188783168792724609375" lon="121.477420292794704437255859375">
        <ele>10.3999996185302734375</ele>
        <time>2026-09-22T09:24:59.000Z</time>
        <extensions>
          <ns3:TrackPointExtension>
            <ns3:hr>166</ns3:hr>
            <ns3:cad>0</ns3:cad>
          </ns3:TrackPointExtension>
        </extensions>
      </trkpt>
      <trkpt lat="31.2783127091825008392333984375" lon="121.4774171076714992523193359375">
        <ele>10.3999996185302734375</ele>
        <time>2026-09-22T09:25:00.000Z</time>
        <extensions>
          <ns3:TrackPointExtension>
            <ns3:hr>166</ns3:hr>
            <ns3:cad>50</ns3:cad>
          </ns3:TrackPointExtension>
        </extensions>
      </trkpt>
      <trkpt lat="31.278315894305706024169921875" lon="121.47741417400538921356201171875">
        <ele>10.3999996185302734375</ele>
        <time>2026-09-22T09:25:01.000Z</time>
        <extensions>
          <ns3:TrackPointExtension>
            <ns3:hr>166</ns3:hr>
            <ns3:cad>50</ns3:cad>
          </ns3:TrackPointExtension>
        </extensions>
      </trkpt>
      <trkpt lat="31.27831715159118175506591796875" lon="121.47741300053894519805908203125">
        <ele>10.3999996185302734375</ele>
        <time>2026-09-22T09:25:02.000Z</time>
        <extensions>
          <ns3:TrackPointExtension>
            <ns3:hr>166</ns3:hr>
            <ns3:cad>0</ns3:cad>
          </ns3:TrackPointExtension>
        </extensions>
      </trkpt>
      <trkpt lat="31.2783210910856723785400390625" lon="121.4774093963205814361572265625">
        <ele>10.6000003814697265625</ele>
        <time>2026-09-22T09:25:03.000Z</time>
        <extensions>
          <ns3:TrackPointExtension>
            <ns3:hr>166</ns3:hr>
            <ns3:cad>0</ns3:cad>
          </ns3:TrackPointExtension>
        </extensions>
      </trkpt>
      <trkpt lat="31.27832637168467044830322265625" lon="121.47740461863577365875244140625">
        <ele>10.6000003814697265625</ele>
        <time>2026-09-22T09:25:04.000Z</time>
        <extensions>
          <ns3:TrackPointExtension>
            <ns3:hr>166</ns3:hr>
            <ns3:cad>0</ns3:cad>
          </ns3:TrackPointExtension>
        </extensions>
      </trkpt>
      <trkpt lat="31.27832838334143161773681640625" lon="121.4774026907980442047119140625">
        <ele>10.6000003814697265625</ele>
        <time>2026-09-22T09:25:05.000Z</time>
        <extensions>
          <ns3:TrackPointExtension>
            <ns3:hr>166</ns3:hr>
            <ns3:cad>0</ns3:cad>
          </ns3:TrackPointExtension>
        </extensions>
      </trkpt>
      <trkpt lat="31.27833609469234943389892578125" lon="121.47739405743777751922607421875">
        <ele>10.80000019073486328125</ele>
        <time>2026-09-22T09:25:06.000Z</time>
        <extensions>
          <ns3:TrackPointExtension>
            <ns3:hr>166</ns3:hr>
            <ns3:cad>0</ns3:cad>
          </ns3:TrackPointExtension>
        </extensions>
      </trkpt>
      <trkpt lat="31.27834078855812549591064453125" lon="121.477388776838779449462890625">
        <ele>10.80000019073486328125</ele>
        <time>2026-09-22T09:25:07.000Z</time>
        <extensions>
          <ns3:TrackPointExtension>
            <ns3:hr>166</ns3:hr>
            <ns3:cad>0</ns3:cad>
          </ns3:TrackPointExtension>
        </extensions>
      </trkpt>
      <trkpt lat="31.2783435545861721038818359375" lon="121.47738567553460597991943359375">
        <ele>10.80000019073486328125</ele>
        <time>2026-09-22T09:25:08.000Z</time>
        <extensions>
          <ns3:TrackPointExtension>
            <ns3:hr>166</ns3:hr>
            <ns3:cad>0</ns3:cad>
          </ns3:TrackPointExtension>
        </extensions>
      </trkpt>
      <trkpt lat="31.27835118211805820465087890625" lon="121.47737712599337100982666015625">
        <ele>11</ele>
        <time>2026-09-22T09:25:09.000Z</time>
        <extensions>
          <ns3:TrackPointExtension>
            <ns3:hr>166</ns3:hr>
            <ns3:cad>0</ns3:cad>
          </ns3:TrackPointExtension>
        </extensions>
      </trkpt>
      <trkpt lat="31.27835872583091259002685546875" lon="121.477368660271167755126953125">
        <ele>11</ele>
        <time>2026-09-22T09:25:10.000Z</time>
        <extensions>
          <ns3:TrackPointExtension>
            <ns3:hr>166</ns3:hr>
            <ns3:cad>0</ns3:cad>
          </ns3:TrackPointExtension>
        </extensions>
      </trkpt>
      <trkpt lat="31.2783619947731494903564453125" lon="121.47736488841474056243896484375">
        <ele>11.19999980926513671875</ele>
        <time>2026-09-22T09:25:11.000Z</time>
        <extensions>
          <ns3:TrackPointExtension>
            <ns3:hr>167</ns3:hr>
            <ns3:cad>48</ns3:cad>
          </ns3:TrackPointExtension>
        </extensions>
      </trkpt>
      <trkpt lat="31.27836844883859157562255859375" lon="121.477355919778347015380859375">
        <ele>11.19999980926513671875</ele>
        <time>2026-09-22T09:25:12.000Z</time>
        <extensions>
          <ns3:TrackPointExtension>
            <ns3:hr>167</ns3:hr>
            <ns3:cad>48</ns3:cad>
          </ns3:TrackPointExtension>
        </extensions>
      </trkpt>
      <trkpt lat="31.27837196923792362213134765625" lon="121.47735114209353923797607421875">
        <ele>11.19999980926513671875</ele>
        <time>2026-09-22T09:25:13.000Z</time>
        <extensions>
          <ns3:TrackPointExtension>
            <ns3:hr>167</ns3:hr>
            <ns3:cad>0</ns3:cad>
          </ns3:TrackPointExtension>
        </extensions>
      </trkpt>
      <trkpt lat="31.27838102169334888458251953125" lon="121.47733873687684535980224609375">
        <ele>11.3999996185302734375</ele>
        <time>2026-09-22T09:25:14.000Z</time>
        <extensions>
          <ns3:TrackPointExtension>
            <ns3:hr>168</ns3:hr>
            <ns3:cad>0</ns3:cad>
          </ns3:TrackPointExtension>
        </extensions>
      </trkpt>
      <trkpt lat="31.2783832848072052001953125" lon="121.47733555175364017486572265625">
        <ele>11.3999996185302734375</ele>
        <time>2026-09-22T09:25:15.000Z</time>
        <extensions>
          <ns3:TrackPointExtension>
            <ns3:hr>168</ns3:hr>
            <ns3:cad>47</ns3:cad>
          </ns3:TrackPointExtension>
        </extensions>
      </trkpt>
      <trkpt lat="31.2783898226916790008544921875" lon="121.4773265831172466278076171875">
        <ele>11.6000003814697265625</ele>
        <time>2026-09-22T09:25:16.000Z</time>
        <extensions>
          <ns3:TrackPointExtension>
            <ns3:hr>168</ns3:hr>
            <ns3:cad>47</ns3:cad>
          </ns3:TrackPointExtension>
        </extensions>
      </trkpt>
      <trkpt lat="31.2783938460052013397216796875" lon="121.4773202128708362579345703125">
        <ele>11.3999996185302734375</ele>
        <time>2026-09-22T09:25:17.000Z</time>
        <extensions>
          <ns3:TrackPointExtension>
            <ns3:hr>168</ns3:hr>
            <ns3:cad>47</ns3:cad>
          </ns3:TrackPointExtension>
        </extensions>
      </trkpt>
      <trkpt lat="31.27840231172740459442138671875" lon="121.4773057959973812103271484375">
        <ele>11.3999996185302734375</ele>
        <time>2026-09-22T09:25:18.000Z</time>
        <extensions>
          <ns3:TrackPointExtension>
            <ns3:hr>168</ns3:hr>
            <ns3:cad>47</ns3:cad>
          </ns3:TrackPointExtension>
        </extensions>
      </trkpt>
      <trkpt lat="31.2784065864980220794677734375" lon="121.4772985875606536865234375">
        <ele>11.3999996185302734375</ele>
        <time>2026-09-22T09:25:19.000Z</time>
        <extensions>
          <ns3:TrackPointExtension>
            <ns3:hr>168</ns3:hr>
            <ns3:cad>47</ns3:cad>
          </ns3:TrackPointExtension>
        </extensions>
      </trkpt>
      <trkpt lat="31.27840935252606868743896484375" lon="121.47729397751390933990478515625">
        <ele>11.19999980926513671875</ele>
        <time>2026-09-22T09:25:20.000Z</time>
        <extensions>
          <ns3:TrackPointExtension>
            <ns3:hr>168</ns3:hr>
            <ns3:cad>47</ns3:cad>
          </ns3:TrackPointExtension>
        </extensions>
      </trkpt>
      <trkpt lat="31.2784127891063690185546875" lon="121.4772880263626575469970703125">
        <ele>11.19999980926513671875</ele>
        <time>2026-09-22T09:25:21.000Z</time>
        <extensions>
          <ns3:TrackPointExtension>
            <ns3:hr>167</ns3:hr>
            <ns3:cad>0</ns3:cad>
          </ns3:TrackPointExtension>
        </extensions>
      </trkpt>
      <trkpt lat="31.2784208357334136962890625" lon="121.47727285511791706085205078125">
        <ele>11</ele>
        <time>2026-09-22T09:25:22.000Z</time>
        <extensions>
          <ns3:TrackPointExtension>
            <ns3:hr>166</ns3:hr>
            <ns3:cad>0</ns3:cad>
          </ns3:TrackPointExtension>
        </extensions>
      </trkpt>
      <trkpt lat="31.27842360176146030426025390625" lon="121.47726698778569698333740234375">
        <ele>11</ele>
        <time>2026-09-22T09:25:23.000Z</time>
        <extensions>
          <ns3:TrackPointExtension>
            <ns3:hr>166</ns3:hr>
            <ns3:cad>47</ns3:cad>
          </ns3:TrackPointExtension>
        </extensions>
      </trkpt>
      <trkpt lat="31.278429217636585235595703125" lon="121.4772551693022251129150390625">
        <ele>11</ele>
        <time>2026-09-22T09:25:24.000Z</time>
        <extensions>
          <ns3:TrackPointExtension>
            <ns3:hr>165</ns3:hr>
            <ns3:cad>47</ns3:cad>
          </ns3:TrackPointExtension>
        </extensions>
      </trkpt>
      <trkpt lat="31.27843047492206096649169921875" lon="121.47725231945514678955078125">
        <ele>10.80000019073486328125</ele>
        <time>2026-09-22T09:25:25.000Z</time>
        <extensions>
          <ns3:TrackPointExtension>
            <ns3:hr>164</ns3:hr>
            <ns3:cad>47</ns3:cad>
          </ns3:TrackPointExtension>
        </extensions>
      </trkpt>
      <trkpt lat="31.27843416295945644378662109375" lon="121.47724452428519725799560546875">
        <ele>10.80000019073486328125</ele>
        <time>2026-09-22T09:25:26.000Z</time>
        <extensions>
          <ns3:TrackPointExtension>
            <ns3:hr>163</ns3:hr>
            <ns3:cad>47</ns3:cad>
          </ns3:TrackPointExtension>
        </extensions>
      </trkpt>
      <trkpt lat="31.27843567170202732086181640625" lon="121.477241255342960357666015625">
        <ele>10.80000019073486328125</ele>
        <time>2026-09-22T09:25:27.000Z</time>
        <extensions>
          <ns3:TrackPointExtension>
            <ns3:hr>163</ns3:hr>
            <ns3:cad>48</ns3:cad>
          </ns3:TrackPointExtension>
        </extensions>
      </trkpt>
      <trkpt lat="31.27843952737748622894287109375" lon="121.4772330410778522491455078125">
        <ele>10.80000019073486328125</ele>
        <time>2026-09-22T09:25:28.000Z</time>
        <extensions>
          <ns3:TrackPointExtension>
            <ns3:hr>162</ns3:hr>
            <ns3:cad>48</ns3:cad>
          </ns3:TrackPointExtension>
        </extensions>
      </trkpt>
      <trkpt lat="31.27844455651938915252685546875" lon="121.4772192947566509246826171875">
        <ele>10.6000003814697265625</ele>
        <time>2026-09-22T09:25:29.000Z</time>
        <extensions>
          <ns3:TrackPointExtension>
            <ns3:hr>161</ns3:hr>
            <ns3:cad>48</ns3:cad>
          </ns3:TrackPointExtension>
        </extensions>
      </trkpt>
      <trkpt lat="31.27844891510903835296630859375" lon="121.47720730863511562347412109375">
        <ele>10.3999996185302734375</ele>
        <time>2026-09-22T09:25:30.000Z</time>
        <extensions>
          <ns3:TrackPointExtension>
            <ns3:hr>160</ns3:hr>
            <ns3:cad>48</ns3:cad>
          </ns3:TrackPointExtension>
        </extensions>
      </trkpt>
      <trkpt lat="31.27845545299351215362548828125" lon="121.47718920372426509857177734375">
        <ele>10.3999996185302734375</ele>
        <time>2026-09-22T09:25:31.000Z</time>
        <extensions>
          <ns3:TrackPointExtension>
            <ns3:hr>159</ns3:hr>
            <ns3:cad>48</ns3:cad>
          </ns3:TrackPointExtension>
        </extensions>
      </trkpt>
      <trkpt lat="31.27846031449735164642333984375" lon="121.47717294283211231231689453125">
        <ele>10.19999980926513671875</ele>
        <time>2026-09-22T09:25:32.000Z</time>
        <extensions>
          <ns3:TrackPointExtension>
            <ns3:hr>157</ns3:hr>
            <ns3:cad>48</ns3:cad>
          </ns3:TrackPointExtension>
        </extensions>
      </trkpt>
      <trkpt lat="31.27846442162990570068359375" lon="121.477157436311244964599609375">
        <ele>10</ele>
        <time>2026-09-22T09:25:33.000Z</time>
        <extensions>
          <ns3:TrackPointExtension>
            <ns3:hr>156</ns3:hr>
            <ns3:cad>48</ns3:cad>
          </ns3:TrackPointExtension>
        </extensions>
      </trkpt>
      <trkpt lat="31.27846710383892059326171875" lon="121.47714746184647083282470703125">
        <ele>10</ele>
        <time>2026-09-22T09:25:34.000Z</time>
        <extensions>
          <ns3:TrackPointExtension>
            <ns3:hr>155</ns3:hr>
            <ns3:cad>48</ns3:cad>
          </ns3:TrackPointExtension>
        </extensions>
      </trkpt>
      <trkpt lat="31.27846668474376201629638671875" lon="121.47714905440807342529296875">
        <ele>10</ele>
        <time>2026-09-22T09:25:35.000Z</time>
        <extensions>
          <ns3:TrackPointExtension>
            <ns3:hr>154</ns3:hr>
            <ns3:cad>48</ns3:cad>
          </ns3:TrackPointExtension>
        </extensions>
      </trkpt>
      <trkpt lat="31.27846702001988887786865234375" lon="121.47714762948453426361083984375">
        <ele>10</ele>
        <time>2026-09-22T09:25:36.000Z</time>
        <extensions>
          <ns3:TrackPointExtension>
            <ns3:hr>152</ns3:hr>
            <ns3:cad>47</ns3:cad>
          </ns3:TrackPointExtension>
        </extensions>
      </trkpt>
      <trkpt lat="31.27846953459084033966064453125" lon="121.47713807411491870880126953125">
        <ele>9.80000019073486328125</ele>
        <time>2026-09-22T09:25:37.000Z</time>
        <extensions>
          <ns3:TrackPointExtension>
            <ns3:hr>151</ns3:hr>
            <ns3:cad>47</ns3:cad>
          </ns3:TrackPointExtension>
        </extensions>
      </trkpt>
      <trkpt lat="31.27847246825695037841796875" lon="121.47712449543178081512451171875">
        <ele>9.80000019073486328125</ele>
        <time>2026-09-22T09:25:38.000Z</time>
        <extensions>
          <ns3:TrackPointExtension>
            <ns3:hr>150</ns3:hr>
            <ns3:cad>48</ns3:cad>
          </ns3:TrackPointExtension>
        </extensions>
      </trkpt>
      <trkpt lat="31.2784744799137115478515625" lon="121.47711276076734066009521484375">
        <ele>9.6000003814697265625</ele>
        <time>2026-09-22T09:25:39.000Z</time>
        <extensions>
          <ns3:TrackPointExtension>
            <ns3:hr>149</ns3:hr>
            <ns3:cad>48</ns3:cad>
          </ns3:TrackPointExtension>
        </extensions>
      </trkpt>
      <trkpt lat="31.27847674302756786346435546875" lon="121.477099768817424774169921875">
        <ele>9.3999996185302734375</ele>
        <time>2026-09-22T09:25:40.000Z</time>
        <extensions>
          <ns3:TrackPointExtension>
            <ns3:hr>148</ns3:hr>
            <ns3:cad>47</ns3:cad>
          </ns3:TrackPointExtension>
        </extensions>
      </trkpt>
      <trkpt lat="31.278478167951107025146484375" lon="121.47709130309522151947021484375">
        <ele>9.3999996185302734375</ele>
        <time>2026-09-22T09:25:41.000Z</time>
        <extensions>
          <ns3:TrackPointExtension>
            <ns3:hr>146</ns3:hr>
            <ns3:cad>0</ns3:cad>
          </ns3:TrackPointExtension>
        </extensions>
      </trkpt>
      <trkpt lat="31.27847976051270961761474609375" lon="121.47708225063979625701904296875">
        <ele>9.19999980926513671875</ele>
        <time>2026-09-22T09:25:42.000Z</time>
        <extensions>
          <ns3:TrackPointExtension>
            <ns3:hr>144</ns3:hr>
            <ns3:cad>0</ns3:cad>
          </ns3:TrackPointExtension>
        </extensions>
      </trkpt>
      <trkpt lat="31.27848076634109020233154296875" lon="121.4770737849175930023193359375">
        <ele>9.19999980926513671875</ele>
        <time>2026-09-22T09:25:43.000Z</time>
        <extensions>
          <ns3:TrackPointExtension>
            <ns3:hr>143</ns3:hr>
            <ns3:cad>0</ns3:cad>
          </ns3:TrackPointExtension>
        </extensions>
      </trkpt>
      <trkpt lat="31.27848160453140735626220703125" lon="121.4770630560815334320068359375">
        <ele>9</ele>
        <time>2026-09-22T09:25:44.000Z</time>
        <extensions>
          <ns3:TrackPointExtension>
            <ns3:hr>141</ns3:hr>
            <ns3:cad>0</ns3:cad>
          </ns3:TrackPointExtension>
        </extensions>
      </trkpt>
      <trkpt lat="31.27848210744559764862060546875" lon="121.47705777548253536224365234375">
        <ele>9</ele>
        <time>2026-09-22T09:25:45.000Z</time>
        <extensions>
          <ns3:TrackPointExtension>
            <ns3:hr>139</ns3:hr>
            <ns3:cad>0</ns3:cad>
          </ns3:TrackPointExtension>
        </extensions>
      </trkpt>
      <trkpt lat="31.27848193980753421783447265625" lon="121.47705894894897937774658203125">
        <ele>9</ele>
        <time>2026-09-22T09:25:46.000Z</time>
        <extensions>
          <ns3:TrackPointExtension>
            <ns3:hr>138</ns3:hr>
            <ns3:cad>48</ns3:cad>
          </ns3:TrackPointExtension>
        </extensions>
      </trkpt>
      <trkpt lat="31.27848143689334392547607421875" lon="121.47706565447151660919189453125">
        <ele>9.19999980926513671875</ele>
        <time>2026-09-22T09:25:47.000Z</time>
        <extensions>
          <ns3:TrackPointExtension>
            <ns3:hr>137</ns3:hr>
            <ns3:cad>48</ns3:cad>
          </ns3:TrackPointExtension>
        </extensions>
      </trkpt>
      <trkpt lat="31.27848160453140735626220703125" lon="121.4770630560815334320068359375">
        <ele>9</ele>
        <time>2026-09-22T09:25:48.000Z</time>
        <extensions>
          <ns3:TrackPointExtension>
            <ns3:hr>136</ns3:hr>
            <ns3:cad>47</ns3:cad>
          </ns3:TrackPointExtension>
        </extensions>
      </trkpt>
      <trkpt lat="31.27848051488399505615234375" lon="121.4770768024027347564697265625">
        <ele>9.19999980926513671875</ele>
        <time>2026-09-22T09:25:49.000Z</time>
        <extensions>
          <ns3:TrackPointExtension>
            <ns3:hr>135</ns3:hr>
            <ns3:cad>47</ns3:cad>
          </ns3:TrackPointExtension>
        </extensions>
      </trkpt>
      <trkpt lat="31.27847808413207530975341796875" lon="121.47709197364747524261474609375">
        <ele>9.3999996185302734375</ele>
        <time>2026-09-22T09:25:50.000Z</time>
        <extensions>
          <ns3:TrackPointExtension>
            <ns3:hr>133</ns3:hr>
            <ns3:cad>0</ns3:cad>
          </ns3:TrackPointExtension>
        </extensions>
      </trkpt>
      <trkpt lat="31.27847640775144100189208984375" lon="121.47710169665515422821044921875">
        <ele>9.3999996185302734375</ele>
        <time>2026-09-22T09:25:51.000Z</time>
        <extensions>
          <ns3:TrackPointExtension>
            <ns3:hr>132</ns3:hr>
            <ns3:cad>0</ns3:cad>
          </ns3:TrackPointExtension>
        </extensions>
      </trkpt>
      <trkpt lat="31.2784763239324092864990234375" lon="121.47710203193128108978271484375">
        <ele>9.3999996185302734375</ele>
        <time>2026-09-22T09:25:52.000Z</time>
        <extensions>
          <ns3:TrackPointExtension>
            <ns3:hr>131</ns3:hr>
            <ns3:cad>0</ns3:cad>
          </ns3:TrackPointExtension>
        </extensions>
      </trkpt>
      <trkpt lat="31.2784743122756481170654296875" lon="121.4771136827766895294189453125">
        <ele>9.6000003814697265625</ele>
        <time>2026-09-22T09:25:53.000Z</time>
        <extensions>
          <ns3:TrackPointExtension>
            <ns3:hr>130</ns3:hr>
            <ns3:cad>0</ns3:cad>
          </ns3:TrackPointExtension>
        </extensions>
      </trkpt>
      <trkpt lat="31.27847339026629924774169921875" lon="121.47711896337568759918212890625">
        <ele>9.6000003814697265625</ele>
        <time>2026-09-22T09:25:54.000Z</time>
        <extensions>
          <ns3:TrackPointExtension>
            <ns3:hr>130</ns3:hr>
            <ns3:cad>0</ns3:cad>
          </ns3:TrackPointExtension>
        </extensions>
      </trkpt>
      <trkpt lat="31.27847355790436267852783203125" lon="121.4771180413663387298583984375">
        <ele>9.6000003814697265625</ele>
        <time>2026-09-22T09:25:55.000Z</time>
        <extensions>
          <ns3:TrackPointExtension>
            <ns3:hr>130</ns3:hr>
            <ns3:cad>0</ns3:cad>
          </ns3:TrackPointExtension>
        </extensions>
      </trkpt>
      <trkpt lat="31.27846836112439632415771484375" lon="121.47714260034263134002685546875">
        <ele>9.80000019073486328125</ele>
        <time>2026-09-22T09:25:56.000Z</time>
        <extensions>
          <ns3:TrackPointExtension>
            <ns3:hr>130</ns3:hr>
            <ns3:cad>0</ns3:cad>
          </ns3:TrackPointExtension>
        </extensions>
      </trkpt>
      <trkpt lat="31.278466098010540008544921875" lon="121.4771512337028980255126953125">
        <ele>10</ele>
        <time>2026-09-22T09:25:57.000Z</time>
        <extensions>
          <ns3:TrackPointExtension>
            <ns3:hr>130</ns3:hr>
            <ns3:cad>0</ns3:cad>
          </ns3:TrackPointExtension>
        </extensions>
      </trkpt>
      <trkpt lat="31.2784629128873348236083984375" lon="121.47716321982443332672119140625">
        <ele>10</ele>
        <time>2026-09-22T09:25:58.000Z</time>
        <extensions>
          <ns3:TrackPointExtension>
            <ns3:hr>130</ns3:hr>
            <ns3:cad>0</ns3:cad>
          </ns3:TrackPointExtension>
        </extensions>
      </trkpt>
      <trkpt lat="31.27846173942089080810546875" lon="121.47716782987117767333984375">
        <ele>10.19999980926513671875</ele>
        <time>2026-09-22T09:25:59.000Z</time>
        <extensions>
          <ns3:TrackPointExtension>
            <ns3:hr>130</ns3:hr>
            <ns3:cad>0</ns3:cad>
          </ns3:TrackPointExtension>
        </extensions>
      </trkpt>
      <trkpt lat="31.2784612365067005157470703125" lon="121.4771696738898754119873046875">
        <ele>10.19999980926513671875</ele>
        <time>2026-09-22T09:26:00.000Z</time>
        <extensions>
          <ns3:TrackPointExtension>
            <ns3:hr>129</ns3:hr>
            <ns3:cad>0</ns3:cad>
          </ns3:TrackPointExtension>
        </extensions>
      </trkpt>
      <trkpt lat="31.27845981158316135406494140625" lon="121.477174870669841766357421875">
        <ele>10.19999980926513671875</ele>
        <time>2026-09-22T09:26:01.000Z</time>
        <extensions>
          <ns3:TrackPointExtension>
            <ns3:hr>129</ns3:hr>
            <ns3:cad>0</ns3:cad>
          </ns3:TrackPointExtension>
        </extensions>
      </trkpt>
      <trkpt lat="31.278458051383495330810546875" lon="121.47718149237334728240966796875">
        <ele>10.19999980926513671875</ele>
        <time>2026-09-22T09:26:02.000Z</time>
        <extensions>
          <ns3:TrackPointExtension>
            <ns3:hr>128</ns3:hr>
            <ns3:cad>0</ns3:cad>
          </ns3:TrackPointExtension>
        </extensions>
      </trkpt>
      <trkpt lat="31.27845612354576587677001953125" lon="121.4771874435245990753173828125">
        <ele>10.19999980926513671875</ele>
        <time>2026-09-22T09:26:03.000Z</time>
        <extensions>
          <ns3:TrackPointExtension>
            <ns3:hr>128</ns3:hr>
            <ns3:cad>0</ns3:cad>
          </ns3:TrackPointExtension>
        </extensions>
      </trkpt>
      <trkpt lat="31.278453357517719268798828125" lon="121.477194987237453460693359375">
        <ele>10.3999996185302734375</ele>
        <time>2026-09-22T09:26:04.000Z</time>
        <extensions>
          <ns3:TrackPointExtension>
            <ns3:hr>127</ns3:hr>
            <ns3:cad>0</ns3:cad>
          </ns3:TrackPointExtension>
        </extensions>
      </trkpt>
      <trkpt lat="31.278451345860958099365234375" lon="121.4772005192935466766357421875">
        <ele>10.3999996185302734375</ele>
        <time>2026-09-22T09:26:05.000Z</time>
        <extensions>
          <ns3:TrackPointExtension>
            <ns3:hr>125</ns3:hr>
            <ns3:cad>45</ns3:cad>
          </ns3:TrackPointExtension>
        </extensions>
      </trkpt>
      <trkpt lat="31.27844891510903835296630859375" lon="121.4772073924541473388671875">
        <ele>10.3999996185302734375</ele>
        <time>2026-09-22T09:26:06.000Z</time>
        <extensions>
          <ns3:TrackPointExtension>
            <ns3:hr>125</ns3:hr>
            <ns3:cad>45</ns3:cad>
          </ns3:TrackPointExtension>
        </extensions>
      </trkpt>
      <trkpt lat="31.27844489179551601409912109375" lon="121.47721837274730205535888671875">
        <ele>10.6000003814697265625</ele>
        <time>2026-09-22T09:26:07.000Z</time>
        <extensions>
          <ns3:TrackPointExtension>
            <ns3:hr>124</ns3:hr>
            <ns3:cad>44</ns3:cad>
          </ns3:TrackPointExtension>
        </extensions>
      </trkpt>
      <trkpt lat="31.27844296395778656005859375" lon="121.47722373716533184051513671875">
        <ele>10.6000003814697265625</ele>
        <time>2026-09-22T09:26:08.000Z</time>
        <extensions>
          <ns3:TrackPointExtension>
            <ns3:hr>124</ns3:hr>
            <ns3:cad>44</ns3:cad>
          </ns3:TrackPointExtension>
        </extensions>
      </trkpt>
      <trkpt lat="31.2784417904913425445556640625" lon="121.47722683846950531005859375">
        <ele>10.6000003814697265625</ele>
        <time>2026-09-22T09:26:09.000Z</time>
        <extensions>
          <ns3:TrackPointExtension>
            <ns3:hr>123</ns3:hr>
            <ns3:cad>44</ns3:cad>
          </ns3:TrackPointExtension>
        </extensions>
      </trkpt>
      <trkpt lat="31.27843751572072505950927734375" lon="121.47723748348653316497802734375">
        <ele>10.80000019073486328125</ele>
        <time>2026-09-22T09:26:10.000Z</time>
        <extensions>
          <ns3:TrackPointExtension>
            <ns3:hr>122</ns3:hr>
            <ns3:cad>45</ns3:cad>
          </ns3:TrackPointExtension>
        </extensions>
      </trkpt>
      <trkpt lat="31.27843399532139301300048828125" lon="121.47724485956132411956787109375">
        <ele>10.80000019073486328125</ele>
        <time>2026-09-22T09:26:11.000Z</time>
        <extensions>
          <ns3:TrackPointExtension>
            <ns3:hr>121</ns3:hr>
            <ns3:cad>45</ns3:cad>
          </ns3:TrackPointExtension>
        </extensions>
      </trkpt>
      <trkpt lat="31.2784317322075366973876953125" lon="121.4772498048841953277587890625">
        <ele>10.80000019073486328125</ele>
        <time>2026-09-22T09:26:12.000Z</time>
        <extensions>
          <ns3:TrackPointExtension>
            <ns3:hr>119</ns3:hr>
            <ns3:cad>45</ns3:cad>
          </ns3:TrackPointExtension>
        </extensions>
      </trkpt>
      <trkpt lat="31.27842863090336322784423828125" lon="121.47725625894963741302490234375">
        <ele>11</ele>
        <time>2026-09-22T09:26:13.000Z</time>
        <extensions>
          <ns3:TrackPointExtension>
            <ns3:hr>119</ns3:hr>
            <ns3:cad>45</ns3:cad>
          </ns3:TrackPointExtension>
        </extensions>
      </trkpt>
      <trkpt lat="31.278428547084331512451171875" lon="121.47725659422576427459716796875">
        <ele>11</ele>
        <time>2026-09-22T09:26:14.000Z</time>
        <extensions>
          <ns3:TrackPointExtension>
            <ns3:hr>118</ns3:hr>
            <ns3:cad>45</ns3:cad>
          </ns3:TrackPointExtension>
        </extensions>
      </trkpt>
      <trkpt lat="31.278421171009540557861328125" lon="121.47727235220372676849365234375">
        <ele>11</ele>
        <time>2026-09-22T09:26:15.000Z</time>
        <extensions>
          <ns3:TrackPointExtension>
            <ns3:hr>118</ns3:hr>
            <ns3:cad>45</ns3:cad>
          </ns3:TrackPointExtension>
        </extensions>
      </trkpt>
      <trkpt lat="31.27842175774276256561279296875" lon="121.4772709272801876068115234375">
        <ele>11</ele>
        <time>2026-09-22T09:26:16.000Z</time>
        <extensions>
          <ns3:TrackPointExtension>
            <ns3:hr>118</ns3:hr>
            <ns3:cad>0</ns3:cad>
          </ns3:TrackPointExtension>
        </extensions>
      </trkpt>
      <trkpt lat="31.27841656096279621124267578125" lon="121.47728173993527889251708984375">
        <ele>11.19999980926513671875</ele>
        <time>2026-09-22T09:26:17.000Z</time>
        <extensions>
          <ns3:TrackPointExtension>
            <ns3:hr>117</ns3:hr>
            <ns3:cad>0</ns3:cad>
          </ns3:TrackPointExtension>
        </extensions>
      </trkpt>
      <trkpt lat="31.27841614186763763427734375" lon="121.4772823266685009002685546875">
        <ele>11.19999980926513671875</ele>
        <time>2026-09-22T09:26:18.000Z</time>
        <extensions>
          <ns3:TrackPointExtension>
            <ns3:hr>116</ns3:hr>
            <ns3:cad>0</ns3:cad>
          </ns3:TrackPointExtension>
        </extensions>
      </trkpt>
      <trkpt lat="31.2784186564385890960693359375" lon="121.4772776328027248382568359375">
        <ele>11.19999980926513671875</ele>
        <time>2026-09-22T09:26:19.000Z</time>
        <extensions>
          <ns3:TrackPointExtension>
            <ns3:hr>116</ns3:hr>
            <ns3:cad>0</ns3:cad>
          </ns3:TrackPointExtension>
        </extensions>
      </trkpt>
      <trkpt lat="31.2784216739237308502197265625" lon="121.47727109491825103759765625">
        <ele>11</ele>
        <time>2026-09-22T09:26:20.000Z</time>
        <extensions>
          <ns3:TrackPointExtension>
            <ns3:hr>116</ns3:hr>
            <ns3:cad>0</ns3:cad>
          </ns3:TrackPointExtension>
        </extensions>
      </trkpt>
      <trkpt lat="31.27841941080987453460693359375" lon="121.4772759564220905303955078125">
        <ele>11.19999980926513671875</ele>
        <time>2026-09-22T09:26:21.000Z</time>
        <extensions>
          <ns3:TrackPointExtension>
            <ns3:hr>116</ns3:hr>
            <ns3:cad>0</ns3:cad>
          </ns3:TrackPointExtension>
        </extensions>
      </trkpt>
      <trkpt lat="31.278413124382495880126953125" lon="121.47728760726749897003173828125">
        <ele>11.19999980926513671875</ele>
        <time>2026-09-22T09:26:22.000Z</time>
        <extensions>
          <ns3:TrackPointExtension>
            <ns3:hr>116</ns3:hr>
            <ns3:cad>0</ns3:cad>
          </ns3:TrackPointExtension>
        </extensions>
      </trkpt>
      <trkpt lat="31.278414465487003326416015625" lon="121.47728526033461093902587890625">
        <ele>11.19999980926513671875</ele>
        <time>2026-09-22T09:26:23.000Z</time>
        <extensions>
          <ns3:TrackPointExtension>
            <ns3:hr>115</ns3:hr>
            <ns3:cad>0</ns3:cad>
          </ns3:TrackPointExtension>
        </extensions>
      </trkpt>
      <trkpt lat="31.2784127891063690185546875" lon="121.47728811018168926239013671875">
        <ele>11.19999980926513671875</ele>
        <time>2026-09-22T09:26:24.000Z</time>
        <extensions>
          <ns3:TrackPointExtension>
            <ns3:hr>115</ns3:hr>
            <ns3:cad>0</ns3:cad>
          </ns3:TrackPointExtension>
        </extensions>
      </trkpt>
      <trkpt lat="31.27841723151504993438720703125" lon="121.47728048264980316162109375">
        <ele>11.19999980926513671875</ele>
        <time>2026-09-22T09:26:25.000Z</time>
        <extensions>
          <ns3:TrackPointExtension>
            <ns3:hr>115</ns3:hr>
            <ns3:cad>46</ns3:cad>
          </ns3:TrackPointExtension>
        </extensions>
      </trkpt>
      <trkpt lat="31.2784163095057010650634765625" lon="121.47728207521140575408935546875">
        <ele>11.19999980926513671875</ele>
        <time>2026-09-22T09:26:26.000Z</time>
        <extensions>
          <ns3:TrackPointExtension>
            <ns3:hr>114</ns3:hr>
            <ns3:cad>46</ns3:cad>
          </ns3:TrackPointExtension>
        </extensions>
      </trkpt>
      <trkpt lat="31.27840868197381496429443359375" lon="121.4772950671613216400146484375">
        <ele>11.19999980926513671875</ele>
        <time>2026-09-22T09:26:27.000Z</time>
        <extensions>
          <ns3:TrackPointExtension>
            <ns3:hr>114</ns3:hr>
            <ns3:cad>46</ns3:cad>
          </ns3:TrackPointExtension>
        </extensions>
      </trkpt>
      <trkpt lat="31.27840566448867321014404296875" lon="121.47730018012225627899169921875">
        <ele>11.3999996185302734375</ele>
        <time>2026-09-22T09:26:28.000Z</time>
        <extensions>
          <ns3:TrackPointExtension>
            <ns3:hr>114</ns3:hr>
            <ns3:cad>46</ns3:cad>
          </ns3:TrackPointExtension>
        </extensions>
      </trkpt>
      <trkpt lat="31.2783988751471042633056640625" lon="121.477311663329601287841796875">
        <ele>11.3999996185302734375</ele>
        <time>2026-09-22T09:26:29.000Z</time>
        <extensions>
          <ns3:TrackPointExtension>
            <ns3:hr>114</ns3:hr>
            <ns3:cad>46</ns3:cad>
          </ns3:TrackPointExtension>
        </extensions>
      </trkpt>
      <trkpt lat="31.278397031128406524658203125" lon="121.47731476463377475738525390625">
        <ele>11.3999996185302734375</ele>
        <time>2026-09-22T09:26:30.000Z</time>
        <extensions>
          <ns3:TrackPointExtension>
            <ns3:hr>114</ns3:hr>
            <ns3:cad>46</ns3:cad>
          </ns3:TrackPointExtension>
        </extensions>
      </trkpt>
      <trkpt lat="31.2783837877213954925537109375" lon="121.47733488120138645172119140625">
        <ele>11.3999996185302734375</ele>
        <time>2026-09-22T09:26:31.000Z</time>
        <extensions>
          <ns3:TrackPointExtension>
            <ns3:hr>114</ns3:hr>
            <ns3:cad>46</ns3:cad>
          </ns3:TrackPointExtension>
        </extensions>
      </trkpt>
      <trkpt lat="31.27836744301021099090576171875" lon="121.47735734470188617706298828125">
        <ele>11.19999980926513671875</ele>
        <time>2026-09-22T09:26:32.000Z</time>
        <extensions>
          <ns3:TrackPointExtension>
            <ns3:hr>114</ns3:hr>
            <ns3:cad>45</ns3:cad>
          </ns3:TrackPointExtension>
        </extensions>
      </trkpt>
      <trkpt lat="31.27835403196513652801513671875" lon="121.47737394087016582489013671875">
        <ele>11</ele>
        <time>2026-09-22T09:26:33.000Z</time>
        <extensions>
          <ns3:TrackPointExtension>
            <ns3:hr>114</ns3:hr>
            <ns3:cad>0</ns3:cad>
          </ns3:TrackPointExtension>
        </extensions>
      </trkpt>
      <trkpt lat="31.27835101447999477386474609375" lon="121.47737729363143444061279296875">
        <ele>11</ele>
        <time>2026-09-22T09:26:34.000Z</time>
        <extensions>
          <ns3:TrackPointExtension>
            <ns3:hr>114</ns3:hr>
            <ns3:cad>0</ns3:cad>
          </ns3:TrackPointExtension>
        </extensions>
      </trkpt>
      <trkpt lat="31.27833793871104717254638671875" lon="121.4773919619619846343994140625">
        <ele>10.80000019073486328125</ele>
        <time>2026-09-22T09:26:35.000Z</time>
        <extensions>
          <ns3:TrackPointExtension>
            <ns3:hr>114</ns3:hr>
            <ns3:cad>45</ns3:cad>
          </ns3:TrackPointExtension>
        </extensions>
      </trkpt>
      <trkpt lat="31.278338022530078887939453125" lon="121.47739187814295291900634765625">
        <ele>10.80000019073486328125</ele>
        <time>2026-09-22T09:26:36.000Z</time>
        <extensions>
          <ns3:TrackPointExtension>
            <ns3:hr>113</ns3:hr>
            <ns3:cad>45</ns3:cad>
          </ns3:TrackPointExtension>
        </extensions>
      </trkpt>
      <trkpt lat="31.27833106555044651031494140625" lon="121.4773996733129024505615234375">
        <ele>10.6000003814697265625</ele>
        <time>2026-09-22T09:26:37.000Z</time>
        <extensions>
          <ns3:TrackPointExtension>
            <ns3:hr>113</ns3:hr>
            <ns3:cad>45</ns3:cad>
          </ns3:TrackPointExtension>
        </extensions>
      </trkpt>
      <trkpt lat="31.27832117490470409393310546875" lon="121.4774093963205814361572265625">
        <ele>10.6000003814697265625</ele>
        <time>2026-09-22T09:26:38.000Z</time>
        <extensions>
          <ns3:TrackPointExtension>
            <ns3:hr>113</ns3:hr>
            <ns3:cad>45</ns3:cad>
          </ns3:TrackPointExtension>
        </extensions>
      </trkpt>
      <trkpt lat="31.27831346355378627777099609375" lon="121.4774164371192455291748046875">
        <ele>10.3999996185302734375</ele>
        <time>2026-09-22T09:26:39.000Z</time>
        <extensions>
          <ns3:TrackPointExtension>
            <ns3:hr>113</ns3:hr>
            <ns3:cad>46</ns3:cad>
          </ns3:TrackPointExtension>
        </extensions>
      </trkpt>
      <trkpt lat="31.27829921431839466094970703125" lon="121.47742942906916141510009765625">
        <ele>10.19999980926513671875</ele>
        <time>2026-09-22T09:26:40.000Z</time>
        <extensions>
          <ns3:TrackPointExtension>
            <ns3:hr>113</ns3:hr>
            <ns3:cad>46</ns3:cad>
          </ns3:TrackPointExtension>
        </extensions>
      </trkpt>
      <trkpt lat="31.27828613854944705963134765625" lon="121.47744032554328441619873046875">
        <ele>10</ele>
        <time>2026-09-22T09:26:41.000Z</time>
        <extensions>
          <ns3:TrackPointExtension>
            <ns3:hr>112</ns3:hr>
            <ns3:cad>46</ns3:cad>
          </ns3:TrackPointExtension>
        </extensions>
      </trkpt>
      <trkpt lat="31.27827272750437259674072265625" lon="121.47745021618902683258056640625">
        <ele>9.80000019073486328125</ele>
        <time>2026-09-22T09:26:42.000Z</time>
        <extensions>
          <ns3:TrackPointExtension>
            <ns3:hr>112</ns3:hr>
            <ns3:cad>46</ns3:cad>
          </ns3:TrackPointExtension>
        </extensions>
      </trkpt>
      <trkpt lat="31.27826099283993244171142578125" lon="121.47745884954929351806640625">
        <ele>9.6000003814697265625</ele>
        <time>2026-09-22T09:26:43.000Z</time>
        <extensions>
          <ns3:TrackPointExtension>
            <ns3:hr>111</ns3:hr>
            <ns3:cad>0</ns3:cad>
          </ns3:TrackPointExtension>
        </extensions>
      </trkpt>
      <trkpt lat="31.27825043164193630218505859375" lon="121.47746630944311618804931640625">
        <ele>9.3999996185302734375</ele>
        <time>2026-09-22T09:26:44.000Z</time>
        <extensions>
          <ns3:TrackPointExtension>
            <ns3:hr>111</ns3:hr>
            <ns3:cad>0</ns3:cad>
          </ns3:TrackPointExtension>
        </extensions>
      </trkpt>
      <trkpt lat="31.278242804110050201416015625" lon="121.4774707518517971038818359375">
        <ele>9.3999996185302734375</ele>
        <time>2026-09-22T09:26:45.000Z</time>
        <extensions>
          <ns3:TrackPointExtension>
            <ns3:hr>110</ns3:hr>
            <ns3:cad>45</ns3:cad>
          </ns3:TrackPointExtension>
        </extensions>
      </trkpt>
      <trkpt lat="31.27823735587298870086669921875" lon="121.47747385315597057342529296875">
        <ele>9.3999996185302734375</ele>
        <time>2026-09-22T09:26:46.000Z</time>
        <extensions>
          <ns3:TrackPointExtension>
            <ns3:hr>110</ns3:hr>
            <ns3:cad>45</ns3:cad>
          </ns3:TrackPointExtension>
        </extensions>
      </trkpt>
      <trkpt lat="31.2782295607030391693115234375" lon="121.47747837938368320465087890625">
        <ele>9.19999980926513671875</ele>
        <time>2026-09-22T09:26:47.000Z</time>
        <extensions>
          <ns3:TrackPointExtension>
            <ns3:hr>109</ns3:hr>
            <ns3:cad>0</ns3:cad>
          </ns3:TrackPointExtension>
        </extensions>
      </trkpt>
      <trkpt lat="31.27822344191372394561767578125" lon="121.47748189978301525115966796875">
        <ele>9.19999980926513671875</ele>
        <time>2026-09-22T09:26:48.000Z</time>
        <extensions>
          <ns3:TrackPointExtension>
            <ns3:hr>109</ns3:hr>
            <ns3:cad>0</ns3:cad>
          </ns3:TrackPointExtension>
        </extensions>
      </trkpt>
      <trkpt lat="31.2782158143818378448486328125" lon="121.4774863421916961669921875">
        <ele>9.19999980926513671875</ele>
        <time>2026-09-22T09:26:49.000Z</time>
        <extensions>
          <ns3:TrackPointExtension>
            <ns3:hr>108</ns3:hr>
            <ns3:cad>0</ns3:cad>
          </ns3:TrackPointExtension>
        </extensions>
      </trkpt>
      <trkpt lat="31.2782114557921886444091796875" lon="121.4774888567626476287841796875">
        <ele>9.19999980926513671875</ele>
        <time>2026-09-22T09:26:50.000Z</time>
        <extensions>
          <ns3:TrackPointExtension>
            <ns3:hr>108</ns3:hr>
            <ns3:cad>0</ns3:cad>
          </ns3:TrackPointExtension>
        </extensions>
      </trkpt>
      <trkpt lat="31.278202570974826812744140625" lon="121.47749279625713825225830078125">
        <ele>9.19999980926513671875</ele>
        <time>2026-09-22T09:26:51.000Z</time>
        <extensions>
          <ns3:TrackPointExtension>
            <ns3:hr>107</ns3:hr>
            <ns3:cad>0</ns3:cad>
          </ns3:TrackPointExtension>
        </extensions>
      </trkpt>
      <trkpt lat="31.2781953625380992889404296875" lon="121.47749598138034343719482421875">
        <ele>9.19999980926513671875</ele>
        <time>2026-09-22T09:26:52.000Z</time>
        <extensions>
          <ns3:TrackPointExtension>
            <ns3:hr>107</ns3:hr>
            <ns3:cad>0</ns3:cad>
          </ns3:TrackPointExtension>
        </extensions>
      </trkpt>
      <trkpt lat="31.27818706445395946502685546875" lon="121.4774995855987071990966796875">
        <ele>9.19999980926513671875</ele>
        <time>2026-09-22T09:26:53.000Z</time>
        <extensions>
          <ns3:TrackPointExtension>
            <ns3:hr>107</ns3:hr>
            <ns3:cad>0</ns3:cad>
          </ns3:TrackPointExtension>
        </extensions>
      </trkpt>
      <trkpt lat="31.27819376997649669647216796875" lon="121.47749665193259716033935546875">
        <ele>9.19999980926513671875</ele>
        <time>2026-09-22T09:26:54.000Z</time>
        <extensions>
          <ns3:TrackPointExtension>
            <ns3:hr>107</ns3:hr>
            <ns3:cad>0</ns3:cad>
          </ns3:TrackPointExtension>
        </extensions>
      </trkpt>
      <trkpt lat="31.2782067619264125823974609375" lon="121.47749095223844051361083984375">
        <ele>9.19999980926513671875</ele>
        <time>2026-09-22T09:26:55.000Z</time>
        <extensions>
          <ns3:TrackPointExtension>
            <ns3:hr>107</ns3:hr>
            <ns3:cad>0</ns3:cad>
          </ns3:TrackPointExtension>
        </extensions>
      </trkpt>
      <trkpt lat="31.27821589820086956024169921875" lon="121.47748625837266445159912109375">
        <ele>9.19999980926513671875</ele>
        <time>2026-09-22T09:26:56.000Z</time>
        <extensions>
          <ns3:TrackPointExtension>
            <ns3:hr>107</ns3:hr>
            <ns3:cad>0</ns3:cad>
          </ns3:TrackPointExtension>
        </extensions>
      </trkpt>
      <trkpt lat="31.278229393064975738525390625" lon="121.4774784632027149200439453125">
        <ele>9.19999980926513671875</ele>
        <time>2026-09-22T09:26:57.000Z</time>
        <extensions>
          <ns3:TrackPointExtension>
            <ns3:hr>107</ns3:hr>
            <ns3:cad>0</ns3:cad>
          </ns3:TrackPointExtension>
        </extensions>
      </trkpt>
      <trkpt lat="31.27823802642524242401123046875" lon="121.4774734340608119964599609375">
        <ele>9.3999996185302734375</ele>
        <time>2026-09-22T09:26:58.000Z</time>
        <extensions>
          <ns3:TrackPointExtension>
            <ns3:hr>108</ns3:hr>
            <ns3:cad>0</ns3:cad>
          </ns3:TrackPointExtension>
        </extensions>
      </trkpt>
      <trkpt lat="31.2782426364719867706298828125" lon="121.4774707518517971038818359375">
        <ele>9.3999996185302734375</ele>
        <time>2026-09-22T09:26:59.000Z</time>
        <extensions>
          <ns3:TrackPointExtension>
            <ns3:hr>108</ns3:hr>
            <ns3:cad>0</ns3:cad>
          </ns3:TrackPointExtension>
        </extensions>
      </trkpt>
      <trkpt lat="31.2782466597855091094970703125" lon="121.4774684049189090728759765625">
        <ele>9.3999996185302734375</ele>
        <time>2026-09-22T09:27:00.000Z</time>
        <extensions>
          <ns3:TrackPointExtension>
            <ns3:hr>109</ns3:hr>
            <ns3:cad>0</ns3:cad>
          </ns3:TrackPointExtension>
        </extensions>
      </trkpt>
      <trkpt lat="31.27824858762323856353759765625" lon="121.47746731527149677276611328125">
        <ele>9.3999996185302734375</ele>
        <time>2026-09-22T09:27:01.000Z</time>
        <extensions>
          <ns3:TrackPointExtension>
            <ns3:hr>109</ns3:hr>
            <ns3:cad>0</ns3:cad>
          </ns3:TrackPointExtension>
        </extensions>
      </trkpt>
      <trkpt lat="31.27825596369802951812744140625" lon="121.477462537586688995361328125">
        <ele>9.3999996185302734375</ele>
        <time>2026-09-22T09:27:02.000Z</time>
        <extensions>
          <ns3:TrackPointExtension>
            <ns3:hr>110</ns3:hr>
            <ns3:cad>0</ns3:cad>
          </ns3:TrackPointExtension>
        </extensions>
      </trkpt>
      <trkpt lat="31.2782654352486133575439453125" lon="121.47745558060705661773681640625">
        <ele>9.6000003814697265625</ele>
        <time>2026-09-22T09:27:03.000Z</time>
        <extensions>
          <ns3:TrackPointExtension>
            <ns3:hr>111</ns3:hr>
            <ns3:cad>0</ns3:cad>
          </ns3:TrackPointExtension>
        </extensions>
      </trkpt>
      <trkpt lat="31.27827130258083343505859375" lon="121.47745122201740741729736328125">
        <ele>9.80000019073486328125</ele>
        <time>2026-09-22T09:27:04.000Z</time>
        <extensions>
          <ns3:TrackPointExtension>
            <ns3:hr>111</ns3:hr>
            <ns3:cad>45</ns3:cad>
          </ns3:TrackPointExtension>
        </extensions>
      </trkpt>
      <trkpt lat="31.278278343379497528076171875" lon="121.47744602523744106292724609375">
        <ele>9.80000019073486328125</ele>
        <time>2026-09-22T09:27:05.000Z</time>
        <extensions>
          <ns3:TrackPointExtension>
            <ns3:hr>111</ns3:hr>
            <ns3:cad>45</ns3:cad>
          </ns3:TrackPointExtension>
        </extensions>
      </trkpt>
      <trkpt lat="31.27828312106430530548095703125" lon="121.4774425886571407318115234375">
        <ele>10</ele>
        <time>2026-09-22T09:27:06.000Z</time>
        <extensions>
          <ns3:TrackPointExtension>
            <ns3:hr>111</ns3:hr>
            <ns3:cad>44</ns3:cad>
          </ns3:TrackPointExtension>
        </extensions>
      </trkpt>
      <trkpt lat="31.2782894074916839599609375" lon="121.4774378947913646697998046875">
        <ele>10</ele>
        <time>2026-09-22T09:27:07.000Z</time>
        <extensions>
          <ns3:TrackPointExtension>
            <ns3:hr>111</ns3:hr>
            <ns3:cad>44</ns3:cad>
          </ns3:TrackPointExtension>
        </extensions>
      </trkpt>
      <trkpt lat="31.27828898839652538299560546875" lon="121.4774382300674915313720703125">
        <ele>10</ele>
        <time>2026-09-22T09:27:08.000Z</time>
        <extensions>
          <ns3:TrackPointExtension>
            <ns3:hr>111</ns3:hr>
            <ns3:cad>0</ns3:cad>
          </ns3:TrackPointExtension>
        </extensions>
      </trkpt>
      <trkpt lat="31.278287060558795928955078125" lon="121.47743965499103069305419921875">
        <ele>10</ele>
        <time>2026-09-22T09:27:09.000Z</time>
        <extensions>
          <ns3:TrackPointExtension>
            <ns3:hr>110</ns3:hr>
            <ns3:cad>0</ns3:cad>
          </ns3:TrackPointExtension>
        </extensions>
      </trkpt>
      <trkpt lat="31.2782892398536205291748046875" lon="121.4774380624294281005859375">
        <ele>10</ele>
        <time>2026-09-22T09:27:10.000Z</time>
        <extensions>
          <ns3:TrackPointExtension>
            <ns3:hr>111</ns3:hr>
            <ns3:cad>0</ns3:cad>
          </ns3:TrackPointExtension>
        </extensions>
      </trkpt>
      <trkpt lat="31.2783113680779933929443359375" lon="121.477418281137943267822265625">
        <ele>10.3999996185302734375</ele>
        <time>2026-09-22T09:27:11.000Z</time>
        <extensions>
          <ns3:TrackPointExtension>
            <ns3:hr>112</ns3:hr>
            <ns3:cad>0</ns3:cad>
          </ns3:TrackPointExtension>
        </extensions>
      </trkpt>
      <trkpt lat="31.27833659760653972625732421875" lon="121.477393470704555511474609375">
        <ele>10.80000019073486328125</ele>
        <time>2026-09-22T09:27:12.000Z</time>
        <extensions>
          <ns3:TrackPointExtension>
            <ns3:hr>112</ns3:hr>
            <ns3:cad>0</ns3:cad>
          </ns3:TrackPointExtension>
        </extensions>
      </trkpt>
      <trkpt lat="31.27837901003658771514892578125" lon="121.47734141908586025238037109375">
        <ele>11.3999996185302734375</ele>
        <time>2026-09-22T09:27:13.000Z</time>
        <extensions>
          <ns3:TrackPointExtension>
            <ns3:hr>113</ns3:hr>
            <ns3:cad>0</ns3:cad>
          </ns3:TrackPointExtension>
        </extensions>
      </trkpt>
      <trkpt lat="31.27841153182089328765869140625" lon="121.477290205657482147216796875">
        <ele>11.19999980926513671875</ele>
        <time>2026-09-22T09:27:14.000Z</time>
        <extensions>
          <ns3:TrackPointExtension>
            <ns3:hr>113</ns3:hr>
            <ns3:cad>92</ns3:cad>
          </ns3:TrackPointExtension>
        </extensions>
      </trkpt>
      <trkpt lat="31.278443969786167144775390625" lon="121.4772209711372852325439453125">
        <ele>10.6000003814697265625</ele>
        <time>2026-09-22T09:27:15.000Z</time>
        <extensions>
          <ns3:TrackPointExtension>
            <ns3:hr>113</ns3:hr>
            <ns3:cad>94</ns3:cad>
          </ns3:TrackPointExtension>
        </extensions>
      </trkpt>
      <trkpt lat="31.27846450544893741607666015625" lon="121.47715718485414981842041015625">
        <ele>10</ele>
        <time>2026-09-22T09:27:16.000Z</time>
        <extensions>
          <ns3:TrackPointExtension>
            <ns3:hr>113</ns3:hr>
            <ns3:cad>94</ns3:cad>
          </ns3:TrackPointExtension>
        </extensions>
      </trkpt>
      <trkpt lat="31.27847590483725070953369140625" lon="121.47710437886416912078857421875">
        <ele>9.6000003814697265625</ele>
        <time>2026-09-22T09:27:17.000Z</time>
        <extensions>
          <ns3:TrackPointExtension>
            <ns3:hr>114</ns3:hr>
            <ns3:cad>94</ns3:cad>
          </ns3:TrackPointExtension>
        </extensions>
      </trkpt>
      <trkpt lat="31.2784813530743122100830078125" lon="121.4770664088428020477294921875">
        <ele>9.19999980926513671875</ele>
        <time>2026-09-22T09:27:18.000Z</time>
        <extensions>
          <ns3:TrackPointExtension>
            <ns3:hr>115</ns3:hr>
            <ns3:cad>94</ns3:cad>
          </ns3:TrackPointExtension>
        </extensions>
      </trkpt>
      <trkpt lat="31.27848478965461254119873046875" lon="121.47701737470924854278564453125">
        <ele>8.6000003814697265625</ele>
        <time>2026-09-22T09:27:19.000Z</time>
        <extensions>
          <ns3:TrackPointExtension>
            <ns3:hr>117</ns3:hr>
            <ns3:cad>94</ns3:cad>
          </ns3:TrackPointExtension>
        </extensions>
      </trkpt>
      <trkpt lat="31.27848453819751739501953125" lon="121.47697093896567821502685546875">
        <ele>8</ele>
        <time>2026-09-22T09:27:20.000Z</time>
        <extensions>
          <ns3:TrackPointExtension>
            <ns3:hr>119</ns3:hr>
            <ns3:cad>94</ns3:cad>
          </ns3:TrackPointExtension>
        </extensions>
      </trkpt>
      <trkpt lat="31.27848043106496334075927734375" lon="121.47692550905048847198486328125">
        <ele>7.599999904632568359375</ele>
        <time>2026-09-22T09:27:21.000Z</time>
        <extensions>
          <ns3:TrackPointExtension>
            <ns3:hr>120</ns3:hr>
            <ns3:cad>94</ns3:cad>
          </ns3:TrackPointExtension>
        </extensions>
      </trkpt>
      <trkpt lat="31.2784744799137115478515625" lon="121.4768883772194385528564453125">
        <ele>7.19999980926513671875</ele>
        <time>2026-09-22T09:27:22.000Z</time>
        <extensions>
          <ns3:TrackPointExtension>
            <ns3:hr>121</ns3:hr>
            <ns3:cad>93</ns3:cad>
          </ns3:TrackPointExtension>
        </extensions>
      </trkpt>
      <trkpt lat="31.278468109667301177978515625" lon="121.47685711272060871124267578125">
        <ele>7.19999980926513671875</ele>
        <time>2026-09-22T09:27:23.000Z</time>
        <extensions>
          <ns3:TrackPointExtension>
            <ns3:hr>123</ns3:hr>
            <ns3:cad>93</ns3:cad>
          </ns3:TrackPointExtension>
        </extensions>
      </trkpt>
      <trkpt lat="31.27845947630703449249267578125" lon="121.4768253453075885772705078125">
        <ele>7.400000095367431640625</ele>
        <time>2026-09-22T09:27:24.000Z</time>
        <extensions>
          <ns3:TrackPointExtension>
            <ns3:hr>124</ns3:hr>
            <ns3:cad>94</ns3:cad>
          </ns3:TrackPointExtension>
        </extensions>
      </trkpt>
      <trkpt lat="31.278447322547435760498046875" lon="121.476789303123950958251953125">
        <ele>7.80000019073486328125</ele>
        <time>2026-09-22T09:27:25.000Z</time>
        <extensions>
          <ns3:TrackPointExtension>
            <ns3:hr>125</ns3:hr>
            <ns3:cad>94</ns3:cad>
          </ns3:TrackPointExtension>
        </extensions>
      </trkpt>
      <trkpt lat="31.27843030728399753570556640625" lon="121.47674814797937870025634765625">
        <ele>8.3999996185302734375</ele>
        <time>2026-09-22T09:27:26.000Z</time>
        <extensions>
          <ns3:TrackPointExtension>
            <ns3:hr>126</ns3:hr>
            <ns3:cad>94</ns3:cad>
          </ns3:TrackPointExtension>
        </extensions>
      </trkpt>
      <trkpt lat="31.27841337583959102630615234375" lon="121.4767136983573436737060546875">
        <ele>8.6000003814697265625</ele>
        <time>2026-09-22T09:27:27.000Z</time>
        <extensions>
          <ns3:TrackPointExtension>
            <ns3:hr>128</ns3:hr>
            <ns3:cad>94</ns3:cad>
          </ns3:TrackPointExtension>
        </extensions>
      </trkpt>
      <trkpt lat="31.2783945165574550628662109375" lon="121.47668226622045040130615234375">
        <ele>9</ele>
        <time>2026-09-22T09:27:28.000Z</time>
        <extensions>
          <ns3:TrackPointExtension>
            <ns3:hr>130</ns3:hr>
            <ns3:cad>94</ns3:cad>
          </ns3:TrackPointExtension>
        </extensions>
      </trkpt>
      <trkpt lat="31.278374232351779937744140625" lon="121.47665309719741344451904296875">
        <ele>9.3999996185302734375</ele>
        <time>2026-09-22T09:27:29.000Z</time>
        <extensions>
          <ns3:TrackPointExtension>
            <ns3:hr>132</ns3:hr>
            <ns3:cad>94</ns3:cad>
          </ns3:TrackPointExtension>
        </extensions>
      </trkpt>
      <trkpt lat="31.27835000865161418914794921875" lon="121.47662258706986904144287109375">
        <ele>9.6000003814697265625</ele>
        <time>2026-09-22T09:27:30.000Z</time>
        <extensions>
          <ns3:TrackPointExtension>
            <ns3:hr>134</ns3:hr>
            <ns3:cad>93</ns3:cad>
          </ns3:TrackPointExtension>
        </extensions>
      </trkpt>
      <trkpt lat="31.27832301892340183258056640625" lon="121.4765931665897369384765625">
        <ele>10</ele>
        <time>2026-09-22T09:27:31.000Z</time>
        <extensions>
          <ns3:TrackPointExtension>
            <ns3:hr>135</ns3:hr>
            <ns3:cad>93</ns3:cad>
          </ns3:TrackPointExtension>
        </extensions>
      </trkpt>
      <trkpt lat="31.2782932631671428680419921875" lon="121.47656642831861972808837890625">
        <ele>10.6000003814697265625</ele>
        <time>2026-09-22T09:27:32.000Z</time>
        <extensions>
          <ns3:TrackPointExtension>
            <ns3:hr>136</ns3:hr>
            <ns3:cad>93</ns3:cad>
          </ns3:TrackPointExtension>
        </extensions>
      </trkpt>
      <trkpt lat="31.27825596369802951812744140625" lon="121.4765386842191219329833984375">
        <ele>11.19999980926513671875</ele>
        <time>2026-09-22T09:27:33.000Z</time>
        <extensions>
          <ns3:TrackPointExtension>
            <ns3:hr>137</ns3:hr>
            <ns3:cad>93</ns3:cad>
          </ns3:TrackPointExtension>
        </extensions>
      </trkpt>
      <trkpt lat="31.2782208435237407684326171875" lon="121.476517729461193084716796875">
        <ele>11.6000003814697265625</ele>
        <time>2026-09-22T09:27:34.000Z</time>
        <extensions>
          <ns3:TrackPointExtension>
            <ns3:hr>138</ns3:hr>
            <ns3:cad>93</ns3:cad>
          </ns3:TrackPointExtension>
        </extensions>
      </trkpt>
      <trkpt lat="31.27818337641656398773193359375" lon="121.47649819962680339813232421875">
        <ele>11.3999996185302734375</ele>
        <time>2026-09-22T09:27:35.000Z</time>
        <extensions>
          <ns3:TrackPointExtension>
            <ns3:hr>140</ns3:hr>
            <ns3:cad>94</ns3:cad>
          </ns3:TrackPointExtension>
        </extensions>
      </trkpt>
      <trkpt lat="31.278148591518402099609375" lon="121.47648093290627002716064453125">
        <ele>11.19999980926513671875</ele>
        <time>2026-09-22T09:27:36.000Z</time>
        <extensions>
          <ns3:TrackPointExtension>
            <ns3:hr>141</ns3:hr>
            <ns3:cad>94</ns3:cad>
          </ns3:TrackPointExtension>
        </extensions>
      </trkpt>
      <trkpt lat="31.278112046420574188232421875" lon="121.47646282799541950225830078125">
        <ele>11</ele>
        <time>2026-09-22T09:27:37.000Z</time>
        <extensions>
          <ns3:TrackPointExtension>
            <ns3:hr>142</ns3:hr>
            <ns3:cad>93</ns3:cad>
          </ns3:TrackPointExtension>
        </extensions>
      </trkpt>
      <trkpt lat="31.2780776806175708770751953125" lon="121.47644572891294956207275390625">
        <ele>10.80000019073486328125</ele>
        <time>2026-09-22T09:27:38.000Z</time>
        <extensions>
          <ns3:TrackPointExtension>
            <ns3:hr>144</ns3:hr>
            <ns3:cad>93</ns3:cad>
          </ns3:TrackPointExtension>
        </extensions>
      </trkpt>
      <trkpt lat="31.2780426442623138427734375" lon="121.4764283783733844757080078125">
        <ele>10.6000003814697265625</ele>
        <time>2026-09-22T09:27:39.000Z</time>
        <extensions>
          <ns3:TrackPointExtension>
            <ns3:hr>145</ns3:hr>
            <ns3:cad>93</ns3:cad>
          </ns3:TrackPointExtension>
        </extensions>
      </trkpt>
      <trkpt lat="31.27800953574478626251220703125" lon="121.4764119498431682586669921875">
        <ele>10.3999996185302734375</ele>
        <time>2026-09-22T09:27:40.000Z</time>
        <extensions>
          <ns3:TrackPointExtension>
            <ns3:hr>146</ns3:hr>
            <ns3:cad>92</ns3:cad>
          </ns3:TrackPointExtension>
        </extensions>
      </trkpt>
      <trkpt lat="31.27797885797917842864990234375" lon="121.47639669477939605712890625">
        <ele>10.3999996185302734375</ele>
        <time>2026-09-22T09:27:41.000Z</time>
        <extensions>
          <ns3:TrackPointExtension>
            <ns3:hr>147</ns3:hr>
            <ns3:cad>92</ns3:cad>
          </ns3:TrackPointExtension>
        </extensions>
      </trkpt>
      <trkpt lat="31.27794717438519001007080078125" lon="121.47638102062046527862548828125">
        <ele>10.3999996185302734375</ele>
        <time>2026-09-22T09:27:42.000Z</time>
        <extensions>
          <ns3:TrackPointExtension>
            <ns3:hr>148</ns3:hr>
            <ns3:cad>92</ns3:cad>
          </ns3:TrackPointExtension>
        </extensions>
      </trkpt>
      <trkpt lat="31.277916245162487030029296875" lon="121.47636559791862964630126953125">
        <ele>10.3999996185302734375</ele>
        <time>2026-09-22T09:27:43.000Z</time>
        <extensions>
          <ns3:TrackPointExtension>
            <ns3:hr>148</ns3:hr>
            <ns3:cad>92</ns3:cad>
          </ns3:TrackPointExtension>
        </extensions>
      </trkpt>
      <trkpt lat="31.27788246609270572662353515625" lon="121.47634883411228656768798828125">
        <ele>10.3999996185302734375</ele>
        <time>2026-09-22T09:27:44.000Z</time>
        <extensions>
          <ns3:TrackPointExtension>
            <ns3:hr>149</ns3:hr>
            <ns3:cad>92</ns3:cad>
          </ns3:TrackPointExtension>
        </extensions>
      </trkpt>
      <trkpt lat="31.277850531041622161865234375" lon="121.4763329923152923583984375">
        <ele>10.3999996185302734375</ele>
        <time>2026-09-22T09:27:45.000Z</time>
        <extensions>
          <ns3:TrackPointExtension>
            <ns3:hr>151</ns3:hr>
            <ns3:cad>92</ns3:cad>
          </ns3:TrackPointExtension>
        </extensions>
      </trkpt>
      <trkpt lat="31.27781876362860202789306640625" lon="121.476317234337329864501953125">
        <ele>10.6000003814697265625</ele>
        <time>2026-09-22T09:27:46.000Z</time>
        <extensions>
          <ns3:TrackPointExtension>
            <ns3:hr>152</ns3:hr>
            <ns3:cad>92</ns3:cad>
          </ns3:TrackPointExtension>
        </extensions>
      </trkpt>
      <trkpt lat="31.27779244445264339447021484375" lon="121.47630415856838226318359375">
        <ele>10.6000003814697265625</ele>
        <time>2026-09-22T09:27:47.000Z</time>
        <extensions>
          <ns3:TrackPointExtension>
            <ns3:hr>154</ns3:hr>
            <ns3:cad>92</ns3:cad>
          </ns3:TrackPointExtension>
        </extensions>
      </trkpt>
      <trkpt lat="31.27776126377284526824951171875" lon="121.47628865204751491546630859375">
        <ele>10.3999996185302734375</ele>
        <time>2026-09-22T09:27:48.000Z</time>
        <extensions>
          <ns3:TrackPointExtension>
            <ns3:hr>155</ns3:hr>
            <ns3:cad>92</ns3:cad>
          </ns3:TrackPointExtension>
        </extensions>
      </trkpt>
      <trkpt lat="31.2777316756546497344970703125" lon="121.47627473808825016021728515625">
        <ele>10.3999996185302734375</ele>
        <time>2026-09-22T09:27:49.000Z</time>
        <extensions>
          <ns3:TrackPointExtension>
            <ns3:hr>156</ns3:hr>
            <ns3:cad>92</ns3:cad>
          </ns3:TrackPointExtension>
        </extensions>
      </trkpt>
      <trkpt lat="31.2776964716613292694091796875" lon="121.47626015357673168182373046875">
        <ele>10.3999996185302734375</ele>
        <time>2026-09-22T09:27:50.000Z</time>
        <extensions>
          <ns3:TrackPointExtension>
            <ns3:hr>157</ns3:hr>
            <ns3:cad>91</ns3:cad>
          </ns3:TrackPointExtension>
        </extensions>
      </trkpt>
      <trkpt lat="31.2776585854589939117431640625" lon="121.476248838007450103759765625">
        <ele>10.19999980926513671875</ele>
        <time>2026-09-22T09:27:51.000Z</time>
        <extensions>
          <ns3:TrackPointExtension>
            <ns3:hr>157</ns3:hr>
            <ns3:cad>91</ns3:cad>
          </ns3:TrackPointExtension>
        </extensions>
      </trkpt>
      <trkpt lat="31.2776240520179271697998046875" lon="121.47624246776103973388671875">
        <ele>10.19999980926513671875</ele>
        <time>2026-09-22T09:27:52.000Z</time>
        <extensions>
          <ns3:TrackPointExtension>
            <ns3:hr>159</ns3:hr>
            <ns3:cad>91</ns3:cad>
          </ns3:TrackPointExtension>
        </extensions>
      </trkpt>
      <trkpt lat="31.27758599817752838134765625" lon="121.4762386120855808258056640625">
        <ele>10</ele>
        <time>2026-09-22T09:27:53.000Z</time>
        <extensions>
          <ns3:TrackPointExtension>
            <ns3:hr>159</ns3:hr>
            <ns3:cad>91</ns3:cad>
          </ns3:TrackPointExtension>
        </extensions>
      </trkpt>
      <trkpt lat="31.27755356021225452423095703125" lon="121.47623802535235881805419921875">
        <ele>9.80000019073486328125</ele>
        <time>2026-09-22T09:27:54.000Z</time>
        <extensions>
          <ns3:TrackPointExtension>
            <ns3:hr>160</ns3:hr>
            <ns3:cad>91</ns3:cad>
          </ns3:TrackPointExtension>
        </extensions>
      </trkpt>
      <trkpt lat="31.2775167636573314666748046875" lon="121.476240456104278564453125">
        <ele>9.19999980926513671875</ele>
        <time>2026-09-22T09:27:55.000Z</time>
        <extensions>
          <ns3:TrackPointExtension>
            <ns3:hr>160</ns3:hr>
            <ns3:cad>92</ns3:cad>
          </ns3:TrackPointExtension>
        </extensions>
      </trkpt>
      <trkpt lat="31.277488768100738525390625" lon="121.4762456528842449188232421875">
        <ele>9</ele>
        <time>2026-09-22T09:27:56.000Z</time>
        <extensions>
          <ns3:TrackPointExtension>
            <ns3:hr>160</ns3:hr>
            <ns3:cad>92</ns3:cad>
          </ns3:TrackPointExtension>
        </extensions>
      </trkpt>
      <trkpt lat="31.27745633013546466827392578125" lon="121.476253531873226165771484375">
        <ele>8.3999996185302734375</ele>
        <time>2026-09-22T09:27:57.000Z</time>
        <extensions>
          <ns3:TrackPointExtension>
            <ns3:hr>161</ns3:hr>
            <ns3:cad>92</ns3:cad>
          </ns3:TrackPointExtension>
        </extensions>
      </trkpt>
      <trkpt lat="31.2774203717708587646484375" lon="121.476265601813793182373046875">
        <ele>8</ele>
        <time>2026-09-22T09:27:58.000Z</time>
        <extensions>
          <ns3:TrackPointExtension>
            <ns3:hr>161</ns3:hr>
            <ns3:cad>92</ns3:cad>
          </ns3:TrackPointExtension>
        </extensions>
      </trkpt>
      <trkpt lat="31.277388520538806915283203125" lon="121.4762795157730579376220703125">
        <ele>7.400000095367431640625</ele>
        <time>2026-09-22T09:27:59.000Z</time>
        <extensions>
          <ns3:TrackPointExtension>
            <ns3:hr>161</ns3:hr>
            <ns3:cad>92</ns3:cad>
          </ns3:TrackPointExtension>
        </extensions>
      </trkpt>
      <trkpt lat="31.27735977061092853546142578125" lon="121.4762956090271472930908203125">
        <ele>7.19999980926513671875</ele>
        <time>2026-09-22T09:28:00.000Z</time>
        <extensions>
          <ns3:TrackPointExtension>
            <ns3:hr>162</ns3:hr>
            <ns3:cad>93</ns3:cad>
          </ns3:TrackPointExtension>
        </extensions>
      </trkpt>
      <trkpt lat="31.27733177505433559417724609375" lon="121.47631354629993438720703125">
        <ele>7.400000095367431640625</ele>
        <time>2026-09-22T09:28:01.000Z</time>
        <extensions>
          <ns3:TrackPointExtension>
            <ns3:hr>162</ns3:hr>
            <ns3:cad>93</ns3:cad>
          </ns3:TrackPointExtension>
        </extensions>
      </trkpt>
      <trkpt lat="31.27730545587837696075439453125" lon="121.4763329923152923583984375">
        <ele>7.400000095367431640625</ele>
        <time>2026-09-22T09:28:02.000Z</time>
        <extensions>
          <ns3:TrackPointExtension>
            <ns3:hr>162</ns3:hr>
            <ns3:cad>93</ns3:cad>
          </ns3:TrackPointExtension>
        </extensions>
      </trkpt>
      <trkpt lat="31.27728031016886234283447265625" lon="121.4763556234538555145263671875">
        <ele>7.599999904632568359375</ele>
        <time>2026-09-22T09:28:03.000Z</time>
        <extensions>
          <ns3:TrackPointExtension>
            <ns3:hr>163</ns3:hr>
            <ns3:cad>93</ns3:cad>
          </ns3:TrackPointExtension>
        </extensions>
      </trkpt>
      <trkpt lat="31.27725063823163509368896484375" lon="121.47638638503849506378173828125">
        <ele>7.599999904632568359375</ele>
        <time>2026-09-22T09:28:04.000Z</time>
        <extensions>
          <ns3:TrackPointExtension>
            <ns3:hr>163</ns3:hr>
            <ns3:cad>93</ns3:cad>
          </ns3:TrackPointExtension>
        </extensions>
      </trkpt>
      <trkpt lat="31.27722926437854766845703125" lon="121.47641153074800968170166015625">
        <ele>7.80000019073486328125</ele>
        <time>2026-09-22T09:28:05.000Z</time>
        <extensions>
          <ns3:TrackPointExtension>
            <ns3:hr>163</ns3:hr>
            <ns3:cad>93</ns3:cad>
          </ns3:TrackPointExtension>
        </extensions>
      </trkpt>
      <trkpt lat="31.2772052921354770660400390625" lon="121.47644455544650554656982421875">
        <ele>7.80000019073486328125</ele>
        <time>2026-09-22T09:28:06.000Z</time>
        <extensions>
          <ns3:TrackPointExtension>
            <ns3:hr>163</ns3:hr>
            <ns3:cad>93</ns3:cad>
          </ns3:TrackPointExtension>
        </extensions>
      </trkpt>
      <trkpt lat="31.27718408592045307159423828125" lon="121.476480178534984588623046875">
        <ele>7.80000019073486328125</ele>
        <time>2026-09-22T09:28:07.000Z</time>
        <extensions>
          <ns3:TrackPointExtension>
            <ns3:hr>163</ns3:hr>
            <ns3:cad>93</ns3:cad>
          </ns3:TrackPointExtension>
        </extensions>
      </trkpt>
      <trkpt lat="31.27716480754315853118896484375" lon="121.47651873528957366943359375">
        <ele>7.80000019073486328125</ele>
        <time>2026-09-22T09:28:08.000Z</time>
        <extensions>
          <ns3:TrackPointExtension>
            <ns3:hr>164</ns3:hr>
            <ns3:cad>93</ns3:cad>
          </ns3:TrackPointExtension>
        </extensions>
      </trkpt>
      <trkpt lat="31.27715139649808406829833984375" lon="121.47655033506453037261962890625">
        <ele>7.80000019073486328125</ele>
        <time>2026-09-22T09:28:09.000Z</time>
        <extensions>
          <ns3:TrackPointExtension>
            <ns3:hr>164</ns3:hr>
            <ns3:cad>92</ns3:cad>
          </ns3:TrackPointExtension>
        </extensions>
      </trkpt>
      <trkpt lat="31.27713563852012157440185546875" lon="121.476596184074878692626953125">
        <ele>7.80000019073486328125</ele>
        <time>2026-09-22T09:28:10.000Z</time>
        <extensions>
          <ns3:TrackPointExtension>
            <ns3:hr>164</ns3:hr>
            <ns3:cad>92</ns3:cad>
          </ns3:TrackPointExtension>
        </extensions>
      </trkpt>
      <trkpt lat="31.277124322950839996337890625" lon="121.47663943469524383544921875">
        <ele>7.599999904632568359375</ele>
        <time>2026-09-22T09:28:11.000Z</time>
        <extensions>
          <ns3:TrackPointExtension>
            <ns3:hr>165</ns3:hr>
            <ns3:cad>92</ns3:cad>
          </ns3:TrackPointExtension>
        </extensions>
      </trkpt>
      <trkpt lat="31.27711602486670017242431640625" lon="121.47668763063848018646240234375">
        <ele>7.400000095367431640625</ele>
        <time>2026-09-22T09:28:12.000Z</time>
        <extensions>
          <ns3:TrackPointExtension>
            <ns3:hr>165</ns3:hr>
            <ns3:cad>92</ns3:cad>
          </ns3:TrackPointExtension>
        </extensions>
      </trkpt>
      <trkpt lat="31.27711200155317783355712890625" lon="121.47673171944916248321533203125">
        <ele>7</ele>
        <time>2026-09-22T09:28:13.000Z</time>
        <extensions>
          <ns3:TrackPointExtension>
            <ns3:hr>165</ns3:hr>
            <ns3:cad>92</ns3:cad>
          </ns3:TrackPointExtension>
        </extensions>
      </trkpt>
      <trkpt lat="31.27711099572479724884033203125" lon="121.4767757244408130645751953125">
        <ele>6.599999904632568359375</ele>
        <time>2026-09-22T09:28:14.000Z</time>
        <extensions>
          <ns3:TrackPointExtension>
            <ns3:hr>165</ns3:hr>
            <ns3:cad>92</ns3:cad>
          </ns3:TrackPointExtension>
        </extensions>
      </trkpt>
      <trkpt lat="31.27711183391511440277099609375" lon="121.4768065698444843292236328125">
        <ele>6.400000095367431640625</ele>
        <time>2026-09-22T09:28:15.000Z</time>
        <extensions>
          <ns3:TrackPointExtension>
            <ns3:hr>165</ns3:hr>
            <ns3:cad>92</ns3:cad>
          </ns3:TrackPointExtension>
        </extensions>
      </trkpt>
      <trkpt lat="31.27711527049541473388671875" lon="121.47684453986585140228271484375">
        <ele>6.19999980926513671875</ele>
        <time>2026-09-22T09:28:16.000Z</time>
        <extensions>
          <ns3:TrackPointExtension>
            <ns3:hr>165</ns3:hr>
            <ns3:cad>92</ns3:cad>
          </ns3:TrackPointExtension>
        </extensions>
      </trkpt>
      <trkpt lat="31.2771208025515079498291015625" lon="121.4768796600401401519775390625">
        <ele>6</ele>
        <time>2026-09-22T09:28:17.000Z</time>
        <extensions>
          <ns3:TrackPointExtension>
            <ns3:hr>165</ns3:hr>
            <ns3:cad>92</ns3:cad>
          </ns3:TrackPointExtension>
        </extensions>
      </trkpt>
      <trkpt lat="31.2771281786262989044189453125" lon="121.47691545076668262481689453125">
        <ele>6.19999980926513671875</ele>
        <time>2026-09-22T09:28:18.000Z</time>
        <extensions>
          <ns3:TrackPointExtension>
            <ns3:hr>165</ns3:hr>
            <ns3:cad>92</ns3:cad>
          </ns3:TrackPointExtension>
        </extensions>
      </trkpt>
      <trkpt lat="31.2771382369101047515869140625" lon="121.47695249877870082855224609375">
        <ele>6.400000095367431640625</ele>
        <time>2026-09-22T09:28:19.000Z</time>
        <extensions>
          <ns3:TrackPointExtension>
            <ns3:hr>166</ns3:hr>
            <ns3:cad>92</ns3:cad>
          </ns3:TrackPointExtension>
        </extensions>
      </trkpt>
      <trkpt lat="31.2771509774029254913330078125" lon="121.476987786591053009033203125">
        <ele>6.599999904632568359375</ele>
        <time>2026-09-22T09:28:20.000Z</time>
        <extensions>
          <ns3:TrackPointExtension>
            <ns3:hr>166</ns3:hr>
            <ns3:cad>92</ns3:cad>
          </ns3:TrackPointExtension>
        </extensions>
      </trkpt>
      <trkpt lat="31.27716531045734882354736328125" lon="121.47702206857502460479736328125">
        <ele>6.80000019073486328125</ele>
        <time>2026-09-22T09:28:21.000Z</time>
        <extensions>
          <ns3:TrackPointExtension>
            <ns3:hr>167</ns3:hr>
            <ns3:cad>92</ns3:cad>
          </ns3:TrackPointExtension>
        </extensions>
      </trkpt>
      <trkpt lat="31.2771824933588504791259765625" lon="121.47705693729221820831298828125">
        <ele>7</ele>
        <time>2026-09-22T09:28:22.000Z</time>
        <extensions>
          <ns3:TrackPointExtension>
            <ns3:hr>167</ns3:hr>
            <ns3:cad>92</ns3:cad>
          </ns3:TrackPointExtension>
        </extensions>
      </trkpt>
      <trkpt lat="31.27720202319324016571044921875" lon="121.47708945907652378082275390625">
        <ele>7.19999980926513671875</ele>
        <time>2026-09-22T09:28:23.000Z</time>
        <extensions>
          <ns3:TrackPointExtension>
            <ns3:hr>167</ns3:hr>
            <ns3:cad>92</ns3:cad>
          </ns3:TrackPointExtension>
        </extensions>
      </trkpt>
      <trkpt lat="31.2772220559418201446533203125" lon="121.47711795754730701446533203125">
        <ele>7.400000095367431640625</ele>
        <time>2026-09-22T09:28:24.000Z</time>
        <extensions>
          <ns3:TrackPointExtension>
            <ns3:hr>167</ns3:hr>
            <ns3:cad>92</ns3:cad>
          </ns3:TrackPointExtension>
        </extensions>
      </trkpt>
      <trkpt lat="31.27724544145166873931884765625" lon="121.47714746184647083282470703125">
        <ele>7.400000095367431640625</ele>
        <time>2026-09-22T09:28:25.000Z</time>
        <extensions>
          <ns3:TrackPointExtension>
            <ns3:hr>167</ns3:hr>
            <ns3:cad>92</ns3:cad>
          </ns3:TrackPointExtension>
        </extensions>
      </trkpt>
      <trkpt lat="31.2772689945995807647705078125" lon="121.477173529565334320068359375">
        <ele>7.599999904632568359375</ele>
        <time>2026-09-22T09:28:26.000Z</time>
        <extensions>
          <ns3:TrackPointExtension>
            <ns3:hr>167</ns3:hr>
            <ns3:cad>92</ns3:cad>
          </ns3:TrackPointExtension>
        </extensions>
      </trkpt>
      <trkpt lat="31.27729690633714199066162109375" lon="121.47719892673194408416748046875">
        <ele>7.80000019073486328125</ele>
        <time>2026-09-22T09:28:27.000Z</time>
        <extensions>
          <ns3:TrackPointExtension>
            <ns3:hr>168</ns3:hr>
            <ns3:cad>92</ns3:cad>
          </ns3:TrackPointExtension>
        </extensions>
      </trkpt>
      <trkpt lat="31.27732825465500354766845703125" lon="121.4772233180701732635498046875">
        <ele>8</ele>
        <time>2026-09-22T09:28:28.000Z</time>
        <extensions>
          <ns3:TrackPointExtension>
            <ns3:hr>169</ns3:hr>
            <ns3:cad>92</ns3:cad>
          </ns3:TrackPointExtension>
        </extensions>
      </trkpt>
      <trkpt lat="31.27735708840191364288330078125" lon="121.47724251262843608856201171875">
        <ele>8</ele>
        <time>2026-09-22T09:28:29.000Z</time>
        <extensions>
          <ns3:TrackPointExtension>
            <ns3:hr>169</ns3:hr>
            <ns3:cad>92</ns3:cad>
          </ns3:TrackPointExtension>
        </extensions>
      </trkpt>
      <trkpt lat="31.2773917056620121002197265625" lon="121.47726179100573062896728515625">
        <ele>8.19999980926513671875</ele>
        <time>2026-09-22T09:28:30.000Z</time>
        <extensions>
          <ns3:TrackPointExtension>
            <ns3:hr>169</ns3:hr>
            <ns3:cad>93</ns3:cad>
          </ns3:TrackPointExtension>
        </extensions>
      </trkpt>
      <trkpt lat="31.27742297016084194183349609375" lon="121.47727738134562969207763671875">
        <ele>8</ele>
        <time>2026-09-22T09:28:31.000Z</time>
        <extensions>
          <ns3:TrackPointExtension>
            <ns3:hr>170</ns3:hr>
            <ns3:cad>93</ns3:cad>
          </ns3:TrackPointExtension>
        </extensions>
      </trkpt>
      <trkpt lat="31.27745700068771839141845703125" lon="121.477294228971004486083984375">
        <ele>8</ele>
        <time>2026-09-22T09:28:32.000Z</time>
        <extensions>
          <ns3:TrackPointExtension>
            <ns3:hr>170</ns3:hr>
            <ns3:cad>93</ns3:cad>
          </ns3:TrackPointExtension>
        </extensions>
      </trkpt>
      <trkpt lat="31.277489103376865386962890625" lon="121.4773101545870304107666015625">
        <ele>8</ele>
        <time>2026-09-22T09:28:33.000Z</time>
        <extensions>
          <ns3:TrackPointExtension>
            <ns3:hr>171</ns3:hr>
            <ns3:cad>92</ns3:cad>
          </ns3:TrackPointExtension>
        </extensions>
      </trkpt>
      <trkpt lat="31.27751902677118778228759765625" lon="121.477325074374675750732421875">
        <ele>8</ele>
        <time>2026-09-22T09:28:34.000Z</time>
        <extensions>
          <ns3:TrackPointExtension>
            <ns3:hr>171</ns3:hr>
            <ns3:cad>92</ns3:cad>
          </ns3:TrackPointExtension>
        </extensions>
      </trkpt>
      <trkpt lat="31.27755003981292247772216796875" lon="121.477340497076511383056640625">
        <ele>7.80000019073486328125</ele>
        <time>2026-09-22T09:28:35.000Z</time>
        <extensions>
          <ns3:TrackPointExtension>
            <ns3:hr>171</ns3:hr>
            <ns3:cad>92</ns3:cad>
          </ns3:TrackPointExtension>
        </extensions>
      </trkpt>
      <trkpt lat="31.27758088521659374237060546875" lon="121.4773557521402835845947265625">
        <ele>7.80000019073486328125</ele>
        <time>2026-09-22T09:28:36.000Z</time>
        <extensions>
          <ns3:TrackPointExtension>
            <ns3:hr>171</ns3:hr>
            <ns3:cad>92</ns3:cad>
          </ns3:TrackPointExtension>
        </extensions>
      </trkpt>
      <trkpt lat="31.27761005423963069915771484375" lon="121.47737025283277034759521484375">
        <ele>7.80000019073486328125</ele>
        <time>2026-09-22T09:28:37.000Z</time>
        <extensions>
          <ns3:TrackPointExtension>
            <ns3:hr>170</ns3:hr>
            <ns3:cad>92</ns3:cad>
          </ns3:TrackPointExtension>
        </extensions>
      </trkpt>
      <trkpt lat="31.27763922326266765594482421875" lon="121.47738466970622539520263671875">
        <ele>8</ele>
        <time>2026-09-22T09:28:38.000Z</time>
        <extensions>
          <ns3:TrackPointExtension>
            <ns3:hr>170</ns3:hr>
            <ns3:cad>92</ns3:cad>
          </ns3:TrackPointExtension>
        </extensions>
      </trkpt>
      <trkpt lat="31.27766638062894344329833984375" lon="121.477398164570331573486328125">
        <ele>8.19999980926513671875</ele>
        <time>2026-09-22T09:28:39.000Z</time>
        <extensions>
          <ns3:TrackPointExtension>
            <ns3:hr>171</ns3:hr>
            <ns3:cad>92</ns3:cad>
          </ns3:TrackPointExtension>
        </extensions>
      </trkpt>
      <trkpt lat="31.27769471146166324615478515625" lon="121.477412246167659759521484375">
        <ele>8</ele>
        <time>2026-09-22T09:28:40.000Z</time>
        <extensions>
          <ns3:TrackPointExtension>
            <ns3:hr>171</ns3:hr>
            <ns3:cad>92</ns3:cad>
          </ns3:TrackPointExtension>
        </extensions>
      </trkpt>
      <trkpt lat="31.277719438076019287109375" lon="121.47742456756532192230224609375">
        <ele>8</ele>
        <time>2026-09-22T09:28:41.000Z</time>
        <extensions>
          <ns3:TrackPointExtension>
            <ns3:hr>171</ns3:hr>
            <ns3:cad>91</ns3:cad>
          </ns3:TrackPointExtension>
        </extensions>
      </trkpt>
      <trkpt lat="31.27774952910840511322021484375" lon="121.47743948735296726226806640625">
        <ele>8</ele>
        <time>2026-09-22T09:28:42.000Z</time>
        <extensions>
          <ns3:TrackPointExtension>
            <ns3:hr>171</ns3:hr>
            <ns3:cad>91</ns3:cad>
          </ns3:TrackPointExtension>
        </extensions>
      </trkpt>
      <trkpt lat="31.27777853049337863922119140625" lon="121.47745390422642230987548828125">
        <ele>8</ele>
        <time>2026-09-22T09:28:43.000Z</time>
        <extensions>
          <ns3:TrackPointExtension>
            <ns3:hr>171</ns3:hr>
            <ns3:cad>91</ns3:cad>
          </ns3:TrackPointExtension>
        </extensions>
      </trkpt>
      <trkpt lat="31.2778079509735107421875" lon="121.47746848873794078826904296875">
        <ele>8</ele>
        <time>2026-09-22T09:28:44.000Z</time>
        <extensions>
          <ns3:TrackPointExtension>
            <ns3:hr>171</ns3:hr>
            <ns3:cad>91</ns3:cad>
          </ns3:TrackPointExtension>
        </extensions>
      </trkpt>
      <trkpt lat="31.2778386287391185760498046875" lon="121.4774836599826812744140625">
        <ele>8</ele>
        <time>2026-09-22T09:28:45.000Z</time>
        <extensions>
          <ns3:TrackPointExtension>
            <ns3:hr>172</ns3:hr>
            <ns3:cad>91</ns3:cad>
          </ns3:TrackPointExtension>
        </extensions>
      </trkpt>
      <trkpt lat="31.27786670811474323272705078125" lon="121.47749665193259716033935546875">
        <ele>8</ele>
        <time>2026-09-22T09:28:46.000Z</time>
        <extensions>
          <ns3:TrackPointExtension>
            <ns3:hr>172</ns3:hr>
            <ns3:cad>91</ns3:cad>
          </ns3:TrackPointExtension>
        </extensions>
      </trkpt>
      <trkpt lat="31.27789889462292194366455078125" lon="121.47751006297767162322998046875">
        <ele>8</ele>
        <time>2026-09-22T09:28:47.000Z</time>
        <extensions>
          <ns3:TrackPointExtension>
            <ns3:hr>172</ns3:hr>
            <ns3:cad>91</ns3:cad>
          </ns3:TrackPointExtension>
        </extensions>
      </trkpt>
      <trkpt lat="31.27793141640722751617431640625" lon="121.4775197021663188934326171875">
        <ele>8</ele>
        <time>2026-09-22T09:28:48.000Z</time>
        <extensions>
          <ns3:TrackPointExtension>
            <ns3:hr>172</ns3:hr>
            <ns3:cad>91</ns3:cad>
          </ns3:TrackPointExtension>
        </extensions>
      </trkpt>
      <trkpt lat="31.27796712331473827362060546875" lon="121.4775270782411098480224609375">
        <ele>8.19999980926513671875</ele>
        <time>2026-09-22T09:28:49.000Z</time>
        <extensions>
          <ns3:TrackPointExtension>
            <ns3:hr>172</ns3:hr>
            <ns3:cad>91</ns3:cad>
          </ns3:TrackPointExtension>
        </extensions>
      </trkpt>
      <trkpt lat="31.2779970467090606689453125" lon="121.47753101773560047149658203125">
        <ele>8.3999996185302734375</ele>
        <time>2026-09-22T09:28:50.000Z</time>
        <extensions>
          <ns3:TrackPointExtension>
            <ns3:hr>172</ns3:hr>
            <ns3:cad>91</ns3:cad>
          </ns3:TrackPointExtension>
        </extensions>
      </trkpt>
      <trkpt lat="31.27803266979753971099853515625" lon="121.47753286175429821014404296875">
        <ele>8.6000003814697265625</ele>
        <time>2026-09-22T09:28:51.000Z</time>
        <extensions>
          <ns3:TrackPointExtension>
            <ns3:hr>172</ns3:hr>
            <ns3:cad>91</ns3:cad>
          </ns3:TrackPointExtension>
        </extensions>
      </trkpt>
      <trkpt lat="31.27806535921990871429443359375" lon="121.4775307662785053253173828125">
        <ele>8.80000019073486328125</ele>
        <time>2026-09-22T09:28:52.000Z</time>
        <extensions>
          <ns3:TrackPointExtension>
            <ns3:hr>172</ns3:hr>
            <ns3:cad>91</ns3:cad>
          </ns3:TrackPointExtension>
        </extensions>
      </trkpt>
      <trkpt lat="31.27809486351907253265380859375" lon="121.477526910603046417236328125">
        <ele>9</ele>
        <time>2026-09-22T09:28:53.000Z</time>
        <extensions>
          <ns3:TrackPointExtension>
            <ns3:hr>172</ns3:hr>
            <ns3:cad>91</ns3:cad>
          </ns3:TrackPointExtension>
        </extensions>
      </trkpt>
      <trkpt lat="31.27811363898217678070068359375" lon="121.4775233902037143707275390625">
        <ele>9</ele>
        <time>2026-09-22T09:28:54.000Z</time>
        <extensions>
          <ns3:TrackPointExtension>
            <ns3:hr>172</ns3:hr>
            <ns3:cad>91</ns3:cad>
          </ns3:TrackPointExtension>
        </extensions>
      </trkpt>
      <trkpt lat="31.2781212665140628814697265625" lon="121.4775220490992069244384765625">
        <ele>9</ele>
        <time>2026-09-22T09:28:55.000Z</time>
        <extensions>
          <ns3:TrackPointExtension>
            <ns3:hr>172</ns3:hr>
            <ns3:cad>91</ns3:cad>
          </ns3:TrackPointExtension>
        </extensions>
      </trkpt>
      <trkpt lat="31.27811950631439685821533203125" lon="121.47752230055630207061767578125">
        <ele>9</ele>
        <time>2026-09-22T09:28:56.000Z</time>
        <extensions>
          <ns3:TrackPointExtension>
            <ns3:hr>172</ns3:hr>
            <ns3:cad>91</ns3:cad>
          </ns3:TrackPointExtension>
        </extensions>
      </trkpt>
      <trkpt lat="31.27812135033309459686279296875" lon="121.47752196528017520904541015625">
        <ele>9</ele>
        <time>2026-09-22T09:28:57.000Z</time>
        <extensions>
          <ns3:TrackPointExtension>
            <ns3:hr>172</ns3:hr>
            <ns3:cad>91</ns3:cad>
          </ns3:TrackPointExtension>
        </extensions>
      </trkpt>
      <trkpt lat="31.27812721766531467437744140625" lon="121.47752045653760433197021484375">
        <ele>9</ele>
        <time>2026-09-22T09:28:58.000Z</time>
        <extensions>
          <ns3:TrackPointExtension>
            <ns3:hr>172</ns3:hr>
            <ns3:cad>91</ns3:cad>
          </ns3:TrackPointExtension>
        </extensions>
      </trkpt>
      <trkpt lat="31.278134845197200775146484375" lon="121.47751810960471630096435546875">
        <ele>9</ele>
        <time>2026-09-22T09:28:59.000Z</time>
        <extensions>
          <ns3:TrackPointExtension>
            <ns3:hr>172</ns3:hr>
            <ns3:cad>0</ns3:cad>
          </ns3:TrackPointExtension>
        </extensions>
      </trkpt>
      <trkpt lat="31.2781393714249134063720703125" lon="121.47751676850020885467529296875">
        <ele>9</ele>
        <time>2026-09-22T09:29:00.000Z</time>
        <extensions>
          <ns3:TrackPointExtension>
            <ns3:hr>172</ns3:hr>
            <ns3:cad>0</ns3:cad>
          </ns3:TrackPointExtension>
        </extensions>
      </trkpt>
      <trkpt lat="31.27815186046063899993896484375" lon="121.47751291282474994659423828125">
        <ele>9</ele>
        <time>2026-09-22T09:29:01.000Z</time>
        <extensions>
          <ns3:TrackPointExtension>
            <ns3:hr>173</ns3:hr>
            <ns3:cad>0</ns3:cad>
          </ns3:TrackPointExtension>
        </extensions>
      </trkpt>
      <trkpt lat="31.2781537882983684539794921875" lon="121.4775123260915279388427734375">
        <ele>9</ele>
        <time>2026-09-22T09:29:02.000Z</time>
        <extensions>
          <ns3:TrackPointExtension>
            <ns3:hr>172</ns3:hr>
            <ns3:cad>0</ns3:cad>
          </ns3:TrackPointExtension>
        </extensions>
      </trkpt>
      <trkpt lat="31.27815596759319305419921875" lon="121.4775116555392742156982421875">
        <ele>9</ele>
        <time>2026-09-22T09:29:03.000Z</time>
        <extensions>
          <ns3:TrackPointExtension>
            <ns3:hr>171</ns3:hr>
            <ns3:cad>0</ns3:cad>
          </ns3:TrackPointExtension>
        </extensions>
      </trkpt>
      <trkpt lat="31.27815999090671539306640625" lon="121.47751039825379848480224609375">
        <ele>9.19999980926513671875</ele>
        <time>2026-09-22T09:29:04.000Z</time>
        <extensions>
          <ns3:TrackPointExtension>
            <ns3:hr>171</ns3:hr>
            <ns3:cad>0</ns3:cad>
          </ns3:TrackPointExtension>
        </extensions>
      </trkpt>
      <trkpt lat="31.27816778607666492462158203125" lon="121.4775079675018787384033203125">
        <ele>9.19999980926513671875</ele>
        <time>2026-09-22T09:29:05.000Z</time>
        <extensions>
          <ns3:TrackPointExtension>
            <ns3:hr>170</ns3:hr>
            <ns3:cad>0</ns3:cad>
          </ns3:TrackPointExtension>
        </extensions>
      </trkpt>
      <trkpt lat="31.278179101645946502685546875" lon="121.47750302217900753021240234375">
        <ele>9.19999980926513671875</ele>
        <time>2026-09-22T09:29:06.000Z</time>
        <extensions>
          <ns3:TrackPointExtension>
            <ns3:hr>169</ns3:hr>
            <ns3:cad>0</ns3:cad>
          </ns3:TrackPointExtension>
        </extensions>
      </trkpt>
      <trkpt lat="31.2781869806349277496337890625" lon="121.4774995855987071990966796875">
        <ele>9.19999980926513671875</ele>
        <time>2026-09-22T09:29:07.000Z</time>
        <extensions>
          <ns3:TrackPointExtension>
            <ns3:hr>169</ns3:hr>
            <ns3:cad>0</ns3:cad>
          </ns3:TrackPointExtension>
        </extensions>
      </trkpt>
      <trkpt lat="31.278191842138767242431640625" lon="121.47749749012291431427001953125">
        <ele>9.19999980926513671875</ele>
        <time>2026-09-22T09:29:08.000Z</time>
        <extensions>
          <ns3:TrackPointExtension>
            <ns3:hr>169</ns3:hr>
            <ns3:cad>0</ns3:cad>
          </ns3:TrackPointExtension>
        </extensions>
      </trkpt>
      <trkpt lat="31.27819511108100414276123046875" lon="121.477496065199375152587890625">
        <ele>9.19999980926513671875</ele>
        <time>2026-09-22T09:29:09.000Z</time>
        <extensions>
          <ns3:TrackPointExtension>
            <ns3:hr>168</ns3:hr>
            <ns3:cad>0</ns3:cad>
          </ns3:TrackPointExtension>
        </extensions>
      </trkpt>
      <trkpt lat="31.2782034091651439666748046875" lon="121.47749237716197967529296875">
        <ele>9.19999980926513671875</ele>
        <time>2026-09-22T09:29:10.000Z</time>
        <extensions>
          <ns3:TrackPointExtension>
            <ns3:hr>168</ns3:hr>
            <ns3:cad>0</ns3:cad>
          </ns3:TrackPointExtension>
        </extensions>
      </trkpt>
      <trkpt lat="31.27820818684995174407958984375" lon="121.47749028168618679046630859375">
        <ele>9.19999980926513671875</ele>
        <time>2026-09-22T09:29:11.000Z</time>
        <extensions>
          <ns3:TrackPointExtension>
            <ns3:hr>168</ns3:hr>
            <ns3:cad>0</ns3:cad>
          </ns3:TrackPointExtension>
        </extensions>
      </trkpt>
      <trkpt lat="31.27821757458150386810302734375" lon="121.477485336363315582275390625">
        <ele>9.19999980926513671875</ele>
        <time>2026-09-22T09:29:12.000Z</time>
        <extensions>
          <ns3:TrackPointExtension>
            <ns3:hr>168</ns3:hr>
            <ns3:cad>0</ns3:cad>
          </ns3:TrackPointExtension>
        </extensions>
      </trkpt>
      <trkpt lat="31.2782241962850093841552734375" lon="121.4774814806878566741943359375">
        <ele>9.19999980926513671875</ele>
        <time>2026-09-22T09:29:13.000Z</time>
        <extensions>
          <ns3:TrackPointExtension>
            <ns3:hr>168</ns3:hr>
            <ns3:cad>0</ns3:cad>
          </ns3:TrackPointExtension>
        </extensions>
      </trkpt>
      <trkpt lat="31.278229393064975738525390625" lon="121.4774784632027149200439453125">
        <ele>9.19999980926513671875</ele>
        <time>2026-09-22T09:29:14.000Z</time>
        <extensions>
          <ns3:TrackPointExtension>
            <ns3:hr>168</ns3:hr>
            <ns3:cad>0</ns3:cad>
          </ns3:TrackPointExtension>
        </extensions>
      </trkpt>
      <trkpt lat="31.2782330811023712158203125" lon="121.47747636772692203521728515625">
        <ele>9.3999996185302734375</ele>
        <time>2026-09-22T09:29:15.000Z</time>
        <extensions>
          <ns3:TrackPointExtension>
            <ns3:hr>168</ns3:hr>
            <ns3:cad>0</ns3:cad>
          </ns3:TrackPointExtension>
        </extensions>
      </trkpt>
      <trkpt lat="31.278238110244274139404296875" lon="121.4774734340608119964599609375">
        <ele>9.3999996185302734375</ele>
        <time>2026-09-22T09:29:16.000Z</time>
        <extensions>
          <ns3:TrackPointExtension>
            <ns3:hr>169</ns3:hr>
            <ns3:cad>0</ns3:cad>
          </ns3:TrackPointExtension>
        </extensions>
      </trkpt>
      <trkpt lat="31.278247497975826263427734375" lon="121.47746798582375049591064453125">
        <ele>9.3999996185302734375</ele>
        <time>2026-09-22T09:29:17.000Z</time>
        <extensions>
          <ns3:TrackPointExtension>
            <ns3:hr>169</ns3:hr>
            <ns3:cad>48</ns3:cad>
          </ns3:TrackPointExtension>
        </extensions>
      </trkpt>
      <trkpt lat="31.278251521289348602294921875" lon="121.47746563889086246490478515625">
        <ele>9.3999996185302734375</ele>
        <time>2026-09-22T09:29:18.000Z</time>
        <extensions>
          <ns3:TrackPointExtension>
            <ns3:hr>169</ns3:hr>
            <ns3:cad>47</ns3:cad>
          </ns3:TrackPointExtension>
        </extensions>
      </trkpt>
      <trkpt lat="31.27825562842190265655517578125" lon="121.47746278904378414154052734375">
        <ele>9.3999996185302734375</ele>
        <time>2026-09-22T09:29:19.000Z</time>
        <extensions>
          <ns3:TrackPointExtension>
            <ns3:hr>169</ns3:hr>
            <ns3:cad>47</ns3:cad>
          </ns3:TrackPointExtension>
        </extensions>
      </trkpt>
      <trkpt lat="31.27826325595378875732421875" lon="121.477457173168659210205078125">
        <ele>9.6000003814697265625</ele>
        <time>2026-09-22T09:29:20.000Z</time>
        <extensions>
          <ns3:TrackPointExtension>
            <ns3:hr>169</ns3:hr>
            <ns3:cad>0</ns3:cad>
          </ns3:TrackPointExtension>
        </extensions>
      </trkpt>
      <trkpt lat="31.27826853655278682708740234375" lon="121.4774533174932003021240234375">
        <ele>9.6000003814697265625</ele>
        <time>2026-09-22T09:29:21.000Z</time>
        <extensions>
          <ns3:TrackPointExtension>
            <ns3:hr>168</ns3:hr>
            <ns3:cad>0</ns3:cad>
          </ns3:TrackPointExtension>
        </extensions>
      </trkpt>
      <trkpt lat="31.2782731465995311737060546875" lon="121.47744988091289997100830078125">
        <ele>9.80000019073486328125</ele>
        <time>2026-09-22T09:29:22.000Z</time>
        <extensions>
          <ns3:TrackPointExtension>
            <ns3:hr>168</ns3:hr>
            <ns3:cad>0</ns3:cad>
          </ns3:TrackPointExtension>
        </extensions>
      </trkpt>
      <trkpt lat="31.27827960066497325897216796875" lon="121.47744518704712390899658203125">
        <ele>9.80000019073486328125</ele>
        <time>2026-09-22T09:29:23.000Z</time>
        <extensions>
          <ns3:TrackPointExtension>
            <ns3:hr>168</ns3:hr>
            <ns3:cad>0</ns3:cad>
          </ns3:TrackPointExtension>
        </extensions>
      </trkpt>
      <trkpt lat="31.27828513272106647491455078125" lon="121.477441079914569854736328125">
        <ele>10</ele>
        <time>2026-09-22T09:29:24.000Z</time>
        <extensions>
          <ns3:TrackPointExtension>
            <ns3:hr>168</ns3:hr>
            <ns3:cad>0</ns3:cad>
          </ns3:TrackPointExtension>
        </extensions>
      </trkpt>
      <trkpt lat="31.27829770557582378387451171875" lon="121.47743077017366886138916015625">
        <ele>10.19999980926513671875</ele>
        <time>2026-09-22T09:29:25.000Z</time>
        <extensions>
          <ns3:TrackPointExtension>
            <ns3:hr>167</ns3:hr>
            <ns3:cad>0</ns3:cad>
          </ns3:TrackPointExtension>
        </extensions>
      </trkpt>
      <trkpt lat="31.2783036567270755767822265625" lon="121.47742532193660736083984375">
        <ele>10.19999980926513671875</ele>
        <time>2026-09-22T09:29:26.000Z</time>
        <extensions>
          <ns3:TrackPointExtension>
            <ns3:hr>167</ns3:hr>
            <ns3:cad>0</ns3:cad>
          </ns3:TrackPointExtension>
        </extensions>
      </trkpt>
      <trkpt lat="31.2783073447644710540771484375" lon="121.4774219691753387451171875">
        <ele>10.3999996185302734375</ele>
        <time>2026-09-22T09:29:27.000Z</time>
        <extensions>
          <ns3:TrackPointExtension>
            <ns3:hr>167</ns3:hr>
            <ns3:cad>45</ns3:cad>
          </ns3:TrackPointExtension>
        </extensions>
      </trkpt>
      <trkpt lat="31.27831396646797657012939453125" lon="121.47741593420505523681640625">
        <ele>10.3999996185302734375</ele>
        <time>2026-09-22T09:29:28.000Z</time>
        <extensions>
          <ns3:TrackPointExtension>
            <ns3:hr>166</ns3:hr>
            <ns3:cad>46</ns3:cad>
          </ns3:TrackPointExtension>
        </extensions>
      </trkpt>
      <trkpt lat="31.2783220969140529632568359375" lon="121.4774085581302642822265625">
        <ele>10.6000003814697265625</ele>
        <time>2026-09-22T09:29:29.000Z</time>
        <extensions>
          <ns3:TrackPointExtension>
            <ns3:hr>165</ns3:hr>
            <ns3:cad>46</ns3:cad>
          </ns3:TrackPointExtension>
        </extensions>
      </trkpt>
      <trkpt lat="31.2783298082649707794189453125" lon="121.47740109823644161224365234375">
        <ele>10.6000003814697265625</ele>
        <time>2026-09-22T09:29:30.000Z</time>
        <extensions>
          <ns3:TrackPointExtension>
            <ns3:hr>164</ns3:hr>
            <ns3:cad>46</ns3:cad>
          </ns3:TrackPointExtension>
        </extensions>
      </trkpt>
      <trkpt lat="31.2783358432352542877197265625" lon="121.4773943088948726654052734375">
        <ele>10.80000019073486328125</ele>
        <time>2026-09-22T09:29:31.000Z</time>
        <extensions>
          <ns3:TrackPointExtension>
            <ns3:hr>163</ns3:hr>
            <ns3:cad>45</ns3:cad>
          </ns3:TrackPointExtension>
        </extensions>
      </trkpt>
      <trkpt lat="31.2783415429294109344482421875" lon="121.4773879386484622955322265625">
        <ele>10.80000019073486328125</ele>
        <time>2026-09-22T09:29:32.000Z</time>
        <extensions>
          <ns3:TrackPointExtension>
            <ns3:hr>162</ns3:hr>
            <ns3:cad>45</ns3:cad>
          </ns3:TrackPointExtension>
        </extensions>
      </trkpt>
      <trkpt lat="31.2783479131758213043212890625" lon="121.477380730211734771728515625">
        <ele>11</ele>
        <time>2026-09-22T09:29:33.000Z</time>
        <extensions>
          <ns3:TrackPointExtension>
            <ns3:hr>160</ns3:hr>
            <ns3:cad>45</ns3:cad>
          </ns3:TrackPointExtension>
        </extensions>
      </trkpt>
      <trkpt lat="31.27835034392774105072021484375" lon="121.477378048002719879150390625">
        <ele>11</ele>
        <time>2026-09-22T09:29:34.000Z</time>
        <extensions>
          <ns3:TrackPointExtension>
            <ns3:hr>160</ns3:hr>
            <ns3:cad>0</ns3:cad>
          </ns3:TrackPointExtension>
        </extensions>
      </trkpt>
      <trkpt lat="31.2783546186983585357666015625" lon="121.47737327031791210174560546875">
        <ele>11</ele>
        <time>2026-09-22T09:29:35.000Z</time>
        <extensions>
          <ns3:TrackPointExtension>
            <ns3:hr>160</ns3:hr>
            <ns3:cad>0</ns3:cad>
          </ns3:TrackPointExtension>
        </extensions>
      </trkpt>
      <trkpt lat="31.27835822291672229766845703125" lon="121.47736924700438976287841796875">
        <ele>11</ele>
        <time>2026-09-22T09:29:36.000Z</time>
        <extensions>
          <ns3:TrackPointExtension>
            <ns3:hr>159</ns3:hr>
            <ns3:cad>0</ns3:cad>
          </ns3:TrackPointExtension>
        </extensions>
      </trkpt>
      <trkpt lat="31.27836006693542003631591796875" lon="121.47736723534762859344482421875">
        <ele>11.19999980926513671875</ele>
        <time>2026-09-22T09:29:37.000Z</time>
        <extensions>
          <ns3:TrackPointExtension>
            <ns3:hr>158</ns3:hr>
            <ns3:cad>0</ns3:cad>
          </ns3:TrackPointExtension>
        </extensions>
      </trkpt>
      <trkpt lat="31.27835872583091259002685546875" lon="121.477368660271167755126953125">
        <ele>11</ele>
        <time>2026-09-22T09:29:38.000Z</time>
        <extensions>
          <ns3:TrackPointExtension>
            <ns3:hr>157</ns3:hr>
            <ns3:cad>0</ns3:cad>
          </ns3:TrackPointExtension>
        </extensions>
      </trkpt>
      <trkpt lat="31.27835067920386791229248046875" lon="121.477377712726593017578125">
        <ele>11</ele>
        <time>2026-09-22T09:29:39.000Z</time>
        <extensions>
          <ns3:TrackPointExtension>
            <ns3:hr>157</ns3:hr>
            <ns3:cad>0</ns3:cad>
          </ns3:TrackPointExtension>
        </extensions>
      </trkpt>
      <trkpt lat="31.2783415429294109344482421875" lon="121.4773879386484622955322265625">
        <ele>10.80000019073486328125</ele>
        <time>2026-09-22T09:29:40.000Z</time>
        <extensions>
          <ns3:TrackPointExtension>
            <ns3:hr>156</ns3:hr>
            <ns3:cad>0</ns3:cad>
          </ns3:TrackPointExtension>
        </extensions>
      </trkpt>
      <trkpt lat="31.27833441831171512603759765625" lon="121.47739590145647525787353515625">
        <ele>10.80000019073486328125</ele>
        <time>2026-09-22T09:29:41.000Z</time>
        <extensions>
          <ns3:TrackPointExtension>
            <ns3:hr>156</ns3:hr>
            <ns3:cad>0</ns3:cad>
          </ns3:TrackPointExtension>
        </extensions>
      </trkpt>
      <trkpt lat="31.27832804806530475616455078125" lon="121.4774030260741710662841796875">
        <ele>10.6000003814697265625</ele>
        <time>2026-09-22T09:29:42.000Z</time>
        <extensions>
          <ns3:TrackPointExtension>
            <ns3:hr>156</ns3:hr>
            <ns3:cad>0</ns3:cad>
          </ns3:TrackPointExtension>
        </extensions>
      </trkpt>
      <trkpt lat="31.2783184088766574859619140625" lon="121.47741182707250118255615234375">
        <ele>10.6000003814697265625</ele>
        <time>2026-09-22T09:29:43.000Z</time>
        <extensions>
          <ns3:TrackPointExtension>
            <ns3:hr>155</ns3:hr>
            <ns3:cad>0</ns3:cad>
          </ns3:TrackPointExtension>
        </extensions>
      </trkpt>
      <trkpt lat="31.2783140502870082855224609375" lon="121.47741585038602352142333984375">
        <ele>10.3999996185302734375</ele>
        <time>2026-09-22T09:29:44.000Z</time>
        <extensions>
          <ns3:TrackPointExtension>
            <ns3:hr>155</ns3:hr>
            <ns3:cad>0</ns3:cad>
          </ns3:TrackPointExtension>
        </extensions>
      </trkpt>
      <trkpt lat="31.27831011079251766204833984375" lon="121.4774194546043872833251953125">
        <ele>10.3999996185302734375</ele>
        <time>2026-09-22T09:29:45.000Z</time>
        <extensions>
          <ns3:TrackPointExtension>
            <ns3:hr>155</ns3:hr>
            <ns3:cad>0</ns3:cad>
          </ns3:TrackPointExtension>
        </extensions>
      </trkpt>
      <trkpt lat="31.2783108651638031005859375" lon="121.4774187840521335601806640625">
        <ele>10.3999996185302734375</ele>
        <time>2026-09-22T09:29:46.000Z</time>
        <extensions>
          <ns3:TrackPointExtension>
            <ns3:hr>155</ns3:hr>
            <ns3:cad>0</ns3:cad>
          </ns3:TrackPointExtension>
        </extensions>
      </trkpt>
      <trkpt lat="31.2783090211451053619384765625" lon="121.47742037661373615264892578125">
        <ele>10.3999996185302734375</ele>
        <time>2026-09-22T09:29:47.000Z</time>
        <extensions>
          <ns3:TrackPointExtension>
            <ns3:hr>155</ns3:hr>
            <ns3:cad>0</ns3:cad>
          </ns3:TrackPointExtension>
        </extensions>
      </trkpt>
      <trkpt lat="31.278303824365139007568359375" lon="121.4774251542985439300537109375">
        <ele>10.19999980926513671875</ele>
        <time>2026-09-22T09:29:48.000Z</time>
        <extensions>
          <ns3:TrackPointExtension>
            <ns3:hr>156</ns3:hr>
            <ns3:cad>0</ns3:cad>
          </ns3:TrackPointExtension>
        </extensions>
      </trkpt>
      <trkpt lat="31.2782942689955234527587890625" lon="121.47743395529687404632568359375">
        <ele>10.19999980926513671875</ele>
        <time>2026-09-22T09:29:49.000Z</time>
        <extensions>
          <ns3:TrackPointExtension>
            <ns3:hr>155</ns3:hr>
            <ns3:cad>0</ns3:cad>
          </ns3:TrackPointExtension>
        </extensions>
      </trkpt>
      <trkpt lat="31.27828739583492279052734375" lon="121.477439403533935546875">
        <ele>10</ele>
        <time>2026-09-22T09:29:50.000Z</time>
        <extensions>
          <ns3:TrackPointExtension>
            <ns3:hr>153</ns3:hr>
            <ns3:cad>0</ns3:cad>
          </ns3:TrackPointExtension>
        </extensions>
      </trkpt>
      <trkpt lat="31.27827532589435577392578125" lon="121.4774482883512973785400390625">
        <ele>9.80000019073486328125</ele>
        <time>2026-09-22T09:29:51.000Z</time>
        <extensions>
          <ns3:TrackPointExtension>
            <ns3:hr>152</ns3:hr>
            <ns3:cad>48</ns3:cad>
          </ns3:TrackPointExtension>
        </extensions>
      </trkpt>
      <trkpt lat="31.2782671116292476654052734375" lon="121.47745440714061260223388671875">
        <ele>9.6000003814697265625</ele>
        <time>2026-09-22T09:29:52.000Z</time>
        <extensions>
          <ns3:TrackPointExtension>
            <ns3:hr>150</ns3:hr>
            <ns3:cad>48</ns3:cad>
          </ns3:TrackPointExtension>
        </extensions>
      </trkpt>
      <trkpt lat="31.2782637588679790496826171875" lon="121.4774568378925323486328125">
        <ele>9.6000003814697265625</ele>
        <time>2026-09-22T09:29:53.000Z</time>
        <extensions>
          <ns3:TrackPointExtension>
            <ns3:hr>148</ns3:hr>
            <ns3:cad>48</ns3:cad>
          </ns3:TrackPointExtension>
        </extensions>
      </trkpt>
      <trkpt lat="31.27825780771672725677490234375" lon="121.477461196482181549072265625">
        <ele>9.6000003814697265625</ele>
        <time>2026-09-22T09:29:54.000Z</time>
        <extensions>
          <ns3:TrackPointExtension>
            <ns3:hr>145</ns3:hr>
            <ns3:cad>0</ns3:cad>
          </ns3:TrackPointExtension>
        </extensions>
      </trkpt>
      <trkpt lat="31.27824892289936542510986328125" lon="121.47746714763343334197998046875">
        <ele>9.3999996185302734375</ele>
        <time>2026-09-22T09:29:55.000Z</time>
        <extensions>
          <ns3:TrackPointExtension>
            <ns3:hr>143</ns3:hr>
            <ns3:cad>0</ns3:cad>
          </ns3:TrackPointExtension>
        </extensions>
      </trkpt>
      <trkpt lat="31.278238110244274139404296875" lon="121.47747335024178028106689453125">
        <ele>9.3999996185302734375</ele>
        <time>2026-09-22T09:29:56.000Z</time>
        <extensions>
          <ns3:TrackPointExtension>
            <ns3:hr>142</ns3:hr>
            <ns3:cad>0</ns3:cad>
          </ns3:TrackPointExtension>
        </extensions>
      </trkpt>
      <trkpt lat="31.27822947688400745391845703125" lon="121.47747837938368320465087890625">
        <ele>9.19999980926513671875</ele>
        <time>2026-09-22T09:29:57.000Z</time>
        <extensions>
          <ns3:TrackPointExtension>
            <ns3:hr>141</ns3:hr>
            <ns3:cad>0</ns3:cad>
          </ns3:TrackPointExtension>
        </extensions>
      </trkpt>
      <trkpt lat="31.27822075970470905303955078125" lon="121.4774834923446178436279296875">
        <ele>9.19999980926513671875</ele>
        <time>2026-09-22T09:29:58.000Z</time>
        <extensions>
          <ns3:TrackPointExtension>
            <ns3:hr>140</ns3:hr>
            <ns3:cad>0</ns3:cad>
          </ns3:TrackPointExtension>
        </extensions>
      </trkpt>
      <trkpt lat="31.2782131321728229522705078125" lon="121.4774878509342670440673828125">
        <ele>9.19999980926513671875</ele>
        <time>2026-09-22T09:29:59.000Z</time>
        <extensions>
          <ns3:TrackPointExtension>
            <ns3:hr>138</ns3:hr>
            <ns3:cad>50</ns3:cad>
          </ns3:TrackPointExtension>
        </extensions>
      </trkpt>
      <trkpt lat="31.278204582631587982177734375" lon="121.4774918742477893829345703125">
        <ele>9.19999980926513671875</ele>
        <time>2026-09-22T09:30:00.000Z</time>
        <extensions>
          <ns3:TrackPointExtension>
            <ns3:hr>137</ns3:hr>
            <ns3:cad>50</ns3:cad>
          </ns3:TrackPointExtension>
        </extensions>
      </trkpt>
      <trkpt lat="31.2781950272619724273681640625" lon="121.477496065199375152587890625">
        <ele>9.19999980926513671875</ele>
        <time>2026-09-22T09:30:01.000Z</time>
        <extensions>
          <ns3:TrackPointExtension>
            <ns3:hr>136</ns3:hr>
            <ns3:cad>50</ns3:cad>
          </ns3:TrackPointExtension>
        </extensions>
      </trkpt>
      <trkpt lat="31.27818815410137176513671875" lon="121.47749908268451690673828125">
        <ele>9.19999980926513671875</ele>
        <time>2026-09-22T09:30:02.000Z</time>
        <extensions>
          <ns3:TrackPointExtension>
            <ns3:hr>135</ns3:hr>
            <ns3:cad>51</ns3:cad>
          </ns3:TrackPointExtension>
        </extensions>
      </trkpt>
      <trkpt lat="31.2781816162168979644775390625" lon="121.47750201635062694549560546875">
        <ele>9.19999980926513671875</ele>
        <time>2026-09-22T09:30:03.000Z</time>
        <extensions>
          <ns3:TrackPointExtension>
            <ns3:hr>134</ns3:hr>
            <ns3:cad>51</ns3:cad>
          </ns3:TrackPointExtension>
        </extensions>
      </trkpt>
      <trkpt lat="31.27817885018885135650634765625" lon="121.47750318981707096099853515625">
        <ele>9.19999980926513671875</ele>
        <time>2026-09-22T09:30:04.000Z</time>
        <extensions>
          <ns3:TrackPointExtension>
            <ns3:hr>133</ns3:hr>
            <ns3:cad>50</ns3:cad>
          </ns3:TrackPointExtension>
        </extensions>
      </trkpt>
      <trkpt lat="31.27817298285663127899169921875" lon="121.47750570438802242279052734375">
        <ele>9.19999980926513671875</ele>
        <time>2026-09-22T09:30:05.000Z</time>
        <extensions>
          <ns3:TrackPointExtension>
            <ns3:hr>131</ns3:hr>
            <ns3:cad>50</ns3:cad>
          </ns3:TrackPointExtension>
        </extensions>
      </trkpt>
      <trkpt lat="31.27816510386765003204345703125" lon="121.477508805692195892333984375">
        <ele>9.19999980926513671875</ele>
        <time>2026-09-22T09:30:06.000Z</time>
        <extensions>
          <ns3:TrackPointExtension>
            <ns3:hr>130</ns3:hr>
            <ns3:cad>50</ns3:cad>
          </ns3:TrackPointExtension>
        </extensions>
      </trkpt>
      <trkpt lat="31.2781584821641445159912109375" lon="121.477510817348957061767578125">
        <ele>9</ele>
        <time>2026-09-22T09:30:07.000Z</time>
        <extensions>
          <ns3:TrackPointExtension>
            <ns3:hr>129</ns3:hr>
            <ns3:cad>50</ns3:cad>
          </ns3:TrackPointExtension>
        </extensions>
      </trkpt>
      <trkpt lat="31.27814850769937038421630859375" lon="121.47751391865313053131103515625">
        <ele>9</ele>
        <time>2026-09-22T09:30:08.000Z</time>
        <extensions>
          <ns3:TrackPointExtension>
            <ns3:hr>129</ns3:hr>
            <ns3:cad>50</ns3:cad>
          </ns3:TrackPointExtension>
        </extensions>
      </trkpt>
      <trkpt lat="31.27814046107232570648193359375" lon="121.47751643322408199310302734375">
        <ele>9</ele>
        <time>2026-09-22T09:30:09.000Z</time>
        <extensions>
          <ns3:TrackPointExtension>
            <ns3:hr>128</ns3:hr>
            <ns3:cad>49</ns3:cad>
          </ns3:TrackPointExtension>
        </extensions>
      </trkpt>
      <trkpt lat="31.278132162988185882568359375" lon="121.47751894779503345489501953125">
        <ele>9</ele>
        <time>2026-09-22T09:30:10.000Z</time>
        <extensions>
          <ns3:TrackPointExtension>
            <ns3:hr>127</ns3:hr>
            <ns3:cad>49</ns3:cad>
          </ns3:TrackPointExtension>
        </extensions>
      </trkpt>
      <trkpt lat="31.278130151331424713134765625" lon="121.477519534528255462646484375">
        <ele>9</ele>
        <time>2026-09-22T09:30:11.000Z</time>
        <extensions>
          <ns3:TrackPointExtension>
            <ns3:hr>126</ns3:hr>
            <ns3:cad>47</ns3:cad>
          </ns3:TrackPointExtension>
        </extensions>
      </trkpt>
      <trkpt lat="31.27813777886331081390380859375" lon="121.477517187595367431640625">
        <ele>9</ele>
        <time>2026-09-22T09:30:12.000Z</time>
        <extensions>
          <ns3:TrackPointExtension>
            <ns3:hr>126</ns3:hr>
            <ns3:cad>47</ns3:cad>
          </ns3:TrackPointExtension>
        </extensions>
      </trkpt>
      <trkpt lat="31.27814448438584804534912109375" lon="121.47751517593860626220703125">
        <ele>9</ele>
        <time>2026-09-22T09:30:13.000Z</time>
        <extensions>
          <ns3:TrackPointExtension>
            <ns3:hr>125</ns3:hr>
            <ns3:cad>47</ns3:cad>
          </ns3:TrackPointExtension>
        </extensions>
      </trkpt>
      <trkpt lat="31.27814632840454578399658203125" lon="121.47751458920538425445556640625">
        <ele>9</ele>
        <time>2026-09-22T09:30:14.000Z</time>
        <extensions>
          <ns3:TrackPointExtension>
            <ns3:hr>125</ns3:hr>
            <ns3:cad>47</ns3:cad>
          </ns3:TrackPointExtension>
        </extensions>
      </trkpt>
      <trkpt lat="31.27814901061356067657470703125" lon="121.47751375101506710052490234375">
        <ele>9</ele>
        <time>2026-09-22T09:30:15.000Z</time>
        <extensions>
          <ns3:TrackPointExtension>
            <ns3:hr>124</ns3:hr>
            <ns3:cad>0</ns3:cad>
          </ns3:TrackPointExtension>
        </extensions>
      </trkpt>
      <trkpt lat="31.2781440652906894683837890625" lon="121.47751525975763797760009765625">
        <ele>9</ele>
        <time>2026-09-22T09:30:16.000Z</time>
        <extensions>
          <ns3:TrackPointExtension>
            <ns3:hr>124</ns3:hr>
            <ns3:cad>0</ns3:cad>
          </ns3:TrackPointExtension>
        </extensions>
      </trkpt>
      <trkpt lat="31.278134174644947052001953125" lon="121.4775183610618114471435546875">
        <ele>9</ele>
        <time>2026-09-22T09:30:17.000Z</time>
        <extensions>
          <ns3:TrackPointExtension>
            <ns3:hr>123</ns3:hr>
            <ns3:cad>0</ns3:cad>
          </ns3:TrackPointExtension>
        </extensions>
      </trkpt>
    </trkseg>
  </trk>
</gpx>
