<gpx xmlns:ns3="http://www.garmin.com/xmlschemas/TrackPointExtension/v1" xmlns="http://www.topografix.com/GPX/1/1" xmlns:xsi="http://www.w3.org/2001/XMLSchema-instance" xmlns:ns2="http://www.garmin.com/xmlschemas/GpxExtensions/v3" creator="Garmin Connect" version="1.1" xsi:schemaLocation="http://www.topografix.com/GPX/1/1 http://www.topografix.com/GPX/11.xsd">
  <extensions>
<distance>8956.79</distance>
<average_hr>95.0</average_hr>
<average_speed>1.6119999885559082</average_speed>
<start_time>2026-10-04T05:18:06+00:00</start_time>
<end_time>2026-10-04T06:50:42.014000+00:00</end_time>
<moving_time>4737.714</moving_time>
<elapsed_time>5556.014</elapsed_time>
</extensions>
<metadata>
    <link href="connect.garmin.com">
      <text>Garmin Connect</text>
    </link>
    <time>2026-10-04T05:18:06.000Z</time>
  </metadata>
  <trk>
    <name>杨浦区 跑步</name>
    <type>running</type>
    <trkseg>
      <trkpt lat="31.2978187389671802520751953125" lon="121.52904099784791469573974609375">
        <ele>5.19999980926513671875</ele>
        <time>2026-10-04T05:18:06.000Z</time>
        <extensions>
          <ns3:TrackPointExtension>
            <ns3:hr>70</ns3:hr>
            <ns3:cad>0</ns3:cad>
          </ns3:TrackPointExtension>
        </extensions>
      </trkpt>
      <trkpt lat="31.29788696765899658203125" lon="121.528989784419536590576171875">
        <ele>5.400000095367431640625</ele>
        <time>2026-10-04T05:18:15.000Z</time>
        <extensions>
          <ns3:TrackPointExtension>
            <ns3:hr>70</ns3:hr>
            <ns3:cad>43</ns3:cad>
          </ns3:TrackPointExtension>
        </extensions>
      </trkpt>
      <trkpt lat="31.2979830242693424224853515625" lon="121.52896002866327762603759765625">
        <ele>5.80000019073486328125</ele>
        <time>2026-10-04T05:18:27.000Z</time>
        <extensions>
          <ns3:TrackPointExtension>
            <ns3:hr>69</ns3:hr>
            <ns3:cad>0</ns3:cad>
          </ns3:TrackPointExtension>
        </extensions>
      </trkpt>
      <trkpt lat="31.2980071641504764556884765625" lon="121.5288994275033473968505859375">
        <ele>5.80000019073486328125</ele>
        <time>2026-10-04T05:18:36.000Z</time>
        <extensions>
          <ns3:TrackPointExtension>
            <ns3:hr>68</ns3:hr>
            <ns3:cad>45</ns3:cad>
          </ns3:TrackPointExtension>
        </extensions>
      </trkpt>
      <trkpt lat="31.2980530969798564910888671875" lon="121.52884821407496929168701171875">
        <ele>5.599999904632568359375</ele>
        <time>2026-10-04T05:18:43.000Z</time>
        <extensions>
          <ns3:TrackPointExtension>
            <ns3:hr>67</ns3:hr>
            <ns3:cad>0</ns3:cad>
          </ns3:TrackPointExtension>
        </extensions>
      </trkpt>
      <trkpt lat="31.298056282103061676025390625" lon="121.52882508002221584320068359375">
        <ele>5.400000095367431640625</ele>
        <time>2026-10-04T05:18:49.000Z</time>
        <extensions>
          <ns3:TrackPointExtension>
            <ns3:hr>67</ns3:hr>
            <ns3:cad>0</ns3:cad>
          </ns3:TrackPointExtension>
        </extensions>
      </trkpt>
      <trkpt lat="31.29808905534446239471435546875" lon="121.52881854213774204254150390625">
        <ele>5.400000095367431640625</ele>
        <time>2026-10-04T05:18:55.000Z</time>
        <extensions>
          <ns3:TrackPointExtension>
            <ns3:hr>68</ns3:hr>
            <ns3:cad>0</ns3:cad>
          </ns3:TrackPointExtension>
        </extensions>
      </trkpt>
      <trkpt lat="31.29812099039554595947265625" lon="121.52877411805093288421630859375">
        <ele>5.19999980926513671875</ele>
        <time>2026-10-04T05:18:59.000Z</time>
        <extensions>
          <ns3:TrackPointExtension>
            <ns3:hr>65</ns3:hr>
            <ns3:cad>50</ns3:cad>
          </ns3:TrackPointExtension>
        </extensions>
      </trkpt>
      <trkpt lat="31.29812828265130519866943359375" lon="121.5287435241043567657470703125">
        <ele>5</ele>
        <time>2026-10-04T05:19:02.000Z</time>
        <extensions>
          <ns3:TrackPointExtension>
            <ns3:hr>64</ns3:hr>
            <ns3:cad>50</ns3:cad>
          </ns3:TrackPointExtension>
        </extensions>
      </trkpt>
      <trkpt lat="31.29813934676349163055419921875" lon="121.528731286525726318359375">
        <ele>5</ele>
        <time>2026-10-04T05:19:04.000Z</time>
        <extensions>
          <ns3:TrackPointExtension>
            <ns3:hr>67</ns3:hr>
            <ns3:cad>0</ns3:cad>
          </ns3:TrackPointExtension>
        </extensions>
      </trkpt>
      <trkpt lat="31.29816901870071887969970703125" lon="121.52869516052305698394775390625">
        <ele>4.80000019073486328125</ele>
        <time>2026-10-04T05:19:08.000Z</time>
        <extensions>
          <ns3:TrackPointExtension>
            <ns3:hr>67</ns3:hr>
            <ns3:cad>0</ns3:cad>
          </ns3:TrackPointExtension>
        </extensions>
      </trkpt>
      <trkpt lat="31.2982378341257572174072265625" lon="121.52865417301654815673828125">
        <ele>4.80000019073486328125</ele>
        <time>2026-10-04T05:19:15.000Z</time>
        <extensions>
          <ns3:TrackPointExtension>
            <ns3:hr>67</ns3:hr>
            <ns3:cad>53</ns3:cad>
          </ns3:TrackPointExtension>
        </extensions>
      </trkpt>
      <trkpt lat="31.29828058183193206787109375" lon="121.5286352299153804779052734375">
        <ele>4.599999904632568359375</ele>
        <time>2026-10-04T05:19:19.000Z</time>
        <extensions>
          <ns3:TrackPointExtension>
            <ns3:hr>68</ns3:hr>
            <ns3:cad>0</ns3:cad>
          </ns3:TrackPointExtension>
        </extensions>
      </trkpt>
      <trkpt lat="31.2983343936502933502197265625" lon="121.52861938811838626861572265625">
        <ele>4.599999904632568359375</ele>
        <time>2026-10-04T05:19:22.000Z</time>
        <extensions>
          <ns3:TrackPointExtension>
            <ns3:hr>69</ns3:hr>
            <ns3:cad>0</ns3:cad>
          </ns3:TrackPointExtension>
        </extensions>
      </trkpt>
      <trkpt lat="31.2985213100910186767578125" lon="121.52862726710736751556396484375">
        <ele>5.19999980926513671875</ele>
        <time>2026-10-04T05:19:27.000Z</time>
        <extensions>
          <ns3:TrackPointExtension>
            <ns3:hr>74</ns3:hr>
            <ns3:cad>80</ns3:cad>
          </ns3:TrackPointExtension>
        </extensions>
      </trkpt>
      <trkpt lat="31.2985213100910186767578125" lon="121.52862726710736751556396484375">
        <ele>5.19999980926513671875</ele>
        <time>2026-10-04T05:19:28.000Z</time>
        <extensions>
          <ns3:TrackPointExtension>
            <ns3:hr>74</ns3:hr>
            <ns3:cad>80</ns3:cad>
          </ns3:TrackPointExtension>
        </extensions>
      </trkpt>
      <trkpt lat="31.29856900312006473541259765625" lon="121.528615616261959075927734375">
        <ele>5.19999980926513671875</ele>
        <time>2026-10-04T05:19:30.000Z</time>
        <extensions>
          <ns3:TrackPointExtension>
            <ns3:hr>77</ns3:hr>
            <ns3:cad>80</ns3:cad>
          </ns3:TrackPointExtension>
        </extensions>
      </trkpt>
      <trkpt lat="31.29866153933107852935791015625" lon="121.528591811656951904296875">
        <ele>5</ele>
        <time>2026-10-04T05:19:34.000Z</time>
        <extensions>
          <ns3:TrackPointExtension>
            <ns3:hr>82</ns3:hr>
            <ns3:cad>82</ns3:cad>
          </ns3:TrackPointExtension>
        </extensions>
      </trkpt>
      <trkpt lat="31.2986803986132144927978515625" lon="121.5285879559814929962158203125">
        <ele>4.80000019073486328125</ele>
        <time>2026-10-04T05:19:35.000Z</time>
        <extensions>
          <ns3:TrackPointExtension>
            <ns3:hr>85</ns3:hr>
            <ns3:cad>82</ns3:cad>
          </ns3:TrackPointExtension>
        </extensions>
      </trkpt>
      <trkpt lat="31.29869489930570125579833984375" lon="121.52858384884893894195556640625">
        <ele>4.80000019073486328125</ele>
        <time>2026-10-04T05:19:36.000Z</time>
        <extensions>
          <ns3:TrackPointExtension>
            <ns3:hr>88</ns3:hr>
            <ns3:cad>82</ns3:cad>
          </ns3:TrackPointExtension>
        </extensions>
      </trkpt>
      <trkpt lat="31.2987239845097064971923828125" lon="121.5285797417163848876953125">
        <ele>4.599999904632568359375</ele>
        <time>2026-10-04T05:19:38.000Z</time>
        <extensions>
          <ns3:TrackPointExtension>
            <ns3:hr>92</ns3:hr>
            <ns3:cad>80</ns3:cad>
          </ns3:TrackPointExtension>
        </extensions>
      </trkpt>
      <trkpt lat="31.2987340427935123443603515625" lon="121.5285822562873363494873046875">
        <ele>4.599999904632568359375</ele>
        <time>2026-10-04T05:19:39.000Z</time>
        <extensions>
          <ns3:TrackPointExtension>
            <ns3:hr>93</ns3:hr>
            <ns3:cad>80</ns3:cad>
          </ns3:TrackPointExtension>
        </extensions>
      </trkpt>
      <trkpt lat="31.29875508137047290802001953125" lon="121.5285812504589557647705078125">
        <ele>4.599999904632568359375</ele>
        <time>2026-10-04T05:19:41.000Z</time>
        <extensions>
          <ns3:TrackPointExtension>
            <ns3:hr>96</ns3:hr>
            <ns3:cad>60</ns3:cad>
          </ns3:TrackPointExtension>
        </extensions>
      </trkpt>
      <trkpt lat="31.298818700015544891357421875" lon="121.528520397841930389404296875">
        <ele>3.7999999523162841796875</ele>
        <time>2026-10-04T05:19:46.000Z</time>
        <extensions>
          <ns3:TrackPointExtension>
            <ns3:hr>96</ns3:hr>
            <ns3:cad>79</ns3:cad>
          </ns3:TrackPointExtension>
        </extensions>
      </trkpt>
      <trkpt lat="31.29895649850368499755859375" lon="121.5284216590225696563720703125">
        <ele>2.599999904632568359375</ele>
        <time>2026-10-04T05:19:54.000Z</time>
        <extensions>
          <ns3:TrackPointExtension>
            <ns3:hr>96</ns3:hr>
            <ns3:cad>82</ns3:cad>
          </ns3:TrackPointExtension>
        </extensions>
      </trkpt>
      <trkpt lat="31.29905917681753635406494140625" lon="121.52836608700454235076904296875">
        <ele>1.39999997615814208984375</ele>
        <time>2026-10-04T05:20:00.000Z</time>
        <extensions>
          <ns3:TrackPointExtension>
            <ns3:hr>95</ns3:hr>
            <ns3:cad>83</ns3:cad>
          </ns3:TrackPointExtension>
        </extensions>
      </trkpt>
      <trkpt lat="31.2991355359554290771484375" lon="121.5283334814012050628662109375">
        <ele>1.2000000476837158203125</ele>
        <time>2026-10-04T05:20:04.000Z</time>
        <extensions>
          <ns3:TrackPointExtension>
            <ns3:hr>98</ns3:hr>
            <ns3:cad>83</ns3:cad>
          </ns3:TrackPointExtension>
        </extensions>
      </trkpt>
      <trkpt lat="31.29918021149933338165283203125" lon="121.52830473147332668304443359375">
        <ele>1.60000002384185791015625</ele>
        <time>2026-10-04T05:20:07.000Z</time>
        <extensions>
          <ns3:TrackPointExtension>
            <ns3:hr>101</ns3:hr>
            <ns3:cad>82</ns3:cad>
          </ns3:TrackPointExtension>
        </extensions>
      </trkpt>
      <trkpt lat="31.29923033528029918670654296875" lon="121.528276316821575164794921875">
        <ele>2.599999904632568359375</ele>
        <time>2026-10-04T05:20:11.000Z</time>
        <extensions>
          <ns3:TrackPointExtension>
            <ns3:hr>104</ns3:hr>
            <ns3:cad>81</ns3:cad>
          </ns3:TrackPointExtension>
        </extensions>
      </trkpt>
      <trkpt lat="31.29923435859382152557373046875" lon="121.528266258537769317626953125">
        <ele>2.7999999523162841796875</ele>
        <time>2026-10-04T05:20:12.000Z</time>
        <extensions>
          <ns3:TrackPointExtension>
            <ns3:hr>104</ns3:hr>
            <ns3:cad>79</ns3:cad>
          </ns3:TrackPointExtension>
        </extensions>
      </trkpt>
      <trkpt lat="31.29926235415041446685791015625" lon="121.52822946198284626007080078125">
        <ele>3.599999904632568359375</ele>
        <time>2026-10-04T05:20:17.000Z</time>
        <extensions>
          <ns3:TrackPointExtension>
            <ns3:hr>104</ns3:hr>
            <ns3:cad>0</ns3:cad>
          </ns3:TrackPointExtension>
        </extensions>
      </trkpt>
      <trkpt lat="31.29927140660583972930908203125" lon="121.528227031230926513671875">
        <ele>3.599999904632568359375</ele>
        <time>2026-10-04T05:20:18.000Z</time>
        <extensions>
          <ns3:TrackPointExtension>
            <ns3:hr>104</ns3:hr>
            <ns3:cad>0</ns3:cad>
          </ns3:TrackPointExtension>
        </extensions>
      </trkpt>
      <trkpt lat="31.2993331812322139739990234375" lon="121.528178416192531585693359375">
        <ele>4.599999904632568359375</ele>
        <time>2026-10-04T05:20:26.000Z</time>
        <extensions>
          <ns3:TrackPointExtension>
            <ns3:hr>103</ns3:hr>
            <ns3:cad>55</ns3:cad>
          </ns3:TrackPointExtension>
        </extensions>
      </trkpt>
      <trkpt lat="31.29940367303788661956787109375" lon="121.528141200542449951171875">
        <ele>5.599999904632568359375</ele>
        <time>2026-10-04T05:20:32.000Z</time>
        <extensions>
          <ns3:TrackPointExtension>
            <ns3:hr>103</ns3:hr>
            <ns3:cad>0</ns3:cad>
          </ns3:TrackPointExtension>
        </extensions>
      </trkpt>
      <trkpt lat="31.29940970800817012786865234375" lon="121.52814061380922794342041015625">
        <ele>5.599999904632568359375</ele>
        <time>2026-10-04T05:20:33.000Z</time>
        <extensions>
          <ns3:TrackPointExtension>
            <ns3:hr>100</ns3:hr>
            <ns3:cad>0</ns3:cad>
          </ns3:TrackPointExtension>
        </extensions>
      </trkpt>
      <trkpt lat="31.29954130388796329498291015625" lon="121.52809225022792816162109375">
        <ele>7.19999980926513671875</ele>
        <time>2026-10-04T05:20:38.000Z</time>
        <extensions>
          <ns3:TrackPointExtension>
            <ns3:hr>98</ns3:hr>
            <ns3:cad>81</ns3:cad>
          </ns3:TrackPointExtension>
        </extensions>
      </trkpt>
      <trkpt lat="31.29966334439814090728759765625" lon="121.52801035903394222259521484375">
        <ele>8.19999980926513671875</ele>
        <time>2026-10-04T05:20:43.000Z</time>
        <extensions>
          <ns3:TrackPointExtension>
            <ns3:hr>97</ns3:hr>
            <ns3:cad>82</ns3:cad>
          </ns3:TrackPointExtension>
        </extensions>
      </trkpt>
      <trkpt lat="31.2998449802398681640625" lon="121.52793726883828639984130859375">
        <ele>6.400000095367431640625</ele>
        <time>2026-10-04T05:20:52.000Z</time>
        <extensions>
          <ns3:TrackPointExtension>
            <ns3:hr>98</ns3:hr>
            <ns3:cad>82</ns3:cad>
          </ns3:TrackPointExtension>
        </extensions>
      </trkpt>
      <trkpt lat="31.29986451007425785064697265625" lon="121.52793860994279384613037109375">
        <ele>6.400000095367431640625</ele>
        <time>2026-10-04T05:20:57.000Z</time>
        <extensions>
          <ns3:TrackPointExtension>
            <ns3:hr>100</ns3:hr>
            <ns3:cad>0</ns3:cad>
          </ns3:TrackPointExtension>
        </extensions>
      </trkpt>
      <trkpt lat="31.29985528998076915740966796875" lon="121.52791346423327922821044921875">
        <ele>5.599999904632568359375</ele>
        <time>2026-10-04T05:21:04.000Z</time>
        <extensions>
          <ns3:TrackPointExtension>
            <ns3:hr>99</ns3:hr>
            <ns3:cad>0</ns3:cad>
          </ns3:TrackPointExtension>
        </extensions>
      </trkpt>
      <trkpt lat="31.2998186610639095306396484375" lon="121.5278952755033969879150390625">
        <ele>5.19999980926513671875</ele>
        <time>2026-10-04T05:21:10.000Z</time>
        <extensions>
          <ns3:TrackPointExtension>
            <ns3:hr>96</ns3:hr>
            <ns3:cad>55</ns3:cad>
          </ns3:TrackPointExtension>
        </extensions>
      </trkpt>
      <trkpt lat="31.29981078207492828369140625" lon="121.5278902463614940643310546875">
        <ele>5.19999980926513671875</ele>
        <time>2026-10-04T05:21:11.000Z</time>
        <extensions>
          <ns3:TrackPointExtension>
            <ns3:hr>96</ns3:hr>
            <ns3:cad>55</ns3:cad>
          </ns3:TrackPointExtension>
        </extensions>
      </trkpt>
      <trkpt lat="31.29976543597877025604248046875" lon="121.52786920778453350067138671875">
        <ele>5</ele>
        <time>2026-10-04T05:21:20.000Z</time>
        <extensions>
          <ns3:TrackPointExtension>
            <ns3:hr>96</ns3:hr>
            <ns3:cad>55</ns3:cad>
          </ns3:TrackPointExtension>
        </extensions>
      </trkpt>
      <trkpt lat="31.29975051619112491607666015625" lon="121.5278469957411289215087890625">
        <ele>4.400000095367431640625</ele>
        <time>2026-10-04T05:21:23.000Z</time>
        <extensions>
          <ns3:TrackPointExtension>
            <ns3:hr>91</ns3:hr>
            <ns3:cad>55</ns3:cad>
          </ns3:TrackPointExtension>
        </extensions>
      </trkpt>
      <trkpt lat="31.29974347539246082305908203125" lon="121.5277899987995624542236328125">
        <ele>2.599999904632568359375</ele>
        <time>2026-10-04T05:21:27.000Z</time>
        <extensions>
          <ns3:TrackPointExtension>
            <ns3:hr>92</ns3:hr>
            <ns3:cad>54</ns3:cad>
          </ns3:TrackPointExtension>
        </extensions>
      </trkpt>
      <trkpt lat="31.2997381947934627532958984375" lon="121.5277490951120853424072265625">
        <ele>1.39999997615814208984375</ele>
        <time>2026-10-04T05:21:33.000Z</time>
        <extensions>
          <ns3:TrackPointExtension>
            <ns3:hr>92</ns3:hr>
            <ns3:cad>0</ns3:cad>
          </ns3:TrackPointExtension>
        </extensions>
      </trkpt>
      <trkpt lat="31.2997368536889553070068359375" lon="121.527749262750148773193359375">
        <ele>1.39999997615814208984375</ele>
        <time>2026-10-04T05:21:38.000Z</time>
        <extensions>
          <ns3:TrackPointExtension>
            <ns3:hr>95</ns3:hr>
            <ns3:cad>0</ns3:cad>
          </ns3:TrackPointExtension>
        </extensions>
      </trkpt>
      <trkpt lat="31.29973727278411388397216796875" lon="121.52774951420724391937255859375">
        <ele>1.39999997615814208984375</ele>
        <time>2026-10-04T05:21:46.000Z</time>
        <extensions>
          <ns3:TrackPointExtension>
            <ns3:hr>90</ns3:hr>
            <ns3:cad>0</ns3:cad>
          </ns3:TrackPointExtension>
        </extensions>
      </trkpt>
      <trkpt lat="31.29973727278411388397216796875" lon="121.52774951420724391937255859375">
        <ele>1.39999997615814208984375</ele>
        <time>2026-10-04T05:21:50.000Z</time>
        <extensions>
          <ns3:TrackPointExtension>
            <ns3:hr>86</ns3:hr>
            <ns3:cad>0</ns3:cad>
          </ns3:TrackPointExtension>
        </extensions>
      </trkpt>
      <trkpt lat="31.29973727278411388397216796875" lon="121.52774951420724391937255859375">
        <ele>1.39999997615814208984375</ele>
        <time>2026-10-04T05:21:51.000Z</time>
        <extensions>
          <ns3:TrackPointExtension>
            <ns3:hr>81</ns3:hr>
            <ns3:cad>0</ns3:cad>
          </ns3:TrackPointExtension>
        </extensions>
      </trkpt>
      <trkpt lat="31.2997375242412090301513671875" lon="121.52774951420724391937255859375">
        <ele>1.39999997615814208984375</ele>
        <time>2026-10-04T05:21:53.000Z</time>
        <extensions>
          <ns3:TrackPointExtension>
            <ns3:hr>78</ns3:hr>
            <ns3:cad>0</ns3:cad>
          </ns3:TrackPointExtension>
        </extensions>
      </trkpt>
      <trkpt lat="31.2997392006218433380126953125" lon="121.52774934656918048858642578125">
        <ele>1.39999997615814208984375</ele>
        <time>2026-10-04T05:22:01.000Z</time>
        <extensions>
          <ns3:TrackPointExtension>
            <ns3:hr>75</ns3:hr>
            <ns3:cad>0</ns3:cad>
          </ns3:TrackPointExtension>
        </extensions>
      </trkpt>
      <trkpt lat="31.29974246956408023834228515625" lon="121.52774934656918048858642578125">
        <ele>1.39999997615814208984375</ele>
        <time>2026-10-04T05:22:05.000Z</time>
        <extensions>
          <ns3:TrackPointExtension>
            <ns3:hr>71</ns3:hr>
            <ns3:cad>0</ns3:cad>
          </ns3:TrackPointExtension>
        </extensions>
      </trkpt>
      <trkpt lat="31.2997432239353656768798828125" lon="121.52774934656918048858642578125">
        <ele>1.39999997615814208984375</ele>
        <time>2026-10-04T05:22:07.000Z</time>
        <extensions>
          <ns3:TrackPointExtension>
            <ns3:hr>68</ns3:hr>
            <ns3:cad>0</ns3:cad>
          </ns3:TrackPointExtension>
        </extensions>
      </trkpt>
      <trkpt lat="31.2997465766966342926025390625" lon="121.52774934656918048858642578125">
        <ele>1.39999997615814208984375</ele>
        <time>2026-10-04T05:22:09.000Z</time>
        <extensions>
          <ns3:TrackPointExtension>
            <ns3:hr>65</ns3:hr>
            <ns3:cad>0</ns3:cad>
          </ns3:TrackPointExtension>
        </extensions>
      </trkpt>
      <trkpt lat="31.29975034855306148529052734375" lon="121.52774984948337078094482421875">
        <ele>1.2000000476837158203125</ele>
        <time>2026-10-04T05:22:14.000Z</time>
        <extensions>
          <ns3:TrackPointExtension>
            <ns3:hr>68</ns3:hr>
            <ns3:cad>0</ns3:cad>
          </ns3:TrackPointExtension>
        </extensions>
      </trkpt>
      <trkpt lat="31.29978672601282596588134765625" lon="121.5276991389691829681396484375">
        <ele>-0.800000011920928955078125</ele>
        <time>2026-10-04T05:22:33.000Z</time>
        <extensions>
          <ns3:TrackPointExtension>
            <ns3:hr>66</ns3:hr>
            <ns3:cad>80</ns3:cad>
          </ns3:TrackPointExtension>
        </extensions>
      </trkpt>
      <trkpt lat="31.29983919672667980194091796875" lon="121.52762814424932003021240234375">
        <ele>-2.2000000476837158203125</ele>
        <time>2026-10-04T05:22:36.000Z</time>
        <extensions>
          <ns3:TrackPointExtension>
            <ns3:hr>63</ns3:hr>
            <ns3:cad>82</ns3:cad>
          </ns3:TrackPointExtension>
        </extensions>
      </trkpt>
      <trkpt lat="31.29985763691365718841552734375" lon="121.5275992266833782196044921875">
        <ele>-2.400000095367431640625</ele>
        <time>2026-10-04T05:22:37.000Z</time>
        <extensions>
          <ns3:TrackPointExtension>
            <ns3:hr>66</ns3:hr>
            <ns3:cad>82</ns3:cad>
          </ns3:TrackPointExtension>
        </extensions>
      </trkpt>
      <trkpt lat="31.29986115731298923492431640625" lon="121.5275712311267852783203125">
        <ele>-2.7999999523162841796875</ele>
        <time>2026-10-04T05:22:38.000Z</time>
        <extensions>
          <ns3:TrackPointExtension>
            <ns3:hr>68</ns3:hr>
            <ns3:cad>83</ns3:cad>
          </ns3:TrackPointExtension>
        </extensions>
      </trkpt>
      <trkpt lat="31.29984967410564422607421875" lon="121.52754331938922405242919921875">
        <ele>-3.2000000476837158203125</ele>
        <time>2026-10-04T05:22:39.000Z</time>
        <extensions>
          <ns3:TrackPointExtension>
            <ns3:hr>70</ns3:hr>
            <ns3:cad>83</ns3:cad>
          </ns3:TrackPointExtension>
        </extensions>
      </trkpt>
      <trkpt lat="31.29983416758477687835693359375" lon="121.52752085588872432708740234375">
        <ele>-3.7999999523162841796875</ele>
        <time>2026-10-04T05:22:40.000Z</time>
        <extensions>
          <ns3:TrackPointExtension>
            <ns3:hr>73</ns3:hr>
            <ns3:cad>82</ns3:cad>
          </ns3:TrackPointExtension>
        </extensions>
      </trkpt>
      <trkpt lat="31.29977817647159099578857421875" lon="121.52745296247303485870361328125">
        <ele>-5.19999980926513671875</ele>
        <time>2026-10-04T05:22:43.000Z</time>
        <extensions>
          <ns3:TrackPointExtension>
            <ns3:hr>78</ns3:hr>
            <ns3:cad>82</ns3:cad>
          </ns3:TrackPointExtension>
        </extensions>
      </trkpt>
      <trkpt lat="31.29976258613169193267822265625" lon="121.527431420981884002685546875">
        <ele>-5.599999904632568359375</ele>
        <time>2026-10-04T05:22:44.000Z</time>
        <extensions>
          <ns3:TrackPointExtension>
            <ns3:hr>81</ns3:hr>
            <ns3:cad>83</ns3:cad>
          </ns3:TrackPointExtension>
        </extensions>
      </trkpt>
      <trkpt lat="31.299731992185115814208984375" lon="121.52739093638956546783447265625">
        <ele>-6</ele>
        <time>2026-10-04T05:22:46.000Z</time>
        <extensions>
          <ns3:TrackPointExtension>
            <ns3:hr>85</ns3:hr>
            <ns3:cad>84</ns3:cad>
          </ns3:TrackPointExtension>
        </extensions>
      </trkpt>
      <trkpt lat="31.29970391280949115753173828125" lon="121.527340225875377655029296875">
        <ele>-6.599999904632568359375</ele>
        <time>2026-10-04T05:22:48.000Z</time>
        <extensions>
          <ns3:TrackPointExtension>
            <ns3:hr>90</ns3:hr>
            <ns3:cad>84</ns3:cad>
          </ns3:TrackPointExtension>
        </extensions>
      </trkpt>
      <trkpt lat="31.29966770298779010772705078125" lon="121.527188681066036224365234375">
        <ele>-6.19999980926513671875</ele>
        <time>2026-10-04T05:22:53.000Z</time>
        <extensions>
          <ns3:TrackPointExtension>
            <ns3:hr>92</ns3:hr>
            <ns3:cad>84</ns3:cad>
          </ns3:TrackPointExtension>
        </extensions>
      </trkpt>
      <trkpt lat="31.29963182844221591949462890625" lon="121.527103520929813385009765625">
        <ele>-5.80000019073486328125</ele>
        <time>2026-10-04T05:22:56.000Z</time>
        <extensions>
          <ns3:TrackPointExtension>
            <ns3:hr>95</ns3:hr>
            <ns3:cad>82</ns3:cad>
          </ns3:TrackPointExtension>
        </extensions>
      </trkpt>
      <trkpt lat="31.2996010668575763702392578125" lon="121.52704359032213687896728515625">
        <ele>-5.400000095367431640625</ele>
        <time>2026-10-04T05:22:59.000Z</time>
        <extensions>
          <ns3:TrackPointExtension>
            <ns3:hr>98</ns3:hr>
            <ns3:cad>81</ns3:cad>
          </ns3:TrackPointExtension>
        </extensions>
      </trkpt>
      <trkpt lat="31.29957717843353748321533203125" lon="121.5270007587969303131103515625">
        <ele>-4.80000019073486328125</ele>
        <time>2026-10-04T05:23:01.000Z</time>
        <extensions>
          <ns3:TrackPointExtension>
            <ns3:hr>99</ns3:hr>
            <ns3:cad>83</ns3:cad>
          </ns3:TrackPointExtension>
        </extensions>
      </trkpt>
      <trkpt lat="31.29951498471200466156005859375" lon="121.5269145928323268890380859375">
        <ele>-3.7999999523162841796875</ele>
        <time>2026-10-04T05:23:05.000Z</time>
        <extensions>
          <ns3:TrackPointExtension>
            <ns3:hr>102</ns3:hr>
            <ns3:cad>83</ns3:cad>
          </ns3:TrackPointExtension>
        </extensions>
      </trkpt>
      <trkpt lat="31.29947282373905181884765625" lon="121.5268643014132976531982421875">
        <ele>-3.2000000476837158203125</ele>
        <time>2026-10-04T05:23:08.000Z</time>
        <extensions>
          <ns3:TrackPointExtension>
            <ns3:hr>105</ns3:hr>
            <ns3:cad>83</ns3:cad>
          </ns3:TrackPointExtension>
        </extensions>
      </trkpt>
      <trkpt lat="31.29942764528095722198486328125" lon="121.52679280377924442291259765625">
        <ele>-2.400000095367431640625</ele>
        <time>2026-10-04T05:23:12.000Z</time>
        <extensions>
          <ns3:TrackPointExtension>
            <ns3:hr>107</ns3:hr>
            <ns3:cad>82</ns3:cad>
          </ns3:TrackPointExtension>
        </extensions>
      </trkpt>
      <trkpt lat="31.29937400110065937042236328125" lon="121.52671820484101772308349609375">
        <ele>-1.7999999523162841796875</ele>
        <time>2026-10-04T05:23:16.000Z</time>
        <extensions>
          <ns3:TrackPointExtension>
            <ns3:hr>110</ns3:hr>
            <ns3:cad>82</ns3:cad>
          </ns3:TrackPointExtension>
        </extensions>
      </trkpt>
      <trkpt lat="31.2993046827614307403564453125" lon="121.52662583626806735992431640625">
        <ele>-1.39999997615814208984375</ele>
        <time>2026-10-04T05:23:21.000Z</time>
        <extensions>
          <ns3:TrackPointExtension>
            <ns3:hr>112</ns3:hr>
            <ns3:cad>83</ns3:cad>
          </ns3:TrackPointExtension>
        </extensions>
      </trkpt>
      <trkpt lat="31.2991792894899845123291015625" lon="121.5264425240457057952880859375">
        <ele>-0.60000002384185791015625</ele>
        <time>2026-10-04T05:23:30.000Z</time>
        <extensions>
          <ns3:TrackPointExtension>
            <ns3:hr>113</ns3:hr>
            <ns3:cad>83</ns3:cad>
          </ns3:TrackPointExtension>
        </extensions>
      </trkpt>
      <trkpt lat="31.29906512796878814697265625" lon="121.52625627815723419189453125">
        <ele>0.800000011920928955078125</ele>
        <time>2026-10-04T05:23:39.000Z</time>
        <extensions>
          <ns3:TrackPointExtension>
            <ns3:hr>115</ns3:hr>
            <ns3:cad>82</ns3:cad>
          </ns3:TrackPointExtension>
        </extensions>
      </trkpt>
      <trkpt lat="31.2990575842559337615966796875" lon="121.52624345384538173675537109375">
        <ele>0.800000011920928955078125</ele>
        <time>2026-10-04T05:23:40.000Z</time>
        <extensions>
          <ns3:TrackPointExtension>
            <ns3:hr>115</ns3:hr>
            <ns3:cad>82</ns3:cad>
          </ns3:TrackPointExtension>
        </extensions>
      </trkpt>
      <trkpt lat="31.29899949766695499420166015625" lon="121.52617975138127803802490234375">
        <ele>0.60000002384185791015625</ele>
        <time>2026-10-04T05:23:47.000Z</time>
        <extensions>
          <ns3:TrackPointExtension>
            <ns3:hr>117</ns3:hr>
            <ns3:cad>55</ns3:cad>
          </ns3:TrackPointExtension>
        </extensions>
      </trkpt>
      <trkpt lat="31.29898524843156337738037109375" lon="121.52613415382802486419677734375">
        <ele>0</ele>
        <time>2026-10-04T05:23:52.000Z</time>
        <extensions>
          <ns3:TrackPointExtension>
            <ns3:hr>114</ns3:hr>
            <ns3:cad>55</ns3:cad>
          </ns3:TrackPointExtension>
        </extensions>
      </trkpt>
      <trkpt lat="31.29896496422588825225830078125" lon="121.526123844087123870849609375">
        <ele>0</ele>
        <time>2026-10-04T05:23:55.000Z</time>
        <extensions>
          <ns3:TrackPointExtension>
            <ns3:hr>112</ns3:hr>
            <ns3:cad>0</ns3:cad>
          </ns3:TrackPointExtension>
        </extensions>
      </trkpt>
      <trkpt lat="31.29893948324024677276611328125" lon="121.526077575981616973876953125">
        <ele>-0.60000002384185791015625</ele>
        <time>2026-10-04T05:24:00.000Z</time>
        <extensions>
          <ns3:TrackPointExtension>
            <ns3:hr>109</ns3:hr>
            <ns3:cad>0</ns3:cad>
          </ns3:TrackPointExtension>
        </extensions>
      </trkpt>
      <trkpt lat="31.29893411882221698760986328125" lon="121.5260673500597476959228515625">
        <ele>-0.60000002384185791015625</ele>
        <time>2026-10-04T05:24:01.000Z</time>
        <extensions>
          <ns3:TrackPointExtension>
            <ns3:hr>108</ns3:hr>
            <ns3:cad>0</ns3:cad>
          </ns3:TrackPointExtension>
        </extensions>
      </trkpt>
      <trkpt lat="31.29892791621387004852294921875" lon="121.5260599739849567413330078125">
        <ele>-0.800000011920928955078125</ele>
        <time>2026-10-04T05:24:02.000Z</time>
        <extensions>
          <ns3:TrackPointExtension>
            <ns3:hr>108</ns3:hr>
            <ns3:cad>0</ns3:cad>
          </ns3:TrackPointExtension>
        </extensions>
      </trkpt>
      <trkpt lat="31.2989048659801483154296875" lon="121.52603524737060070037841796875">
        <ele>-1</ele>
        <time>2026-10-04T05:24:05.000Z</time>
        <extensions>
          <ns3:TrackPointExtension>
            <ns3:hr>105</ns3:hr>
            <ns3:cad>0</ns3:cad>
          </ns3:TrackPointExtension>
        </extensions>
      </trkpt>
      <trkpt lat="31.29887041635811328887939453125" lon="121.52598478831350803375244140625">
        <ele>-1.60000002384185791015625</ele>
        <time>2026-10-04T05:24:08.000Z</time>
        <extensions>
          <ns3:TrackPointExtension>
            <ns3:hr>104</ns3:hr>
            <ns3:cad>82</ns3:cad>
          </ns3:TrackPointExtension>
        </extensions>
      </trkpt>
      <trkpt lat="31.29885046742856502532958984375" lon="121.525938771665096282958984375">
        <ele>-2.2000000476837158203125</ele>
        <time>2026-10-04T05:24:10.000Z</time>
        <extensions>
          <ns3:TrackPointExtension>
            <ns3:hr>101</ns3:hr>
            <ns3:cad>82</ns3:cad>
          </ns3:TrackPointExtension>
        </extensions>
      </trkpt>
      <trkpt lat="31.29879179410636425018310546875" lon="121.52582754381000995635986328125">
        <ele>-2.7999999523162841796875</ele>
        <time>2026-10-04T05:24:15.000Z</time>
        <extensions>
          <ns3:TrackPointExtension>
            <ns3:hr>100</ns3:hr>
            <ns3:cad>84</ns3:cad>
          </ns3:TrackPointExtension>
        </extensions>
      </trkpt>
      <trkpt lat="31.29868132062256336212158203125" lon="121.52566795237362384796142578125">
        <ele>-3.7999999523162841796875</ele>
        <time>2026-10-04T05:24:23.000Z</time>
        <extensions>
          <ns3:TrackPointExtension>
            <ns3:hr>99</ns3:hr>
            <ns3:cad>85</ns3:cad>
          </ns3:TrackPointExtension>
        </extensions>
      </trkpt>
      <trkpt lat="31.2986542470753192901611328125" lon="121.52555881999433040618896484375">
        <ele>-3.2000000476837158203125</ele>
        <time>2026-10-04T05:24:27.000Z</time>
        <extensions>
          <ns3:TrackPointExtension>
            <ns3:hr>102</ns3:hr>
            <ns3:cad>84</ns3:cad>
          </ns3:TrackPointExtension>
        </extensions>
      </trkpt>
      <trkpt lat="31.2986428476870059967041015625" lon="121.52552361600100994110107421875">
        <ele>-3</ele>
        <time>2026-10-04T05:24:30.000Z</time>
        <extensions>
          <ns3:TrackPointExtension>
            <ns3:hr>104</ns3:hr>
            <ns3:cad>84</ns3:cad>
          </ns3:TrackPointExtension>
        </extensions>
      </trkpt>
      <trkpt lat="31.2986364774405956268310546875" lon="121.5254856459796428680419921875">
        <ele>-2.599999904632568359375</ele>
        <time>2026-10-04T05:24:34.000Z</time>
        <extensions>
          <ns3:TrackPointExtension>
            <ns3:hr>103</ns3:hr>
            <ns3:cad>56</ns3:cad>
          </ns3:TrackPointExtension>
        </extensions>
      </trkpt>
      <trkpt lat="31.29863387905061244964599609375" lon="121.52546242810785770416259765625">
        <ele>-2.599999904632568359375</ele>
        <time>2026-10-04T05:24:37.000Z</time>
        <extensions>
          <ns3:TrackPointExtension>
            <ns3:hr>103</ns3:hr>
            <ns3:cad>0</ns3:cad>
          </ns3:TrackPointExtension>
        </extensions>
      </trkpt>
      <trkpt lat="31.29861585795879364013671875" lon="121.525437533855438232421875">
        <ele>-2.2000000476837158203125</ele>
        <time>2026-10-04T05:24:43.000Z</time>
        <extensions>
          <ns3:TrackPointExtension>
            <ns3:hr>100</ns3:hr>
            <ns3:cad>0</ns3:cad>
          </ns3:TrackPointExtension>
        </extensions>
      </trkpt>
      <trkpt lat="31.29860051907598972320556640625" lon="121.525418423116207122802734375">
        <ele>-1.7999999523162841796875</ele>
        <time>2026-10-04T05:24:45.000Z</time>
        <extensions>
          <ns3:TrackPointExtension>
            <ns3:hr>99</ns3:hr>
            <ns3:cad>0</ns3:cad>
          </ns3:TrackPointExtension>
        </extensions>
      </trkpt>
      <trkpt lat="31.29858174361288547515869140625" lon="121.52539185248315334320068359375">
        <ele>-1.2000000476837158203125</ele>
        <time>2026-10-04T05:24:47.000Z</time>
        <extensions>
          <ns3:TrackPointExtension>
            <ns3:hr>96</ns3:hr>
            <ns3:cad>54</ns3:cad>
          </ns3:TrackPointExtension>
        </extensions>
      </trkpt>
      <trkpt lat="31.29853446967899799346923828125" lon="121.52534223161637783050537109375">
        <ele>0.4000000059604644775390625</ele>
        <time>2026-10-04T05:24:52.000Z</time>
        <extensions>
          <ns3:TrackPointExtension>
            <ns3:hr>94</ns3:hr>
            <ns3:cad>55</ns3:cad>
          </ns3:TrackPointExtension>
        </extensions>
      </trkpt>
      <trkpt lat="31.2984703481197357177734375" lon="121.525293700397014617919921875">
        <ele>2.2000000476837158203125</ele>
        <time>2026-10-04T05:24:59.000Z</time>
        <extensions>
          <ns3:TrackPointExtension>
            <ns3:hr>94</ns3:hr>
            <ns3:cad>55</ns3:cad>
          </ns3:TrackPointExtension>
        </extensions>
      </trkpt>
      <trkpt lat="31.29846925847232341766357421875" lon="121.52529093436896800994873046875">
        <ele>2.2000000476837158203125</ele>
        <time>2026-10-04T05:25:00.000Z</time>
        <extensions>
          <ns3:TrackPointExtension>
            <ns3:hr>95</ns3:hr>
            <ns3:cad>55</ns3:cad>
          </ns3:TrackPointExtension>
        </extensions>
      </trkpt>
      <trkpt lat="31.29847261123359203338623046875" lon="121.52528976090252399444580078125">
        <ele>2.2000000476837158203125</ele>
        <time>2026-10-04T05:25:01.000Z</time>
        <extensions>
          <ns3:TrackPointExtension>
            <ns3:hr>95</ns3:hr>
            <ns3:cad>55</ns3:cad>
          </ns3:TrackPointExtension>
        </extensions>
      </trkpt>
      <trkpt lat="31.29851393401622772216796875" lon="121.52529479004442691802978515625">
        <ele>1.39999997615814208984375</ele>
        <time>2026-10-04T05:25:04.000Z</time>
        <extensions>
          <ns3:TrackPointExtension>
            <ns3:hr>93</ns3:hr>
            <ns3:cad>55</ns3:cad>
          </ns3:TrackPointExtension>
        </extensions>
      </trkpt>
      <trkpt lat="31.29856430925428867340087890625" lon="121.5252952091395854949951171875">
        <ele>0.60000002384185791015625</ele>
        <time>2026-10-04T05:25:08.000Z</time>
        <extensions>
          <ns3:TrackPointExtension>
            <ns3:hr>97</ns3:hr>
            <ns3:cad>55</ns3:cad>
          </ns3:TrackPointExtension>
        </extensions>
      </trkpt>
      <trkpt lat="31.29856967367231845855712890625" lon="121.5252871625125408172607421875">
        <ele>0.60000002384185791015625</ele>
        <time>2026-10-04T05:25:10.000Z</time>
        <extensions>
          <ns3:TrackPointExtension>
            <ns3:hr>94</ns3:hr>
            <ns3:cad>55</ns3:cad>
          </ns3:TrackPointExtension>
        </extensions>
      </trkpt>
      <trkpt lat="31.29857436753809452056884765625" lon="121.52527634985744953155517578125">
        <ele>0.800000011920928955078125</ele>
        <time>2026-10-04T05:25:11.000Z</time>
        <extensions>
          <ns3:TrackPointExtension>
            <ns3:hr>94</ns3:hr>
            <ns3:cad>55</ns3:cad>
          </ns3:TrackPointExtension>
        </extensions>
      </trkpt>
      <trkpt lat="31.2985804863274097442626953125" lon="121.525261513888835906982421875">
        <ele>1</ele>
        <time>2026-10-04T05:25:12.000Z</time>
        <extensions>
          <ns3:TrackPointExtension>
            <ns3:hr>95</ns3:hr>
            <ns3:cad>55</ns3:cad>
          </ns3:TrackPointExtension>
        </extensions>
      </trkpt>
      <trkpt lat="31.29860244691371917724609375" lon="121.52522102929651737213134765625">
        <ele>1.39999997615814208984375</ele>
        <time>2026-10-04T05:25:15.000Z</time>
        <extensions>
          <ns3:TrackPointExtension>
            <ns3:hr>92</ns3:hr>
            <ns3:cad>55</ns3:cad>
          </ns3:TrackPointExtension>
        </extensions>
      </trkpt>
      <trkpt lat="31.29862566478550434112548828125" lon="121.52515648864209651947021484375">
        <ele>2.2000000476837158203125</ele>
        <time>2026-10-04T05:25:19.000Z</time>
        <extensions>
          <ns3:TrackPointExtension>
            <ns3:hr>88</ns3:hr>
            <ns3:cad>55</ns3:cad>
          </ns3:TrackPointExtension>
        </extensions>
      </trkpt>
      <trkpt lat="31.29863237030804157257080078125" lon="121.52513084001839160919189453125">
        <ele>2.599999904632568359375</ele>
        <time>2026-10-04T05:25:21.000Z</time>
        <extensions>
          <ns3:TrackPointExtension>
            <ns3:hr>85</ns3:hr>
            <ns3:cad>55</ns3:cad>
          </ns3:TrackPointExtension>
        </extensions>
      </trkpt>
      <trkpt lat="31.29864142276346683502197265625" lon="121.525106616318225860595703125">
        <ele>2.7999999523162841796875</ele>
        <time>2026-10-04T05:25:23.000Z</time>
        <extensions>
          <ns3:TrackPointExtension>
            <ns3:hr>82</ns3:hr>
            <ns3:cad>56</ns3:cad>
          </ns3:TrackPointExtension>
        </extensions>
      </trkpt>
      <trkpt lat="31.29864477552473545074462890625" lon="121.52509152889251708984375">
        <ele>2.7999999523162841796875</ele>
        <time>2026-10-04T05:25:28.000Z</time>
        <extensions>
          <ns3:TrackPointExtension>
            <ns3:hr>80</ns3:hr>
            <ns3:cad>55</ns3:cad>
          </ns3:TrackPointExtension>
        </extensions>
      </trkpt>
      <trkpt lat="31.29866388626396656036376953125" lon="121.52508071623742580413818359375">
        <ele>2.599999904632568359375</ele>
        <time>2026-10-04T05:25:31.000Z</time>
        <extensions>
          <ns3:TrackPointExtension>
            <ns3:hr>78</ns3:hr>
            <ns3:cad>0</ns3:cad>
          </ns3:TrackPointExtension>
        </extensions>
      </trkpt>
      <trkpt lat="31.298703365027904510498046875" lon="121.52504450641572475433349609375">
        <ele>2</ele>
        <time>2026-10-04T05:25:35.000Z</time>
        <extensions>
          <ns3:TrackPointExtension>
            <ns3:hr>77</ns3:hr>
            <ns3:cad>54</ns3:cad>
          </ns3:TrackPointExtension>
        </extensions>
      </trkpt>
      <trkpt lat="31.29876673221588134765625" lon="121.52497284114360809326171875">
        <ele>1.39999997615814208984375</ele>
        <time>2026-10-04T05:25:44.000Z</time>
        <extensions>
          <ns3:TrackPointExtension>
            <ns3:hr>79</ns3:hr>
            <ns3:cad>55</ns3:cad>
          </ns3:TrackPointExtension>
        </extensions>
      </trkpt>
      <trkpt lat="31.298826076090335845947265625" lon="121.52488835155963897705078125">
        <ele>0.60000002384185791015625</ele>
        <time>2026-10-04T05:25:52.000Z</time>
        <extensions>
          <ns3:TrackPointExtension>
            <ns3:hr>76</ns3:hr>
            <ns3:cad>57</ns3:cad>
          </ns3:TrackPointExtension>
        </extensions>
      </trkpt>
      <trkpt lat="31.2988463602960109710693359375" lon="121.52486932463943958282470703125">
        <ele>0.20000000298023223876953125</ele>
        <time>2026-10-04T05:25:54.000Z</time>
        <extensions>
          <ns3:TrackPointExtension>
            <ns3:hr>76</ns3:hr>
            <ns3:cad>57</ns3:cad>
          </ns3:TrackPointExtension>
        </extensions>
      </trkpt>
      <trkpt lat="31.29887209273874759674072265625" lon="121.52484753169119358062744140625">
        <ele>-0.20000000298023223876953125</ele>
        <time>2026-10-04T05:25:57.000Z</time>
        <extensions>
          <ns3:TrackPointExtension>
            <ns3:hr>77</ns3:hr>
            <ns3:cad>55</ns3:cad>
          </ns3:TrackPointExtension>
        </extensions>
      </trkpt>
      <trkpt lat="31.29889505915343761444091796875" lon="121.52481257915496826171875">
        <ele>-0.800000011920928955078125</ele>
        <time>2026-10-04T05:26:01.000Z</time>
        <extensions>
          <ns3:TrackPointExtension>
            <ns3:hr>77</ns3:hr>
            <ns3:cad>0</ns3:cad>
          </ns3:TrackPointExtension>
        </extensions>
      </trkpt>
      <trkpt lat="31.29889707081019878387451171875" lon="121.52480847202241420745849609375">
        <ele>-0.60000002384185791015625</ele>
        <time>2026-10-04T05:26:09.000Z</time>
        <extensions>
          <ns3:TrackPointExtension>
            <ns3:hr>77</ns3:hr>
            <ns3:cad>0</ns3:cad>
          </ns3:TrackPointExtension>
        </extensions>
      </trkpt>
      <trkpt lat="31.2989331968128681182861328125" lon="121.52480947785079479217529296875">
        <ele>-0.800000011920928955078125</ele>
        <time>2026-10-04T05:26:14.000Z</time>
        <extensions>
          <ns3:TrackPointExtension>
            <ns3:hr>74</ns3:hr>
            <ns3:cad>0</ns3:cad>
          </ns3:TrackPointExtension>
        </extensions>
      </trkpt>
      <trkpt lat="31.29894970916211605072021484375" lon="121.5247993357479572296142578125">
        <ele>-0.60000002384185791015625</ele>
        <time>2026-10-04T05:26:16.000Z</time>
        <extensions>
          <ns3:TrackPointExtension>
            <ns3:hr>74</ns3:hr>
            <ns3:cad>0</ns3:cad>
          </ns3:TrackPointExtension>
        </extensions>
      </trkpt>
      <trkpt lat="31.299019195139408111572265625" lon="121.52474141679704189300537109375">
        <ele>0</ele>
        <time>2026-10-04T05:26:23.000Z</time>
        <extensions>
          <ns3:TrackPointExtension>
            <ns3:hr>77</ns3:hr>
            <ns3:cad>57</ns3:cad>
          </ns3:TrackPointExtension>
        </extensions>
      </trkpt>
      <trkpt lat="31.29903855733573436737060546875" lon="121.52472498826682567596435546875">
        <ele>0.20000000298023223876953125</ele>
        <time>2026-10-04T05:26:25.000Z</time>
        <extensions>
          <ns3:TrackPointExtension>
            <ns3:hr>77</ns3:hr>
            <ns3:cad>57</ns3:cad>
          </ns3:TrackPointExtension>
        </extensions>
      </trkpt>
      <trkpt lat="31.29910536110401153564453125" lon="121.52466447092592716217041015625">
        <ele>0.20000000298023223876953125</ele>
        <time>2026-10-04T05:26:33.000Z</time>
        <extensions>
          <ns3:TrackPointExtension>
            <ns3:hr>77</ns3:hr>
            <ns3:cad>0</ns3:cad>
          </ns3:TrackPointExtension>
        </extensions>
      </trkpt>
      <trkpt lat="31.29911608994007110595703125" lon="121.5246598608791828155517578125">
        <ele>0</ele>
        <time>2026-10-04T05:26:34.000Z</time>
        <extensions>
          <ns3:TrackPointExtension>
            <ns3:hr>76</ns3:hr>
            <ns3:cad>0</ns3:cad>
          </ns3:TrackPointExtension>
        </extensions>
      </trkpt>
      <trkpt lat="31.29912489093840122222900390625" lon="121.5246544964611530303955078125">
        <ele>0</ele>
        <time>2026-10-04T05:26:35.000Z</time>
        <extensions>
          <ns3:TrackPointExtension>
            <ns3:hr>76</ns3:hr>
            <ns3:cad>0</ns3:cad>
          </ns3:TrackPointExtension>
        </extensions>
      </trkpt>
      <trkpt lat="31.29917216487228870391845703125" lon="121.52462189085781574249267578125">
        <ele>-0.20000000298023223876953125</ele>
        <time>2026-10-04T05:26:41.000Z</time>
        <extensions>
          <ns3:TrackPointExtension>
            <ns3:hr>77</ns3:hr>
            <ns3:cad>52</ns3:cad>
          </ns3:TrackPointExtension>
        </extensions>
      </trkpt>
      <trkpt lat="31.2992294132709503173828125" lon="121.5245733596384525299072265625">
        <ele>0</ele>
        <time>2026-10-04T05:26:47.000Z</time>
        <extensions>
          <ns3:TrackPointExtension>
            <ns3:hr>76</ns3:hr>
            <ns3:cad>0</ns3:cad>
          </ns3:TrackPointExtension>
        </extensions>
      </trkpt>
      <trkpt lat="31.2992973066866397857666015625" lon="121.524473614990711212158203125">
        <ele>1.39999997615814208984375</ele>
        <time>2026-10-04T05:26:56.000Z</time>
        <extensions>
          <ns3:TrackPointExtension>
            <ns3:hr>75</ns3:hr>
            <ns3:cad>55</ns3:cad>
          </ns3:TrackPointExtension>
        </extensions>
      </trkpt>
      <trkpt lat="31.29930644296109676361083984375" lon="121.52446456253528594970703125">
        <ele>1.60000002384185791015625</ele>
        <time>2026-10-04T05:26:57.000Z</time>
        <extensions>
          <ns3:TrackPointExtension>
            <ns3:hr>75</ns3:hr>
            <ns3:cad>55</ns3:cad>
          </ns3:TrackPointExtension>
        </extensions>
      </trkpt>
      <trkpt lat="31.299355141818523406982421875" lon="121.52439038269221782684326171875">
        <ele>2.2000000476837158203125</ele>
        <time>2026-10-04T05:27:04.000Z</time>
        <extensions>
          <ns3:TrackPointExtension>
            <ns3:hr>76</ns3:hr>
            <ns3:cad>0</ns3:cad>
          </ns3:TrackPointExtension>
        </extensions>
      </trkpt>
      <trkpt lat="31.299372576177120208740234375" lon="121.52432869188487529754638671875">
        <ele>2.599999904632568359375</ele>
        <time>2026-10-04T05:27:10.000Z</time>
        <extensions>
          <ns3:TrackPointExtension>
            <ns3:hr>73</ns3:hr>
            <ns3:cad>55</ns3:cad>
          </ns3:TrackPointExtension>
        </extensions>
      </trkpt>
      <trkpt lat="31.29937768913805484771728515625" lon="121.52431293390691280364990234375">
        <ele>2.599999904632568359375</ele>
        <time>2026-10-04T05:27:11.000Z</time>
        <extensions>
          <ns3:TrackPointExtension>
            <ns3:hr>73</ns3:hr>
            <ns3:cad>55</ns3:cad>
          </ns3:TrackPointExtension>
        </extensions>
      </trkpt>
      <trkpt lat="31.2994126416742801666259765625" lon="121.52423389256000518798828125">
        <ele>2.599999904632568359375</ele>
        <time>2026-10-04T05:27:16.000Z</time>
        <extensions>
          <ns3:TrackPointExtension>
            <ns3:hr>72</ns3:hr>
            <ns3:cad>57</ns3:cad>
          </ns3:TrackPointExtension>
        </extensions>
      </trkpt>
      <trkpt lat="31.29942278377711772918701171875" lon="121.52423598803579807281494140625">
        <ele>2.400000095367431640625</ele>
        <time>2026-10-04T05:27:17.000Z</time>
        <extensions>
          <ns3:TrackPointExtension>
            <ns3:hr>72</ns3:hr>
            <ns3:cad>56</ns3:cad>
          </ns3:TrackPointExtension>
        </extensions>
      </trkpt>
      <trkpt lat="31.2994723208248615264892578125" lon="121.5242853574454784393310546875">
        <ele>1.7999999523162841796875</ele>
        <time>2026-10-04T05:27:23.000Z</time>
        <extensions>
          <ns3:TrackPointExtension>
            <ns3:hr>74</ns3:hr>
            <ns3:cad>54</ns3:cad>
          </ns3:TrackPointExtension>
        </extensions>
      </trkpt>
      <trkpt lat="31.2996054254472255706787109375" lon="121.52433908544480800628662109375">
        <ele>1.2000000476837158203125</ele>
        <time>2026-10-04T05:27:30.000Z</time>
        <extensions>
          <ns3:TrackPointExtension>
            <ns3:hr>75</ns3:hr>
            <ns3:cad>83</ns3:cad>
          </ns3:TrackPointExtension>
        </extensions>
      </trkpt>
      <trkpt lat="31.299653537571430206298828125" lon="121.52435593307018280029296875">
        <ele>1</ele>
        <time>2026-10-04T05:27:33.000Z</time>
        <extensions>
          <ns3:TrackPointExtension>
            <ns3:hr>78</ns3:hr>
            <ns3:cad>83</ns3:cad>
          </ns3:TrackPointExtension>
        </extensions>
      </trkpt>
      <trkpt lat="31.29968178458511829376220703125" lon="121.52436263859272003173828125">
        <ele>0.800000011920928955078125</ele>
        <time>2026-10-04T05:27:35.000Z</time>
        <extensions>
          <ns3:TrackPointExtension>
            <ns3:hr>81</ns3:hr>
            <ns3:cad>80</ns3:cad>
          </ns3:TrackPointExtension>
        </extensions>
      </trkpt>
      <trkpt lat="31.299700476229190826416015625" lon="121.52437160722911357879638671875">
        <ele>0.800000011920928955078125</ele>
        <time>2026-10-04T05:27:37.000Z</time>
        <extensions>
          <ns3:TrackPointExtension>
            <ns3:hr>84</ns3:hr>
            <ns3:cad>80</ns3:cad>
          </ns3:TrackPointExtension>
        </extensions>
      </trkpt>
      <trkpt lat="31.29971967078745365142822265625" lon="121.52438149787485599517822265625">
        <ele>0.60000002384185791015625</ele>
        <time>2026-10-04T05:27:39.000Z</time>
        <extensions>
          <ns3:TrackPointExtension>
            <ns3:hr>88</ns3:hr>
            <ns3:cad>55</ns3:cad>
          </ns3:TrackPointExtension>
        </extensions>
      </trkpt>
      <trkpt lat="31.299724280834197998046875" lon="121.5243899635970592498779296875">
        <ele>0.60000002384185791015625</ele>
        <time>2026-10-04T05:27:40.000Z</time>
        <extensions>
          <ns3:TrackPointExtension>
            <ns3:hr>90</ns3:hr>
            <ns3:cad>55</ns3:cad>
          </ns3:TrackPointExtension>
        </extensions>
      </trkpt>
      <trkpt lat="31.29971011541783809661865234375" lon="121.5244023688137531280517578125">
        <ele>0.60000002384185791015625</ele>
        <time>2026-10-04T05:27:42.000Z</time>
        <extensions>
          <ns3:TrackPointExtension>
            <ns3:hr>92</ns3:hr>
            <ns3:cad>54</ns3:cad>
          </ns3:TrackPointExtension>
        </extensions>
      </trkpt>
      <trkpt lat="31.2996719777584075927734375" lon="121.52438501827418804168701171875">
        <ele>0.800000011920928955078125</ele>
        <time>2026-10-04T05:27:45.000Z</time>
        <extensions>
          <ns3:TrackPointExtension>
            <ns3:hr>89</ns3:hr>
            <ns3:cad>51</ns3:cad>
          </ns3:TrackPointExtension>
        </extensions>
      </trkpt>
      <trkpt lat="31.299641132354736328125" lon="121.5243564359843730926513671875">
        <ele>1</ele>
        <time>2026-10-04T05:27:49.000Z</time>
        <extensions>
          <ns3:TrackPointExtension>
            <ns3:hr>87</ns3:hr>
            <ns3:cad>0</ns3:cad>
          </ns3:TrackPointExtension>
        </extensions>
      </trkpt>
      <trkpt lat="31.299538202583789825439453125" lon="121.52431838214397430419921875">
        <ele>1.60000002384185791015625</ele>
        <time>2026-10-04T05:27:58.000Z</time>
        <extensions>
          <ns3:TrackPointExtension>
            <ns3:hr>85</ns3:hr>
            <ns3:cad>0</ns3:cad>
          </ns3:TrackPointExtension>
        </extensions>
      </trkpt>
      <trkpt lat="31.29943233914673328399658203125" lon="121.5242813341319561004638671875">
        <ele>2.2000000476837158203125</ele>
        <time>2026-10-04T05:28:03.000Z</time>
        <extensions>
          <ns3:TrackPointExtension>
            <ns3:hr>82</ns3:hr>
            <ns3:cad>83</ns3:cad>
          </ns3:TrackPointExtension>
        </extensions>
      </trkpt>
      <trkpt lat="31.299418844282627105712890625" lon="121.52426934801042079925537109375">
        <ele>2.400000095367431640625</ele>
        <time>2026-10-04T05:28:04.000Z</time>
        <extensions>
          <ns3:TrackPointExtension>
            <ns3:hr>83</ns3:hr>
            <ns3:cad>83</ns3:cad>
          </ns3:TrackPointExtension>
        </extensions>
      </trkpt>
      <trkpt lat="31.29935882985591888427734375" lon="121.52418293058872222900390625">
        <ele>3</ele>
        <time>2026-10-04T05:28:11.000Z</time>
        <extensions>
          <ns3:TrackPointExtension>
            <ns3:hr>86</ns3:hr>
            <ns3:cad>74</ns3:cad>
          </ns3:TrackPointExtension>
        </extensions>
      </trkpt>
      <trkpt lat="31.29936025477945804595947265625" lon="121.52417127974331378936767578125">
        <ele>3</ele>
        <time>2026-10-04T05:28:12.000Z</time>
        <extensions>
          <ns3:TrackPointExtension>
            <ns3:hr>89</ns3:hr>
            <ns3:cad>74</ns3:cad>
          </ns3:TrackPointExtension>
        </extensions>
      </trkpt>
      <trkpt lat="31.29937098361551761627197265625" lon="121.52415082789957523345947265625">
        <ele>2.7999999523162841796875</ele>
        <time>2026-10-04T05:28:14.000Z</time>
        <extensions>
          <ns3:TrackPointExtension>
            <ns3:hr>92</ns3:hr>
            <ns3:cad>0</ns3:cad>
          </ns3:TrackPointExtension>
        </extensions>
      </trkpt>
      <trkpt lat="31.29940308630466461181640625" lon="121.52408075518906116485595703125">
        <ele>2.2000000476837158203125</ele>
        <time>2026-10-04T05:28:20.000Z</time>
        <extensions>
          <ns3:TrackPointExtension>
            <ns3:hr>93</ns3:hr>
            <ns3:cad>0</ns3:cad>
          </ns3:TrackPointExtension>
        </extensions>
      </trkpt>
      <trkpt lat="31.2994166649878025054931640625" lon="121.5240644104778766632080078125">
        <ele>1.7999999523162841796875</ele>
        <time>2026-10-04T05:28:22.000Z</time>
        <extensions>
          <ns3:TrackPointExtension>
            <ns3:hr>90</ns3:hr>
            <ns3:cad>55</ns3:cad>
          </ns3:TrackPointExtension>
        </extensions>
      </trkpt>
      <trkpt lat="31.2994501926004886627197265625" lon="121.524000205099582672119140625">
        <ele>1.2000000476837158203125</ele>
        <time>2026-10-04T05:28:28.000Z</time>
        <extensions>
          <ns3:TrackPointExtension>
            <ns3:hr>89</ns3:hr>
            <ns3:cad>54</ns3:cad>
          </ns3:TrackPointExtension>
        </extensions>
      </trkpt>
      <trkpt lat="31.2994734942913055419921875" lon="121.52394899167120456695556640625">
        <ele>0.800000011920928955078125</ele>
        <time>2026-10-04T05:28:33.000Z</time>
        <extensions>
          <ns3:TrackPointExtension>
            <ns3:hr>86</ns3:hr>
            <ns3:cad>53</ns3:cad>
          </ns3:TrackPointExtension>
        </extensions>
      </trkpt>
      <trkpt lat="31.2994904257357120513916015625" lon="121.5238971076905727386474609375">
        <ele>0.60000002384185791015625</ele>
        <time>2026-10-04T05:28:36.000Z</time>
        <extensions>
          <ns3:TrackPointExtension>
            <ns3:hr>82</ns3:hr>
            <ns3:cad>54</ns3:cad>
          </ns3:TrackPointExtension>
        </extensions>
      </trkpt>
      <trkpt lat="31.29953878931701183319091796875" lon="121.523795686662197113037109375">
        <ele>0</ele>
        <time>2026-10-04T05:28:45.000Z</time>
        <extensions>
          <ns3:TrackPointExtension>
            <ns3:hr>79</ns3:hr>
            <ns3:cad>54</ns3:cad>
          </ns3:TrackPointExtension>
        </extensions>
      </trkpt>
      <trkpt lat="31.29953795112669467926025390625" lon="121.52377397753298282623291015625">
        <ele>0.20000000298023223876953125</ele>
        <time>2026-10-04T05:28:47.000Z</time>
        <extensions>
          <ns3:TrackPointExtension>
            <ns3:hr>78</ns3:hr>
            <ns3:cad>54</ns3:cad>
          </ns3:TrackPointExtension>
        </extensions>
      </trkpt>
      <trkpt lat="31.29955320619046688079833984375" lon="121.52373475022614002227783203125">
        <ele>0.60000002384185791015625</ele>
        <time>2026-10-04T05:28:50.000Z</time>
        <extensions>
          <ns3:TrackPointExtension>
            <ns3:hr>77</ns3:hr>
            <ns3:cad>0</ns3:cad>
          </ns3:TrackPointExtension>
        </extensions>
      </trkpt>
      <trkpt lat="31.29955790005624294281005859375" lon="121.52371027506887912750244140625">
        <ele>0.800000011920928955078125</ele>
        <time>2026-10-04T05:28:52.000Z</time>
        <extensions>
          <ns3:TrackPointExtension>
            <ns3:hr>77</ns3:hr>
            <ns3:cad>54</ns3:cad>
          </ns3:TrackPointExtension>
        </extensions>
      </trkpt>
      <trkpt lat="31.29955991171300411224365234375" lon="121.52368261478841304779052734375">
        <ele>0.800000011920928955078125</ele>
        <time>2026-10-04T05:28:55.000Z</time>
        <extensions>
          <ns3:TrackPointExtension>
            <ns3:hr>77</ns3:hr>
            <ns3:cad>55</ns3:cad>
          </ns3:TrackPointExtension>
        </extensions>
      </trkpt>
      <trkpt lat="31.299580447375774383544921875" lon="121.5236174874007701873779296875">
        <ele>1.2000000476837158203125</ele>
        <time>2026-10-04T05:29:02.000Z</time>
        <extensions>
          <ns3:TrackPointExtension>
            <ns3:hr>76</ns3:hr>
            <ns3:cad>54</ns3:cad>
          </ns3:TrackPointExtension>
        </extensions>
      </trkpt>
      <trkpt lat="31.29960693418979644775390625" lon="121.5235889889299869537353515625">
        <ele>1.60000002384185791015625</ele>
        <time>2026-10-04T05:29:05.000Z</time>
        <extensions>
          <ns3:TrackPointExtension>
            <ns3:hr>76</ns3:hr>
            <ns3:cad>0</ns3:cad>
          </ns3:TrackPointExtension>
        </extensions>
      </trkpt>
      <trkpt lat="31.2996263802051544189453125" lon="121.52358203195035457611083984375">
        <ele>1.7999999523162841796875</ele>
        <time>2026-10-04T05:29:06.000Z</time>
        <extensions>
          <ns3:TrackPointExtension>
            <ns3:hr>75</ns3:hr>
            <ns3:cad>0</ns3:cad>
          </ns3:TrackPointExtension>
        </extensions>
      </trkpt>
      <trkpt lat="31.29964641295373439788818359375" lon="121.52358035556972026824951171875">
        <ele>2</ele>
        <time>2026-10-04T05:29:07.000Z</time>
        <extensions>
          <ns3:TrackPointExtension>
            <ns3:hr>75</ns3:hr>
            <ns3:cad>0</ns3:cad>
          </ns3:TrackPointExtension>
        </extensions>
      </trkpt>
      <trkpt lat="31.2996543757617473602294921875" lon="121.5235702134668827056884765625">
        <ele>2.2000000476837158203125</ele>
        <time>2026-10-04T05:29:10.000Z</time>
        <extensions>
          <ns3:TrackPointExtension>
            <ns3:hr>75</ns3:hr>
            <ns3:cad>0</ns3:cad>
          </ns3:TrackPointExtension>
        </extensions>
      </trkpt>
      <trkpt lat="31.29965378902852535247802734375" lon="121.52357700280845165252685546875">
        <ele>2</ele>
        <time>2026-10-04T05:29:16.000Z</time>
        <extensions>
          <ns3:TrackPointExtension>
            <ns3:hr>75</ns3:hr>
            <ns3:cad>0</ns3:cad>
          </ns3:TrackPointExtension>
        </extensions>
      </trkpt>
      <trkpt lat="31.29965948872268199920654296875" lon="121.52357918210327625274658203125">
        <ele>2.2000000476837158203125</ele>
        <time>2026-10-04T05:29:23.000Z</time>
        <extensions>
          <ns3:TrackPointExtension>
            <ns3:hr>75</ns3:hr>
            <ns3:cad>0</ns3:cad>
          </ns3:TrackPointExtension>
        </extensions>
      </trkpt>
      <trkpt lat="31.2996637634932994842529296875" lon="121.5235812775790691375732421875">
        <ele>2.2000000476837158203125</ele>
        <time>2026-10-04T05:29:29.000Z</time>
        <extensions>
          <ns3:TrackPointExtension>
            <ns3:hr>72</ns3:hr>
            <ns3:cad>0</ns3:cad>
          </ns3:TrackPointExtension>
        </extensions>
      </trkpt>
      <trkpt lat="31.2996637634932994842529296875" lon="121.5235812775790691375732421875">
        <ele>2.2000000476837158203125</ele>
        <time>2026-10-04T05:29:31.000Z</time>
        <extensions>
          <ns3:TrackPointExtension>
            <ns3:hr>72</ns3:hr>
            <ns3:cad>0</ns3:cad>
          </ns3:TrackPointExtension>
        </extensions>
      </trkpt>
      <trkpt lat="31.29967139102518558502197265625" lon="121.5235276333987712860107421875">
        <ele>2.599999904632568359375</ele>
        <time>2026-10-04T05:29:35.000Z</time>
        <extensions>
          <ns3:TrackPointExtension>
            <ns3:hr>72</ns3:hr>
            <ns3:cad>54</ns3:cad>
          </ns3:TrackPointExtension>
        </extensions>
      </trkpt>
      <trkpt lat="31.299668960273265838623046875" lon="121.523499302566051483154296875">
        <ele>2.7999999523162841796875</ele>
        <time>2026-10-04T05:29:37.000Z</time>
        <extensions>
          <ns3:TrackPointExtension>
            <ns3:hr>73</ns3:hr>
            <ns3:cad>55</ns3:cad>
          </ns3:TrackPointExtension>
        </extensions>
      </trkpt>
      <trkpt lat="31.299684047698974609375" lon="121.52344037778675556182861328125">
        <ele>3.400000095367431640625</ele>
        <time>2026-10-04T05:29:41.000Z</time>
        <extensions>
          <ns3:TrackPointExtension>
            <ns3:hr>73</ns3:hr>
            <ns3:cad>56</ns3:cad>
          </ns3:TrackPointExtension>
        </extensions>
      </trkpt>
      <trkpt lat="31.299684382975101470947265625" lon="121.5233841352164745330810546875">
        <ele>4.19999980926513671875</ele>
        <time>2026-10-04T05:29:46.000Z</time>
        <extensions>
          <ns3:TrackPointExtension>
            <ns3:hr>73</ns3:hr>
            <ns3:cad>57</ns3:cad>
          </ns3:TrackPointExtension>
        </extensions>
      </trkpt>
      <trkpt lat="31.29968781955540180206298828125" lon="121.52327609248459339141845703125">
        <ele>4.19999980926513671875</ele>
        <time>2026-10-04T05:29:52.000Z</time>
        <extensions>
          <ns3:TrackPointExtension>
            <ns3:hr>72</ns3:hr>
            <ns3:cad>56</ns3:cad>
          </ns3:TrackPointExtension>
        </extensions>
      </trkpt>
      <trkpt lat="31.2997033260762691497802734375" lon="121.52324558235704898834228515625">
        <ele>4.19999980926513671875</ele>
        <time>2026-10-04T05:29:54.000Z</time>
        <extensions>
          <ns3:TrackPointExtension>
            <ns3:hr>72</ns3:hr>
            <ns3:cad>55</ns3:cad>
          </ns3:TrackPointExtension>
        </extensions>
      </trkpt>
      <trkpt lat="31.29971615038812160491943359375" lon="121.52318841777741909027099609375">
        <ele>4</ele>
        <time>2026-10-04T05:29:59.000Z</time>
        <extensions>
          <ns3:TrackPointExtension>
            <ns3:hr>71</ns3:hr>
            <ns3:cad>47</ns3:cad>
          </ns3:TrackPointExtension>
        </extensions>
      </trkpt>
      <trkpt lat="31.29971296526491641998291015625" lon="121.52317567728459835052490234375">
        <ele>4</ele>
        <time>2026-10-04T05:30:00.000Z</time>
        <extensions>
          <ns3:TrackPointExtension>
            <ns3:hr>70</ns3:hr>
            <ns3:cad>47</ns3:cad>
          </ns3:TrackPointExtension>
        </extensions>
      </trkpt>
      <trkpt lat="31.29971162416040897369384765625" lon="121.5231035090982913970947265625">
        <ele>4</ele>
        <time>2026-10-04T05:30:05.000Z</time>
        <extensions>
          <ns3:TrackPointExtension>
            <ns3:hr>72</ns3:hr>
            <ns3:cad>56</ns3:cad>
          </ns3:TrackPointExtension>
        </extensions>
      </trkpt>
      <trkpt lat="31.29972738213837146759033203125" lon="121.52306973002851009368896484375">
        <ele>3.7999999523162841796875</ele>
        <time>2026-10-04T05:30:08.000Z</time>
        <extensions>
          <ns3:TrackPointExtension>
            <ns3:hr>75</ns3:hr>
            <ns3:cad>55</ns3:cad>
          </ns3:TrackPointExtension>
        </extensions>
      </trkpt>
      <trkpt lat="31.29975043237209320068359375" lon="121.5230317600071430206298828125">
        <ele>3.400000095367431640625</ele>
        <time>2026-10-04T05:30:11.000Z</time>
        <extensions>
          <ns3:TrackPointExtension>
            <ns3:hr>77</ns3:hr>
            <ns3:cad>56</ns3:cad>
          </ns3:TrackPointExtension>
        </extensions>
      </trkpt>
      <trkpt lat="31.2997623346745967864990234375" lon="121.5229898504912853240966796875">
        <ele>3.2000000476837158203125</ele>
        <time>2026-10-04T05:30:13.000Z</time>
        <extensions>
          <ns3:TrackPointExtension>
            <ns3:hr>80</ns3:hr>
            <ns3:cad>55</ns3:cad>
          </ns3:TrackPointExtension>
        </extensions>
      </trkpt>
      <trkpt lat="31.29976761527359485626220703125" lon="121.52297015301883220672607421875">
        <ele>3</ele>
        <time>2026-10-04T05:30:14.000Z</time>
        <extensions>
          <ns3:TrackPointExtension>
            <ns3:hr>78</ns3:hr>
            <ns3:cad>55</ns3:cad>
          </ns3:TrackPointExtension>
        </extensions>
      </trkpt>
      <trkpt lat="31.29979058168828487396240234375" lon="121.522921957075595855712890625">
        <ele>2.7999999523162841796875</ele>
        <time>2026-10-04T05:30:17.000Z</time>
        <extensions>
          <ns3:TrackPointExtension>
            <ns3:hr>78</ns3:hr>
            <ns3:cad>41</ns3:cad>
          </ns3:TrackPointExtension>
        </extensions>
      </trkpt>
      <trkpt lat="31.29980550147593021392822265625" lon="121.52290913276374340057373046875">
        <ele>2.599999904632568359375</ele>
        <time>2026-10-04T05:30:18.000Z</time>
        <extensions>
          <ns3:TrackPointExtension>
            <ns3:hr>78</ns3:hr>
            <ns3:cad>41</ns3:cad>
          </ns3:TrackPointExtension>
        </extensions>
      </trkpt>
      <trkpt lat="31.29982897080481052398681640625" lon="121.52287929318845272064208984375">
        <ele>2.400000095367431640625</ele>
        <time>2026-10-04T05:30:21.000Z</time>
        <extensions>
          <ns3:TrackPointExtension>
            <ns3:hr>78</ns3:hr>
            <ns3:cad>51</ns3:cad>
          </ns3:TrackPointExtension>
        </extensions>
      </trkpt>
      <trkpt lat="31.299826540052890777587890625" lon="121.52284182608127593994140625">
        <ele>2.400000095367431640625</ele>
        <time>2026-10-04T05:30:24.000Z</time>
        <extensions>
          <ns3:TrackPointExtension>
            <ns3:hr>77</ns3:hr>
            <ns3:cad>51</ns3:cad>
          </ns3:TrackPointExtension>
        </extensions>
      </trkpt>
      <trkpt lat="31.2998330779373645782470703125" lon="121.52282849885523319244384765625">
        <ele>2.2000000476837158203125</ele>
        <time>2026-10-04T05:30:25.000Z</time>
        <extensions>
          <ns3:TrackPointExtension>
            <ns3:hr>77</ns3:hr>
            <ns3:cad>51</ns3:cad>
          </ns3:TrackPointExtension>
        </extensions>
      </trkpt>
      <trkpt lat="31.29984389059245586395263671875" lon="121.52273143641650676727294921875">
        <ele>2.2000000476837158203125</ele>
        <time>2026-10-04T05:30:32.000Z</time>
        <extensions>
          <ns3:TrackPointExtension>
            <ns3:hr>75</ns3:hr>
            <ns3:cad>55</ns3:cad>
          </ns3:TrackPointExtension>
        </extensions>
      </trkpt>
      <trkpt lat="31.29985344596207141876220703125" lon="121.5226468630135059356689453125">
        <ele>2.400000095367431640625</ele>
        <time>2026-10-04T05:30:37.000Z</time>
        <extensions>
          <ns3:TrackPointExtension>
            <ns3:hr>72</ns3:hr>
            <ns3:cad>55</ns3:cad>
          </ns3:TrackPointExtension>
        </extensions>
      </trkpt>
      <trkpt lat="31.2998602353036403656005859375" lon="121.5226193703711032867431640625">
        <ele>2.400000095367431640625</ele>
        <time>2026-10-04T05:30:39.000Z</time>
        <extensions>
          <ns3:TrackPointExtension>
            <ns3:hr>73</ns3:hr>
            <ns3:cad>55</ns3:cad>
          </ns3:TrackPointExtension>
        </extensions>
      </trkpt>
      <trkpt lat="31.29986844956874847412109375" lon="121.52249121107161045074462890625">
        <ele>2.7999999523162841796875</ele>
        <time>2026-10-04T05:30:47.000Z</time>
        <extensions>
          <ns3:TrackPointExtension>
            <ns3:hr>76</ns3:hr>
            <ns3:cad>55</ns3:cad>
          </ns3:TrackPointExtension>
        </extensions>
      </trkpt>
      <trkpt lat="31.299889571964740753173828125" lon="121.5223892033100128173828125">
        <ele>3.2000000476837158203125</ele>
        <time>2026-10-04T05:30:54.000Z</time>
        <extensions>
          <ns3:TrackPointExtension>
            <ns3:hr>75</ns3:hr>
            <ns3:cad>57</ns3:cad>
          </ns3:TrackPointExtension>
        </extensions>
      </trkpt>
      <trkpt lat="31.299891583621501922607421875" lon="121.52236481197178363800048828125">
        <ele>3.2000000476837158203125</ele>
        <time>2026-10-04T05:30:56.000Z</time>
        <extensions>
          <ns3:TrackPointExtension>
            <ns3:hr>76</ns3:hr>
            <ns3:cad>57</ns3:cad>
          </ns3:TrackPointExtension>
        </extensions>
      </trkpt>
      <trkpt lat="31.299915723502635955810546875" lon="121.5222572721540927886962890625">
        <ele>3.2000000476837158203125</ele>
        <time>2026-10-04T05:31:03.000Z</time>
        <extensions>
          <ns3:TrackPointExtension>
            <ns3:hr>76</ns3:hr>
            <ns3:cad>57</ns3:cad>
          </ns3:TrackPointExtension>
        </extensions>
      </trkpt>
      <trkpt lat="31.29991781897842884063720703125" lon="121.52223908342421054840087890625">
        <ele>3</ele>
        <time>2026-10-04T05:31:04.000Z</time>
        <extensions>
          <ns3:TrackPointExtension>
            <ns3:hr>77</ns3:hr>
            <ns3:cad>57</ns3:cad>
          </ns3:TrackPointExtension>
        </extensions>
      </trkpt>
      <trkpt lat="31.29988177679479122161865234375" lon="121.5221677534282207489013671875">
        <ele>3.2000000476837158203125</ele>
        <time>2026-10-04T05:31:09.000Z</time>
        <extensions>
          <ns3:TrackPointExtension>
            <ns3:hr>77</ns3:hr>
            <ns3:cad>57</ns3:cad>
          </ns3:TrackPointExtension>
        </extensions>
      </trkpt>
      <trkpt lat="31.29985528998076915740966796875" lon="121.5221452899277210235595703125">
        <ele>3.2000000476837158203125</ele>
        <time>2026-10-04T05:31:12.000Z</time>
        <extensions>
          <ns3:TrackPointExtension>
            <ns3:hr>77</ns3:hr>
            <ns3:cad>57</ns3:cad>
          </ns3:TrackPointExtension>
        </extensions>
      </trkpt>
      <trkpt lat="31.2998548708856105804443359375" lon="121.52210966683924198150634765625">
        <ele>3.400000095367431640625</ele>
        <time>2026-10-04T05:31:15.000Z</time>
        <extensions>
          <ns3:TrackPointExtension>
            <ns3:hr>78</ns3:hr>
            <ns3:cad>58</ns3:cad>
          </ns3:TrackPointExtension>
        </extensions>
      </trkpt>
      <trkpt lat="31.299824528396129608154296875" lon="121.52198561467230319976806640625">
        <ele>3.400000095367431640625</ele>
        <time>2026-10-04T05:31:23.000Z</time>
        <extensions>
          <ns3:TrackPointExtension>
            <ns3:hr>78</ns3:hr>
            <ns3:cad>57</ns3:cad>
          </ns3:TrackPointExtension>
        </extensions>
      </trkpt>
      <trkpt lat="31.29982880316674709320068359375" lon="121.5219471417367458343505859375">
        <ele>3.400000095367431640625</ele>
        <time>2026-10-04T05:31:26.000Z</time>
        <extensions>
          <ns3:TrackPointExtension>
            <ns3:hr>77</ns3:hr>
            <ns3:cad>57</ns3:cad>
          </ns3:TrackPointExtension>
        </extensions>
      </trkpt>
      <trkpt lat="31.299825198948383331298828125" lon="121.52191579341888427734375">
        <ele>3.2000000476837158203125</ele>
        <time>2026-10-04T05:31:28.000Z</time>
        <extensions>
          <ns3:TrackPointExtension>
            <ns3:hr>75</ns3:hr>
            <ns3:cad>57</ns3:cad>
          </ns3:TrackPointExtension>
        </extensions>
      </trkpt>
      <trkpt lat="31.299829892814159393310546875" lon="121.521893329918384552001953125">
        <ele>3.2000000476837158203125</ele>
        <time>2026-10-04T05:31:29.000Z</time>
        <extensions>
          <ns3:TrackPointExtension>
            <ns3:hr>77</ns3:hr>
            <ns3:cad>57</ns3:cad>
          </ns3:TrackPointExtension>
        </extensions>
      </trkpt>
      <trkpt lat="31.299833245575428009033203125" lon="121.52177757583558559417724609375">
        <ele>2.7999999523162841796875</ele>
        <time>2026-10-04T05:31:33.000Z</time>
        <extensions>
          <ns3:TrackPointExtension>
            <ns3:hr>80</ns3:hr>
            <ns3:cad>78</ns3:cad>
          </ns3:TrackPointExtension>
        </extensions>
      </trkpt>
      <trkpt lat="31.29982343874871730804443359375" lon="121.52174371294677257537841796875">
        <ele>2.599999904632568359375</ele>
        <time>2026-10-04T05:31:34.000Z</time>
        <extensions>
          <ns3:TrackPointExtension>
            <ns3:hr>79</ns3:hr>
            <ns3:cad>78</ns3:cad>
          </ns3:TrackPointExtension>
        </extensions>
      </trkpt>
      <trkpt lat="31.29982042126357555389404296875" lon="121.5217225067317485809326171875">
        <ele>2.599999904632568359375</ele>
        <time>2026-10-04T05:31:35.000Z</time>
        <extensions>
          <ns3:TrackPointExtension>
            <ns3:hr>78</ns3:hr>
            <ns3:cad>78</ns3:cad>
          </ns3:TrackPointExtension>
        </extensions>
      </trkpt>
      <trkpt lat="31.299819834530353546142578125" lon="121.5216953493654727935791015625">
        <ele>2.599999904632568359375</ele>
        <time>2026-10-04T05:31:38.000Z</time>
        <extensions>
          <ns3:TrackPointExtension>
            <ns3:hr>81</ns3:hr>
            <ns3:cad>0</ns3:cad>
          </ns3:TrackPointExtension>
        </extensions>
      </trkpt>
      <trkpt lat="31.2998189963400363922119140625" lon="121.52169493027031421661376953125">
        <ele>2.599999904632568359375</ele>
        <time>2026-10-04T05:31:39.000Z</time>
        <extensions>
          <ns3:TrackPointExtension>
            <ns3:hr>82</ns3:hr>
            <ns3:cad>0</ns3:cad>
          </ns3:TrackPointExtension>
        </extensions>
      </trkpt>
      <trkpt lat="31.29980851896107196807861328125" lon="121.52167850174009799957275390625">
        <ele>2.599999904632568359375</ele>
        <time>2026-10-04T05:31:45.000Z</time>
        <extensions>
          <ns3:TrackPointExtension>
            <ns3:hr>85</ns3:hr>
            <ns3:cad>49</ns3:cad>
          </ns3:TrackPointExtension>
        </extensions>
      </trkpt>
      <trkpt lat="31.29980851896107196807861328125" lon="121.5216480754315853118896484375">
        <ele>2.599999904632568359375</ele>
        <time>2026-10-04T05:31:49.000Z</time>
        <extensions>
          <ns3:TrackPointExtension>
            <ns3:hr>87</ns3:hr>
            <ns3:cad>0</ns3:cad>
          </ns3:TrackPointExtension>
        </extensions>
      </trkpt>
      <trkpt lat="31.299791671335697174072265625" lon="121.52158563025295734405517578125">
        <ele>2.400000095367431640625</ele>
        <time>2026-10-04T05:31:55.000Z</time>
        <extensions>
          <ns3:TrackPointExtension>
            <ns3:hr>88</ns3:hr>
            <ns3:cad>52</ns3:cad>
          </ns3:TrackPointExtension>
        </extensions>
      </trkpt>
      <trkpt lat="31.29974733106791973114013671875" lon="121.52149275876581668853759765625">
        <ele>2.2000000476837158203125</ele>
        <time>2026-10-04T05:32:00.000Z</time>
        <extensions>
          <ns3:TrackPointExtension>
            <ns3:hr>90</ns3:hr>
            <ns3:cad>0</ns3:cad>
          </ns3:TrackPointExtension>
        </extensions>
      </trkpt>
      <trkpt lat="31.299643479287624359130859375" lon="121.52138530276715755462646484375">
        <ele>2.400000095367431640625</ele>
        <time>2026-10-04T05:32:05.000Z</time>
        <extensions>
          <ns3:TrackPointExtension>
            <ns3:hr>87</ns3:hr>
            <ns3:cad>83</ns3:cad>
          </ns3:TrackPointExtension>
        </extensions>
      </trkpt>
      <trkpt lat="31.29959310404956340789794921875" lon="121.5213275514543056488037109375">
        <ele>2.599999904632568359375</ele>
        <time>2026-10-04T05:32:08.000Z</time>
        <extensions>
          <ns3:TrackPointExtension>
            <ns3:hr>90</ns3:hr>
            <ns3:cad>84</ns3:cad>
          </ns3:TrackPointExtension>
        </extensions>
      </trkpt>
      <trkpt lat="31.29956133663654327392578125" lon="121.52128807269036769866943359375">
        <ele>2.599999904632568359375</ele>
        <time>2026-10-04T05:32:10.000Z</time>
        <extensions>
          <ns3:TrackPointExtension>
            <ns3:hr>92</ns3:hr>
            <ns3:cad>84</ns3:cad>
          </ns3:TrackPointExtension>
        </extensions>
      </trkpt>
      <trkpt lat="31.29954524338245391845703125" lon="121.521268375217914581298828125">
        <ele>2.7999999523162841796875</ele>
        <time>2026-10-04T05:32:11.000Z</time>
        <extensions>
          <ns3:TrackPointExtension>
            <ns3:hr>95</ns3:hr>
            <ns3:cad>84</ns3:cad>
          </ns3:TrackPointExtension>
        </extensions>
      </trkpt>
      <trkpt lat="31.29951548762619495391845703125" lon="121.52122981846332550048828125">
        <ele>3</ele>
        <time>2026-10-04T05:32:13.000Z</time>
        <extensions>
          <ns3:TrackPointExtension>
            <ns3:hr>99</ns3:hr>
            <ns3:cad>85</ns3:cad>
          </ns3:TrackPointExtension>
        </extensions>
      </trkpt>
      <trkpt lat="31.29947240464389324188232421875" lon="121.52113451622426509857177734375">
        <ele>3.400000095367431640625</ele>
        <time>2026-10-04T05:32:17.000Z</time>
        <extensions>
          <ns3:TrackPointExtension>
            <ns3:hr>102</ns3:hr>
            <ns3:cad>84</ns3:cad>
          </ns3:TrackPointExtension>
        </extensions>
      </trkpt>
      <trkpt lat="31.29942990839481353759765625" lon="121.521040387451648712158203125">
        <ele>4.400000095367431640625</ele>
        <time>2026-10-04T05:32:22.000Z</time>
        <extensions>
          <ns3:TrackPointExtension>
            <ns3:hr>105</ns3:hr>
            <ns3:cad>83</ns3:cad>
          </ns3:TrackPointExtension>
        </extensions>
      </trkpt>
      <trkpt lat="31.29942127503454685211181640625" lon="121.52099386788904666900634765625">
        <ele>4.80000019073486328125</ele>
        <time>2026-10-04T05:32:25.000Z</time>
        <extensions>
          <ns3:TrackPointExtension>
            <ns3:hr>106</ns3:hr>
            <ns3:cad>0</ns3:cad>
          </ns3:TrackPointExtension>
        </extensions>
      </trkpt>
      <trkpt lat="31.29940719343721866607666015625" lon="121.5209627710282802581787109375">
        <ele>5</ele>
        <time>2026-10-04T05:32:28.000Z</time>
        <extensions>
          <ns3:TrackPointExtension>
            <ns3:hr>104</ns3:hr>
            <ns3:cad>0</ns3:cad>
          </ns3:TrackPointExtension>
        </extensions>
      </trkpt>
      <trkpt lat="31.2993814609944820404052734375" lon="121.520941145718097686767578125">
        <ele>5.400000095367431640625</ele>
        <time>2026-10-04T05:32:31.000Z</time>
        <extensions>
          <ns3:TrackPointExtension>
            <ns3:hr>101</ns3:hr>
            <ns3:cad>56</ns3:cad>
          </ns3:TrackPointExtension>
        </extensions>
      </trkpt>
      <trkpt lat="31.29936595447361469268798828125" lon="121.52092262171208858489990234375">
        <ele>5.599999904632568359375</ele>
        <time>2026-10-04T05:32:32.000Z</time>
        <extensions>
          <ns3:TrackPointExtension>
            <ns3:hr>100</ns3:hr>
            <ns3:cad>56</ns3:cad>
          </ns3:TrackPointExtension>
        </extensions>
      </trkpt>
      <trkpt lat="31.29932538606226444244384765625" lon="121.520840227603912353515625">
        <ele>6.19999980926513671875</ele>
        <time>2026-10-04T05:32:38.000Z</time>
        <extensions>
          <ns3:TrackPointExtension>
            <ns3:hr>99</ns3:hr>
            <ns3:cad>55</ns3:cad>
          </ns3:TrackPointExtension>
        </extensions>
      </trkpt>
      <trkpt lat="31.29929638467729091644287109375" lon="121.52076856233179569244384765625">
        <ele>6.599999904632568359375</ele>
        <time>2026-10-04T05:32:45.000Z</time>
        <extensions>
          <ns3:TrackPointExtension>
            <ns3:hr>96</ns3:hr>
            <ns3:cad>54</ns3:cad>
          </ns3:TrackPointExtension>
        </extensions>
      </trkpt>
      <trkpt lat="31.29928649403154850006103515625" lon="121.5207388065755367279052734375">
        <ele>6.599999904632568359375</ele>
        <time>2026-10-04T05:32:48.000Z</time>
        <extensions>
          <ns3:TrackPointExtension>
            <ns3:hr>94</ns3:hr>
            <ns3:cad>52</ns3:cad>
          </ns3:TrackPointExtension>
        </extensions>
      </trkpt>
      <trkpt lat="31.29928280599415302276611328125" lon="121.5206831507384777069091796875">
        <ele>6.599999904632568359375</ele>
        <time>2026-10-04T05:32:52.000Z</time>
        <extensions>
          <ns3:TrackPointExtension>
            <ns3:hr>91</ns3:hr>
            <ns3:cad>0</ns3:cad>
          </ns3:TrackPointExtension>
        </extensions>
      </trkpt>
      <trkpt lat="31.299276016652584075927734375" lon="121.52062095701694488525390625">
        <ele>6.400000095367431640625</ele>
        <time>2026-10-04T05:32:56.000Z</time>
        <extensions>
          <ns3:TrackPointExtension>
            <ns3:hr>88</ns3:hr>
            <ns3:cad>54</ns3:cad>
          </ns3:TrackPointExtension>
        </extensions>
      </trkpt>
      <trkpt lat="31.29927140660583972930908203125" lon="121.5206117369234561920166015625">
        <ele>6.400000095367431640625</ele>
        <time>2026-10-04T05:32:57.000Z</time>
        <extensions>
          <ns3:TrackPointExtension>
            <ns3:hr>87</ns3:hr>
            <ns3:cad>54</ns3:cad>
          </ns3:TrackPointExtension>
        </extensions>
      </trkpt>
      <trkpt lat="31.2992553971707820892333984375" lon="121.5205939672887325286865234375">
        <ele>6.400000095367431640625</ele>
        <time>2026-10-04T05:33:00.000Z</time>
        <extensions>
          <ns3:TrackPointExtension>
            <ns3:hr>86</ns3:hr>
            <ns3:cad>53</ns3:cad>
          </ns3:TrackPointExtension>
        </extensions>
      </trkpt>
      <trkpt lat="31.2992352806031703948974609375" lon="121.52055524289608001708984375">
        <ele>6.400000095367431640625</ele>
        <time>2026-10-04T05:33:04.000Z</time>
        <extensions>
          <ns3:TrackPointExtension>
            <ns3:hr>83</ns3:hr>
            <ns3:cad>52</ns3:cad>
          </ns3:TrackPointExtension>
        </extensions>
      </trkpt>
      <trkpt lat="31.29923838190734386444091796875" lon="121.52052531950175762176513671875">
        <ele>6.19999980926513671875</ele>
        <time>2026-10-04T05:33:10.000Z</time>
        <extensions>
          <ns3:TrackPointExtension>
            <ns3:hr>81</ns3:hr>
            <ns3:cad>0</ns3:cad>
          </ns3:TrackPointExtension>
        </extensions>
      </trkpt>
      <trkpt lat="31.2992369569838047027587890625" lon="121.5205245651304721832275390625">
        <ele>6.19999980926513671875</ele>
        <time>2026-10-04T05:33:12.000Z</time>
        <extensions>
          <ns3:TrackPointExtension>
            <ns3:hr>78</ns3:hr>
            <ns3:cad>0</ns3:cad>
          </ns3:TrackPointExtension>
        </extensions>
      </trkpt>
      <trkpt lat="31.299235112965106964111328125" lon="121.5205249004065990447998046875">
        <ele>6.19999980926513671875</ele>
        <time>2026-10-04T05:33:25.000Z</time>
        <extensions>
          <ns3:TrackPointExtension>
            <ns3:hr>79</ns3:hr>
            <ns3:cad>0</ns3:cad>
          </ns3:TrackPointExtension>
        </extensions>
      </trkpt>
      <trkpt lat="31.299235112965106964111328125" lon="121.52052439749240875244140625">
        <ele>6.19999980926513671875</ele>
        <time>2026-10-04T05:33:32.000Z</time>
        <extensions>
          <ns3:TrackPointExtension>
            <ns3:hr>76</ns3:hr>
            <ns3:cad>0</ns3:cad>
          </ns3:TrackPointExtension>
        </extensions>
      </trkpt>
      <trkpt lat="31.2991806305944919586181640625" lon="121.52047938667237758636474609375">
        <ele>6.599999904632568359375</ele>
        <time>2026-10-04T05:34:05.000Z</time>
        <extensions>
          <ns3:TrackPointExtension>
            <ns3:hr>75</ns3:hr>
            <ns3:cad>53</ns3:cad>
          </ns3:TrackPointExtension>
        </extensions>
      </trkpt>
      <trkpt lat="31.29912824369966983795166015625" lon="121.52045222930610179901123046875">
        <ele>7</ele>
        <time>2026-10-04T05:34:09.000Z</time>
        <extensions>
          <ns3:TrackPointExtension>
            <ns3:hr>75</ns3:hr>
            <ns3:cad>55</ns3:cad>
          </ns3:TrackPointExtension>
        </extensions>
      </trkpt>
      <trkpt lat="31.29907761700451374053955078125" lon="121.520458348095417022705078125">
        <ele>7.599999904632568359375</ele>
        <time>2026-10-04T05:34:11.000Z</time>
        <extensions>
          <ns3:TrackPointExtension>
            <ns3:hr>75</ns3:hr>
            <ns3:cad>55</ns3:cad>
          </ns3:TrackPointExtension>
        </extensions>
      </trkpt>
      <trkpt lat="31.298952139914035797119140625" lon="121.52049891650676727294921875">
        <ele>9</ele>
        <time>2026-10-04T05:34:17.000Z</time>
        <extensions>
          <ns3:TrackPointExtension>
            <ns3:hr>77</ns3:hr>
            <ns3:cad>83</ns3:cad>
          </ns3:TrackPointExtension>
        </extensions>
      </trkpt>
      <trkpt lat="31.29893244244158267974853515625" lon="121.52050067670643329620361328125">
        <ele>9.19999980926513671875</ele>
        <time>2026-10-04T05:34:18.000Z</time>
        <extensions>
          <ns3:TrackPointExtension>
            <ns3:hr>80</ns3:hr>
            <ns3:cad>83</ns3:cad>
          </ns3:TrackPointExtension>
        </extensions>
      </trkpt>
      <trkpt lat="31.2988939695060253143310546875" lon="121.52051274664700031280517578125">
        <ele>9.6000003814697265625</ele>
        <time>2026-10-04T05:34:21.000Z</time>
        <extensions>
          <ns3:TrackPointExtension>
            <ns3:hr>83</ns3:hr>
            <ns3:cad>0</ns3:cad>
          </ns3:TrackPointExtension>
        </extensions>
      </trkpt>
      <trkpt lat="31.2988190352916717529296875" lon="121.52054577134549617767333984375">
        <ele>10</ele>
        <time>2026-10-04T05:34:28.000Z</time>
        <extensions>
          <ns3:TrackPointExtension>
            <ns3:hr>82</ns3:hr>
            <ns3:cad>0</ns3:cad>
          </ns3:TrackPointExtension>
        </extensions>
      </trkpt>
      <trkpt lat="31.2987310253083705902099609375" lon="121.52057779021561145782470703125">
        <ele>9.6000003814697265625</ele>
        <time>2026-10-04T05:34:35.000Z</time>
        <extensions>
          <ns3:TrackPointExtension>
            <ns3:hr>80</ns3:hr>
            <ns3:cad>82</ns3:cad>
          </ns3:TrackPointExtension>
        </extensions>
      </trkpt>
      <trkpt lat="31.298601441085338592529296875" lon="121.5206429176032543182373046875">
        <ele>8.80000019073486328125</ele>
        <time>2026-10-04T05:34:41.000Z</time>
        <extensions>
          <ns3:TrackPointExtension>
            <ns3:hr>83</ns3:hr>
            <ns3:cad>84</ns3:cad>
          </ns3:TrackPointExtension>
        </extensions>
      </trkpt>
      <trkpt lat="31.2985590286552906036376953125" lon="121.5206643752753734588623046875">
        <ele>8.19999980926513671875</ele>
        <time>2026-10-04T05:34:43.000Z</time>
        <extensions>
          <ns3:TrackPointExtension>
            <ns3:hr>85</ns3:hr>
            <ns3:cad>84</ns3:cad>
          </ns3:TrackPointExtension>
        </extensions>
      </trkpt>
      <trkpt lat="31.298492811620235443115234375" lon="121.52069698087871074676513671875">
        <ele>7.19999980926513671875</ele>
        <time>2026-10-04T05:34:46.000Z</time>
        <extensions>
          <ns3:TrackPointExtension>
            <ns3:hr>88</ns3:hr>
            <ns3:cad>83</ns3:cad>
          </ns3:TrackPointExtension>
        </extensions>
      </trkpt>
      <trkpt lat="31.29837554879486560821533203125" lon="121.5207294188439846038818359375">
        <ele>5.599999904632568359375</ele>
        <time>2026-10-04T05:34:51.000Z</time>
        <extensions>
          <ns3:TrackPointExtension>
            <ns3:hr>92</ns3:hr>
            <ns3:cad>84</ns3:cad>
          </ns3:TrackPointExtension>
        </extensions>
      </trkpt>
      <trkpt lat="31.2983270175755023956298828125" lon="121.52074526064097881317138671875">
        <ele>5.19999980926513671875</ele>
        <time>2026-10-04T05:34:53.000Z</time>
        <extensions>
          <ns3:TrackPointExtension>
            <ns3:hr>95</ns3:hr>
            <ns3:cad>82</ns3:cad>
          </ns3:TrackPointExtension>
        </extensions>
      </trkpt>
      <trkpt lat="31.29826004616916179656982421875" lon="121.5207599289715290069580078125">
        <ele>5.19999980926513671875</ele>
        <time>2026-10-04T05:34:56.000Z</time>
        <extensions>
          <ns3:TrackPointExtension>
            <ns3:hr>98</ns3:hr>
            <ns3:cad>83</ns3:cad>
          </ns3:TrackPointExtension>
        </extensions>
      </trkpt>
      <trkpt lat="31.29820707254111766815185546875" lon="121.52078398503363132476806640625">
        <ele>5</ele>
        <time>2026-10-04T05:34:59.000Z</time>
        <extensions>
          <ns3:TrackPointExtension>
            <ns3:hr>99</ns3:hr>
            <ns3:cad>83</ns3:cad>
          </ns3:TrackPointExtension>
        </extensions>
      </trkpt>
      <trkpt lat="31.29802233539521694183349609375" lon="121.52085707522928714752197265625">
        <ele>5.599999904632568359375</ele>
        <time>2026-10-04T05:35:07.000Z</time>
        <extensions>
          <ns3:TrackPointExtension>
            <ns3:hr>102</ns3:hr>
            <ns3:cad>83</ns3:cad>
          </ns3:TrackPointExtension>
        </extensions>
      </trkpt>
      <trkpt lat="31.29800104536116123199462890625" lon="121.52086503803730010986328125">
        <ele>5.599999904632568359375</ele>
        <time>2026-10-04T05:35:08.000Z</time>
        <extensions>
          <ns3:TrackPointExtension>
            <ns3:hr>103</ns3:hr>
            <ns3:cad>83</ns3:cad>
          </ns3:TrackPointExtension>
        </extensions>
      </trkpt>
      <trkpt lat="31.297961063683032989501953125" lon="121.5208806283771991729736328125">
        <ele>5.80000019073486328125</ele>
        <time>2026-10-04T05:35:10.000Z</time>
        <extensions>
          <ns3:TrackPointExtension>
            <ns3:hr>106</ns3:hr>
            <ns3:cad>83</ns3:cad>
          </ns3:TrackPointExtension>
        </extensions>
      </trkpt>
      <trkpt lat="31.29787246696650981903076171875" lon="121.52090569026768207550048828125">
        <ele>6.400000095367431640625</ele>
        <time>2026-10-04T05:35:14.000Z</time>
        <extensions>
          <ns3:TrackPointExtension>
            <ns3:hr>109</ns3:hr>
            <ns3:cad>84</ns3:cad>
          </ns3:TrackPointExtension>
        </extensions>
      </trkpt>
      <trkpt lat="31.2977875582873821258544921875" lon="121.52095220983028411865234375">
        <ele>7</ele>
        <time>2026-10-04T05:35:18.000Z</time>
        <extensions>
          <ns3:TrackPointExtension>
            <ns3:hr>110</ns3:hr>
            <ns3:cad>84</ns3:cad>
          </ns3:TrackPointExtension>
        </extensions>
      </trkpt>
      <trkpt lat="31.29766501486301422119140625" lon="121.52098950929939746856689453125">
        <ele>7.400000095367431640625</ele>
        <time>2026-10-04T05:35:25.000Z</time>
        <extensions>
          <ns3:TrackPointExtension>
            <ns3:hr>110</ns3:hr>
            <ns3:cad>83</ns3:cad>
          </ns3:TrackPointExtension>
        </extensions>
      </trkpt>
      <trkpt lat="31.2975910864770412445068359375" lon="121.52099403552711009979248046875">
        <ele>7.599999904632568359375</ele>
        <time>2026-10-04T05:35:32.000Z</time>
        <extensions>
          <ns3:TrackPointExtension>
            <ns3:hr>112</ns3:hr>
            <ns3:cad>0</ns3:cad>
          </ns3:TrackPointExtension>
        </extensions>
      </trkpt>
      <trkpt lat="31.297570131719112396240234375" lon="121.52099646627902984619140625">
        <ele>7.80000019073486328125</ele>
        <time>2026-10-04T05:35:34.000Z</time>
        <extensions>
          <ns3:TrackPointExtension>
            <ns3:hr>112</ns3:hr>
            <ns3:cad>55</ns3:cad>
          </ns3:TrackPointExtension>
        </extensions>
      </trkpt>
      <trkpt lat="31.29751221276819705963134765625" lon="121.52102203108370304107666015625">
        <ele>8</ele>
        <time>2026-10-04T05:35:39.000Z</time>
        <extensions>
          <ns3:TrackPointExtension>
            <ns3:hr>110</ns3:hr>
            <ns3:cad>55</ns3:cad>
          </ns3:TrackPointExtension>
        </extensions>
      </trkpt>
      <trkpt lat="31.29743007011711597442626953125" lon="121.52105505578219890594482421875">
        <ele>8.19999980926513671875</ele>
        <time>2026-10-04T05:35:43.000Z</time>
        <extensions>
          <ns3:TrackPointExtension>
            <ns3:hr>107</ns3:hr>
            <ns3:cad>82</ns3:cad>
          </ns3:TrackPointExtension>
        </extensions>
      </trkpt>
      <trkpt lat="31.29739251919090747833251953125" lon="121.521072573959827423095703125">
        <ele>8.3999996185302734375</ele>
        <time>2026-10-04T05:35:45.000Z</time>
        <extensions>
          <ns3:TrackPointExtension>
            <ns3:hr>106</ns3:hr>
            <ns3:cad>83</ns3:cad>
          </ns3:TrackPointExtension>
        </extensions>
      </trkpt>
      <trkpt lat="31.29721934907138347625732421875" lon="121.52114926837384700775146484375">
        <ele>9</ele>
        <time>2026-10-04T05:35:53.000Z</time>
        <extensions>
          <ns3:TrackPointExtension>
            <ns3:hr>104</ns3:hr>
            <ns3:cad>84</ns3:cad>
          </ns3:TrackPointExtension>
        </extensions>
      </trkpt>
      <trkpt lat="31.29706294275820255279541015625" lon="121.521217413246631622314453125">
        <ele>8.3999996185302734375</ele>
        <time>2026-10-04T05:36:01.000Z</time>
        <extensions>
          <ns3:TrackPointExtension>
            <ns3:hr>106</ns3:hr>
            <ns3:cad>84</ns3:cad>
          </ns3:TrackPointExtension>
        </extensions>
      </trkpt>
      <trkpt lat="31.2969550676643848419189453125" lon="121.5212672017514705657958984375">
        <ele>7.80000019073486328125</ele>
        <time>2026-10-04T05:36:08.000Z</time>
        <extensions>
          <ns3:TrackPointExtension>
            <ns3:hr>109</ns3:hr>
            <ns3:cad>84</ns3:cad>
          </ns3:TrackPointExtension>
        </extensions>
      </trkpt>
      <trkpt lat="31.29688315093517303466796875" lon="121.521289162337779998779296875">
        <ele>8</ele>
        <time>2026-10-04T05:36:15.000Z</time>
        <extensions>
          <ns3:TrackPointExtension>
            <ns3:hr>109</ns3:hr>
            <ns3:cad>55</ns3:cad>
          </ns3:TrackPointExtension>
        </extensions>
      </trkpt>
      <trkpt lat="31.29683009348809719085693359375" lon="121.5213060937821865081787109375">
        <ele>8</ele>
        <time>2026-10-04T05:36:21.000Z</time>
        <extensions>
          <ns3:TrackPointExtension>
            <ns3:hr>108</ns3:hr>
            <ns3:cad>53</ns3:cad>
          </ns3:TrackPointExtension>
        </extensions>
      </trkpt>
      <trkpt lat="31.29681668244302272796630859375" lon="121.5213243663311004638671875">
        <ele>8</ele>
        <time>2026-10-04T05:36:23.000Z</time>
        <extensions>
          <ns3:TrackPointExtension>
            <ns3:hr>107</ns3:hr>
            <ns3:cad>53</ns3:cad>
          </ns3:TrackPointExtension>
        </extensions>
      </trkpt>
      <trkpt lat="31.296816766262054443359375" lon="121.52136652730405330657958984375">
        <ele>7.80000019073486328125</ele>
        <time>2026-10-04T05:36:26.000Z</time>
        <extensions>
          <ns3:TrackPointExtension>
            <ns3:hr>103</ns3:hr>
            <ns3:cad>53</ns3:cad>
          </ns3:TrackPointExtension>
        </extensions>
      </trkpt>
      <trkpt lat="31.2968471087515354156494140625" lon="121.5213624201714992523193359375">
        <ele>7.80000019073486328125</ele>
        <time>2026-10-04T05:36:29.000Z</time>
        <extensions>
          <ns3:TrackPointExtension>
            <ns3:hr>102</ns3:hr>
            <ns3:cad>51</ns3:cad>
          </ns3:TrackPointExtension>
        </extensions>
      </trkpt>
      <trkpt lat="31.29686529748141765594482421875" lon="121.5213525295257568359375">
        <ele>7.80000019073486328125</ele>
        <time>2026-10-04T05:36:31.000Z</time>
        <extensions>
          <ns3:TrackPointExtension>
            <ns3:hr>99</ns3:hr>
            <ns3:cad>53</ns3:cad>
          </ns3:TrackPointExtension>
        </extensions>
      </trkpt>
      <trkpt lat="31.29689698107540607452392578125" lon="121.5213523618876934051513671875">
        <ele>7.599999904632568359375</ele>
        <time>2026-10-04T05:36:35.000Z</time>
        <extensions>
          <ns3:TrackPointExtension>
            <ns3:hr>96</ns3:hr>
            <ns3:cad>0</ns3:cad>
          </ns3:TrackPointExtension>
        </extensions>
      </trkpt>
      <trkpt lat="31.29690335132181644439697265625" lon="121.5213516913354396820068359375">
        <ele>7.599999904632568359375</ele>
        <time>2026-10-04T05:36:36.000Z</time>
        <extensions>
          <ns3:TrackPointExtension>
            <ns3:hr>94</ns3:hr>
            <ns3:cad>0</ns3:cad>
          </ns3:TrackPointExtension>
        </extensions>
      </trkpt>
      <trkpt lat="31.2969470210373401641845703125" lon="121.52134054340422153472900390625">
        <ele>7.599999904632568359375</ele>
        <time>2026-10-04T05:36:40.000Z</time>
        <extensions>
          <ns3:TrackPointExtension>
            <ns3:hr>91</ns3:hr>
            <ns3:cad>0</ns3:cad>
          </ns3:TrackPointExtension>
        </extensions>
      </trkpt>
      <trkpt lat="31.29695515148341655731201171875" lon="121.52133903466165065765380859375">
        <ele>7.599999904632568359375</ele>
        <time>2026-10-04T05:36:41.000Z</time>
        <extensions>
          <ns3:TrackPointExtension>
            <ns3:hr>91</ns3:hr>
            <ns3:cad>0</ns3:cad>
          </ns3:TrackPointExtension>
        </extensions>
      </trkpt>
      <trkpt lat="31.29697945900261402130126953125" lon="121.52133442461490631103515625">
        <ele>7.599999904632568359375</ele>
        <time>2026-10-04T05:36:45.000Z</time>
        <extensions>
          <ns3:TrackPointExtension>
            <ns3:hr>88</ns3:hr>
            <ns3:cad>0</ns3:cad>
          </ns3:TrackPointExtension>
        </extensions>
      </trkpt>
      <trkpt lat="31.2969942949712276458740234375" lon="121.52133115567266941070556640625">
        <ele>7.599999904632568359375</ele>
        <time>2026-10-04T05:36:47.000Z</time>
        <extensions>
          <ns3:TrackPointExtension>
            <ns3:hr>85</ns3:hr>
            <ns3:cad>0</ns3:cad>
          </ns3:TrackPointExtension>
        </extensions>
      </trkpt>
      <trkpt lat="31.29701969213783740997314453125" lon="121.52132411487400531768798828125">
        <ele>7.80000019073486328125</ele>
        <time>2026-10-04T05:36:50.000Z</time>
        <extensions>
          <ns3:TrackPointExtension>
            <ns3:hr>84</ns3:hr>
            <ns3:cad>0</ns3:cad>
          </ns3:TrackPointExtension>
        </extensions>
      </trkpt>
      <trkpt lat="31.29704274237155914306640625" lon="121.52132369577884674072265625">
        <ele>7.80000019073486328125</ele>
        <time>2026-10-04T05:36:54.000Z</time>
        <extensions>
          <ns3:TrackPointExtension>
            <ns3:hr>83</ns3:hr>
            <ns3:cad>0</ns3:cad>
          </ns3:TrackPointExtension>
        </extensions>
      </trkpt>
      <trkpt lat="31.29703327082097530364990234375" lon="121.52133333496749401092529296875">
        <ele>7.80000019073486328125</ele>
        <time>2026-10-04T05:36:55.000Z</time>
        <extensions>
          <ns3:TrackPointExtension>
            <ns3:hr>80</ns3:hr>
            <ns3:cad>0</ns3:cad>
          </ns3:TrackPointExtension>
        </extensions>
      </trkpt>
      <trkpt lat="31.29702170379459857940673828125" lon="121.52133836410939693450927734375">
        <ele>7.80000019073486328125</ele>
        <time>2026-10-04T05:36:56.000Z</time>
        <extensions>
          <ns3:TrackPointExtension>
            <ns3:hr>82</ns3:hr>
            <ns3:cad>0</ns3:cad>
          </ns3:TrackPointExtension>
        </extensions>
      </trkpt>
      <trkpt lat="31.29694090224802494049072265625" lon="121.5213699638843536376953125">
        <ele>7.400000095367431640625</ele>
        <time>2026-10-04T05:37:04.000Z</time>
        <extensions>
          <ns3:TrackPointExtension>
            <ns3:hr>78</ns3:hr>
            <ns3:cad>54</ns3:cad>
          </ns3:TrackPointExtension>
        </extensions>
      </trkpt>
      <trkpt lat="31.29687954671680927276611328125" lon="121.52140139602124691009521484375">
        <ele>7.599999904632568359375</ele>
        <time>2026-10-04T05:37:09.000Z</time>
        <extensions>
          <ns3:TrackPointExtension>
            <ns3:hr>75</ns3:hr>
            <ns3:cad>55</ns3:cad>
          </ns3:TrackPointExtension>
        </extensions>
      </trkpt>
      <trkpt lat="31.29686865024268627166748046875" lon="121.521419249475002288818359375">
        <ele>7.400000095367431640625</ele>
        <time>2026-10-04T05:37:12.000Z</time>
        <extensions>
          <ns3:TrackPointExtension>
            <ns3:hr>74</ns3:hr>
            <ns3:cad>55</ns3:cad>
          </ns3:TrackPointExtension>
        </extensions>
      </trkpt>
      <trkpt lat="31.2968927063047885894775390625" lon="121.521485634148120880126953125">
        <ele>6.80000019073486328125</ele>
        <time>2026-10-04T05:37:18.000Z</time>
        <extensions>
          <ns3:TrackPointExtension>
            <ns3:hr>75</ns3:hr>
            <ns3:cad>54</ns3:cad>
          </ns3:TrackPointExtension>
        </extensions>
      </trkpt>
      <trkpt lat="31.296916343271732330322265625" lon="121.521566100418567657470703125">
        <ele>6.599999904632568359375</ele>
        <time>2026-10-04T05:37:24.000Z</time>
        <extensions>
          <ns3:TrackPointExtension>
            <ns3:hr>75</ns3:hr>
            <ns3:cad>0</ns3:cad>
          </ns3:TrackPointExtension>
        </extensions>
      </trkpt>
      <trkpt lat="31.29692581482231616973876953125" lon="121.5215759910643100738525390625">
        <ele>6.599999904632568359375</ele>
        <time>2026-10-04T05:37:26.000Z</time>
        <extensions>
          <ns3:TrackPointExtension>
            <ns3:hr>75</ns3:hr>
            <ns3:cad>53</ns3:cad>
          </ns3:TrackPointExtension>
        </extensions>
      </trkpt>
      <trkpt lat="31.29693687893450260162353515625" lon="121.52163910679519176483154296875">
        <ele>6.400000095367431640625</ele>
        <time>2026-10-04T05:37:33.000Z</time>
        <extensions>
          <ns3:TrackPointExtension>
            <ns3:hr>76</ns3:hr>
            <ns3:cad>54</ns3:cad>
          </ns3:TrackPointExtension>
        </extensions>
      </trkpt>
      <trkpt lat="31.296924389898777008056640625" lon="121.52161396108567714691162109375">
        <ele>6.400000095367431640625</ele>
        <time>2026-10-04T05:37:36.000Z</time>
        <extensions>
          <ns3:TrackPointExtension>
            <ns3:hr>75</ns3:hr>
            <ns3:cad>53</ns3:cad>
          </ns3:TrackPointExtension>
        </extensions>
      </trkpt>
      <trkpt lat="31.296919025480747222900390625" lon="121.52161178179085254669189453125">
        <ele>6.400000095367431640625</ele>
        <time>2026-10-04T05:37:37.000Z</time>
        <extensions>
          <ns3:TrackPointExtension>
            <ns3:hr>74</ns3:hr>
            <ns3:cad>53</ns3:cad>
          </ns3:TrackPointExtension>
        </extensions>
      </trkpt>
      <trkpt lat="31.2969205342233180999755859375" lon="121.5216376818716526031494140625">
        <ele>6.400000095367431640625</ele>
        <time>2026-10-04T05:37:40.000Z</time>
        <extensions>
          <ns3:TrackPointExtension>
            <ns3:hr>74</ns3:hr>
            <ns3:cad>53</ns3:cad>
          </ns3:TrackPointExtension>
        </extensions>
      </trkpt>
      <trkpt lat="31.29691709764301776885986328125" lon="121.52168470434844493865966796875">
        <ele>6.19999980926513671875</ele>
        <time>2026-10-04T05:37:46.000Z</time>
        <extensions>
          <ns3:TrackPointExtension>
            <ns3:hr>77</ns3:hr>
            <ns3:cad>0</ns3:cad>
          </ns3:TrackPointExtension>
        </extensions>
      </trkpt>
      <trkpt lat="31.296917684376239776611328125" lon="121.5216832794249057769775390625">
        <ele>6.19999980926513671875</ele>
        <time>2026-10-04T05:37:47.000Z</time>
        <extensions>
          <ns3:TrackPointExtension>
            <ns3:hr>78</ns3:hr>
            <ns3:cad>0</ns3:cad>
          </ns3:TrackPointExtension>
        </extensions>
      </trkpt>
      <trkpt lat="31.2969275750219821929931640625" lon="121.521677076816558837890625">
        <ele>6.19999980926513671875</ele>
        <time>2026-10-04T05:37:53.000Z</time>
        <extensions>
          <ns3:TrackPointExtension>
            <ns3:hr>78</ns3:hr>
            <ns3:cad>0</ns3:cad>
          </ns3:TrackPointExtension>
        </extensions>
      </trkpt>
      <trkpt lat="31.29691357724368572235107421875" lon="121.52168135158717632293701171875">
        <ele>6.19999980926513671875</ele>
        <time>2026-10-04T05:38:02.000Z</time>
        <extensions>
          <ns3:TrackPointExtension>
            <ns3:hr>79</ns3:hr>
            <ns3:cad>0</ns3:cad>
          </ns3:TrackPointExtension>
        </extensions>
      </trkpt>
      <trkpt lat="31.296906284987926483154296875" lon="121.521674729883670806884765625">
        <ele>6.19999980926513671875</ele>
        <time>2026-10-04T05:38:05.000Z</time>
        <extensions>
          <ns3:TrackPointExtension>
            <ns3:hr>82</ns3:hr>
            <ns3:cad>57</ns3:cad>
          </ns3:TrackPointExtension>
        </extensions>
      </trkpt>
      <trkpt lat="31.2969014234840869903564453125" lon="121.52166567742824554443359375">
        <ele>6.19999980926513671875</ele>
        <time>2026-10-04T05:38:08.000Z</time>
        <extensions>
          <ns3:TrackPointExtension>
            <ns3:hr>83</ns3:hr>
            <ns3:cad>57</ns3:cad>
          </ns3:TrackPointExtension>
        </extensions>
      </trkpt>
      <trkpt lat="31.29693813621997833251953125" lon="121.521716974675655364990234375">
        <ele>6.19999980926513671875</ele>
        <time>2026-10-04T05:38:15.000Z</time>
        <extensions>
          <ns3:TrackPointExtension>
            <ns3:hr>83</ns3:hr>
            <ns3:cad>0</ns3:cad>
          </ns3:TrackPointExtension>
        </extensions>
      </trkpt>
      <trkpt lat="31.2969683110713958740234375" lon="121.521757543087005615234375">
        <ele>6</ele>
        <time>2026-10-04T05:38:18.000Z</time>
        <extensions>
          <ns3:TrackPointExtension>
            <ns3:hr>80</ns3:hr>
            <ns3:cad>0</ns3:cad>
          </ns3:TrackPointExtension>
        </extensions>
      </trkpt>
      <trkpt lat="31.2969899363815784454345703125" lon="121.52179853059351444244384765625">
        <ele>6.19999980926513671875</ele>
        <time>2026-10-04T05:38:21.000Z</time>
        <extensions>
          <ns3:TrackPointExtension>
            <ns3:hr>80</ns3:hr>
            <ns3:cad>55</ns3:cad>
          </ns3:TrackPointExtension>
        </extensions>
      </trkpt>
      <trkpt lat="31.29700678400695323944091796875" lon="121.52186709456145763397216796875">
        <ele>6.19999980926513671875</ele>
        <time>2026-10-04T05:38:28.000Z</time>
        <extensions>
          <ns3:TrackPointExtension>
            <ns3:hr>79</ns3:hr>
            <ns3:cad>51</ns3:cad>
          </ns3:TrackPointExtension>
        </extensions>
      </trkpt>
      <trkpt lat="31.2970107235014438629150390625" lon="121.52192073874175548553466796875">
        <ele>6.19999980926513671875</ele>
        <time>2026-10-04T05:38:32.000Z</time>
        <extensions>
          <ns3:TrackPointExtension>
            <ns3:hr>76</ns3:hr>
            <ns3:cad>0</ns3:cad>
          </ns3:TrackPointExtension>
        </extensions>
      </trkpt>
      <trkpt lat="31.29700116813182830810546875" lon="121.5219297073781490325927734375">
        <ele>6.19999980926513671875</ele>
        <time>2026-10-04T05:38:36.000Z</time>
        <extensions>
          <ns3:TrackPointExtension>
            <ns3:hr>77</ns3:hr>
            <ns3:cad>0</ns3:cad>
          </ns3:TrackPointExtension>
        </extensions>
      </trkpt>
      <trkpt lat="31.2970150820910930633544921875" lon="121.52192392386496067047119140625">
        <ele>6.19999980926513671875</ele>
        <time>2026-10-04T05:38:40.000Z</time>
        <extensions>
          <ns3:TrackPointExtension>
            <ns3:hr>73</ns3:hr>
            <ns3:cad>0</ns3:cad>
          </ns3:TrackPointExtension>
        </extensions>
      </trkpt>
      <trkpt lat="31.297020614147186279296875" lon="121.52191537432372570037841796875">
        <ele>6.19999980926513671875</ele>
        <time>2026-10-04T05:38:41.000Z</time>
        <extensions>
          <ns3:TrackPointExtension>
            <ns3:hr>76</ns3:hr>
            <ns3:cad>0</ns3:cad>
          </ns3:TrackPointExtension>
        </extensions>
      </trkpt>
      <trkpt lat="31.2970204465091228485107421875" lon="121.52190481312572956085205078125">
        <ele>6.19999980926513671875</ele>
        <time>2026-10-04T05:38:42.000Z</time>
        <extensions>
          <ns3:TrackPointExtension>
            <ns3:hr>76</ns3:hr>
            <ns3:cad>53</ns3:cad>
          </ns3:TrackPointExtension>
        </extensions>
      </trkpt>
      <trkpt lat="31.2969919480383396148681640625" lon="121.5218247659504413604736328125">
        <ele>6.19999980926513671875</ele>
        <time>2026-10-04T05:38:49.000Z</time>
        <extensions>
          <ns3:TrackPointExtension>
            <ns3:hr>76</ns3:hr>
            <ns3:cad>0</ns3:cad>
          </ns3:TrackPointExtension>
        </extensions>
      </trkpt>
      <trkpt lat="31.296929083764553070068359375" lon="121.5217329002916812896728515625">
        <ele>6</ele>
        <time>2026-10-04T05:38:57.000Z</time>
        <extensions>
          <ns3:TrackPointExtension>
            <ns3:hr>74</ns3:hr>
            <ns3:cad>54</ns3:cad>
          </ns3:TrackPointExtension>
        </extensions>
      </trkpt>
      <trkpt lat="31.2968878448009490966796875" lon="121.521628461778163909912109375">
        <ele>6.19999980926513671875</ele>
        <time>2026-10-04T05:39:07.000Z</time>
        <extensions>
          <ns3:TrackPointExtension>
            <ns3:hr>76</ns3:hr>
            <ns3:cad>55</ns3:cad>
          </ns3:TrackPointExtension>
        </extensions>
      </trkpt>
      <trkpt lat="31.2968618609011173248291015625" lon="121.52156551368534564971923828125">
        <ele>6.400000095367431640625</ele>
        <time>2026-10-04T05:39:14.000Z</time>
        <extensions>
          <ns3:TrackPointExtension>
            <ns3:hr>73</ns3:hr>
            <ns3:cad>54</ns3:cad>
          </ns3:TrackPointExtension>
        </extensions>
      </trkpt>
      <trkpt lat="31.29685632884502410888671875" lon="121.5215511806309223175048828125">
        <ele>6.400000095367431640625</ele>
        <time>2026-10-04T05:39:15.000Z</time>
        <extensions>
          <ns3:TrackPointExtension>
            <ns3:hr>76</ns3:hr>
            <ns3:cad>54</ns3:cad>
          </ns3:TrackPointExtension>
        </extensions>
      </trkpt>
      <trkpt lat="31.29684627056121826171875" lon="121.52152360416948795318603515625">
        <ele>6.400000095367431640625</ele>
        <time>2026-10-04T05:39:17.000Z</time>
        <extensions>
          <ns3:TrackPointExtension>
            <ns3:hr>76</ns3:hr>
            <ns3:cad>0</ns3:cad>
          </ns3:TrackPointExtension>
        </extensions>
      </trkpt>
      <trkpt lat="31.2968333624303340911865234375" lon="121.52149963192641735076904296875">
        <ele>6.599999904632568359375</ele>
        <time>2026-10-04T05:39:19.000Z</time>
        <extensions>
          <ns3:TrackPointExtension>
            <ns3:hr>77</ns3:hr>
            <ns3:cad>54</ns3:cad>
          </ns3:TrackPointExtension>
        </extensions>
      </trkpt>
      <trkpt lat="31.296821124851703643798828125" lon="121.52146895416080951690673828125">
        <ele>6.599999904632568359375</ele>
        <time>2026-10-04T05:39:22.000Z</time>
        <extensions>
          <ns3:TrackPointExtension>
            <ns3:hr>76</ns3:hr>
            <ns3:cad>54</ns3:cad>
          </ns3:TrackPointExtension>
        </extensions>
      </trkpt>
      <trkpt lat="31.29678315483033657073974609375" lon="121.5213597379624843597412109375">
        <ele>7.80000019073486328125</ele>
        <time>2026-10-04T05:39:32.000Z</time>
        <extensions>
          <ns3:TrackPointExtension>
            <ns3:hr>74</ns3:hr>
            <ns3:cad>54</ns3:cad>
          </ns3:TrackPointExtension>
        </extensions>
      </trkpt>
      <trkpt lat="31.2967699952423572540283203125" lon="121.521332748234272003173828125">
        <ele>8</ele>
        <time>2026-10-04T05:39:39.000Z</time>
        <extensions>
          <ns3:TrackPointExtension>
            <ns3:hr>75</ns3:hr>
            <ns3:cad>0</ns3:cad>
          </ns3:TrackPointExtension>
        </extensions>
      </trkpt>
      <trkpt lat="31.2967502139508724212646484375" lon="121.52130316011607646942138671875">
        <ele>8.19999980926513671875</ele>
        <time>2026-10-04T05:39:50.000Z</time>
        <extensions>
          <ns3:TrackPointExtension>
            <ns3:hr>76</ns3:hr>
            <ns3:cad>0</ns3:cad>
          </ns3:TrackPointExtension>
        </extensions>
      </trkpt>
      <trkpt lat="31.2967304326593875885009765625" lon="121.5212809480726718902587890625">
        <ele>8.3999996185302734375</ele>
        <time>2026-10-04T05:39:55.000Z</time>
        <extensions>
          <ns3:TrackPointExtension>
            <ns3:hr>77</ns3:hr>
            <ns3:cad>55</ns3:cad>
          </ns3:TrackPointExtension>
        </extensions>
      </trkpt>
      <trkpt lat="31.2966952286660671234130859375" lon="121.52128153480589389801025390625">
        <ele>8.19999980926513671875</ele>
        <time>2026-10-04T05:40:00.000Z</time>
        <extensions>
          <ns3:TrackPointExtension>
            <ns3:hr>77</ns3:hr>
            <ns3:cad>55</ns3:cad>
          </ns3:TrackPointExtension>
        </extensions>
      </trkpt>
      <trkpt lat="31.2966663949191570281982421875" lon="121.521287821233272552490234375">
        <ele>8.19999980926513671875</ele>
        <time>2026-10-04T05:40:02.000Z</time>
        <extensions>
          <ns3:TrackPointExtension>
            <ns3:hr>77</ns3:hr>
            <ns3:cad>78</ns3:cad>
          </ns3:TrackPointExtension>
        </extensions>
      </trkpt>
      <trkpt lat="31.29660344682633876800537109375" lon="121.5213624201714992523193359375">
        <ele>7.80000019073486328125</ele>
        <time>2026-10-04T05:40:06.000Z</time>
        <extensions>
          <ns3:TrackPointExtension>
            <ns3:hr>77</ns3:hr>
            <ns3:cad>80</ns3:cad>
          </ns3:TrackPointExtension>
        </extensions>
      </trkpt>
      <trkpt lat="31.29654762335121631622314453125" lon="121.5214395336806774139404296875">
        <ele>7</ele>
        <time>2026-10-04T05:40:09.000Z</time>
        <extensions>
          <ns3:TrackPointExtension>
            <ns3:hr>79</ns3:hr>
            <ns3:cad>82</ns3:cad>
          </ns3:TrackPointExtension>
        </extensions>
      </trkpt>
      <trkpt lat="31.29650755785405635833740234375" lon="121.5214780904352664947509765625">
        <ele>6.599999904632568359375</ele>
        <time>2026-10-04T05:40:11.000Z</time>
        <extensions>
          <ns3:TrackPointExtension>
            <ns3:hr>84</ns3:hr>
            <ns3:cad>83</ns3:cad>
          </ns3:TrackPointExtension>
        </extensions>
      </trkpt>
      <trkpt lat="31.29649364389479160308837890625" lon="121.5214987099170684814453125">
        <ele>6.599999904632568359375</ele>
        <time>2026-10-04T05:40:12.000Z</time>
        <extensions>
          <ns3:TrackPointExtension>
            <ns3:hr>86</ns3:hr>
            <ns3:cad>83</ns3:cad>
          </ns3:TrackPointExtension>
        </extensions>
      </trkpt>
      <trkpt lat="31.29648073576390743255615234375" lon="121.52151337824761867523193359375">
        <ele>6.599999904632568359375</ele>
        <time>2026-10-04T05:40:13.000Z</time>
        <extensions>
          <ns3:TrackPointExtension>
            <ns3:hr>89</ns3:hr>
            <ns3:cad>83</ns3:cad>
          </ns3:TrackPointExtension>
        </extensions>
      </trkpt>
      <trkpt lat="31.29645961336791515350341796875" lon="121.52154874987900257110595703125">
        <ele>6.599999904632568359375</ele>
        <time>2026-10-04T05:40:15.000Z</time>
        <extensions>
          <ns3:TrackPointExtension>
            <ns3:hr>92</ns3:hr>
            <ns3:cad>83</ns3:cad>
          </ns3:TrackPointExtension>
        </extensions>
      </trkpt>
      <trkpt lat="31.2964424304664134979248046875" lon="121.52158495970070362091064453125">
        <ele>6</ele>
        <time>2026-10-04T05:40:17.000Z</time>
        <extensions>
          <ns3:TrackPointExtension>
            <ns3:hr>93</ns3:hr>
            <ns3:cad>83</ns3:cad>
          </ns3:TrackPointExtension>
        </extensions>
      </trkpt>
      <trkpt lat="31.2964243255555629730224609375" lon="121.521639861166477203369140625">
        <ele>5.400000095367431640625</ele>
        <time>2026-10-04T05:40:20.000Z</time>
        <extensions>
          <ns3:TrackPointExtension>
            <ns3:hr>93</ns3:hr>
            <ns3:cad>56</ns3:cad>
          </ns3:TrackPointExtension>
        </extensions>
      </trkpt>
      <trkpt lat="31.296404041349887847900390625" lon="121.52166039682924747467041015625">
        <ele>5.19999980926513671875</ele>
        <time>2026-10-04T05:40:25.000Z</time>
        <extensions>
          <ns3:TrackPointExtension>
            <ns3:hr>93</ns3:hr>
            <ns3:cad>0</ns3:cad>
          </ns3:TrackPointExtension>
        </extensions>
      </trkpt>
      <trkpt lat="31.296407394111156463623046875" lon="121.521673388779163360595703125">
        <ele>5</ele>
        <time>2026-10-04T05:40:27.000Z</time>
        <extensions>
          <ns3:TrackPointExtension>
            <ns3:hr>90</ns3:hr>
            <ns3:cad>0</ns3:cad>
          </ns3:TrackPointExtension>
        </extensions>
      </trkpt>
      <trkpt lat="31.29641066305339336395263671875" lon="121.5216864645481109619140625">
        <ele>4.80000019073486328125</ele>
        <time>2026-10-04T05:40:31.000Z</time>
        <extensions>
          <ns3:TrackPointExtension>
            <ns3:hr>86</ns3:hr>
            <ns3:cad>0</ns3:cad>
          </ns3:TrackPointExtension>
        </extensions>
      </trkpt>
      <trkpt lat="31.296417452394962310791015625" lon="121.52170800603926181793212890625">
        <ele>4.599999904632568359375</ele>
        <time>2026-10-04T05:40:33.000Z</time>
        <extensions>
          <ns3:TrackPointExtension>
            <ns3:hr>85</ns3:hr>
            <ns3:cad>0</ns3:cad>
          </ns3:TrackPointExtension>
        </extensions>
      </trkpt>
      <trkpt lat="31.29639708437025547027587890625" lon="121.521708928048610687255859375">
        <ele>4.599999904632568359375</ele>
        <time>2026-10-04T05:40:37.000Z</time>
        <extensions>
          <ns3:TrackPointExtension>
            <ns3:hr>86</ns3:hr>
            <ns3:cad>0</ns3:cad>
          </ns3:TrackPointExtension>
        </extensions>
      </trkpt>
      <trkpt lat="31.296404041349887847900390625" lon="121.52168420143425464630126953125">
        <ele>4.80000019073486328125</ele>
        <time>2026-10-04T05:40:42.000Z</time>
        <extensions>
          <ns3:TrackPointExtension>
            <ns3:hr>85</ns3:hr>
            <ns3:cad>52</ns3:cad>
          </ns3:TrackPointExtension>
        </extensions>
      </trkpt>
      <trkpt lat="31.29644016735255718231201171875" lon="121.5217473171651363372802734375">
        <ele>4.400000095367431640625</ele>
        <time>2026-10-04T05:40:47.000Z</time>
        <extensions>
          <ns3:TrackPointExtension>
            <ns3:hr>84</ns3:hr>
            <ns3:cad>50</ns3:cad>
          </ns3:TrackPointExtension>
        </extensions>
      </trkpt>
      <trkpt lat="31.29648685455322265625" lon="121.5218073315918445587158203125">
        <ele>4.19999980926513671875</ele>
        <time>2026-10-04T05:40:54.000Z</time>
        <extensions>
          <ns3:TrackPointExtension>
            <ns3:hr>79</ns3:hr>
            <ns3:cad>0</ns3:cad>
          </ns3:TrackPointExtension>
        </extensions>
      </trkpt>
      <trkpt lat="31.29651032388210296630859375" lon="121.52185116894543170928955078125">
        <ele>4</ele>
        <time>2026-10-04T05:40:58.000Z</time>
        <extensions>
          <ns3:TrackPointExtension>
            <ns3:hr>72</ns3:hr>
            <ns3:cad>0</ns3:cad>
          </ns3:TrackPointExtension>
        </extensions>
      </trkpt>
      <trkpt lat="31.2965145148336887359619140625" lon="121.52186089195311069488525390625">
        <ele>4</ele>
        <time>2026-10-04T05:40:59.000Z</time>
        <extensions>
          <ns3:TrackPointExtension>
            <ns3:hr>75</ns3:hr>
            <ns3:cad>51</ns3:cad>
          </ns3:TrackPointExtension>
        </extensions>
      </trkpt>
      <trkpt lat="31.29560641944408416748046875" lon="121.52090250514447689056396484375">
        <ele>7.400000095367431640625</ele>
        <time>2026-10-04T05:42:06.000Z</time>
        <extensions>
          <ns3:TrackPointExtension>
            <ns3:hr>75</ns3:hr>
            <ns3:cad>0</ns3:cad>
          </ns3:TrackPointExtension>
        </extensions>
      </trkpt>
      <trkpt lat="31.29584823735058307647705078125" lon="121.51979349553585052490234375">
        <ele>12.6000003814697265625</ele>
        <time>2026-10-04T05:42:13.000Z</time>
        <extensions>
          <ns3:TrackPointExtension>
            <ns3:hr>75</ns3:hr>
            <ns3:cad>0</ns3:cad>
          </ns3:TrackPointExtension>
        </extensions>
      </trkpt>
      <trkpt lat="31.29587371833622455596923828125" lon="121.52040931396186351776123046875">
        <ele>11.3999996185302734375</ele>
        <time>2026-10-04T05:42:17.000Z</time>
        <extensions>
          <ns3:TrackPointExtension>
            <ns3:hr>72</ns3:hr>
            <ns3:cad>0</ns3:cad>
          </ns3:TrackPointExtension>
        </extensions>
      </trkpt>
      <trkpt lat="31.2958605587482452392578125" lon="121.52045357041060924530029296875">
        <ele>11</ele>
        <time>2026-10-04T05:42:18.000Z</time>
        <extensions>
          <ns3:TrackPointExtension>
            <ns3:hr>71</ns3:hr>
            <ns3:cad>0</ns3:cad>
          </ns3:TrackPointExtension>
        </extensions>
      </trkpt>
      <trkpt lat="31.295846812427043914794921875" lon="121.520454995334148406982421875">
        <ele>10.80000019073486328125</ele>
        <time>2026-10-04T05:42:19.000Z</time>
        <extensions>
          <ns3:TrackPointExtension>
            <ns3:hr>74</ns3:hr>
            <ns3:cad>82</ns3:cad>
          </ns3:TrackPointExtension>
        </extensions>
      </trkpt>
      <trkpt lat="31.29575184546411037445068359375" lon="121.52051107026636600494384765625">
        <ele>9.80000019073486328125</ele>
        <time>2026-10-04T05:42:25.000Z</time>
        <extensions>
          <ns3:TrackPointExtension>
            <ns3:hr>74</ns3:hr>
            <ns3:cad>82</ns3:cad>
          </ns3:TrackPointExtension>
        </extensions>
      </trkpt>
      <trkpt lat="31.2957202456891536712646484375" lon="121.5205476991832256317138671875">
        <ele>9.3999996185302734375</ele>
        <time>2026-10-04T05:42:28.000Z</time>
        <extensions>
          <ns3:TrackPointExtension>
            <ns3:hr>74</ns3:hr>
            <ns3:cad>81</ns3:cad>
          </ns3:TrackPointExtension>
        </extensions>
      </trkpt>
      <trkpt lat="31.29571932367980480194091796875" lon="121.52063529007136821746826171875">
        <ele>8.80000019073486328125</ele>
        <time>2026-10-04T05:42:31.000Z</time>
        <extensions>
          <ns3:TrackPointExtension>
            <ns3:hr>75</ns3:hr>
            <ns3:cad>0</ns3:cad>
          </ns3:TrackPointExtension>
        </extensions>
      </trkpt>
      <trkpt lat="31.29572041332721710205078125" lon="121.5206593461334705352783203125">
        <ele>8.80000019073486328125</ele>
        <time>2026-10-04T05:42:32.000Z</time>
        <extensions>
          <ns3:TrackPointExtension>
            <ns3:hr>76</ns3:hr>
            <ns3:cad>0</ns3:cad>
          </ns3:TrackPointExtension>
        </extensions>
      </trkpt>
      <trkpt lat="31.29572485573589801788330078125" lon="121.5206918679177761077880859375">
        <ele>8.80000019073486328125</ele>
        <time>2026-10-04T05:42:33.000Z</time>
        <extensions>
          <ns3:TrackPointExtension>
            <ns3:hr>79</ns3:hr>
            <ns3:cad>0</ns3:cad>
          </ns3:TrackPointExtension>
        </extensions>
      </trkpt>
      <trkpt lat="31.29575134254992008209228515625" lon="121.52074995450675487518310546875">
        <ele>9</ele>
        <time>2026-10-04T05:42:36.000Z</time>
        <extensions>
          <ns3:TrackPointExtension>
            <ns3:hr>82</ns3:hr>
            <ns3:cad>54</ns3:cad>
          </ns3:TrackPointExtension>
        </extensions>
      </trkpt>
      <trkpt lat="31.29577062092721462249755859375" lon="121.52077945880591869354248046875">
        <ele>9.19999980926513671875</ele>
        <time>2026-10-04T05:42:39.000Z</time>
        <extensions>
          <ns3:TrackPointExtension>
            <ns3:hr>82</ns3:hr>
            <ns3:cad>54</ns3:cad>
          </ns3:TrackPointExtension>
        </extensions>
      </trkpt>
      <trkpt lat="31.29577028565108776092529296875" lon="121.5208427421748638153076171875">
        <ele>9.19999980926513671875</ele>
        <time>2026-10-04T05:42:43.000Z</time>
        <extensions>
          <ns3:TrackPointExtension>
            <ns3:hr>83</ns3:hr>
            <ns3:cad>0</ns3:cad>
          </ns3:TrackPointExtension>
        </extensions>
      </trkpt>
      <trkpt lat="31.29575804807245731353759765625" lon="121.52087015099823474884033203125">
        <ele>9.19999980926513671875</ele>
        <time>2026-10-04T05:42:48.000Z</time>
        <extensions>
          <ns3:TrackPointExtension>
            <ns3:hr>83</ns3:hr>
            <ns3:cad>0</ns3:cad>
          </ns3:TrackPointExtension>
        </extensions>
      </trkpt>
      <trkpt lat="31.295787803828716278076171875" lon="121.5208715759217739105224609375">
        <ele>9.3999996185302734375</ele>
        <time>2026-10-04T05:42:55.000Z</time>
        <extensions>
          <ns3:TrackPointExtension>
            <ns3:hr>79</ns3:hr>
            <ns3:cad>0</ns3:cad>
          </ns3:TrackPointExtension>
        </extensions>
      </trkpt>
      <trkpt lat="31.295807249844074249267578125" lon="121.52084735222160816192626953125">
        <ele>9.6000003814697265625</ele>
        <time>2026-10-04T05:43:00.000Z</time>
        <extensions>
          <ns3:TrackPointExtension>
            <ns3:hr>77</ns3:hr>
            <ns3:cad>0</ns3:cad>
          </ns3:TrackPointExtension>
        </extensions>
      </trkpt>
      <trkpt lat="31.2957809306681156158447265625" lon="121.52078448794782161712646484375">
        <ele>9.3999996185302734375</ele>
        <time>2026-10-04T05:43:06.000Z</time>
        <extensions>
          <ns3:TrackPointExtension>
            <ns3:hr>76</ns3:hr>
            <ns3:cad>0</ns3:cad>
          </ns3:TrackPointExtension>
        </extensions>
      </trkpt>
      <trkpt lat="31.29578889347612857818603515625" lon="121.52076353318989276885986328125">
        <ele>9.3999996185302734375</ele>
        <time>2026-10-04T05:43:12.000Z</time>
        <extensions>
          <ns3:TrackPointExtension>
            <ns3:hr>77</ns3:hr>
            <ns3:cad>0</ns3:cad>
          </ns3:TrackPointExtension>
        </extensions>
      </trkpt>
      <trkpt lat="31.295772381126880645751953125" lon="121.52074811048805713653564453125">
        <ele>9.19999980926513671875</ele>
        <time>2026-10-04T05:43:16.000Z</time>
        <extensions>
          <ns3:TrackPointExtension>
            <ns3:hr>74</ns3:hr>
            <ns3:cad>0</ns3:cad>
          </ns3:TrackPointExtension>
        </extensions>
      </trkpt>
      <trkpt lat="31.29576056264340877532958984375" lon="121.52076604776084423065185546875">
        <ele>9.19999980926513671875</ele>
        <time>2026-10-04T05:43:18.000Z</time>
        <extensions>
          <ns3:TrackPointExtension>
            <ns3:hr>73</ns3:hr>
            <ns3:cad>0</ns3:cad>
          </ns3:TrackPointExtension>
        </extensions>
      </trkpt>
      <trkpt lat="31.295756287872791290283203125" lon="121.52077074162662029266357421875">
        <ele>9.19999980926513671875</ele>
        <time>2026-10-04T05:43:23.000Z</time>
        <extensions>
          <ns3:TrackPointExtension>
            <ns3:hr>70</ns3:hr>
            <ns3:cad>0</ns3:cad>
          </ns3:TrackPointExtension>
        </extensions>
      </trkpt>
      <trkpt lat="31.29571664147078990936279296875" lon="121.52073604054749011993408203125">
        <ele>8.6000003814697265625</ele>
        <time>2026-10-04T05:43:29.000Z</time>
        <extensions>
          <ns3:TrackPointExtension>
            <ns3:hr>72</ns3:hr>
            <ns3:cad>56</ns3:cad>
          </ns3:TrackPointExtension>
        </extensions>
      </trkpt>
      <trkpt lat="31.29567925818264484405517578125" lon="121.52071240358054637908935546875">
        <ele>8.19999980926513671875</ele>
        <time>2026-10-04T05:43:31.000Z</time>
        <extensions>
          <ns3:TrackPointExtension>
            <ns3:hr>75</ns3:hr>
            <ns3:cad>56</ns3:cad>
          </ns3:TrackPointExtension>
        </extensions>
      </trkpt>
      <trkpt lat="31.295631565153598785400390625" lon="121.520626656711101531982421875">
        <ele>8</ele>
        <time>2026-10-04T05:43:35.000Z</time>
        <extensions>
          <ns3:TrackPointExtension>
            <ns3:hr>75</ns3:hr>
            <ns3:cad>56</ns3:cad>
          </ns3:TrackPointExtension>
        </extensions>
      </trkpt>
      <trkpt lat="31.29559426568448543548583984375" lon="121.5205741859972476959228515625">
        <ele>7.80000019073486328125</ele>
        <time>2026-10-04T05:43:38.000Z</time>
        <extensions>
          <ns3:TrackPointExtension>
            <ns3:hr>79</ns3:hr>
            <ns3:cad>82</ns3:cad>
          </ns3:TrackPointExtension>
        </extensions>
      </trkpt>
      <trkpt lat="31.2955288030207157135009765625" lon="121.52051031589508056640625">
        <ele>7.400000095367431640625</ele>
        <time>2026-10-04T05:43:41.000Z</time>
        <extensions>
          <ns3:TrackPointExtension>
            <ns3:hr>81</ns3:hr>
            <ns3:cad>82</ns3:cad>
          </ns3:TrackPointExtension>
        </extensions>
      </trkpt>
      <trkpt lat="31.2955029867589473724365234375" lon="121.52047469280660152435302734375">
        <ele>7.19999980926513671875</ele>
        <time>2026-10-04T05:43:43.000Z</time>
        <extensions>
          <ns3:TrackPointExtension>
            <ns3:hr>84</ns3:hr>
            <ns3:cad>83</ns3:cad>
          </ns3:TrackPointExtension>
        </extensions>
      </trkpt>
      <trkpt lat="31.2954496778547763824462890625" lon="121.5203599445521831512451171875">
        <ele>7</ele>
        <time>2026-10-04T05:43:48.000Z</time>
        <extensions>
          <ns3:TrackPointExtension>
            <ns3:hr>86</ns3:hr>
            <ns3:cad>83</ns3:cad>
          </ns3:TrackPointExtension>
        </extensions>
      </trkpt>
      <trkpt lat="31.29543869756162166595458984375" lon="121.520336307585239410400390625">
        <ele>7.19999980926513671875</ele>
        <time>2026-10-04T05:43:49.000Z</time>
        <extensions>
          <ns3:TrackPointExtension>
            <ns3:hr>86</ns3:hr>
            <ns3:cad>83</ns3:cad>
          </ns3:TrackPointExtension>
        </extensions>
      </trkpt>
      <trkpt lat="31.2954246997833251953125" lon="121.5203063003718852996826171875">
        <ele>7.19999980926513671875</ele>
        <time>2026-10-04T05:43:51.000Z</time>
        <extensions>
          <ns3:TrackPointExtension>
            <ns3:hr>88</ns3:hr>
            <ns3:cad>83</ns3:cad>
          </ns3:TrackPointExtension>
        </extensions>
      </trkpt>
      <trkpt lat="31.2954153120517730712890625" lon="121.520298086106777191162109375">
        <ele>7.19999980926513671875</ele>
        <time>2026-10-04T05:43:52.000Z</time>
        <extensions>
          <ns3:TrackPointExtension>
            <ns3:hr>89</ns3:hr>
            <ns3:cad>0</ns3:cad>
          </ns3:TrackPointExtension>
        </extensions>
      </trkpt>
      <trkpt lat="31.29539125598967075347900390625" lon="121.52022558264434337615966796875">
        <ele>7.400000095367431640625</ele>
        <time>2026-10-04T05:43:59.000Z</time>
        <extensions>
          <ns3:TrackPointExtension>
            <ns3:hr>87</ns3:hr>
            <ns3:cad>0</ns3:cad>
          </ns3:TrackPointExtension>
        </extensions>
      </trkpt>
      <trkpt lat="31.2953772582113742828369140625" lon="121.52015584520995616912841796875">
        <ele>8</ele>
        <time>2026-10-04T05:44:06.000Z</time>
        <extensions>
          <ns3:TrackPointExtension>
            <ns3:hr>88</ns3:hr>
            <ns3:cad>50</ns3:cad>
          </ns3:TrackPointExtension>
        </extensions>
      </trkpt>
      <trkpt lat="31.2953678704798221588134765625" lon="121.5201227366924285888671875">
        <ele>8.19999980926513671875</ele>
        <time>2026-10-04T05:44:09.000Z</time>
        <extensions>
          <ns3:TrackPointExtension>
            <ns3:hr>88</ns3:hr>
            <ns3:cad>54</ns3:cad>
          </ns3:TrackPointExtension>
        </extensions>
      </trkpt>
      <trkpt lat="31.29536627791821956634521484375" lon="121.52011242695152759552001953125">
        <ele>8.19999980926513671875</ele>
        <time>2026-10-04T05:44:10.000Z</time>
        <extensions>
          <ns3:TrackPointExtension>
            <ns3:hr>88</ns3:hr>
            <ns3:cad>55</ns3:cad>
          </ns3:TrackPointExtension>
        </extensions>
      </trkpt>
      <trkpt lat="31.29536904394626617431640625" lon="121.52007085271179676055908203125">
        <ele>8.80000019073486328125</ele>
        <time>2026-10-04T05:44:13.000Z</time>
        <extensions>
          <ns3:TrackPointExtension>
            <ns3:hr>88</ns3:hr>
            <ns3:cad>56</ns3:cad>
          </ns3:TrackPointExtension>
        </extensions>
      </trkpt>
      <trkpt lat="31.29537583328783512115478515625" lon="121.51999223046004772186279296875">
        <ele>10</ele>
        <time>2026-10-04T05:44:17.000Z</time>
        <extensions>
          <ns3:TrackPointExtension>
            <ns3:hr>85</ns3:hr>
            <ns3:cad>56</ns3:cad>
          </ns3:TrackPointExtension>
        </extensions>
      </trkpt>
      <trkpt lat="31.2953688763082027435302734375" lon="121.5199636481702327728271484375">
        <ele>10.3999996185302734375</ele>
        <time>2026-10-04T05:44:20.000Z</time>
        <extensions>
          <ns3:TrackPointExtension>
            <ns3:hr>83</ns3:hr>
            <ns3:cad>55</ns3:cad>
          </ns3:TrackPointExtension>
        </extensions>
      </trkpt>
      <trkpt lat="31.2953420542180538177490234375" lon="121.51987790130078792572021484375">
        <ele>11.19999980926513671875</ele>
        <time>2026-10-04T05:44:28.000Z</time>
        <extensions>
          <ns3:TrackPointExtension>
            <ns3:hr>81</ns3:hr>
            <ns3:cad>0</ns3:cad>
          </ns3:TrackPointExtension>
        </extensions>
      </trkpt>
      <trkpt lat="31.2953450717031955718994140625" lon="121.519831717014312744140625">
        <ele>11.6000003814697265625</ele>
        <time>2026-10-04T05:44:34.000Z</time>
        <extensions>
          <ns3:TrackPointExtension>
            <ns3:hr>82</ns3:hr>
            <ns3:cad>55</ns3:cad>
          </ns3:TrackPointExtension>
        </extensions>
      </trkpt>
      <trkpt lat="31.2952733226120471954345703125" lon="121.5197192318737506866455078125">
        <ele>11.19999980926513671875</ele>
        <time>2026-10-04T05:44:39.000Z</time>
        <extensions>
          <ns3:TrackPointExtension>
            <ns3:hr>80</ns3:hr>
            <ns3:cad>78</ns3:cad>
          </ns3:TrackPointExtension>
        </extensions>
      </trkpt>
      <trkpt lat="31.2952029146254062652587890625" lon="121.5196173079311847686767578125">
        <ele>10.19999980926513671875</ele>
        <time>2026-10-04T05:44:44.000Z</time>
        <extensions>
          <ns3:TrackPointExtension>
            <ns3:hr>84</ns3:hr>
            <ns3:cad>83</ns3:cad>
          </ns3:TrackPointExtension>
        </extensions>
      </trkpt>
      <trkpt lat="31.2951730750501155853271484375" lon="121.51958470232784748077392578125">
        <ele>9.80000019073486328125</ele>
        <time>2026-10-04T05:44:46.000Z</time>
        <extensions>
          <ns3:TrackPointExtension>
            <ns3:hr>87</ns3:hr>
            <ns3:cad>83</ns3:cad>
          </ns3:TrackPointExtension>
        </extensions>
      </trkpt>
      <trkpt lat="31.2951117195188999176025390625" lon="121.51949166320264339447021484375">
        <ele>8.6000003814697265625</ele>
        <time>2026-10-04T05:44:50.000Z</time>
        <extensions>
          <ns3:TrackPointExtension>
            <ns3:hr>90</ns3:hr>
            <ns3:cad>83</ns3:cad>
          </ns3:TrackPointExtension>
        </extensions>
      </trkpt>
      <trkpt lat="31.29507525824010372161865234375" lon="121.51943198405206203460693359375">
        <ele>7.19999980926513671875</ele>
        <time>2026-10-04T05:44:52.000Z</time>
        <extensions>
          <ns3:TrackPointExtension>
            <ns3:hr>93</ns3:hr>
            <ns3:cad>84</ns3:cad>
          </ns3:TrackPointExtension>
        </extensions>
      </trkpt>
      <trkpt lat="31.29506553523242473602294921875" lon="121.519405581057071685791015625">
        <ele>6.80000019073486328125</ele>
        <time>2026-10-04T05:44:53.000Z</time>
        <extensions>
          <ns3:TrackPointExtension>
            <ns3:hr>94</ns3:hr>
            <ns3:cad>84</ns3:cad>
          </ns3:TrackPointExtension>
        </extensions>
      </trkpt>
      <trkpt lat="31.2949977256357669830322265625" lon="121.51922511868178844451904296875">
        <ele>3.599999904632568359375</ele>
        <time>2026-10-04T05:45:00.000Z</time>
        <extensions>
          <ns3:TrackPointExtension>
            <ns3:hr>97</ns3:hr>
            <ns3:cad>83</ns3:cad>
          </ns3:TrackPointExtension>
        </extensions>
      </trkpt>
      <trkpt lat="31.2949655391275882720947265625" lon="121.5191831253468990325927734375">
        <ele>3</ele>
        <time>2026-10-04T05:45:01.000Z</time>
        <extensions>
          <ns3:TrackPointExtension>
            <ns3:hr>97</ns3:hr>
            <ns3:cad>83</ns3:cad>
          </ns3:TrackPointExtension>
        </extensions>
      </trkpt>
      <trkpt lat="31.29491164349019527435302734375" lon="121.51907307095825672149658203125">
        <ele>1.39999997615814208984375</ele>
        <time>2026-10-04T05:45:07.000Z</time>
        <extensions>
          <ns3:TrackPointExtension>
            <ns3:hr>100</ns3:hr>
            <ns3:cad>82</ns3:cad>
          </ns3:TrackPointExtension>
        </extensions>
      </trkpt>
      <trkpt lat="31.29490091465413570404052734375" lon="121.51904876343905925750732421875">
        <ele>1</ele>
        <time>2026-10-04T05:45:08.000Z</time>
        <extensions>
          <ns3:TrackPointExtension>
            <ns3:hr>100</ns3:hr>
            <ns3:cad>82</ns3:cad>
          </ns3:TrackPointExtension>
        </extensions>
      </trkpt>
      <trkpt lat="31.29484324716031551361083984375" lon="121.51893577538430690765380859375">
        <ele>-0.20000000298023223876953125</ele>
        <time>2026-10-04T05:45:13.000Z</time>
        <extensions>
          <ns3:TrackPointExtension>
            <ns3:hr>103</ns3:hr>
            <ns3:cad>83</ns3:cad>
          </ns3:TrackPointExtension>
        </extensions>
      </trkpt>
      <trkpt lat="31.2948359549045562744140625" lon="121.51878205128014087677001953125">
        <ele>-1</ele>
        <time>2026-10-04T05:45:19.000Z</time>
        <extensions>
          <ns3:TrackPointExtension>
            <ns3:hr>106</ns3:hr>
            <ns3:cad>83</ns3:cad>
          </ns3:TrackPointExtension>
        </extensions>
      </trkpt>
      <trkpt lat="31.29483394324779510498046875" lon="121.51868666522204875946044921875">
        <ele>-1</ele>
        <time>2026-10-04T05:45:23.000Z</time>
        <extensions>
          <ns3:TrackPointExtension>
            <ns3:hr>107</ns3:hr>
            <ns3:cad>83</ns3:cad>
          </ns3:TrackPointExtension>
        </extensions>
      </trkpt>
      <trkpt lat="31.2948052771389484405517578125" lon="121.5185497887432575225830078125">
        <ele>0</ele>
        <time>2026-10-04T05:45:29.000Z</time>
        <extensions>
          <ns3:TrackPointExtension>
            <ns3:hr>109</ns3:hr>
            <ns3:cad>83</ns3:cad>
          </ns3:TrackPointExtension>
        </extensions>
      </trkpt>
      <trkpt lat="31.2947072088718414306640625" lon="121.5183466114103794097900390625">
        <ele>2</ele>
        <time>2026-10-04T05:45:38.000Z</time>
        <extensions>
          <ns3:TrackPointExtension>
            <ns3:hr>110</ns3:hr>
            <ns3:cad>83</ns3:cad>
          </ns3:TrackPointExtension>
        </extensions>
      </trkpt>
      <trkpt lat="31.29460788331925868988037109375" lon="121.51818861253559589385986328125">
        <ele>3.7999999523162841796875</ele>
        <time>2026-10-04T05:45:45.000Z</time>
        <extensions>
          <ns3:TrackPointExtension>
            <ns3:hr>113</ns3:hr>
            <ns3:cad>83</ns3:cad>
          </ns3:TrackPointExtension>
        </extensions>
      </trkpt>
      <trkpt lat="31.29456480033695697784423828125" lon="121.5181199647486209869384765625">
        <ele>4.599999904632568359375</ele>
        <time>2026-10-04T05:45:48.000Z</time>
        <extensions>
          <ns3:TrackPointExtension>
            <ns3:hr>114</ns3:hr>
            <ns3:cad>82</ns3:cad>
          </ns3:TrackPointExtension>
        </extensions>
      </trkpt>
      <trkpt lat="31.2945355474948883056640625" lon="121.5179447829723358154296875">
        <ele>5.80000019073486328125</ele>
        <time>2026-10-04T05:45:55.000Z</time>
        <extensions>
          <ns3:TrackPointExtension>
            <ns3:hr>116</ns3:hr>
            <ns3:cad>82</ns3:cad>
          </ns3:TrackPointExtension>
        </extensions>
      </trkpt>
      <trkpt lat="31.2945008464157581329345703125" lon="121.51773221790790557861328125">
        <ele>6.80000019073486328125</ele>
        <time>2026-10-04T05:46:02.000Z</time>
        <extensions>
          <ns3:TrackPointExtension>
            <ns3:hr>116</ns3:hr>
            <ns3:cad>82</ns3:cad>
          </ns3:TrackPointExtension>
        </extensions>
      </trkpt>
      <trkpt lat="31.29450134932994842529296875" lon="121.5177028812468051910400390625">
        <ele>7</ele>
        <time>2026-10-04T05:46:03.000Z</time>
        <extensions>
          <ns3:TrackPointExtension>
            <ns3:hr>116</ns3:hr>
            <ns3:cad>82</ns3:cad>
          </ns3:TrackPointExtension>
        </extensions>
      </trkpt>
      <trkpt lat="31.29448684863746166229248046875" lon="121.51751437224447727203369140625">
        <ele>7.599999904632568359375</ele>
        <time>2026-10-04T05:46:10.000Z</time>
        <extensions>
          <ns3:TrackPointExtension>
            <ns3:hr>118</ns3:hr>
            <ns3:cad>82</ns3:cad>
          </ns3:TrackPointExtension>
        </extensions>
      </trkpt>
      <trkpt lat="31.29439850337803363800048828125" lon="121.51731312274932861328125">
        <ele>7.599999904632568359375</ele>
        <time>2026-10-04T05:46:19.000Z</time>
        <extensions>
          <ns3:TrackPointExtension>
            <ns3:hr>117</ns3:hr>
            <ns3:cad>83</ns3:cad>
          </ns3:TrackPointExtension>
        </extensions>
      </trkpt>
      <trkpt lat="31.29439431242644786834716796875" lon="121.5172925032675266265869140625">
        <ele>7.599999904632568359375</ele>
        <time>2026-10-04T05:46:20.000Z</time>
        <extensions>
          <ns3:TrackPointExtension>
            <ns3:hr>117</ns3:hr>
            <ns3:cad>83</ns3:cad>
          </ns3:TrackPointExtension>
        </extensions>
      </trkpt>
      <trkpt lat="31.29439615644514560699462890625" lon="121.5172197483479976654052734375">
        <ele>8.3999996185302734375</ele>
        <time>2026-10-04T05:46:25.000Z</time>
        <extensions>
          <ns3:TrackPointExtension>
            <ns3:hr>116</ns3:hr>
            <ns3:cad>82</ns3:cad>
          </ns3:TrackPointExtension>
        </extensions>
      </trkpt>
      <trkpt lat="31.294387690722942352294921875" lon="121.517133750021457672119140625">
        <ele>9.19999980926513671875</ele>
        <time>2026-10-04T05:46:32.000Z</time>
        <extensions>
          <ns3:TrackPointExtension>
            <ns3:hr>117</ns3:hr>
            <ns3:cad>0</ns3:cad>
          </ns3:TrackPointExtension>
        </extensions>
      </trkpt>
      <trkpt lat="31.29433027468621730804443359375" lon="121.51701380498707294464111328125">
        <ele>9.80000019073486328125</ele>
        <time>2026-10-04T05:46:38.000Z</time>
        <extensions>
          <ns3:TrackPointExtension>
            <ns3:hr>115</ns3:hr>
            <ns3:cad>82</ns3:cad>
          </ns3:TrackPointExtension>
        </extensions>
      </trkpt>
      <trkpt lat="31.2942460365593433380126953125" lon="121.51690165512263774871826171875">
        <ele>8.3999996185302734375</ele>
        <time>2026-10-04T05:46:43.000Z</time>
        <extensions>
          <ns3:TrackPointExtension>
            <ns3:hr>114</ns3:hr>
            <ns3:cad>85</ns3:cad>
          </ns3:TrackPointExtension>
        </extensions>
      </trkpt>
      <trkpt lat="31.29423321224749088287353515625" lon="121.51685186661779880523681640625">
        <ele>8.19999980926513671875</ele>
        <time>2026-10-04T05:46:46.000Z</time>
        <extensions>
          <ns3:TrackPointExtension>
            <ns3:hr>111</ns3:hr>
            <ns3:cad>86</ns3:cad>
          </ns3:TrackPointExtension>
        </extensions>
      </trkpt>
      <trkpt lat="31.29424042068421840667724609375" lon="121.516818590462207794189453125">
        <ele>8.19999980926513671875</ele>
        <time>2026-10-04T05:46:49.000Z</time>
        <extensions>
          <ns3:TrackPointExtension>
            <ns3:hr>110</ns3:hr>
            <ns3:cad>0</ns3:cad>
          </ns3:TrackPointExtension>
        </extensions>
      </trkpt>
      <trkpt lat="31.29425047896802425384521484375" lon="121.5167547203600406646728515625">
        <ele>8</ele>
        <time>2026-10-04T05:46:52.000Z</time>
        <extensions>
          <ns3:TrackPointExtension>
            <ns3:hr>107</ns3:hr>
            <ns3:cad>54</ns3:cad>
          </ns3:TrackPointExtension>
        </extensions>
      </trkpt>
      <trkpt lat="31.294303201138973236083984375" lon="121.51671960018575191497802734375">
        <ele>8.3999996185302734375</ele>
        <time>2026-10-04T05:46:56.000Z</time>
        <extensions>
          <ns3:TrackPointExtension>
            <ns3:hr>105</ns3:hr>
            <ns3:cad>54</ns3:cad>
          </ns3:TrackPointExtension>
        </extensions>
      </trkpt>
      <trkpt lat="31.294312588870525360107421875" lon="121.516715995967388153076171875">
        <ele>8.3999996185302734375</ele>
        <time>2026-10-04T05:46:57.000Z</time>
        <extensions>
          <ns3:TrackPointExtension>
            <ns3:hr>105</ns3:hr>
            <ns3:cad>54</ns3:cad>
          </ns3:TrackPointExtension>
        </extensions>
      </trkpt>
      <trkpt lat="31.29447997547686100006103515625" lon="121.516618765890598297119140625">
        <ele>9.80000019073486328125</ele>
        <time>2026-10-04T05:47:06.000Z</time>
        <extensions>
          <ns3:TrackPointExtension>
            <ns3:hr>104</ns3:hr>
            <ns3:cad>56</ns3:cad>
          </ns3:TrackPointExtension>
        </extensions>
      </trkpt>
      <trkpt lat="31.29449774511158466339111328125" lon="121.51657140813767910003662109375">
        <ele>9.80000019073486328125</ele>
        <time>2026-10-04T05:47:08.000Z</time>
        <extensions>
          <ns3:TrackPointExtension>
            <ns3:hr>107</ns3:hr>
            <ns3:cad>56</ns3:cad>
          </ns3:TrackPointExtension>
        </extensions>
      </trkpt>
      <trkpt lat="31.29453714005649089813232421875" lon="121.51652388274669647216796875">
        <ele>9.6000003814697265625</ele>
        <time>2026-10-04T05:47:14.000Z</time>
        <extensions>
          <ns3:TrackPointExtension>
            <ns3:hr>103</ns3:hr>
            <ns3:cad>0</ns3:cad>
          </ns3:TrackPointExtension>
        </extensions>
      </trkpt>
      <trkpt lat="31.2945323623716831207275390625" lon="121.5165173448622226715087890625">
        <ele>9.3999996185302734375</ele>
        <time>2026-10-04T05:47:15.000Z</time>
        <extensions>
          <ns3:TrackPointExtension>
            <ns3:hr>104</ns3:hr>
            <ns3:cad>0</ns3:cad>
          </ns3:TrackPointExtension>
        </extensions>
      </trkpt>
      <trkpt lat="31.29453429020941257476806640625" lon="121.51651005260646343231201171875">
        <ele>9.3999996185302734375</ele>
        <time>2026-10-04T05:47:17.000Z</time>
        <extensions>
          <ns3:TrackPointExtension>
            <ns3:hr>101</ns3:hr>
            <ns3:cad>0</ns3:cad>
          </ns3:TrackPointExtension>
        </extensions>
      </trkpt>
      <trkpt lat="31.29453646950423717498779296875" lon="121.51650686748325824737548828125">
        <ele>9.19999980926513671875</ele>
        <time>2026-10-04T05:47:18.000Z</time>
        <extensions>
          <ns3:TrackPointExtension>
            <ns3:hr>98</ns3:hr>
            <ns3:cad>0</ns3:cad>
          </ns3:TrackPointExtension>
        </extensions>
      </trkpt>
      <trkpt lat="31.294539235532283782958984375" lon="121.5165076218545436859130859375">
        <ele>9.19999980926513671875</ele>
        <time>2026-10-04T05:47:19.000Z</time>
        <extensions>
          <ns3:TrackPointExtension>
            <ns3:hr>94</ns3:hr>
            <ns3:cad>0</ns3:cad>
          </ns3:TrackPointExtension>
        </extensions>
      </trkpt>
      <trkpt lat="31.294542253017425537109375" lon="121.5165019221603870391845703125">
        <ele>9.19999980926513671875</ele>
        <time>2026-10-04T05:47:21.000Z</time>
        <extensions>
          <ns3:TrackPointExtension>
            <ns3:hr>91</ns3:hr>
            <ns3:cad>0</ns3:cad>
          </ns3:TrackPointExtension>
        </extensions>
      </trkpt>
      <trkpt lat="31.2945642136037349700927734375" lon="121.5165210328996181488037109375">
        <ele>9.3999996185302734375</ele>
        <time>2026-10-04T05:47:27.000Z</time>
        <extensions>
          <ns3:TrackPointExtension>
            <ns3:hr>92</ns3:hr>
            <ns3:cad>0</ns3:cad>
          </ns3:TrackPointExtension>
        </extensions>
      </trkpt>
      <trkpt lat="31.29456077702343463897705078125" lon="121.51652463711798191070556640625">
        <ele>9.3999996185302734375</ele>
        <time>2026-10-04T05:47:32.000Z</time>
        <extensions>
          <ns3:TrackPointExtension>
            <ns3:hr>89</ns3:hr>
            <ns3:cad>0</ns3:cad>
          </ns3:TrackPointExtension>
        </extensions>
      </trkpt>
      <trkpt lat="31.2945655547082424163818359375" lon="121.51651977561414241790771484375">
        <ele>9.3999996185302734375</ele>
        <time>2026-10-04T05:47:33.000Z</time>
        <extensions>
          <ns3:TrackPointExtension>
            <ns3:hr>87</ns3:hr>
            <ns3:cad>0</ns3:cad>
          </ns3:TrackPointExtension>
        </extensions>
      </trkpt>
      <trkpt lat="31.2945752777159214019775390625" lon="121.5164757706224918365478515625">
        <ele>8.6000003814697265625</ele>
        <time>2026-10-04T05:47:37.000Z</time>
        <extensions>
          <ns3:TrackPointExtension>
            <ns3:hr>84</ns3:hr>
            <ns3:cad>78</ns3:cad>
          </ns3:TrackPointExtension>
        </extensions>
      </trkpt>
      <trkpt lat="31.29457955248653888702392578125" lon="121.51645439676940441131591796875">
        <ele>8.3999996185302734375</ele>
        <time>2026-10-04T05:47:41.000Z</time>
        <extensions>
          <ns3:TrackPointExtension>
            <ns3:hr>86</ns3:hr>
            <ns3:cad>0</ns3:cad>
          </ns3:TrackPointExtension>
        </extensions>
      </trkpt>
      <trkpt lat="31.2945833243429660797119140625" lon="121.51644148863852024078369140625">
        <ele>8.19999980926513671875</ele>
        <time>2026-10-04T05:47:42.000Z</time>
        <extensions>
          <ns3:TrackPointExtension>
            <ns3:hr>87</ns3:hr>
            <ns3:cad>0</ns3:cad>
          </ns3:TrackPointExtension>
        </extensions>
      </trkpt>
      <trkpt lat="31.29458575509488582611083984375" lon="121.5164358727633953094482421875">
        <ele>8.19999980926513671875</ele>
        <time>2026-10-04T05:47:43.000Z</time>
        <extensions>
          <ns3:TrackPointExtension>
            <ns3:hr>87</ns3:hr>
            <ns3:cad>0</ns3:cad>
          </ns3:TrackPointExtension>
        </extensions>
      </trkpt>
      <trkpt lat="31.2946376390755176544189453125" lon="121.5164254792034626007080078125">
        <ele>7.80000019073486328125</ele>
        <time>2026-10-04T05:47:47.000Z</time>
        <extensions>
          <ns3:TrackPointExtension>
            <ns3:hr>87</ns3:hr>
            <ns3:cad>51</ns3:cad>
          </ns3:TrackPointExtension>
        </extensions>
      </trkpt>
      <trkpt lat="31.29473126493394374847412109375" lon="121.5164373815059661865234375">
        <ele>7.599999904632568359375</ele>
        <time>2026-10-04T05:47:53.000Z</time>
        <extensions>
          <ns3:TrackPointExtension>
            <ns3:hr>83</ns3:hr>
            <ns3:cad>53</ns3:cad>
          </ns3:TrackPointExtension>
        </extensions>
      </trkpt>
      <trkpt lat="31.2947637028992176055908203125" lon="121.51645154692232608795166015625">
        <ele>7.599999904632568359375</ele>
        <time>2026-10-04T05:47:55.000Z</time>
        <extensions>
          <ns3:TrackPointExtension>
            <ns3:hr>81</ns3:hr>
            <ns3:cad>55</ns3:cad>
          </ns3:TrackPointExtension>
        </extensions>
      </trkpt>
      <trkpt lat="31.29479278810322284698486328125" lon="121.51645389385521411895751953125">
        <ele>7.400000095367431640625</ele>
        <time>2026-10-04T05:47:57.000Z</time>
        <extensions>
          <ns3:TrackPointExtension>
            <ns3:hr>80</ns3:hr>
            <ns3:cad>55</ns3:cad>
          </ns3:TrackPointExtension>
        </extensions>
      </trkpt>
      <trkpt lat="31.2948119826614856719970703125" lon="121.5164469368755817413330078125">
        <ele>7.19999980926513671875</ele>
        <time>2026-10-04T05:47:58.000Z</time>
        <extensions>
          <ns3:TrackPointExtension>
            <ns3:hr>78</ns3:hr>
            <ns3:cad>55</ns3:cad>
          </ns3:TrackPointExtension>
        </extensions>
      </trkpt>
      <trkpt lat="31.29495036788284778594970703125" lon="121.51636487804353237152099609375">
        <ele>5.400000095367431640625</ele>
        <time>2026-10-04T05:48:05.000Z</time>
        <extensions>
          <ns3:TrackPointExtension>
            <ns3:hr>81</ns3:hr>
            <ns3:cad>84</ns3:cad>
          </ns3:TrackPointExtension>
        </extensions>
      </trkpt>
      <trkpt lat="31.29497182555496692657470703125" lon="121.5163547359406948089599609375">
        <ele>5.19999980926513671875</ele>
        <time>2026-10-04T05:48:06.000Z</time>
        <extensions>
          <ns3:TrackPointExtension>
            <ns3:hr>76</ns3:hr>
            <ns3:cad>84</ns3:cad>
          </ns3:TrackPointExtension>
        </extensions>
      </trkpt>
      <trkpt lat="31.29498875699937343597412109375" lon="121.5163461863994598388671875">
        <ele>5.19999980926513671875</ele>
        <time>2026-10-04T05:48:07.000Z</time>
        <extensions>
          <ns3:TrackPointExtension>
            <ns3:hr>79</ns3:hr>
            <ns3:cad>84</ns3:cad>
          </ns3:TrackPointExtension>
        </extensions>
      </trkpt>
      <trkpt lat="31.29506704397499561309814453125" lon="121.51633084751665592193603515625">
        <ele>4.80000019073486328125</ele>
        <time>2026-10-04T05:48:10.000Z</time>
        <extensions>
          <ns3:TrackPointExtension>
            <ns3:hr>82</ns3:hr>
            <ns3:cad>85</ns3:cad>
          </ns3:TrackPointExtension>
        </extensions>
      </trkpt>
      <trkpt lat="31.29511356353759765625" lon="121.51629849337041378021240234375">
        <ele>4.400000095367431640625</ele>
        <time>2026-10-04T05:48:12.000Z</time>
        <extensions>
          <ns3:TrackPointExtension>
            <ns3:hr>85</ns3:hr>
            <ns3:cad>85</ns3:cad>
          </ns3:TrackPointExtension>
        </extensions>
      </trkpt>
      <trkpt lat="31.295136697590351104736328125" lon="121.51628843508660793304443359375">
        <ele>4.599999904632568359375</ele>
        <time>2026-10-04T05:48:13.000Z</time>
        <extensions>
          <ns3:TrackPointExtension>
            <ns3:hr>88</ns3:hr>
            <ns3:cad>85</ns3:cad>
          </ns3:TrackPointExtension>
        </extensions>
      </trkpt>
      <trkpt lat="31.29517860710620880126953125" lon="121.51626211591064929962158203125">
        <ele>5</ele>
        <time>2026-10-04T05:48:15.000Z</time>
        <extensions>
          <ns3:TrackPointExtension>
            <ns3:hr>92</ns3:hr>
            <ns3:cad>84</ns3:cad>
          </ns3:TrackPointExtension>
        </extensions>
      </trkpt>
      <trkpt lat="31.295246668159961700439453125" lon="121.516251973807811737060546875">
        <ele>5.599999904632568359375</ele>
        <time>2026-10-04T05:48:17.000Z</time>
        <extensions>
          <ns3:TrackPointExtension>
            <ns3:hr>95</ns3:hr>
            <ns3:cad>85</ns3:cad>
          </ns3:TrackPointExtension>
        </extensions>
      </trkpt>
      <trkpt lat="31.2952874042093753814697265625" lon="121.51622825302183628082275390625">
        <ele>5.80000019073486328125</ele>
        <time>2026-10-04T05:48:19.000Z</time>
        <extensions>
          <ns3:TrackPointExtension>
            <ns3:hr>98</ns3:hr>
            <ns3:cad>85</ns3:cad>
          </ns3:TrackPointExtension>
        </extensions>
      </trkpt>
      <trkpt lat="31.29529871977865695953369140625" lon="121.51621274650096893310546875">
        <ele>6</ele>
        <time>2026-10-04T05:48:20.000Z</time>
        <extensions>
          <ns3:TrackPointExtension>
            <ns3:hr>99</ns3:hr>
            <ns3:cad>84</ns3:cad>
          </ns3:TrackPointExtension>
        </extensions>
      </trkpt>
      <trkpt lat="31.29533828236162662506103515625" lon="121.51619338430464267730712890625">
        <ele>6</ele>
        <time>2026-10-04T05:48:23.000Z</time>
        <extensions>
          <ns3:TrackPointExtension>
            <ns3:hr>102</ns3:hr>
            <ns3:cad>83</ns3:cad>
          </ns3:TrackPointExtension>
        </extensions>
      </trkpt>
      <trkpt lat="31.2953564710915088653564453125" lon="121.51617678813636302947998046875">
        <ele>6</ele>
        <time>2026-10-04T05:48:25.000Z</time>
        <extensions>
          <ns3:TrackPointExtension>
            <ns3:hr>103</ns3:hr>
            <ns3:cad>83</ns3:cad>
          </ns3:TrackPointExtension>
        </extensions>
      </trkpt>
      <trkpt lat="31.29542377777397632598876953125" lon="121.51613303460180759429931640625">
        <ele>6.19999980926513671875</ele>
        <time>2026-10-04T05:48:33.000Z</time>
        <extensions>
          <ns3:TrackPointExtension>
            <ns3:hr>104</ns3:hr>
            <ns3:cad>55</ns3:cad>
          </ns3:TrackPointExtension>
        </extensions>
      </trkpt>
      <trkpt lat="31.29541472531855106353759765625" lon="121.51612750254571437835693359375">
        <ele>6.19999980926513671875</ele>
        <time>2026-10-04T05:48:35.000Z</time>
        <extensions>
          <ns3:TrackPointExtension>
            <ns3:hr>104</ns3:hr>
            <ns3:cad>0</ns3:cad>
          </ns3:TrackPointExtension>
        </extensions>
      </trkpt>
      <trkpt lat="31.2953960336744785308837890625" lon="121.51612247340381145477294921875">
        <ele>6.19999980926513671875</ele>
        <time>2026-10-04T05:48:39.000Z</time>
        <extensions>
          <ns3:TrackPointExtension>
            <ns3:hr>104</ns3:hr>
            <ns3:cad>0</ns3:cad>
          </ns3:TrackPointExtension>
        </extensions>
      </trkpt>
      <trkpt lat="31.29539058543741703033447265625" lon="121.51609548367559909820556640625">
        <ele>6.400000095367431640625</ele>
        <time>2026-10-04T05:48:42.000Z</time>
        <extensions>
          <ns3:TrackPointExtension>
            <ns3:hr>103</ns3:hr>
            <ns3:cad>51</ns3:cad>
          </ns3:TrackPointExtension>
        </extensions>
      </trkpt>
      <trkpt lat="31.29538807086646556854248046875" lon="121.516069583594799041748046875">
        <ele>6.400000095367431640625</ele>
        <time>2026-10-04T05:48:44.000Z</time>
        <extensions>
          <ns3:TrackPointExtension>
            <ns3:hr>100</ns3:hr>
            <ns3:cad>53</ns3:cad>
          </ns3:TrackPointExtension>
        </extensions>
      </trkpt>
      <trkpt lat="31.2953853048384189605712890625" lon="121.51605608873069286346435546875">
        <ele>6.400000095367431640625</ele>
        <time>2026-10-04T05:48:45.000Z</time>
        <extensions>
          <ns3:TrackPointExtension>
            <ns3:hr>100</ns3:hr>
            <ns3:cad>53</ns3:cad>
          </ns3:TrackPointExtension>
        </extensions>
      </trkpt>
      <trkpt lat="31.29538589157164096832275390625" lon="121.51604351587593555450439453125">
        <ele>6.599999904632568359375</ele>
        <time>2026-10-04T05:48:46.000Z</time>
        <extensions>
          <ns3:TrackPointExtension>
            <ns3:hr>100</ns3:hr>
            <ns3:cad>53</ns3:cad>
          </ns3:TrackPointExtension>
        </extensions>
      </trkpt>
      <trkpt lat="31.29538119770586490631103515625" lon="121.51596791110932826995849609375">
        <ele>6.599999904632568359375</ele>
        <time>2026-10-04T05:48:52.000Z</time>
        <extensions>
          <ns3:TrackPointExtension>
            <ns3:hr>98</ns3:hr>
            <ns3:cad>53</ns3:cad>
          </ns3:TrackPointExtension>
        </extensions>
      </trkpt>
      <trkpt lat="31.29537465982139110565185546875" lon="121.51594645343720912933349609375">
        <ele>6.599999904632568359375</ele>
        <time>2026-10-04T05:48:54.000Z</time>
        <extensions>
          <ns3:TrackPointExtension>
            <ns3:hr>96</ns3:hr>
            <ns3:cad>54</ns3:cad>
          </ns3:TrackPointExtension>
        </extensions>
      </trkpt>
      <trkpt lat="31.295372731983661651611328125" lon="121.51590236462652683258056640625">
        <ele>6.599999904632568359375</ele>
        <time>2026-10-04T05:48:58.000Z</time>
        <extensions>
          <ns3:TrackPointExtension>
            <ns3:hr>94</ns3:hr>
            <ns3:cad>0</ns3:cad>
          </ns3:TrackPointExtension>
        </extensions>
      </trkpt>
      <trkpt lat="31.29536828957498073577880859375" lon="121.51584955863654613494873046875">
        <ele>6.400000095367431640625</ele>
        <time>2026-10-04T05:49:01.000Z</time>
        <extensions>
          <ns3:TrackPointExtension>
            <ns3:hr>90</ns3:hr>
            <ns3:cad>0</ns3:cad>
          </ns3:TrackPointExtension>
        </extensions>
      </trkpt>
      <trkpt lat="31.2953616678714752197265625" lon="121.5157961659133434295654296875">
        <ele>6.19999980926513671875</ele>
        <time>2026-10-04T05:49:05.000Z</time>
        <extensions>
          <ns3:TrackPointExtension>
            <ns3:hr>88</ns3:hr>
            <ns3:cad>53</ns3:cad>
          </ns3:TrackPointExtension>
        </extensions>
      </trkpt>
      <trkpt lat="31.295341551303863525390625" lon="121.5157455392181873321533203125">
        <ele>6.19999980926513671875</ele>
        <time>2026-10-04T05:49:10.000Z</time>
        <extensions>
          <ns3:TrackPointExtension>
            <ns3:hr>86</ns3:hr>
            <ns3:cad>54</ns3:cad>
          </ns3:TrackPointExtension>
        </extensions>
      </trkpt>
      <trkpt lat="31.29533610306680202484130859375" lon="121.51574428193271160125732421875">
        <ele>6.19999980926513671875</ele>
        <time>2026-10-04T05:49:11.000Z</time>
        <extensions>
          <ns3:TrackPointExtension>
            <ns3:hr>84</ns3:hr>
            <ns3:cad>54</ns3:cad>
          </ns3:TrackPointExtension>
        </extensions>
      </trkpt>
      <trkpt lat="31.29525345750153064727783203125" lon="121.51576590724289417266845703125">
        <ele>6.400000095367431640625</ele>
        <time>2026-10-04T05:49:19.000Z</time>
        <extensions>
          <ns3:TrackPointExtension>
            <ns3:hr>82</ns3:hr>
            <ns3:cad>0</ns3:cad>
          </ns3:TrackPointExtension>
        </extensions>
      </trkpt>
      <trkpt lat="31.29521481692790985107421875" lon="121.515779234468936920166015625">
        <ele>6.400000095367431640625</ele>
        <time>2026-10-04T05:49:25.000Z</time>
        <extensions>
          <ns3:TrackPointExtension>
            <ns3:hr>81</ns3:hr>
            <ns3:cad>0</ns3:cad>
          </ns3:TrackPointExtension>
        </extensions>
      </trkpt>
      <trkpt lat="31.29521691240370273590087890625" lon="121.51579566299915313720703125">
        <ele>6.400000095367431640625</ele>
        <time>2026-10-04T05:49:26.000Z</time>
        <extensions>
          <ns3:TrackPointExtension>
            <ns3:hr>81</ns3:hr>
            <ns3:cad>0</ns3:cad>
          </ns3:TrackPointExtension>
        </extensions>
      </trkpt>
      <trkpt lat="31.29515044391155242919921875" lon="121.51582273654639720916748046875">
        <ele>6.19999980926513671875</ele>
        <time>2026-10-04T05:49:32.000Z</time>
        <extensions>
          <ns3:TrackPointExtension>
            <ns3:hr>82</ns3:hr>
            <ns3:cad>53</ns3:cad>
          </ns3:TrackPointExtension>
        </extensions>
      </trkpt>
      <trkpt lat="31.29510459490120410919189453125" lon="121.51579457335174083709716796875">
        <ele>5.80000019073486328125</ele>
        <time>2026-10-04T05:49:33.000Z</time>
        <extensions>
          <ns3:TrackPointExtension>
            <ns3:hr>81</ns3:hr>
            <ns3:cad>53</ns3:cad>
          </ns3:TrackPointExtension>
        </extensions>
      </trkpt>
      <trkpt lat="31.2950741685926914215087890625" lon="121.5158065594732761383056640625">
        <ele>5.599999904632568359375</ele>
        <time>2026-10-04T05:49:36.000Z</time>
        <extensions>
          <ns3:TrackPointExtension>
            <ns3:hr>80</ns3:hr>
            <ns3:cad>0</ns3:cad>
          </ns3:TrackPointExtension>
        </extensions>
      </trkpt>
      <trkpt lat="31.2950661219656467437744140625" lon="121.51582323946058750152587890625">
        <ele>5.599999904632568359375</ele>
        <time>2026-10-04T05:49:38.000Z</time>
        <extensions>
          <ns3:TrackPointExtension>
            <ns3:hr>80</ns3:hr>
            <ns3:cad>50</ns3:cad>
          </ns3:TrackPointExtension>
        </extensions>
      </trkpt>
      <trkpt lat="31.2950097955763339996337890625" lon="121.51581116952002048492431640625">
        <ele>5.19999980926513671875</ele>
        <time>2026-10-04T05:49:41.000Z</time>
        <extensions>
          <ns3:TrackPointExtension>
            <ns3:hr>79</ns3:hr>
            <ns3:cad>0</ns3:cad>
          </ns3:TrackPointExtension>
        </extensions>
      </trkpt>
      <trkpt lat="31.29492916166782379150390625" lon="121.5157971717417240142822265625">
        <ele>4.599999904632568359375</ele>
        <time>2026-10-04T05:49:46.000Z</time>
        <extensions>
          <ns3:TrackPointExtension>
            <ns3:hr>76</ns3:hr>
            <ns3:cad>51</ns3:cad>
          </ns3:TrackPointExtension>
        </extensions>
      </trkpt>
      <trkpt lat="31.2949209474027156829833984375" lon="121.51578736491501331329345703125">
        <ele>4.400000095367431640625</ele>
        <time>2026-10-04T05:49:47.000Z</time>
        <extensions>
          <ns3:TrackPointExtension>
            <ns3:hr>76</ns3:hr>
            <ns3:cad>51</ns3:cad>
          </ns3:TrackPointExtension>
        </extensions>
      </trkpt>
      <trkpt lat="31.2948949635028839111328125" lon="121.5157887898385524749755859375">
        <ele>4.400000095367431640625</ele>
        <time>2026-10-04T05:49:48.000Z</time>
        <extensions>
          <ns3:TrackPointExtension>
            <ns3:hr>75</ns3:hr>
            <ns3:cad>51</ns3:cad>
          </ns3:TrackPointExtension>
        </extensions>
      </trkpt>
      <trkpt lat="31.294859759509563446044921875" lon="121.51579993776977062225341796875">
        <ele>4</ele>
        <time>2026-10-04T05:49:51.000Z</time>
        <extensions>
          <ns3:TrackPointExtension>
            <ns3:hr>75</ns3:hr>
            <ns3:cad>52</ns3:cad>
          </ns3:TrackPointExtension>
        </extensions>
      </trkpt>
      <trkpt lat="31.294822208583354949951171875" lon="121.51581720449030399322509765625">
        <ele>3.400000095367431640625</ele>
        <time>2026-10-04T05:49:53.000Z</time>
        <extensions>
          <ns3:TrackPointExtension>
            <ns3:hr>74</ns3:hr>
            <ns3:cad>52</ns3:cad>
          </ns3:TrackPointExtension>
        </extensions>
      </trkpt>
      <trkpt lat="31.29479731433093547821044921875" lon="121.51582273654639720916748046875">
        <ele>3.2000000476837158203125</ele>
        <time>2026-10-04T05:49:57.000Z</time>
        <extensions>
          <ns3:TrackPointExtension>
            <ns3:hr>74</ns3:hr>
            <ns3:cad>52</ns3:cad>
          </ns3:TrackPointExtension>
        </extensions>
      </trkpt>
      <trkpt lat="31.294800080358982086181640625" lon="121.51582072488963603973388671875">
        <ele>3.2000000476837158203125</ele>
        <time>2026-10-04T05:50:02.000Z</time>
        <extensions>
          <ns3:TrackPointExtension>
            <ns3:hr>72</ns3:hr>
            <ns3:cad>0</ns3:cad>
          </ns3:TrackPointExtension>
        </extensions>
      </trkpt>
      <trkpt lat="31.29480267874896526336669921875" lon="121.515838243067264556884765625">
        <ele>3.2000000476837158203125</ele>
        <time>2026-10-04T05:50:07.000Z</time>
        <extensions>
          <ns3:TrackPointExtension>
            <ns3:hr>72</ns3:hr>
            <ns3:cad>0</ns3:cad>
          </ns3:TrackPointExtension>
        </extensions>
      </trkpt>
      <trkpt lat="31.29480821080505847930908203125" lon="121.51584251783788204193115234375">
        <ele>3.2000000476837158203125</ele>
        <time>2026-10-04T05:50:12.000Z</time>
        <extensions>
          <ns3:TrackPointExtension>
            <ns3:hr>72</ns3:hr>
            <ns3:cad>54</ns3:cad>
          </ns3:TrackPointExtension>
        </extensions>
      </trkpt>
      <trkpt lat="31.29485364072024822235107421875" lon="121.51581452228128910064697265625">
        <ele>3.7999999523162841796875</ele>
        <time>2026-10-04T05:50:18.000Z</time>
        <extensions>
          <ns3:TrackPointExtension>
            <ns3:hr>73</ns3:hr>
            <ns3:cad>54</ns3:cad>
          </ns3:TrackPointExtension>
        </extensions>
      </trkpt>
      <trkpt lat="31.29485682584345340728759765625" lon="121.5157941542565822601318359375">
        <ele>4</ele>
        <time>2026-10-04T05:50:20.000Z</time>
        <extensions>
          <ns3:TrackPointExtension>
            <ns3:hr>72</ns3:hr>
            <ns3:cad>54</ns3:cad>
          </ns3:TrackPointExtension>
        </extensions>
      </trkpt>
      <trkpt lat="31.29488163627684116363525390625" lon="121.515779234468936920166015625">
        <ele>4.19999980926513671875</ele>
        <time>2026-10-04T05:50:22.000Z</time>
        <extensions>
          <ns3:TrackPointExtension>
            <ns3:hr>72</ns3:hr>
            <ns3:cad>53</ns3:cad>
          </ns3:TrackPointExtension>
        </extensions>
      </trkpt>
      <trkpt lat="31.29491868428885936737060546875" lon="121.51577697135508060455322265625">
        <ele>4.400000095367431640625</ele>
        <time>2026-10-04T05:50:24.000Z</time>
        <extensions>
          <ns3:TrackPointExtension>
            <ns3:hr>72</ns3:hr>
            <ns3:cad>52</ns3:cad>
          </ns3:TrackPointExtension>
        </extensions>
      </trkpt>
      <trkpt lat="31.29497802816331386566162109375" lon="121.51579507626593112945556640625">
        <ele>5</ele>
        <time>2026-10-04T05:50:27.000Z</time>
        <extensions>
          <ns3:TrackPointExtension>
            <ns3:hr>72</ns3:hr>
            <ns3:cad>53</ns3:cad>
          </ns3:TrackPointExtension>
        </extensions>
      </trkpt>
      <trkpt lat="31.2950084544718265533447265625" lon="121.51579298079013824462890625">
        <ele>5.19999980926513671875</ele>
        <time>2026-10-04T05:50:28.000Z</time>
        <extensions>
          <ns3:TrackPointExtension>
            <ns3:hr>72</ns3:hr>
            <ns3:cad>53</ns3:cad>
          </ns3:TrackPointExtension>
        </extensions>
      </trkpt>
      <trkpt lat="31.2950290739536285400390625" lon="121.515784598886966705322265625">
        <ele>5.19999980926513671875</ele>
        <time>2026-10-04T05:50:30.000Z</time>
        <extensions>
          <ns3:TrackPointExtension>
            <ns3:hr>72</ns3:hr>
            <ns3:cad>52</ns3:cad>
          </ns3:TrackPointExtension>
        </extensions>
      </trkpt>
      <trkpt lat="31.2950899265706539154052734375" lon="121.51577889919281005859375">
        <ele>5.80000019073486328125</ele>
        <time>2026-10-04T05:50:32.000Z</time>
        <extensions>
          <ns3:TrackPointExtension>
            <ns3:hr>72</ns3:hr>
            <ns3:cad>53</ns3:cad>
          </ns3:TrackPointExtension>
        </extensions>
      </trkpt>
      <trkpt lat="31.29509990103542804718017578125" lon="121.51576205156743526458740234375">
        <ele>5.80000019073486328125</ele>
        <time>2026-10-04T05:50:34.000Z</time>
        <extensions>
          <ns3:TrackPointExtension>
            <ns3:hr>75</ns3:hr>
            <ns3:cad>55</ns3:cad>
          </ns3:TrackPointExtension>
        </extensions>
      </trkpt>
      <trkpt lat="31.2951127253472805023193359375" lon="121.51575274765491485595703125">
        <ele>5.80000019073486328125</ele>
        <time>2026-10-04T05:50:35.000Z</time>
        <extensions>
          <ns3:TrackPointExtension>
            <ns3:hr>72</ns3:hr>
            <ns3:cad>55</ns3:cad>
          </ns3:TrackPointExtension>
        </extensions>
      </trkpt>
      <trkpt lat="31.29511582665145397186279296875" lon="121.515733301639556884765625">
        <ele>5.80000019073486328125</ele>
        <time>2026-10-04T05:50:36.000Z</time>
        <extensions>
          <ns3:TrackPointExtension>
            <ns3:hr>73</ns3:hr>
            <ns3:cad>55</ns3:cad>
          </ns3:TrackPointExtension>
        </extensions>
      </trkpt>
      <trkpt lat="31.29514348693192005157470703125" lon="121.515686698257923126220703125">
        <ele>5.80000019073486328125</ele>
        <time>2026-10-04T05:50:40.000Z</time>
        <extensions>
          <ns3:TrackPointExtension>
            <ns3:hr>75</ns3:hr>
            <ns3:cad>54</ns3:cad>
          </ns3:TrackPointExtension>
        </extensions>
      </trkpt>
      <trkpt lat="31.29516360349953174591064453125" lon="121.515677981078624725341796875">
        <ele>5.80000019073486328125</ele>
        <time>2026-10-04T05:50:41.000Z</time>
        <extensions>
          <ns3:TrackPointExtension>
            <ns3:hr>76</ns3:hr>
            <ns3:cad>55</ns3:cad>
          </ns3:TrackPointExtension>
        </extensions>
      </trkpt>
      <trkpt lat="31.29519260488450527191162109375" lon="121.5156670846045017242431640625">
        <ele>5.80000019073486328125</ele>
        <time>2026-10-04T05:50:43.000Z</time>
        <extensions>
          <ns3:TrackPointExtension>
            <ns3:hr>73</ns3:hr>
            <ns3:cad>54</ns3:cad>
          </ns3:TrackPointExtension>
        </extensions>
      </trkpt>
      <trkpt lat="31.2952069379389286041259765625" lon="121.5156620554625988006591796875">
        <ele>5.80000019073486328125</ele>
        <time>2026-10-04T05:50:44.000Z</time>
        <extensions>
          <ns3:TrackPointExtension>
            <ns3:hr>73</ns3:hr>
            <ns3:cad>54</ns3:cad>
          </ns3:TrackPointExtension>
        </extensions>
      </trkpt>
      <trkpt lat="31.29522948525846004486083984375" lon="121.5156560204923152923583984375">
        <ele>6</ele>
        <time>2026-10-04T05:50:46.000Z</time>
        <extensions>
          <ns3:TrackPointExtension>
            <ns3:hr>73</ns3:hr>
            <ns3:cad>55</ns3:cad>
          </ns3:TrackPointExtension>
        </extensions>
      </trkpt>
      <trkpt lat="31.29525228403508663177490234375" lon="121.51558100245893001556396484375">
        <ele>5.400000095367431640625</ele>
        <time>2026-10-04T05:50:51.000Z</time>
        <extensions>
          <ns3:TrackPointExtension>
            <ns3:hr>75</ns3:hr>
            <ns3:cad>53</ns3:cad>
          </ns3:TrackPointExtension>
        </extensions>
      </trkpt>
      <trkpt lat="31.29524759016931056976318359375" lon="121.51556960307061672210693359375">
        <ele>5.400000095367431640625</ele>
        <time>2026-10-04T05:50:52.000Z</time>
        <extensions>
          <ns3:TrackPointExtension>
            <ns3:hr>75</ns3:hr>
            <ns3:cad>53</ns3:cad>
          </ns3:TrackPointExtension>
        </extensions>
      </trkpt>
      <trkpt lat="31.2952471710741519927978515625" lon="121.51555770076811313629150390625">
        <ele>5.19999980926513671875</ele>
        <time>2026-10-04T05:50:53.000Z</time>
        <extensions>
          <ns3:TrackPointExtension>
            <ns3:hr>75</ns3:hr>
            <ns3:cad>53</ns3:cad>
          </ns3:TrackPointExtension>
        </extensions>
      </trkpt>
      <trkpt lat="31.29520618356764316558837890625" lon="121.51549332775175571441650390625">
        <ele>4.599999904632568359375</ele>
        <time>2026-10-04T05:50:57.000Z</time>
        <extensions>
          <ns3:TrackPointExtension>
            <ns3:hr>75</ns3:hr>
            <ns3:cad>53</ns3:cad>
          </ns3:TrackPointExtension>
        </extensions>
      </trkpt>
      <trkpt lat="31.295213811099529266357421875" lon="121.5153993666172027587890625">
        <ele>3.599999904632568359375</ele>
        <time>2026-10-04T05:51:01.000Z</time>
        <extensions>
          <ns3:TrackPointExtension>
            <ns3:hr>75</ns3:hr>
            <ns3:cad>56</ns3:cad>
          </ns3:TrackPointExtension>
        </extensions>
      </trkpt>
      <trkpt lat="31.295207440853118896484375" lon="121.5153727121651172637939453125">
        <ele>3.2000000476837158203125</ele>
        <time>2026-10-04T05:51:02.000Z</time>
        <extensions>
          <ns3:TrackPointExtension>
            <ns3:hr>76</ns3:hr>
            <ns3:cad>84</ns3:cad>
          </ns3:TrackPointExtension>
        </extensions>
      </trkpt>
      <trkpt lat="31.2951740808784961700439453125" lon="121.515322588384151458740234375">
        <ele>3</ele>
        <time>2026-10-04T05:51:05.000Z</time>
        <extensions>
          <ns3:TrackPointExtension>
            <ns3:hr>76</ns3:hr>
            <ns3:cad>84</ns3:cad>
          </ns3:TrackPointExtension>
        </extensions>
      </trkpt>
      <trkpt lat="31.29514784552156925201416015625" lon="121.51527690701186656951904296875">
        <ele>3</ele>
        <time>2026-10-04T05:51:07.000Z</time>
        <extensions>
          <ns3:TrackPointExtension>
            <ns3:hr>80</ns3:hr>
            <ns3:cad>84</ns3:cad>
          </ns3:TrackPointExtension>
        </extensions>
      </trkpt>
      <trkpt lat="31.29514499567449092864990234375" lon="121.51522879488766193389892578125">
        <ele>3</ele>
        <time>2026-10-04T05:51:09.000Z</time>
        <extensions>
          <ns3:TrackPointExtension>
            <ns3:hr>84</ns3:hr>
            <ns3:cad>84</ns3:cad>
          </ns3:TrackPointExtension>
        </extensions>
      </trkpt>
      <trkpt lat="31.29514181055128574371337890625" lon="121.515193842351436614990234375">
        <ele>3</ele>
        <time>2026-10-04T05:51:12.000Z</time>
        <extensions>
          <ns3:TrackPointExtension>
            <ns3:hr>88</ns3:hr>
            <ns3:cad>70</ns3:cad>
          </ns3:TrackPointExtension>
        </extensions>
      </trkpt>
      <trkpt lat="31.29513141699135303497314453125" lon="121.515169031918048858642578125">
        <ele>3</ele>
        <time>2026-10-04T05:51:14.000Z</time>
        <extensions>
          <ns3:TrackPointExtension>
            <ns3:hr>90</ns3:hr>
            <ns3:cad>70</ns3:cad>
          </ns3:TrackPointExtension>
        </extensions>
      </trkpt>
      <trkpt lat="31.29504960961639881134033203125" lon="121.5150023996829986572265625">
        <ele>3.7999999523162841796875</ele>
        <time>2026-10-04T05:51:25.000Z</time>
        <extensions>
          <ns3:TrackPointExtension>
            <ns3:hr>92</ns3:hr>
            <ns3:cad>56</ns3:cad>
          </ns3:TrackPointExtension>
        </extensions>
      </trkpt>
      <trkpt lat="31.2950371205806732177734375" lon="121.5149536170065402984619140625">
        <ele>4.19999980926513671875</ele>
        <time>2026-10-04T05:51:30.000Z</time>
        <extensions>
          <ns3:TrackPointExtension>
            <ns3:hr>89</ns3:hr>
            <ns3:cad>54</ns3:cad>
          </ns3:TrackPointExtension>
        </extensions>
      </trkpt>
      <trkpt lat="31.29503200761973857879638671875" lon="121.514918915927410125732421875">
        <ele>4.599999904632568359375</ele>
        <time>2026-10-04T05:51:32.000Z</time>
        <extensions>
          <ns3:TrackPointExtension>
            <ns3:hr>87</ns3:hr>
            <ns3:cad>53</ns3:cad>
          </ns3:TrackPointExtension>
        </extensions>
      </trkpt>
      <trkpt lat="31.29502295516431331634521484375" lon="121.5147987194359302520751953125">
        <ele>6</ele>
        <time>2026-10-04T05:51:39.000Z</time>
        <extensions>
          <ns3:TrackPointExtension>
            <ns3:hr>84</ns3:hr>
            <ns3:cad>55</ns3:cad>
          </ns3:TrackPointExtension>
        </extensions>
      </trkpt>
      <trkpt lat="31.295019686222076416015625" lon="121.51478924788534641265869140625">
        <ele>6</ele>
        <time>2026-10-04T05:51:42.000Z</time>
        <extensions>
          <ns3:TrackPointExtension>
            <ns3:hr>82</ns3:hr>
            <ns3:cad>0</ns3:cad>
          </ns3:TrackPointExtension>
        </extensions>
      </trkpt>
      <trkpt lat="31.29496872425079345703125" lon="121.5147824585437774658203125">
        <ele>6</ele>
        <time>2026-10-04T05:51:46.000Z</time>
        <extensions>
          <ns3:TrackPointExtension>
            <ns3:hr>79</ns3:hr>
            <ns3:cad>0</ns3:cad>
          </ns3:TrackPointExtension>
        </extensions>
      </trkpt>
      <trkpt lat="31.29495330154895782470703125" lon="121.51477969251573085784912109375">
        <ele>6</ele>
        <time>2026-10-04T05:51:47.000Z</time>
        <extensions>
          <ns3:TrackPointExtension>
            <ns3:hr>79</ns3:hr>
            <ns3:cad>0</ns3:cad>
          </ns3:TrackPointExtension>
        </extensions>
      </trkpt>
      <trkpt lat="31.29491499625146389007568359375" lon="121.5147420577704906463623046875">
        <ele>6.400000095367431640625</ele>
        <time>2026-10-04T05:51:55.000Z</time>
        <extensions>
          <ns3:TrackPointExtension>
            <ns3:hr>76</ns3:hr>
            <ns3:cad>0</ns3:cad>
          </ns3:TrackPointExtension>
        </extensions>
      </trkpt>
      <trkpt lat="31.29491013474762439727783203125" lon="121.514735519886016845703125">
        <ele>6.599999904632568359375</ele>
        <time>2026-10-04T05:51:58.000Z</time>
        <extensions>
          <ns3:TrackPointExtension>
            <ns3:hr>70</ns3:hr>
            <ns3:cad>0</ns3:cad>
          </ns3:TrackPointExtension>
        </extensions>
      </trkpt>
      <trkpt lat="31.2949192710220813751220703125" lon="121.51472118683159351348876953125">
        <ele>6.80000019073486328125</ele>
        <time>2026-10-04T05:52:01.000Z</time>
        <extensions>
          <ns3:TrackPointExtension>
            <ns3:hr>73</ns3:hr>
            <ns3:cad>0</ns3:cad>
          </ns3:TrackPointExtension>
        </extensions>
      </trkpt>
      <trkpt lat="31.2949078716337680816650390625" lon="121.51472236029803752899169921875">
        <ele>6.599999904632568359375</ele>
        <time>2026-10-04T05:52:07.000Z</time>
        <extensions>
          <ns3:TrackPointExtension>
            <ns3:hr>76</ns3:hr>
            <ns3:cad>0</ns3:cad>
          </ns3:TrackPointExtension>
        </extensions>
      </trkpt>
      <trkpt lat="31.29489856772124767303466796875" lon="121.51473124511539936065673828125">
        <ele>6.599999904632568359375</ele>
        <time>2026-10-04T05:52:08.000Z</time>
        <extensions>
          <ns3:TrackPointExtension>
            <ns3:hr>76</ns3:hr>
            <ns3:cad>48</ns3:cad>
          </ns3:TrackPointExtension>
        </extensions>
      </trkpt>
      <trkpt lat="31.29483126103878021240234375" lon="121.51478178799152374267578125">
        <ele>5.599999904632568359375</ele>
        <time>2026-10-04T05:52:16.000Z</time>
        <extensions>
          <ns3:TrackPointExtension>
            <ns3:hr>78</ns3:hr>
            <ns3:cad>53</ns3:cad>
          </ns3:TrackPointExtension>
        </extensions>
      </trkpt>
      <trkpt lat="31.29482480697333812713623046875" lon="121.51478539220988750457763671875">
        <ele>5.400000095367431640625</ele>
        <time>2026-10-04T05:52:17.000Z</time>
        <extensions>
          <ns3:TrackPointExtension>
            <ns3:hr>75</ns3:hr>
            <ns3:cad>53</ns3:cad>
          </ns3:TrackPointExtension>
        </extensions>
      </trkpt>
      <trkpt lat="31.29479010589420795440673828125" lon="121.51480366475880146026611328125">
        <ele>5.19999980926513671875</ele>
        <time>2026-10-04T05:52:21.000Z</time>
        <extensions>
          <ns3:TrackPointExtension>
            <ns3:hr>75</ns3:hr>
            <ns3:cad>53</ns3:cad>
          </ns3:TrackPointExtension>
        </extensions>
      </trkpt>
      <trkpt lat="31.29477091133594512939453125" lon="121.514821685850620269775390625">
        <ele>4.80000019073486328125</ele>
        <time>2026-10-04T05:52:23.000Z</time>
        <extensions>
          <ns3:TrackPointExtension>
            <ns3:hr>74</ns3:hr>
            <ns3:cad>53</ns3:cad>
          </ns3:TrackPointExtension>
        </extensions>
      </trkpt>
      <trkpt lat="31.29475238732993602752685546875" lon="121.51483006775379180908203125">
        <ele>4.80000019073486328125</ele>
        <time>2026-10-04T05:52:28.000Z</time>
        <extensions>
          <ns3:TrackPointExtension>
            <ns3:hr>71</ns3:hr>
            <ns3:cad>53</ns3:cad>
          </ns3:TrackPointExtension>
        </extensions>
      </trkpt>
      <trkpt lat="31.29471567459404468536376953125" lon="121.514843143522739410400390625">
        <ele>4.80000019073486328125</ele>
        <time>2026-10-04T05:52:33.000Z</time>
        <extensions>
          <ns3:TrackPointExtension>
            <ns3:hr>71</ns3:hr>
            <ns3:cad>0</ns3:cad>
          </ns3:TrackPointExtension>
        </extensions>
      </trkpt>
      <trkpt lat="31.294686086475849151611328125" lon="121.51483635418117046356201171875">
        <ele>5.19999980926513671875</ele>
        <time>2026-10-04T05:52:37.000Z</time>
        <extensions>
          <ns3:TrackPointExtension>
            <ns3:hr>70</ns3:hr>
            <ns3:cad>47</ns3:cad>
          </ns3:TrackPointExtension>
        </extensions>
      </trkpt>
      <trkpt lat="31.294679380953311920166015625" lon="121.51483652181923389434814453125">
        <ele>5.19999980926513671875</ele>
        <time>2026-10-04T05:52:38.000Z</time>
        <extensions>
          <ns3:TrackPointExtension>
            <ns3:hr>70</ns3:hr>
            <ns3:cad>46</ns3:cad>
          </ns3:TrackPointExtension>
        </extensions>
      </trkpt>
      <trkpt lat="31.29466923885047435760498046875" lon="121.51484020985662937164306640625">
        <ele>5.19999980926513671875</ele>
        <time>2026-10-04T05:52:39.000Z</time>
        <extensions>
          <ns3:TrackPointExtension>
            <ns3:hr>70</ns3:hr>
            <ns3:cad>47</ns3:cad>
          </ns3:TrackPointExtension>
        </extensions>
      </trkpt>
      <trkpt lat="31.2946336157619953155517578125" lon="121.514856554567813873291015625">
        <ele>5.599999904632568359375</ele>
        <time>2026-10-04T05:52:44.000Z</time>
        <extensions>
          <ns3:TrackPointExtension>
            <ns3:hr>69</ns3:hr>
            <ns3:cad>53</ns3:cad>
          </ns3:TrackPointExtension>
        </extensions>
      </trkpt>
      <trkpt lat="31.29462649114429950714111328125" lon="121.51485688984394073486328125">
        <ele>5.599999904632568359375</ele>
        <time>2026-10-04T05:52:45.000Z</time>
        <extensions>
          <ns3:TrackPointExtension>
            <ns3:hr>70</ns3:hr>
            <ns3:cad>53</ns3:cad>
          </ns3:TrackPointExtension>
        </extensions>
      </trkpt>
      <trkpt lat="31.29461894743144512176513671875" lon="121.5148848854005336761474609375">
        <ele>5.599999904632568359375</ele>
        <time>2026-10-04T05:52:48.000Z</time>
        <extensions>
          <ns3:TrackPointExtension>
            <ns3:hr>70</ns3:hr>
            <ns3:cad>52</ns3:cad>
          </ns3:TrackPointExtension>
        </extensions>
      </trkpt>
      <trkpt lat="31.2946326099336147308349609375" lon="121.51492268778383731842041015625">
        <ele>5.400000095367431640625</ele>
        <time>2026-10-04T05:52:51.000Z</time>
        <extensions>
          <ns3:TrackPointExtension>
            <ns3:hr>74</ns3:hr>
            <ns3:cad>52</ns3:cad>
          </ns3:TrackPointExtension>
        </extensions>
      </trkpt>
      <trkpt lat="31.294635124504566192626953125" lon="121.5149326622486114501953125">
        <ele>5.400000095367431640625</ele>
        <time>2026-10-04T05:52:52.000Z</time>
        <extensions>
          <ns3:TrackPointExtension>
            <ns3:hr>70</ns3:hr>
            <ns3:cad>52</ns3:cad>
          </ns3:TrackPointExtension>
        </extensions>
      </trkpt>
      <trkpt lat="31.29464006982743740081787109375" lon="121.51496275328099727630615234375">
        <ele>5.19999980926513671875</ele>
        <time>2026-10-04T05:52:54.000Z</time>
        <extensions>
          <ns3:TrackPointExtension>
            <ns3:hr>72</ns3:hr>
            <ns3:cad>52</ns3:cad>
          </ns3:TrackPointExtension>
        </extensions>
      </trkpt>
      <trkpt lat="31.29464778117835521697998046875" lon="121.514983959496021270751953125">
        <ele>5</ele>
        <time>2026-10-04T05:52:56.000Z</time>
        <extensions>
          <ns3:TrackPointExtension>
            <ns3:hr>70</ns3:hr>
            <ns3:cad>52</ns3:cad>
          </ns3:TrackPointExtension>
        </extensions>
      </trkpt>
      <trkpt lat="31.29466437734663486480712890625" lon="121.515011452138423919677734375">
        <ele>4.80000019073486328125</ele>
        <time>2026-10-04T05:53:00.000Z</time>
        <extensions>
          <ns3:TrackPointExtension>
            <ns3:hr>69</ns3:hr>
            <ns3:cad>52</ns3:cad>
          </ns3:TrackPointExtension>
        </extensions>
      </trkpt>
      <trkpt lat="31.294670999050140380859375" lon="121.51503349654376506805419921875">
        <ele>4.599999904632568359375</ele>
        <time>2026-10-04T05:53:03.000Z</time>
        <extensions>
          <ns3:TrackPointExtension>
            <ns3:hr>69</ns3:hr>
            <ns3:cad>53</ns3:cad>
          </ns3:TrackPointExtension>
        </extensions>
      </trkpt>
      <trkpt lat="31.29466907121241092681884765625" lon="121.51506534777581691741943359375">
        <ele>4.400000095367431640625</ele>
        <time>2026-10-04T05:53:09.000Z</time>
        <extensions>
          <ns3:TrackPointExtension>
            <ns3:hr>69</ns3:hr>
            <ns3:cad>0</ns3:cad>
          </ns3:TrackPointExtension>
        </extensions>
      </trkpt>
      <trkpt lat="31.2946845777332782745361328125" lon="121.5150857158005237579345703125">
        <ele>4.19999980926513671875</ele>
        <time>2026-10-04T05:53:13.000Z</time>
        <extensions>
          <ns3:TrackPointExtension>
            <ns3:hr>72</ns3:hr>
            <ns3:cad>0</ns3:cad>
          </ns3:TrackPointExtension>
        </extensions>
      </trkpt>
      <trkpt lat="31.29467695020139217376708984375" lon="121.515110023319721221923828125">
        <ele>4.19999980926513671875</ele>
        <time>2026-10-04T05:53:19.000Z</time>
        <extensions>
          <ns3:TrackPointExtension>
            <ns3:hr>72</ns3:hr>
            <ns3:cad>0</ns3:cad>
          </ns3:TrackPointExtension>
        </extensions>
      </trkpt>
      <trkpt lat="31.294698826968669891357421875" lon="121.51517163030803203582763671875">
        <ele>3.7999999523162841796875</ele>
        <time>2026-10-04T05:53:28.000Z</time>
        <extensions>
          <ns3:TrackPointExtension>
            <ns3:hr>69</ns3:hr>
            <ns3:cad>50</ns3:cad>
          </ns3:TrackPointExtension>
        </extensions>
      </trkpt>
      <trkpt lat="31.294695474207401275634765625" lon="121.5151896513998508453369140625">
        <ele>3.7999999523162841796875</ele>
        <time>2026-10-04T05:53:29.000Z</time>
        <extensions>
          <ns3:TrackPointExtension>
            <ns3:hr>71</ns3:hr>
            <ns3:cad>50</ns3:cad>
          </ns3:TrackPointExtension>
        </extensions>
      </trkpt>
      <trkpt lat="31.2946617789566516876220703125" lon="121.51521068997681140899658203125">
        <ele>4</ele>
        <time>2026-10-04T05:53:31.000Z</time>
        <extensions>
          <ns3:TrackPointExtension>
            <ns3:hr>68</ns3:hr>
            <ns3:cad>48</ns3:cad>
          </ns3:TrackPointExtension>
        </extensions>
      </trkpt>
      <trkpt lat="31.2946215458214282989501953125" lon="121.51526718400418758392333984375">
        <ele>4.19999980926513671875</ele>
        <time>2026-10-04T05:53:35.000Z</time>
        <extensions>
          <ns3:TrackPointExtension>
            <ns3:hr>70</ns3:hr>
            <ns3:cad>50</ns3:cad>
          </ns3:TrackPointExtension>
        </extensions>
      </trkpt>
      <trkpt lat="31.29461157135665416717529296875" lon="121.51530674658715724945068359375">
        <ele>4</ele>
        <time>2026-10-04T05:53:38.000Z</time>
        <extensions>
          <ns3:TrackPointExtension>
            <ns3:hr>69</ns3:hr>
            <ns3:cad>51</ns3:cad>
          </ns3:TrackPointExtension>
        </extensions>
      </trkpt>
      <trkpt lat="31.29456949420273303985595703125" lon="121.515320241451263427734375">
        <ele>4.19999980926513671875</ele>
        <time>2026-10-04T05:53:41.000Z</time>
        <extensions>
          <ns3:TrackPointExtension>
            <ns3:hr>71</ns3:hr>
            <ns3:cad>53</ns3:cad>
          </ns3:TrackPointExtension>
        </extensions>
      </trkpt>
      <trkpt lat="31.29457502625882625579833984375" lon="121.515397690236568450927734375">
        <ele>4</ele>
        <time>2026-10-04T05:53:45.000Z</time>
        <extensions>
          <ns3:TrackPointExtension>
            <ns3:hr>72</ns3:hr>
            <ns3:cad>0</ns3:cad>
          </ns3:TrackPointExtension>
        </extensions>
      </trkpt>
      <trkpt lat="31.29457636736333370208740234375" lon="121.51543649844825267791748046875">
        <ele>4</ele>
        <time>2026-10-04T05:53:47.000Z</time>
        <extensions>
          <ns3:TrackPointExtension>
            <ns3:hr>72</ns3:hr>
            <ns3:cad>0</ns3:cad>
          </ns3:TrackPointExtension>
        </extensions>
      </trkpt>
      <trkpt lat="31.2945578433573246002197265625" lon="121.515494920313358306884765625">
        <ele>4</ele>
        <time>2026-10-04T05:53:50.000Z</time>
        <extensions>
          <ns3:TrackPointExtension>
            <ns3:hr>72</ns3:hr>
            <ns3:cad>54</ns3:cad>
          </ns3:TrackPointExtension>
        </extensions>
      </trkpt>
      <trkpt lat="31.29451400600373744964599609375" lon="121.51558871380984783172607421875">
        <ele>3.7999999523162841796875</ele>
        <time>2026-10-04T05:53:56.000Z</time>
        <extensions>
          <ns3:TrackPointExtension>
            <ns3:hr>72</ns3:hr>
            <ns3:cad>55</ns3:cad>
          </ns3:TrackPointExtension>
        </extensions>
      </trkpt>
      <trkpt lat="31.29449590109288692474365234375" lon="121.5156633965671062469482421875">
        <ele>3.599999904632568359375</ele>
        <time>2026-10-04T05:54:01.000Z</time>
        <extensions>
          <ns3:TrackPointExtension>
            <ns3:hr>72</ns3:hr>
            <ns3:cad>54</ns3:cad>
          </ns3:TrackPointExtension>
        </extensions>
      </trkpt>
      <trkpt lat="31.29448533989489078521728515625" lon="121.51568560861051082611083984375">
        <ele>3.599999904632568359375</ele>
        <time>2026-10-04T05:54:03.000Z</time>
        <extensions>
          <ns3:TrackPointExtension>
            <ns3:hr>71</ns3:hr>
            <ns3:cad>54</ns3:cad>
          </ns3:TrackPointExtension>
        </extensions>
      </trkpt>
      <trkpt lat="31.29447058774530887603759765625" lon="121.5157549269497394561767578125">
        <ele>3.7999999523162841796875</ele>
        <time>2026-10-04T05:54:08.000Z</time>
        <extensions>
          <ns3:TrackPointExtension>
            <ns3:hr>71</ns3:hr>
            <ns3:cad>54</ns3:cad>
          </ns3:TrackPointExtension>
        </extensions>
      </trkpt>
      <trkpt lat="31.29445952363312244415283203125" lon="121.51578200049698352813720703125">
        <ele>3.7999999523162841796875</ele>
        <time>2026-10-04T05:54:10.000Z</time>
        <extensions>
          <ns3:TrackPointExtension>
            <ns3:hr>73</ns3:hr>
            <ns3:cad>53</ns3:cad>
          </ns3:TrackPointExtension>
        </extensions>
      </trkpt>
      <trkpt lat="31.294414512813091278076171875" lon="121.515802033245563507080078125">
        <ele>4</ele>
        <time>2026-10-04T05:54:14.000Z</time>
        <extensions>
          <ns3:TrackPointExtension>
            <ns3:hr>74</ns3:hr>
            <ns3:cad>55</ns3:cad>
          </ns3:TrackPointExtension>
        </extensions>
      </trkpt>
      <trkpt lat="31.2944106571376323699951171875" lon="121.51583178900182247161865234375">
        <ele>4</ele>
        <time>2026-10-04T05:54:16.000Z</time>
        <extensions>
          <ns3:TrackPointExtension>
            <ns3:hr>75</ns3:hr>
            <ns3:cad>54</ns3:cad>
          </ns3:TrackPointExtension>
        </extensions>
      </trkpt>
      <trkpt lat="31.29441224969923496246337890625" lon="121.51587135158479213714599609375">
        <ele>4</ele>
        <time>2026-10-04T05:54:18.000Z</time>
        <extensions>
          <ns3:TrackPointExtension>
            <ns3:hr>75</ns3:hr>
            <ns3:cad>54</ns3:cad>
          </ns3:TrackPointExtension>
        </extensions>
      </trkpt>
      <trkpt lat="31.29440738819539546966552734375" lon="121.5158794820308685302734375">
        <ele>4</ele>
        <time>2026-10-04T05:54:19.000Z</time>
        <extensions>
          <ns3:TrackPointExtension>
            <ns3:hr>75</ns3:hr>
            <ns3:cad>54</ns3:cad>
          </ns3:TrackPointExtension>
        </extensions>
      </trkpt>
      <trkpt lat="31.294391043484210968017578125" lon="121.51588685810565948486328125">
        <ele>4</ele>
        <time>2026-10-04T05:54:21.000Z</time>
        <extensions>
          <ns3:TrackPointExtension>
            <ns3:hr>76</ns3:hr>
            <ns3:cad>55</ns3:cad>
          </ns3:TrackPointExtension>
        </extensions>
      </trkpt>
      <trkpt lat="31.2943402491509914398193359375" lon="121.5158937312662601470947265625">
        <ele>4</ele>
        <time>2026-10-04T05:54:24.000Z</time>
        <extensions>
          <ns3:TrackPointExtension>
            <ns3:hr>76</ns3:hr>
            <ns3:cad>55</ns3:cad>
          </ns3:TrackPointExtension>
        </extensions>
      </trkpt>
      <trkpt lat="31.29421343095600605010986328125" lon="121.51587747037410736083984375">
        <ele>4</ele>
        <time>2026-10-04T05:54:33.000Z</time>
        <extensions>
          <ns3:TrackPointExtension>
            <ns3:hr>75</ns3:hr>
            <ns3:cad>54</ns3:cad>
          </ns3:TrackPointExtension>
        </extensions>
      </trkpt>
      <trkpt lat="31.29410580731928348541259765625" lon="121.51579826138913631439208984375">
        <ele>3.7999999523162841796875</ele>
        <time>2026-10-04T05:54:40.000Z</time>
        <extensions>
          <ns3:TrackPointExtension>
            <ns3:hr>75</ns3:hr>
            <ns3:cad>0</ns3:cad>
          </ns3:TrackPointExtension>
        </extensions>
      </trkpt>
      <trkpt lat="31.2940566055476665496826171875" lon="121.5157364867627620697021484375">
        <ele>3.599999904632568359375</ele>
        <time>2026-10-04T05:54:46.000Z</time>
        <extensions>
          <ns3:TrackPointExtension>
            <ns3:hr>76</ns3:hr>
            <ns3:cad>55</ns3:cad>
          </ns3:TrackPointExtension>
        </extensions>
      </trkpt>
      <trkpt lat="31.29403690807521343231201171875" lon="121.51571226306259632110595703125">
        <ele>3.599999904632568359375</ele>
        <time>2026-10-04T05:54:48.000Z</time>
        <extensions>
          <ns3:TrackPointExtension>
            <ns3:hr>77</ns3:hr>
            <ns3:cad>55</ns3:cad>
          </ns3:TrackPointExtension>
        </extensions>
      </trkpt>
      <trkpt lat="31.29401578567922115325927734375" lon="121.5156858600676059722900390625">
        <ele>3.400000095367431640625</ele>
        <time>2026-10-04T05:54:50.000Z</time>
        <extensions>
          <ns3:TrackPointExtension>
            <ns3:hr>78</ns3:hr>
            <ns3:cad>56</ns3:cad>
          </ns3:TrackPointExtension>
        </extensions>
      </trkpt>
      <trkpt lat="31.2940076552331447601318359375" lon="121.51564680039882659912109375">
        <ele>3.400000095367431640625</ele>
        <time>2026-10-04T05:54:52.000Z</time>
        <extensions>
          <ns3:TrackPointExtension>
            <ns3:hr>78</ns3:hr>
            <ns3:cad>56</ns3:cad>
          </ns3:TrackPointExtension>
        </extensions>
      </trkpt>
      <trkpt lat="31.2939655780792236328125" lon="121.515470109879970550537109375">
        <ele>4.400000095367431640625</ele>
        <time>2026-10-04T05:54:58.000Z</time>
        <extensions>
          <ns3:TrackPointExtension>
            <ns3:hr>81</ns3:hr>
            <ns3:cad>85</ns3:cad>
          </ns3:TrackPointExtension>
        </extensions>
      </trkpt>
      <trkpt lat="31.2939607165753841400146484375" lon="121.5154302120208740234375">
        <ele>4.80000019073486328125</ele>
        <time>2026-10-04T05:54:59.000Z</time>
        <extensions>
          <ns3:TrackPointExtension>
            <ns3:hr>84</ns3:hr>
            <ns3:cad>85</ns3:cad>
          </ns3:TrackPointExtension>
        </extensions>
      </trkpt>
      <trkpt lat="31.29397605545818805694580078125" lon="121.51540297083556652069091796875">
        <ele>4.80000019073486328125</ele>
        <time>2026-10-04T05:55:00.000Z</time>
        <extensions>
          <ns3:TrackPointExtension>
            <ns3:hr>87</ns3:hr>
            <ns3:cad>86</ns3:cad>
          </ns3:TrackPointExtension>
        </extensions>
      </trkpt>
      <trkpt lat="31.29398879595100879669189453125" lon="121.5153864584863185882568359375">
        <ele>4.80000019073486328125</ele>
        <time>2026-10-04T05:55:01.000Z</time>
        <extensions>
          <ns3:TrackPointExtension>
            <ns3:hr>90</ns3:hr>
            <ns3:cad>86</ns3:cad>
          </ns3:TrackPointExtension>
        </extensions>
      </trkpt>
      <trkpt lat="31.2939855270087718963623046875" lon="121.51535988785326480865478515625">
        <ele>5</ele>
        <time>2026-10-04T05:55:02.000Z</time>
        <extensions>
          <ns3:TrackPointExtension>
            <ns3:hr>93</ns3:hr>
            <ns3:cad>86</ns3:cad>
          </ns3:TrackPointExtension>
        </extensions>
      </trkpt>
      <trkpt lat="31.2939580343663692474365234375" lon="121.51530305854976177215576171875">
        <ele>5.400000095367431640625</ele>
        <time>2026-10-04T05:55:04.000Z</time>
        <extensions>
          <ns3:TrackPointExtension>
            <ns3:hr>97</ns3:hr>
            <ns3:cad>85</ns3:cad>
          </ns3:TrackPointExtension>
        </extensions>
      </trkpt>
      <trkpt lat="31.29394487477838993072509765625" lon="121.5152784995734691619873046875">
        <ele>5.80000019073486328125</ele>
        <time>2026-10-04T05:55:05.000Z</time>
        <extensions>
          <ns3:TrackPointExtension>
            <ns3:hr>98</ns3:hr>
            <ns3:cad>85</ns3:cad>
          </ns3:TrackPointExtension>
        </extensions>
      </trkpt>
      <trkpt lat="31.2939375825226306915283203125" lon="121.51524824090301990509033203125">
        <ele>6</ele>
        <time>2026-10-04T05:55:06.000Z</time>
        <extensions>
          <ns3:TrackPointExtension>
            <ns3:hr>99</ns3:hr>
            <ns3:cad>83</ns3:cad>
          </ns3:TrackPointExtension>
        </extensions>
      </trkpt>
      <trkpt lat="31.2939084134995937347412109375" lon="121.51519778184592723846435546875">
        <ele>6.599999904632568359375</ele>
        <time>2026-10-04T05:55:08.000Z</time>
        <extensions>
          <ns3:TrackPointExtension>
            <ns3:hr>102</ns3:hr>
            <ns3:cad>82</ns3:cad>
          </ns3:TrackPointExtension>
        </extensions>
      </trkpt>
      <trkpt lat="31.2938296236097812652587890625" lon="121.5151175670325756072998046875">
        <ele>7.19999980926513671875</ele>
        <time>2026-10-04T05:55:12.000Z</time>
        <extensions>
          <ns3:TrackPointExtension>
            <ns3:hr>104</ns3:hr>
            <ns3:cad>83</ns3:cad>
          </ns3:TrackPointExtension>
        </extensions>
      </trkpt>
      <trkpt lat="31.2937112711369991302490234375" lon="121.51496526785194873809814453125">
        <ele>9.80000019073486328125</ele>
        <time>2026-10-04T05:55:18.000Z</time>
        <extensions>
          <ns3:TrackPointExtension>
            <ns3:hr>106</ns3:hr>
            <ns3:cad>85</ns3:cad>
          </ns3:TrackPointExtension>
        </extensions>
      </trkpt>
      <trkpt lat="31.293660812079906463623046875" lon="121.5148629248142242431640625">
        <ele>12.3999996185302734375</ele>
        <time>2026-10-04T05:55:25.000Z</time>
        <extensions>
          <ns3:TrackPointExtension>
            <ns3:hr>107</ns3:hr>
            <ns3:cad>0</ns3:cad>
          </ns3:TrackPointExtension>
        </extensions>
      </trkpt>
      <trkpt lat="31.29366609267890453338623046875" lon="121.51479796506464481353759765625">
        <ele>13.80000019073486328125</ele>
        <time>2026-10-04T05:55:30.000Z</time>
        <extensions>
          <ns3:TrackPointExtension>
            <ns3:hr>104</ns3:hr>
            <ns3:cad>53</ns3:cad>
          </ns3:TrackPointExtension>
        </extensions>
      </trkpt>
      <trkpt lat="31.29367967136204242706298828125" lon="121.51477969251573085784912109375">
        <ele>14.19999980926513671875</ele>
        <time>2026-10-04T05:55:32.000Z</time>
        <extensions>
          <ns3:TrackPointExtension>
            <ns3:hr>103</ns3:hr>
            <ns3:cad>0</ns3:cad>
          </ns3:TrackPointExtension>
        </extensions>
      </trkpt>
      <trkpt lat="31.2937092594802379608154296875" lon="121.51475538499653339385986328125">
        <ele>14.80000019073486328125</ele>
        <time>2026-10-04T05:55:36.000Z</time>
        <extensions>
          <ns3:TrackPointExtension>
            <ns3:hr>100</ns3:hr>
            <ns3:cad>58</ns3:cad>
          </ns3:TrackPointExtension>
        </extensions>
      </trkpt>
      <trkpt lat="31.29374035634100437164306640625" lon="121.5147514455020427703857421875">
        <ele>14.80000019073486328125</ele>
        <time>2026-10-04T05:55:38.000Z</time>
        <extensions>
          <ns3:TrackPointExtension>
            <ns3:hr>100</ns3:hr>
            <ns3:cad>58</ns3:cad>
          </ns3:TrackPointExtension>
        </extensions>
      </trkpt>
      <trkpt lat="31.29376332275569438934326171875" lon="121.514748595654964447021484375">
        <ele>15</ele>
        <time>2026-10-04T05:55:39.000Z</time>
        <extensions>
          <ns3:TrackPointExtension>
            <ns3:hr>100</ns3:hr>
            <ns3:cad>58</ns3:cad>
          </ns3:TrackPointExtension>
        </extensions>
      </trkpt>
      <trkpt lat="31.29391528666019439697265625" lon="121.514729149639606475830078125">
        <ele>14</ele>
        <time>2026-10-04T05:55:45.000Z</time>
        <extensions>
          <ns3:TrackPointExtension>
            <ns3:hr>101</ns3:hr>
            <ns3:cad>85</ns3:cad>
          </ns3:TrackPointExtension>
        </extensions>
      </trkpt>
      <trkpt lat="31.29394353367388248443603515625" lon="121.51472412049770355224609375">
        <ele>13.6000003814697265625</ele>
        <time>2026-10-04T05:55:46.000Z</time>
        <extensions>
          <ns3:TrackPointExtension>
            <ns3:hr>102</ns3:hr>
            <ns3:cad>85</ns3:cad>
          </ns3:TrackPointExtension>
        </extensions>
      </trkpt>
      <trkpt lat="31.29409071989357471466064453125" lon="121.51464910246431827545166015625">
        <ele>11.6000003814697265625</ele>
        <time>2026-10-04T05:55:53.000Z</time>
        <extensions>
          <ns3:TrackPointExtension>
            <ns3:hr>103</ns3:hr>
            <ns3:cad>84</ns3:cad>
          </ns3:TrackPointExtension>
        </extensions>
      </trkpt>
      <trkpt lat="31.29415492527186870574951171875" lon="121.514614485204219818115234375">
        <ele>10.6000003814697265625</ele>
        <time>2026-10-04T05:55:56.000Z</time>
        <extensions>
          <ns3:TrackPointExtension>
            <ns3:hr>105</ns3:hr>
            <ns3:cad>84</ns3:cad>
          </ns3:TrackPointExtension>
        </extensions>
      </trkpt>
      <trkpt lat="31.29418912343680858612060546875" lon="121.514583639800548553466796875">
        <ele>10.3999996185302734375</ele>
        <time>2026-10-04T05:55:58.000Z</time>
        <extensions>
          <ns3:TrackPointExtension>
            <ns3:hr>106</ns3:hr>
            <ns3:cad>83</ns3:cad>
          </ns3:TrackPointExtension>
        </extensions>
      </trkpt>
      <trkpt lat="31.294293142855167388916015625" lon="121.514529995620250701904296875">
        <ele>10</ele>
        <time>2026-10-04T05:56:03.000Z</time>
        <extensions>
          <ns3:TrackPointExtension>
            <ns3:hr>108</ns3:hr>
            <ns3:cad>83</ns3:cad>
          </ns3:TrackPointExtension>
        </extensions>
      </trkpt>
      <trkpt lat="31.2944498844444751739501953125" lon="121.51446939446032047271728515625">
        <ele>9.3999996185302734375</ele>
        <time>2026-10-04T05:56:10.000Z</time>
        <extensions>
          <ns3:TrackPointExtension>
            <ns3:hr>109</ns3:hr>
            <ns3:cad>83</ns3:cad>
          </ns3:TrackPointExtension>
        </extensions>
      </trkpt>
      <trkpt lat="31.294629089534282684326171875" lon="121.51443938724696636199951171875">
        <ele>9.6000003814697265625</ele>
        <time>2026-10-04T05:56:18.000Z</time>
        <extensions>
          <ns3:TrackPointExtension>
            <ns3:hr>111</ns3:hr>
            <ns3:cad>82</ns3:cad>
          </ns3:TrackPointExtension>
        </extensions>
      </trkpt>
      <trkpt lat="31.29477904178202152252197265625" lon="121.514423377811908721923828125">
        <ele>10.6000003814697265625</ele>
        <time>2026-10-04T05:56:23.000Z</time>
        <extensions>
          <ns3:TrackPointExtension>
            <ns3:hr>113</ns3:hr>
            <ns3:cad>83</ns3:cad>
          </ns3:TrackPointExtension>
        </extensions>
      </trkpt>
      <trkpt lat="31.29487308673560619354248046875" lon="121.51444307528436183929443359375">
        <ele>10.6000003814697265625</ele>
        <time>2026-10-04T05:56:28.000Z</time>
        <extensions>
          <ns3:TrackPointExtension>
            <ns3:hr>113</ns3:hr>
            <ns3:cad>84</ns3:cad>
          </ns3:TrackPointExtension>
        </extensions>
      </trkpt>
      <trkpt lat="31.29494525492191314697265625" lon="121.51442714966833591461181640625">
        <ele>11</ele>
        <time>2026-10-04T05:56:35.000Z</time>
        <extensions>
          <ns3:TrackPointExtension>
            <ns3:hr>112</ns3:hr>
            <ns3:cad>57</ns3:cad>
          </ns3:TrackPointExtension>
        </extensions>
      </trkpt>
      <trkpt lat="31.29492136649787425994873046875" lon="121.51434014551341533660888671875">
        <ele>12.19999980926513671875</ele>
        <time>2026-10-04T05:56:39.000Z</time>
        <extensions>
          <ns3:TrackPointExtension>
            <ns3:hr>115</ns3:hr>
            <ns3:cad>57</ns3:cad>
          </ns3:TrackPointExtension>
        </extensions>
      </trkpt>
      <trkpt lat="31.2949343584477901458740234375" lon="121.5143398940563201904296875">
        <ele>12.19999980926513671875</ele>
        <time>2026-10-04T05:56:40.000Z</time>
        <extensions>
          <ns3:TrackPointExtension>
            <ns3:hr>116</ns3:hr>
            <ns3:cad>55</ns3:cad>
          </ns3:TrackPointExtension>
        </extensions>
      </trkpt>
      <trkpt lat="31.2949595041573047637939453125" lon="121.5143504552543163299560546875">
        <ele>12.19999980926513671875</ele>
        <time>2026-10-04T05:56:42.000Z</time>
        <extensions>
          <ns3:TrackPointExtension>
            <ns3:hr>115</ns3:hr>
            <ns3:cad>55</ns3:cad>
          </ns3:TrackPointExtension>
        </extensions>
      </trkpt>
      <trkpt lat="31.2949942052364349365234375" lon="121.51434970088303089141845703125">
        <ele>12.3999996185302734375</ele>
        <time>2026-10-04T05:56:44.000Z</time>
        <extensions>
          <ns3:TrackPointExtension>
            <ns3:hr>113</ns3:hr>
            <ns3:cad>55</ns3:cad>
          </ns3:TrackPointExtension>
        </extensions>
      </trkpt>
      <trkpt lat="31.29500585608184337615966796875" lon="121.51433880440890789031982421875">
        <ele>12.6000003814697265625</ele>
        <time>2026-10-04T05:56:45.000Z</time>
        <extensions>
          <ns3:TrackPointExtension>
            <ns3:hr>110</ns3:hr>
            <ns3:cad>55</ns3:cad>
          </ns3:TrackPointExtension>
        </extensions>
      </trkpt>
      <trkpt lat="31.2950252182781696319580078125" lon="121.514322794973850250244140625">
        <ele>13</ele>
        <time>2026-10-04T05:56:47.000Z</time>
        <extensions>
          <ns3:TrackPointExtension>
            <ns3:hr>109</ns3:hr>
            <ns3:cad>55</ns3:cad>
          </ns3:TrackPointExtension>
        </extensions>
      </trkpt>
      <trkpt lat="31.2950476817786693572998046875" lon="121.51429940946400165557861328125">
        <ele>13.3999996185302734375</ele>
        <time>2026-10-04T05:56:49.000Z</time>
        <extensions>
          <ns3:TrackPointExtension>
            <ns3:hr>108</ns3:hr>
            <ns3:cad>56</ns3:cad>
          </ns3:TrackPointExtension>
        </extensions>
      </trkpt>
      <trkpt lat="31.295079700648784637451171875" lon="121.51428432203829288482666015625">
        <ele>13.19999980926513671875</ele>
        <time>2026-10-04T05:56:51.000Z</time>
        <extensions>
          <ns3:TrackPointExtension>
            <ns3:hr>107</ns3:hr>
            <ns3:cad>56</ns3:cad>
          </ns3:TrackPointExtension>
        </extensions>
      </trkpt>
      <trkpt lat="31.29512496292591094970703125" lon="121.5142398141324520111083984375">
        <ele>12.6000003814697265625</ele>
        <time>2026-10-04T05:56:54.000Z</time>
        <extensions>
          <ns3:TrackPointExtension>
            <ns3:hr>103</ns3:hr>
            <ns3:cad>84</ns3:cad>
          </ns3:TrackPointExtension>
        </extensions>
      </trkpt>
      <trkpt lat="31.2951465882360935211181640625" lon="121.5141985751688480377197265625">
        <ele>12.19999980926513671875</ele>
        <time>2026-10-04T05:56:56.000Z</time>
        <extensions>
          <ns3:TrackPointExtension>
            <ns3:hr>100</ns3:hr>
            <ns3:cad>85</ns3:cad>
          </ns3:TrackPointExtension>
        </extensions>
      </trkpt>
      <trkpt lat="31.295217834413051605224609375" lon="121.5141409076750278472900390625">
        <ele>11.19999980926513671875</ele>
        <time>2026-10-04T05:57:01.000Z</time>
        <extensions>
          <ns3:TrackPointExtension>
            <ns3:hr>99</ns3:hr>
            <ns3:cad>0</ns3:cad>
          </ns3:TrackPointExtension>
        </extensions>
      </trkpt>
      <trkpt lat="31.295284889638423919677734375" lon="121.514139734208583831787109375">
        <ele>10.3999996185302734375</ele>
        <time>2026-10-04T05:57:08.000Z</time>
        <extensions>
          <ns3:TrackPointExtension>
            <ns3:hr>97</ns3:hr>
            <ns3:cad>55</ns3:cad>
          </ns3:TrackPointExtension>
        </extensions>
      </trkpt>
      <trkpt lat="31.2952994741499423980712890625" lon="121.51414811611175537109375">
        <ele>10.3999996185302734375</ele>
        <time>2026-10-04T05:57:09.000Z</time>
        <extensions>
          <ns3:TrackPointExtension>
            <ns3:hr>96</ns3:hr>
            <ns3:cad>54</ns3:cad>
          </ns3:TrackPointExtension>
        </extensions>
      </trkpt>
      <trkpt lat="31.29532319493591785430908203125" lon="121.51413747109472751617431640625">
        <ele>10</ele>
        <time>2026-10-04T05:57:12.000Z</time>
        <extensions>
          <ns3:TrackPointExtension>
            <ns3:hr>94</ns3:hr>
            <ns3:cad>0</ns3:cad>
          </ns3:TrackPointExtension>
        </extensions>
      </trkpt>
      <trkpt lat="31.295341886579990386962890625" lon="121.514137051999568939208984375">
        <ele>9.80000019073486328125</ele>
        <time>2026-10-04T05:57:13.000Z</time>
        <extensions>
          <ns3:TrackPointExtension>
            <ns3:hr>93</ns3:hr>
            <ns3:cad>0</ns3:cad>
          </ns3:TrackPointExtension>
        </extensions>
      </trkpt>
      <trkpt lat="31.29542914219200611114501953125" lon="121.5141573362052440643310546875">
        <ele>9</ele>
        <time>2026-10-04T05:57:16.000Z</time>
        <extensions>
          <ns3:TrackPointExtension>
            <ns3:hr>90</ns3:hr>
            <ns3:cad>0</ns3:cad>
          </ns3:TrackPointExtension>
        </extensions>
      </trkpt>
      <trkpt lat="31.295519582927227020263671875" lon="121.51414652355015277862548828125">
        <ele>8.19999980926513671875</ele>
        <time>2026-10-04T05:57:19.000Z</time>
        <extensions>
          <ns3:TrackPointExtension>
            <ns3:hr>89</ns3:hr>
            <ns3:cad>84</ns3:cad>
          </ns3:TrackPointExtension>
        </extensions>
      </trkpt>
      <trkpt lat="31.2955713830888271331787109375" lon="121.514122299849987030029296875">
        <ele>7.80000019073486328125</ele>
        <time>2026-10-04T05:57:21.000Z</time>
        <extensions>
          <ns3:TrackPointExtension>
            <ns3:hr>92</ns3:hr>
            <ns3:cad>85</ns3:cad>
          </ns3:TrackPointExtension>
        </extensions>
      </trkpt>
      <trkpt lat="31.295653693377971649169921875" lon="121.51410092599689960479736328125">
        <ele>7.19999980926513671875</ele>
        <time>2026-10-04T05:57:24.000Z</time>
        <extensions>
          <ns3:TrackPointExtension>
            <ns3:hr>93</ns3:hr>
            <ns3:cad>84</ns3:cad>
          </ns3:TrackPointExtension>
        </extensions>
      </trkpt>
      <trkpt lat="31.295675151050090789794921875" lon="121.51408709585666656494140625">
        <ele>7</ele>
        <time>2026-10-04T05:57:25.000Z</time>
        <extensions>
          <ns3:TrackPointExtension>
            <ns3:hr>94</ns3:hr>
            <ns3:cad>86</ns3:cad>
          </ns3:TrackPointExtension>
        </extensions>
      </trkpt>
      <trkpt lat="31.29569484852254390716552734375" lon="121.51407578028738498687744140625">
        <ele>7.19999980926513671875</ele>
        <time>2026-10-04T05:57:26.000Z</time>
        <extensions>
          <ns3:TrackPointExtension>
            <ns3:hr>95</ns3:hr>
            <ns3:cad>86</ns3:cad>
          </ns3:TrackPointExtension>
        </extensions>
      </trkpt>
      <trkpt lat="31.2957628257572650909423828125" lon="121.5140624530613422393798828125">
        <ele>7.19999980926513671875</ele>
        <time>2026-10-04T05:57:29.000Z</time>
        <extensions>
          <ns3:TrackPointExtension>
            <ns3:hr>98</ns3:hr>
            <ns3:cad>85</ns3:cad>
          </ns3:TrackPointExtension>
        </extensions>
      </trkpt>
      <trkpt lat="31.2958471477031707763671875" lon="121.5140161849558353424072265625">
        <ele>7.599999904632568359375</ele>
        <time>2026-10-04T05:57:33.000Z</time>
        <extensions>
          <ns3:TrackPointExtension>
            <ns3:hr>101</ns3:hr>
            <ns3:cad>84</ns3:cad>
          </ns3:TrackPointExtension>
        </extensions>
      </trkpt>
      <trkpt lat="31.2958949245512485504150390625" lon="121.51401191018521785736083984375">
        <ele>7.599999904632568359375</ele>
        <time>2026-10-04T05:57:35.000Z</time>
        <extensions>
          <ns3:TrackPointExtension>
            <ns3:hr>101</ns3:hr>
            <ns3:cad>84</ns3:cad>
          </ns3:TrackPointExtension>
        </extensions>
      </trkpt>
      <trkpt lat="31.295976229012012481689453125" lon="121.51399187743663787841796875">
        <ele>7.80000019073486328125</ele>
        <time>2026-10-04T05:57:38.000Z</time>
        <extensions>
          <ns3:TrackPointExtension>
            <ns3:hr>103</ns3:hr>
            <ns3:cad>84</ns3:cad>
          </ns3:TrackPointExtension>
        </extensions>
      </trkpt>
      <trkpt lat="31.29603146575391292572021484375" lon="121.51394854299724102020263671875">
        <ele>8</ele>
        <time>2026-10-04T05:57:41.000Z</time>
        <extensions>
          <ns3:TrackPointExtension>
            <ns3:hr>104</ns3:hr>
            <ns3:cad>84</ns3:cad>
          </ns3:TrackPointExtension>
        </extensions>
      </trkpt>
      <trkpt lat="31.2961135245859622955322265625" lon="121.51392306201159954071044921875">
        <ele>8.19999980926513671875</ele>
        <time>2026-10-04T05:57:44.000Z</time>
        <extensions>
          <ns3:TrackPointExtension>
            <ns3:hr>108</ns3:hr>
            <ns3:cad>84</ns3:cad>
          </ns3:TrackPointExtension>
        </extensions>
      </trkpt>
      <trkpt lat="31.29616859368979930877685546875" lon="121.5138740278780460357666015625">
        <ele>8.6000003814697265625</ele>
        <time>2026-10-04T05:57:47.000Z</time>
        <extensions>
          <ns3:TrackPointExtension>
            <ns3:hr>110</ns3:hr>
            <ns3:cad>85</ns3:cad>
          </ns3:TrackPointExtension>
        </extensions>
      </trkpt>
      <trkpt lat="31.29620497114956378936767578125" lon="121.5137442760169506072998046875">
        <ele>9</ele>
        <time>2026-10-04T05:57:51.000Z</time>
        <extensions>
          <ns3:TrackPointExtension>
            <ns3:hr>110</ns3:hr>
            <ns3:cad>84</ns3:cad>
          </ns3:TrackPointExtension>
        </extensions>
      </trkpt>
      <trkpt lat="31.2961929850280284881591796875" lon="121.5136440284550189971923828125">
        <ele>8.80000019073486328125</ele>
        <time>2026-10-04T05:57:54.000Z</time>
        <extensions>
          <ns3:TrackPointExtension>
            <ns3:hr>111</ns3:hr>
            <ns3:cad>84</ns3:cad>
          </ns3:TrackPointExtension>
        </extensions>
      </trkpt>
      <trkpt lat="31.296183429658412933349609375" lon="121.5135206468403339385986328125">
        <ele>8.3999996185302734375</ele>
        <time>2026-10-04T05:57:58.000Z</time>
        <extensions>
          <ns3:TrackPointExtension>
            <ns3:hr>112</ns3:hr>
            <ns3:cad>83</ns3:cad>
          </ns3:TrackPointExtension>
        </extensions>
      </trkpt>
      <trkpt lat="31.2961663305759429931640625" lon="121.51348301209509372711181640625">
        <ele>8.3999996185302734375</ele>
        <time>2026-10-04T05:58:00.000Z</time>
        <extensions>
          <ns3:TrackPointExtension>
            <ns3:hr>113</ns3:hr>
            <ns3:cad>83</ns3:cad>
          </ns3:TrackPointExtension>
        </extensions>
      </trkpt>
      <trkpt lat="31.29618116654455661773681640625" lon="121.51343238539993762969970703125">
        <ele>8.3999996185302734375</ele>
        <time>2026-10-04T05:58:04.000Z</time>
        <extensions>
          <ns3:TrackPointExtension>
            <ns3:hr>114</ns3:hr>
            <ns3:cad>0</ns3:cad>
          </ns3:TrackPointExtension>
        </extensions>
      </trkpt>
      <trkpt lat="31.29617965780198574066162109375" lon="121.51341813616454601287841796875">
        <ele>8.3999996185302734375</ele>
        <time>2026-10-04T05:58:05.000Z</time>
        <extensions>
          <ns3:TrackPointExtension>
            <ns3:hr>114</ns3:hr>
            <ns3:cad>55</ns3:cad>
          </ns3:TrackPointExtension>
        </extensions>
      </trkpt>
      <trkpt lat="31.2961725331842899322509765625" lon="121.5133895538747310638427734375">
        <ele>8.19999980926513671875</ele>
        <time>2026-10-04T05:58:07.000Z</time>
        <extensions>
          <ns3:TrackPointExtension>
            <ns3:hr>114</ns3:hr>
            <ns3:cad>55</ns3:cad>
          </ns3:TrackPointExtension>
        </extensions>
      </trkpt>
      <trkpt lat="31.29613322205841541290283203125" lon="121.51331705041229724884033203125">
        <ele>8.19999980926513671875</ele>
        <time>2026-10-04T05:58:12.000Z</time>
        <extensions>
          <ns3:TrackPointExtension>
            <ns3:hr>115</ns3:hr>
            <ns3:cad>55</ns3:cad>
          </ns3:TrackPointExtension>
        </extensions>
      </trkpt>
      <trkpt lat="31.2961312942206859588623046875" lon="121.51330120861530303955078125">
        <ele>8.19999980926513671875</ele>
        <time>2026-10-04T05:58:13.000Z</time>
        <extensions>
          <ns3:TrackPointExtension>
            <ns3:hr>115</ns3:hr>
            <ns3:cad>55</ns3:cad>
          </ns3:TrackPointExtension>
        </extensions>
      </trkpt>
      <trkpt lat="31.29614562727510929107666015625" lon="121.51327279396355152130126953125">
        <ele>8.19999980926513671875</ele>
        <time>2026-10-04T05:58:16.000Z</time>
        <extensions>
          <ns3:TrackPointExtension>
            <ns3:hr>112</ns3:hr>
            <ns3:cad>53</ns3:cad>
          </ns3:TrackPointExtension>
        </extensions>
      </trkpt>
      <trkpt lat="31.2961490638554096221923828125" lon="121.51324245147407054901123046875">
        <ele>8.19999980926513671875</ele>
        <time>2026-10-04T05:58:19.000Z</time>
        <extensions>
          <ns3:TrackPointExtension>
            <ns3:hr>109</ns3:hr>
            <ns3:cad>54</ns3:cad>
          </ns3:TrackPointExtension>
        </extensions>
      </trkpt>
      <trkpt lat="31.29614110104739665985107421875" lon="121.5132088400423526763916015625">
        <ele>8.19999980926513671875</ele>
        <time>2026-10-04T05:58:22.000Z</time>
        <extensions>
          <ns3:TrackPointExtension>
            <ns3:hr>106</ns3:hr>
            <ns3:cad>54</ns3:cad>
          </ns3:TrackPointExtension>
        </extensions>
      </trkpt>
      <trkpt lat="31.2961153686046600341796875" lon="121.5131578780710697174072265625">
        <ele>8</ele>
        <time>2026-10-04T05:58:27.000Z</time>
        <extensions>
          <ns3:TrackPointExtension>
            <ns3:hr>104</ns3:hr>
            <ns3:cad>55</ns3:cad>
          </ns3:TrackPointExtension>
        </extensions>
      </trkpt>
      <trkpt lat="31.29611981101334095001220703125" lon="121.51311068795621395111083984375">
        <ele>8.19999980926513671875</ele>
        <time>2026-10-04T05:58:30.000Z</time>
        <extensions>
          <ns3:TrackPointExtension>
            <ns3:hr>103</ns3:hr>
            <ns3:cad>0</ns3:cad>
          </ns3:TrackPointExtension>
        </extensions>
      </trkpt>
      <trkpt lat="31.29612869583070278167724609375" lon="121.51308068074285984039306640625">
        <ele>8.19999980926513671875</ele>
        <time>2026-10-04T05:58:33.000Z</time>
        <extensions>
          <ns3:TrackPointExtension>
            <ns3:hr>101</ns3:hr>
            <ns3:cad>55</ns3:cad>
          </ns3:TrackPointExtension>
        </extensions>
      </trkpt>
      <trkpt lat="31.2961328029632568359375" lon="121.51300457306206226348876953125">
        <ele>8.6000003814697265625</ele>
        <time>2026-10-04T05:58:38.000Z</time>
        <extensions>
          <ns3:TrackPointExtension>
            <ns3:hr>98</ns3:hr>
            <ns3:cad>56</ns3:cad>
          </ns3:TrackPointExtension>
        </extensions>
      </trkpt>
      <trkpt lat="31.29612651653587818145751953125" lon="121.51298026554286479949951171875">
        <ele>8.6000003814697265625</ele>
        <time>2026-10-04T05:58:39.000Z</time>
        <extensions>
          <ns3:TrackPointExtension>
            <ns3:hr>98</ns3:hr>
            <ns3:cad>56</ns3:cad>
          </ns3:TrackPointExtension>
        </extensions>
      </trkpt>
      <trkpt lat="31.29611779935657978057861328125" lon="121.5129439719021320343017578125">
        <ele>8.80000019073486328125</ele>
        <time>2026-10-04T05:58:41.000Z</time>
        <extensions>
          <ns3:TrackPointExtension>
            <ns3:hr>94</ns3:hr>
            <ns3:cad>56</ns3:cad>
          </ns3:TrackPointExtension>
        </extensions>
      </trkpt>
      <trkpt lat="31.29611796699464321136474609375" lon="121.51291555725038051605224609375">
        <ele>8.80000019073486328125</ele>
        <time>2026-10-04T05:58:43.000Z</time>
        <extensions>
          <ns3:TrackPointExtension>
            <ns3:hr>90</ns3:hr>
            <ns3:cad>54</ns3:cad>
          </ns3:TrackPointExtension>
        </extensions>
      </trkpt>
      <trkpt lat="31.29610505886375904083251953125" lon="121.5128655172884464263916015625">
        <ele>9</ele>
        <time>2026-10-04T05:58:46.000Z</time>
        <extensions>
          <ns3:TrackPointExtension>
            <ns3:hr>87</ns3:hr>
            <ns3:cad>54</ns3:cad>
          </ns3:TrackPointExtension>
        </extensions>
      </trkpt>
      <trkpt lat="31.29609382711350917816162109375" lon="121.51283743791282176971435546875">
        <ele>9</ele>
        <time>2026-10-04T05:58:48.000Z</time>
        <extensions>
          <ns3:TrackPointExtension>
            <ns3:hr>87</ns3:hr>
            <ns3:cad>53</ns3:cad>
          </ns3:TrackPointExtension>
        </extensions>
      </trkpt>
      <trkpt lat="31.2960541807115077972412109375" lon="121.51277675293385982513427734375">
        <ele>9.19999980926513671875</ele>
        <time>2026-10-04T05:58:53.000Z</time>
        <extensions>
          <ns3:TrackPointExtension>
            <ns3:hr>87</ns3:hr>
            <ns3:cad>52</ns3:cad>
          </ns3:TrackPointExtension>
        </extensions>
      </trkpt>
      <trkpt lat="31.296045295894145965576171875" lon="121.51269234716892242431640625">
        <ele>9.3999996185302734375</ele>
        <time>2026-10-04T05:58:59.000Z</time>
        <extensions>
          <ns3:TrackPointExtension>
            <ns3:hr>84</ns3:hr>
            <ns3:cad>52</ns3:cad>
          </ns3:TrackPointExtension>
        </extensions>
      </trkpt>
      <trkpt lat="31.29606851376593112945556640625" lon="121.51258514262735843658447265625">
        <ele>9.19999980926513671875</ele>
        <time>2026-10-04T05:59:05.000Z</time>
        <extensions>
          <ns3:TrackPointExtension>
            <ns3:hr>83</ns3:hr>
            <ns3:cad>51</ns3:cad>
          </ns3:TrackPointExtension>
        </extensions>
      </trkpt>
      <trkpt lat="31.29605141468346118927001953125" lon="121.51257441379129886627197265625">
        <ele>9.3999996185302734375</ele>
        <time>2026-10-04T05:59:06.000Z</time>
        <extensions>
          <ns3:TrackPointExtension>
            <ns3:hr>82</ns3:hr>
            <ns3:cad>53</ns3:cad>
          </ns3:TrackPointExtension>
        </extensions>
      </trkpt>
      <trkpt lat="31.2960295379161834716796875" lon="121.5125374495983123779296875">
        <ele>9.3999996185302734375</ele>
        <time>2026-10-04T05:59:10.000Z</time>
        <extensions>
          <ns3:TrackPointExtension>
            <ns3:hr>79</ns3:hr>
            <ns3:cad>52</ns3:cad>
          </ns3:TrackPointExtension>
        </extensions>
      </trkpt>
      <trkpt lat="31.29602191038429737091064453125" lon="121.512520350515842437744140625">
        <ele>9.3999996185302734375</ele>
        <time>2026-10-04T05:59:12.000Z</time>
        <extensions>
          <ns3:TrackPointExtension>
            <ns3:hr>78</ns3:hr>
            <ns3:cad>52</ns3:cad>
          </ns3:TrackPointExtension>
        </extensions>
      </trkpt>
      <trkpt lat="31.29597983323037624359130859375" lon="121.5124289877712726593017578125">
        <ele>9.3999996185302734375</ele>
        <time>2026-10-04T05:59:18.000Z</time>
        <extensions>
          <ns3:TrackPointExtension>
            <ns3:hr>75</ns3:hr>
            <ns3:cad>53</ns3:cad>
          </ns3:TrackPointExtension>
        </extensions>
      </trkpt>
      <trkpt lat="31.2959686852991580963134765625" lon="121.5124055184423923492431640625">
        <ele>9.3999996185302734375</ele>
        <time>2026-10-04T05:59:20.000Z</time>
        <extensions>
          <ns3:TrackPointExtension>
            <ns3:hr>74</ns3:hr>
            <ns3:cad>53</ns3:cad>
          </ns3:TrackPointExtension>
        </extensions>
      </trkpt>
      <trkpt lat="31.2959774024784564971923828125" lon="121.512372829020023345947265625">
        <ele>9.3999996185302734375</ele>
        <time>2026-10-04T05:59:26.000Z</time>
        <extensions>
          <ns3:TrackPointExtension>
            <ns3:hr>72</ns3:hr>
            <ns3:cad>55</ns3:cad>
          </ns3:TrackPointExtension>
        </extensions>
      </trkpt>
      <trkpt lat="31.2959743849933147430419921875" lon="121.51232195086777210235595703125">
        <ele>9.3999996185302734375</ele>
        <time>2026-10-04T05:59:32.000Z</time>
        <extensions>
          <ns3:TrackPointExtension>
            <ns3:hr>68</ns3:hr>
            <ns3:cad>51</ns3:cad>
          </ns3:TrackPointExtension>
        </extensions>
      </trkpt>
      <trkpt lat="31.29596181213855743408203125" lon="121.51230853982269763946533203125">
        <ele>9.3999996185302734375</ele>
        <time>2026-10-04T05:59:34.000Z</time>
        <extensions>
          <ns3:TrackPointExtension>
            <ns3:hr>72</ns3:hr>
            <ns3:cad>51</ns3:cad>
          </ns3:TrackPointExtension>
        </extensions>
      </trkpt>
      <trkpt lat="31.29597262479364871978759765625" lon="121.51227987371385097503662109375">
        <ele>9.3999996185302734375</ele>
        <time>2026-10-04T05:59:37.000Z</time>
        <extensions>
          <ns3:TrackPointExtension>
            <ns3:hr>72</ns3:hr>
            <ns3:cad>51</ns3:cad>
          </ns3:TrackPointExtension>
        </extensions>
      </trkpt>
      <trkpt lat="31.29597044549882411956787109375" lon="121.5122519619762897491455078125">
        <ele>9.3999996185302734375</ele>
        <time>2026-10-04T05:59:41.000Z</time>
        <extensions>
          <ns3:TrackPointExtension>
            <ns3:hr>72</ns3:hr>
            <ns3:cad>53</ns3:cad>
          </ns3:TrackPointExtension>
        </extensions>
      </trkpt>
      <trkpt lat="31.29595535807311534881591796875" lon="121.51222287677228450775146484375">
        <ele>9.19999980926513671875</ele>
        <time>2026-10-04T05:59:45.000Z</time>
        <extensions>
          <ns3:TrackPointExtension>
            <ns3:hr>74</ns3:hr>
            <ns3:cad>0</ns3:cad>
          </ns3:TrackPointExtension>
        </extensions>
      </trkpt>
      <trkpt lat="31.29595234058797359466552734375" lon="121.51220661588013172149658203125">
        <ele>9.19999980926513671875</ele>
        <time>2026-10-04T05:59:50.000Z</time>
        <extensions>
          <ns3:TrackPointExtension>
            <ns3:hr>76</ns3:hr>
            <ns3:cad>0</ns3:cad>
          </ns3:TrackPointExtension>
        </extensions>
      </trkpt>
      <trkpt lat="31.295942701399326324462890625" lon="121.51212782599031925201416015625">
        <ele>9</ele>
        <time>2026-10-04T05:59:54.000Z</time>
        <extensions>
          <ns3:TrackPointExtension>
            <ns3:hr>75</ns3:hr>
            <ns3:cad>82</ns3:cad>
          </ns3:TrackPointExtension>
        </extensions>
      </trkpt>
      <trkpt lat="31.2959556095302104949951171875" lon="121.51212983764708042144775390625">
        <ele>9</ele>
        <time>2026-10-04T05:59:55.000Z</time>
        <extensions>
          <ns3:TrackPointExtension>
            <ns3:hr>74</ns3:hr>
            <ns3:cad>82</ns3:cad>
          </ns3:TrackPointExtension>
        </extensions>
      </trkpt>
      <trkpt lat="31.2959598004817962646484375" lon="121.5121242217719554901123046875">
        <ele>9</ele>
        <time>2026-10-04T05:59:57.000Z</time>
        <extensions>
          <ns3:TrackPointExtension>
            <ns3:hr>74</ns3:hr>
            <ns3:cad>81</ns3:cad>
          </ns3:TrackPointExtension>
        </extensions>
      </trkpt>
      <trkpt lat="31.29596273414790630340576171875" lon="121.512117683887481689453125">
        <ele>9</ele>
        <time>2026-10-04T05:59:58.000Z</time>
        <extensions>
          <ns3:TrackPointExtension>
            <ns3:hr>75</ns3:hr>
            <ns3:cad>81</ns3:cad>
          </ns3:TrackPointExtension>
        </extensions>
      </trkpt>
      <trkpt lat="31.295961476862430572509765625" lon="121.51211843825876712799072265625">
        <ele>9</ele>
        <time>2026-10-04T06:00:00.000Z</time>
        <extensions>
          <ns3:TrackPointExtension>
            <ns3:hr>78</ns3:hr>
            <ns3:cad>78</ns3:cad>
          </ns3:TrackPointExtension>
        </extensions>
      </trkpt>
      <trkpt lat="31.29596441052854061126708984375" lon="121.5121255628764629364013671875">
        <ele>9</ele>
        <time>2026-10-04T06:00:02.000Z</time>
        <extensions>
          <ns3:TrackPointExtension>
            <ns3:hr>81</ns3:hr>
            <ns3:cad>0</ns3:cad>
          </ns3:TrackPointExtension>
        </extensions>
      </trkpt>
      <trkpt lat="31.29595887847244739532470703125" lon="121.51215783320367336273193359375">
        <ele>9</ele>
        <time>2026-10-04T06:00:04.000Z</time>
        <extensions>
          <ns3:TrackPointExtension>
            <ns3:hr>84</ns3:hr>
            <ns3:cad>76</ns3:cad>
          </ns3:TrackPointExtension>
        </extensions>
      </trkpt>
      <trkpt lat="31.29593976773321628570556640625" lon="121.5122021734714508056640625">
        <ele>9.19999980926513671875</ele>
        <time>2026-10-04T06:00:07.000Z</time>
        <extensions>
          <ns3:TrackPointExtension>
            <ns3:hr>85</ns3:hr>
            <ns3:cad>76</ns3:cad>
          </ns3:TrackPointExtension>
        </extensions>
      </trkpt>
      <trkpt lat="31.2958872132003307342529296875" lon="121.5123381279408931732177734375">
        <ele>9.80000019073486328125</ele>
        <time>2026-10-04T06:00:15.000Z</time>
        <extensions>
          <ns3:TrackPointExtension>
            <ns3:hr>83</ns3:hr>
            <ns3:cad>0</ns3:cad>
          </ns3:TrackPointExtension>
        </extensions>
      </trkpt>
      <trkpt lat="31.29592015407979488372802734375" lon="121.512494198977947235107421875">
        <ele>10</ele>
        <time>2026-10-04T06:00:22.000Z</time>
        <extensions>
          <ns3:TrackPointExtension>
            <ns3:hr>81</ns3:hr>
            <ns3:cad>53</ns3:cad>
          </ns3:TrackPointExtension>
        </extensions>
      </trkpt>
      <trkpt lat="31.2959928251802921295166015625" lon="121.51256586425006389617919921875">
        <ele>9.80000019073486328125</ele>
        <time>2026-10-04T06:00:30.000Z</time>
        <extensions>
          <ns3:TrackPointExtension>
            <ns3:hr>80</ns3:hr>
            <ns3:cad>50</ns3:cad>
          </ns3:TrackPointExtension>
        </extensions>
      </trkpt>
      <trkpt lat="31.296045966446399688720703125" lon="121.51267281733453273773193359375">
        <ele>9.3999996185302734375</ele>
        <time>2026-10-04T06:00:37.000Z</time>
        <extensions>
          <ns3:TrackPointExtension>
            <ns3:hr>80</ns3:hr>
            <ns3:cad>53</ns3:cad>
          </ns3:TrackPointExtension>
        </extensions>
      </trkpt>
      <trkpt lat="31.296068094670772552490234375" lon="121.51277842931449413299560546875">
        <ele>9.19999980926513671875</ele>
        <time>2026-10-04T06:00:43.000Z</time>
        <extensions>
          <ns3:TrackPointExtension>
            <ns3:hr>79</ns3:hr>
            <ns3:cad>51</ns3:cad>
          </ns3:TrackPointExtension>
        </extensions>
      </trkpt>
      <trkpt lat="31.29607471637427806854248046875" lon="121.5127909183502197265625">
        <ele>9.19999980926513671875</ele>
        <time>2026-10-04T06:00:44.000Z</time>
        <extensions>
          <ns3:TrackPointExtension>
            <ns3:hr>80</ns3:hr>
            <ns3:cad>51</ns3:cad>
          </ns3:TrackPointExtension>
        </extensions>
      </trkpt>
      <trkpt lat="31.296066753566265106201171875" lon="121.51280743069946765899658203125">
        <ele>9.19999980926513671875</ele>
        <time>2026-10-04T06:00:49.000Z</time>
        <extensions>
          <ns3:TrackPointExtension>
            <ns3:hr>79</ns3:hr>
            <ns3:cad>0</ns3:cad>
          </ns3:TrackPointExtension>
        </extensions>
      </trkpt>
      <trkpt lat="31.29605543799698352813720703125" lon="121.51283693499863147735595703125">
        <ele>9</ele>
        <time>2026-10-04T06:00:57.000Z</time>
        <extensions>
          <ns3:TrackPointExtension>
            <ns3:hr>79</ns3:hr>
            <ns3:cad>0</ns3:cad>
          </ns3:TrackPointExtension>
        </extensions>
      </trkpt>
      <trkpt lat="31.2960481457412242889404296875" lon="121.5128460712730884552001953125">
        <ele>9</ele>
        <time>2026-10-04T06:01:01.000Z</time>
        <extensions>
          <ns3:TrackPointExtension>
            <ns3:hr>84</ns3:hr>
            <ns3:cad>0</ns3:cad>
          </ns3:TrackPointExtension>
        </extensions>
      </trkpt>
      <trkpt lat="31.2960488162934780120849609375" lon="121.51284531690180301666259765625">
        <ele>9</ele>
        <time>2026-10-04T06:01:03.000Z</time>
        <extensions>
          <ns3:TrackPointExtension>
            <ns3:hr>87</ns3:hr>
            <ns3:cad>0</ns3:cad>
          </ns3:TrackPointExtension>
        </extensions>
      </trkpt>
      <trkpt lat="31.2960488162934780120849609375" lon="121.51284531690180301666259765625">
        <ele>9</ele>
        <time>2026-10-04T06:01:04.000Z</time>
        <extensions>
          <ns3:TrackPointExtension>
            <ns3:hr>85</ns3:hr>
            <ns3:cad>0</ns3:cad>
          </ns3:TrackPointExtension>
        </extensions>
      </trkpt>
      <trkpt lat="31.2960488162934780120849609375" lon="121.51284531690180301666259765625">
        <ele>9</ele>
        <time>2026-10-04T06:01:11.000Z</time>
        <extensions>
          <ns3:TrackPointExtension>
            <ns3:hr>82</ns3:hr>
            <ns3:cad>0</ns3:cad>
          </ns3:TrackPointExtension>
        </extensions>
      </trkpt>
      <trkpt lat="31.296049319207668304443359375" lon="121.512842215597629547119140625">
        <ele>9</ele>
        <time>2026-10-04T06:01:14.000Z</time>
        <extensions>
          <ns3:TrackPointExtension>
            <ns3:hr>85</ns3:hr>
            <ns3:cad>0</ns3:cad>
          </ns3:TrackPointExtension>
        </extensions>
      </trkpt>
      <trkpt lat="31.296051330864429473876953125" lon="121.512838192284107208251953125">
        <ele>9</ele>
        <time>2026-10-04T06:01:18.000Z</time>
        <extensions>
          <ns3:TrackPointExtension>
            <ns3:hr>90</ns3:hr>
            <ns3:cad>0</ns3:cad>
          </ns3:TrackPointExtension>
        </extensions>
      </trkpt>
      <trkpt lat="31.2960548512637615203857421875" lon="121.51282318867743015289306640625">
        <ele>9.19999980926513671875</ele>
        <time>2026-10-04T06:01:24.000Z</time>
        <extensions>
          <ns3:TrackPointExtension>
            <ns3:hr>87</ns3:hr>
            <ns3:cad>0</ns3:cad>
          </ns3:TrackPointExtension>
        </extensions>
      </trkpt>
      <trkpt lat="31.29605644382536411285400390625" lon="121.51281036436557769775390625">
        <ele>9.19999980926513671875</ele>
        <time>2026-10-04T06:01:29.000Z</time>
        <extensions>
          <ns3:TrackPointExtension>
            <ns3:hr>84</ns3:hr>
            <ns3:cad>59</ns3:cad>
          </ns3:TrackPointExtension>
        </extensions>
      </trkpt>
      <trkpt lat="31.29606373608112335205078125" lon="121.51280776597559452056884765625">
        <ele>9.19999980926513671875</ele>
        <time>2026-10-04T06:01:32.000Z</time>
        <extensions>
          <ns3:TrackPointExtension>
            <ns3:hr>81</ns3:hr>
            <ns3:cad>0</ns3:cad>
          </ns3:TrackPointExtension>
        </extensions>
      </trkpt>
      <trkpt lat="31.29604152403771877288818359375" lon="121.51277524419128894805908203125">
        <ele>9.3999996185302734375</ele>
        <time>2026-10-04T06:01:36.000Z</time>
        <extensions>
          <ns3:TrackPointExtension>
            <ns3:hr>78</ns3:hr>
            <ns3:cad>0</ns3:cad>
          </ns3:TrackPointExtension>
        </extensions>
      </trkpt>
      <trkpt lat="31.29603247158229351043701171875" lon="121.51276133023202419281005859375">
        <ele>9.3999996185302734375</ele>
        <time>2026-10-04T06:01:37.000Z</time>
        <extensions>
          <ns3:TrackPointExtension>
            <ns3:hr>77</ns3:hr>
            <ns3:cad>0</ns3:cad>
          </ns3:TrackPointExtension>
        </extensions>
      </trkpt>
      <trkpt lat="31.2960000336170196533203125" lon="121.51272495277225971221923828125">
        <ele>9.6000003814697265625</ele>
        <time>2026-10-04T06:01:42.000Z</time>
        <extensions>
          <ns3:TrackPointExtension>
            <ns3:hr>76</ns3:hr>
            <ns3:cad>0</ns3:cad>
          </ns3:TrackPointExtension>
        </extensions>
      </trkpt>
      <trkpt lat="31.29596591927111148834228515625" lon="121.5126780979335308074951171875">
        <ele>10</ele>
        <time>2026-10-04T06:01:47.000Z</time>
        <extensions>
          <ns3:TrackPointExtension>
            <ns3:hr>73</ns3:hr>
            <ns3:cad>52</ns3:cad>
          </ns3:TrackPointExtension>
        </extensions>
      </trkpt>
      <trkpt lat="31.29597379826009273529052734375" lon="121.51263057254254817962646484375">
        <ele>9.80000019073486328125</ele>
        <time>2026-10-04T06:01:50.000Z</time>
        <extensions>
          <ns3:TrackPointExtension>
            <ns3:hr>71</ns3:hr>
            <ns3:cad>0</ns3:cad>
          </ns3:TrackPointExtension>
        </extensions>
      </trkpt>
      <trkpt lat="31.29595167003571987152099609375" lon="121.5125763416290283203125">
        <ele>10</ele>
        <time>2026-10-04T06:01:55.000Z</time>
        <extensions>
          <ns3:TrackPointExtension>
            <ns3:hr>68</ns3:hr>
            <ns3:cad>54</ns3:cad>
          </ns3:TrackPointExtension>
        </extensions>
      </trkpt>
      <trkpt lat="31.29594529978930950164794921875" lon="121.51255982927978038787841796875">
        <ele>10</ele>
        <time>2026-10-04T06:01:56.000Z</time>
        <extensions>
          <ns3:TrackPointExtension>
            <ns3:hr>70</ns3:hr>
            <ns3:cad>54</ns3:cad>
          </ns3:TrackPointExtension>
        </extensions>
      </trkpt>
      <trkpt lat="31.295863576233386993408203125" lon="121.51244424283504486083984375">
        <ele>10.19999980926513671875</ele>
        <time>2026-10-04T06:02:03.000Z</time>
        <extensions>
          <ns3:TrackPointExtension>
            <ns3:hr>72</ns3:hr>
            <ns3:cad>54</ns3:cad>
          </ns3:TrackPointExtension>
        </extensions>
      </trkpt>
      <trkpt lat="31.29582124762237071990966796875" lon="121.512347348034381866455078125">
        <ele>10.19999980926513671875</ele>
        <time>2026-10-04T06:02:10.000Z</time>
        <extensions>
          <ns3:TrackPointExtension>
            <ns3:hr>74</ns3:hr>
            <ns3:cad>53</ns3:cad>
          </ns3:TrackPointExtension>
        </extensions>
      </trkpt>
      <trkpt lat="31.295756958425045013427734375" lon="121.5122170932590961456298828125">
        <ele>9.6000003814697265625</ele>
        <time>2026-10-04T06:02:17.000Z</time>
        <extensions>
          <ns3:TrackPointExtension>
            <ns3:hr>75</ns3:hr>
            <ns3:cad>55</ns3:cad>
          </ns3:TrackPointExtension>
        </extensions>
      </trkpt>
      <trkpt lat="31.29575620405375957489013671875" lon="121.51207921095192432403564453125">
        <ele>9</ele>
        <time>2026-10-04T06:02:24.000Z</time>
        <extensions>
          <ns3:TrackPointExtension>
            <ns3:hr>77</ns3:hr>
            <ns3:cad>55</ns3:cad>
          </ns3:TrackPointExtension>
        </extensions>
      </trkpt>
      <trkpt lat="31.29581429064273834228515625" lon="121.5118509717285633087158203125">
        <ele>7.400000095367431640625</ele>
        <time>2026-10-04T06:02:30.000Z</time>
        <extensions>
          <ns3:TrackPointExtension>
            <ns3:hr>78</ns3:hr>
            <ns3:cad>82</ns3:cad>
          </ns3:TrackPointExtension>
        </extensions>
      </trkpt>
      <trkpt lat="31.2958157993853092193603515625" lon="121.511780731379985809326171875">
        <ele>6.599999904632568359375</ele>
        <time>2026-10-04T06:02:33.000Z</time>
        <extensions>
          <ns3:TrackPointExtension>
            <ns3:hr>81</ns3:hr>
            <ns3:cad>82</ns3:cad>
          </ns3:TrackPointExtension>
        </extensions>
      </trkpt>
      <trkpt lat="31.295808255672454833984375" lon="121.5117611177265644073486328125">
        <ele>6.400000095367431640625</ele>
        <time>2026-10-04T06:02:34.000Z</time>
        <extensions>
          <ns3:TrackPointExtension>
            <ns3:hr>84</ns3:hr>
            <ns3:cad>82</ns3:cad>
          </ns3:TrackPointExtension>
        </extensions>
      </trkpt>
      <trkpt lat="31.29580012522637844085693359375" lon="121.51174418628215789794921875">
        <ele>6.19999980926513671875</ele>
        <time>2026-10-04T06:02:35.000Z</time>
        <extensions>
          <ns3:TrackPointExtension>
            <ns3:hr>87</ns3:hr>
            <ns3:cad>82</ns3:cad>
          </ns3:TrackPointExtension>
        </extensions>
      </trkpt>
      <trkpt lat="31.29579610191285610198974609375" lon="121.51172951795160770416259765625">
        <ele>6</ele>
        <time>2026-10-04T06:02:36.000Z</time>
        <extensions>
          <ns3:TrackPointExtension>
            <ns3:hr>90</ns3:hr>
            <ns3:cad>83</ns3:cad>
          </ns3:TrackPointExtension>
        </extensions>
      </trkpt>
      <trkpt lat="31.29582962952554225921630859375" lon="121.511661708354949951171875">
        <ele>5.599999904632568359375</ele>
        <time>2026-10-04T06:02:39.000Z</time>
        <extensions>
          <ns3:TrackPointExtension>
            <ns3:hr>90</ns3:hr>
            <ns3:cad>83</ns3:cad>
          </ns3:TrackPointExtension>
        </extensions>
      </trkpt>
      <trkpt lat="31.295871622860431671142578125" lon="121.51150412857532501220703125">
        <ele>4.80000019073486328125</ele>
        <time>2026-10-04T06:02:45.000Z</time>
        <extensions>
          <ns3:TrackPointExtension>
            <ns3:hr>93</ns3:hr>
            <ns3:cad>83</ns3:cad>
          </ns3:TrackPointExtension>
        </extensions>
      </trkpt>
      <trkpt lat="31.29590942524373531341552734375" lon="121.51136842556297779083251953125">
        <ele>5</ele>
        <time>2026-10-04T06:02:51.000Z</time>
        <extensions>
          <ns3:TrackPointExtension>
            <ns3:hr>99</ns3:hr>
            <ns3:cad>84</ns3:cad>
          </ns3:TrackPointExtension>
        </extensions>
      </trkpt>
      <trkpt lat="31.2959137000143527984619140625" lon="121.51134344749152660369873046875">
        <ele>5</ele>
        <time>2026-10-04T06:02:52.000Z</time>
        <extensions>
          <ns3:TrackPointExtension>
            <ns3:hr>95</ns3:hr>
            <ns3:cad>84</ns3:cad>
          </ns3:TrackPointExtension>
        </extensions>
      </trkpt>
      <trkpt lat="31.29591277800500392913818359375" lon="121.5113011188805103302001953125">
        <ele>5</ele>
        <time>2026-10-04T06:02:54.000Z</time>
        <extensions>
          <ns3:TrackPointExtension>
            <ns3:hr>96</ns3:hr>
            <ns3:cad>84</ns3:cad>
          </ns3:TrackPointExtension>
        </extensions>
      </trkpt>
      <trkpt lat="31.295913197100162506103515625" lon="121.511246971786022186279296875">
        <ele>5</ele>
        <time>2026-10-04T06:02:56.000Z</time>
        <extensions>
          <ns3:TrackPointExtension>
            <ns3:hr>99</ns3:hr>
            <ns3:cad>83</ns3:cad>
          </ns3:TrackPointExtension>
        </extensions>
      </trkpt>
      <trkpt lat="31.29591755568981170654296875" lon="121.511186622083187103271484375">
        <ele>5.19999980926513671875</ele>
        <time>2026-10-04T06:02:59.000Z</time>
        <extensions>
          <ns3:TrackPointExtension>
            <ns3:hr>102</ns3:hr>
            <ns3:cad>82</ns3:cad>
          </ns3:TrackPointExtension>
        </extensions>
      </trkpt>
      <trkpt lat="31.2959361635148525238037109375" lon="121.5110528469085693359375">
        <ele>5.80000019073486328125</ele>
        <time>2026-10-04T06:03:05.000Z</time>
        <extensions>
          <ns3:TrackPointExtension>
            <ns3:hr>104</ns3:hr>
            <ns3:cad>82</ns3:cad>
          </ns3:TrackPointExtension>
        </extensions>
      </trkpt>
      <trkpt lat="31.29594437777996063232421875" lon="121.5109031461179256439208984375">
        <ele>6</ele>
        <time>2026-10-04T06:03:11.000Z</time>
        <extensions>
          <ns3:TrackPointExtension>
            <ns3:hr>107</ns3:hr>
            <ns3:cad>81</ns3:cad>
          </ns3:TrackPointExtension>
        </extensions>
      </trkpt>
      <trkpt lat="31.29594731144607067108154296875" lon="121.51082008145749568939208984375">
        <ele>6</ele>
        <time>2026-10-04T06:03:14.000Z</time>
        <extensions>
          <ns3:TrackPointExtension>
            <ns3:hr>109</ns3:hr>
            <ns3:cad>82</ns3:cad>
          </ns3:TrackPointExtension>
        </extensions>
      </trkpt>
      <trkpt lat="31.29596793092787265777587890625" lon="121.51064976118505001068115234375">
        <ele>5.80000019073486328125</ele>
        <time>2026-10-04T06:03:21.000Z</time>
        <extensions>
          <ns3:TrackPointExtension>
            <ns3:hr>112</ns3:hr>
            <ns3:cad>81</ns3:cad>
          </ns3:TrackPointExtension>
        </extensions>
      </trkpt>
      <trkpt lat="31.2959794141352176666259765625" lon="121.51055906899273395538330078125">
        <ele>5.599999904632568359375</ele>
        <time>2026-10-04T06:03:29.000Z</time>
        <extensions>
          <ns3:TrackPointExtension>
            <ns3:hr>113</ns3:hr>
            <ns3:cad>0</ns3:cad>
          </ns3:TrackPointExtension>
        </extensions>
      </trkpt>
      <trkpt lat="31.29599140025675296783447265625" lon="121.5105564706027507781982421875">
        <ele>5.599999904632568359375</ele>
        <time>2026-10-04T06:03:30.000Z</time>
        <extensions>
          <ns3:TrackPointExtension>
            <ns3:hr>114</ns3:hr>
            <ns3:cad>0</ns3:cad>
          </ns3:TrackPointExtension>
        </extensions>
      </trkpt>
      <trkpt lat="31.29599223844707012176513671875" lon="121.51048866100609302520751953125">
        <ele>5.80000019073486328125</ele>
        <time>2026-10-04T06:03:35.000Z</time>
        <extensions>
          <ns3:TrackPointExtension>
            <ns3:hr>116</ns3:hr>
            <ns3:cad>53</ns3:cad>
          </ns3:TrackPointExtension>
        </extensions>
      </trkpt>
      <trkpt lat="31.29600397311151027679443359375" lon="121.51040182448923587799072265625">
        <ele>6.19999980926513671875</ele>
        <time>2026-10-04T06:03:44.000Z</time>
        <extensions>
          <ns3:TrackPointExtension>
            <ns3:hr>116</ns3:hr>
            <ns3:cad>0</ns3:cad>
          </ns3:TrackPointExtension>
        </extensions>
      </trkpt>
      <trkpt lat="31.29601084627211093902587890625" lon="121.51037651114165782928466796875">
        <ele>6.19999980926513671875</ele>
        <time>2026-10-04T06:03:47.000Z</time>
        <extensions>
          <ns3:TrackPointExtension>
            <ns3:hr>113</ns3:hr>
            <ns3:cad>48</ns3:cad>
          </ns3:TrackPointExtension>
        </extensions>
      </trkpt>
      <trkpt lat="31.29600866697728633880615234375" lon="121.51034809648990631103515625">
        <ele>6.400000095367431640625</ele>
        <time>2026-10-04T06:03:51.000Z</time>
        <extensions>
          <ns3:TrackPointExtension>
            <ns3:hr>111</ns3:hr>
            <ns3:cad>0</ns3:cad>
          </ns3:TrackPointExtension>
        </extensions>
      </trkpt>
      <trkpt lat="31.296025179326534271240234375" lon="121.51030727662146091461181640625">
        <ele>6.599999904632568359375</ele>
        <time>2026-10-04T06:03:56.000Z</time>
        <extensions>
          <ns3:TrackPointExtension>
            <ns3:hr>108</ns3:hr>
            <ns3:cad>0</ns3:cad>
          </ns3:TrackPointExtension>
        </extensions>
      </trkpt>
      <trkpt lat="31.296055018901824951171875" lon="121.5102736651897430419921875">
        <ele>6.80000019073486328125</ele>
        <time>2026-10-04T06:03:59.000Z</time>
        <extensions>
          <ns3:TrackPointExtension>
            <ns3:hr>108</ns3:hr>
            <ns3:cad>0</ns3:cad>
          </ns3:TrackPointExtension>
        </extensions>
      </trkpt>
      <trkpt lat="31.29609215073287487030029296875" lon="121.51022245176136493682861328125">
        <ele>7</ele>
        <time>2026-10-04T06:04:05.000Z</time>
        <extensions>
          <ns3:TrackPointExtension>
            <ns3:hr>109</ns3:hr>
            <ns3:cad>54</ns3:cad>
          </ns3:TrackPointExtension>
        </extensions>
      </trkpt>
      <trkpt lat="31.2961202301084995269775390625" lon="121.5101802907884120941162109375">
        <ele>7</ele>
        <time>2026-10-04T06:04:09.000Z</time>
        <extensions>
          <ns3:TrackPointExtension>
            <ns3:hr>106</ns3:hr>
            <ns3:cad>53</ns3:cad>
          </ns3:TrackPointExtension>
        </extensions>
      </trkpt>
      <trkpt lat="31.29612274467945098876953125" lon="121.51016696356236934661865234375">
        <ele>7</ele>
        <time>2026-10-04T06:04:10.000Z</time>
        <extensions>
          <ns3:TrackPointExtension>
            <ns3:hr>106</ns3:hr>
            <ns3:cad>53</ns3:cad>
          </ns3:TrackPointExtension>
        </extensions>
      </trkpt>
      <trkpt lat="31.2961386702954769134521484375" lon="121.51014600880444049835205078125">
        <ele>7</ele>
        <time>2026-10-04T06:04:12.000Z</time>
        <extensions>
          <ns3:TrackPointExtension>
            <ns3:hr>106</ns3:hr>
            <ns3:cad>54</ns3:cad>
          </ns3:TrackPointExtension>
        </extensions>
      </trkpt>
      <trkpt lat="31.29616104997694492340087890625" lon="121.51013226248323917388916015625">
        <ele>7</ele>
        <time>2026-10-04T06:04:13.000Z</time>
        <extensions>
          <ns3:TrackPointExtension>
            <ns3:hr>105</ns3:hr>
            <ns3:cad>54</ns3:cad>
          </ns3:TrackPointExtension>
        </extensions>
      </trkpt>
      <trkpt lat="31.29617412574589252471923828125" lon="121.51010191999375820159912109375">
        <ele>6.80000019073486328125</ele>
        <time>2026-10-04T06:04:17.000Z</time>
        <extensions>
          <ns3:TrackPointExtension>
            <ns3:hr>104</ns3:hr>
            <ns3:cad>53</ns3:cad>
          </ns3:TrackPointExtension>
        </extensions>
      </trkpt>
      <trkpt lat="31.29617504775524139404296875" lon="121.51008800603449344635009765625">
        <ele>6.80000019073486328125</ele>
        <time>2026-10-04T06:04:18.000Z</time>
        <extensions>
          <ns3:TrackPointExtension>
            <ns3:hr>104</ns3:hr>
            <ns3:cad>54</ns3:cad>
          </ns3:TrackPointExtension>
        </extensions>
      </trkpt>
      <trkpt lat="31.29617043770849704742431640625" lon="121.51003888808190822601318359375">
        <ele>6.599999904632568359375</ele>
        <time>2026-10-04T06:04:22.000Z</time>
        <extensions>
          <ns3:TrackPointExtension>
            <ns3:hr>102</ns3:hr>
            <ns3:cad>55</ns3:cad>
          </ns3:TrackPointExtension>
        </extensions>
      </trkpt>
      <trkpt lat="31.29617429338395595550537109375" lon="121.51001307182013988494873046875">
        <ele>6.400000095367431640625</ele>
        <time>2026-10-04T06:04:24.000Z</time>
        <extensions>
          <ns3:TrackPointExtension>
            <ns3:hr>105</ns3:hr>
            <ns3:cad>55</ns3:cad>
          </ns3:TrackPointExtension>
        </extensions>
      </trkpt>
      <trkpt lat="31.29617747850716114044189453125" lon="121.50999949313700199127197265625">
        <ele>6.400000095367431640625</ele>
        <time>2026-10-04T06:04:25.000Z</time>
        <extensions>
          <ns3:TrackPointExtension>
            <ns3:hr>101</ns3:hr>
            <ns3:cad>55</ns3:cad>
          </ns3:TrackPointExtension>
        </extensions>
      </trkpt>
      <trkpt lat="31.29623212851583957672119140625" lon="121.50993168354034423828125">
        <ele>5.599999904632568359375</ele>
        <time>2026-10-04T06:04:31.000Z</time>
        <extensions>
          <ns3:TrackPointExtension>
            <ns3:hr>100</ns3:hr>
            <ns3:cad>0</ns3:cad>
          </ns3:TrackPointExtension>
        </extensions>
      </trkpt>
      <trkpt lat="31.29628024064004421234130859375" lon="121.50980134494602680206298828125">
        <ele>5.19999980926513671875</ele>
        <time>2026-10-04T06:04:36.000Z</time>
        <extensions>
          <ns3:TrackPointExtension>
            <ns3:hr>99</ns3:hr>
            <ns3:cad>84</ns3:cad>
          </ns3:TrackPointExtension>
        </extensions>
      </trkpt>
      <trkpt lat="31.29633128643035888671875" lon="121.50969791226089000701904296875">
        <ele>4.80000019073486328125</ele>
        <time>2026-10-04T06:04:42.000Z</time>
        <extensions>
          <ns3:TrackPointExtension>
            <ns3:hr>96</ns3:hr>
            <ns3:cad>80</ns3:cad>
          </ns3:TrackPointExtension>
        </extensions>
      </trkpt>
      <trkpt lat="31.296330951154232025146484375" lon="121.50964946486055850982666015625">
        <ele>4.599999904632568359375</ele>
        <time>2026-10-04T06:04:45.000Z</time>
        <extensions>
          <ns3:TrackPointExtension>
            <ns3:hr>93</ns3:hr>
            <ns3:cad>80</ns3:cad>
          </ns3:TrackPointExtension>
        </extensions>
      </trkpt>
      <trkpt lat="31.29634126089513301849365234375" lon="121.5096374787390232086181640625">
        <ele>4.599999904632568359375</ele>
        <time>2026-10-04T06:04:46.000Z</time>
        <extensions>
          <ns3:TrackPointExtension>
            <ns3:hr>92</ns3:hr>
            <ns3:cad>80</ns3:cad>
          </ns3:TrackPointExtension>
        </extensions>
      </trkpt>
      <trkpt lat="31.29638962447643280029296875" lon="121.50964259169995784759521484375">
        <ele>4.599999904632568359375</ele>
        <time>2026-10-04T06:04:48.000Z</time>
        <extensions>
          <ns3:TrackPointExtension>
            <ns3:hr>89</ns3:hr>
            <ns3:cad>80</ns3:cad>
          </ns3:TrackPointExtension>
        </extensions>
      </trkpt>
      <trkpt lat="31.29652432166039943695068359375" lon="121.50962415151298046112060546875">
        <ele>4.599999904632568359375</ele>
        <time>2026-10-04T06:04:54.000Z</time>
        <extensions>
          <ns3:TrackPointExtension>
            <ns3:hr>90</ns3:hr>
            <ns3:cad>83</ns3:cad>
          </ns3:TrackPointExtension>
        </extensions>
      </trkpt>
      <trkpt lat="31.296625994145870208740234375" lon="121.50967326946556568145751953125">
        <ele>5</ele>
        <time>2026-10-04T06:04:59.000Z</time>
        <extensions>
          <ns3:TrackPointExtension>
            <ns3:hr>93</ns3:hr>
            <ns3:cad>83</ns3:cad>
          </ns3:TrackPointExtension>
        </extensions>
      </trkpt>
      <trkpt lat="31.29664502106606960296630859375" lon="121.50967377237975597381591796875">
        <ele>5</ele>
        <time>2026-10-04T06:05:02.000Z</time>
        <extensions>
          <ns3:TrackPointExtension>
            <ns3:hr>95</ns3:hr>
            <ns3:cad>83</ns3:cad>
          </ns3:TrackPointExtension>
        </extensions>
      </trkpt>
      <trkpt lat="31.29662322811782360076904296875" lon="121.50966287590563297271728515625">
        <ele>5</ele>
        <time>2026-10-04T06:05:06.000Z</time>
        <extensions>
          <ns3:TrackPointExtension>
            <ns3:hr>92</ns3:hr>
            <ns3:cad>0</ns3:cad>
          </ns3:TrackPointExtension>
        </extensions>
      </trkpt>
      <trkpt lat="31.29661015234887599945068359375" lon="121.509650386869907379150390625">
        <ele>4.80000019073486328125</ele>
        <time>2026-10-04T06:05:07.000Z</time>
        <extensions>
          <ns3:TrackPointExtension>
            <ns3:hr>91</ns3:hr>
            <ns3:cad>0</ns3:cad>
          </ns3:TrackPointExtension>
        </extensions>
      </trkpt>
      <trkpt lat="31.29645005799829959869384765625" lon="121.50961895473301410675048828125">
        <ele>4.400000095367431640625</ele>
        <time>2026-10-04T06:05:13.000Z</time>
        <extensions>
          <ns3:TrackPointExtension>
            <ns3:hr>93</ns3:hr>
            <ns3:cad>83</ns3:cad>
          </ns3:TrackPointExtension>
        </extensions>
      </trkpt>
      <trkpt lat="31.2963218986988067626953125" lon="121.50958257727324962615966796875">
        <ele>4.400000095367431640625</ele>
        <time>2026-10-04T06:05:17.000Z</time>
        <extensions>
          <ns3:TrackPointExtension>
            <ns3:hr>95</ns3:hr>
            <ns3:cad>84</ns3:cad>
          </ns3:TrackPointExtension>
        </extensions>
      </trkpt>
      <trkpt lat="31.2962959147989749908447265625" lon="121.509517617523670196533203125">
        <ele>4.400000095367431640625</ele>
        <time>2026-10-04T06:05:20.000Z</time>
        <extensions>
          <ns3:TrackPointExtension>
            <ns3:hr>97</ns3:hr>
            <ns3:cad>83</ns3:cad>
          </ns3:TrackPointExtension>
        </extensions>
      </trkpt>
      <trkpt lat="31.29630605690181255340576171875" lon="121.50947897695004940032958984375">
        <ele>4.19999980926513671875</ele>
        <time>2026-10-04T06:05:22.000Z</time>
        <extensions>
          <ns3:TrackPointExtension>
            <ns3:hr>97</ns3:hr>
            <ns3:cad>84</ns3:cad>
          </ns3:TrackPointExtension>
        </extensions>
      </trkpt>
      <trkpt lat="31.29632793366909027099609375" lon="121.50945416651666164398193359375">
        <ele>4.19999980926513671875</ele>
        <time>2026-10-04T06:05:25.000Z</time>
        <extensions>
          <ns3:TrackPointExtension>
            <ns3:hr>99</ns3:hr>
            <ns3:cad>84</ns3:cad>
          </ns3:TrackPointExtension>
        </extensions>
      </trkpt>
      <trkpt lat="31.2964045442640781402587890625" lon="121.50931410491466522216796875">
        <ele>4.19999980926513671875</ele>
        <time>2026-10-04T06:05:33.000Z</time>
        <extensions>
          <ns3:TrackPointExtension>
            <ns3:hr>99</ns3:hr>
            <ns3:cad>53</ns3:cad>
          </ns3:TrackPointExtension>
        </extensions>
      </trkpt>
      <trkpt lat="31.2964658997952938079833984375" lon="121.509266160428524017333984375">
        <ele>4.19999980926513671875</ele>
        <time>2026-10-04T06:05:41.000Z</time>
        <extensions>
          <ns3:TrackPointExtension>
            <ns3:hr>100</ns3:hr>
            <ns3:cad>54</ns3:cad>
          </ns3:TrackPointExtension>
        </extensions>
      </trkpt>
      <trkpt lat="31.296485848724842071533203125" lon="121.5092281065881252288818359375">
        <ele>4</ele>
        <time>2026-10-04T06:05:46.000Z</time>
        <extensions>
          <ns3:TrackPointExtension>
            <ns3:hr>97</ns3:hr>
            <ns3:cad>55</ns3:cad>
          </ns3:TrackPointExtension>
        </extensions>
      </trkpt>
      <trkpt lat="31.296505294740200042724609375" lon="121.5091915614902973175048828125">
        <ele>4</ele>
        <time>2026-10-04T06:05:49.000Z</time>
        <extensions>
          <ns3:TrackPointExtension>
            <ns3:hr>96</ns3:hr>
            <ns3:cad>0</ns3:cad>
          </ns3:TrackPointExtension>
        </extensions>
      </trkpt>
      <trkpt lat="31.2965252436697483062744140625" lon="121.50914588011801242828369140625">
        <ele>4.19999980926513671875</ele>
        <time>2026-10-04T06:05:54.000Z</time>
        <extensions>
          <ns3:TrackPointExtension>
            <ns3:hr>94</ns3:hr>
            <ns3:cad>0</ns3:cad>
          </ns3:TrackPointExtension>
        </extensions>
      </trkpt>
      <trkpt lat="31.2965353019535541534423828125" lon="121.509128697216510772705078125">
        <ele>4.400000095367431640625</ele>
        <time>2026-10-04T06:05:56.000Z</time>
        <extensions>
          <ns3:TrackPointExtension>
            <ns3:hr>90</ns3:hr>
            <ns3:cad>53</ns3:cad>
          </ns3:TrackPointExtension>
        </extensions>
      </trkpt>
      <trkpt lat="31.2965423427522182464599609375" lon="121.509117297828197479248046875">
        <ele>4.400000095367431640625</ele>
        <time>2026-10-04T06:05:57.000Z</time>
        <extensions>
          <ns3:TrackPointExtension>
            <ns3:hr>88</ns3:hr>
            <ns3:cad>53</ns3:cad>
          </ns3:TrackPointExtension>
        </extensions>
      </trkpt>
      <trkpt lat="31.296577043831348419189453125" lon="121.50906004942953586578369140625">
        <ele>4.19999980926513671875</ele>
        <time>2026-10-04T06:06:03.000Z</time>
        <extensions>
          <ns3:TrackPointExtension>
            <ns3:hr>85</ns3:hr>
            <ns3:cad>0</ns3:cad>
          </ns3:TrackPointExtension>
        </extensions>
      </trkpt>
      <trkpt lat="31.29658986814320087432861328125" lon="121.50902182795107364654541015625">
        <ele>4.19999980926513671875</ele>
        <time>2026-10-04T06:06:06.000Z</time>
        <extensions>
          <ns3:TrackPointExtension>
            <ns3:hr>86</ns3:hr>
            <ns3:cad>53</ns3:cad>
          </ns3:TrackPointExtension>
        </extensions>
      </trkpt>
      <trkpt lat="31.29664602689445018768310546875" lon="121.5089397691190242767333984375">
        <ele>4</ele>
        <time>2026-10-04T06:06:14.000Z</time>
        <extensions>
          <ns3:TrackPointExtension>
            <ns3:hr>84</ns3:hr>
            <ns3:cad>0</ns3:cad>
          </ns3:TrackPointExtension>
        </extensions>
      </trkpt>
      <trkpt lat="31.2966774590313434600830078125" lon="121.50889324955642223358154296875">
        <ele>4.400000095367431640625</ele>
        <time>2026-10-04T06:06:19.000Z</time>
        <extensions>
          <ns3:TrackPointExtension>
            <ns3:hr>81</ns3:hr>
            <ns3:cad>55</ns3:cad>
          </ns3:TrackPointExtension>
        </extensions>
      </trkpt>
      <trkpt lat="31.29671626724302768707275390625" lon="121.50888084433972835540771484375">
        <ele>4.80000019073486328125</ele>
        <time>2026-10-04T06:06:23.000Z</time>
        <extensions>
          <ns3:TrackPointExtension>
            <ns3:hr>78</ns3:hr>
            <ns3:cad>53</ns3:cad>
          </ns3:TrackPointExtension>
        </extensions>
      </trkpt>
      <trkpt lat="31.29672984592616558074951171875" lon="121.5088794194161891937255859375">
        <ele>4.80000019073486328125</ele>
        <time>2026-10-04T06:06:24.000Z</time>
        <extensions>
          <ns3:TrackPointExtension>
            <ns3:hr>77</ns3:hr>
            <ns3:cad>54</ns3:cad>
          </ns3:TrackPointExtension>
        </extensions>
      </trkpt>
      <trkpt lat="31.29681668244302272796630859375" lon="121.5088680200278759002685546875">
        <ele>5.599999904632568359375</ele>
        <time>2026-10-04T06:06:33.000Z</time>
        <extensions>
          <ns3:TrackPointExtension>
            <ns3:hr>78</ns3:hr>
            <ns3:cad>54</ns3:cad>
          </ns3:TrackPointExtension>
        </extensions>
      </trkpt>
      <trkpt lat="31.2968367151916027069091796875" lon="121.508866511285305023193359375">
        <ele>5.599999904632568359375</ele>
        <time>2026-10-04T06:06:35.000Z</time>
        <extensions>
          <ns3:TrackPointExtension>
            <ns3:hr>78</ns3:hr>
            <ns3:cad>54</ns3:cad>
          </ns3:TrackPointExtension>
        </extensions>
      </trkpt>
      <trkpt lat="31.29688180983066558837890625" lon="121.50887296535074710845947265625">
        <ele>6</ele>
        <time>2026-10-04T06:06:40.000Z</time>
        <extensions>
          <ns3:TrackPointExtension>
            <ns3:hr>75</ns3:hr>
            <ns3:cad>0</ns3:cad>
          </ns3:TrackPointExtension>
        </extensions>
      </trkpt>
      <trkpt lat="31.296932436525821685791015625" lon="121.5088894776999950408935546875">
        <ele>6.19999980926513671875</ele>
        <time>2026-10-04T06:06:47.000Z</time>
        <extensions>
          <ns3:TrackPointExtension>
            <ns3:hr>74</ns3:hr>
            <ns3:cad>50</ns3:cad>
          </ns3:TrackPointExtension>
        </extensions>
      </trkpt>
      <trkpt lat="31.29696629941463470458984375" lon="121.5088995359838008880615234375">
        <ele>6.400000095367431640625</ele>
        <time>2026-10-04T06:06:51.000Z</time>
        <extensions>
          <ns3:TrackPointExtension>
            <ns3:hr>71</ns3:hr>
            <ns3:cad>50</ns3:cad>
          </ns3:TrackPointExtension>
        </extensions>
      </trkpt>
      <trkpt lat="31.29695230163633823394775390625" lon="121.508902721107006072998046875">
        <ele>6.400000095367431640625</ele>
        <time>2026-10-04T06:06:53.000Z</time>
        <extensions>
          <ns3:TrackPointExtension>
            <ns3:hr>71</ns3:hr>
            <ns3:cad>0</ns3:cad>
          </ns3:TrackPointExtension>
        </extensions>
      </trkpt>
      <trkpt lat="31.2968809716403484344482421875" lon="121.5088978596031665802001953125">
        <ele>5.80000019073486328125</ele>
        <time>2026-10-04T06:07:00.000Z</time>
        <extensions>
          <ns3:TrackPointExtension>
            <ns3:hr>70</ns3:hr>
            <ns3:cad>53</ns3:cad>
          </ns3:TrackPointExtension>
        </extensions>
      </trkpt>
      <trkpt lat="31.2968420796096324920654296875" lon="121.50889056734740734100341796875">
        <ele>5.599999904632568359375</ele>
        <time>2026-10-04T06:07:04.000Z</time>
        <extensions>
          <ns3:TrackPointExtension>
            <ns3:hr>71</ns3:hr>
            <ns3:cad>51</ns3:cad>
          </ns3:TrackPointExtension>
        </extensions>
      </trkpt>
      <trkpt lat="31.2968172691762447357177734375" lon="121.50888495147228240966796875">
        <ele>5.400000095367431640625</ele>
        <time>2026-10-04T06:07:06.000Z</time>
        <extensions>
          <ns3:TrackPointExtension>
            <ns3:hr>72</ns3:hr>
            <ns3:cad>51</ns3:cad>
          </ns3:TrackPointExtension>
        </extensions>
      </trkpt>
      <trkpt lat="31.29680913873016834259033203125" lon="121.5088797546923160552978515625">
        <ele>5.400000095367431640625</ele>
        <time>2026-10-04T06:07:07.000Z</time>
        <extensions>
          <ns3:TrackPointExtension>
            <ns3:hr>73</ns3:hr>
            <ns3:cad>51</ns3:cad>
          </ns3:TrackPointExtension>
        </extensions>
      </trkpt>
      <trkpt lat="31.296798326075077056884765625" lon="121.508877240121364593505859375">
        <ele>5.400000095367431640625</ele>
        <time>2026-10-04T06:07:08.000Z</time>
        <extensions>
          <ns3:TrackPointExtension>
            <ns3:hr>73</ns3:hr>
            <ns3:cad>52</ns3:cad>
          </ns3:TrackPointExtension>
        </extensions>
      </trkpt>
      <trkpt lat="31.2967579253017902374267578125" lon="121.5088686905801296234130859375">
        <ele>5.19999980926513671875</ele>
        <time>2026-10-04T06:07:13.000Z</time>
        <extensions>
          <ns3:TrackPointExtension>
            <ns3:hr>74</ns3:hr>
            <ns3:cad>52</ns3:cad>
          </ns3:TrackPointExtension>
        </extensions>
      </trkpt>
      <trkpt lat="31.29665742628276348114013671875" lon="121.50885184295475482940673828125">
        <ele>4.400000095367431640625</ele>
        <time>2026-10-04T06:07:23.000Z</time>
        <extensions>
          <ns3:TrackPointExtension>
            <ns3:hr>75</ns3:hr>
            <ns3:cad>53</ns3:cad>
          </ns3:TrackPointExtension>
        </extensions>
      </trkpt>
      <trkpt lat="31.2966301850974559783935546875" lon="121.5088341571390628814697265625">
        <ele>4.400000095367431640625</ele>
        <time>2026-10-04T06:07:29.000Z</time>
        <extensions>
          <ns3:TrackPointExtension>
            <ns3:hr>72</ns3:hr>
            <ns3:cad>0</ns3:cad>
          </ns3:TrackPointExtension>
        </extensions>
      </trkpt>
      <trkpt lat="31.296630688011646270751953125" lon="121.50883373804390430450439453125">
        <ele>4.400000095367431640625</ele>
        <time>2026-10-04T06:07:30.000Z</time>
        <extensions>
          <ns3:TrackPointExtension>
            <ns3:hr>73</ns3:hr>
            <ns3:cad>0</ns3:cad>
          </ns3:TrackPointExtension>
        </extensions>
      </trkpt>
      <trkpt lat="31.2966348789632320404052734375" lon="121.5088314749300479888916015625">
        <ele>4.400000095367431640625</ele>
        <time>2026-10-04T06:07:36.000Z</time>
        <extensions>
          <ns3:TrackPointExtension>
            <ns3:hr>76</ns3:hr>
            <ns3:cad>0</ns3:cad>
          </ns3:TrackPointExtension>
        </extensions>
      </trkpt>
      <trkpt lat="31.29663697443902492523193359375" lon="121.50883055292069911956787109375">
        <ele>4.400000095367431640625</ele>
        <time>2026-10-04T06:08:03.000Z</time>
        <extensions>
          <ns3:TrackPointExtension>
            <ns3:hr>79</ns3:hr>
            <ns3:cad>0</ns3:cad>
          </ns3:TrackPointExtension>
        </extensions>
      </trkpt>
      <trkpt lat="31.29663697443902492523193359375" lon="121.50883055292069911956787109375">
        <ele>4.400000095367431640625</ele>
        <time>2026-10-04T06:08:05.000Z</time>
        <extensions>
          <ns3:TrackPointExtension>
            <ns3:hr>79</ns3:hr>
            <ns3:cad>0</ns3:cad>
          </ns3:TrackPointExtension>
        </extensions>
      </trkpt>
      <trkpt lat="31.2965876050293445587158203125" lon="121.50880792178213596343994140625">
        <ele>4.599999904632568359375</ele>
        <time>2026-10-04T06:08:11.000Z</time>
        <extensions>
          <ns3:TrackPointExtension>
            <ns3:hr>79</ns3:hr>
            <ns3:cad>56</ns3:cad>
          </ns3:TrackPointExtension>
        </extensions>
      </trkpt>
      <trkpt lat="31.29648257978260517120361328125" lon="121.50875193066895008087158203125">
        <ele>5.19999980926513671875</ele>
        <time>2026-10-04T06:08:18.000Z</time>
        <extensions>
          <ns3:TrackPointExtension>
            <ns3:hr>76</ns3:hr>
            <ns3:cad>55</ns3:cad>
          </ns3:TrackPointExtension>
        </extensions>
      </trkpt>
      <trkpt lat="31.296417452394962310791015625" lon="121.50869317352771759033203125">
        <ele>5.599999904632568359375</ele>
        <time>2026-10-04T06:08:22.000Z</time>
        <extensions>
          <ns3:TrackPointExtension>
            <ns3:hr>72</ns3:hr>
            <ns3:cad>57</ns3:cad>
          </ns3:TrackPointExtension>
        </extensions>
      </trkpt>
      <trkpt lat="31.2963809072971343994140625" lon="121.5086199156939983367919921875">
        <ele>6.19999980926513671875</ele>
        <time>2026-10-04T06:08:25.000Z</time>
        <extensions>
          <ns3:TrackPointExtension>
            <ns3:hr>72</ns3:hr>
            <ns3:cad>83</ns3:cad>
          </ns3:TrackPointExtension>
        </extensions>
      </trkpt>
      <trkpt lat="31.2962768040597438812255859375" lon="121.5085034072399139404296875">
        <ele>7</ele>
        <time>2026-10-04T06:08:31.000Z</time>
        <extensions>
          <ns3:TrackPointExtension>
            <ns3:hr>77</ns3:hr>
            <ns3:cad>82</ns3:cad>
          </ns3:TrackPointExtension>
        </extensions>
      </trkpt>
      <trkpt lat="31.2962526641786098480224609375" lon="121.5084894932806491851806640625">
        <ele>7.19999980926513671875</ele>
        <time>2026-10-04T06:08:32.000Z</time>
        <extensions>
          <ns3:TrackPointExtension>
            <ns3:hr>77</ns3:hr>
            <ns3:cad>82</ns3:cad>
          </ns3:TrackPointExtension>
        </extensions>
      </trkpt>
      <trkpt lat="31.2962298654019832611083984375" lon="121.50847281329333782196044921875">
        <ele>7.400000095367431640625</ele>
        <time>2026-10-04T06:08:33.000Z</time>
        <extensions>
          <ns3:TrackPointExtension>
            <ns3:hr>74</ns3:hr>
            <ns3:cad>82</ns3:cad>
          </ns3:TrackPointExtension>
        </extensions>
      </trkpt>
      <trkpt lat="31.296182759106159210205078125" lon="121.5084475837647914886474609375">
        <ele>7.400000095367431640625</ele>
        <time>2026-10-04T06:08:35.000Z</time>
        <extensions>
          <ns3:TrackPointExtension>
            <ns3:hr>78</ns3:hr>
            <ns3:cad>83</ns3:cad>
          </ns3:TrackPointExtension>
        </extensions>
      </trkpt>
      <trkpt lat="31.29616188816726207733154296875" lon="121.5084308199584484100341796875">
        <ele>7.599999904632568359375</ele>
        <time>2026-10-04T06:08:36.000Z</time>
        <extensions>
          <ns3:TrackPointExtension>
            <ns3:hr>83</ns3:hr>
            <ns3:cad>83</ns3:cad>
          </ns3:TrackPointExtension>
        </extensions>
      </trkpt>
      <trkpt lat="31.29614210687577724456787109375" lon="121.508415900170803070068359375">
        <ele>7.80000019073486328125</ele>
        <time>2026-10-04T06:08:37.000Z</time>
        <extensions>
          <ns3:TrackPointExtension>
            <ns3:hr>83</ns3:hr>
            <ns3:cad>83</ns3:cad>
          </ns3:TrackPointExtension>
        </extensions>
      </trkpt>
      <trkpt lat="31.29612182267010211944580078125" lon="121.50839989073574542999267578125">
        <ele>7.80000019073486328125</ele>
        <time>2026-10-04T06:08:38.000Z</time>
        <extensions>
          <ns3:TrackPointExtension>
            <ns3:hr>86</ns3:hr>
            <ns3:cad>83</ns3:cad>
          </ns3:TrackPointExtension>
        </extensions>
      </trkpt>
      <trkpt lat="31.29610304720699787139892578125" lon="121.50838664732873439788818359375">
        <ele>8</ele>
        <time>2026-10-04T06:08:39.000Z</time>
        <extensions>
          <ns3:TrackPointExtension>
            <ns3:hr>89</ns3:hr>
            <ns3:cad>83</ns3:cad>
          </ns3:TrackPointExtension>
        </extensions>
      </trkpt>
      <trkpt lat="31.29605828784406185150146484375" lon="121.50834725238382816314697265625">
        <ele>8</ele>
        <time>2026-10-04T06:08:41.000Z</time>
        <extensions>
          <ns3:TrackPointExtension>
            <ns3:hr>92</ns3:hr>
            <ns3:cad>83</ns3:cad>
          </ns3:TrackPointExtension>
        </extensions>
      </trkpt>
      <trkpt lat="31.29602056927978992462158203125" lon="121.50831607170403003692626953125">
        <ele>7.80000019073486328125</ele>
        <time>2026-10-04T06:08:43.000Z</time>
        <extensions>
          <ns3:TrackPointExtension>
            <ns3:hr>95</ns3:hr>
            <ns3:cad>82</ns3:cad>
          </ns3:TrackPointExtension>
        </extensions>
      </trkpt>
      <trkpt lat="31.2960032187402248382568359375" lon="121.5083014033734798431396484375">
        <ele>7.80000019073486328125</ele>
        <time>2026-10-04T06:08:44.000Z</time>
        <extensions>
          <ns3:TrackPointExtension>
            <ns3:hr>97</ns3:hr>
            <ns3:cad>83</ns3:cad>
          </ns3:TrackPointExtension>
        </extensions>
      </trkpt>
      <trkpt lat="31.2959425337612628936767578125" lon="121.50825069285929203033447265625">
        <ele>7.599999904632568359375</ele>
        <time>2026-10-04T06:08:47.000Z</time>
        <extensions>
          <ns3:TrackPointExtension>
            <ns3:hr>100</ns3:hr>
            <ns3:cad>82</ns3:cad>
          </ns3:TrackPointExtension>
        </extensions>
      </trkpt>
      <trkpt lat="31.29585913382470607757568359375" lon="121.5081949532032012939453125">
        <ele>7.400000095367431640625</ele>
        <time>2026-10-04T06:08:51.000Z</time>
        <extensions>
          <ns3:TrackPointExtension>
            <ns3:hr>102</ns3:hr>
            <ns3:cad>83</ns3:cad>
          </ns3:TrackPointExtension>
        </extensions>
      </trkpt>
      <trkpt lat="31.29568981938064098358154296875" lon="121.50807500816881656646728515625">
        <ele>6.599999904632568359375</ele>
        <time>2026-10-04T06:08:59.000Z</time>
        <extensions>
          <ns3:TrackPointExtension>
            <ns3:hr>103</ns3:hr>
            <ns3:cad>82</ns3:cad>
          </ns3:TrackPointExtension>
        </extensions>
      </trkpt>
      <trkpt lat="31.29555386491119861602783203125" lon="121.50798917748034000396728515625">
        <ele>6.19999980926513671875</ele>
        <time>2026-10-04T06:09:06.000Z</time>
        <extensions>
          <ns3:TrackPointExtension>
            <ns3:hr>105</ns3:hr>
            <ns3:cad>82</ns3:cad>
          </ns3:TrackPointExtension>
        </extensions>
      </trkpt>
      <trkpt lat="31.29546987824141979217529296875" lon="121.50793989188969135284423828125">
        <ele>6</ele>
        <time>2026-10-04T06:09:10.000Z</time>
        <extensions>
          <ns3:TrackPointExtension>
            <ns3:hr>108</ns3:hr>
            <ns3:cad>83</ns3:cad>
          </ns3:TrackPointExtension>
        </extensions>
      </trkpt>
      <trkpt lat="31.295428387820720672607421875" lon="121.50790753774344921112060546875">
        <ele>6</ele>
        <time>2026-10-04T06:09:12.000Z</time>
        <extensions>
          <ns3:TrackPointExtension>
            <ns3:hr>109</ns3:hr>
            <ns3:cad>83</ns3:cad>
          </ns3:TrackPointExtension>
        </extensions>
      </trkpt>
      <trkpt lat="31.29525915719568729400634765625" lon="121.50783780030906200408935546875">
        <ele>6</ele>
        <time>2026-10-04T06:09:21.000Z</time>
        <extensions>
          <ns3:TrackPointExtension>
            <ns3:hr>112</ns3:hr>
            <ns3:cad>82</ns3:cad>
          </ns3:TrackPointExtension>
        </extensions>
      </trkpt>
      <trkpt lat="31.29522814415395259857177734375" lon="121.50780737400054931640625">
        <ele>6</ele>
        <time>2026-10-04T06:09:23.000Z</time>
        <extensions>
          <ns3:TrackPointExtension>
            <ns3:hr>113</ns3:hr>
            <ns3:cad>82</ns3:cad>
          </ns3:TrackPointExtension>
        </extensions>
      </trkpt>
      <trkpt lat="31.29516226239502429962158203125" lon="121.5077891014516353607177734375">
        <ele>5.80000019073486328125</ele>
        <time>2026-10-04T06:09:26.000Z</time>
        <extensions>
          <ns3:TrackPointExtension>
            <ns3:hr>114</ns3:hr>
            <ns3:cad>82</ns3:cad>
          </ns3:TrackPointExtension>
        </extensions>
      </trkpt>
      <trkpt lat="31.29501407034695148468017578125" lon="121.50771860964596271514892578125">
        <ele>5.599999904632568359375</ele>
        <time>2026-10-04T06:09:33.000Z</time>
        <extensions>
          <ns3:TrackPointExtension>
            <ns3:hr>115</ns3:hr>
            <ns3:cad>83</ns3:cad>
          </ns3:TrackPointExtension>
        </extensions>
      </trkpt>
      <trkpt lat="31.29489362239837646484375" lon="121.50769581086933612823486328125">
        <ele>5.80000019073486328125</ele>
        <time>2026-10-04T06:09:40.000Z</time>
        <extensions>
          <ns3:TrackPointExtension>
            <ns3:hr>115</ns3:hr>
            <ns3:cad>82</ns3:cad>
          </ns3:TrackPointExtension>
        </extensions>
      </trkpt>
      <trkpt lat="31.2947942130267620086669921875" lon="121.50763546116650104522705078125">
        <ele>6.19999980926513671875</ele>
        <time>2026-10-04T06:09:45.000Z</time>
        <extensions>
          <ns3:TrackPointExtension>
            <ns3:hr>115</ns3:hr>
            <ns3:cad>83</ns3:cad>
          </ns3:TrackPointExtension>
        </extensions>
      </trkpt>
      <trkpt lat="31.29461467266082763671875" lon="121.507565639913082122802734375">
        <ele>7</ele>
        <time>2026-10-04T06:09:52.000Z</time>
        <extensions>
          <ns3:TrackPointExtension>
            <ns3:hr>115</ns3:hr>
            <ns3:cad>83</ns3:cad>
          </ns3:TrackPointExtension>
        </extensions>
      </trkpt>
      <trkpt lat="31.29458609037101268768310546875" lon="121.50756538845598697662353515625">
        <ele>7</ele>
        <time>2026-10-04T06:09:54.000Z</time>
        <extensions>
          <ns3:TrackPointExtension>
            <ns3:hr>115</ns3:hr>
            <ns3:cad>82</ns3:cad>
          </ns3:TrackPointExtension>
        </extensions>
      </trkpt>
      <trkpt lat="31.29449464380741119384765625" lon="121.50749447755515575408935546875">
        <ele>7</ele>
        <time>2026-10-04T06:09:59.000Z</time>
        <extensions>
          <ns3:TrackPointExtension>
            <ns3:hr>115</ns3:hr>
            <ns3:cad>83</ns3:cad>
          </ns3:TrackPointExtension>
        </extensions>
      </trkpt>
      <trkpt lat="31.29432566463947296142578125" lon="121.50740839540958404541015625">
        <ele>6.599999904632568359375</ele>
        <time>2026-10-04T06:10:07.000Z</time>
        <extensions>
          <ns3:TrackPointExtension>
            <ns3:hr>114</ns3:hr>
            <ns3:cad>82</ns3:cad>
          </ns3:TrackPointExtension>
        </extensions>
      </trkpt>
      <trkpt lat="31.29415090195834636688232421875" lon="121.50730538181960582733154296875">
        <ele>6</ele>
        <time>2026-10-04T06:10:15.000Z</time>
        <extensions>
          <ns3:TrackPointExtension>
            <ns3:hr>116</ns3:hr>
            <ns3:cad>82</ns3:cad>
          </ns3:TrackPointExtension>
        </extensions>
      </trkpt>
      <trkpt lat="31.294040344655513763427734375" lon="121.507222652435302734375">
        <ele>5.80000019073486328125</ele>
        <time>2026-10-04T06:10:21.000Z</time>
        <extensions>
          <ns3:TrackPointExtension>
            <ns3:hr>116</ns3:hr>
            <ns3:cad>82</ns3:cad>
          </ns3:TrackPointExtension>
        </extensions>
      </trkpt>
      <trkpt lat="31.2939744628965854644775390625" lon="121.50722726248204708099365234375">
        <ele>5.599999904632568359375</ele>
        <time>2026-10-04T06:10:28.000Z</time>
        <extensions>
          <ns3:TrackPointExtension>
            <ns3:hr>116</ns3:hr>
            <ns3:cad>0</ns3:cad>
          </ns3:TrackPointExtension>
        </extensions>
      </trkpt>
      <trkpt lat="31.29392442293465137481689453125" lon="121.50726079009473323822021484375">
        <ele>5.19999980926513671875</ele>
        <time>2026-10-04T06:10:35.000Z</time>
        <extensions>
          <ns3:TrackPointExtension>
            <ns3:hr>116</ns3:hr>
            <ns3:cad>54</ns3:cad>
          </ns3:TrackPointExtension>
        </extensions>
      </trkpt>
      <trkpt lat="31.29390195943415164947509765625" lon="121.50729465298354625701904296875">
        <ele>5.19999980926513671875</ele>
        <time>2026-10-04T06:10:38.000Z</time>
        <extensions>
          <ns3:TrackPointExtension>
            <ns3:hr>117</ns3:hr>
            <ns3:cad>52</ns3:cad>
          </ns3:TrackPointExtension>
        </extensions>
      </trkpt>
      <trkpt lat="31.29387547262012958526611328125" lon="121.50733840651810169219970703125">
        <ele>5</ele>
        <time>2026-10-04T06:10:40.000Z</time>
        <extensions>
          <ns3:TrackPointExtension>
            <ns3:hr>117</ns3:hr>
            <ns3:cad>82</ns3:cad>
          </ns3:TrackPointExtension>
        </extensions>
      </trkpt>
      <trkpt lat="31.293831802904605865478515625" lon="121.50748006068170070648193359375">
        <ele>5</ele>
        <time>2026-10-04T06:10:45.000Z</time>
        <extensions>
          <ns3:TrackPointExtension>
            <ns3:hr>114</ns3:hr>
            <ns3:cad>83</ns3:cad>
          </ns3:TrackPointExtension>
        </extensions>
      </trkpt>
      <trkpt lat="31.29381897859275341033935546875" lon="121.5075071342289447784423828125">
        <ele>4.80000019073486328125</ele>
        <time>2026-10-04T06:10:46.000Z</time>
        <extensions>
          <ns3:TrackPointExtension>
            <ns3:hr>112</ns3:hr>
            <ns3:cad>82</ns3:cad>
          </ns3:TrackPointExtension>
        </extensions>
      </trkpt>
      <trkpt lat="31.29380774684250354766845703125" lon="121.5075646340847015380859375">
        <ele>5.19999980926513671875</ele>
        <time>2026-10-04T06:10:48.000Z</time>
        <extensions>
          <ns3:TrackPointExtension>
            <ns3:hr>107</ns3:hr>
            <ns3:cad>83</ns3:cad>
          </ns3:TrackPointExtension>
        </extensions>
      </trkpt>
      <trkpt lat="31.2937769852578639984130859375" lon="121.50763412006199359893798828125">
        <ele>5.599999904632568359375</ele>
        <time>2026-10-04T06:10:51.000Z</time>
        <extensions>
          <ns3:TrackPointExtension>
            <ns3:hr>104</ns3:hr>
            <ns3:cad>83</ns3:cad>
          </ns3:TrackPointExtension>
        </extensions>
      </trkpt>
      <trkpt lat="31.29375980235636234283447265625" lon="121.50765775702893733978271484375">
        <ele>5.80000019073486328125</ele>
        <time>2026-10-04T06:10:52.000Z</time>
        <extensions>
          <ns3:TrackPointExtension>
            <ns3:hr>103</ns3:hr>
            <ns3:cad>83</ns3:cad>
          </ns3:TrackPointExtension>
        </extensions>
      </trkpt>
      <trkpt lat="31.293723173439502716064453125" lon="121.50772623717784881591796875">
        <ele>6.19999980926513671875</ele>
        <time>2026-10-04T06:10:55.000Z</time>
        <extensions>
          <ns3:TrackPointExtension>
            <ns3:hr>103</ns3:hr>
            <ns3:cad>83</ns3:cad>
          </ns3:TrackPointExtension>
        </extensions>
      </trkpt>
      <trkpt lat="31.2936981953680515289306640625" lon="121.50777409784495830535888671875">
        <ele>6.80000019073486328125</ele>
        <time>2026-10-04T06:10:57.000Z</time>
        <extensions>
          <ns3:TrackPointExtension>
            <ns3:hr>104</ns3:hr>
            <ns3:cad>83</ns3:cad>
          </ns3:TrackPointExtension>
        </extensions>
      </trkpt>
      <trkpt lat="31.29365066997706890106201171875" lon="121.50789764709770679473876953125">
        <ele>8</ele>
        <time>2026-10-04T06:11:02.000Z</time>
        <extensions>
          <ns3:TrackPointExtension>
            <ns3:hr>107</ns3:hr>
            <ns3:cad>83</ns3:cad>
          </ns3:TrackPointExtension>
        </extensions>
      </trkpt>
      <trkpt lat="31.2936415337026119232177734375" lon="121.5079235471785068511962890625">
        <ele>8.19999980926513671875</ele>
        <time>2026-10-04T06:11:03.000Z</time>
        <extensions>
          <ns3:TrackPointExtension>
            <ns3:hr>108</ns3:hr>
            <ns3:cad>83</ns3:cad>
          </ns3:TrackPointExtension>
        </extensions>
      </trkpt>
      <trkpt lat="31.29359702579677104949951171875" lon="121.5080305002629756927490234375">
        <ele>8.6000003814697265625</ele>
        <time>2026-10-04T06:11:08.000Z</time>
        <extensions>
          <ns3:TrackPointExtension>
            <ns3:hr>111</ns3:hr>
            <ns3:cad>83</ns3:cad>
          </ns3:TrackPointExtension>
        </extensions>
      </trkpt>
      <trkpt lat="31.293584369122982025146484375" lon="121.50804969482123851776123046875">
        <ele>8.80000019073486328125</ele>
        <time>2026-10-04T06:11:10.000Z</time>
        <extensions>
          <ns3:TrackPointExtension>
            <ns3:hr>111</ns3:hr>
            <ns3:cad>83</ns3:cad>
          </ns3:TrackPointExtension>
        </extensions>
      </trkpt>
      <trkpt lat="31.2935506738722324371337890625" lon="121.50812144391238689422607421875">
        <ele>9.19999980926513671875</ele>
        <time>2026-10-04T06:11:15.000Z</time>
        <extensions>
          <ns3:TrackPointExtension>
            <ns3:hr>109</ns3:hr>
            <ns3:cad>78</ns3:cad>
          </ns3:TrackPointExtension>
        </extensions>
      </trkpt>
      <trkpt lat="31.29348873160779476165771484375" lon="121.50828388519585132598876953125">
        <ele>9.6000003814697265625</ele>
        <time>2026-10-04T06:11:22.000Z</time>
        <extensions>
          <ns3:TrackPointExtension>
            <ns3:hr>110</ns3:hr>
            <ns3:cad>83</ns3:cad>
          </ns3:TrackPointExtension>
        </extensions>
      </trkpt>
      <trkpt lat="31.29345218650996685028076171875" lon="121.50844766758382320404052734375">
        <ele>9.80000019073486328125</ele>
        <time>2026-10-04T06:11:29.000Z</time>
        <extensions>
          <ns3:TrackPointExtension>
            <ns3:hr>111</ns3:hr>
            <ns3:cad>82</ns3:cad>
          </ns3:TrackPointExtension>
        </extensions>
      </trkpt>
      <trkpt lat="31.29344816319644451141357421875" lon="121.50846426375210285186767578125">
        <ele>9.80000019073486328125</ele>
        <time>2026-10-04T06:11:30.000Z</time>
        <extensions>
          <ns3:TrackPointExtension>
            <ns3:hr>111</ns3:hr>
            <ns3:cad>82</ns3:cad>
          </ns3:TrackPointExtension>
        </extensions>
      </trkpt>
      <trkpt lat="31.29343089647591114044189453125" lon="121.50849762372672557830810546875">
        <ele>9.80000019073486328125</ele>
        <time>2026-10-04T06:11:33.000Z</time>
        <extensions>
          <ns3:TrackPointExtension>
            <ns3:hr>111</ns3:hr>
            <ns3:cad>81</ns3:cad>
          </ns3:TrackPointExtension>
        </extensions>
      </trkpt>
      <trkpt lat="31.2934259511530399322509765625" lon="121.5085065923631191253662109375">
        <ele>9.80000019073486328125</ele>
        <time>2026-10-04T06:11:34.000Z</time>
        <extensions>
          <ns3:TrackPointExtension>
            <ns3:hr>111</ns3:hr>
            <ns3:cad>81</ns3:cad>
          </ns3:TrackPointExtension>
        </extensions>
      </trkpt>
      <trkpt lat="31.2933974526822566986083984375" lon="121.50853115133941173553466796875">
        <ele>9.6000003814697265625</ele>
        <time>2026-10-04T06:11:37.000Z</time>
        <extensions>
          <ns3:TrackPointExtension>
            <ns3:hr>111</ns3:hr>
            <ns3:cad>0</ns3:cad>
          </ns3:TrackPointExtension>
        </extensions>
      </trkpt>
      <trkpt lat="31.29338546656072139739990234375" lon="121.508578844368457794189453125">
        <ele>9.19999980926513671875</ele>
        <time>2026-10-04T06:11:40.000Z</time>
        <extensions>
          <ns3:TrackPointExtension>
            <ns3:hr>108</ns3:hr>
            <ns3:cad>55</ns3:cad>
          </ns3:TrackPointExtension>
        </extensions>
      </trkpt>
      <trkpt lat="31.29338555037975311279296875" lon="121.50858990848064422607421875">
        <ele>9.19999980926513671875</ele>
        <time>2026-10-04T06:11:41.000Z</time>
        <extensions>
          <ns3:TrackPointExtension>
            <ns3:hr>108</ns3:hr>
            <ns3:cad>55</ns3:cad>
          </ns3:TrackPointExtension>
        </extensions>
      </trkpt>
      <trkpt lat="31.293385885655879974365234375" lon="121.50859686546027660369873046875">
        <ele>9</ele>
        <time>2026-10-04T06:11:42.000Z</time>
        <extensions>
          <ns3:TrackPointExtension>
            <ns3:hr>106</ns3:hr>
            <ns3:cad>55</ns3:cad>
          </ns3:TrackPointExtension>
        </extensions>
      </trkpt>
      <trkpt lat="31.2933687865734100341796875" lon="121.50863206945359706878662109375">
        <ele>8.80000019073486328125</ele>
        <time>2026-10-04T06:11:46.000Z</time>
        <extensions>
          <ns3:TrackPointExtension>
            <ns3:hr>104</ns3:hr>
            <ns3:cad>54</ns3:cad>
          </ns3:TrackPointExtension>
        </extensions>
      </trkpt>
      <trkpt lat="31.2933612428605556488037109375" lon="121.50865168310701847076416015625">
        <ele>8.6000003814697265625</ele>
        <time>2026-10-04T06:11:47.000Z</time>
        <extensions>
          <ns3:TrackPointExtension>
            <ns3:hr>104</ns3:hr>
            <ns3:cad>55</ns3:cad>
          </ns3:TrackPointExtension>
        </extensions>
      </trkpt>
      <trkpt lat="31.29335395060479640960693359375" lon="121.5086668543517589569091796875">
        <ele>8.6000003814697265625</ele>
        <time>2026-10-04T06:11:50.000Z</time>
        <extensions>
          <ns3:TrackPointExtension>
            <ns3:hr>101</ns3:hr>
            <ns3:cad>54</ns3:cad>
          </ns3:TrackPointExtension>
        </extensions>
      </trkpt>
      <trkpt lat="31.29328253678977489471435546875" lon="121.50876550935208797454833984375">
        <ele>8.19999980926513671875</ele>
        <time>2026-10-04T06:11:56.000Z</time>
        <extensions>
          <ns3:TrackPointExtension>
            <ns3:hr>101</ns3:hr>
            <ns3:cad>82</ns3:cad>
          </ns3:TrackPointExtension>
        </extensions>
      </trkpt>
      <trkpt lat="31.2932224385440349578857421875" lon="121.5089406073093414306640625">
        <ele>7.80000019073486328125</ele>
        <time>2026-10-04T06:12:02.000Z</time>
        <extensions>
          <ns3:TrackPointExtension>
            <ns3:hr>100</ns3:hr>
            <ns3:cad>84</ns3:cad>
          </ns3:TrackPointExtension>
        </extensions>
      </trkpt>
      <trkpt lat="31.2931684590876102447509765625" lon="121.50905703194439411163330078125">
        <ele>8</ele>
        <time>2026-10-04T06:12:07.000Z</time>
        <extensions>
          <ns3:TrackPointExtension>
            <ns3:hr>97</ns3:hr>
            <ns3:cad>84</ns3:cad>
          </ns3:TrackPointExtension>
        </extensions>
      </trkpt>
      <trkpt lat="31.29313434474170207977294921875" lon="121.50914252735674381256103515625">
        <ele>8.19999980926513671875</ele>
        <time>2026-10-04T06:12:10.000Z</time>
        <extensions>
          <ns3:TrackPointExtension>
            <ns3:hr>97</ns3:hr>
            <ns3:cad>83</ns3:cad>
          </ns3:TrackPointExtension>
        </extensions>
      </trkpt>
      <trkpt lat="31.293088160455226898193359375" lon="121.509306393563747406005859375">
        <ele>8.3999996185302734375</ele>
        <time>2026-10-04T06:12:16.000Z</time>
        <extensions>
          <ns3:TrackPointExtension>
            <ns3:hr>98</ns3:hr>
            <ns3:cad>83</ns3:cad>
          </ns3:TrackPointExtension>
        </extensions>
      </trkpt>
      <trkpt lat="31.293053291738033294677734375" lon="121.50936297141015529632568359375">
        <ele>8.80000019073486328125</ele>
        <time>2026-10-04T06:12:19.000Z</time>
        <extensions>
          <ns3:TrackPointExtension>
            <ns3:hr>101</ns3:hr>
            <ns3:cad>83</ns3:cad>
          </ns3:TrackPointExtension>
        </extensions>
      </trkpt>
      <trkpt lat="31.29304088652133941650390625" lon="121.5093863569200038909912109375">
        <ele>8.80000019073486328125</ele>
        <time>2026-10-04T06:12:21.000Z</time>
        <extensions>
          <ns3:TrackPointExtension>
            <ns3:hr>102</ns3:hr>
            <ns3:cad>83</ns3:cad>
          </ns3:TrackPointExtension>
        </extensions>
      </trkpt>
      <trkpt lat="31.29302990622818470001220703125" lon="121.509403623640537261962890625">
        <ele>9</ele>
        <time>2026-10-04T06:12:23.000Z</time>
        <extensions>
          <ns3:TrackPointExtension>
            <ns3:hr>103</ns3:hr>
            <ns3:cad>0</ns3:cad>
          </ns3:TrackPointExtension>
        </extensions>
      </trkpt>
      <trkpt lat="31.29300408996641635894775390625" lon="121.50942499749362468719482421875">
        <ele>9</ele>
        <time>2026-10-04T06:12:26.000Z</time>
        <extensions>
          <ns3:TrackPointExtension>
            <ns3:hr>106</ns3:hr>
            <ns3:cad>0</ns3:cad>
          </ns3:TrackPointExtension>
        </extensions>
      </trkpt>
      <trkpt lat="31.2929783575236797332763671875" lon="121.50948149152100086212158203125">
        <ele>9</ele>
        <time>2026-10-04T06:12:31.000Z</time>
        <extensions>
          <ns3:TrackPointExtension>
            <ns3:hr>106</ns3:hr>
            <ns3:cad>58</ns3:cad>
          </ns3:TrackPointExtension>
        </extensions>
      </trkpt>
      <trkpt lat="31.29295027814805507659912109375" lon="121.50954100303351879119873046875">
        <ele>8.6000003814697265625</ele>
        <time>2026-10-04T06:12:35.000Z</time>
        <extensions>
          <ns3:TrackPointExtension>
            <ns3:hr>107</ns3:hr>
            <ns3:cad>57</ns3:cad>
          </ns3:TrackPointExtension>
        </extensions>
      </trkpt>
      <trkpt lat="31.29292613826692104339599609375" lon="121.5095526538789272308349609375">
        <ele>8.6000003814697265625</ele>
        <time>2026-10-04T06:12:37.000Z</time>
        <extensions>
          <ns3:TrackPointExtension>
            <ns3:hr>106</ns3:hr>
            <ns3:cad>58</ns3:cad>
          </ns3:TrackPointExtension>
        </extensions>
      </trkpt>
      <trkpt lat="31.29290484823286533355712890625" lon="121.5095667354762554168701171875">
        <ele>8.3999996185302734375</ele>
        <time>2026-10-04T06:12:41.000Z</time>
        <extensions>
          <ns3:TrackPointExtension>
            <ns3:hr>105</ns3:hr>
            <ns3:cad>55</ns3:cad>
          </ns3:TrackPointExtension>
        </extensions>
      </trkpt>
      <trkpt lat="31.29286025650799274444580078125" lon="121.50959716178476810455322265625">
        <ele>8.19999980926513671875</ele>
        <time>2026-10-04T06:12:45.000Z</time>
        <extensions>
          <ns3:TrackPointExtension>
            <ns3:hr>102</ns3:hr>
            <ns3:cad>54</ns3:cad>
          </ns3:TrackPointExtension>
        </extensions>
      </trkpt>
      <trkpt lat="31.29285313189029693603515625" lon="121.5096109919250011444091796875">
        <ele>8.19999980926513671875</ele>
        <time>2026-10-04T06:12:46.000Z</time>
        <extensions>
          <ns3:TrackPointExtension>
            <ns3:hr>101</ns3:hr>
            <ns3:cad>55</ns3:cad>
          </ns3:TrackPointExtension>
        </extensions>
      </trkpt>
      <trkpt lat="31.2928532995283603668212890625" lon="121.509672515094280242919921875">
        <ele>7.80000019073486328125</ele>
        <time>2026-10-04T06:12:49.000Z</time>
        <extensions>
          <ns3:TrackPointExtension>
            <ns3:hr>98</ns3:hr>
            <ns3:cad>55</ns3:cad>
          </ns3:TrackPointExtension>
        </extensions>
      </trkpt>
      <trkpt lat="31.29286813549697399139404296875" lon="121.50971249677240848541259765625">
        <ele>7.400000095367431640625</ele>
        <time>2026-10-04T06:12:51.000Z</time>
        <extensions>
          <ns3:TrackPointExtension>
            <ns3:hr>97</ns3:hr>
            <ns3:cad>54</ns3:cad>
          </ns3:TrackPointExtension>
        </extensions>
      </trkpt>
      <trkpt lat="31.29286662675440311431884765625" lon="121.50973655283451080322265625">
        <ele>7.19999980926513671875</ele>
        <time>2026-10-04T06:12:53.000Z</time>
        <extensions>
          <ns3:TrackPointExtension>
            <ns3:hr>96</ns3:hr>
            <ns3:cad>57</ns3:cad>
          </ns3:TrackPointExtension>
        </extensions>
      </trkpt>
      <trkpt lat="31.292829327285289764404296875" lon="121.509813331067562103271484375">
        <ele>6.80000019073486328125</ele>
        <time>2026-10-04T06:12:59.000Z</time>
        <extensions>
          <ns3:TrackPointExtension>
            <ns3:hr>95</ns3:hr>
            <ns3:cad>57</ns3:cad>
          </ns3:TrackPointExtension>
        </extensions>
      </trkpt>
      <trkpt lat="31.29279856570065021514892578125" lon="121.50984392501413822174072265625">
        <ele>6.599999904632568359375</ele>
        <time>2026-10-04T06:13:02.000Z</time>
        <extensions>
          <ns3:TrackPointExtension>
            <ns3:hr>94</ns3:hr>
            <ns3:cad>55</ns3:cad>
          </ns3:TrackPointExtension>
        </extensions>
      </trkpt>
      <trkpt lat="31.29280644468963146209716796875" lon="121.5098607726395130157470703125">
        <ele>6.400000095367431640625</ele>
        <time>2026-10-04T06:13:04.000Z</time>
        <extensions>
          <ns3:TrackPointExtension>
            <ns3:hr>94</ns3:hr>
            <ns3:cad>55</ns3:cad>
          </ns3:TrackPointExtension>
        </extensions>
      </trkpt>
      <trkpt lat="31.2927714921534061431884765625" lon="121.509902514517307281494140625">
        <ele>5.80000019073486328125</ele>
        <time>2026-10-04T06:13:10.000Z</time>
        <extensions>
          <ns3:TrackPointExtension>
            <ns3:hr>92</ns3:hr>
            <ns3:cad>55</ns3:cad>
          </ns3:TrackPointExtension>
        </extensions>
      </trkpt>
      <trkpt lat="31.29275632090866565704345703125" lon="121.50993009097874164581298828125">
        <ele>5.400000095367431640625</ele>
        <time>2026-10-04T06:13:13.000Z</time>
        <extensions>
          <ns3:TrackPointExtension>
            <ns3:hr>89</ns3:hr>
            <ns3:cad>55</ns3:cad>
          </ns3:TrackPointExtension>
        </extensions>
      </trkpt>
      <trkpt lat="31.292755566537380218505859375" lon="121.5099410712718963623046875">
        <ele>5.19999980926513671875</ele>
        <time>2026-10-04T06:13:14.000Z</time>
        <extensions>
          <ns3:TrackPointExtension>
            <ns3:hr>88</ns3:hr>
            <ns3:cad>55</ns3:cad>
          </ns3:TrackPointExtension>
        </extensions>
      </trkpt>
      <trkpt lat="31.292751543223857879638671875" lon="121.509960182011127471923828125">
        <ele>5</ele>
        <time>2026-10-04T06:13:15.000Z</time>
        <extensions>
          <ns3:TrackPointExtension>
            <ns3:hr>86</ns3:hr>
            <ns3:cad>55</ns3:cad>
          </ns3:TrackPointExtension>
        </extensions>
      </trkpt>
      <trkpt lat="31.2927466817200183868408203125" lon="121.5100002475082874298095703125">
        <ele>4.599999904632568359375</ele>
        <time>2026-10-04T06:13:18.000Z</time>
        <extensions>
          <ns3:TrackPointExtension>
            <ns3:hr>82</ns3:hr>
            <ns3:cad>55</ns3:cad>
          </ns3:TrackPointExtension>
        </extensions>
      </trkpt>
      <trkpt lat="31.29273151047527790069580078125" lon="121.51002086699008941650390625">
        <ele>4.400000095367431640625</ele>
        <time>2026-10-04T06:13:20.000Z</time>
        <extensions>
          <ns3:TrackPointExtension>
            <ns3:hr>79</ns3:hr>
            <ns3:cad>56</ns3:cad>
          </ns3:TrackPointExtension>
        </extensions>
      </trkpt>
      <trkpt lat="31.29271223209798336029052734375" lon="121.51007719337940216064453125">
        <ele>4.19999980926513671875</ele>
        <time>2026-10-04T06:13:23.000Z</time>
        <extensions>
          <ns3:TrackPointExtension>
            <ns3:hr>77</ns3:hr>
            <ns3:cad>56</ns3:cad>
          </ns3:TrackPointExtension>
        </extensions>
      </trkpt>
      <trkpt lat="31.29269161261618137359619140625" lon="121.51012689806520938873291015625">
        <ele>4.400000095367431640625</ele>
        <time>2026-10-04T06:13:25.000Z</time>
        <extensions>
          <ns3:TrackPointExtension>
            <ns3:hr>77</ns3:hr>
            <ns3:cad>56</ns3:cad>
          </ns3:TrackPointExtension>
        </extensions>
      </trkpt>
      <trkpt lat="31.2926823087036609649658203125" lon="121.5102312527596950531005859375">
        <ele>4.599999904632568359375</ele>
        <time>2026-10-04T06:13:30.000Z</time>
        <extensions>
          <ns3:TrackPointExtension>
            <ns3:hr>81</ns3:hr>
            <ns3:cad>55</ns3:cad>
          </ns3:TrackPointExtension>
        </extensions>
      </trkpt>
      <trkpt lat="31.29268004558980464935302734375" lon="121.51026385836303234100341796875">
        <ele>4.599999904632568359375</ele>
        <time>2026-10-04T06:13:31.000Z</time>
        <extensions>
          <ns3:TrackPointExtension>
            <ns3:hr>77</ns3:hr>
            <ns3:cad>55</ns3:cad>
          </ns3:TrackPointExtension>
        </extensions>
      </trkpt>
      <trkpt lat="31.292674429714679718017578125" lon="121.510292775928974151611328125">
        <ele>4.400000095367431640625</ele>
        <time>2026-10-04T06:13:32.000Z</time>
        <extensions>
          <ns3:TrackPointExtension>
            <ns3:hr>76</ns3:hr>
            <ns3:cad>82</ns3:cad>
          </ns3:TrackPointExtension>
        </extensions>
      </trkpt>
      <trkpt lat="31.2926705740392208099365234375" lon="121.5104022435843944549560546875">
        <ele>4.599999904632568359375</ele>
        <time>2026-10-04T06:13:36.000Z</time>
        <extensions>
          <ns3:TrackPointExtension>
            <ns3:hr>77</ns3:hr>
            <ns3:cad>84</ns3:cad>
          </ns3:TrackPointExtension>
        </extensions>
      </trkpt>
      <trkpt lat="31.29266730509698390960693359375" lon="121.51043149642646312713623046875">
        <ele>4.599999904632568359375</ele>
        <time>2026-10-04T06:13:37.000Z</time>
        <extensions>
          <ns3:TrackPointExtension>
            <ns3:hr>79</ns3:hr>
            <ns3:cad>84</ns3:cad>
          </ns3:TrackPointExtension>
        </extensions>
      </trkpt>
      <trkpt lat="31.292643584311008453369140625" lon="121.51049184612929821014404296875">
        <ele>5</ele>
        <time>2026-10-04T06:13:39.000Z</time>
        <extensions>
          <ns3:TrackPointExtension>
            <ns3:hr>84</ns3:hr>
            <ns3:cad>84</ns3:cad>
          </ns3:TrackPointExtension>
        </extensions>
      </trkpt>
      <trkpt lat="31.29261843860149383544921875" lon="121.51057700626552104949951171875">
        <ele>5</ele>
        <time>2026-10-04T06:13:41.000Z</time>
        <extensions>
          <ns3:TrackPointExtension>
            <ns3:hr>89</ns3:hr>
            <ns3:cad>84</ns3:cad>
          </ns3:TrackPointExtension>
        </extensions>
      </trkpt>
      <trkpt lat="31.29261843860149383544921875" lon="121.51057700626552104949951171875">
        <ele>5</ele>
        <time>2026-10-04T06:13:42.000Z</time>
        <extensions>
          <ns3:TrackPointExtension>
            <ns3:hr>89</ns3:hr>
            <ns3:cad>84</ns3:cad>
          </ns3:TrackPointExtension>
        </extensions>
      </trkpt>
      <trkpt lat="31.2926070392131805419921875" lon="121.51062947697937488555908203125">
        <ele>5</ele>
        <time>2026-10-04T06:13:44.000Z</time>
        <extensions>
          <ns3:TrackPointExtension>
            <ns3:hr>91</ns3:hr>
            <ns3:cad>84</ns3:cad>
          </ns3:TrackPointExtension>
        </extensions>
      </trkpt>
      <trkpt lat="31.2926025129854679107666015625" lon="121.5107029862701892852783203125">
        <ele>5</ele>
        <time>2026-10-04T06:13:47.000Z</time>
        <extensions>
          <ns3:TrackPointExtension>
            <ns3:hr>94</ns3:hr>
            <ns3:cad>83</ns3:cad>
          </ns3:TrackPointExtension>
        </extensions>
      </trkpt>
      <trkpt lat="31.2925857491791248321533203125" lon="121.5107886493206024169921875">
        <ele>4.80000019073486328125</ele>
        <time>2026-10-04T06:13:50.000Z</time>
        <extensions>
          <ns3:TrackPointExtension>
            <ns3:hr>96</ns3:hr>
            <ns3:cad>84</ns3:cad>
          </ns3:TrackPointExtension>
        </extensions>
      </trkpt>
      <trkpt lat="31.29257594235241413116455078125" lon="121.510894596576690673828125">
        <ele>4.400000095367431640625</ele>
        <time>2026-10-04T06:13:53.000Z</time>
        <extensions>
          <ns3:TrackPointExtension>
            <ns3:hr>97</ns3:hr>
            <ns3:cad>84</ns3:cad>
          </ns3:TrackPointExtension>
        </extensions>
      </trkpt>
      <trkpt lat="31.29257225431501865386962890625" lon="121.510913372039794921875">
        <ele>4.19999980926513671875</ele>
        <time>2026-10-04T06:13:54.000Z</time>
        <extensions>
          <ns3:TrackPointExtension>
            <ns3:hr>97</ns3:hr>
            <ns3:cad>84</ns3:cad>
          </ns3:TrackPointExtension>
        </extensions>
      </trkpt>
      <trkpt lat="31.29256336949765682220458984375" lon="121.5109916590154170989990234375">
        <ele>4</ele>
        <time>2026-10-04T06:13:59.000Z</time>
        <extensions>
          <ns3:TrackPointExtension>
            <ns3:hr>100</ns3:hr>
            <ns3:cad>0</ns3:cad>
          </ns3:TrackPointExtension>
        </extensions>
      </trkpt>
      <trkpt lat="31.292553730309009552001953125" lon="121.51100389659404754638671875">
        <ele>3.7999999523162841796875</ele>
        <time>2026-10-04T06:14:00.000Z</time>
        <extensions>
          <ns3:TrackPointExtension>
            <ns3:hr>100</ns3:hr>
            <ns3:cad>0</ns3:cad>
          </ns3:TrackPointExtension>
        </extensions>
      </trkpt>
      <trkpt lat="31.29254157654941082000732421875" lon="121.5110139548778533935546875">
        <ele>3.7999999523162841796875</ele>
        <time>2026-10-04T06:14:01.000Z</time>
        <extensions>
          <ns3:TrackPointExtension>
            <ns3:hr>100</ns3:hr>
            <ns3:cad>0</ns3:cad>
          </ns3:TrackPointExtension>
        </extensions>
      </trkpt>
      <trkpt lat="31.29252380691468715667724609375" lon="121.5110193192958831787109375">
        <ele>3.599999904632568359375</ele>
        <time>2026-10-04T06:14:07.000Z</time>
        <extensions>
          <ns3:TrackPointExtension>
            <ns3:hr>102</ns3:hr>
            <ns3:cad>0</ns3:cad>
          </ns3:TrackPointExtension>
        </extensions>
      </trkpt>
      <trkpt lat="31.29251760430634021759033203125" lon="121.51100984774529933929443359375">
        <ele>3.7999999523162841796875</ele>
        <time>2026-10-04T06:14:17.000Z</time>
        <extensions>
          <ns3:TrackPointExtension>
            <ns3:hr>102</ns3:hr>
            <ns3:cad>0</ns3:cad>
          </ns3:TrackPointExtension>
        </extensions>
      </trkpt>
      <trkpt lat="31.292495392262935638427734375" lon="121.51099895127117633819580078125">
        <ele>3.599999904632568359375</ele>
        <time>2026-10-04T06:14:29.000Z</time>
        <extensions>
          <ns3:TrackPointExtension>
            <ns3:hr>100</ns3:hr>
            <ns3:cad>78</ns3:cad>
          </ns3:TrackPointExtension>
        </extensions>
      </trkpt>
      <trkpt lat="31.29237092100083827972412109375" lon="121.51098570786416530609130859375">
        <ele>4</ele>
        <time>2026-10-04T06:14:35.000Z</time>
        <extensions>
          <ns3:TrackPointExtension>
            <ns3:hr>99</ns3:hr>
            <ns3:cad>82</ns3:cad>
          </ns3:TrackPointExtension>
        </extensions>
      </trkpt>
      <trkpt lat="31.2923195399343967437744140625" lon="121.51102937757968902587890625">
        <ele>4</ele>
        <time>2026-10-04T06:14:38.000Z</time>
        <extensions>
          <ns3:TrackPointExtension>
            <ns3:hr>95</ns3:hr>
            <ns3:cad>83</ns3:cad>
          </ns3:TrackPointExtension>
        </extensions>
      </trkpt>
      <trkpt lat="31.2922990880906581878662109375" lon="121.51103063486516475677490234375">
        <ele>4.19999980926513671875</ele>
        <time>2026-10-04T06:14:39.000Z</time>
        <extensions>
          <ns3:TrackPointExtension>
            <ns3:hr>94</ns3:hr>
            <ns3:cad>83</ns3:cad>
          </ns3:TrackPointExtension>
        </extensions>
      </trkpt>
      <trkpt lat="31.29226463846862316131591796875" lon="121.511020660400390625">
        <ele>4.19999980926513671875</ele>
        <time>2026-10-04T06:14:41.000Z</time>
        <extensions>
          <ns3:TrackPointExtension>
            <ns3:hr>91</ns3:hr>
            <ns3:cad>82</ns3:cad>
          </ns3:TrackPointExtension>
        </extensions>
      </trkpt>
      <trkpt lat="31.2922102399170398712158203125" lon="121.51104119606316089630126953125">
        <ele>4.400000095367431640625</ele>
        <time>2026-10-04T06:14:44.000Z</time>
        <extensions>
          <ns3:TrackPointExtension>
            <ns3:hr>89</ns3:hr>
            <ns3:cad>83</ns3:cad>
          </ns3:TrackPointExtension>
        </extensions>
      </trkpt>
      <trkpt lat="31.292169503867626190185546875" lon="121.51106114499270915985107421875">
        <ele>4.19999980926513671875</ele>
        <time>2026-10-04T06:14:46.000Z</time>
        <extensions>
          <ns3:TrackPointExtension>
            <ns3:hr>90</ns3:hr>
            <ns3:cad>82</ns3:cad>
          </ns3:TrackPointExtension>
        </extensions>
      </trkpt>
      <trkpt lat="31.2921126745641231536865234375" lon="121.511077992618083953857421875">
        <ele>4</ele>
        <time>2026-10-04T06:14:49.000Z</time>
        <extensions>
          <ns3:TrackPointExtension>
            <ns3:hr>91</ns3:hr>
            <ns3:cad>83</ns3:cad>
          </ns3:TrackPointExtension>
        </extensions>
      </trkpt>
      <trkpt lat="31.292053163051605224609375" lon="121.51107966899871826171875">
        <ele>4.19999980926513671875</ele>
        <time>2026-10-04T06:14:52.000Z</time>
        <extensions>
          <ns3:TrackPointExtension>
            <ns3:hr>94</ns3:hr>
            <ns3:cad>82</ns3:cad>
          </ns3:TrackPointExtension>
        </extensions>
      </trkpt>
      <trkpt lat="31.29201753996312618255615234375" lon="121.51108168065547943115234375">
        <ele>4.400000095367431640625</ele>
        <time>2026-10-04T06:14:54.000Z</time>
        <extensions>
          <ns3:TrackPointExtension>
            <ns3:hr>97</ns3:hr>
            <ns3:cad>82</ns3:cad>
          </ns3:TrackPointExtension>
        </extensions>
      </trkpt>
      <trkpt lat="31.29195501096546649932861328125" lon="121.51107556186616420745849609375">
        <ele>4.599999904632568359375</ele>
        <time>2026-10-04T06:14:57.000Z</time>
        <extensions>
          <ns3:TrackPointExtension>
            <ns3:hr>101</ns3:hr>
            <ns3:cad>82</ns3:cad>
          </ns3:TrackPointExtension>
        </extensions>
      </trkpt>
      <trkpt lat="31.29191176034510135650634765625" lon="121.51106868870556354522705078125">
        <ele>4.599999904632568359375</ele>
        <time>2026-10-04T06:14:59.000Z</time>
        <extensions>
          <ns3:TrackPointExtension>
            <ns3:hr>103</ns3:hr>
            <ns3:cad>82</ns3:cad>
          </ns3:TrackPointExtension>
        </extensions>
      </trkpt>
      <trkpt lat="31.2917193956673145294189453125" lon="121.51105980388820171356201171875">
        <ele>5.400000095367431640625</ele>
        <time>2026-10-04T06:15:08.000Z</time>
        <extensions>
          <ns3:TrackPointExtension>
            <ns3:hr>104</ns3:hr>
            <ns3:cad>82</ns3:cad>
          </ns3:TrackPointExtension>
        </extensions>
      </trkpt>
      <trkpt lat="31.2916037254035472869873046875" lon="121.51105293072760105133056640625">
        <ele>5.599999904632568359375</ele>
        <time>2026-10-04T06:15:13.000Z</time>
        <extensions>
          <ns3:TrackPointExtension>
            <ns3:hr>104</ns3:hr>
            <ns3:cad>83</ns3:cad>
          </ns3:TrackPointExtension>
        </extensions>
      </trkpt>
      <trkpt lat="31.291585452854633331298828125" lon="121.51105276308953762054443359375">
        <ele>5.599999904632568359375</ele>
        <time>2026-10-04T06:15:14.000Z</time>
        <extensions>
          <ns3:TrackPointExtension>
            <ns3:hr>104</ns3:hr>
            <ns3:cad>83</ns3:cad>
          </ns3:TrackPointExtension>
        </extensions>
      </trkpt>
      <trkpt lat="31.2914853729307651519775390625" lon="121.511060558259487152099609375">
        <ele>5.80000019073486328125</ele>
        <time>2026-10-04T06:15:18.000Z</time>
        <extensions>
          <ns3:TrackPointExtension>
            <ns3:hr>107</ns3:hr>
            <ns3:cad>83</ns3:cad>
          </ns3:TrackPointExtension>
        </extensions>
      </trkpt>
      <trkpt lat="31.29142510704696178436279296875" lon="121.51106768287718296051025390625">
        <ele>6</ele>
        <time>2026-10-04T06:15:21.000Z</time>
        <extensions>
          <ns3:TrackPointExtension>
            <ns3:hr>108</ns3:hr>
            <ns3:cad>83</ns3:cad>
          </ns3:TrackPointExtension>
        </extensions>
      </trkpt>
      <trkpt lat="31.29123508930206298828125" lon="121.51107304729521274566650390625">
        <ele>7.19999980926513671875</ele>
        <time>2026-10-04T06:15:29.000Z</time>
        <extensions>
          <ns3:TrackPointExtension>
            <ns3:hr>111</ns3:hr>
            <ns3:cad>83</ns3:cad>
          </ns3:TrackPointExtension>
        </extensions>
      </trkpt>
      <trkpt lat="31.2911430560052394866943359375" lon="121.5110483206808567047119140625">
        <ele>7.400000095367431640625</ele>
        <time>2026-10-04T06:15:33.000Z</time>
        <extensions>
          <ns3:TrackPointExtension>
            <ns3:hr>114</ns3:hr>
            <ns3:cad>83</ns3:cad>
          </ns3:TrackPointExtension>
        </extensions>
      </trkpt>
      <trkpt lat="31.291031576693058013916015625" lon="121.511044800281524658203125">
        <ele>7.599999904632568359375</ele>
        <time>2026-10-04T06:15:38.000Z</time>
        <extensions>
          <ns3:TrackPointExtension>
            <ns3:hr>117</ns3:hr>
            <ns3:cad>83</ns3:cad>
          </ns3:TrackPointExtension>
        </extensions>
      </trkpt>
      <trkpt lat="31.29088564775884151458740234375" lon="121.51105896569788455963134765625">
        <ele>7</ele>
        <time>2026-10-04T06:15:44.000Z</time>
        <extensions>
          <ns3:TrackPointExtension>
            <ns3:hr>117</ns3:hr>
            <ns3:cad>84</ns3:cad>
          </ns3:TrackPointExtension>
        </extensions>
      </trkpt>
      <trkpt lat="31.29077450372278690338134765625" lon="121.5110654197633266448974609375">
        <ele>6.19999980926513671875</ele>
        <time>2026-10-04T06:15:48.000Z</time>
        <extensions>
          <ns3:TrackPointExtension>
            <ns3:hr>117</ns3:hr>
            <ns3:cad>83</ns3:cad>
          </ns3:TrackPointExtension>
        </extensions>
      </trkpt>
      <trkpt lat="31.290578953921794891357421875" lon="121.5110863745212554931640625">
        <ele>4.80000019073486328125</ele>
        <time>2026-10-04T06:15:55.000Z</time>
        <extensions>
          <ns3:TrackPointExtension>
            <ns3:hr>117</ns3:hr>
            <ns3:cad>84</ns3:cad>
          </ns3:TrackPointExtension>
        </extensions>
      </trkpt>
      <trkpt lat="31.29055917263031005859375" lon="121.511096768081188201904296875">
        <ele>4.599999904632568359375</ele>
        <time>2026-10-04T06:15:56.000Z</time>
        <extensions>
          <ns3:TrackPointExtension>
            <ns3:hr>117</ns3:hr>
            <ns3:cad>83</ns3:cad>
          </ns3:TrackPointExtension>
        </extensions>
      </trkpt>
      <trkpt lat="31.29039530642330646514892578125" lon="121.51111629791557788848876953125">
        <ele>3.599999904632568359375</ele>
        <time>2026-10-04T06:16:04.000Z</time>
        <extensions>
          <ns3:TrackPointExtension>
            <ns3:hr>120</ns3:hr>
            <ns3:cad>83</ns3:cad>
          </ns3:TrackPointExtension>
        </extensions>
      </trkpt>
      <trkpt lat="31.2903772853314876556396484375" lon="121.5111190639436244964599609375">
        <ele>3.599999904632568359375</ele>
        <time>2026-10-04T06:16:05.000Z</time>
        <extensions>
          <ns3:TrackPointExtension>
            <ns3:hr>121</ns3:hr>
            <ns3:cad>83</ns3:cad>
          </ns3:TrackPointExtension>
        </extensions>
      </trkpt>
      <trkpt lat="31.290231607854366302490234375" lon="121.51114161126315593719482421875">
        <ele>3.2000000476837158203125</ele>
        <time>2026-10-04T06:16:12.000Z</time>
        <extensions>
          <ns3:TrackPointExtension>
            <ns3:hr>122</ns3:hr>
            <ns3:cad>82</ns3:cad>
          </ns3:TrackPointExtension>
        </extensions>
      </trkpt>
      <trkpt lat="31.29009154625236988067626953125" lon="121.5111499093472957611083984375">
        <ele>3.599999904632568359375</ele>
        <time>2026-10-04T06:16:20.000Z</time>
        <extensions>
          <ns3:TrackPointExtension>
            <ns3:hr>123</ns3:hr>
            <ns3:cad>0</ns3:cad>
          </ns3:TrackPointExtension>
        </extensions>
      </trkpt>
      <trkpt lat="31.29003119654953479766845703125" lon="121.51114337146282196044921875">
        <ele>3.7999999523162841796875</ele>
        <time>2026-10-04T06:16:27.000Z</time>
        <extensions>
          <ns3:TrackPointExtension>
            <ns3:hr>122</ns3:hr>
            <ns3:cad>53</ns3:cad>
          </ns3:TrackPointExtension>
        </extensions>
      </trkpt>
      <trkpt lat="31.28992441110312938690185546875" lon="121.5110523439943790435791015625">
        <ele>4.80000019073486328125</ele>
        <time>2026-10-04T06:16:34.000Z</time>
        <extensions>
          <ns3:TrackPointExtension>
            <ns3:hr>122</ns3:hr>
            <ns3:cad>52</ns3:cad>
          </ns3:TrackPointExtension>
        </extensions>
      </trkpt>
      <trkpt lat="31.2898941524326801300048828125" lon="121.51098721660673618316650390625">
        <ele>5.19999980926513671875</ele>
        <time>2026-10-04T06:16:36.000Z</time>
        <extensions>
          <ns3:TrackPointExtension>
            <ns3:hr>122</ns3:hr>
            <ns3:cad>52</ns3:cad>
          </ns3:TrackPointExtension>
        </extensions>
      </trkpt>
      <trkpt lat="31.289890296757221221923828125" lon="121.5107857994735240936279296875">
        <ele>4.80000019073486328125</ele>
        <time>2026-10-04T06:16:41.000Z</time>
        <extensions>
          <ns3:TrackPointExtension>
            <ns3:hr>123</ns3:hr>
            <ns3:cad>83</ns3:cad>
          </ns3:TrackPointExtension>
        </extensions>
      </trkpt>
      <trkpt lat="31.28990010358393192291259765625" lon="121.5107539482414722442626953125">
        <ele>4.599999904632568359375</ele>
        <time>2026-10-04T06:16:42.000Z</time>
        <extensions>
          <ns3:TrackPointExtension>
            <ns3:hr>120</ns3:hr>
            <ns3:cad>84</ns3:cad>
          </ns3:TrackPointExtension>
        </extensions>
      </trkpt>
      <trkpt lat="31.2899327091872692108154296875" lon="121.51062914170324802398681640625">
        <ele>3.400000095367431640625</ele>
        <time>2026-10-04T06:16:46.000Z</time>
        <extensions>
          <ns3:TrackPointExtension>
            <ns3:hr>114</ns3:hr>
            <ns3:cad>83</ns3:cad>
          </ns3:TrackPointExtension>
        </extensions>
      </trkpt>
      <trkpt lat="31.28993891179561614990234375" lon="121.51056862436234951019287109375">
        <ele>3</ele>
        <time>2026-10-04T06:16:48.000Z</time>
        <extensions>
          <ns3:TrackPointExtension>
            <ns3:hr>110</ns3:hr>
            <ns3:cad>82</ns3:cad>
          </ns3:TrackPointExtension>
        </extensions>
      </trkpt>
      <trkpt lat="31.28999129869043827056884765625" lon="121.51036812923848628997802734375">
        <ele>2.2000000476837158203125</ele>
        <time>2026-10-04T06:16:55.000Z</time>
        <extensions>
          <ns3:TrackPointExtension>
            <ns3:hr>110</ns3:hr>
            <ns3:cad>83</ns3:cad>
          </ns3:TrackPointExtension>
        </extensions>
      </trkpt>
      <trkpt lat="31.29003320820629596710205078125" lon="121.51016059331595897674560546875">
        <ele>2.2000000476837158203125</ele>
        <time>2026-10-04T06:17:03.000Z</time>
        <extensions>
          <ns3:TrackPointExtension>
            <ns3:hr>112</ns3:hr>
            <ns3:cad>81</ns3:cad>
          </ns3:TrackPointExtension>
        </extensions>
      </trkpt>
      <trkpt lat="31.2900949828326702117919921875" lon="121.5099680610001087188720703125">
        <ele>2.400000095367431640625</ele>
        <time>2026-10-04T06:17:10.000Z</time>
        <extensions>
          <ns3:TrackPointExtension>
            <ns3:hr>113</ns3:hr>
            <ns3:cad>83</ns3:cad>
          </ns3:TrackPointExtension>
        </extensions>
      </trkpt>
      <trkpt lat="31.29018072970211505889892578125" lon="121.5098875947296619415283203125">
        <ele>3</ele>
        <time>2026-10-04T06:17:17.000Z</time>
        <extensions>
          <ns3:TrackPointExtension>
            <ns3:hr>114</ns3:hr>
            <ns3:cad>64</ns3:cad>
          </ns3:TrackPointExtension>
        </extensions>
      </trkpt>
      <trkpt lat="31.290206126868724822998046875" lon="121.5098329447209835052490234375">
        <ele>3.400000095367431640625</ele>
        <time>2026-10-04T06:17:23.000Z</time>
        <extensions>
          <ns3:TrackPointExtension>
            <ns3:hr>113</ns3:hr>
            <ns3:cad>54</ns3:cad>
          </ns3:TrackPointExtension>
        </extensions>
      </trkpt>
      <trkpt lat="31.2902136705815792083740234375" lon="121.50980469770729541778564453125">
        <ele>3.599999904632568359375</ele>
        <time>2026-10-04T06:17:25.000Z</time>
        <extensions>
          <ns3:TrackPointExtension>
            <ns3:hr>117</ns3:hr>
            <ns3:cad>54</ns3:cad>
          </ns3:TrackPointExtension>
        </extensions>
      </trkpt>
      <trkpt lat="31.29025817848742008209228515625" lon="121.5096894465386867523193359375">
        <ele>4.400000095367431640625</ele>
        <time>2026-10-04T06:17:33.000Z</time>
        <extensions>
          <ns3:TrackPointExtension>
            <ns3:hr>114</ns3:hr>
            <ns3:cad>0</ns3:cad>
          </ns3:TrackPointExtension>
        </extensions>
      </trkpt>
      <trkpt lat="31.2903132475912570953369140625" lon="121.5095762908458709716796875">
        <ele>5.400000095367431640625</ele>
        <time>2026-10-04T06:17:38.000Z</time>
        <extensions>
          <ns3:TrackPointExtension>
            <ns3:hr>111</ns3:hr>
            <ns3:cad>83</ns3:cad>
          </ns3:TrackPointExtension>
        </extensions>
      </trkpt>
      <trkpt lat="31.290334202349185943603515625" lon="121.50952993892133235931396484375">
        <ele>5.599999904632568359375</ele>
        <time>2026-10-04T06:17:40.000Z</time>
        <extensions>
          <ns3:TrackPointExtension>
            <ns3:hr>110</ns3:hr>
            <ns3:cad>84</ns3:cad>
          </ns3:TrackPointExtension>
        </extensions>
      </trkpt>
      <trkpt lat="31.29036680795252323150634765625" lon="121.50941560976207256317138671875">
        <ele>6.400000095367431640625</ele>
        <time>2026-10-04T06:17:44.000Z</time>
        <extensions>
          <ns3:TrackPointExtension>
            <ns3:hr>107</ns3:hr>
            <ns3:cad>83</ns3:cad>
          </ns3:TrackPointExtension>
        </extensions>
      </trkpt>
      <trkpt lat="31.2904156744480133056640625" lon="121.5092961676418781280517578125">
        <ele>7</ele>
        <time>2026-10-04T06:17:49.000Z</time>
        <extensions>
          <ns3:TrackPointExtension>
            <ns3:hr>105</ns3:hr>
            <ns3:cad>83</ns3:cad>
          </ns3:TrackPointExtension>
        </extensions>
      </trkpt>
      <trkpt lat="31.29049790091812610626220703125" lon="121.50909240357577800750732421875">
        <ele>6.599999904632568359375</ele>
        <time>2026-10-04T06:17:57.000Z</time>
        <extensions>
          <ns3:TrackPointExtension>
            <ns3:hr>106</ns3:hr>
            <ns3:cad>81</ns3:cad>
          </ns3:TrackPointExtension>
        </extensions>
      </trkpt>
      <trkpt lat="31.2905056960880756378173828125" lon="121.50906776078045368194580078125">
        <ele>6.599999904632568359375</ele>
        <time>2026-10-04T06:17:58.000Z</time>
        <extensions>
          <ns3:TrackPointExtension>
            <ns3:hr>107</ns3:hr>
            <ns3:cad>81</ns3:cad>
          </ns3:TrackPointExtension>
        </extensions>
      </trkpt>
      <trkpt lat="31.29058440215885639190673828125" lon="121.50885771028697490692138671875">
        <ele>5.80000019073486328125</ele>
        <time>2026-10-04T06:18:07.000Z</time>
        <extensions>
          <ns3:TrackPointExtension>
            <ns3:hr>109</ns3:hr>
            <ns3:cad>82</ns3:cad>
          </ns3:TrackPointExtension>
        </extensions>
      </trkpt>
      <trkpt lat="31.29061072133481502532958984375" lon="121.50873600505292415618896484375">
        <ele>5.400000095367431640625</ele>
        <time>2026-10-04T06:18:13.000Z</time>
        <extensions>
          <ns3:TrackPointExtension>
            <ns3:hr>111</ns3:hr>
            <ns3:cad>80</ns3:cad>
          </ns3:TrackPointExtension>
        </extensions>
      </trkpt>
      <trkpt lat="31.290633268654346466064453125" lon="121.50859636254608631134033203125">
        <ele>5.80000019073486328125</ele>
        <time>2026-10-04T06:18:19.000Z</time>
        <extensions>
          <ns3:TrackPointExtension>
            <ns3:hr>114</ns3:hr>
            <ns3:cad>81</ns3:cad>
          </ns3:TrackPointExtension>
        </extensions>
      </trkpt>
      <trkpt lat="31.29065346904098987579345703125" lon="121.50855830870568752288818359375">
        <ele>6</ele>
        <time>2026-10-04T06:18:21.000Z</time>
        <extensions>
          <ns3:TrackPointExtension>
            <ns3:hr>116</ns3:hr>
            <ns3:cad>81</ns3:cad>
          </ns3:TrackPointExtension>
        </extensions>
      </trkpt>
      <trkpt lat="31.29068666137754917144775390625" lon="121.5084965340793132781982421875">
        <ele>6.19999980926513671875</ele>
        <time>2026-10-04T06:18:26.000Z</time>
        <extensions>
          <ns3:TrackPointExtension>
            <ns3:hr>118</ns3:hr>
            <ns3:cad>53</ns3:cad>
          </ns3:TrackPointExtension>
        </extensions>
      </trkpt>
      <trkpt lat="31.29069261252880096435546875" lon="121.50847750715911388397216796875">
        <ele>6.19999980926513671875</ele>
        <time>2026-10-04T06:18:28.000Z</time>
        <extensions>
          <ns3:TrackPointExtension>
            <ns3:hr>118</ns3:hr>
            <ns3:cad>0</ns3:cad>
          </ns3:TrackPointExtension>
        </extensions>
      </trkpt>
      <trkpt lat="31.29071163944900035858154296875" lon="121.50841531343758106231689453125">
        <ele>6.400000095367431640625</ele>
        <time>2026-10-04T06:18:35.000Z</time>
        <extensions>
          <ns3:TrackPointExtension>
            <ns3:hr>116</ns3:hr>
            <ns3:cad>0</ns3:cad>
          </ns3:TrackPointExtension>
        </extensions>
      </trkpt>
      <trkpt lat="31.29071884788572788238525390625" lon="121.50845185853540897369384765625">
        <ele>6.400000095367431640625</ele>
        <time>2026-10-04T06:18:39.000Z</time>
        <extensions>
          <ns3:TrackPointExtension>
            <ns3:hr>114</ns3:hr>
            <ns3:cad>0</ns3:cad>
          </ns3:TrackPointExtension>
        </extensions>
      </trkpt>
      <trkpt lat="31.290711723268032073974609375" lon="121.5084680356085300445556640625">
        <ele>6.400000095367431640625</ele>
        <time>2026-10-04T06:18:44.000Z</time>
        <extensions>
          <ns3:TrackPointExtension>
            <ns3:hr>111</ns3:hr>
            <ns3:cad>49</ns3:cad>
          </ns3:TrackPointExtension>
        </extensions>
      </trkpt>
      <trkpt lat="31.2907241284847259521484375" lon="121.50845177471637725830078125">
        <ele>6.400000095367431640625</ele>
        <time>2026-10-04T06:18:46.000Z</time>
        <extensions>
          <ns3:TrackPointExtension>
            <ns3:hr>111</ns3:hr>
            <ns3:cad>49</ns3:cad>
          </ns3:TrackPointExtension>
        </extensions>
      </trkpt>
      <trkpt lat="31.29073846153914928436279296875" lon="121.508342809975147247314453125">
        <ele>6.80000019073486328125</ele>
        <time>2026-10-04T06:18:54.000Z</time>
        <extensions>
          <ns3:TrackPointExtension>
            <ns3:hr>107</ns3:hr>
            <ns3:cad>51</ns3:cad>
          </ns3:TrackPointExtension>
        </extensions>
      </trkpt>
      <trkpt lat="31.290781460702419281005859375" lon="121.50821666233241558074951171875">
        <ele>7</ele>
        <time>2026-10-04T06:19:03.000Z</time>
        <extensions>
          <ns3:TrackPointExtension>
            <ns3:hr>106</ns3:hr>
            <ns3:cad>57</ns3:cad>
          </ns3:TrackPointExtension>
        </extensions>
      </trkpt>
      <trkpt lat="31.29081272520124912261962890625" lon="121.50815329514443874359130859375">
        <ele>7</ele>
        <time>2026-10-04T06:19:06.000Z</time>
        <extensions>
          <ns3:TrackPointExtension>
            <ns3:hr>103</ns3:hr>
            <ns3:cad>84</ns3:cad>
          </ns3:TrackPointExtension>
        </extensions>
      </trkpt>
      <trkpt lat="31.29086150787770748138427734375" lon="121.508043073117733001708984375">
        <ele>7.599999904632568359375</ele>
        <time>2026-10-04T06:19:10.000Z</time>
        <extensions>
          <ns3:TrackPointExtension>
            <ns3:hr>102</ns3:hr>
            <ns3:cad>84</ns3:cad>
          </ns3:TrackPointExtension>
        </extensions>
      </trkpt>
      <trkpt lat="31.29090308211743831634521484375" lon="121.50789094157516956329345703125">
        <ele>8.80000019073486328125</ele>
        <time>2026-10-04T06:19:16.000Z</time>
        <extensions>
          <ns3:TrackPointExtension>
            <ns3:hr>99</ns3:hr>
            <ns3:cad>85</ns3:cad>
          </ns3:TrackPointExtension>
        </extensions>
      </trkpt>
      <trkpt lat="31.29094432108104228973388671875" lon="121.5078048594295978546142578125">
        <ele>9</ele>
        <time>2026-10-04T06:19:19.000Z</time>
        <extensions>
          <ns3:TrackPointExtension>
            <ns3:hr>98</ns3:hr>
            <ns3:cad>84</ns3:cad>
          </ns3:TrackPointExtension>
        </extensions>
      </trkpt>
      <trkpt lat="31.2910245358943939208984375" lon="121.50765457190573215484619140625">
        <ele>9.3999996185302734375</ele>
        <time>2026-10-04T06:19:25.000Z</time>
        <extensions>
          <ns3:TrackPointExtension>
            <ns3:hr>101</ns3:hr>
            <ns3:cad>83</ns3:cad>
          </ns3:TrackPointExtension>
        </extensions>
      </trkpt>
      <trkpt lat="31.29105345346033573150634765625" lon="121.5076155960559844970703125">
        <ele>9.6000003814697265625</ele>
        <time>2026-10-04T06:19:27.000Z</time>
        <extensions>
          <ns3:TrackPointExtension>
            <ns3:hr>104</ns3:hr>
            <ns3:cad>84</ns3:cad>
          </ns3:TrackPointExtension>
        </extensions>
      </trkpt>
      <trkpt lat="31.291065104305744171142578125" lon="121.5075914561748504638671875">
        <ele>9.80000019073486328125</ele>
        <time>2026-10-04T06:19:28.000Z</time>
        <extensions>
          <ns3:TrackPointExtension>
            <ns3:hr>104</ns3:hr>
            <ns3:cad>84</ns3:cad>
          </ns3:TrackPointExtension>
        </extensions>
      </trkpt>
      <trkpt lat="31.2911329977214336395263671875" lon="121.50737679563462734222412109375">
        <ele>8.3999996185302734375</ele>
        <time>2026-10-04T06:19:36.000Z</time>
        <extensions>
          <ns3:TrackPointExtension>
            <ns3:hr>104</ns3:hr>
            <ns3:cad>83</ns3:cad>
          </ns3:TrackPointExtension>
        </extensions>
      </trkpt>
      <trkpt lat="31.29117851145565509796142578125" lon="121.50727503933012485504150390625">
        <ele>7.599999904632568359375</ele>
        <time>2026-10-04T06:19:40.000Z</time>
        <extensions>
          <ns3:TrackPointExtension>
            <ns3:hr>108</ns3:hr>
            <ns3:cad>83</ns3:cad>
          </ns3:TrackPointExtension>
        </extensions>
      </trkpt>
      <trkpt lat="31.2912057526409626007080078125" lon="121.50720211677253246307373046875">
        <ele>6.80000019073486328125</ele>
        <time>2026-10-04T06:19:43.000Z</time>
        <extensions>
          <ns3:TrackPointExtension>
            <ns3:hr>111</ns3:hr>
            <ns3:cad>83</ns3:cad>
          </ns3:TrackPointExtension>
        </extensions>
      </trkpt>
      <trkpt lat="31.2912238575518131256103515625" lon="121.5071440301835536956787109375">
        <ele>6.19999980926513671875</ele>
        <time>2026-10-04T06:19:45.000Z</time>
        <extensions>
          <ns3:TrackPointExtension>
            <ns3:hr>112</ns3:hr>
            <ns3:cad>83</ns3:cad>
          </ns3:TrackPointExtension>
        </extensions>
      </trkpt>
      <trkpt lat="31.2912711314857006072998046875" lon="121.50701553560793399810791015625">
        <ele>5.19999980926513671875</ele>
        <time>2026-10-04T06:19:50.000Z</time>
        <extensions>
          <ns3:TrackPointExtension>
            <ns3:hr>115</ns3:hr>
            <ns3:cad>83</ns3:cad>
          </ns3:TrackPointExtension>
        </extensions>
      </trkpt>
      <trkpt lat="31.29132561385631561279296875" lon="121.5069331414997577667236328125">
        <ele>4.80000019073486328125</ele>
        <time>2026-10-04T06:19:54.000Z</time>
        <extensions>
          <ns3:TrackPointExtension>
            <ns3:hr>116</ns3:hr>
            <ns3:cad>83</ns3:cad>
          </ns3:TrackPointExtension>
        </extensions>
      </trkpt>
      <trkpt lat="31.2913552857935428619384765625" lon="121.50689517147839069366455078125">
        <ele>5</ele>
        <time>2026-10-04T06:19:56.000Z</time>
        <extensions>
          <ns3:TrackPointExtension>
            <ns3:hr>116</ns3:hr>
            <ns3:cad>82</ns3:cad>
          </ns3:TrackPointExtension>
        </extensions>
      </trkpt>
      <trkpt lat="31.29138101823627948760986328125" lon="121.506819985806941986083984375">
        <ele>5</ele>
        <time>2026-10-04T06:19:59.000Z</time>
        <extensions>
          <ns3:TrackPointExtension>
            <ns3:hr>117</ns3:hr>
            <ns3:cad>82</ns3:cad>
          </ns3:TrackPointExtension>
        </extensions>
      </trkpt>
      <trkpt lat="31.29144270904362201690673828125" lon="121.50664170272648334503173828125">
        <ele>5.80000019073486328125</ele>
        <time>2026-10-04T06:20:06.000Z</time>
        <extensions>
          <ns3:TrackPointExtension>
            <ns3:hr>118</ns3:hr>
            <ns3:cad>82</ns3:cad>
          </ns3:TrackPointExtension>
        </extensions>
      </trkpt>
      <trkpt lat="31.29153080284595489501953125" lon="121.5064302273094654083251953125">
        <ele>6.400000095367431640625</ele>
        <time>2026-10-04T06:20:14.000Z</time>
        <extensions>
          <ns3:TrackPointExtension>
            <ns3:hr>121</ns3:hr>
            <ns3:cad>82</ns3:cad>
          </ns3:TrackPointExtension>
        </extensions>
      </trkpt>
      <trkpt lat="31.29158620722591876983642578125" lon="121.50628589093685150146484375">
        <ele>7</ele>
        <time>2026-10-04T06:20:20.000Z</time>
        <extensions>
          <ns3:TrackPointExtension>
            <ns3:hr>122</ns3:hr>
            <ns3:cad>83</ns3:cad>
          </ns3:TrackPointExtension>
        </extensions>
      </trkpt>
      <trkpt lat="31.29160858690738677978515625" lon="121.50622746907174587249755859375">
        <ele>7</ele>
        <time>2026-10-04T06:20:24.000Z</time>
        <extensions>
          <ns3:TrackPointExtension>
            <ns3:hr>122</ns3:hr>
            <ns3:cad>0</ns3:cad>
          </ns3:TrackPointExtension>
        </extensions>
      </trkpt>
      <trkpt lat="31.29161470569670200347900390625" lon="121.5062176622450351715087890625">
        <ele>7</ele>
        <time>2026-10-04T06:20:25.000Z</time>
        <extensions>
          <ns3:TrackPointExtension>
            <ns3:hr>123</ns3:hr>
            <ns3:cad>0</ns3:cad>
          </ns3:TrackPointExtension>
        </extensions>
      </trkpt>
      <trkpt lat="31.2916637398302555084228515625" lon="121.50617214851081371307373046875">
        <ele>6.80000019073486328125</ele>
        <time>2026-10-04T06:20:32.000Z</time>
        <extensions>
          <ns3:TrackPointExtension>
            <ns3:hr>123</ns3:hr>
            <ns3:cad>53</ns3:cad>
          </ns3:TrackPointExtension>
        </extensions>
      </trkpt>
      <trkpt lat="31.29172123968601226806640625" lon="121.50605144910514354705810546875">
        <ele>7.400000095367431640625</ele>
        <time>2026-10-04T06:20:42.000Z</time>
        <extensions>
          <ns3:TrackPointExtension>
            <ns3:hr>122</ns3:hr>
            <ns3:cad>50</ns3:cad>
          </ns3:TrackPointExtension>
        </extensions>
      </trkpt>
      <trkpt lat="31.2917264364659786224365234375" lon="121.506034769117832183837890625">
        <ele>7.400000095367431640625</ele>
        <time>2026-10-04T06:20:44.000Z</time>
        <extensions>
          <ns3:TrackPointExtension>
            <ns3:hr>119</ns3:hr>
            <ns3:cad>0</ns3:cad>
          </ns3:TrackPointExtension>
        </extensions>
      </trkpt>
      <trkpt lat="31.2917291186749935150146484375" lon="121.50602714158594608306884765625">
        <ele>7.599999904632568359375</ele>
        <time>2026-10-04T06:20:47.000Z</time>
        <extensions>
          <ns3:TrackPointExtension>
            <ns3:hr>116</ns3:hr>
            <ns3:cad>0</ns3:cad>
          </ns3:TrackPointExtension>
        </extensions>
      </trkpt>
      <trkpt lat="31.29172836430370807647705078125" lon="121.5060262195765972137451171875">
        <ele>7.599999904632568359375</ele>
        <time>2026-10-04T06:20:48.000Z</time>
        <extensions>
          <ns3:TrackPointExtension>
            <ns3:hr>113</ns3:hr>
            <ns3:cad>0</ns3:cad>
          </ns3:TrackPointExtension>
        </extensions>
      </trkpt>
      <trkpt lat="31.29172836430370807647705078125" lon="121.50602546520531177520751953125">
        <ele>7.599999904632568359375</ele>
        <time>2026-10-04T06:20:49.000Z</time>
        <extensions>
          <ns3:TrackPointExtension>
            <ns3:hr>112</ns3:hr>
            <ns3:cad>0</ns3:cad>
          </ns3:TrackPointExtension>
        </extensions>
      </trkpt>
      <trkpt lat="31.29172752611339092254638671875" lon="121.50602512992918491363525390625">
        <ele>7.599999904632568359375</ele>
        <time>2026-10-04T06:20:51.000Z</time>
        <extensions>
          <ns3:TrackPointExtension>
            <ns3:hr>109</ns3:hr>
            <ns3:cad>0</ns3:cad>
          </ns3:TrackPointExtension>
        </extensions>
      </trkpt>
      <trkpt lat="31.2917267717421054840087890625" lon="121.50602512992918491363525390625">
        <ele>7.599999904632568359375</ele>
        <time>2026-10-04T06:20:53.000Z</time>
        <extensions>
          <ns3:TrackPointExtension>
            <ns3:hr>106</ns3:hr>
            <ns3:cad>0</ns3:cad>
          </ns3:TrackPointExtension>
        </extensions>
      </trkpt>
      <trkpt lat="31.29172668792307376861572265625" lon="121.506024710834026336669921875">
        <ele>7.599999904632568359375</ele>
        <time>2026-10-04T06:20:55.000Z</time>
        <extensions>
          <ns3:TrackPointExtension>
            <ns3:hr>103</ns3:hr>
            <ns3:cad>0</ns3:cad>
          </ns3:TrackPointExtension>
        </extensions>
      </trkpt>
      <trkpt lat="31.29172752611339092254638671875" lon="121.50602429173886775970458984375">
        <ele>7.599999904632568359375</ele>
        <time>2026-10-04T06:21:14.000Z</time>
        <extensions>
          <ns3:TrackPointExtension>
            <ns3:hr>99</ns3:hr>
            <ns3:cad>0</ns3:cad>
          </ns3:TrackPointExtension>
        </extensions>
      </trkpt>
      <trkpt lat="31.29172752611339092254638671875" lon="121.5060221962630748748779296875">
        <ele>7.599999904632568359375</ele>
        <time>2026-10-04T06:21:17.000Z</time>
        <extensions>
          <ns3:TrackPointExtension>
            <ns3:hr>96</ns3:hr>
            <ns3:cad>0</ns3:cad>
          </ns3:TrackPointExtension>
        </extensions>
      </trkpt>
      <trkpt lat="31.2917277775704860687255859375" lon="121.50602144189178943634033203125">
        <ele>7.599999904632568359375</ele>
        <time>2026-10-04T06:21:22.000Z</time>
        <extensions>
          <ns3:TrackPointExtension>
            <ns3:hr>93</ns3:hr>
            <ns3:cad>0</ns3:cad>
          </ns3:TrackPointExtension>
        </extensions>
      </trkpt>
      <trkpt lat="31.29172802902758121490478515625" lon="121.50602035224437713623046875">
        <ele>7.599999904632568359375</ele>
        <time>2026-10-04T06:21:24.000Z</time>
        <extensions>
          <ns3:TrackPointExtension>
            <ns3:hr>90</ns3:hr>
            <ns3:cad>0</ns3:cad>
          </ns3:TrackPointExtension>
        </extensions>
      </trkpt>
      <trkpt lat="31.291728951036930084228515625" lon="121.50601993314921855926513671875">
        <ele>7.599999904632568359375</ele>
        <time>2026-10-04T06:21:26.000Z</time>
        <extensions>
          <ns3:TrackPointExtension>
            <ns3:hr>87</ns3:hr>
            <ns3:cad>0</ns3:cad>
          </ns3:TrackPointExtension>
        </extensions>
      </trkpt>
      <trkpt lat="31.2917291186749935150146484375" lon="121.50601993314921855926513671875">
        <ele>7.599999904632568359375</ele>
        <time>2026-10-04T06:21:37.000Z</time>
        <extensions>
          <ns3:TrackPointExtension>
            <ns3:hr>84</ns3:hr>
            <ns3:cad>0</ns3:cad>
          </ns3:TrackPointExtension>
        </extensions>
      </trkpt>
      <trkpt lat="31.29172786138951778411865234375" lon="121.5060232020914554595947265625">
        <ele>7.599999904632568359375</ele>
        <time>2026-10-04T06:21:58.000Z</time>
        <extensions>
          <ns3:TrackPointExtension>
            <ns3:hr>81</ns3:hr>
            <ns3:cad>0</ns3:cad>
          </ns3:TrackPointExtension>
        </extensions>
      </trkpt>
      <trkpt lat="31.291730292141437530517578125" lon="121.50602303445339202880859375">
        <ele>7.599999904632568359375</ele>
        <time>2026-10-04T06:22:10.000Z</time>
        <extensions>
          <ns3:TrackPointExtension>
            <ns3:hr>84</ns3:hr>
            <ns3:cad>0</ns3:cad>
          </ns3:TrackPointExtension>
        </extensions>
      </trkpt>
      <trkpt lat="31.291731633245944976806640625" lon="121.506021022796630859375">
        <ele>7.599999904632568359375</ele>
        <time>2026-10-04T06:22:27.000Z</time>
        <extensions>
          <ns3:TrackPointExtension>
            <ns3:hr>81</ns3:hr>
            <ns3:cad>0</ns3:cad>
          </ns3:TrackPointExtension>
        </extensions>
      </trkpt>
      <trkpt lat="31.29173322580754756927490234375" lon="121.50602127425372600555419921875">
        <ele>7.599999904632568359375</ele>
        <time>2026-10-04T06:22:33.000Z</time>
        <extensions>
          <ns3:TrackPointExtension>
            <ns3:hr>84</ns3:hr>
            <ns3:cad>0</ns3:cad>
          </ns3:TrackPointExtension>
        </extensions>
      </trkpt>
      <trkpt lat="31.29175535403192043304443359375" lon="121.5059534646570682525634765625">
        <ele>7.400000095367431640625</ele>
        <time>2026-10-04T06:22:46.000Z</time>
        <extensions>
          <ns3:TrackPointExtension>
            <ns3:hr>85</ns3:hr>
            <ns3:cad>84</ns3:cad>
          </ns3:TrackPointExtension>
        </extensions>
      </trkpt>
      <trkpt lat="31.29177798517048358917236328125" lon="121.50589051656424999237060546875">
        <ele>7</ele>
        <time>2026-10-04T06:22:48.000Z</time>
        <extensions>
          <ns3:TrackPointExtension>
            <ns3:hr>88</ns3:hr>
            <ns3:cad>84</ns3:cad>
          </ns3:TrackPointExtension>
        </extensions>
      </trkpt>
      <trkpt lat="31.2918149493634700775146484375" lon="121.50577669031918048858642578125">
        <ele>5.599999904632568359375</ele>
        <time>2026-10-04T06:22:52.000Z</time>
        <extensions>
          <ns3:TrackPointExtension>
            <ns3:hr>91</ns3:hr>
            <ns3:cad>84</ns3:cad>
          </ns3:TrackPointExtension>
        </extensions>
      </trkpt>
      <trkpt lat="31.29181570373475551605224609375" lon="121.5057469345629215240478515625">
        <ele>5.599999904632568359375</ele>
        <time>2026-10-04T06:22:53.000Z</time>
        <extensions>
          <ns3:TrackPointExtension>
            <ns3:hr>94</ns3:hr>
            <ns3:cad>84</ns3:cad>
          </ns3:TrackPointExtension>
        </extensions>
      </trkpt>
      <trkpt lat="31.29180983640253543853759765625" lon="121.5056966431438922882080078125">
        <ele>5.599999904632568359375</ele>
        <time>2026-10-04T06:22:55.000Z</time>
        <extensions>
          <ns3:TrackPointExtension>
            <ns3:hr>97</ns3:hr>
            <ns3:cad>83</ns3:cad>
          </ns3:TrackPointExtension>
        </extensions>
      </trkpt>
      <trkpt lat="31.2918223254382610321044921875" lon="121.505650542676448822021484375">
        <ele>5.599999904632568359375</ele>
        <time>2026-10-04T06:22:57.000Z</time>
        <extensions>
          <ns3:TrackPointExtension>
            <ns3:hr>96</ns3:hr>
            <ns3:cad>83</ns3:cad>
          </ns3:TrackPointExtension>
        </extensions>
      </trkpt>
      <trkpt lat="31.2919024564325809478759765625" lon="121.50546245276927947998046875">
        <ele>4.599999904632568359375</ele>
        <time>2026-10-04T06:23:05.000Z</time>
        <extensions>
          <ns3:TrackPointExtension>
            <ns3:hr>94</ns3:hr>
            <ns3:cad>84</ns3:cad>
          </ns3:TrackPointExtension>
        </extensions>
      </trkpt>
      <trkpt lat="31.29195165820419788360595703125" lon="121.5053576789796352386474609375">
        <ele>4.599999904632568359375</ele>
        <time>2026-10-04T06:23:09.000Z</time>
        <extensions>
          <ns3:TrackPointExtension>
            <ns3:hr>97</ns3:hr>
            <ns3:cad>83</ns3:cad>
          </ns3:TrackPointExtension>
        </extensions>
      </trkpt>
      <trkpt lat="31.29195366986095905303955078125" lon="121.50532406754791736602783203125">
        <ele>4.599999904632568359375</ele>
        <time>2026-10-04T06:23:10.000Z</time>
        <extensions>
          <ns3:TrackPointExtension>
            <ns3:hr>98</ns3:hr>
            <ns3:cad>83</ns3:cad>
          </ns3:TrackPointExtension>
        </extensions>
      </trkpt>
      <trkpt lat="31.29196423105895519256591796875" lon="121.50521703064441680908203125">
        <ele>6.19999980926513671875</ele>
        <time>2026-10-04T06:23:14.000Z</time>
        <extensions>
          <ns3:TrackPointExtension>
            <ns3:hr>101</ns3:hr>
            <ns3:cad>82</ns3:cad>
          </ns3:TrackPointExtension>
        </extensions>
      </trkpt>
      <trkpt lat="31.29198946058750152587890625" lon="121.50514922104775905609130859375">
        <ele>7.599999904632568359375</ele>
        <time>2026-10-04T06:23:17.000Z</time>
        <extensions>
          <ns3:TrackPointExtension>
            <ns3:hr>103</ns3:hr>
            <ns3:cad>83</ns3:cad>
          </ns3:TrackPointExtension>
        </extensions>
      </trkpt>
      <trkpt lat="31.29201653413474559783935546875" lon="121.50508451275527477264404296875">
        <ele>8.19999980926513671875</ele>
        <time>2026-10-04T06:23:22.000Z</time>
        <extensions>
          <ns3:TrackPointExtension>
            <ns3:hr>104</ns3:hr>
            <ns3:cad>67</ns3:cad>
          </ns3:TrackPointExtension>
        </extensions>
      </trkpt>
      <trkpt lat="31.29204318858683109283447265625" lon="121.5050260908901691436767578125">
        <ele>8.6000003814697265625</ele>
        <time>2026-10-04T06:23:27.000Z</time>
        <extensions>
          <ns3:TrackPointExtension>
            <ns3:hr>105</ns3:hr>
            <ns3:cad>59</ns3:cad>
          </ns3:TrackPointExtension>
        </extensions>
      </trkpt>
      <trkpt lat="31.292053498327732086181640625" lon="121.5050163678824901580810546875">
        <ele>8.6000003814697265625</ele>
        <time>2026-10-04T06:23:28.000Z</time>
        <extensions>
          <ns3:TrackPointExtension>
            <ns3:hr>105</ns3:hr>
            <ns3:cad>56</ns3:cad>
          </ns3:TrackPointExtension>
        </extensions>
      </trkpt>
      <trkpt lat="31.29205743782222270965576171875" lon="121.5049479715526103973388671875">
        <ele>9.3999996185302734375</ele>
        <time>2026-10-04T06:23:34.000Z</time>
        <extensions>
          <ns3:TrackPointExtension>
            <ns3:hr>107</ns3:hr>
            <ns3:cad>0</ns3:cad>
          </ns3:TrackPointExtension>
        </extensions>
      </trkpt>
      <trkpt lat="31.292083673179149627685546875" lon="121.50491989217698574066162109375">
        <ele>9.80000019073486328125</ele>
        <time>2026-10-04T06:23:40.000Z</time>
        <extensions>
          <ns3:TrackPointExtension>
            <ns3:hr>107</ns3:hr>
            <ns3:cad>0</ns3:cad>
          </ns3:TrackPointExtension>
        </extensions>
      </trkpt>
      <trkpt lat="31.2920892052352428436279296875" lon="121.50493145920336246490478515625">
        <ele>9.80000019073486328125</ele>
        <time>2026-10-04T06:23:46.000Z</time>
        <extensions>
          <ns3:TrackPointExtension>
            <ns3:hr>104</ns3:hr>
            <ns3:cad>0</ns3:cad>
          </ns3:TrackPointExtension>
        </extensions>
      </trkpt>
      <trkpt lat="31.29208912141621112823486328125" lon="121.5049335546791553497314453125">
        <ele>9.80000019073486328125</ele>
        <time>2026-10-04T06:23:47.000Z</time>
        <extensions>
          <ns3:TrackPointExtension>
            <ns3:hr>102</ns3:hr>
            <ns3:cad>0</ns3:cad>
          </ns3:TrackPointExtension>
        </extensions>
      </trkpt>
      <trkpt lat="31.292100436985492706298828125" lon="121.50493598543107509613037109375">
        <ele>9.6000003814697265625</ele>
        <time>2026-10-04T06:23:49.000Z</time>
        <extensions>
          <ns3:TrackPointExtension>
            <ns3:hr>98</ns3:hr>
            <ns3:cad>0</ns3:cad>
          </ns3:TrackPointExtension>
        </extensions>
      </trkpt>
      <trkpt lat="31.2921629659831523895263671875" lon="121.504953838884830474853515625">
        <ele>9.6000003814697265625</ele>
        <time>2026-10-04T06:23:52.000Z</time>
        <extensions>
          <ns3:TrackPointExtension>
            <ns3:hr>96</ns3:hr>
            <ns3:cad>82</ns3:cad>
          </ns3:TrackPointExtension>
        </extensions>
      </trkpt>
      <trkpt lat="31.29222658462822437286376953125" lon="121.50497135706245899200439453125">
        <ele>9.6000003814697265625</ele>
        <time>2026-10-04T06:23:55.000Z</time>
        <extensions>
          <ns3:TrackPointExtension>
            <ns3:hr>97</ns3:hr>
            <ns3:cad>84</ns3:cad>
          </ns3:TrackPointExtension>
        </extensions>
      </trkpt>
      <trkpt lat="31.292265392839908599853515625" lon="121.5049828402698040008544921875">
        <ele>9.6000003814697265625</ele>
        <time>2026-10-04T06:23:57.000Z</time>
        <extensions>
          <ns3:TrackPointExtension>
            <ns3:hr>99</ns3:hr>
            <ns3:cad>85</ns3:cad>
          </ns3:TrackPointExtension>
        </extensions>
      </trkpt>
      <trkpt lat="31.2923104874789714813232421875" lon="121.50499482639133930206298828125">
        <ele>9.80000019073486328125</ele>
        <time>2026-10-04T06:24:02.000Z</time>
        <extensions>
          <ns3:TrackPointExtension>
            <ns3:hr>101</ns3:hr>
            <ns3:cad>81</ns3:cad>
          </ns3:TrackPointExtension>
        </extensions>
      </trkpt>
      <trkpt lat="31.29236605949699878692626953125" lon="121.50501695461571216583251953125">
        <ele>9.80000019073486328125</ele>
        <time>2026-10-04T06:24:05.000Z</time>
        <extensions>
          <ns3:TrackPointExtension>
            <ns3:hr>100</ns3:hr>
            <ns3:cad>83</ns3:cad>
          </ns3:TrackPointExtension>
        </extensions>
      </trkpt>
      <trkpt lat="31.29243378527462482452392578125" lon="121.5050458721816539764404296875">
        <ele>9.80000019073486328125</ele>
        <time>2026-10-04T06:24:08.000Z</time>
        <extensions>
          <ns3:TrackPointExtension>
            <ns3:hr>97</ns3:hr>
            <ns3:cad>83</ns3:cad>
          </ns3:TrackPointExtension>
        </extensions>
      </trkpt>
      <trkpt lat="31.29253068007528781890869140625" lon="121.5051021985709667205810546875">
        <ele>10</ele>
        <time>2026-10-04T06:24:13.000Z</time>
        <extensions>
          <ns3:TrackPointExtension>
            <ns3:hr>100</ns3:hr>
            <ns3:cad>81</ns3:cad>
          </ns3:TrackPointExtension>
        </extensions>
      </trkpt>
      <trkpt lat="31.29255984909832477569580078125" lon="121.505120806396007537841796875">
        <ele>10</ele>
        <time>2026-10-04T06:24:16.000Z</time>
        <extensions>
          <ns3:TrackPointExtension>
            <ns3:hr>101</ns3:hr>
            <ns3:cad>53</ns3:cad>
          </ns3:TrackPointExtension>
        </extensions>
      </trkpt>
      <trkpt lat="31.292658336460590362548828125" lon="121.50520906783640384674072265625">
        <ele>10</ele>
        <time>2026-10-04T06:24:25.000Z</time>
        <extensions>
          <ns3:TrackPointExtension>
            <ns3:hr>100</ns3:hr>
            <ns3:cad>53</ns3:cad>
          </ns3:TrackPointExtension>
        </extensions>
      </trkpt>
      <trkpt lat="31.292746178805828094482421875" lon="121.50526690296828746795654296875">
        <ele>10.19999980926513671875</ele>
        <time>2026-10-04T06:24:32.000Z</time>
        <extensions>
          <ns3:TrackPointExtension>
            <ns3:hr>96</ns3:hr>
            <ns3:cad>51</ns3:cad>
          </ns3:TrackPointExtension>
        </extensions>
      </trkpt>
      <trkpt lat="31.29277375526726245880126953125" lon="121.505282409489154815673828125">
        <ele>10.19999980926513671875</ele>
        <time>2026-10-04T06:24:35.000Z</time>
        <extensions>
          <ns3:TrackPointExtension>
            <ns3:hr>93</ns3:hr>
            <ns3:cad>0</ns3:cad>
          </ns3:TrackPointExtension>
        </extensions>
      </trkpt>
      <trkpt lat="31.292848102748394012451171875" lon="121.5053305216133594512939453125">
        <ele>10</ele>
        <time>2026-10-04T06:24:41.000Z</time>
        <extensions>
          <ns3:TrackPointExtension>
            <ns3:hr>90</ns3:hr>
            <ns3:cad>50</ns3:cad>
          </ns3:TrackPointExtension>
        </extensions>
      </trkpt>
      <trkpt lat="31.29286964423954486846923828125" lon="121.50534267537295818328857421875">
        <ele>10.19999980926513671875</ele>
        <time>2026-10-04T06:24:42.000Z</time>
        <extensions>
          <ns3:TrackPointExtension>
            <ns3:hr>90</ns3:hr>
            <ns3:cad>82</ns3:cad>
          </ns3:TrackPointExtension>
        </extensions>
      </trkpt>
      <trkpt lat="31.29297240637242794036865234375" lon="121.50540637783706188201904296875">
        <ele>10.3999996185302734375</ele>
        <time>2026-10-04T06:24:47.000Z</time>
        <extensions>
          <ns3:TrackPointExtension>
            <ns3:hr>91</ns3:hr>
            <ns3:cad>84</ns3:cad>
          </ns3:TrackPointExtension>
        </extensions>
      </trkpt>
      <trkpt lat="31.29301817156374454498291015625" lon="121.505428254604339599609375">
        <ele>10.3999996185302734375</ele>
        <time>2026-10-04T06:24:49.000Z</time>
        <extensions>
          <ns3:TrackPointExtension>
            <ns3:hr>94</ns3:hr>
            <ns3:cad>84</ns3:cad>
          </ns3:TrackPointExtension>
        </extensions>
      </trkpt>
      <trkpt lat="31.293104924261569976806640625" lon="121.50547921657562255859375">
        <ele>10</ele>
        <time>2026-10-04T06:24:53.000Z</time>
        <extensions>
          <ns3:TrackPointExtension>
            <ns3:hr>97</ns3:hr>
            <ns3:cad>85</ns3:cad>
          </ns3:TrackPointExtension>
        </extensions>
      </trkpt>
      <trkpt lat="31.29317943938076496124267578125" lon="121.50551131926476955413818359375">
        <ele>9.6000003814697265625</ele>
        <time>2026-10-04T06:24:56.000Z</time>
        <extensions>
          <ns3:TrackPointExtension>
            <ns3:hr>97</ns3:hr>
            <ns3:cad>84</ns3:cad>
          </ns3:TrackPointExtension>
        </extensions>
      </trkpt>
      <trkpt lat="31.293323524296283721923828125" lon="121.50555591098964214324951171875">
        <ele>8.80000019073486328125</ele>
        <time>2026-10-04T06:25:02.000Z</time>
        <extensions>
          <ns3:TrackPointExtension>
            <ns3:hr>99</ns3:hr>
            <ns3:cad>84</ns3:cad>
          </ns3:TrackPointExtension>
        </extensions>
      </trkpt>
      <trkpt lat="31.2933880649507045745849609375" lon="121.505594551563262939453125">
        <ele>8.6000003814697265625</ele>
        <time>2026-10-04T06:25:05.000Z</time>
        <extensions>
          <ns3:TrackPointExtension>
            <ns3:hr>101</ns3:hr>
            <ns3:cad>84</ns3:cad>
          </ns3:TrackPointExtension>
        </extensions>
      </trkpt>
      <trkpt lat="31.2934504263103008270263671875" lon="121.505605280399322509765625">
        <ele>8.3999996185302734375</ele>
        <time>2026-10-04T06:25:08.000Z</time>
        <extensions>
          <ns3:TrackPointExtension>
            <ns3:hr>102</ns3:hr>
            <ns3:cad>83</ns3:cad>
          </ns3:TrackPointExtension>
        </extensions>
      </trkpt>
      <trkpt lat="31.29348219372332096099853515625" lon="121.50557988323271274566650390625">
        <ele>8.3999996185302734375</ele>
        <time>2026-10-04T06:25:10.000Z</time>
        <extensions>
          <ns3:TrackPointExtension>
            <ns3:hr>103</ns3:hr>
            <ns3:cad>83</ns3:cad>
          </ns3:TrackPointExtension>
        </extensions>
      </trkpt>
      <trkpt lat="31.29353751428425312042236328125" lon="121.5055316872894763946533203125">
        <ele>8.19999980926513671875</ele>
        <time>2026-10-04T06:25:13.000Z</time>
        <extensions>
          <ns3:TrackPointExtension>
            <ns3:hr>105</ns3:hr>
            <ns3:cad>83</ns3:cad>
          </ns3:TrackPointExtension>
        </extensions>
      </trkpt>
      <trkpt lat="31.2936006300151348114013671875" lon="121.5054451860487461090087890625">
        <ele>8</ele>
        <time>2026-10-04T06:25:17.000Z</time>
        <extensions>
          <ns3:TrackPointExtension>
            <ns3:hr>108</ns3:hr>
            <ns3:cad>83</ns3:cad>
          </ns3:TrackPointExtension>
        </extensions>
      </trkpt>
      <trkpt lat="31.2936398573219776153564453125" lon="121.50533446110785007476806640625">
        <ele>8</ele>
        <time>2026-10-04T06:25:21.000Z</time>
        <extensions>
          <ns3:TrackPointExtension>
            <ns3:hr>109</ns3:hr>
            <ns3:cad>83</ns3:cad>
          </ns3:TrackPointExtension>
        </extensions>
      </trkpt>
      <trkpt lat="31.29369392059743404388427734375" lon="121.505216695368289947509765625">
        <ele>8.3999996185302734375</ele>
        <time>2026-10-04T06:25:26.000Z</time>
        <extensions>
          <ns3:TrackPointExtension>
            <ns3:hr>112</ns3:hr>
            <ns3:cad>83</ns3:cad>
          </ns3:TrackPointExtension>
        </extensions>
      </trkpt>
      <trkpt lat="31.29371956922113895416259765625" lon="121.5051233209669589996337890625">
        <ele>8.6000003814697265625</ele>
        <time>2026-10-04T06:25:30.000Z</time>
        <extensions>
          <ns3:TrackPointExtension>
            <ns3:hr>115</ns3:hr>
            <ns3:cad>82</ns3:cad>
          </ns3:TrackPointExtension>
        </extensions>
      </trkpt>
      <trkpt lat="31.2937468104064464569091796875" lon="121.50510211475193500518798828125">
        <ele>8.80000019073486328125</ele>
        <time>2026-10-04T06:25:33.000Z</time>
        <extensions>
          <ns3:TrackPointExtension>
            <ns3:hr>116</ns3:hr>
            <ns3:cad>82</ns3:cad>
          </ns3:TrackPointExtension>
        </extensions>
      </trkpt>
      <trkpt lat="31.29375963471829891204833984375" lon="121.50505970232188701629638671875">
        <ele>8.80000019073486328125</ele>
        <time>2026-10-04T06:25:36.000Z</time>
        <extensions>
          <ns3:TrackPointExtension>
            <ns3:hr>116</ns3:hr>
            <ns3:cad>0</ns3:cad>
          </ns3:TrackPointExtension>
        </extensions>
      </trkpt>
      <trkpt lat="31.29377120174467563629150390625" lon="121.50502785108983516693115234375">
        <ele>9</ele>
        <time>2026-10-04T06:25:39.000Z</time>
        <extensions>
          <ns3:TrackPointExtension>
            <ns3:hr>115</ns3:hr>
            <ns3:cad>54</ns3:cad>
          </ns3:TrackPointExtension>
        </extensions>
      </trkpt>
      <trkpt lat="31.29382601939141750335693359375" lon="121.504922322928905487060546875">
        <ele>9.80000019073486328125</ele>
        <time>2026-10-04T06:25:44.000Z</time>
        <extensions>
          <ns3:TrackPointExtension>
            <ns3:hr>115</ns3:hr>
            <ns3:cad>84</ns3:cad>
          </ns3:TrackPointExtension>
        </extensions>
      </trkpt>
      <trkpt lat="31.29390296526253223419189453125" lon="121.50472819805145263671875">
        <ele>11</ele>
        <time>2026-10-04T06:25:51.000Z</time>
        <extensions>
          <ns3:TrackPointExtension>
            <ns3:hr>113</ns3:hr>
            <ns3:cad>84</ns3:cad>
          </ns3:TrackPointExtension>
        </extensions>
      </trkpt>
      <trkpt lat="31.2939382530748844146728515625" lon="121.50463809259235858917236328125">
        <ele>11.3999996185302734375</ele>
        <time>2026-10-04T06:25:54.000Z</time>
        <extensions>
          <ns3:TrackPointExtension>
            <ns3:hr>113</ns3:hr>
            <ns3:cad>83</ns3:cad>
          </ns3:TrackPointExtension>
        </extensions>
      </trkpt>
      <trkpt lat="31.29400136880576610565185546875" lon="121.5043850429356098175048828125">
        <ele>11.19999980926513671875</ele>
        <time>2026-10-04T06:26:02.000Z</time>
        <extensions>
          <ns3:TrackPointExtension>
            <ns3:hr>112</ns3:hr>
            <ns3:cad>84</ns3:cad>
          </ns3:TrackPointExtension>
        </extensions>
      </trkpt>
      <trkpt lat="31.29401260055601596832275390625" lon="121.5043620765209197998046875">
        <ele>11</ele>
        <time>2026-10-04T06:26:04.000Z</time>
        <extensions>
          <ns3:TrackPointExtension>
            <ns3:hr>112</ns3:hr>
            <ns3:cad>84</ns3:cad>
          </ns3:TrackPointExtension>
        </extensions>
      </trkpt>
      <trkpt lat="31.29411368630826473236083984375" lon="121.5041805244982242584228515625">
        <ele>9</ele>
        <time>2026-10-04T06:26:12.000Z</time>
        <extensions>
          <ns3:TrackPointExtension>
            <ns3:hr>113</ns3:hr>
            <ns3:cad>83</ns3:cad>
          </ns3:TrackPointExtension>
        </extensions>
      </trkpt>
      <trkpt lat="31.294102370738983154296875" lon="121.5039679594337940216064453125">
        <ele>9.19999980926513671875</ele>
        <time>2026-10-04T06:26:19.000Z</time>
        <extensions>
          <ns3:TrackPointExtension>
            <ns3:hr>114</ns3:hr>
            <ns3:cad>83</ns3:cad>
          </ns3:TrackPointExtension>
        </extensions>
      </trkpt>
      <trkpt lat="31.29401997663080692291259765625" lon="121.503836698830127716064453125">
        <ele>9.19999980926513671875</ele>
        <time>2026-10-04T06:26:25.000Z</time>
        <extensions>
          <ns3:TrackPointExtension>
            <ns3:hr>116</ns3:hr>
            <ns3:cad>84</ns3:cad>
          </ns3:TrackPointExtension>
        </extensions>
      </trkpt>
      <trkpt lat="31.29389173351228237152099609375" lon="121.5037610940635204315185546875">
        <ele>9.6000003814697265625</ele>
        <time>2026-10-04T06:26:31.000Z</time>
        <extensions>
          <ns3:TrackPointExtension>
            <ns3:hr>118</ns3:hr>
            <ns3:cad>84</ns3:cad>
          </ns3:TrackPointExtension>
        </extensions>
      </trkpt>
      <trkpt lat="31.29384865052998065948486328125" lon="121.5037399716675281524658203125">
        <ele>9.80000019073486328125</ele>
        <time>2026-10-04T06:26:33.000Z</time>
        <extensions>
          <ns3:TrackPointExtension>
            <ns3:hr>118</ns3:hr>
            <ns3:cad>83</ns3:cad>
          </ns3:TrackPointExtension>
        </extensions>
      </trkpt>
      <trkpt lat="31.2937307171523571014404296875" lon="121.50365087203681468963623046875">
        <ele>9</ele>
        <time>2026-10-04T06:26:39.000Z</time>
        <extensions>
          <ns3:TrackPointExtension>
            <ns3:hr>119</ns3:hr>
            <ns3:cad>83</ns3:cad>
          </ns3:TrackPointExtension>
        </extensions>
      </trkpt>
      <trkpt lat="31.2937079183757305145263671875" lon="121.50363863445818424224853515625">
        <ele>9</ele>
        <time>2026-10-04T06:26:40.000Z</time>
        <extensions>
          <ns3:TrackPointExtension>
            <ns3:hr>119</ns3:hr>
            <ns3:cad>82</ns3:cad>
          </ns3:TrackPointExtension>
        </extensions>
      </trkpt>
      <trkpt lat="31.2936267815530300140380859375" lon="121.50358633138239383697509765625">
        <ele>8.6000003814697265625</ele>
        <time>2026-10-04T06:26:44.000Z</time>
        <extensions>
          <ns3:TrackPointExtension>
            <ns3:hr>119</ns3:hr>
            <ns3:cad>83</ns3:cad>
          </ns3:TrackPointExtension>
        </extensions>
      </trkpt>
      <trkpt lat="31.29348387010395526885986328125" lon="121.50349278934299945831298828125">
        <ele>7.599999904632568359375</ele>
        <time>2026-10-04T06:26:50.000Z</time>
        <extensions>
          <ns3:TrackPointExtension>
            <ns3:hr>121</ns3:hr>
            <ns3:cad>84</ns3:cad>
          </ns3:TrackPointExtension>
        </extensions>
      </trkpt>
      <trkpt lat="31.29339502193033695220947265625" lon="121.50343009270727634429931640625">
        <ele>6.80000019073486328125</ele>
        <time>2026-10-04T06:26:56.000Z</time>
        <extensions>
          <ns3:TrackPointExtension>
            <ns3:hr>121</ns3:hr>
            <ns3:cad>81</ns3:cad>
          </ns3:TrackPointExtension>
        </extensions>
      </trkpt>
      <trkpt lat="31.29338395781815052032470703125" lon="121.5033946372568607330322265625">
        <ele>6.599999904632568359375</ele>
        <time>2026-10-04T06:26:59.000Z</time>
        <extensions>
          <ns3:TrackPointExtension>
            <ns3:hr>122</ns3:hr>
            <ns3:cad>74</ns3:cad>
          </ns3:TrackPointExtension>
        </extensions>
      </trkpt>
      <trkpt lat="31.29336677491664886474609375" lon="121.50336940772831439971923828125">
        <ele>6.400000095367431640625</ele>
        <time>2026-10-04T06:27:01.000Z</time>
        <extensions>
          <ns3:TrackPointExtension>
            <ns3:hr>122</ns3:hr>
            <ns3:cad>0</ns3:cad>
          </ns3:TrackPointExtension>
        </extensions>
      </trkpt>
      <trkpt lat="31.29336233250796794891357421875" lon="121.50335851125419139862060546875">
        <ele>6.19999980926513671875</ele>
        <time>2026-10-04T06:27:02.000Z</time>
        <extensions>
          <ns3:TrackPointExtension>
            <ns3:hr>121</ns3:hr>
            <ns3:cad>0</ns3:cad>
          </ns3:TrackPointExtension>
        </extensions>
      </trkpt>
      <trkpt lat="31.29329410381615161895751953125" lon="121.50331442244350910186767578125">
        <ele>6</ele>
        <time>2026-10-04T06:27:10.000Z</time>
        <extensions>
          <ns3:TrackPointExtension>
            <ns3:hr>122</ns3:hr>
            <ns3:cad>51</ns3:cad>
          </ns3:TrackPointExtension>
        </extensions>
      </trkpt>
      <trkpt lat="31.293237693607807159423828125" lon="121.50326798669993877410888671875">
        <ele>6</ele>
        <time>2026-10-04T06:27:17.000Z</time>
        <extensions>
          <ns3:TrackPointExtension>
            <ns3:hr>120</ns3:hr>
            <ns3:cad>54</ns3:cad>
          </ns3:TrackPointExtension>
        </extensions>
      </trkpt>
      <trkpt lat="31.2932187505066394805908203125" lon="121.503250300884246826171875">
        <ele>6</ele>
        <time>2026-10-04T06:27:19.000Z</time>
        <extensions>
          <ns3:TrackPointExtension>
            <ns3:hr>116</ns3:hr>
            <ns3:cad>55</ns3:cad>
          </ns3:TrackPointExtension>
        </extensions>
      </trkpt>
      <trkpt lat="31.29321196116507053375244140625" lon="121.50322590954601764678955078125">
        <ele>6</ele>
        <time>2026-10-04T06:27:21.000Z</time>
        <extensions>
          <ns3:TrackPointExtension>
            <ns3:hr>112</ns3:hr>
            <ns3:cad>56</ns3:cad>
          </ns3:TrackPointExtension>
        </extensions>
      </trkpt>
      <trkpt lat="31.29319787956774234771728515625" lon="121.50320327840745449066162109375">
        <ele>6</ele>
        <time>2026-10-04T06:27:23.000Z</time>
        <extensions>
          <ns3:TrackPointExtension>
            <ns3:hr>109</ns3:hr>
            <ns3:cad>55</ns3:cad>
          </ns3:TrackPointExtension>
        </extensions>
      </trkpt>
      <trkpt lat="31.29316938109695911407470703125" lon="121.5031850896775722503662109375">
        <ele>6</ele>
        <time>2026-10-04T06:27:26.000Z</time>
        <extensions>
          <ns3:TrackPointExtension>
            <ns3:hr>106</ns3:hr>
            <ns3:cad>53</ns3:cad>
          </ns3:TrackPointExtension>
        </extensions>
      </trkpt>
      <trkpt lat="31.293137110769748687744140625" lon="121.50316572748124599456787109375">
        <ele>6</ele>
        <time>2026-10-04T06:27:29.000Z</time>
        <extensions>
          <ns3:TrackPointExtension>
            <ns3:hr>103</ns3:hr>
            <ns3:cad>57</ns3:cad>
          </ns3:TrackPointExtension>
        </extensions>
      </trkpt>
      <trkpt lat="31.29312646575272083282470703125" lon="121.50316321291029453277587890625">
        <ele>6</ele>
        <time>2026-10-04T06:27:30.000Z</time>
        <extensions>
          <ns3:TrackPointExtension>
            <ns3:hr>102</ns3:hr>
            <ns3:cad>57</ns3:cad>
          </ns3:TrackPointExtension>
        </extensions>
      </trkpt>
      <trkpt lat="31.2931081093847751617431640625" lon="121.50316036306321620941162109375">
        <ele>6</ele>
        <time>2026-10-04T06:27:32.000Z</time>
        <extensions>
          <ns3:TrackPointExtension>
            <ns3:hr>98</ns3:hr>
            <ns3:cad>55</ns3:cad>
          </ns3:TrackPointExtension>
        </extensions>
      </trkpt>
      <trkpt lat="31.2930769287049770355224609375" lon="121.50312180630862712860107421875">
        <ele>6</ele>
        <time>2026-10-04T06:27:37.000Z</time>
        <extensions>
          <ns3:TrackPointExtension>
            <ns3:hr>95</ns3:hr>
            <ns3:cad>0</ns3:cad>
          </ns3:TrackPointExtension>
        </extensions>
      </trkpt>
      <trkpt lat="31.29305697977542877197265625" lon="121.5031046234071254730224609375">
        <ele>6</ele>
        <time>2026-10-04T06:27:39.000Z</time>
        <extensions>
          <ns3:TrackPointExtension>
            <ns3:hr>94</ns3:hr>
            <ns3:cad>52</ns3:cad>
          </ns3:TrackPointExtension>
        </extensions>
      </trkpt>
      <trkpt lat="31.29300911910831928253173828125" lon="121.50307855568826198577880859375">
        <ele>6</ele>
        <time>2026-10-04T06:27:43.000Z</time>
        <extensions>
          <ns3:TrackPointExtension>
            <ns3:hr>95</ns3:hr>
            <ns3:cad>0</ns3:cad>
          </ns3:TrackPointExtension>
        </extensions>
      </trkpt>
      <trkpt lat="31.2929905951023101806640625" lon="121.50306128896772861480712890625">
        <ele>6.19999980926513671875</ele>
        <time>2026-10-04T06:27:45.000Z</time>
        <extensions>
          <ns3:TrackPointExtension>
            <ns3:hr>95</ns3:hr>
            <ns3:cad>53</ns3:cad>
          </ns3:TrackPointExtension>
        </extensions>
      </trkpt>
      <trkpt lat="31.2929662875831127166748046875" lon="121.5030276775360107421875">
        <ele>6.400000095367431640625</ele>
        <time>2026-10-04T06:27:48.000Z</time>
        <extensions>
          <ns3:TrackPointExtension>
            <ns3:hr>91</ns3:hr>
            <ns3:cad>55</ns3:cad>
          </ns3:TrackPointExtension>
        </extensions>
      </trkpt>
      <trkpt lat="31.29294977523386478424072265625" lon="121.503009237349033355712890625">
        <ele>6.599999904632568359375</ele>
        <time>2026-10-04T06:27:50.000Z</time>
        <extensions>
          <ns3:TrackPointExtension>
            <ns3:hr>88</ns3:hr>
            <ns3:cad>55</ns3:cad>
          </ns3:TrackPointExtension>
        </extensions>
      </trkpt>
      <trkpt lat="31.29290769807994365692138671875" lon="121.50297529064118862152099609375">
        <ele>6.80000019073486328125</ele>
        <time>2026-10-04T06:27:53.000Z</time>
        <extensions>
          <ns3:TrackPointExtension>
            <ns3:hr>85</ns3:hr>
            <ns3:cad>55</ns3:cad>
          </ns3:TrackPointExtension>
        </extensions>
      </trkpt>
      <trkpt lat="31.29290769807994365692138671875" lon="121.50297529064118862152099609375">
        <ele>6.80000019073486328125</ele>
        <time>2026-10-04T06:27:54.000Z</time>
        <extensions>
          <ns3:TrackPointExtension>
            <ns3:hr>85</ns3:hr>
            <ns3:cad>55</ns3:cad>
          </ns3:TrackPointExtension>
        </extensions>
      </trkpt>
      <trkpt lat="31.292895041406154632568359375" lon="121.50298367254436016082763671875">
        <ele>6.599999904632568359375</ele>
        <time>2026-10-04T06:27:56.000Z</time>
        <extensions>
          <ns3:TrackPointExtension>
            <ns3:hr>83</ns3:hr>
            <ns3:cad>55</ns3:cad>
          </ns3:TrackPointExtension>
        </extensions>
      </trkpt>
      <trkpt lat="31.2928653694689273834228515625" lon="121.50301284156739711761474609375">
        <ele>6.19999980926513671875</ele>
        <time>2026-10-04T06:27:59.000Z</time>
        <extensions>
          <ns3:TrackPointExtension>
            <ns3:hr>83</ns3:hr>
            <ns3:cad>0</ns3:cad>
          </ns3:TrackPointExtension>
        </extensions>
      </trkpt>
      <trkpt lat="31.2928268127143383026123046875" lon="121.5031130053102970123291015625">
        <ele>5.400000095367431640625</ele>
        <time>2026-10-04T06:28:06.000Z</time>
        <extensions>
          <ns3:TrackPointExtension>
            <ns3:hr>83</ns3:hr>
            <ns3:cad>55</ns3:cad>
          </ns3:TrackPointExtension>
        </extensions>
      </trkpt>
      <trkpt lat="31.2927862443029880523681640625" lon="121.5032269991934299468994140625">
        <ele>5.19999980926513671875</ele>
        <time>2026-10-04T06:28:11.000Z</time>
        <extensions>
          <ns3:TrackPointExtension>
            <ns3:hr>82</ns3:hr>
            <ns3:cad>82</ns3:cad>
          </ns3:TrackPointExtension>
        </extensions>
      </trkpt>
      <trkpt lat="31.29276235587894916534423828125" lon="121.50326706469058990478515625">
        <ele>5.19999980926513671875</ele>
        <time>2026-10-04T06:28:13.000Z</time>
        <extensions>
          <ns3:TrackPointExtension>
            <ns3:hr>81</ns3:hr>
            <ns3:cad>82</ns3:cad>
          </ns3:TrackPointExtension>
        </extensions>
      </trkpt>
      <trkpt lat="31.29270561039447784423828125" lon="121.50334107689559459686279296875">
        <ele>4.80000019073486328125</ele>
        <time>2026-10-04T06:28:16.000Z</time>
        <extensions>
          <ns3:TrackPointExtension>
            <ns3:hr>84</ns3:hr>
            <ns3:cad>83</ns3:cad>
          </ns3:TrackPointExtension>
        </extensions>
      </trkpt>
      <trkpt lat="31.29267216660082340240478515625" lon="121.5033991634845733642578125">
        <ele>4.80000019073486328125</ele>
        <time>2026-10-04T06:28:18.000Z</time>
        <extensions>
          <ns3:TrackPointExtension>
            <ns3:hr>87</ns3:hr>
            <ns3:cad>83</ns3:cad>
          </ns3:TrackPointExtension>
        </extensions>
      </trkpt>
      <trkpt lat="31.2926561571657657623291015625" lon="121.50342003442347049713134765625">
        <ele>4.599999904632568359375</ele>
        <time>2026-10-04T06:28:19.000Z</time>
        <extensions>
          <ns3:TrackPointExtension>
            <ns3:hr>89</ns3:hr>
            <ns3:cad>83</ns3:cad>
          </ns3:TrackPointExtension>
        </extensions>
      </trkpt>
      <trkpt lat="31.29258197732269763946533203125" lon="121.50350167416036128997802734375">
        <ele>4.400000095367431640625</ele>
        <time>2026-10-04T06:28:24.000Z</time>
        <extensions>
          <ns3:TrackPointExtension>
            <ns3:hr>91</ns3:hr>
            <ns3:cad>82</ns3:cad>
          </ns3:TrackPointExtension>
        </extensions>
      </trkpt>
      <trkpt lat="31.2925753556191921234130859375" lon="121.50352162308990955352783203125">
        <ele>4.599999904632568359375</ele>
        <time>2026-10-04T06:28:25.000Z</time>
        <extensions>
          <ns3:TrackPointExtension>
            <ns3:hr>91</ns3:hr>
            <ns3:cad>82</ns3:cad>
          </ns3:TrackPointExtension>
        </extensions>
      </trkpt>
      <trkpt lat="31.2925448454916477203369140625" lon="121.50359697639942169189453125">
        <ele>5</ele>
        <time>2026-10-04T06:28:28.000Z</time>
        <extensions>
          <ns3:TrackPointExtension>
            <ns3:hr>93</ns3:hr>
            <ns3:cad>82</ns3:cad>
          </ns3:TrackPointExtension>
        </extensions>
      </trkpt>
      <trkpt lat="31.29252866841852664947509765625" lon="121.5036199428141117095947265625">
        <ele>5.19999980926513671875</ele>
        <time>2026-10-04T06:28:29.000Z</time>
        <extensions>
          <ns3:TrackPointExtension>
            <ns3:hr>94</ns3:hr>
            <ns3:cad>82</ns3:cad>
          </ns3:TrackPointExtension>
        </extensions>
      </trkpt>
      <trkpt lat="31.292501427233219146728515625" lon="121.50366939604282379150390625">
        <ele>5.400000095367431640625</ele>
        <time>2026-10-04T06:28:31.000Z</time>
        <extensions>
          <ns3:TrackPointExtension>
            <ns3:hr>97</ns3:hr>
            <ns3:cad>83</ns3:cad>
          </ns3:TrackPointExtension>
        </extensions>
      </trkpt>
      <trkpt lat="31.29246328957378864288330078125" lon="121.5037701465189456939697265625">
        <ele>6.400000095367431640625</ele>
        <time>2026-10-04T06:28:35.000Z</time>
        <extensions>
          <ns3:TrackPointExtension>
            <ns3:hr>100</ns3:hr>
            <ns3:cad>83</ns3:cad>
          </ns3:TrackPointExtension>
        </extensions>
      </trkpt>
      <trkpt lat="31.29244283773005008697509765625" lon="121.5037966333329677581787109375">
        <ele>6.599999904632568359375</ele>
        <time>2026-10-04T06:28:36.000Z</time>
        <extensions>
          <ns3:TrackPointExtension>
            <ns3:hr>101</ns3:hr>
            <ns3:cad>84</ns3:cad>
          </ns3:TrackPointExtension>
        </extensions>
      </trkpt>
      <trkpt lat="31.29239975474774837493896484375" lon="121.5038995631039142608642578125">
        <ele>7.80000019073486328125</ele>
        <time>2026-10-04T06:28:41.000Z</time>
        <extensions>
          <ns3:TrackPointExtension>
            <ns3:hr>103</ns3:hr>
            <ns3:cad>81</ns3:cad>
          </ns3:TrackPointExtension>
        </extensions>
      </trkpt>
      <trkpt lat="31.2924321927130222320556640625" lon="121.5039300732314586639404296875">
        <ele>8.19999980926513671875</ele>
        <time>2026-10-04T06:28:45.000Z</time>
        <extensions>
          <ns3:TrackPointExtension>
            <ns3:hr>103</ns3:hr>
            <ns3:cad>81</ns3:cad>
          </ns3:TrackPointExtension>
        </extensions>
      </trkpt>
      <trkpt lat="31.29245138727128505706787109375" lon="121.503935940563678741455078125">
        <ele>8.19999980926513671875</ele>
        <time>2026-10-04T06:28:47.000Z</time>
        <extensions>
          <ns3:TrackPointExtension>
            <ns3:hr>102</ns3:hr>
            <ns3:cad>81</ns3:cad>
          </ns3:TrackPointExtension>
        </extensions>
      </trkpt>
      <trkpt lat="31.29249279387295246124267578125" lon="121.5039404667913913726806640625">
        <ele>8.19999980926513671875</ele>
        <time>2026-10-04T06:28:51.000Z</time>
        <extensions>
          <ns3:TrackPointExtension>
            <ns3:hr>104</ns3:hr>
            <ns3:cad>55</ns3:cad>
          </ns3:TrackPointExtension>
        </extensions>
      </trkpt>
      <trkpt lat="31.2926152534782886505126953125" lon="121.50399528443813323974609375">
        <ele>8.6000003814697265625</ele>
        <time>2026-10-04T06:28:59.000Z</time>
        <extensions>
          <ns3:TrackPointExtension>
            <ns3:hr>107</ns3:hr>
            <ns3:cad>56</ns3:cad>
          </ns3:TrackPointExtension>
        </extensions>
      </trkpt>
      <trkpt lat="31.29272229038178920745849609375" lon="121.5040576457977294921875">
        <ele>9</ele>
        <time>2026-10-04T06:29:04.000Z</time>
        <extensions>
          <ns3:TrackPointExtension>
            <ns3:hr>105</ns3:hr>
            <ns3:cad>84</ns3:cad>
          </ns3:TrackPointExtension>
        </extensions>
      </trkpt>
      <trkpt lat="31.2928878329694271087646484375" lon="121.50413802824914455413818359375">
        <ele>8.3999996185302734375</ele>
        <time>2026-10-04T06:29:11.000Z</time>
        <extensions>
          <ns3:TrackPointExtension>
            <ns3:hr>105</ns3:hr>
            <ns3:cad>84</ns3:cad>
          </ns3:TrackPointExtension>
        </extensions>
      </trkpt>
      <trkpt lat="31.29292823374271392822265625" lon="121.50417205877602100372314453125">
        <ele>8.3999996185302734375</ele>
        <time>2026-10-04T06:29:13.000Z</time>
        <extensions>
          <ns3:TrackPointExtension>
            <ns3:hr>102</ns3:hr>
            <ns3:cad>84</ns3:cad>
          </ns3:TrackPointExtension>
        </extensions>
      </trkpt>
      <trkpt lat="31.29294927231967449188232421875" lon="121.50417993776500225067138671875">
        <ele>8.3999996185302734375</ele>
        <time>2026-10-04T06:29:14.000Z</time>
        <extensions>
          <ns3:TrackPointExtension>
            <ns3:hr>101</ns3:hr>
            <ns3:cad>84</ns3:cad>
          </ns3:TrackPointExtension>
        </extensions>
      </trkpt>
      <trkpt lat="31.29299797117710113525390625" lon="121.50420022197067737579345703125">
        <ele>8.19999980926513671875</ele>
        <time>2026-10-04T06:29:16.000Z</time>
        <extensions>
          <ns3:TrackPointExtension>
            <ns3:hr>100</ns3:hr>
            <ns3:cad>83</ns3:cad>
          </ns3:TrackPointExtension>
        </extensions>
      </trkpt>
      <trkpt lat="31.29312713630497455596923828125" lon="121.5042539499700069427490234375">
        <ele>8.6000003814697265625</ele>
        <time>2026-10-04T06:29:22.000Z</time>
        <extensions>
          <ns3:TrackPointExtension>
            <ns3:hr>103</ns3:hr>
            <ns3:cad>83</ns3:cad>
          </ns3:TrackPointExtension>
        </extensions>
      </trkpt>
      <trkpt lat="31.2931456603109836578369140625" lon="121.5042821131646633148193359375">
        <ele>8.80000019073486328125</ele>
        <time>2026-10-04T06:29:24.000Z</time>
        <extensions>
          <ns3:TrackPointExtension>
            <ns3:hr>105</ns3:hr>
            <ns3:cad>83</ns3:cad>
          </ns3:TrackPointExtension>
        </extensions>
      </trkpt>
      <trkpt lat="31.2931560538709163665771484375" lon="121.50431421585381031036376953125">
        <ele>9</ele>
        <time>2026-10-04T06:29:27.000Z</time>
        <extensions>
          <ns3:TrackPointExtension>
            <ns3:hr>104</ns3:hr>
            <ns3:cad>57</ns3:cad>
          </ns3:TrackPointExtension>
        </extensions>
      </trkpt>
      <trkpt lat="31.29314473830163478851318359375" lon="121.504340283572673797607421875">
        <ele>9</ele>
        <time>2026-10-04T06:29:29.000Z</time>
        <extensions>
          <ns3:TrackPointExtension>
            <ns3:hr>105</ns3:hr>
            <ns3:cad>55</ns3:cad>
          </ns3:TrackPointExtension>
        </extensions>
      </trkpt>
      <trkpt lat="31.29313065670430660247802734375" lon="121.504385881125926971435546875">
        <ele>9.3999996185302734375</ele>
        <time>2026-10-04T06:29:32.000Z</time>
        <extensions>
          <ns3:TrackPointExtension>
            <ns3:hr>104</ns3:hr>
            <ns3:cad>57</ns3:cad>
          </ns3:TrackPointExtension>
        </extensions>
      </trkpt>
      <trkpt lat="31.2931201793253421783447265625" lon="121.504422761499881744384765625">
        <ele>9.6000003814697265625</ele>
        <time>2026-10-04T06:29:34.000Z</time>
        <extensions>
          <ns3:TrackPointExtension>
            <ns3:hr>104</ns3:hr>
            <ns3:cad>55</ns3:cad>
          </ns3:TrackPointExtension>
        </extensions>
      </trkpt>
      <trkpt lat="31.29307248629629611968994140625" lon="121.5045097656548023223876953125">
        <ele>10</ele>
        <time>2026-10-04T06:29:40.000Z</time>
        <extensions>
          <ns3:TrackPointExtension>
            <ns3:hr>101</ns3:hr>
            <ns3:cad>55</ns3:cad>
          </ns3:TrackPointExtension>
        </extensions>
      </trkpt>
      <trkpt lat="31.2930621765553951263427734375" lon="121.50451295077800750732421875">
        <ele>10</ele>
        <time>2026-10-04T06:29:41.000Z</time>
        <extensions>
          <ns3:TrackPointExtension>
            <ns3:hr>101</ns3:hr>
            <ns3:cad>55</ns3:cad>
          </ns3:TrackPointExtension>
        </extensions>
      </trkpt>
      <trkpt lat="31.29303929395973682403564453125" lon="121.50453172624111175537109375">
        <ele>10</ele>
        <time>2026-10-04T06:29:42.000Z</time>
        <extensions>
          <ns3:TrackPointExtension>
            <ns3:hr>98</ns3:hr>
            <ns3:cad>55</ns3:cad>
          </ns3:TrackPointExtension>
        </extensions>
      </trkpt>
      <trkpt lat="31.2930004857480525970458984375" lon="121.50458268821239471435546875">
        <ele>10</ele>
        <time>2026-10-04T06:29:47.000Z</time>
        <extensions>
          <ns3:TrackPointExtension>
            <ns3:hr>95</ns3:hr>
            <ns3:cad>56</ns3:cad>
          </ns3:TrackPointExtension>
        </extensions>
      </trkpt>
      <trkpt lat="31.292989589273929595947265625" lon="121.50463742204010486602783203125">
        <ele>10.19999980926513671875</ele>
        <time>2026-10-04T06:29:50.000Z</time>
        <extensions>
          <ns3:TrackPointExtension>
            <ns3:hr>92</ns3:hr>
            <ns3:cad>56</ns3:cad>
          </ns3:TrackPointExtension>
        </extensions>
      </trkpt>
      <trkpt lat="31.29295949824154376983642578125" lon="121.5047116018831729888916015625">
        <ele>10.3999996185302734375</ele>
        <time>2026-10-04T06:29:55.000Z</time>
        <extensions>
          <ns3:TrackPointExtension>
            <ns3:hr>89</ns3:hr>
            <ns3:cad>56</ns3:cad>
          </ns3:TrackPointExtension>
        </extensions>
      </trkpt>
      <trkpt lat="31.29295027814805507659912109375" lon="121.50474898517131805419921875">
        <ele>10.3999996185302734375</ele>
        <time>2026-10-04T06:29:58.000Z</time>
        <extensions>
          <ns3:TrackPointExtension>
            <ns3:hr>89</ns3:hr>
            <ns3:cad>53</ns3:cad>
          </ns3:TrackPointExtension>
        </extensions>
      </trkpt>
      <trkpt lat="31.2929364480078220367431640625" lon="121.50476985611021518707275390625">
        <ele>10.6000003814697265625</ele>
        <time>2026-10-04T06:30:00.000Z</time>
        <extensions>
          <ns3:TrackPointExtension>
            <ns3:hr>89</ns3:hr>
            <ns3:cad>54</ns3:cad>
          </ns3:TrackPointExtension>
        </extensions>
      </trkpt>
      <trkpt lat="31.2929384596645832061767578125" lon="121.5048098377883434295654296875">
        <ele>10.6000003814697265625</ele>
        <time>2026-10-04T06:30:03.000Z</time>
        <extensions>
          <ns3:TrackPointExtension>
            <ns3:hr>88</ns3:hr>
            <ns3:cad>55</ns3:cad>
          </ns3:TrackPointExtension>
        </extensions>
      </trkpt>
      <trkpt lat="31.29295513965189456939697265625" lon="121.50483925826847553253173828125">
        <ele>10.3999996185302734375</ele>
        <time>2026-10-04T06:30:06.000Z</time>
        <extensions>
          <ns3:TrackPointExtension>
            <ns3:hr>85</ns3:hr>
            <ns3:cad>55</ns3:cad>
          </ns3:TrackPointExtension>
        </extensions>
      </trkpt>
      <trkpt lat="31.292954385280609130859375" lon="121.50486675091087818145751953125">
        <ele>10.3999996185302734375</ele>
        <time>2026-10-04T06:30:09.000Z</time>
        <extensions>
          <ns3:TrackPointExtension>
            <ns3:hr>84</ns3:hr>
            <ns3:cad>0</ns3:cad>
          </ns3:TrackPointExtension>
        </extensions>
      </trkpt>
      <trkpt lat="31.292941980063915252685546875" lon="121.5049053914844989776611328125">
        <ele>10.6000003814697265625</ele>
        <time>2026-10-04T06:30:15.000Z</time>
        <extensions>
          <ns3:TrackPointExtension>
            <ns3:hr>82</ns3:hr>
            <ns3:cad>63</ns3:cad>
          </ns3:TrackPointExtension>
        </extensions>
      </trkpt>
      <trkpt lat="31.2929475121200084686279296875" lon="121.50487639009952545166015625">
        <ele>10.3999996185302734375</ele>
        <time>2026-10-04T06:30:20.000Z</time>
        <extensions>
          <ns3:TrackPointExtension>
            <ns3:hr>80</ns3:hr>
            <ns3:cad>0</ns3:cad>
          </ns3:TrackPointExtension>
        </extensions>
      </trkpt>
      <trkpt lat="31.2929522059857845306396484375" lon="121.5048443712294101715087890625">
        <ele>10.3999996185302734375</ele>
        <time>2026-10-04T06:30:23.000Z</time>
        <extensions>
          <ns3:TrackPointExtension>
            <ns3:hr>78</ns3:hr>
            <ns3:cad>48</ns3:cad>
          </ns3:TrackPointExtension>
        </extensions>
      </trkpt>
      <trkpt lat="31.29297575913369655609130859375" lon="121.50481847114861011505126953125">
        <ele>10.19999980926513671875</ele>
        <time>2026-10-04T06:30:28.000Z</time>
        <extensions>
          <ns3:TrackPointExtension>
            <ns3:hr>76</ns3:hr>
            <ns3:cad>48</ns3:cad>
          </ns3:TrackPointExtension>
        </extensions>
      </trkpt>
      <trkpt lat="31.2929475121200084686279296875" lon="121.50480757467448711395263671875">
        <ele>10.3999996185302734375</ele>
        <time>2026-10-04T06:30:33.000Z</time>
        <extensions>
          <ns3:TrackPointExtension>
            <ns3:hr>76</ns3:hr>
            <ns3:cad>0</ns3:cad>
          </ns3:TrackPointExtension>
        </extensions>
      </trkpt>
      <trkpt lat="31.29290116019546985626220703125" lon="121.50485786609351634979248046875">
        <ele>10.80000019073486328125</ele>
        <time>2026-10-04T06:30:39.000Z</time>
        <extensions>
          <ns3:TrackPointExtension>
            <ns3:hr>77</ns3:hr>
            <ns3:cad>54</ns3:cad>
          </ns3:TrackPointExtension>
        </extensions>
      </trkpt>
      <trkpt lat="31.29285925067961215972900390625" lon="121.50484696961939334869384765625">
        <ele>11.19999980926513671875</ele>
        <time>2026-10-04T06:30:42.000Z</time>
        <extensions>
          <ns3:TrackPointExtension>
            <ns3:hr>78</ns3:hr>
            <ns3:cad>54</ns3:cad>
          </ns3:TrackPointExtension>
        </extensions>
      </trkpt>
      <trkpt lat="31.2928442470729351043701171875" lon="121.5048141963779926300048828125">
        <ele>11.19999980926513671875</ele>
        <time>2026-10-04T06:30:43.000Z</time>
        <extensions>
          <ns3:TrackPointExtension>
            <ns3:hr>78</ns3:hr>
            <ns3:cad>54</ns3:cad>
          </ns3:TrackPointExtension>
        </extensions>
      </trkpt>
      <trkpt lat="31.2928269803524017333984375" lon="121.50477941147983074188232421875">
        <ele>11.3999996185302734375</ele>
        <time>2026-10-04T06:30:45.000Z</time>
        <extensions>
          <ns3:TrackPointExtension>
            <ns3:hr>78</ns3:hr>
            <ns3:cad>54</ns3:cad>
          </ns3:TrackPointExtension>
        </extensions>
      </trkpt>
      <trkpt lat="31.29281415604054927825927734375" lon="121.5047789923846721649169921875">
        <ele>11.3999996185302734375</ele>
        <time>2026-10-04T06:30:48.000Z</time>
        <extensions>
          <ns3:TrackPointExtension>
            <ns3:hr>76</ns3:hr>
            <ns3:cad>0</ns3:cad>
          </ns3:TrackPointExtension>
        </extensions>
      </trkpt>
      <trkpt lat="31.29278431646525859832763671875" lon="121.50477220304310321807861328125">
        <ele>11.6000003814697265625</ele>
        <time>2026-10-04T06:30:53.000Z</time>
        <extensions>
          <ns3:TrackPointExtension>
            <ns3:hr>73</ns3:hr>
            <ns3:cad>0</ns3:cad>
          </ns3:TrackPointExtension>
        </extensions>
      </trkpt>
      <trkpt lat="31.29278180189430713653564453125" lon="121.50476901791989803314208984375">
        <ele>11.6000003814697265625</ele>
        <time>2026-10-04T06:30:54.000Z</time>
        <extensions>
          <ns3:TrackPointExtension>
            <ns3:hr>75</ns3:hr>
            <ns3:cad>0</ns3:cad>
          </ns3:TrackPointExtension>
        </extensions>
      </trkpt>
      <trkpt lat="31.29278071224689483642578125" lon="121.50476105511188507080078125">
        <ele>11.6000003814697265625</ele>
        <time>2026-10-04T06:30:55.000Z</time>
        <extensions>
          <ns3:TrackPointExtension>
            <ns3:hr>72</ns3:hr>
            <ns3:cad>0</ns3:cad>
          </ns3:TrackPointExtension>
        </extensions>
      </trkpt>
      <trkpt lat="31.29277124069631099700927734375" lon="121.50474336929619312286376953125">
        <ele>11.80000019073486328125</ele>
        <time>2026-10-04T06:30:59.000Z</time>
        <extensions>
          <ns3:TrackPointExtension>
            <ns3:hr>73</ns3:hr>
            <ns3:cad>0</ns3:cad>
          </ns3:TrackPointExtension>
        </extensions>
      </trkpt>
      <trkpt lat="31.29271365702152252197265625" lon="121.5046955086290836334228515625">
        <ele>12</ele>
        <time>2026-10-04T06:31:04.000Z</time>
        <extensions>
          <ns3:TrackPointExtension>
            <ns3:hr>71</ns3:hr>
            <ns3:cad>51</ns3:cad>
          </ns3:TrackPointExtension>
        </extensions>
      </trkpt>
      <trkpt lat="31.29270401783287525177001953125" lon="121.50468469597399234771728515625">
        <ele>12</ele>
        <time>2026-10-04T06:31:05.000Z</time>
        <extensions>
          <ns3:TrackPointExtension>
            <ns3:hr>71</ns3:hr>
            <ns3:cad>51</ns3:cad>
          </ns3:TrackPointExtension>
        </extensions>
      </trkpt>
      <trkpt lat="31.2926655448973178863525390625" lon="121.5046582929790019989013671875">
        <ele>12</ele>
        <time>2026-10-04T06:31:08.000Z</time>
        <extensions>
          <ns3:TrackPointExtension>
            <ns3:hr>72</ns3:hr>
            <ns3:cad>53</ns3:cad>
          </ns3:TrackPointExtension>
        </extensions>
      </trkpt>
      <trkpt lat="31.29258164204657077789306640625" lon="121.50459718890488147735595703125">
        <ele>12</ele>
        <time>2026-10-04T06:31:15.000Z</time>
        <extensions>
          <ns3:TrackPointExtension>
            <ns3:hr>72</ns3:hr>
            <ns3:cad>53</ns3:cad>
          </ns3:TrackPointExtension>
        </extensions>
      </trkpt>
      <trkpt lat="31.29257929511368274688720703125" lon="121.50458344258368015289306640625">
        <ele>12</ele>
        <time>2026-10-04T06:31:16.000Z</time>
        <extensions>
          <ns3:TrackPointExtension>
            <ns3:hr>74</ns3:hr>
            <ns3:cad>53</ns3:cad>
          </ns3:TrackPointExtension>
        </extensions>
      </trkpt>
      <trkpt lat="31.29257627762854099273681640625" lon="121.50455527938902378082275390625">
        <ele>12</ele>
        <time>2026-10-04T06:31:18.000Z</time>
        <extensions>
          <ns3:TrackPointExtension>
            <ns3:hr>77</ns3:hr>
            <ns3:cad>54</ns3:cad>
          </ns3:TrackPointExtension>
        </extensions>
      </trkpt>
      <trkpt lat="31.2925783731043338775634765625" lon="121.50452644564211368560791015625">
        <ele>12</ele>
        <time>2026-10-04T06:31:21.000Z</time>
        <extensions>
          <ns3:TrackPointExtension>
            <ns3:hr>80</ns3:hr>
            <ns3:cad>55</ns3:cad>
          </ns3:TrackPointExtension>
        </extensions>
      </trkpt>
      <trkpt lat="31.29257795400917530059814453125" lon="121.5044879727065563201904296875">
        <ele>12</ele>
        <time>2026-10-04T06:31:24.000Z</time>
        <extensions>
          <ns3:TrackPointExtension>
            <ns3:hr>80</ns3:hr>
            <ns3:cad>55</ns3:cad>
          </ns3:TrackPointExtension>
        </extensions>
      </trkpt>
      <trkpt lat="31.2925989925861358642578125" lon="121.50446509011089801788330078125">
        <ele>12</ele>
        <time>2026-10-04T06:31:27.000Z</time>
        <extensions>
          <ns3:TrackPointExtension>
            <ns3:hr>80</ns3:hr>
            <ns3:cad>56</ns3:cad>
          </ns3:TrackPointExtension>
        </extensions>
      </trkpt>
      <trkpt lat="31.29261307418346405029296875" lon="121.50434925220906734466552734375">
        <ele>11.19999980926513671875</ele>
        <time>2026-10-04T06:31:36.000Z</time>
        <extensions>
          <ns3:TrackPointExtension>
            <ns3:hr>78</ns3:hr>
            <ns3:cad>54</ns3:cad>
          </ns3:TrackPointExtension>
        </extensions>
      </trkpt>
      <trkpt lat="31.2926129065454006195068359375" lon="121.50433097966015338897705078125">
        <ele>11</ele>
        <time>2026-10-04T06:31:38.000Z</time>
        <extensions>
          <ns3:TrackPointExtension>
            <ns3:hr>76</ns3:hr>
            <ns3:cad>55</ns3:cad>
          </ns3:TrackPointExtension>
        </extensions>
      </trkpt>
      <trkpt lat="31.29261181689798831939697265625" lon="121.5043025650084018707275390625">
        <ele>10.80000019073486328125</ele>
        <time>2026-10-04T06:31:40.000Z</time>
        <extensions>
          <ns3:TrackPointExtension>
            <ns3:hr>77</ns3:hr>
            <ns3:cad>56</ns3:cad>
          </ns3:TrackPointExtension>
        </extensions>
      </trkpt>
      <trkpt lat="31.292621456086635589599609375" lon="121.50425168685615062713623046875">
        <ele>10.3999996185302734375</ele>
        <time>2026-10-04T06:31:43.000Z</time>
        <extensions>
          <ns3:TrackPointExtension>
            <ns3:hr>74</ns3:hr>
            <ns3:cad>55</ns3:cad>
          </ns3:TrackPointExtension>
        </extensions>
      </trkpt>
      <trkpt lat="31.292681135237216949462890625" lon="121.5041640959680080413818359375">
        <ele>9.80000019073486328125</ele>
        <time>2026-10-04T06:31:51.000Z</time>
        <extensions>
          <ns3:TrackPointExtension>
            <ns3:hr>75</ns3:hr>
            <ns3:cad>56</ns3:cad>
          </ns3:TrackPointExtension>
        </extensions>
      </trkpt>
      <trkpt lat="31.29265867173671722412109375" lon="121.5040859766304492950439453125">
        <ele>9.19999980926513671875</ele>
        <time>2026-10-04T06:31:55.000Z</time>
        <extensions>
          <ns3:TrackPointExtension>
            <ns3:hr>77</ns3:hr>
            <ns3:cad>56</ns3:cad>
          </ns3:TrackPointExtension>
        </extensions>
      </trkpt>
      <trkpt lat="31.2926239706575870513916015625" lon="121.50406912900507450103759765625">
        <ele>9</ele>
        <time>2026-10-04T06:31:57.000Z</time>
        <extensions>
          <ns3:TrackPointExtension>
            <ns3:hr>77</ns3:hr>
            <ns3:cad>56</ns3:cad>
          </ns3:TrackPointExtension>
        </extensions>
      </trkpt>
      <trkpt lat="31.2925347872078418731689453125" lon="121.5039837174117565155029296875">
        <ele>8.3999996185302734375</ele>
        <time>2026-10-04T06:32:03.000Z</time>
        <extensions>
          <ns3:TrackPointExtension>
            <ns3:hr>82</ns3:hr>
            <ns3:cad>82</ns3:cad>
          </ns3:TrackPointExtension>
        </extensions>
      </trkpt>
      <trkpt lat="31.29252263344824314117431640625" lon="121.50396988727152347564697265625">
        <ele>8.3999996185302734375</ele>
        <time>2026-10-04T06:32:04.000Z</time>
        <extensions>
          <ns3:TrackPointExtension>
            <ns3:hr>82</ns3:hr>
            <ns3:cad>82</ns3:cad>
          </ns3:TrackPointExtension>
        </extensions>
      </trkpt>
      <trkpt lat="31.292469240725040435791015625" lon="121.5039528720080852508544921875">
        <ele>8.19999980926513671875</ele>
        <time>2026-10-04T06:32:06.000Z</time>
        <extensions>
          <ns3:TrackPointExtension>
            <ns3:hr>88</ns3:hr>
            <ns3:cad>82</ns3:cad>
          </ns3:TrackPointExtension>
        </extensions>
      </trkpt>
      <trkpt lat="31.29245591349899768829345703125" lon="121.5039545483887195587158203125">
        <ele>8.19999980926513671875</ele>
        <time>2026-10-04T06:32:07.000Z</time>
        <extensions>
          <ns3:TrackPointExtension>
            <ns3:hr>88</ns3:hr>
            <ns3:cad>82</ns3:cad>
          </ns3:TrackPointExtension>
        </extensions>
      </trkpt>
      <trkpt lat="31.292444765567779541015625" lon="121.50395479984581470489501953125">
        <ele>8.19999980926513671875</ele>
        <time>2026-10-04T06:32:09.000Z</time>
        <extensions>
          <ns3:TrackPointExtension>
            <ns3:hr>91</ns3:hr>
            <ns3:cad>82</ns3:cad>
          </ns3:TrackPointExtension>
        </extensions>
      </trkpt>
      <trkpt lat="31.29242573864758014678955078125" lon="121.503945998847484588623046875">
        <ele>8.19999980926513671875</ele>
        <time>2026-10-04T06:32:15.000Z</time>
        <extensions>
          <ns3:TrackPointExtension>
            <ns3:hr>90</ns3:hr>
            <ns3:cad>0</ns3:cad>
          </ns3:TrackPointExtension>
        </extensions>
      </trkpt>
      <trkpt lat="31.29239740781486034393310546875" lon="121.50387869216501712799072265625">
        <ele>7.400000095367431640625</ele>
        <time>2026-10-04T06:32:21.000Z</time>
        <extensions>
          <ns3:TrackPointExtension>
            <ns3:hr>89</ns3:hr>
            <ns3:cad>0</ns3:cad>
          </ns3:TrackPointExtension>
        </extensions>
      </trkpt>
      <trkpt lat="31.292412579059600830078125" lon="121.50378112681210041046142578125">
        <ele>6.400000095367431640625</ele>
        <time>2026-10-04T06:32:25.000Z</time>
        <extensions>
          <ns3:TrackPointExtension>
            <ns3:hr>89</ns3:hr>
            <ns3:cad>83</ns3:cad>
          </ns3:TrackPointExtension>
        </extensions>
      </trkpt>
      <trkpt lat="31.2924301810562610626220703125" lon="121.503736115992069244384765625">
        <ele>6</ele>
        <time>2026-10-04T06:32:27.000Z</time>
        <extensions>
          <ns3:TrackPointExtension>
            <ns3:hr>92</ns3:hr>
            <ns3:cad>83</ns3:cad>
          </ns3:TrackPointExtension>
        </extensions>
      </trkpt>
      <trkpt lat="31.2924402393400669097900390625" lon="121.5036947093904018402099609375">
        <ele>5.599999904632568359375</ele>
        <time>2026-10-04T06:32:29.000Z</time>
        <extensions>
          <ns3:TrackPointExtension>
            <ns3:hr>95</ns3:hr>
            <ns3:cad>83</ns3:cad>
          </ns3:TrackPointExtension>
        </extensions>
      </trkpt>
      <trkpt lat="31.29243512637913227081298828125" lon="121.50367316789925098419189453125">
        <ele>5.400000095367431640625</ele>
        <time>2026-10-04T06:32:30.000Z</time>
        <extensions>
          <ns3:TrackPointExtension>
            <ns3:hr>95</ns3:hr>
            <ns3:cad>83</ns3:cad>
          </ns3:TrackPointExtension>
        </extensions>
      </trkpt>
      <trkpt lat="31.292455494403839111328125" lon="121.50357778184115886688232421875">
        <ele>4.599999904632568359375</ele>
        <time>2026-10-04T06:32:35.000Z</time>
        <extensions>
          <ns3:TrackPointExtension>
            <ns3:hr>93</ns3:hr>
            <ns3:cad>81</ns3:cad>
          </ns3:TrackPointExtension>
        </extensions>
      </trkpt>
      <trkpt lat="31.2925066240131855010986328125" lon="121.50345540605485439300537109375">
        <ele>3.7999999523162841796875</ele>
        <time>2026-10-04T06:32:43.000Z</time>
        <extensions>
          <ns3:TrackPointExtension>
            <ns3:hr>94</ns3:hr>
            <ns3:cad>40</ns3:cad>
          </ns3:TrackPointExtension>
        </extensions>
      </trkpt>
      <trkpt lat="31.29251743666827678680419921875" lon="121.50342087261378765106201171875">
        <ele>3.599999904632568359375</ele>
        <time>2026-10-04T06:32:47.000Z</time>
        <extensions>
          <ns3:TrackPointExtension>
            <ns3:hr>96</ns3:hr>
            <ns3:cad>53</ns3:cad>
          </ns3:TrackPointExtension>
        </extensions>
      </trkpt>
      <trkpt lat="31.29251919686794281005859375" lon="121.50340511463582515716552734375">
        <ele>3.599999904632568359375</ele>
        <time>2026-10-04T06:32:48.000Z</time>
        <extensions>
          <ns3:TrackPointExtension>
            <ns3:hr>97</ns3:hr>
            <ns3:cad>53</ns3:cad>
          </ns3:TrackPointExtension>
        </extensions>
      </trkpt>
      <trkpt lat="31.2925233878195285797119140625" lon="121.5033822320401668548583984375">
        <ele>3.599999904632568359375</ele>
        <time>2026-10-04T06:32:50.000Z</time>
        <extensions>
          <ns3:TrackPointExtension>
            <ns3:hr>98</ns3:hr>
            <ns3:cad>53</ns3:cad>
          </ns3:TrackPointExtension>
        </extensions>
      </trkpt>
      <trkpt lat="31.29253637976944446563720703125" lon="121.50333286263048648834228515625">
        <ele>3.599999904632568359375</ele>
        <time>2026-10-04T06:32:55.000Z</time>
        <extensions>
          <ns3:TrackPointExtension>
            <ns3:hr>97</ns3:hr>
            <ns3:cad>53</ns3:cad>
          </ns3:TrackPointExtension>
        </extensions>
      </trkpt>
      <trkpt lat="31.29257258959114551544189453125" lon="121.50322976522147655487060546875">
        <ele>4.400000095367431640625</ele>
        <time>2026-10-04T06:33:04.000Z</time>
        <extensions>
          <ns3:TrackPointExtension>
            <ns3:hr>94</ns3:hr>
            <ns3:cad>0</ns3:cad>
          </ns3:TrackPointExtension>
        </extensions>
      </trkpt>
      <trkpt lat="31.29257979802787303924560546875" lon="121.5032223053276538848876953125">
        <ele>4.400000095367431640625</ele>
        <time>2026-10-04T06:33:05.000Z</time>
        <extensions>
          <ns3:TrackPointExtension>
            <ns3:hr>94</ns3:hr>
            <ns3:cad>0</ns3:cad>
          </ns3:TrackPointExtension>
        </extensions>
      </trkpt>
      <trkpt lat="31.29259874112904071807861328125" lon="121.5031954832375049591064453125">
        <ele>4.599999904632568359375</ele>
        <time>2026-10-04T06:33:08.000Z</time>
        <extensions>
          <ns3:TrackPointExtension>
            <ns3:hr>90</ns3:hr>
            <ns3:cad>55</ns3:cad>
          </ns3:TrackPointExtension>
        </extensions>
      </trkpt>
      <trkpt lat="31.2926041893661022186279296875" lon="121.50315416045486927032470703125">
        <ele>4.599999904632568359375</ele>
        <time>2026-10-04T06:33:11.000Z</time>
        <extensions>
          <ns3:TrackPointExtension>
            <ns3:hr>87</ns3:hr>
            <ns3:cad>54</ns3:cad>
          </ns3:TrackPointExtension>
        </extensions>
      </trkpt>
      <trkpt lat="31.2926216237246990203857421875" lon="121.5031197108328342437744140625">
        <ele>4.599999904632568359375</ele>
        <time>2026-10-04T06:33:14.000Z</time>
        <extensions>
          <ns3:TrackPointExtension>
            <ns3:hr>86</ns3:hr>
            <ns3:cad>54</ns3:cad>
          </ns3:TrackPointExtension>
        </extensions>
      </trkpt>
      <trkpt lat="31.29263511858880519866943359375" lon="121.50308735668659210205078125">
        <ele>4.599999904632568359375</ele>
        <time>2026-10-04T06:33:17.000Z</time>
        <extensions>
          <ns3:TrackPointExtension>
            <ns3:hr>84</ns3:hr>
            <ns3:cad>57</ns3:cad>
          </ns3:TrackPointExtension>
        </extensions>
      </trkpt>
      <trkpt lat="31.29268725402653217315673828125" lon="121.50303279049694538116455078125">
        <ele>5.400000095367431640625</ele>
        <time>2026-10-04T06:33:22.000Z</time>
        <extensions>
          <ns3:TrackPointExtension>
            <ns3:hr>81</ns3:hr>
            <ns3:cad>56</ns3:cad>
          </ns3:TrackPointExtension>
        </extensions>
      </trkpt>
      <trkpt lat="31.2927210330963134765625" lon="121.50297244079411029815673828125">
        <ele>6.19999980926513671875</ele>
        <time>2026-10-04T06:33:28.000Z</time>
        <extensions>
          <ns3:TrackPointExtension>
            <ns3:hr>79</ns3:hr>
            <ns3:cad>56</ns3:cad>
          </ns3:TrackPointExtension>
        </extensions>
      </trkpt>
      <trkpt lat="31.29271307028830051422119140625" lon="121.5029410086572170257568359375">
        <ele>6.400000095367431640625</ele>
        <time>2026-10-04T06:33:30.000Z</time>
        <extensions>
          <ns3:TrackPointExtension>
            <ns3:hr>76</ns3:hr>
            <ns3:cad>56</ns3:cad>
          </ns3:TrackPointExtension>
        </extensions>
      </trkpt>
      <trkpt lat="31.292713992297649383544921875" lon="121.50290907360613346099853515625">
        <ele>6.80000019073486328125</ele>
        <time>2026-10-04T06:33:32.000Z</time>
        <extensions>
          <ns3:TrackPointExtension>
            <ns3:hr>78</ns3:hr>
            <ns3:cad>57</ns3:cad>
          </ns3:TrackPointExtension>
        </extensions>
      </trkpt>
      <trkpt lat="31.29272036254405975341796875" lon="121.502887867391109466552734375">
        <ele>7</ele>
        <time>2026-10-04T06:33:33.000Z</time>
        <extensions>
          <ns3:TrackPointExtension>
            <ns3:hr>75</ns3:hr>
            <ns3:cad>0</ns3:cad>
          </ns3:TrackPointExtension>
        </extensions>
      </trkpt>
      <trkpt lat="31.29275665618479251861572265625" lon="121.5028089098632335662841796875">
        <ele>8</ele>
        <time>2026-10-04T06:33:36.000Z</time>
        <extensions>
          <ns3:TrackPointExtension>
            <ns3:hr>75</ns3:hr>
            <ns3:cad>82</ns3:cad>
          </ns3:TrackPointExtension>
        </extensions>
      </trkpt>
      <trkpt lat="31.29281080327928066253662109375" lon="121.50272517465054988861083984375">
        <ele>8.19999980926513671875</ele>
        <time>2026-10-04T06:33:40.000Z</time>
        <extensions>
          <ns3:TrackPointExtension>
            <ns3:hr>78</ns3:hr>
            <ns3:cad>83</ns3:cad>
          </ns3:TrackPointExtension>
        </extensions>
      </trkpt>
      <trkpt lat="31.29283376969397068023681640625" lon="121.50267924182116985321044921875">
        <ele>8.3999996185302734375</ele>
        <time>2026-10-04T06:33:42.000Z</time>
        <extensions>
          <ns3:TrackPointExtension>
            <ns3:hr>78</ns3:hr>
            <ns3:cad>84</ns3:cad>
          </ns3:TrackPointExtension>
        </extensions>
      </trkpt>
      <trkpt lat="31.29285288043320178985595703125" lon="121.50264454074203968048095703125">
        <ele>8.6000003814697265625</ele>
        <time>2026-10-04T06:33:44.000Z</time>
        <extensions>
          <ns3:TrackPointExtension>
            <ns3:hr>81</ns3:hr>
            <ns3:cad>84</ns3:cad>
          </ns3:TrackPointExtension>
        </extensions>
      </trkpt>
      <trkpt lat="31.2928690575063228607177734375" lon="121.50258980691432952880859375">
        <ele>8.6000003814697265625</ele>
        <time>2026-10-04T06:33:46.000Z</time>
        <extensions>
          <ns3:TrackPointExtension>
            <ns3:hr>85</ns3:hr>
            <ns3:cad>84</ns3:cad>
          </ns3:TrackPointExtension>
        </extensions>
      </trkpt>
      <trkpt lat="31.29289596341550350189208984375" lon="121.50254529900848865509033203125">
        <ele>8.3999996185302734375</ele>
        <time>2026-10-04T06:33:48.000Z</time>
        <extensions>
          <ns3:TrackPointExtension>
            <ns3:hr>89</ns3:hr>
            <ns3:cad>84</ns3:cad>
          </ns3:TrackPointExtension>
        </extensions>
      </trkpt>
      <trkpt lat="31.29290920682251453399658203125" lon="121.502523086965084075927734375">
        <ele>8.3999996185302734375</ele>
        <time>2026-10-04T06:33:49.000Z</time>
        <extensions>
          <ns3:TrackPointExtension>
            <ns3:hr>89</ns3:hr>
            <ns3:cad>83</ns3:cad>
          </ns3:TrackPointExtension>
        </extensions>
      </trkpt>
      <trkpt lat="31.2929636053740978240966796875" lon="121.50238336063921451568603515625">
        <ele>7.599999904632568359375</ele>
        <time>2026-10-04T06:33:55.000Z</time>
        <extensions>
          <ns3:TrackPointExtension>
            <ns3:hr>90</ns3:hr>
            <ns3:cad>83</ns3:cad>
          </ns3:TrackPointExtension>
        </extensions>
      </trkpt>
      <trkpt lat="31.2929726578295230865478515625" lon="121.50236123241484165191650390625">
        <ele>7.400000095367431640625</ele>
        <time>2026-10-04T06:33:56.000Z</time>
        <extensions>
          <ns3:TrackPointExtension>
            <ns3:hr>91</ns3:hr>
            <ns3:cad>83</ns3:cad>
          </ns3:TrackPointExtension>
        </extensions>
      </trkpt>
      <trkpt lat="31.29300224594771862030029296875" lon="121.50228202342987060546875">
        <ele>7.19999980926513671875</ele>
        <time>2026-10-04T06:33:59.000Z</time>
        <extensions>
          <ns3:TrackPointExtension>
            <ns3:hr>94</ns3:hr>
            <ns3:cad>83</ns3:cad>
          </ns3:TrackPointExtension>
        </extensions>
      </trkpt>
      <trkpt lat="31.29300744272768497467041015625" lon="121.5022557042539119720458984375">
        <ele>7</ele>
        <time>2026-10-04T06:34:00.000Z</time>
        <extensions>
          <ns3:TrackPointExtension>
            <ns3:hr>96</ns3:hr>
            <ns3:cad>83</ns3:cad>
          </ns3:TrackPointExtension>
        </extensions>
      </trkpt>
      <trkpt lat="31.2930206023156642913818359375" lon="121.50219149887561798095703125">
        <ele>6.80000019073486328125</ele>
        <time>2026-10-04T06:34:01.000Z</time>
        <extensions>
          <ns3:TrackPointExtension>
            <ns3:hr>99</ns3:hr>
            <ns3:cad>83</ns3:cad>
          </ns3:TrackPointExtension>
        </extensions>
      </trkpt>
      <trkpt lat="31.2930206023156642913818359375" lon="121.50219149887561798095703125">
        <ele>6.80000019073486328125</ele>
        <time>2026-10-04T06:34:02.000Z</time>
        <extensions>
          <ns3:TrackPointExtension>
            <ns3:hr>99</ns3:hr>
            <ns3:cad>83</ns3:cad>
          </ns3:TrackPointExtension>
        </extensions>
      </trkpt>
      <trkpt lat="31.29303376190364360809326171875" lon="121.50213441811501979827880859375">
        <ele>6.400000095367431640625</ele>
        <time>2026-10-04T06:34:04.000Z</time>
        <extensions>
          <ns3:TrackPointExtension>
            <ns3:hr>102</ns3:hr>
            <ns3:cad>83</ns3:cad>
          </ns3:TrackPointExtension>
        </extensions>
      </trkpt>
      <trkpt lat="31.29307567141950130462646484375" lon="121.50196217000484466552734375">
        <ele>5.599999904632568359375</ele>
        <time>2026-10-04T06:34:10.000Z</time>
        <extensions>
          <ns3:TrackPointExtension>
            <ns3:hr>105</ns3:hr>
            <ns3:cad>82</ns3:cad>
          </ns3:TrackPointExtension>
        </extensions>
      </trkpt>
      <trkpt lat="31.29314322955906391143798828125" lon="121.5017822943627834320068359375">
        <ele>6.400000095367431640625</ele>
        <time>2026-10-04T06:34:17.000Z</time>
        <extensions>
          <ns3:TrackPointExtension>
            <ns3:hr>108</ns3:hr>
            <ns3:cad>83</ns3:cad>
          </ns3:TrackPointExtension>
        </extensions>
      </trkpt>
      <trkpt lat="31.29315194673836231231689453125" lon="121.5017576515674591064453125">
        <ele>6.599999904632568359375</ele>
        <time>2026-10-04T06:34:18.000Z</time>
        <extensions>
          <ns3:TrackPointExtension>
            <ns3:hr>108</ns3:hr>
            <ns3:cad>83</ns3:cad>
          </ns3:TrackPointExtension>
        </extensions>
      </trkpt>
      <trkpt lat="31.2931956164538860321044921875" lon="121.50166553445160388946533203125">
        <ele>7.599999904632568359375</ele>
        <time>2026-10-04T06:34:22.000Z</time>
        <extensions>
          <ns3:TrackPointExtension>
            <ns3:hr>111</ns3:hr>
            <ns3:cad>83</ns3:cad>
          </ns3:TrackPointExtension>
        </extensions>
      </trkpt>
      <trkpt lat="31.29324607551097869873046875" lon="121.50161616504192352294921875">
        <ele>8.19999980926513671875</ele>
        <time>2026-10-04T06:34:25.000Z</time>
        <extensions>
          <ns3:TrackPointExtension>
            <ns3:hr>112</ns3:hr>
            <ns3:cad>83</ns3:cad>
          </ns3:TrackPointExtension>
        </extensions>
      </trkpt>
      <trkpt lat="31.2932536192238330841064453125" lon="121.5015952102839946746826171875">
        <ele>8.19999980926513671875</ele>
        <time>2026-10-04T06:34:26.000Z</time>
        <extensions>
          <ns3:TrackPointExtension>
            <ns3:hr>113</ns3:hr>
            <ns3:cad>83</ns3:cad>
          </ns3:TrackPointExtension>
        </extensions>
      </trkpt>
      <trkpt lat="31.29327968694269657135009765625" lon="121.5014974772930145263671875">
        <ele>9</ele>
        <time>2026-10-04T06:34:30.000Z</time>
        <extensions>
          <ns3:TrackPointExtension>
            <ns3:hr>114</ns3:hr>
            <ns3:cad>83</ns3:cad>
          </ns3:TrackPointExtension>
        </extensions>
      </trkpt>
      <trkpt lat="31.29329293034970760345458984375" lon="121.50147593580186367034912109375">
        <ele>9.19999980926513671875</ele>
        <time>2026-10-04T06:34:31.000Z</time>
        <extensions>
          <ns3:TrackPointExtension>
            <ns3:hr>115</ns3:hr>
            <ns3:cad>82</ns3:cad>
          </ns3:TrackPointExtension>
        </extensions>
      </trkpt>
      <trkpt lat="31.293319500982761383056640625" lon="121.50140569545328617095947265625">
        <ele>9.80000019073486328125</ele>
        <time>2026-10-04T06:34:34.000Z</time>
        <extensions>
          <ns3:TrackPointExtension>
            <ns3:hr>116</ns3:hr>
            <ns3:cad>82</ns3:cad>
          </ns3:TrackPointExtension>
        </extensions>
      </trkpt>
      <trkpt lat="31.29338194616138935089111328125" lon="121.50124761275947093963623046875">
        <ele>9.6000003814697265625</ele>
        <time>2026-10-04T06:34:40.000Z</time>
        <extensions>
          <ns3:TrackPointExtension>
            <ns3:hr>117</ns3:hr>
            <ns3:cad>82</ns3:cad>
          </ns3:TrackPointExtension>
        </extensions>
      </trkpt>
      <trkpt lat="31.2934752367436885833740234375" lon="121.50107301771640777587890625">
        <ele>8</ele>
        <time>2026-10-04T06:34:47.000Z</time>
        <extensions>
          <ns3:TrackPointExtension>
            <ns3:hr>118</ns3:hr>
            <ns3:cad>82</ns3:cad>
          </ns3:TrackPointExtension>
        </extensions>
      </trkpt>
      <trkpt lat="31.29356928169727325439453125" lon="121.50088786147534847259521484375">
        <ele>6.19999980926513671875</ele>
        <time>2026-10-04T06:34:54.000Z</time>
        <extensions>
          <ns3:TrackPointExtension>
            <ns3:hr>121</ns3:hr>
            <ns3:cad>82</ns3:cad>
          </ns3:TrackPointExtension>
        </extensions>
      </trkpt>
      <trkpt lat="31.293604485690593719482421875" lon="121.50085936300456523895263671875">
        <ele>6</ele>
        <time>2026-10-04T06:34:56.000Z</time>
        <extensions>
          <ns3:TrackPointExtension>
            <ns3:hr>121</ns3:hr>
            <ns3:cad>82</ns3:cad>
          </ns3:TrackPointExtension>
        </extensions>
      </trkpt>
      <trkpt lat="31.29360825754702091217041015625" lon="121.50082717649638652801513671875">
        <ele>6</ele>
        <time>2026-10-04T06:34:58.000Z</time>
        <extensions>
          <ns3:TrackPointExtension>
            <ns3:hr>121</ns3:hr>
            <ns3:cad>82</ns3:cad>
          </ns3:TrackPointExtension>
        </extensions>
      </trkpt>
      <trkpt lat="31.2935801781713962554931640625" lon="121.500789038836956024169921875">
        <ele>6</ele>
        <time>2026-10-04T06:35:00.000Z</time>
        <extensions>
          <ns3:TrackPointExtension>
            <ns3:hr>121</ns3:hr>
            <ns3:cad>80</ns3:cad>
          </ns3:TrackPointExtension>
        </extensions>
      </trkpt>
      <trkpt lat="31.29347146488726139068603515625" lon="121.500654257833957672119140625">
        <ele>6.400000095367431640625</ele>
        <time>2026-10-04T06:35:07.000Z</time>
        <extensions>
          <ns3:TrackPointExtension>
            <ns3:hr>121</ns3:hr>
            <ns3:cad>83</ns3:cad>
          </ns3:TrackPointExtension>
        </extensions>
      </trkpt>
      <trkpt lat="31.29333651624619960784912109375" lon="121.5004924871027469635009765625">
        <ele>7</ele>
        <time>2026-10-04T06:35:15.000Z</time>
        <extensions>
          <ns3:TrackPointExtension>
            <ns3:hr>122</ns3:hr>
            <ns3:cad>83</ns3:cad>
          </ns3:TrackPointExtension>
        </extensions>
      </trkpt>
      <trkpt lat="31.2933277152478694915771484375" lon="121.5004636533558368682861328125">
        <ele>7.19999980926513671875</ele>
        <time>2026-10-04T06:35:16.000Z</time>
        <extensions>
          <ns3:TrackPointExtension>
            <ns3:hr>122</ns3:hr>
            <ns3:cad>82</ns3:cad>
          </ns3:TrackPointExtension>
        </extensions>
      </trkpt>
      <trkpt lat="31.2932868115603923797607421875" lon="121.50029174052178859710693359375">
        <ele>8</ele>
        <time>2026-10-04T06:35:22.000Z</time>
        <extensions>
          <ns3:TrackPointExtension>
            <ns3:hr>122</ns3:hr>
            <ns3:cad>82</ns3:cad>
          </ns3:TrackPointExtension>
        </extensions>
      </trkpt>
      <trkpt lat="31.29325957037508487701416015625" lon="121.5002448856830596923828125">
        <ele>8.19999980926513671875</ele>
        <time>2026-10-04T06:35:24.000Z</time>
        <extensions>
          <ns3:TrackPointExtension>
            <ns3:hr>122</ns3:hr>
            <ns3:cad>82</ns3:cad>
          </ns3:TrackPointExtension>
        </extensions>
      </trkpt>
      <trkpt lat="31.2932251207530498504638671875" lon="121.5001937560737133026123046875">
        <ele>8.6000003814697265625</ele>
        <time>2026-10-04T06:35:26.000Z</time>
        <extensions>
          <ns3:TrackPointExtension>
            <ns3:hr>122</ns3:hr>
            <ns3:cad>82</ns3:cad>
          </ns3:TrackPointExtension>
        </extensions>
      </trkpt>
      <trkpt lat="31.29312529228627681732177734375" lon="121.5000579692423343658447265625">
        <ele>9.19999980926513671875</ele>
        <time>2026-10-04T06:35:32.000Z</time>
        <extensions>
          <ns3:TrackPointExtension>
            <ns3:hr>123</ns3:hr>
            <ns3:cad>82</ns3:cad>
          </ns3:TrackPointExtension>
        </extensions>
      </trkpt>
      <trkpt lat="31.2930081970989704132080078125" lon="121.4999047480523586273193359375">
        <ele>8.19999980926513671875</ele>
        <time>2026-10-04T06:35:39.000Z</time>
        <extensions>
          <ns3:TrackPointExtension>
            <ns3:hr>126</ns3:hr>
            <ns3:cad>83</ns3:cad>
          </ns3:TrackPointExtension>
        </extensions>
      </trkpt>
      <trkpt lat="31.29297961480915546417236328125" lon="121.4998618327081203460693359375">
        <ele>7.80000019073486328125</ele>
        <time>2026-10-04T06:35:41.000Z</time>
        <extensions>
          <ns3:TrackPointExtension>
            <ns3:hr>126</ns3:hr>
            <ns3:cad>82</ns3:cad>
          </ns3:TrackPointExtension>
        </extensions>
      </trkpt>
      <trkpt lat="31.2928398884832859039306640625" lon="121.49969344027340412139892578125">
        <ele>6.19999980926513671875</ele>
        <time>2026-10-04T06:35:49.000Z</time>
        <extensions>
          <ns3:TrackPointExtension>
            <ns3:hr>128</ns3:hr>
            <ns3:cad>82</ns3:cad>
          </ns3:TrackPointExtension>
        </extensions>
      </trkpt>
      <trkpt lat="31.292724050581455230712890625" lon="121.49952404201030731201171875">
        <ele>4.599999904632568359375</ele>
        <time>2026-10-04T06:35:57.000Z</time>
        <extensions>
          <ns3:TrackPointExtension>
            <ns3:hr>128</ns3:hr>
            <ns3:cad>82</ns3:cad>
          </ns3:TrackPointExtension>
        </extensions>
      </trkpt>
      <trkpt lat="31.2927104718983173370361328125" lon="121.49950400926172733306884765625">
        <ele>4.400000095367431640625</ele>
        <time>2026-10-04T06:35:58.000Z</time>
        <extensions>
          <ns3:TrackPointExtension>
            <ns3:hr>128</ns3:hr>
            <ns3:cad>82</ns3:cad>
          </ns3:TrackPointExtension>
        </extensions>
      </trkpt>
      <trkpt lat="31.29258088767528533935546875" lon="121.49936319328844547271728515625">
        <ele>4.19999980926513671875</ele>
        <time>2026-10-04T06:36:05.000Z</time>
        <extensions>
          <ns3:TrackPointExtension>
            <ns3:hr>127</ns3:hr>
            <ns3:cad>82</ns3:cad>
          </ns3:TrackPointExtension>
        </extensions>
      </trkpt>
      <trkpt lat="31.29246999509632587432861328125" lon="121.49923394434154033660888671875">
        <ele>4.19999980926513671875</ele>
        <time>2026-10-04T06:36:12.000Z</time>
        <extensions>
          <ns3:TrackPointExtension>
            <ns3:hr>126</ns3:hr>
            <ns3:cad>82</ns3:cad>
          </ns3:TrackPointExtension>
        </extensions>
      </trkpt>
      <trkpt lat="31.29232632927596569061279296875" lon="121.49909296073019504547119140625">
        <ele>4.19999980926513671875</ele>
        <time>2026-10-04T06:36:20.000Z</time>
        <extensions>
          <ns3:TrackPointExtension>
            <ns3:hr>126</ns3:hr>
            <ns3:cad>82</ns3:cad>
          </ns3:TrackPointExtension>
        </extensions>
      </trkpt>
      <trkpt lat="31.29219875670969486236572265625" lon="121.4989710040390491485595703125">
        <ele>4.19999980926513671875</ele>
        <time>2026-10-04T06:36:26.000Z</time>
        <extensions>
          <ns3:TrackPointExtension>
            <ns3:hr>127</ns3:hr>
            <ns3:cad>83</ns3:cad>
          </ns3:TrackPointExtension>
        </extensions>
      </trkpt>
      <trkpt lat="31.2920576892793178558349609375" lon="121.49881535209715366363525390625">
        <ele>5.19999980926513671875</ele>
        <time>2026-10-04T06:36:34.000Z</time>
        <extensions>
          <ns3:TrackPointExtension>
            <ns3:hr>127</ns3:hr>
            <ns3:cad>82</ns3:cad>
          </ns3:TrackPointExtension>
        </extensions>
      </trkpt>
      <trkpt lat="31.2919346429407596588134765625" lon="121.498629860579967498779296875">
        <ele>6.19999980926513671875</ele>
        <time>2026-10-04T06:36:42.000Z</time>
        <extensions>
          <ns3:TrackPointExtension>
            <ns3:hr>127</ns3:hr>
            <ns3:cad>82</ns3:cad>
          </ns3:TrackPointExtension>
        </extensions>
      </trkpt>
      <trkpt lat="31.29190421663224697113037109375" lon="121.49858660995960235595703125">
        <ele>6.599999904632568359375</ele>
        <time>2026-10-04T06:36:44.000Z</time>
        <extensions>
          <ns3:TrackPointExtension>
            <ns3:hr>127</ns3:hr>
            <ns3:cad>83</ns3:cad>
          </ns3:TrackPointExtension>
        </extensions>
      </trkpt>
      <trkpt lat="31.2917646579444408416748046875" lon="121.4984558522701263427734375">
        <ele>6.599999904632568359375</ele>
        <time>2026-10-04T06:36:51.000Z</time>
        <extensions>
          <ns3:TrackPointExtension>
            <ns3:hr>126</ns3:hr>
            <ns3:cad>81</ns3:cad>
          </ns3:TrackPointExtension>
        </extensions>
      </trkpt>
      <trkpt lat="31.2916441261768341064453125" lon="121.4982796646654605865478515625">
        <ele>6.19999980926513671875</ele>
        <time>2026-10-04T06:37:00.000Z</time>
        <extensions>
          <ns3:TrackPointExtension>
            <ns3:hr>127</ns3:hr>
            <ns3:cad>82</ns3:cad>
          </ns3:TrackPointExtension>
        </extensions>
      </trkpt>
      <trkpt lat="31.2915178947150707244873046875" lon="121.49809987284243106842041015625">
        <ele>5.599999904632568359375</ele>
        <time>2026-10-04T06:37:08.000Z</time>
        <extensions>
          <ns3:TrackPointExtension>
            <ns3:hr>129</ns3:hr>
            <ns3:cad>82</ns3:cad>
          </ns3:TrackPointExtension>
        </extensions>
      </trkpt>
      <trkpt lat="31.2914109416306018829345703125" lon="121.49794715456664562225341796875">
        <ele>6.19999980926513671875</ele>
        <time>2026-10-04T06:37:15.000Z</time>
        <extensions>
          <ns3:TrackPointExtension>
            <ns3:hr>130</ns3:hr>
            <ns3:cad>82</ns3:cad>
          </ns3:TrackPointExtension>
        </extensions>
      </trkpt>
      <trkpt lat="31.29131312482059001922607421875" lon="121.4977665245532989501953125">
        <ele>7.19999980926513671875</ele>
        <time>2026-10-04T06:37:22.000Z</time>
        <extensions>
          <ns3:TrackPointExtension>
            <ns3:hr>130</ns3:hr>
            <ns3:cad>83</ns3:cad>
          </ns3:TrackPointExtension>
        </extensions>
      </trkpt>
      <trkpt lat="31.29131915979087352752685546875" lon="121.4977291412651538848876953125">
        <ele>7</ele>
        <time>2026-10-04T06:37:23.000Z</time>
        <extensions>
          <ns3:TrackPointExtension>
            <ns3:hr>130</ns3:hr>
            <ns3:cad>83</ns3:cad>
          </ns3:TrackPointExtension>
        </extensions>
      </trkpt>
      <trkpt lat="31.29139811731874942779541015625" lon="121.49753912352025508880615234375">
        <ele>5.80000019073486328125</ele>
        <time>2026-10-04T06:37:30.000Z</time>
        <extensions>
          <ns3:TrackPointExtension>
            <ns3:hr>130</ns3:hr>
            <ns3:cad>83</ns3:cad>
          </ns3:TrackPointExtension>
        </extensions>
      </trkpt>
      <trkpt lat="31.291514374315738677978515625" lon="121.49738766252994537353515625">
        <ele>5.80000019073486328125</ele>
        <time>2026-10-04T06:37:37.000Z</time>
        <extensions>
          <ns3:TrackPointExtension>
            <ns3:hr>130</ns3:hr>
            <ns3:cad>83</ns3:cad>
          </ns3:TrackPointExtension>
        </extensions>
      </trkpt>
      <trkpt lat="31.29161856137216091156005859375" lon="121.49722245521843433380126953125">
        <ele>7</ele>
        <time>2026-10-04T06:37:44.000Z</time>
        <extensions>
          <ns3:TrackPointExtension>
            <ns3:hr>129</ns3:hr>
            <ns3:cad>83</ns3:cad>
          </ns3:TrackPointExtension>
        </extensions>
      </trkpt>
      <trkpt lat="31.29173624329268932342529296875" lon="121.49706688709557056427001953125">
        <ele>7.400000095367431640625</ele>
        <time>2026-10-04T06:37:51.000Z</time>
        <extensions>
          <ns3:TrackPointExtension>
            <ns3:hr>130</ns3:hr>
            <ns3:cad>83</ns3:cad>
          </ns3:TrackPointExtension>
        </extensions>
      </trkpt>
      <trkpt lat="31.291869096457958221435546875" lon="121.49696747772395610809326171875">
        <ele>5.400000095367431640625</ele>
        <time>2026-10-04T06:37:57.000Z</time>
        <extensions>
          <ns3:TrackPointExtension>
            <ns3:hr>131</ns3:hr>
            <ns3:cad>83</ns3:cad>
          </ns3:TrackPointExtension>
        </extensions>
      </trkpt>
      <trkpt lat="31.29187881946563720703125" lon="121.49694501422345638275146484375">
        <ele>5</ele>
        <time>2026-10-04T06:37:58.000Z</time>
        <extensions>
          <ns3:TrackPointExtension>
            <ns3:hr>131</ns3:hr>
            <ns3:cad>83</ns3:cad>
          </ns3:TrackPointExtension>
        </extensions>
      </trkpt>
      <trkpt lat="31.29191544838249683380126953125" lon="121.4968446828424930572509765625">
        <ele>5.80000019073486328125</ele>
        <time>2026-10-04T06:38:02.000Z</time>
        <extensions>
          <ns3:TrackPointExtension>
            <ns3:hr>131</ns3:hr>
            <ns3:cad>83</ns3:cad>
          </ns3:TrackPointExtension>
        </extensions>
      </trkpt>
      <trkpt lat="31.292002201080322265625" lon="121.49665801785886287689208984375">
        <ele>7</ele>
        <time>2026-10-04T06:38:09.000Z</time>
        <extensions>
          <ns3:TrackPointExtension>
            <ns3:hr>131</ns3:hr>
            <ns3:cad>83</ns3:cad>
          </ns3:TrackPointExtension>
        </extensions>
      </trkpt>
      <trkpt lat="31.2920194678008556365966796875" lon="121.49662951938807964324951171875">
        <ele>7.400000095367431640625</ele>
        <time>2026-10-04T06:38:10.000Z</time>
        <extensions>
          <ns3:TrackPointExtension>
            <ns3:hr>131</ns3:hr>
            <ns3:cad>83</ns3:cad>
          </ns3:TrackPointExtension>
        </extensions>
      </trkpt>
      <trkpt lat="31.292135976254940032958984375" lon="121.49647043086588382720947265625">
        <ele>6.599999904632568359375</ele>
        <time>2026-10-04T06:38:17.000Z</time>
        <extensions>
          <ns3:TrackPointExtension>
            <ns3:hr>132</ns3:hr>
            <ns3:cad>83</ns3:cad>
          </ns3:TrackPointExtension>
        </extensions>
      </trkpt>
      <trkpt lat="31.292174197733402252197265625" lon="121.4964111708104610443115234375">
        <ele>6</ele>
        <time>2026-10-04T06:38:19.000Z</time>
        <extensions>
          <ns3:TrackPointExtension>
            <ns3:hr>133</ns3:hr>
            <ns3:cad>83</ns3:cad>
          </ns3:TrackPointExtension>
        </extensions>
      </trkpt>
      <trkpt lat="31.2922977469861507415771484375" lon="121.49624076671898365020751953125">
        <ele>5.400000095367431640625</ele>
        <time>2026-10-04T06:38:26.000Z</time>
        <extensions>
          <ns3:TrackPointExtension>
            <ns3:hr>134</ns3:hr>
            <ns3:cad>83</ns3:cad>
          </ns3:TrackPointExtension>
        </extensions>
      </trkpt>
      <trkpt lat="31.292407549917697906494140625" lon="121.49606843478977680206298828125">
        <ele>4.599999904632568359375</ele>
        <time>2026-10-04T06:38:33.000Z</time>
        <extensions>
          <ns3:TrackPointExtension>
            <ns3:hr>134</ns3:hr>
            <ns3:cad>83</ns3:cad>
          </ns3:TrackPointExtension>
        </extensions>
      </trkpt>
      <trkpt lat="31.2924258224666118621826171875" lon="121.49603909812867641448974609375">
        <ele>4.400000095367431640625</ele>
        <time>2026-10-04T06:38:34.000Z</time>
        <extensions>
          <ns3:TrackPointExtension>
            <ns3:hr>135</ns3:hr>
            <ns3:cad>83</ns3:cad>
          </ns3:TrackPointExtension>
        </extensions>
      </trkpt>
      <trkpt lat="31.29252179525792598724365234375" lon="121.49585201404988765716552734375">
        <ele>4.80000019073486328125</ele>
        <time>2026-10-04T06:38:41.000Z</time>
        <extensions>
          <ns3:TrackPointExtension>
            <ns3:hr>134</ns3:hr>
            <ns3:cad>83</ns3:cad>
          </ns3:TrackPointExtension>
        </extensions>
      </trkpt>
      <trkpt lat="31.29261366091668605804443359375" lon="121.49565386585891246795654296875">
        <ele>6</ele>
        <time>2026-10-04T06:38:49.000Z</time>
        <extensions>
          <ns3:TrackPointExtension>
            <ns3:hr>135</ns3:hr>
            <ns3:cad>83</ns3:cad>
          </ns3:TrackPointExtension>
        </extensions>
      </trkpt>
      <trkpt lat="31.29262137226760387420654296875" lon="121.4956262893974781036376953125">
        <ele>6.19999980926513671875</ele>
        <time>2026-10-04T06:38:50.000Z</time>
        <extensions>
          <ns3:TrackPointExtension>
            <ns3:hr>136</ns3:hr>
            <ns3:cad>84</ns3:cad>
          </ns3:TrackPointExtension>
        </extensions>
      </trkpt>
      <trkpt lat="31.2926886789500713348388671875" lon="121.49543040432035923004150390625">
        <ele>7</ele>
        <time>2026-10-04T06:38:57.000Z</time>
        <extensions>
          <ns3:TrackPointExtension>
            <ns3:hr>136</ns3:hr>
            <ns3:cad>83</ns3:cad>
          </ns3:TrackPointExtension>
        </extensions>
      </trkpt>
      <trkpt lat="31.29269949160516262054443359375" lon="121.495400480926036834716796875">
        <ele>7</ele>
        <time>2026-10-04T06:38:58.000Z</time>
        <extensions>
          <ns3:TrackPointExtension>
            <ns3:hr>136</ns3:hr>
            <ns3:cad>83</ns3:cad>
          </ns3:TrackPointExtension>
        </extensions>
      </trkpt>
      <trkpt lat="31.292749531567096710205078125" lon="121.49522488005459308624267578125">
        <ele>7.19999980926513671875</ele>
        <time>2026-10-04T06:39:04.000Z</time>
        <extensions>
          <ns3:TrackPointExtension>
            <ns3:hr>136</ns3:hr>
            <ns3:cad>84</ns3:cad>
          </ns3:TrackPointExtension>
        </extensions>
      </trkpt>
      <trkpt lat="31.2928056903183460235595703125" lon="121.4950011670589447021484375">
        <ele>7</ele>
        <time>2026-10-04T06:39:11.000Z</time>
        <extensions>
          <ns3:TrackPointExtension>
            <ns3:hr>136</ns3:hr>
            <ns3:cad>83</ns3:cad>
          </ns3:TrackPointExtension>
        </extensions>
      </trkpt>
      <trkpt lat="31.2928177602589130401611328125" lon="121.494901590049266815185546875">
        <ele>6.80000019073486328125</ele>
        <time>2026-10-04T06:39:14.000Z</time>
        <extensions>
          <ns3:TrackPointExtension>
            <ns3:hr>136</ns3:hr>
            <ns3:cad>83</ns3:cad>
          </ns3:TrackPointExtension>
        </extensions>
      </trkpt>
      <trkpt lat="31.2928497791290283203125" lon="121.49467326700687408447265625">
        <ele>5.599999904632568359375</ele>
        <time>2026-10-04T06:39:21.000Z</time>
        <extensions>
          <ns3:TrackPointExtension>
            <ns3:hr>137</ns3:hr>
            <ns3:cad>83</ns3:cad>
          </ns3:TrackPointExtension>
        </extensions>
      </trkpt>
      <trkpt lat="31.29285371862351894378662109375" lon="121.4946355484426021575927734375">
        <ele>5</ele>
        <time>2026-10-04T06:39:22.000Z</time>
        <extensions>
          <ns3:TrackPointExtension>
            <ns3:hr>137</ns3:hr>
            <ns3:cad>83</ns3:cad>
          </ns3:TrackPointExtension>
        </extensions>
      </trkpt>
      <trkpt lat="31.2929128110408782958984375" lon="121.49450621567666530609130859375">
        <ele>3.7999999523162841796875</ele>
        <time>2026-10-04T06:39:27.000Z</time>
        <extensions>
          <ns3:TrackPointExtension>
            <ns3:hr>137</ns3:hr>
            <ns3:cad>83</ns3:cad>
          </ns3:TrackPointExtension>
        </extensions>
      </trkpt>
      <trkpt lat="31.2930423952639102935791015625" lon="121.49436674080789089202880859375">
        <ele>3.7999999523162841796875</ele>
        <time>2026-10-04T06:39:34.000Z</time>
        <extensions>
          <ns3:TrackPointExtension>
            <ns3:hr>138</ns3:hr>
            <ns3:cad>82</ns3:cad>
          </ns3:TrackPointExtension>
        </extensions>
      </trkpt>
      <trkpt lat="31.29309444688260555267333984375" lon="121.49430840276181697845458984375">
        <ele>4.599999904632568359375</ele>
        <time>2026-10-04T06:39:41.000Z</time>
        <extensions>
          <ns3:TrackPointExtension>
            <ns3:hr>136</ns3:hr>
            <ns3:cad>53</ns3:cad>
          </ns3:TrackPointExtension>
        </extensions>
      </trkpt>
      <trkpt lat="31.29312579520046710968017578125" lon="121.49426297284662723541259765625">
        <ele>4.80000019073486328125</ele>
        <time>2026-10-04T06:39:46.000Z</time>
        <extensions>
          <ns3:TrackPointExtension>
            <ns3:hr>133</ns3:hr>
            <ns3:cad>53</ns3:cad>
          </ns3:TrackPointExtension>
        </extensions>
      </trkpt>
      <trkpt lat="31.2931376136839389801025390625" lon="121.49423313327133655548095703125">
        <ele>4.599999904632568359375</ele>
        <time>2026-10-04T06:39:49.000Z</time>
        <extensions>
          <ns3:TrackPointExtension>
            <ns3:hr>132</ns3:hr>
            <ns3:cad>0</ns3:cad>
          </ns3:TrackPointExtension>
        </extensions>
      </trkpt>
      <trkpt lat="31.29315697588026523590087890625" lon="121.494226343929767608642578125">
        <ele>4.80000019073486328125</ele>
        <time>2026-10-04T06:39:50.000Z</time>
        <extensions>
          <ns3:TrackPointExtension>
            <ns3:hr>133</ns3:hr>
            <ns3:cad>52</ns3:cad>
          </ns3:TrackPointExtension>
        </extensions>
      </trkpt>
      <trkpt lat="31.29320525564253330230712890625" lon="121.494172029197216033935546875">
        <ele>4.80000019073486328125</ele>
        <time>2026-10-04T06:39:55.000Z</time>
        <extensions>
          <ns3:TrackPointExtension>
            <ns3:hr>133</ns3:hr>
            <ns3:cad>53</ns3:cad>
          </ns3:TrackPointExtension>
        </extensions>
      </trkpt>
      <trkpt lat="31.2932398729026317596435546875" lon="121.4941510744392871856689453125">
        <ele>4.80000019073486328125</ele>
        <time>2026-10-04T06:39:59.000Z</time>
        <extensions>
          <ns3:TrackPointExtension>
            <ns3:hr>129</ns3:hr>
            <ns3:cad>54</ns3:cad>
          </ns3:TrackPointExtension>
        </extensions>
      </trkpt>
      <trkpt lat="31.2932462431490421295166015625" lon="121.49414562620222568511962890625">
        <ele>5</ele>
        <time>2026-10-04T06:40:00.000Z</time>
        <extensions>
          <ns3:TrackPointExtension>
            <ns3:hr>127</ns3:hr>
            <ns3:cad>53</ns3:cad>
          </ns3:TrackPointExtension>
        </extensions>
      </trkpt>
      <trkpt lat="31.2932512722909450531005859375" lon="121.49413171224296092987060546875">
        <ele>5</ele>
        <time>2026-10-04T06:40:02.000Z</time>
        <extensions>
          <ns3:TrackPointExtension>
            <ns3:hr>124</ns3:hr>
            <ns3:cad>53</ns3:cad>
          </ns3:TrackPointExtension>
        </extensions>
      </trkpt>
      <trkpt lat="31.2932502664625644683837890625" lon="121.49412618018686771392822265625">
        <ele>4.80000019073486328125</ele>
        <time>2026-10-04T06:40:03.000Z</time>
        <extensions>
          <ns3:TrackPointExtension>
            <ns3:hr>123</ns3:hr>
            <ns3:cad>53</ns3:cad>
          </ns3:TrackPointExtension>
        </extensions>
      </trkpt>
      <trkpt lat="31.2932328321039676666259765625" lon="121.49410874582827091217041015625">
        <ele>4.80000019073486328125</ele>
        <time>2026-10-04T06:40:05.000Z</time>
        <extensions>
          <ns3:TrackPointExtension>
            <ns3:hr>121</ns3:hr>
            <ns3:cad>53</ns3:cad>
          </ns3:TrackPointExtension>
        </extensions>
      </trkpt>
      <trkpt lat="31.29317960701882839202880859375" lon="121.49405174888670444488525390625">
        <ele>4.599999904632568359375</ele>
        <time>2026-10-04T06:40:09.000Z</time>
        <extensions>
          <ns3:TrackPointExtension>
            <ns3:hr>118</ns3:hr>
            <ns3:cad>0</ns3:cad>
          </ns3:TrackPointExtension>
        </extensions>
      </trkpt>
      <trkpt lat="31.29316250793635845184326171875" lon="121.49398083798587322235107421875">
        <ele>4.400000095367431640625</ele>
        <time>2026-10-04T06:40:14.000Z</time>
        <extensions>
          <ns3:TrackPointExtension>
            <ns3:hr>114</ns3:hr>
            <ns3:cad>0</ns3:cad>
          </ns3:TrackPointExtension>
        </extensions>
      </trkpt>
      <trkpt lat="31.29315622150897979736328125" lon="121.49397145025432109832763671875">
        <ele>4.400000095367431640625</ele>
        <time>2026-10-04T06:40:16.000Z</time>
        <extensions>
          <ns3:TrackPointExtension>
            <ns3:hr>110</ns3:hr>
            <ns3:cad>0</ns3:cad>
          </ns3:TrackPointExtension>
        </extensions>
      </trkpt>
      <trkpt lat="31.29315244965255260467529296875" lon="121.49396189488470554351806640625">
        <ele>4.400000095367431640625</ele>
        <time>2026-10-04T06:40:17.000Z</time>
        <extensions>
          <ns3:TrackPointExtension>
            <ns3:hr>108</ns3:hr>
            <ns3:cad>0</ns3:cad>
          </ns3:TrackPointExtension>
        </extensions>
      </trkpt>
      <trkpt lat="31.293129064142704010009765625" lon="121.49393607862293720245361328125">
        <ele>4.19999980926513671875</ele>
        <time>2026-10-04T06:40:20.000Z</time>
        <extensions>
          <ns3:TrackPointExtension>
            <ns3:hr>105</ns3:hr>
            <ns3:cad>0</ns3:cad>
          </ns3:TrackPointExtension>
        </extensions>
      </trkpt>
      <trkpt lat="31.29312059842050075531005859375" lon="121.49393121711909770965576171875">
        <ele>4.19999980926513671875</ele>
        <time>2026-10-04T06:40:21.000Z</time>
        <extensions>
          <ns3:TrackPointExtension>
            <ns3:hr>105</ns3:hr>
            <ns3:cad>0</ns3:cad>
          </ns3:TrackPointExtension>
        </extensions>
      </trkpt>
      <trkpt lat="31.29309461452066898345947265625" lon="121.493913866579532623291015625">
        <ele>4.19999980926513671875</ele>
        <time>2026-10-04T06:40:24.000Z</time>
        <extensions>
          <ns3:TrackPointExtension>
            <ns3:hr>103</ns3:hr>
            <ns3:cad>54</ns3:cad>
          </ns3:TrackPointExtension>
        </extensions>
      </trkpt>
      <trkpt lat="31.29303996451199054718017578125" lon="121.4938751421868801116943359375">
        <ele>4</ele>
        <time>2026-10-04T06:40:31.000Z</time>
        <extensions>
          <ns3:TrackPointExtension>
            <ns3:hr>102</ns3:hr>
            <ns3:cad>58</ns3:cad>
          </ns3:TrackPointExtension>
        </extensions>
      </trkpt>
      <trkpt lat="31.2930172495543956756591796875" lon="121.4938858710229396820068359375">
        <ele>4</ele>
        <time>2026-10-04T06:40:34.000Z</time>
        <extensions>
          <ns3:TrackPointExtension>
            <ns3:hr>100</ns3:hr>
            <ns3:cad>0</ns3:cad>
          </ns3:TrackPointExtension>
        </extensions>
      </trkpt>
      <trkpt lat="31.29297374747693538665771484375" lon="121.49388813413679599761962890625">
        <ele>4</ele>
        <time>2026-10-04T06:40:39.000Z</time>
        <extensions>
          <ns3:TrackPointExtension>
            <ns3:hr>97</ns3:hr>
            <ns3:cad>54</ns3:cad>
          </ns3:TrackPointExtension>
        </extensions>
      </trkpt>
      <trkpt lat="31.2929637730121612548828125" lon="121.49388142861425876617431640625">
        <ele>4.19999980926513671875</ele>
        <time>2026-10-04T06:40:42.000Z</time>
        <extensions>
          <ns3:TrackPointExtension>
            <ns3:hr>94</ns3:hr>
            <ns3:cad>53</ns3:cad>
          </ns3:TrackPointExtension>
        </extensions>
      </trkpt>
      <trkpt lat="31.2929636053740978240966796875" lon="121.49387371726334095001220703125">
        <ele>4.19999980926513671875</ele>
        <time>2026-10-04T06:40:43.000Z</time>
        <extensions>
          <ns3:TrackPointExtension>
            <ns3:hr>93</ns3:hr>
            <ns3:cad>53</ns3:cad>
          </ns3:TrackPointExtension>
        </extensions>
      </trkpt>
      <trkpt lat="31.29294969141483306884765625" lon="121.4938416145741939544677734375">
        <ele>4.400000095367431640625</ele>
        <time>2026-10-04T06:40:47.000Z</time>
        <extensions>
          <ns3:TrackPointExtension>
            <ns3:hr>90</ns3:hr>
            <ns3:cad>53</ns3:cad>
          </ns3:TrackPointExtension>
        </extensions>
      </trkpt>
      <trkpt lat="31.29293720237910747528076171875" lon="121.493816636502742767333984375">
        <ele>4.599999904632568359375</ele>
        <time>2026-10-04T06:40:49.000Z</time>
        <extensions>
          <ns3:TrackPointExtension>
            <ns3:hr>90</ns3:hr>
            <ns3:cad>53</ns3:cad>
          </ns3:TrackPointExtension>
        </extensions>
      </trkpt>
      <trkpt lat="31.29291406832635402679443359375" lon="121.49376860819756984710693359375">
        <ele>4.80000019073486328125</ele>
        <time>2026-10-04T06:40:54.000Z</time>
        <extensions>
          <ns3:TrackPointExtension>
            <ns3:hr>90</ns3:hr>
            <ns3:cad>53</ns3:cad>
          </ns3:TrackPointExtension>
        </extensions>
      </trkpt>
      <trkpt lat="31.29290166310966014862060546875" lon="121.4937577955424785614013671875">
        <ele>5</ele>
        <time>2026-10-04T06:40:55.000Z</time>
        <extensions>
          <ns3:TrackPointExtension>
            <ns3:hr>90</ns3:hr>
            <ns3:cad>53</ns3:cad>
          </ns3:TrackPointExtension>
        </extensions>
      </trkpt>
      <trkpt lat="31.29280057735741138458251953125" lon="121.49376559071242809295654296875">
        <ele>5.80000019073486328125</ele>
        <time>2026-10-04T06:41:02.000Z</time>
        <extensions>
          <ns3:TrackPointExtension>
            <ns3:hr>90</ns3:hr>
            <ns3:cad>53</ns3:cad>
          </ns3:TrackPointExtension>
        </extensions>
      </trkpt>
      <trkpt lat="31.292775012552738189697265625" lon="121.49378235451877117156982421875">
        <ele>5.80000019073486328125</ele>
        <time>2026-10-04T06:41:03.000Z</time>
        <extensions>
          <ns3:TrackPointExtension>
            <ns3:hr>90</ns3:hr>
            <ns3:cad>53</ns3:cad>
          </ns3:TrackPointExtension>
        </extensions>
      </trkpt>
      <trkpt lat="31.29263813607394695281982421875" lon="121.49386458098888397216796875">
        <ele>6.400000095367431640625</ele>
        <time>2026-10-04T06:41:09.000Z</time>
        <extensions>
          <ns3:TrackPointExtension>
            <ns3:hr>91</ns3:hr>
            <ns3:cad>83</ns3:cad>
          </ns3:TrackPointExtension>
        </extensions>
      </trkpt>
      <trkpt lat="31.29260041750967502593994140625" lon="121.49389207363128662109375">
        <ele>6.599999904632568359375</ele>
        <time>2026-10-04T06:41:11.000Z</time>
        <extensions>
          <ns3:TrackPointExtension>
            <ns3:hr>94</ns3:hr>
            <ns3:cad>83</ns3:cad>
          </ns3:TrackPointExtension>
        </extensions>
      </trkpt>
      <trkpt lat="31.29253126680850982666015625" lon="121.4939081668853759765625">
        <ele>7.19999980926513671875</ele>
        <time>2026-10-04T06:41:14.000Z</time>
        <extensions>
          <ns3:TrackPointExtension>
            <ns3:hr>96</ns3:hr>
            <ns3:cad>83</ns3:cad>
          </ns3:TrackPointExtension>
        </extensions>
      </trkpt>
      <trkpt lat="31.292510144412517547607421875" lon="121.4939069934189319610595703125">
        <ele>7.19999980926513671875</ele>
        <time>2026-10-04T06:41:15.000Z</time>
        <extensions>
          <ns3:TrackPointExtension>
            <ns3:hr>96</ns3:hr>
            <ns3:cad>83</ns3:cad>
          </ns3:TrackPointExtension>
        </extensions>
      </trkpt>
      <trkpt lat="31.29246530123054981231689453125" lon="121.4939002878963947296142578125">
        <ele>7.599999904632568359375</ele>
        <time>2026-10-04T06:41:20.000Z</time>
        <extensions>
          <ns3:TrackPointExtension>
            <ns3:hr>96</ns3:hr>
            <ns3:cad>83</ns3:cad>
          </ns3:TrackPointExtension>
        </extensions>
      </trkpt>
      <trkpt lat="31.29241727292537689208984375" lon="121.493878997862339019775390625">
        <ele>8</ele>
        <time>2026-10-04T06:41:25.000Z</time>
        <extensions>
          <ns3:TrackPointExtension>
            <ns3:hr>96</ns3:hr>
            <ns3:cad>53</ns3:cad>
          </ns3:TrackPointExtension>
        </extensions>
      </trkpt>
      <trkpt lat="31.292349211871623992919921875" lon="121.49383968673646450042724609375">
        <ele>8</ele>
        <time>2026-10-04T06:41:29.000Z</time>
        <extensions>
          <ns3:TrackPointExtension>
            <ns3:hr>99</ns3:hr>
            <ns3:cad>55</ns3:cad>
          </ns3:TrackPointExtension>
        </extensions>
      </trkpt>
      <trkpt lat="31.29233068786561489105224609375" lon="121.49384538643062114715576171875">
        <ele>8.19999980926513671875</ele>
        <time>2026-10-04T06:41:30.000Z</time>
        <extensions>
          <ns3:TrackPointExtension>
            <ns3:hr>99</ns3:hr>
            <ns3:cad>55</ns3:cad>
          </ns3:TrackPointExtension>
        </extensions>
      </trkpt>
      <trkpt lat="31.29233068786561489105224609375" lon="121.49384538643062114715576171875">
        <ele>8.19999980926513671875</ele>
        <time>2026-10-04T06:41:31.000Z</time>
        <extensions>
          <ns3:TrackPointExtension>
            <ns3:hr>99</ns3:hr>
            <ns3:cad>55</ns3:cad>
          </ns3:TrackPointExtension>
        </extensions>
      </trkpt>
      <trkpt lat="31.292219795286655426025390625" lon="121.49387137033045291900634765625">
        <ele>8.80000019073486328125</ele>
        <time>2026-10-04T06:41:38.000Z</time>
        <extensions>
          <ns3:TrackPointExtension>
            <ns3:hr>98</ns3:hr>
            <ns3:cad>52</ns3:cad>
          </ns3:TrackPointExtension>
        </extensions>
      </trkpt>
      <trkpt lat="31.29219339229166507720947265625" lon="121.4938969351351261138916015625">
        <ele>8.80000019073486328125</ele>
        <time>2026-10-04T06:41:42.000Z</time>
        <extensions>
          <ns3:TrackPointExtension>
            <ns3:hr>95</ns3:hr>
            <ns3:cad>53</ns3:cad>
          </ns3:TrackPointExtension>
        </extensions>
      </trkpt>
      <trkpt lat="31.292193643748760223388671875" lon="121.4938999526202678680419921875">
        <ele>8.80000019073486328125</ele>
        <time>2026-10-04T06:41:45.000Z</time>
        <extensions>
          <ns3:TrackPointExtension>
            <ns3:hr>94</ns3:hr>
            <ns3:cad>0</ns3:cad>
          </ns3:TrackPointExtension>
        </extensions>
      </trkpt>
      <trkpt lat="31.2922075577080249786376953125" lon="121.4939100109040737152099609375">
        <ele>8.80000019073486328125</ele>
        <time>2026-10-04T06:41:51.000Z</time>
        <extensions>
          <ns3:TrackPointExtension>
            <ns3:hr>91</ns3:hr>
            <ns3:cad>0</ns3:cad>
          </ns3:TrackPointExtension>
        </extensions>
      </trkpt>
      <trkpt lat="31.2922052107751369476318359375" lon="121.49391680024564266204833984375">
        <ele>8.80000019073486328125</ele>
        <time>2026-10-04T06:41:52.000Z</time>
        <extensions>
          <ns3:TrackPointExtension>
            <ns3:hr>91</ns3:hr>
            <ns3:cad>0</ns3:cad>
          </ns3:TrackPointExtension>
        </extensions>
      </trkpt>
      <trkpt lat="31.29218987189233303070068359375" lon="121.493952088057994842529296875">
        <ele>8.80000019073486328125</ele>
        <time>2026-10-04T06:42:00.000Z</time>
        <extensions>
          <ns3:TrackPointExtension>
            <ns3:hr>90</ns3:hr>
            <ns3:cad>0</ns3:cad>
          </ns3:TrackPointExtension>
        </extensions>
      </trkpt>
      <trkpt lat="31.2921881116926670074462890625" lon="121.49395116604864597320556640625">
        <ele>8.80000019073486328125</ele>
        <time>2026-10-04T06:42:03.000Z</time>
        <extensions>
          <ns3:TrackPointExtension>
            <ns3:hr>86</ns3:hr>
            <ns3:cad>0</ns3:cad>
          </ns3:TrackPointExtension>
        </extensions>
      </trkpt>
      <trkpt lat="31.29218383692204952239990234375" lon="121.493953429162502288818359375">
        <ele>8.80000019073486328125</ele>
        <time>2026-10-04T06:42:06.000Z</time>
        <extensions>
          <ns3:TrackPointExtension>
            <ns3:hr>85</ns3:hr>
            <ns3:cad>0</ns3:cad>
          </ns3:TrackPointExtension>
        </extensions>
      </trkpt>
      <trkpt lat="31.29217562265694141387939453125" lon="121.4939435385167598724365234375">
        <ele>8.80000019073486328125</ele>
        <time>2026-10-04T06:42:12.000Z</time>
        <extensions>
          <ns3:TrackPointExtension>
            <ns3:hr>85</ns3:hr>
            <ns3:cad>0</ns3:cad>
          </ns3:TrackPointExtension>
        </extensions>
      </trkpt>
      <trkpt lat="31.29216304980218410491943359375" lon="121.49387254379689693450927734375">
        <ele>9</ele>
        <time>2026-10-04T06:42:19.000Z</time>
        <extensions>
          <ns3:TrackPointExtension>
            <ns3:hr>87</ns3:hr>
            <ns3:cad>0</ns3:cad>
          </ns3:TrackPointExtension>
        </extensions>
      </trkpt>
      <trkpt lat="31.29209146834909915924072265625" lon="121.493867598474025726318359375">
        <ele>8.80000019073486328125</ele>
        <time>2026-10-04T06:42:22.000Z</time>
        <extensions>
          <ns3:TrackPointExtension>
            <ns3:hr>83</ns3:hr>
            <ns3:cad>83</ns3:cad>
          </ns3:TrackPointExtension>
        </extensions>
      </trkpt>
      <trkpt lat="31.29205928184092044830322265625" lon="121.49386432953178882598876953125">
        <ele>8.6000003814697265625</ele>
        <time>2026-10-04T06:42:23.000Z</time>
        <extensions>
          <ns3:TrackPointExtension>
            <ns3:hr>86</ns3:hr>
            <ns3:cad>83</ns3:cad>
          </ns3:TrackPointExtension>
        </extensions>
      </trkpt>
      <trkpt lat="31.2920338846743106842041015625" lon="121.4938634075224399566650390625">
        <ele>8.6000003814697265625</ele>
        <time>2026-10-04T06:42:24.000Z</time>
        <extensions>
          <ns3:TrackPointExtension>
            <ns3:hr>84</ns3:hr>
            <ns3:cad>83</ns3:cad>
          </ns3:TrackPointExtension>
        </extensions>
      </trkpt>
      <trkpt lat="31.291977725923061370849609375" lon="121.49386382661759853363037109375">
        <ele>8.3999996185302734375</ele>
        <time>2026-10-04T06:42:26.000Z</time>
        <extensions>
          <ns3:TrackPointExtension>
            <ns3:hr>87</ns3:hr>
            <ns3:cad>83</ns3:cad>
          </ns3:TrackPointExtension>
        </extensions>
      </trkpt>
      <trkpt lat="31.29191561602056026458740234375" lon="121.49386583827435970306396484375">
        <ele>8.19999980926513671875</ele>
        <time>2026-10-04T06:42:29.000Z</time>
        <extensions>
          <ns3:TrackPointExtension>
            <ns3:hr>90</ns3:hr>
            <ns3:cad>83</ns3:cad>
          </ns3:TrackPointExtension>
        </extensions>
      </trkpt>
      <trkpt lat="31.2918659113347530364990234375" lon="121.49385192431509494781494140625">
        <ele>8</ele>
        <time>2026-10-04T06:42:31.000Z</time>
        <extensions>
          <ns3:TrackPointExtension>
            <ns3:hr>93</ns3:hr>
            <ns3:cad>83</ns3:cad>
          </ns3:TrackPointExtension>
        </extensions>
      </trkpt>
      <trkpt lat="31.29181955941021442413330078125" lon="121.49383784271776676177978515625">
        <ele>8.19999980926513671875</ele>
        <time>2026-10-04T06:42:33.000Z</time>
        <extensions>
          <ns3:TrackPointExtension>
            <ns3:hr>93</ns3:hr>
            <ns3:cad>82</ns3:cad>
          </ns3:TrackPointExtension>
        </extensions>
      </trkpt>
      <trkpt lat="31.29176239483058452606201171875" lon="121.493815965950489044189453125">
        <ele>8.3999996185302734375</ele>
        <time>2026-10-04T06:42:36.000Z</time>
        <extensions>
          <ns3:TrackPointExtension>
            <ns3:hr>93</ns3:hr>
            <ns3:cad>82</ns3:cad>
          </ns3:TrackPointExtension>
        </extensions>
      </trkpt>
      <trkpt lat="31.29172794520854949951171875" lon="121.493807919323444366455078125">
        <ele>8.6000003814697265625</ele>
        <time>2026-10-04T06:42:38.000Z</time>
        <extensions>
          <ns3:TrackPointExtension>
            <ns3:hr>93</ns3:hr>
            <ns3:cad>83</ns3:cad>
          </ns3:TrackPointExtension>
        </extensions>
      </trkpt>
      <trkpt lat="31.29171662963926792144775390625" lon="121.49380129761993885040283203125">
        <ele>8.6000003814697265625</ele>
        <time>2026-10-04T06:42:40.000Z</time>
        <extensions>
          <ns3:TrackPointExtension>
            <ns3:hr>97</ns3:hr>
            <ns3:cad>82</ns3:cad>
          </ns3:TrackPointExtension>
        </extensions>
      </trkpt>
      <trkpt lat="31.29170875065028667449951171875" lon="121.49379140697419643402099609375">
        <ele>8.6000003814697265625</ele>
        <time>2026-10-04T06:42:41.000Z</time>
        <extensions>
          <ns3:TrackPointExtension>
            <ns3:hr>99</ns3:hr>
            <ns3:cad>82</ns3:cad>
          </ns3:TrackPointExtension>
        </extensions>
      </trkpt>
      <trkpt lat="31.291700787842273712158203125" lon="121.493785120546817779541015625">
        <ele>8.6000003814697265625</ele>
        <time>2026-10-04T06:42:43.000Z</time>
        <extensions>
          <ns3:TrackPointExtension>
            <ns3:hr>102</ns3:hr>
            <ns3:cad>82</ns3:cad>
          </ns3:TrackPointExtension>
        </extensions>
      </trkpt>
      <trkpt lat="31.2916318885982036590576171875" lon="121.49376156739890575408935546875">
        <ele>8.80000019073486328125</ele>
        <time>2026-10-04T06:42:49.000Z</time>
        <extensions>
          <ns3:TrackPointExtension>
            <ns3:hr>102</ns3:hr>
            <ns3:cad>54</ns3:cad>
          </ns3:TrackPointExtension>
        </extensions>
      </trkpt>
      <trkpt lat="31.29154496826231479644775390625" lon="121.493765674531459808349609375">
        <ele>9.19999980926513671875</ele>
        <time>2026-10-04T06:42:56.000Z</time>
        <extensions>
          <ns3:TrackPointExtension>
            <ns3:hr>105</ns3:hr>
            <ns3:cad>54</ns3:cad>
          </ns3:TrackPointExtension>
        </extensions>
      </trkpt>
      <trkpt lat="31.29153474234044551849365234375" lon="121.4937722124159336090087890625">
        <ele>9.19999980926513671875</ele>
        <time>2026-10-04T06:42:57.000Z</time>
        <extensions>
          <ns3:TrackPointExtension>
            <ns3:hr>106</ns3:hr>
            <ns3:cad>54</ns3:cad>
          </ns3:TrackPointExtension>
        </extensions>
      </trkpt>
      <trkpt lat="31.29145075567066669464111328125" lon="121.49382711388170719146728515625">
        <ele>9.19999980926513671875</ele>
        <time>2026-10-04T06:43:01.000Z</time>
        <extensions>
          <ns3:TrackPointExtension>
            <ns3:hr>103</ns3:hr>
            <ns3:cad>54</ns3:cad>
          </ns3:TrackPointExtension>
        </extensions>
      </trkpt>
      <trkpt lat="31.2914015538990497589111328125" lon="121.49386332370340824127197265625">
        <ele>9</ele>
        <time>2026-10-04T06:43:06.000Z</time>
        <extensions>
          <ns3:TrackPointExtension>
            <ns3:hr>100</ns3:hr>
            <ns3:cad>54</ns3:cad>
          </ns3:TrackPointExtension>
        </extensions>
      </trkpt>
      <trkpt lat="31.29137733019888401031494140625" lon="121.49388696067035198211669921875">
        <ele>9</ele>
        <time>2026-10-04T06:43:10.000Z</time>
        <extensions>
          <ns3:TrackPointExtension>
            <ns3:hr>97</ns3:hr>
            <ns3:cad>0</ns3:cad>
          </ns3:TrackPointExtension>
        </extensions>
      </trkpt>
      <trkpt lat="31.29136308096349239349365234375" lon="121.4938714541494846343994140625">
        <ele>9</ele>
        <time>2026-10-04T06:43:12.000Z</time>
        <extensions>
          <ns3:TrackPointExtension>
            <ns3:hr>94</ns3:hr>
            <ns3:cad>0</ns3:cad>
          </ns3:TrackPointExtension>
        </extensions>
      </trkpt>
      <trkpt lat="31.2913569621741771697998046875" lon="121.49385812692344188690185546875">
        <ele>9</ele>
        <time>2026-10-04T06:43:14.000Z</time>
        <extensions>
          <ns3:TrackPointExtension>
            <ns3:hr>92</ns3:hr>
            <ns3:cad>0</ns3:cad>
          </ns3:TrackPointExtension>
        </extensions>
      </trkpt>
      <trkpt lat="31.29133902490139007568359375" lon="121.493839435279369354248046875">
        <ele>9.19999980926513671875</ele>
        <time>2026-10-04T06:43:16.000Z</time>
        <extensions>
          <ns3:TrackPointExtension>
            <ns3:hr>89</ns3:hr>
            <ns3:cad>53</ns3:cad>
          </ns3:TrackPointExtension>
        </extensions>
      </trkpt>
      <trkpt lat="31.29127104766666889190673828125" lon="121.49379760958254337310791015625">
        <ele>9.19999980926513671875</ele>
        <time>2026-10-04T06:43:23.000Z</time>
        <extensions>
          <ns3:TrackPointExtension>
            <ns3:hr>86</ns3:hr>
            <ns3:cad>51</ns3:cad>
          </ns3:TrackPointExtension>
        </extensions>
      </trkpt>
      <trkpt lat="31.29124808125197887420654296875" lon="121.49379484355449676513671875">
        <ele>9.19999980926513671875</ele>
        <time>2026-10-04T06:43:25.000Z</time>
        <extensions>
          <ns3:TrackPointExtension>
            <ns3:hr>83</ns3:hr>
            <ns3:cad>51</ns3:cad>
          </ns3:TrackPointExtension>
        </extensions>
      </trkpt>
      <trkpt lat="31.29122360609471797943115234375" lon="121.4937933348119258880615234375">
        <ele>9.3999996185302734375</ele>
        <time>2026-10-04T06:43:29.000Z</time>
        <extensions>
          <ns3:TrackPointExtension>
            <ns3:hr>82</ns3:hr>
            <ns3:cad>53</ns3:cad>
          </ns3:TrackPointExtension>
        </extensions>
      </trkpt>
      <trkpt lat="31.29117809236049652099609375" lon="121.49376374669373035430908203125">
        <ele>9.3999996185302734375</ele>
        <time>2026-10-04T06:43:34.000Z</time>
        <extensions>
          <ns3:TrackPointExtension>
            <ns3:hr>79</ns3:hr>
            <ns3:cad>52</ns3:cad>
          </ns3:TrackPointExtension>
        </extensions>
      </trkpt>
      <trkpt lat="31.29116593860089778900146484375" lon="121.4937504194676876068115234375">
        <ele>9.3999996185302734375</ele>
        <time>2026-10-04T06:43:35.000Z</time>
        <extensions>
          <ns3:TrackPointExtension>
            <ns3:hr>79</ns3:hr>
            <ns3:cad>53</ns3:cad>
          </ns3:TrackPointExtension>
        </extensions>
      </trkpt>
      <trkpt lat="31.29108983092010021209716796875" lon="121.49374186992645263671875">
        <ele>9.3999996185302734375</ele>
        <time>2026-10-04T06:43:41.000Z</time>
        <extensions>
          <ns3:TrackPointExtension>
            <ns3:hr>80</ns3:hr>
            <ns3:cad>50</ns3:cad>
          </ns3:TrackPointExtension>
        </extensions>
      </trkpt>
      <trkpt lat="31.2910293973982334136962890625" lon="121.49371077306568622589111328125">
        <ele>9.6000003814697265625</ele>
        <time>2026-10-04T06:43:47.000Z</time>
        <extensions>
          <ns3:TrackPointExtension>
            <ns3:hr>79</ns3:hr>
            <ns3:cad>51</ns3:cad>
          </ns3:TrackPointExtension>
        </extensions>
      </trkpt>
      <trkpt lat="31.29097080789506435394287109375" lon="121.493734829127788543701171875">
        <ele>9.6000003814697265625</ele>
        <time>2026-10-04T06:43:54.000Z</time>
        <extensions>
          <ns3:TrackPointExtension>
            <ns3:hr>80</ns3:hr>
            <ns3:cad>0</ns3:cad>
          </ns3:TrackPointExtension>
        </extensions>
      </trkpt>
      <trkpt lat="31.29091330803930759429931640625" lon="121.49375326931476593017578125">
        <ele>9.3999996185302734375</ele>
        <time>2026-10-04T06:43:59.000Z</time>
        <extensions>
          <ns3:TrackPointExtension>
            <ns3:hr>83</ns3:hr>
            <ns3:cad>53</ns3:cad>
          </ns3:TrackPointExtension>
        </extensions>
      </trkpt>
      <trkpt lat="31.29090643487870693206787109375" lon="121.4937561191618442535400390625">
        <ele>9.3999996185302734375</ele>
        <time>2026-10-04T06:44:00.000Z</time>
        <extensions>
          <ns3:TrackPointExtension>
            <ns3:hr>83</ns3:hr>
            <ns3:cad>53</ns3:cad>
          </ns3:TrackPointExtension>
        </extensions>
      </trkpt>
      <trkpt lat="31.290873996913433074951171875" lon="121.49376559071242809295654296875">
        <ele>9.19999980926513671875</ele>
        <time>2026-10-04T06:44:04.000Z</time>
        <extensions>
          <ns3:TrackPointExtension>
            <ns3:hr>83</ns3:hr>
            <ns3:cad>55</ns3:cad>
          </ns3:TrackPointExtension>
        </extensions>
      </trkpt>
      <trkpt lat="31.29084021784365177154541015625" lon="121.493767686188220977783203125">
        <ele>9</ele>
        <time>2026-10-04T06:44:07.000Z</time>
        <extensions>
          <ns3:TrackPointExtension>
            <ns3:hr>82</ns3:hr>
            <ns3:cad>55</ns3:cad>
          </ns3:TrackPointExtension>
        </extensions>
      </trkpt>
      <trkpt lat="31.29074231721460819244384765625" lon="121.49378453381359577178955078125">
        <ele>8.6000003814697265625</ele>
        <time>2026-10-04T06:44:16.000Z</time>
        <extensions>
          <ns3:TrackPointExtension>
            <ns3:hr>82</ns3:hr>
            <ns3:cad>0</ns3:cad>
          </ns3:TrackPointExtension>
        </extensions>
      </trkpt>
      <trkpt lat="31.290639974176883697509765625" lon="121.4938275329768657684326171875">
        <ele>8.19999980926513671875</ele>
        <time>2026-10-04T06:44:24.000Z</time>
        <extensions>
          <ns3:TrackPointExtension>
            <ns3:hr>84</ns3:hr>
            <ns3:cad>53</ns3:cad>
          </ns3:TrackPointExtension>
        </extensions>
      </trkpt>
      <trkpt lat="31.29062865860760211944580078125" lon="121.4938308857381343841552734375">
        <ele>8.19999980926513671875</ele>
        <time>2026-10-04T06:44:25.000Z</time>
        <extensions>
          <ns3:TrackPointExtension>
            <ns3:hr>81</ns3:hr>
            <ns3:cad>53</ns3:cad>
          </ns3:TrackPointExtension>
        </extensions>
      </trkpt>
      <trkpt lat="31.29061558283865451812744140625" lon="121.49383373558521270751953125">
        <ele>8.19999980926513671875</ele>
        <time>2026-10-04T06:44:26.000Z</time>
        <extensions>
          <ns3:TrackPointExtension>
            <ns3:hr>81</ns3:hr>
            <ns3:cad>53</ns3:cad>
          </ns3:TrackPointExtension>
        </extensions>
      </trkpt>
      <trkpt lat="31.2905323505401611328125" lon="121.4938479848206043243408203125">
        <ele>8.19999980926513671875</ele>
        <time>2026-10-04T06:44:31.000Z</time>
        <extensions>
          <ns3:TrackPointExtension>
            <ns3:hr>82</ns3:hr>
            <ns3:cad>54</ns3:cad>
          </ns3:TrackPointExtension>
        </extensions>
      </trkpt>
      <trkpt lat="31.29048407077789306640625" lon="121.49384605698287487030029296875">
        <ele>8.19999980926513671875</ele>
        <time>2026-10-04T06:44:33.000Z</time>
        <extensions>
          <ns3:TrackPointExtension>
            <ns3:hr>79</ns3:hr>
            <ns3:cad>84</ns3:cad>
          </ns3:TrackPointExtension>
        </extensions>
      </trkpt>
      <trkpt lat="31.2904580868780612945556640625" lon="121.49384488351643085479736328125">
        <ele>8</ele>
        <time>2026-10-04T06:44:34.000Z</time>
        <extensions>
          <ns3:TrackPointExtension>
            <ns3:hr>82</ns3:hr>
            <ns3:cad>84</ns3:cad>
          </ns3:TrackPointExtension>
        </extensions>
      </trkpt>
      <trkpt lat="31.29037837497889995574951171875" lon="121.49385385215282440185546875">
        <ele>7.80000019073486328125</ele>
        <time>2026-10-04T06:44:37.000Z</time>
        <extensions>
          <ns3:TrackPointExtension>
            <ns3:hr>84</ns3:hr>
            <ns3:cad>84</ns3:cad>
          </ns3:TrackPointExtension>
        </extensions>
      </trkpt>
      <trkpt lat="31.2903155945241451263427734375" lon="121.49385460652410984039306640625">
        <ele>7.400000095367431640625</ele>
        <time>2026-10-04T06:44:39.000Z</time>
        <extensions>
          <ns3:TrackPointExtension>
            <ns3:hr>87</ns3:hr>
            <ns3:cad>84</ns3:cad>
          </ns3:TrackPointExtension>
        </extensions>
      </trkpt>
      <trkpt lat="31.2902059592306613922119140625" lon="121.49385963566601276397705078125">
        <ele>7</ele>
        <time>2026-10-04T06:44:43.000Z</time>
        <extensions>
          <ns3:TrackPointExtension>
            <ns3:hr>90</ns3:hr>
            <ns3:cad>84</ns3:cad>
          </ns3:TrackPointExtension>
        </extensions>
      </trkpt>
      <trkpt lat="31.29015591926872730255126953125" lon="121.49387053214013576507568359375">
        <ele>7</ele>
        <time>2026-10-04T06:44:45.000Z</time>
        <extensions>
          <ns3:TrackPointExtension>
            <ns3:hr>92</ns3:hr>
            <ns3:cad>84</ns3:cad>
          </ns3:TrackPointExtension>
        </extensions>
      </trkpt>
      <trkpt lat="31.29008048214018344879150390625" lon="121.493898443877696990966796875">
        <ele>6.80000019073486328125</ele>
        <time>2026-10-04T06:44:48.000Z</time>
        <extensions>
          <ns3:TrackPointExtension>
            <ns3:hr>95</ns3:hr>
            <ns3:cad>82</ns3:cad>
          </ns3:TrackPointExtension>
        </extensions>
      </trkpt>
      <trkpt lat="31.2900376506149768829345703125" lon="121.4939227513968944549560546875">
        <ele>6.599999904632568359375</ele>
        <time>2026-10-04T06:44:50.000Z</time>
        <extensions>
          <ns3:TrackPointExtension>
            <ns3:hr>98</ns3:hr>
            <ns3:cad>82</ns3:cad>
          </ns3:TrackPointExtension>
        </extensions>
      </trkpt>
      <trkpt lat="31.2900125049054622650146484375" lon="121.493958793580532073974609375">
        <ele>6.400000095367431640625</ele>
        <time>2026-10-04T06:44:52.000Z</time>
        <extensions>
          <ns3:TrackPointExtension>
            <ns3:hr>101</ns3:hr>
            <ns3:cad>83</ns3:cad>
          </ns3:TrackPointExtension>
        </extensions>
      </trkpt>
      <trkpt lat="31.28995877690613269805908203125" lon="121.4940226636826992034912109375">
        <ele>6.400000095367431640625</ele>
        <time>2026-10-04T06:44:55.000Z</time>
        <extensions>
          <ns3:TrackPointExtension>
            <ns3:hr>104</ns3:hr>
            <ns3:cad>83</ns3:cad>
          </ns3:TrackPointExtension>
        </extensions>
      </trkpt>
      <trkpt lat="31.2898317910730838775634765625" lon="121.4941259287297725677490234375">
        <ele>6.599999904632568359375</ele>
        <time>2026-10-04T06:45:01.000Z</time>
        <extensions>
          <ns3:TrackPointExtension>
            <ns3:hr>107</ns3:hr>
            <ns3:cad>84</ns3:cad>
          </ns3:TrackPointExtension>
        </extensions>
      </trkpt>
      <trkpt lat="31.28970782272517681121826171875" lon="121.494162641465663909912109375">
        <ele>6.80000019073486328125</ele>
        <time>2026-10-04T06:45:06.000Z</time>
        <extensions>
          <ns3:TrackPointExtension>
            <ns3:hr>110</ns3:hr>
            <ns3:cad>82</ns3:cad>
          </ns3:TrackPointExtension>
        </extensions>
      </trkpt>
      <trkpt lat="31.28966541029512882232666015625" lon="121.49419826455414295196533203125">
        <ele>6.400000095367431640625</ele>
        <time>2026-10-04T06:45:09.000Z</time>
        <extensions>
          <ns3:TrackPointExtension>
            <ns3:hr>111</ns3:hr>
            <ns3:cad>83</ns3:cad>
          </ns3:TrackPointExtension>
        </extensions>
      </trkpt>
      <trkpt lat="31.289610676467418670654296875" lon="121.49418502114713191986083984375">
        <ele>7</ele>
        <time>2026-10-04T06:45:14.000Z</time>
        <extensions>
          <ns3:TrackPointExtension>
            <ns3:hr>114</ns3:hr>
            <ns3:cad>0</ns3:cad>
          </ns3:TrackPointExtension>
        </extensions>
      </trkpt>
      <trkpt lat="31.28961092792451381683349609375" lon="121.49418401531875133514404296875">
        <ele>7</ele>
        <time>2026-10-04T06:45:15.000Z</time>
        <extensions>
          <ns3:TrackPointExtension>
            <ns3:hr>114</ns3:hr>
            <ns3:cad>0</ns3:cad>
          </ns3:TrackPointExtension>
        </extensions>
      </trkpt>
      <trkpt lat="31.2896289490163326263427734375" lon="121.49415216408669948577880859375">
        <ele>7.19999980926513671875</ele>
        <time>2026-10-04T06:45:23.000Z</time>
        <extensions>
          <ns3:TrackPointExtension>
            <ns3:hr>116</ns3:hr>
            <ns3:cad>0</ns3:cad>
          </ns3:TrackPointExtension>
        </extensions>
      </trkpt>
      <trkpt lat="31.28965996205806732177734375" lon="121.49410254321992397308349609375">
        <ele>7.400000095367431640625</ele>
        <time>2026-10-04T06:45:29.000Z</time>
        <extensions>
          <ns3:TrackPointExtension>
            <ns3:hr>113</ns3:hr>
            <ns3:cad>51</ns3:cad>
          </ns3:TrackPointExtension>
        </extensions>
      </trkpt>
      <trkpt lat="31.289671026170253753662109375" lon="121.49406650103628635406494140625">
        <ele>7.599999904632568359375</ele>
        <time>2026-10-04T06:45:32.000Z</time>
        <extensions>
          <ns3:TrackPointExtension>
            <ns3:hr>114</ns3:hr>
            <ns3:cad>55</ns3:cad>
          </ns3:TrackPointExtension>
        </extensions>
      </trkpt>
      <trkpt lat="31.28966272808611392974853515625" lon="121.49399089626967906951904296875">
        <ele>8.19999980926513671875</ele>
        <time>2026-10-04T06:45:39.000Z</time>
        <extensions>
          <ns3:TrackPointExtension>
            <ns3:hr>112</ns3:hr>
            <ns3:cad>52</ns3:cad>
          </ns3:TrackPointExtension>
        </extensions>
      </trkpt>
      <trkpt lat="31.2896245904266834259033203125" lon="121.4939368329942226409912109375">
        <ele>8.80000019073486328125</ele>
        <time>2026-10-04T06:45:44.000Z</time>
        <extensions>
          <ns3:TrackPointExtension>
            <ns3:hr>109</ns3:hr>
            <ns3:cad>57</ns3:cad>
          </ns3:TrackPointExtension>
        </extensions>
      </trkpt>
      <trkpt lat="31.28957002423703670501708984375" lon="121.4939250983297824859619140625">
        <ele>9.19999980926513671875</ele>
        <time>2026-10-04T06:45:46.000Z</time>
        <extensions>
          <ns3:TrackPointExtension>
            <ns3:hr>105</ns3:hr>
            <ns3:cad>57</ns3:cad>
          </ns3:TrackPointExtension>
        </extensions>
      </trkpt>
      <trkpt lat="31.28954957239329814910888671875" lon="121.49391981773078441619873046875">
        <ele>9.3999996185302734375</ele>
        <time>2026-10-04T06:45:47.000Z</time>
        <extensions>
          <ns3:TrackPointExtension>
            <ns3:hr>104</ns3:hr>
            <ns3:cad>0</ns3:cad>
          </ns3:TrackPointExtension>
        </extensions>
      </trkpt>
      <trkpt lat="31.28951654769480228424072265625" lon="121.4939039759337902069091796875">
        <ele>9.80000019073486328125</ele>
        <time>2026-10-04T06:45:49.000Z</time>
        <extensions>
          <ns3:TrackPointExtension>
            <ns3:hr>100</ns3:hr>
            <ns3:cad>79</ns3:cad>
          </ns3:TrackPointExtension>
        </extensions>
      </trkpt>
      <trkpt lat="31.2894733808934688568115234375" lon="121.49384957738220691680908203125">
        <ele>10.19999980926513671875</ele>
        <time>2026-10-04T06:45:54.000Z</time>
        <extensions>
          <ns3:TrackPointExtension>
            <ns3:hr>100</ns3:hr>
            <ns3:cad>0</ns3:cad>
          </ns3:TrackPointExtension>
        </extensions>
      </trkpt>
      <trkpt lat="31.28943759016692638397216796875" lon="121.49381454102694988250732421875">
        <ele>10.19999980926513671875</ele>
        <time>2026-10-04T06:45:58.000Z</time>
        <extensions>
          <ns3:TrackPointExtension>
            <ns3:hr>99</ns3:hr>
            <ns3:cad>0</ns3:cad>
          </ns3:TrackPointExtension>
        </extensions>
      </trkpt>
      <trkpt lat="31.289423592388629913330078125" lon="121.4937923289835453033447265625">
        <ele>10.3999996185302734375</ele>
        <time>2026-10-04T06:46:01.000Z</time>
        <extensions>
          <ns3:TrackPointExtension>
            <ns3:hr>96</ns3:hr>
            <ns3:cad>52</ns3:cad>
          </ns3:TrackPointExtension>
        </extensions>
      </trkpt>
      <trkpt lat="31.2894178926944732666015625" lon="121.4937852881848812103271484375">
        <ele>10.3999996185302734375</ele>
        <time>2026-10-04T06:46:02.000Z</time>
        <extensions>
          <ns3:TrackPointExtension>
            <ns3:hr>95</ns3:hr>
            <ns3:cad>52</ns3:cad>
          </ns3:TrackPointExtension>
        </extensions>
      </trkpt>
      <trkpt lat="31.28938637673854827880859375" lon="121.49375326931476593017578125">
        <ele>10.3999996185302734375</ele>
        <time>2026-10-04T06:46:06.000Z</time>
        <extensions>
          <ns3:TrackPointExtension>
            <ns3:hr>94</ns3:hr>
            <ns3:cad>54</ns3:cad>
          </ns3:TrackPointExtension>
        </extensions>
      </trkpt>
      <trkpt lat="31.28936634398996829986572265625" lon="121.4937313087284564971923828125">
        <ele>10.6000003814697265625</ele>
        <time>2026-10-04T06:46:08.000Z</time>
        <extensions>
          <ns3:TrackPointExtension>
            <ns3:hr>94</ns3:hr>
            <ns3:cad>0</ns3:cad>
          </ns3:TrackPointExtension>
        </extensions>
      </trkpt>
      <trkpt lat="31.28933281637728214263916015625" lon="121.493690572679042816162109375">
        <ele>10.6000003814697265625</ele>
        <time>2026-10-04T06:46:12.000Z</time>
        <extensions>
          <ns3:TrackPointExtension>
            <ns3:hr>93</ns3:hr>
            <ns3:cad>0</ns3:cad>
          </ns3:TrackPointExtension>
        </extensions>
      </trkpt>
      <trkpt lat="31.28930591046810150146484375" lon="121.49367640726268291473388671875">
        <ele>10.80000019073486328125</ele>
        <time>2026-10-04T06:46:16.000Z</time>
        <extensions>
          <ns3:TrackPointExtension>
            <ns3:hr>93</ns3:hr>
            <ns3:cad>54</ns3:cad>
          </ns3:TrackPointExtension>
        </extensions>
      </trkpt>
      <trkpt lat="31.28922200761735439300537109375" lon="121.49361153133213520050048828125">
        <ele>11.19999980926513671875</ele>
        <time>2026-10-04T06:46:26.000Z</time>
        <extensions>
          <ns3:TrackPointExtension>
            <ns3:hr>88</ns3:hr>
            <ns3:cad>55</ns3:cad>
          </ns3:TrackPointExtension>
        </extensions>
      </trkpt>
      <trkpt lat="31.28917825408279895782470703125" lon="121.49356526322662830352783203125">
        <ele>11.19999980926513671875</ele>
        <time>2026-10-04T06:46:31.000Z</time>
        <extensions>
          <ns3:TrackPointExtension>
            <ns3:hr>85</ns3:hr>
            <ns3:cad>54</ns3:cad>
          </ns3:TrackPointExtension>
        </extensions>
      </trkpt>
      <trkpt lat="31.2891575507819652557373046875" lon="121.49355746805667877197265625">
        <ele>11.3999996185302734375</ele>
        <time>2026-10-04T06:46:35.000Z</time>
        <extensions>
          <ns3:TrackPointExtension>
            <ns3:hr>83</ns3:hr>
            <ns3:cad>55</ns3:cad>
          </ns3:TrackPointExtension>
        </extensions>
      </trkpt>
      <trkpt lat="31.28912997432053089141845703125" lon="121.49358772672712802886962890625">
        <ele>11.6000003814697265625</ele>
        <time>2026-10-04T06:46:38.000Z</time>
        <extensions>
          <ns3:TrackPointExtension>
            <ns3:hr>80</ns3:hr>
            <ns3:cad>55</ns3:cad>
          </ns3:TrackPointExtension>
        </extensions>
      </trkpt>
      <trkpt lat="31.28908789716660976409912109375" lon="121.49359527043998241424560546875">
        <ele>12</ele>
        <time>2026-10-04T06:46:41.000Z</time>
        <extensions>
          <ns3:TrackPointExtension>
            <ns3:hr>78</ns3:hr>
            <ns3:cad>53</ns3:cad>
          </ns3:TrackPointExtension>
        </extensions>
      </trkpt>
      <trkpt lat="31.2890891544520854949951171875" lon="121.49361924268305301666259765625">
        <ele>12.19999980926513671875</ele>
        <time>2026-10-04T06:46:46.000Z</time>
        <extensions>
          <ns3:TrackPointExtension>
            <ns3:hr>78</ns3:hr>
            <ns3:cad>51</ns3:cad>
          </ns3:TrackPointExtension>
        </extensions>
      </trkpt>
      <trkpt lat="31.28910197876393795013427734375" lon="121.49363969452679157257080078125">
        <ele>12</ele>
        <time>2026-10-04T06:46:50.000Z</time>
        <extensions>
          <ns3:TrackPointExtension>
            <ns3:hr>78</ns3:hr>
            <ns3:cad>0</ns3:cad>
          </ns3:TrackPointExtension>
        </extensions>
      </trkpt>
      <trkpt lat="31.28909510560333728790283203125" lon="121.4936159737408161163330078125">
        <ele>12</ele>
        <time>2026-10-04T06:46:53.000Z</time>
        <extensions>
          <ns3:TrackPointExtension>
            <ns3:hr>75</ns3:hr>
            <ns3:cad>52</ns3:cad>
          </ns3:TrackPointExtension>
        </extensions>
      </trkpt>
      <trkpt lat="31.28907180391252040863037109375" lon="121.493590660393238067626953125">
        <ele>12.19999980926513671875</ele>
        <time>2026-10-04T06:46:56.000Z</time>
        <extensions>
          <ns3:TrackPointExtension>
            <ns3:hr>77</ns3:hr>
            <ns3:cad>0</ns3:cad>
          </ns3:TrackPointExtension>
        </extensions>
      </trkpt>
      <trkpt lat="31.2890901602804660797119140625" lon="121.493565849959850311279296875">
        <ele>12</ele>
        <time>2026-10-04T06:47:00.000Z</time>
        <extensions>
          <ns3:TrackPointExtension>
            <ns3:hr>78</ns3:hr>
            <ns3:cad>52</ns3:cad>
          </ns3:TrackPointExtension>
        </extensions>
      </trkpt>
      <trkpt lat="31.289095692336559295654296875" lon="121.49355386383831501007080078125">
        <ele>11.80000019073486328125</ele>
        <time>2026-10-04T06:47:02.000Z</time>
        <extensions>
          <ns3:TrackPointExtension>
            <ns3:hr>75</ns3:hr>
            <ns3:cad>52</ns3:cad>
          </ns3:TrackPointExtension>
        </extensions>
      </trkpt>
      <trkpt lat="31.28908823244273662567138671875" lon="121.49350784718990325927734375">
        <ele>11.80000019073486328125</ele>
        <time>2026-10-04T06:47:07.000Z</time>
        <extensions>
          <ns3:TrackPointExtension>
            <ns3:hr>75</ns3:hr>
            <ns3:cad>54</ns3:cad>
          </ns3:TrackPointExtension>
        </extensions>
      </trkpt>
      <trkpt lat="31.28904037177562713623046875" lon="121.49341371841728687286376953125">
        <ele>11.80000019073486328125</ele>
        <time>2026-10-04T06:47:11.000Z</time>
        <extensions>
          <ns3:TrackPointExtension>
            <ns3:hr>73</ns3:hr>
            <ns3:cad>82</ns3:cad>
          </ns3:TrackPointExtension>
        </extensions>
      </trkpt>
      <trkpt lat="31.28895345143973827362060546875" lon="121.49329125881195068359375">
        <ele>11.80000019073486328125</ele>
        <time>2026-10-04T06:47:16.000Z</time>
        <extensions>
          <ns3:TrackPointExtension>
            <ns3:hr>79</ns3:hr>
            <ns3:cad>83</ns3:cad>
          </ns3:TrackPointExtension>
        </extensions>
      </trkpt>
      <trkpt lat="31.28895345143973827362060546875" lon="121.49329125881195068359375">
        <ele>11.80000019073486328125</ele>
        <time>2026-10-04T06:47:17.000Z</time>
        <extensions>
          <ns3:TrackPointExtension>
            <ns3:hr>79</ns3:hr>
            <ns3:cad>83</ns3:cad>
          </ns3:TrackPointExtension>
        </extensions>
      </trkpt>
      <trkpt lat="31.2889349274337291717529296875" lon="121.49326954968273639678955078125">
        <ele>11.80000019073486328125</ele>
        <time>2026-10-04T06:47:18.000Z</time>
        <extensions>
          <ns3:TrackPointExtension>
            <ns3:hr>82</ns3:hr>
            <ns3:cad>83</ns3:cad>
          </ns3:TrackPointExtension>
        </extensions>
      </trkpt>
      <trkpt lat="31.28886192105710506439208984375" lon="121.49320207536220550537109375">
        <ele>11.80000019073486328125</ele>
        <time>2026-10-04T06:47:22.000Z</time>
        <extensions>
          <ns3:TrackPointExtension>
            <ns3:hr>85</ns3:hr>
            <ns3:cad>84</ns3:cad>
          </ns3:TrackPointExtension>
        </extensions>
      </trkpt>
      <trkpt lat="31.28883157856762409210205078125" lon="121.493156813085079193115234375">
        <ele>11.80000019073486328125</ele>
        <time>2026-10-04T06:47:24.000Z</time>
        <extensions>
          <ns3:TrackPointExtension>
            <ns3:hr>89</ns3:hr>
            <ns3:cad>84</ns3:cad>
          </ns3:TrackPointExtension>
        </extensions>
      </trkpt>
      <trkpt lat="31.2888165749609470367431640625" lon="121.4931351877748966217041015625">
        <ele>11.6000003814697265625</ele>
        <time>2026-10-04T06:47:25.000Z</time>
        <extensions>
          <ns3:TrackPointExtension>
            <ns3:hr>90</ns3:hr>
            <ns3:cad>83</ns3:cad>
          </ns3:TrackPointExtension>
        </extensions>
      </trkpt>
      <trkpt lat="31.28880576230585575103759765625" lon="121.493109874427318572998046875">
        <ele>11.3999996185302734375</ele>
        <time>2026-10-04T06:47:26.000Z</time>
        <extensions>
          <ns3:TrackPointExtension>
            <ns3:hr>93</ns3:hr>
            <ns3:cad>83</ns3:cad>
          </ns3:TrackPointExtension>
        </extensions>
      </trkpt>
      <trkpt lat="31.288781203329563140869140625" lon="121.49305983446538448333740234375">
        <ele>11</ele>
        <time>2026-10-04T06:47:28.000Z</time>
        <extensions>
          <ns3:TrackPointExtension>
            <ns3:hr>96</ns3:hr>
            <ns3:cad>82</ns3:cad>
          </ns3:TrackPointExtension>
        </extensions>
      </trkpt>
      <trkpt lat="31.2887609191238880157470703125" lon="121.493002586066722869873046875">
        <ele>10.80000019073486328125</ele>
        <time>2026-10-04T06:47:30.000Z</time>
        <extensions>
          <ns3:TrackPointExtension>
            <ns3:hr>100</ns3:hr>
            <ns3:cad>83</ns3:cad>
          </ns3:TrackPointExtension>
        </extensions>
      </trkpt>
      <trkpt lat="31.28875471651554107666015625" lon="121.49296738207340240478515625">
        <ele>10.80000019073486328125</ele>
        <time>2026-10-04T06:47:31.000Z</time>
        <extensions>
          <ns3:TrackPointExtension>
            <ns3:hr>101</ns3:hr>
            <ns3:cad>83</ns3:cad>
          </ns3:TrackPointExtension>
        </extensions>
      </trkpt>
      <trkpt lat="31.2887642718851566314697265625" lon="121.49291985668241977691650390625">
        <ele>10.6000003814697265625</ele>
        <time>2026-10-04T06:47:33.000Z</time>
        <extensions>
          <ns3:TrackPointExtension>
            <ns3:hr>104</ns3:hr>
            <ns3:cad>83</ns3:cad>
          </ns3:TrackPointExtension>
        </extensions>
      </trkpt>
      <trkpt lat="31.28878329880535602569580078125" lon="121.49290527217090129852294921875">
        <ele>10.6000003814697265625</ele>
        <time>2026-10-04T06:47:35.000Z</time>
        <extensions>
          <ns3:TrackPointExtension>
            <ns3:hr>105</ns3:hr>
            <ns3:cad>84</ns3:cad>
          </ns3:TrackPointExtension>
        </extensions>
      </trkpt>
      <trkpt lat="31.2888009846210479736328125" lon="121.492897979915142059326171875">
        <ele>10.3999996185302734375</ele>
        <time>2026-10-04T06:47:36.000Z</time>
        <extensions>
          <ns3:TrackPointExtension>
            <ns3:hr>106</ns3:hr>
            <ns3:cad>84</ns3:cad>
          </ns3:TrackPointExtension>
        </extensions>
      </trkpt>
      <trkpt lat="31.2888554669916629791259765625" lon="121.492871157824993133544921875">
        <ele>10.19999980926513671875</ele>
        <time>2026-10-04T06:47:41.000Z</time>
        <extensions>
          <ns3:TrackPointExtension>
            <ns3:hr>105</ns3:hr>
            <ns3:cad>55</ns3:cad>
          </ns3:TrackPointExtension>
        </extensions>
      </trkpt>
      <trkpt lat="31.28887541592121124267578125" lon="121.4928756840527057647705078125">
        <ele>10.19999980926513671875</ele>
        <time>2026-10-04T06:47:43.000Z</time>
        <extensions>
          <ns3:TrackPointExtension>
            <ns3:hr>105</ns3:hr>
            <ns3:cad>55</ns3:cad>
          </ns3:TrackPointExtension>
        </extensions>
      </trkpt>
      <trkpt lat="31.28894825465977191925048828125" lon="121.4928673021495342254638671875">
        <ele>10</ele>
        <time>2026-10-04T06:47:48.000Z</time>
        <extensions>
          <ns3:TrackPointExtension>
            <ns3:hr>103</ns3:hr>
            <ns3:cad>55</ns3:cad>
          </ns3:TrackPointExtension>
        </extensions>
      </trkpt>
      <trkpt lat="31.288992427289485931396484375" lon="121.49287090636789798736572265625">
        <ele>10</ele>
        <time>2026-10-04T06:47:50.000Z</time>
        <extensions>
          <ns3:TrackPointExtension>
            <ns3:hr>104</ns3:hr>
            <ns3:cad>55</ns3:cad>
          </ns3:TrackPointExtension>
        </extensions>
      </trkpt>
      <trkpt lat="31.28914237953722476959228515625" lon="121.49283989332616329193115234375">
        <ele>9.80000019073486328125</ele>
        <time>2026-10-04T06:47:57.000Z</time>
        <extensions>
          <ns3:TrackPointExtension>
            <ns3:hr>103</ns3:hr>
            <ns3:cad>82</ns3:cad>
          </ns3:TrackPointExtension>
        </extensions>
      </trkpt>
      <trkpt lat="31.28928520716726779937744140625" lon="121.492777280509471893310546875">
        <ele>11.19999980926513671875</ele>
        <time>2026-10-04T06:48:04.000Z</time>
        <extensions>
          <ns3:TrackPointExtension>
            <ns3:hr>100</ns3:hr>
            <ns3:cad>84</ns3:cad>
          </ns3:TrackPointExtension>
        </extensions>
      </trkpt>
      <trkpt lat="31.28930934704840183258056640625" lon="121.49264627136290073394775390625">
        <ele>11.80000019073486328125</ele>
        <time>2026-10-04T06:48:09.000Z</time>
        <extensions>
          <ns3:TrackPointExtension>
            <ns3:hr>101</ns3:hr>
            <ns3:cad>83</ns3:cad>
          </ns3:TrackPointExtension>
        </extensions>
      </trkpt>
      <trkpt lat="31.28932912833988666534423828125" lon="121.4924368076026439666748046875">
        <ele>11.6000003814697265625</ele>
        <time>2026-10-04T06:48:16.000Z</time>
        <extensions>
          <ns3:TrackPointExtension>
            <ns3:hr>101</ns3:hr>
            <ns3:cad>83</ns3:cad>
          </ns3:TrackPointExtension>
        </extensions>
      </trkpt>
      <trkpt lat="31.2893228419125080108642578125" lon="121.49240789003670215606689453125">
        <ele>11.3999996185302734375</ele>
        <time>2026-10-04T06:48:18.000Z</time>
        <extensions>
          <ns3:TrackPointExtension>
            <ns3:hr>104</ns3:hr>
            <ns3:cad>83</ns3:cad>
          </ns3:TrackPointExtension>
        </extensions>
      </trkpt>
      <trkpt lat="31.28932644613087177276611328125" lon="121.4923630468547344207763671875">
        <ele>11.19999980926513671875</ele>
        <time>2026-10-04T06:48:20.000Z</time>
        <extensions>
          <ns3:TrackPointExtension>
            <ns3:hr>105</ns3:hr>
            <ns3:cad>83</ns3:cad>
          </ns3:TrackPointExtension>
        </extensions>
      </trkpt>
      <trkpt lat="31.28932728432118892669677734375" lon="121.49231568910181522369384765625">
        <ele>10.80000019073486328125</ele>
        <time>2026-10-04T06:48:22.000Z</time>
        <extensions>
          <ns3:TrackPointExtension>
            <ns3:hr>106</ns3:hr>
            <ns3:cad>83</ns3:cad>
          </ns3:TrackPointExtension>
        </extensions>
      </trkpt>
      <trkpt lat="31.28932963125407695770263671875" lon="121.49225031025707721710205078125">
        <ele>10.3999996185302734375</ele>
        <time>2026-10-04T06:48:24.000Z</time>
        <extensions>
          <ns3:TrackPointExtension>
            <ns3:hr>109</ns3:hr>
            <ns3:cad>83</ns3:cad>
          </ns3:TrackPointExtension>
        </extensions>
      </trkpt>
      <trkpt lat="31.2893476523458957672119140625" lon="121.492089293897151947021484375">
        <ele>8.80000019073486328125</ele>
        <time>2026-10-04T06:48:29.000Z</time>
        <extensions>
          <ns3:TrackPointExtension>
            <ns3:hr>112</ns3:hr>
            <ns3:cad>83</ns3:cad>
          </ns3:TrackPointExtension>
        </extensions>
      </trkpt>
      <trkpt lat="31.28935377113521099090576171875" lon="121.49205802939832210540771484375">
        <ele>8.6000003814697265625</ele>
        <time>2026-10-04T06:48:30.000Z</time>
        <extensions>
          <ns3:TrackPointExtension>
            <ns3:hr>112</ns3:hr>
            <ns3:cad>83</ns3:cad>
          </ns3:TrackPointExtension>
        </extensions>
      </trkpt>
      <trkpt lat="31.2893915735185146331787109375" lon="121.4918976835906505584716796875">
        <ele>7</ele>
        <time>2026-10-04T06:48:35.000Z</time>
        <extensions>
          <ns3:TrackPointExtension>
            <ns3:hr>114</ns3:hr>
            <ns3:cad>84</ns3:cad>
          </ns3:TrackPointExtension>
        </extensions>
      </trkpt>
      <trkpt lat="31.28945435397326946258544921875" lon="121.49184127338230609893798828125">
        <ele>6.599999904632568359375</ele>
        <time>2026-10-04T06:48:38.000Z</time>
        <extensions>
          <ns3:TrackPointExtension>
            <ns3:hr>117</ns3:hr>
            <ns3:cad>83</ns3:cad>
          </ns3:TrackPointExtension>
        </extensions>
      </trkpt>
      <trkpt lat="31.28948972560465335845947265625" lon="121.49184278212487697601318359375">
        <ele>6.599999904632568359375</ele>
        <time>2026-10-04T06:48:39.000Z</time>
        <extensions>
          <ns3:TrackPointExtension>
            <ns3:hr>118</ns3:hr>
            <ns3:cad>83</ns3:cad>
          </ns3:TrackPointExtension>
        </extensions>
      </trkpt>
      <trkpt lat="31.289511434733867645263671875" lon="121.49184479378163814544677734375">
        <ele>6.400000095367431640625</ele>
        <time>2026-10-04T06:48:40.000Z</time>
        <extensions>
          <ns3:TrackPointExtension>
            <ns3:hr>118</ns3:hr>
            <ns3:cad>84</ns3:cad>
          </ns3:TrackPointExtension>
        </extensions>
      </trkpt>
      <trkpt lat="31.28956516273319721221923828125" lon="121.4918665029108524322509765625">
        <ele>6.19999980926513671875</ele>
        <time>2026-10-04T06:48:43.000Z</time>
        <extensions>
          <ns3:TrackPointExtension>
            <ns3:hr>120</ns3:hr>
            <ns3:cad>83</ns3:cad>
          </ns3:TrackPointExtension>
        </extensions>
      </trkpt>
      <trkpt lat="31.2896633148193359375" lon="121.49190363474190235137939453125">
        <ele>6.19999980926513671875</ele>
        <time>2026-10-04T06:48:48.000Z</time>
        <extensions>
          <ns3:TrackPointExtension>
            <ns3:hr>120</ns3:hr>
            <ns3:cad>82</ns3:cad>
          </ns3:TrackPointExtension>
        </extensions>
      </trkpt>
      <trkpt lat="31.28972173668444156646728515625" lon="121.49193146266043186187744140625">
        <ele>6.400000095367431640625</ele>
        <time>2026-10-04T06:48:53.000Z</time>
        <extensions>
          <ns3:TrackPointExtension>
            <ns3:hr>120</ns3:hr>
            <ns3:cad>0</ns3:cad>
          </ns3:TrackPointExtension>
        </extensions>
      </trkpt>
      <trkpt lat="31.289762221276760101318359375" lon="121.491915620863437652587890625">
        <ele>6.400000095367431640625</ele>
        <time>2026-10-04T06:48:58.000Z</time>
        <extensions>
          <ns3:TrackPointExtension>
            <ns3:hr>123</ns3:hr>
            <ns3:cad>53</ns3:cad>
          </ns3:TrackPointExtension>
        </extensions>
      </trkpt>
      <trkpt lat="31.289764903485774993896484375" lon="121.4919043891131877899169921875">
        <ele>6.599999904632568359375</ele>
        <time>2026-10-04T06:48:59.000Z</time>
        <extensions>
          <ns3:TrackPointExtension>
            <ns3:hr>123</ns3:hr>
            <ns3:cad>54</ns3:cad>
          </ns3:TrackPointExtension>
        </extensions>
      </trkpt>
      <trkpt lat="31.289776973426342010498046875" lon="121.49187211878597736358642578125">
        <ele>6.599999904632568359375</ele>
        <time>2026-10-04T06:49:02.000Z</time>
        <extensions>
          <ns3:TrackPointExtension>
            <ns3:hr>120</ns3:hr>
            <ns3:cad>54</ns3:cad>
          </ns3:TrackPointExtension>
        </extensions>
      </trkpt>
      <trkpt lat="31.28977739252150058746337890625" lon="121.49182450957596302032470703125">
        <ele>6.80000019073486328125</ele>
        <time>2026-10-04T06:49:05.000Z</time>
        <extensions>
          <ns3:TrackPointExtension>
            <ns3:hr>117</ns3:hr>
            <ns3:cad>57</ns3:cad>
          </ns3:TrackPointExtension>
        </extensions>
      </trkpt>
      <trkpt lat="31.289782337844371795654296875" lon="121.491790898144245147705078125">
        <ele>7</ele>
        <time>2026-10-04T06:49:07.000Z</time>
        <extensions>
          <ns3:TrackPointExtension>
            <ns3:hr>117</ns3:hr>
            <ns3:cad>57</ns3:cad>
          </ns3:TrackPointExtension>
        </extensions>
      </trkpt>
      <trkpt lat="31.289813183248043060302734375" lon="121.49174370802938938140869140625">
        <ele>7.19999980926513671875</ele>
        <time>2026-10-04T06:49:10.000Z</time>
        <extensions>
          <ns3:TrackPointExtension>
            <ns3:hr>116</ns3:hr>
            <ns3:cad>56</ns3:cad>
          </ns3:TrackPointExtension>
        </extensions>
      </trkpt>
      <trkpt lat="31.28983162343502044677734375" lon="121.49173348210752010345458984375">
        <ele>7.400000095367431640625</ele>
        <time>2026-10-04T06:49:14.000Z</time>
        <extensions>
          <ns3:TrackPointExtension>
            <ns3:hr>114</ns3:hr>
            <ns3:cad>57</ns3:cad>
          </ns3:TrackPointExtension>
        </extensions>
      </trkpt>
      <trkpt lat="31.2898482196033000946044921875" lon="121.4917260222136974334716796875">
        <ele>7.400000095367431640625</ele>
        <time>2026-10-04T06:49:16.000Z</time>
        <extensions>
          <ns3:TrackPointExtension>
            <ns3:hr>115</ns3:hr>
            <ns3:cad>53</ns3:cad>
          </ns3:TrackPointExtension>
        </extensions>
      </trkpt>
      <trkpt lat="31.28988032229244709014892578125" lon="121.4917149581015110015869140625">
        <ele>7.599999904632568359375</ele>
        <time>2026-10-04T06:49:20.000Z</time>
        <extensions>
          <ns3:TrackPointExtension>
            <ns3:hr>117</ns3:hr>
            <ns3:cad>54</ns3:cad>
          </ns3:TrackPointExtension>
        </extensions>
      </trkpt>
      <trkpt lat="31.28992089070379734039306640625" lon="121.49173624813556671142578125">
        <ele>7.599999904632568359375</ele>
        <time>2026-10-04T06:49:23.000Z</time>
        <extensions>
          <ns3:TrackPointExtension>
            <ns3:hr>117</ns3:hr>
            <ns3:cad>57</ns3:cad>
          </ns3:TrackPointExtension>
        </extensions>
      </trkpt>
      <trkpt lat="31.289950311183929443359375" lon="121.49176734499633312225341796875">
        <ele>7.80000019073486328125</ele>
        <time>2026-10-04T06:49:27.000Z</time>
        <extensions>
          <ns3:TrackPointExtension>
            <ns3:hr>116</ns3:hr>
            <ns3:cad>54</ns3:cad>
          </ns3:TrackPointExtension>
        </extensions>
      </trkpt>
      <trkpt lat="31.28999431617558002471923828125" lon="121.49171068333089351654052734375">
        <ele>8.19999980926513671875</ele>
        <time>2026-10-04T06:49:32.000Z</time>
        <extensions>
          <ns3:TrackPointExtension>
            <ns3:hr>114</ns3:hr>
            <ns3:cad>55</ns3:cad>
          </ns3:TrackPointExtension>
        </extensions>
      </trkpt>
      <trkpt lat="31.28999968059360980987548828125" lon="121.49164396338164806365966796875">
        <ele>8.19999980926513671875</ele>
        <time>2026-10-04T06:49:39.000Z</time>
        <extensions>
          <ns3:TrackPointExtension>
            <ns3:hr>110</ns3:hr>
            <ns3:cad>51</ns3:cad>
          </ns3:TrackPointExtension>
        </extensions>
      </trkpt>
      <trkpt lat="31.28999733366072177886962890625" lon="121.491540782153606414794921875">
        <ele>8.6000003814697265625</ele>
        <time>2026-10-04T06:49:45.000Z</time>
        <extensions>
          <ns3:TrackPointExtension>
            <ns3:hr>110</ns3:hr>
            <ns3:cad>0</ns3:cad>
          </ns3:TrackPointExtension>
        </extensions>
      </trkpt>
      <trkpt lat="31.2900026142597198486328125" lon="121.49150767363607883453369140625">
        <ele>8.80000019073486328125</ele>
        <time>2026-10-04T06:49:46.000Z</time>
        <extensions>
          <ns3:TrackPointExtension>
            <ns3:hr>109</ns3:hr>
            <ns3:cad>0</ns3:cad>
          </ns3:TrackPointExtension>
        </extensions>
      </trkpt>
      <trkpt lat="31.28999766893684864044189453125" lon="121.491263173520565032958984375">
        <ele>8.6000003814697265625</ele>
        <time>2026-10-04T06:49:53.000Z</time>
        <extensions>
          <ns3:TrackPointExtension>
            <ns3:hr>106</ns3:hr>
            <ns3:cad>85</ns3:cad>
          </ns3:TrackPointExtension>
        </extensions>
      </trkpt>
      <trkpt lat="31.2899943999946117401123046875" lon="121.49122369475662708282470703125">
        <ele>8.3999996185302734375</ele>
        <time>2026-10-04T06:49:54.000Z</time>
        <extensions>
          <ns3:TrackPointExtension>
            <ns3:hr>107</ns3:hr>
            <ns3:cad>85</ns3:cad>
          </ns3:TrackPointExtension>
        </extensions>
      </trkpt>
      <trkpt lat="31.28999649547040462493896484375" lon="121.4909850619733333587646484375">
        <ele>7.599999904632568359375</ele>
        <time>2026-10-04T06:50:02.000Z</time>
        <extensions>
          <ns3:TrackPointExtension>
            <ns3:hr>108</ns3:hr>
            <ns3:cad>84</ns3:cad>
          </ns3:TrackPointExtension>
        </extensions>
      </trkpt>
      <trkpt lat="31.289971433579921722412109375" lon="121.49075984023511409759521484375">
        <ele>6.599999904632568359375</ele>
        <time>2026-10-04T06:50:09.000Z</time>
        <extensions>
          <ns3:TrackPointExtension>
            <ns3:hr>107</ns3:hr>
            <ns3:cad>85</ns3:cad>
          </ns3:TrackPointExtension>
        </extensions>
      </trkpt>
      <trkpt lat="31.28997051157057285308837890625" lon="121.49073234759271144866943359375">
        <ele>6.599999904632568359375</ele>
        <time>2026-10-04T06:50:10.000Z</time>
        <extensions>
          <ns3:TrackPointExtension>
            <ns3:hr>107</ns3:hr>
            <ns3:cad>85</ns3:cad>
          </ns3:TrackPointExtension>
        </extensions>
      </trkpt>
      <trkpt lat="31.289962716400623321533203125" lon="121.49056772701442241668701171875">
        <ele>6</ele>
        <time>2026-10-04T06:50:16.000Z</time>
        <extensions>
          <ns3:TrackPointExtension>
            <ns3:hr>110</ns3:hr>
            <ns3:cad>85</ns3:cad>
          </ns3:TrackPointExtension>
        </extensions>
      </trkpt>
      <trkpt lat="31.28996095620095729827880859375" lon="121.49047519080340862274169921875">
        <ele>6</ele>
        <time>2026-10-04T06:50:19.000Z</time>
        <extensions>
          <ns3:TrackPointExtension>
            <ns3:hr>112</ns3:hr>
            <ns3:cad>84</ns3:cad>
          </ns3:TrackPointExtension>
        </extensions>
      </trkpt>
      <trkpt lat="31.2899568490684032440185546875" lon="121.4903493784368038177490234375">
        <ele>6.599999904632568359375</ele>
        <time>2026-10-04T06:50:23.000Z</time>
        <extensions>
          <ns3:TrackPointExtension>
            <ns3:hr>115</ns3:hr>
            <ns3:cad>85</ns3:cad>
          </ns3:TrackPointExtension>
        </extensions>
      </trkpt>
      <trkpt lat="31.28995366394519805908203125" lon="121.490208394825458526611328125">
        <ele>7</ele>
        <time>2026-10-04T06:50:28.000Z</time>
        <extensions>
          <ns3:TrackPointExtension>
            <ns3:hr>118</ns3:hr>
            <ns3:cad>84</ns3:cad>
          </ns3:TrackPointExtension>
        </extensions>
      </trkpt>
      <trkpt lat="31.289951317012310028076171875" lon="121.49018249474465847015380859375">
        <ele>7</ele>
        <time>2026-10-04T06:50:29.000Z</time>
        <extensions>
          <ns3:TrackPointExtension>
            <ns3:hr>118</ns3:hr>
            <ns3:cad>84</ns3:cad>
          </ns3:TrackPointExtension>
        </extensions>
      </trkpt>
      <trkpt lat="31.28995290957391262054443359375" lon="121.4899988472461700439453125">
        <ele>7</ele>
        <time>2026-10-04T06:50:35.000Z</time>
        <extensions>
          <ns3:TrackPointExtension>
            <ns3:hr>121</ns3:hr>
            <ns3:cad>85</ns3:cad>
          </ns3:TrackPointExtension>
        </extensions>
      </trkpt>
      <trkpt lat="31.2899508140981197357177734375" lon="121.4899450354278087615966796875">
        <ele>7</ele>
        <time>2026-10-04T06:50:36.000Z</time>
        <extensions>
          <ns3:TrackPointExtension>
            <ns3:hr>121</ns3:hr>
            <ns3:cad>85</ns3:cad>
          </ns3:TrackPointExtension>
        </extensions>
      </trkpt>
      <trkpt lat="31.28997939638793468475341796875" lon="121.48983665741980075836181640625">
        <ele>6.80000019073486328125</ele>
        <time>2026-10-04T06:50:42.000Z</time>
        <extensions>
          <ns3:TrackPointExtension>
            <ns3:hr>123</ns3:hr>
            <ns3:cad>84</ns3:cad>
          </ns3:TrackPointExtension>
        </extensions>
      </trkpt>
      <trkpt lat="31.28998090513050556182861328125" lon="121.48982651531696319580078125">
        <ele>6.80000019073486328125</ele>
        <time>2026-10-04T06:50:43.000Z</time>
        <extensions>
          <ns3:TrackPointExtension>
            <ns3:hr>123</ns3:hr>
            <ns3:cad>67</ns3:cad>
          </ns3:TrackPointExtension>
        </extensions>
      </trkpt>
    </trkseg>
  </trk>
</gpx>
